{"type": "FeatureCollection", "name": "regioes_tributacao_peixoto_local", "properties": {"source": "MAPA TRIBUTAÇÃO 2021 (1).dxf", "local_crs": true, "note": "Coordenadas locais do CAD (metros relativos). Use georef.html para georreferenciar antes de sobrepor satelite."}, "features": [{"type": "Feature", "properties": {"layer": "REGIAO_POLILINHAS"}, "geometry": {"type": "LineString", "coordinates": [[7716.8063, 4273.268], [7723.2995, 4280.8732]]}}, {"type": "Feature", "properties": {"layer": "REGIAO_POLILINHAS"}, "geometry": {"type": "LineString", "coordinates": [[7723.2995, 4280.8732], [7738.5098, 4267.8869]]}}, {"type": "Feature", "properties": {"layer": "REGIAO_POLILINHAS"}, "geometry": {"type": "LineString", "coordinates": [[7738.5098, 4267.8869], [7732.0167, 4260.2817]]}}, {"type": "Feature", "properties": {"layer": "REGIAO_POLILINHAS"}, "geometry": {"type": "LineString", "coordinates": [[7732.0167, 4260.2817], [7716.8063, 4273.268]]}}, {"type": "Feature", "properties": {"layer": "REGIAO_POLILINHAS"}, "geometry": {"type": "LineString", "coordinates": [[7710.3132, 4265.6628], [7716.8063, 4273.268]]}}, {"type": "Feature", "properties": {"layer": "REGIAO_POLILINHAS"}, "geometry": {"type": "LineString", "coordinates": [[7716.8063, 4273.268], [7732.0167, 4260.2817]]}}, {"type": "Feature", "properties": {"layer": "REGIAO_POLILINHAS"}, "geometry": {"type": "LineString", "coordinates": [[7732.0167, 4260.2817], [7725.5235, 4252.6765]]}}, {"type": "Feature", "properties": {"layer": "REGIAO_POLILINHAS"}, "geometry": {"type": "LineString", "coordinates": [[7725.5235, 4252.6765], [7710.3132, 4265.6628]]}}, {"type": "Feature", "properties": {"layer": "REGIAO_POLILINHAS"}, "geometry": {"type": "LineString", "coordinates": [[7703.82, 4258.0577], [7710.3132, 4265.6628]]}}, {"type": "Feature", "properties": {"layer": "REGIAO_POLILINHAS"}, "geometry": {"type": "LineString", "coordinates": [[7710.3132, 4265.6628], [7725.5235, 4252.6765]]}}, {"type": "Feature", "properties": {"layer": "REGIAO_POLILINHAS"}, "geometry": {"type": "LineString", "coordinates": [[7725.5235, 4252.6765], [7719.0304, 4245.0713]]}}, {"type": "Feature", "properties": {"layer": "REGIAO_POLILINHAS"}, "geometry": {"type": "LineString", "coordinates": [[7719.0304, 4245.0713], [7703.82, 4258.0577]]}}, {"type": "Feature", "properties": {"layer": "REGIAO_POLILINHAS"}, "geometry": {"type": "LineString", "coordinates": [[7697.3268, 4250.4525], [7703.82, 4258.0577]]}}, {"type": "Feature", "properties": {"layer": "REGIAO_POLILINHAS"}, "geometry": {"type": "LineString", "coordinates": [[7703.82, 4258.0577], [7719.0304, 4245.0713]]}}, {"type": "Feature", "properties": {"layer": "REGIAO_POLILINHAS"}, "geometry": {"type": "LineString", "coordinates": [[7719.0304, 4245.0713], [7712.5372, 4237.4662]]}}, {"type": "Feature", "properties": {"layer": "REGIAO_POLILINHAS"}, "geometry": {"type": "LineString", "coordinates": [[7712.5372, 4237.4662], [7697.3268, 4250.4525]]}}, {"type": "Feature", "properties": {"layer": "REGIAO_POLILINHAS"}, "geometry": {"type": "LineString", "coordinates": [[7706.0441, 4229.861], [7690.8337, 4242.8473]]}}, {"type": "Feature", "properties": {"layer": "REGIAO_POLILINHAS"}, "geometry": {"type": "LineString", "coordinates": [[7690.8337, 4242.8473], [7697.3268, 4250.4525]]}}, {"type": "Feature", "properties": {"layer": "REGIAO_POLILINHAS"}, "geometry": {"type": "LineString", "coordinates": [[7697.3268, 4250.4525], [7712.5372, 4237.4662]]}}, {"type": "Feature", "properties": {"layer": "REGIAO_POLILINHAS"}, "geometry": {"type": "LineString", "coordinates": [[7712.5372, 4237.4662], [7706.0441, 4229.861]]}}, {"type": "Feature", "properties": {"layer": "REGIAO_POLILINHAS"}, "geometry": {"type": "LineString", "coordinates": [[7664.8611, 4212.4265], [7690.8337, 4242.8473]]}}, {"type": "Feature", "properties": {"layer": "REGIAO_POLILINHAS"}, "geometry": {"type": "LineString", "coordinates": [[7690.8337, 4242.8473], [7706.0441, 4229.861]]}}, {"type": "Feature", "properties": {"layer": "REGIAO_POLILINHAS"}, "geometry": {"type": "LineString", "coordinates": [[7706.0441, 4229.861], [7680.0714, 4199.4402]]}}, {"type": "Feature", "properties": {"layer": "REGIAO_POLILINHAS"}, "geometry": {"type": "LineString", "coordinates": [[7680.0714, 4199.4402], [7664.8611, 4212.4265]]}}, {"type": "Feature", "properties": {"layer": "REGIAO_POLILINHAS"}, "geometry": {"type": "LineString", "coordinates": [[7658.3679, 4204.8213], [7664.8611, 4212.4265]]}}, {"type": "Feature", "properties": {"layer": "REGIAO_POLILINHAS"}, "geometry": {"type": "LineString", "coordinates": [[7664.8611, 4212.4265], [7680.0714, 4199.4402]]}}, {"type": "Feature", "properties": {"layer": "REGIAO_POLILINHAS"}, "geometry": {"type": "LineString", "coordinates": [[7680.0714, 4199.4402], [7673.5783, 4191.835]]}}, {"type": "Feature", "properties": {"layer": "REGIAO_POLILINHAS"}, "geometry": {"type": "LineString", "coordinates": [[7673.5783, 4191.835], [7658.3679, 4204.8213]]}}, {"type": "Feature", "properties": {"layer": "REGIAO_POLILINHAS"}, "geometry": {"type": "LineString", "coordinates": [[7651.8748, 4197.2161], [7658.3679, 4204.8213]]}}, {"type": "Feature", "properties": {"layer": "REGIAO_POLILINHAS"}, "geometry": {"type": "LineString", "coordinates": [[7658.3679, 4204.8213], [7673.5783, 4191.835]]}}, {"type": "Feature", "properties": {"layer": "REGIAO_POLILINHAS"}, "geometry": {"type": "LineString", "coordinates": [[7673.5783, 4191.835], [7667.0851, 4184.2298]]}}, {"type": "Feature", "properties": {"layer": "REGIAO_POLILINHAS"}, "geometry": {"type": "LineString", "coordinates": [[7667.0851, 4184.2298], [7651.8748, 4197.2161]]}}, {"type": "Feature", "properties": {"layer": "REGIAO_POLILINHAS"}, "geometry": {"type": "LineString", "coordinates": [[7740.7339, 4239.6902], [7753.7202, 4254.9006]]}}, {"type": "Feature", "properties": {"layer": "REGIAO_POLILINHAS"}, "geometry": {"type": "LineString", "coordinates": [[7753.7202, 4254.9006], [7761.3254, 4248.4075]]}}, {"type": "Feature", "properties": {"layer": "REGIAO_POLILINHAS"}, "geometry": {"type": "LineString", "coordinates": [[7761.3254, 4248.4075], [7748.3391, 4233.1971]]}}, {"type": "Feature", "properties": {"layer": "REGIAO_POLILINHAS"}, "geometry": {"type": "LineString", "coordinates": [[7748.3391, 4233.1971], [7740.7339, 4239.6902]]}}, {"type": "Feature", "properties": {"layer": "REGIAO_POLILINHAS"}, "geometry": {"type": "LineString", "coordinates": [[7748.3391, 4233.1971], [7761.3254, 4248.4075]]}}, {"type": "Feature", "properties": {"layer": "REGIAO_POLILINHAS"}, "geometry": {"type": "LineString", "coordinates": [[7761.3254, 4248.4075], [7768.9306, 4241.9143]]}}, {"type": "Feature", "properties": {"layer": "REGIAO_POLILINHAS"}, "geometry": {"type": "LineString", "coordinates": [[7768.9306, 4241.9143], [7755.9443, 4226.7039]]}}, {"type": "Feature", "properties": {"layer": "REGIAO_POLILINHAS"}, "geometry": {"type": "LineString", "coordinates": [[7755.9443, 4226.7039], [7748.3391, 4233.1971]]}}, {"type": "Feature", "properties": {"layer": "REGIAO_POLILINHAS"}, "geometry": {"type": "LineString", "coordinates": [[7755.9443, 4226.7039], [7768.9306, 4241.9143]]}}, {"type": "Feature", "properties": {"layer": "REGIAO_POLILINHAS"}, "geometry": {"type": "LineString", "coordinates": [[7768.9306, 4241.9143], [7776.5358, 4235.4211]]}}, {"type": "Feature", "properties": {"layer": "REGIAO_POLILINHAS"}, "geometry": {"type": "LineString", "coordinates": [[7776.5358, 4235.4211], [7763.5495, 4220.2108]]}}, {"type": "Feature", "properties": {"layer": "REGIAO_POLILINHAS"}, "geometry": {"type": "LineString", "coordinates": [[7763.5495, 4220.2108], [7755.9443, 4226.7039]]}}, {"type": "Feature", "properties": {"layer": "REGIAO_POLILINHAS"}, "geometry": {"type": "LineString", "coordinates": [[7763.5495, 4220.2108], [7776.5358, 4235.4211]]}}, {"type": "Feature", "properties": {"layer": "REGIAO_POLILINHAS"}, "geometry": {"type": "LineString", "coordinates": [[7776.5358, 4235.4211], [7784.141, 4228.928]]}}, {"type": "Feature", "properties": {"layer": "REGIAO_POLILINHAS"}, "geometry": {"type": "LineString", "coordinates": [[7784.141, 4228.928], [7771.1547, 4213.7176]]}}, {"type": "Feature", "properties": {"layer": "REGIAO_POLILINHAS"}, "geometry": {"type": "LineString", "coordinates": [[7771.1547, 4213.7176], [7763.5495, 4220.2108]]}}, {"type": "Feature", "properties": {"layer": "REGIAO_POLILINHAS"}, "geometry": {"type": "LineString", "coordinates": [[7771.1547, 4213.7176], [7784.141, 4228.928]]}}, {"type": "Feature", "properties": {"layer": "REGIAO_POLILINHAS"}, "geometry": {"type": "LineString", "coordinates": [[7784.141, 4228.928], [7791.7462, 4222.4348]]}}, {"type": "Feature", "properties": {"layer": "REGIAO_POLILINHAS"}, "geometry": {"type": "LineString", "coordinates": [[7791.7462, 4222.4348], [7778.7599, 4207.2244]]}}, {"type": "Feature", "properties": {"layer": "REGIAO_POLILINHAS"}, "geometry": {"type": "LineString", "coordinates": [[7778.7599, 4207.2244], [7771.1547, 4213.7176]]}}, {"type": "Feature", "properties": {"layer": "REGIAO_POLILINHAS"}, "geometry": {"type": "LineString", "coordinates": [[7778.7599, 4207.2244], [7791.7462, 4222.4348]]}}, {"type": "Feature", "properties": {"layer": "REGIAO_POLILINHAS"}, "geometry": {"type": "LineString", "coordinates": [[7791.7462, 4222.4348], [7799.3514, 4215.9417]]}}, {"type": "Feature", "properties": {"layer": "REGIAO_POLILINHAS"}, "geometry": {"type": "LineString", "coordinates": [[7799.3514, 4215.9417], [7786.3651, 4200.7313]]}}, {"type": "Feature", "properties": {"layer": "REGIAO_POLILINHAS"}, "geometry": {"type": "LineString", "coordinates": [[7786.3651, 4200.7313], [7778.7599, 4207.2244]]}}, {"type": "Feature", "properties": {"layer": "REGIAO_POLILINHAS"}, "geometry": {"type": "LineString", "coordinates": [[7786.3651, 4200.7313], [7799.3514, 4215.9417]]}}, {"type": "Feature", "properties": {"layer": "REGIAO_POLILINHAS"}, "geometry": {"type": "LineString", "coordinates": [[7799.3514, 4215.9417], [7806.9566, 4209.4485]]}}, {"type": "Feature", "properties": {"layer": "REGIAO_POLILINHAS"}, "geometry": {"type": "LineString", "coordinates": [[7806.9566, 4209.4485], [7793.9703, 4194.2381]]}}, {"type": "Feature", "properties": {"layer": "REGIAO_POLILINHAS"}, "geometry": {"type": "LineString", "coordinates": [[7793.9703, 4194.2381], [7786.3651, 4200.7313]]}}, {"type": "Feature", "properties": {"layer": "REGIAO_POLILINHAS"}, "geometry": {"type": "LineString", "coordinates": [[7793.9703, 4194.2381], [7806.9566, 4209.4485]]}}, {"type": "Feature", "properties": {"layer": "REGIAO_POLILINHAS"}, "geometry": {"type": "LineString", "coordinates": [[7806.9566, 4209.4485], [7814.5618, 4202.9554]]}}, {"type": "Feature", "properties": {"layer": "REGIAO_POLILINHAS"}, "geometry": {"type": "LineString", "coordinates": [[7814.5618, 4202.9554], [7801.5754, 4187.745]]}}, {"type": "Feature", "properties": {"layer": "REGIAO_POLILINHAS"}, "geometry": {"type": "LineString", "coordinates": [[7801.5754, 4187.745], [7793.9703, 4194.2381]]}}, {"type": "Feature", "properties": {"layer": "REGIAO_POLILINHAS"}, "geometry": {"type": "LineString", "coordinates": [[7801.5754, 4187.745], [7814.5618, 4202.9554]]}}, {"type": "Feature", "properties": {"layer": "REGIAO_POLILINHAS"}, "geometry": {"type": "LineString", "coordinates": [[7814.5618, 4202.9554], [7822.167, 4196.4622]]}}, {"type": "Feature", "properties": {"layer": "REGIAO_POLILINHAS"}, "geometry": {"type": "LineString", "coordinates": [[7822.167, 4196.4622], [7809.1806, 4181.2518]]}}, {"type": "Feature", "properties": {"layer": "REGIAO_POLILINHAS"}, "geometry": {"type": "LineString", "coordinates": [[7809.1806, 4181.2518], [7801.5754, 4187.745]]}}, {"type": "Feature", "properties": {"layer": "REGIAO_POLILINHAS"}, "geometry": {"type": "LineString", "coordinates": [[7809.1806, 4181.2518], [7822.167, 4196.4622]]}}, {"type": "Feature", "properties": {"layer": "REGIAO_POLILINHAS"}, "geometry": {"type": "LineString", "coordinates": [[7822.167, 4196.4622], [7829.7721, 4189.9691]]}}, {"type": "Feature", "properties": {"layer": "REGIAO_POLILINHAS"}, "geometry": {"type": "LineString", "coordinates": [[7829.7721, 4189.9691], [7816.7858, 4174.7587]]}}, {"type": "Feature", "properties": {"layer": "REGIAO_POLILINHAS"}, "geometry": {"type": "LineString", "coordinates": [[7816.7858, 4174.7587], [7809.1806, 4181.2518]]}}, {"type": "Feature", "properties": {"layer": "REGIAO_POLILINHAS"}, "geometry": {"type": "LineString", "coordinates": [[7824.391, 4168.2655], [7816.7858, 4174.7587]]}}, {"type": "Feature", "properties": {"layer": "REGIAO_POLILINHAS"}, "geometry": {"type": "LineString", "coordinates": [[7816.7858, 4174.7587], [7829.7721, 4189.9691]]}}, {"type": "Feature", "properties": {"layer": "REGIAO_POLILINHAS"}, "geometry": {"type": "LineString", "coordinates": [[7829.7721, 4189.9691], [7837.3773, 4183.4759]]}}, {"type": "Feature", "properties": {"layer": "REGIAO_POLILINHAS"}, "geometry": {"type": "LineString", "coordinates": [[7837.3773, 4183.4759], [7824.391, 4168.2655]]}}, {"type": "Feature", "properties": {"layer": "REGIAO_POLILINHAS"}, "geometry": {"type": "LineString", "coordinates": [[7707.1561, 4215.7626], [7713.6493, 4223.3678]]}}, {"type": "Feature", "properties": {"layer": "REGIAO_POLILINHAS"}, "geometry": {"type": "LineString", "coordinates": [[7713.6493, 4223.3678], [7728.8596, 4210.3815]]}}, {"type": "Feature", "properties": {"layer": "REGIAO_POLILINHAS"}, "geometry": {"type": "LineString", "coordinates": [[7728.8596, 4210.3815], [7722.3665, 4202.7763]]}}, {"type": "Feature", "properties": {"layer": "REGIAO_POLILINHAS"}, "geometry": {"type": "LineString", "coordinates": [[7722.3665, 4202.7763], [7707.1561, 4215.7626]]}}, {"type": "Feature", "properties": {"layer": "REGIAO_POLILINHAS"}, "geometry": {"type": "LineString", "coordinates": [[7700.663, 4208.1574], [7707.1561, 4215.7626]]}}, {"type": "Feature", "properties": {"layer": "REGIAO_POLILINHAS"}, "geometry": {"type": "LineString", "coordinates": [[7707.1561, 4215.7626], [7722.3665, 4202.7763]]}}, {"type": "Feature", "properties": {"layer": "REGIAO_POLILINHAS"}, "geometry": {"type": "LineString", "coordinates": [[7722.3665, 4202.7763], [7715.8733, 4195.1711]]}}, {"type": "Feature", "properties": {"layer": "REGIAO_POLILINHAS"}, "geometry": {"type": "LineString", "coordinates": [[7715.8733, 4195.1711], [7700.663, 4208.1574]]}}, {"type": "Feature", "properties": {"layer": "REGIAO_POLILINHAS"}, "geometry": {"type": "LineString", "coordinates": [[7694.1698, 4200.5522], [7700.663, 4208.1574]]}}, {"type": "Feature", "properties": {"layer": "REGIAO_POLILINHAS"}, "geometry": {"type": "LineString", "coordinates": [[7700.663, 4208.1574], [7715.8733, 4195.1711]]}}, {"type": "Feature", "properties": {"layer": "REGIAO_POLILINHAS"}, "geometry": {"type": "LineString", "coordinates": [[7715.8733, 4195.1711], [7709.3802, 4187.5659]]}}, {"type": "Feature", "properties": {"layer": "REGIAO_POLILINHAS"}, "geometry": {"type": "LineString", "coordinates": [[7709.3802, 4187.5659], [7694.1698, 4200.5522]]}}, {"type": "Feature", "properties": {"layer": "REGIAO_POLILINHAS"}, "geometry": {"type": "LineString", "coordinates": [[7687.6766, 4192.947], [7694.1698, 4200.5522]]}}, {"type": "Feature", "properties": {"layer": "REGIAO_POLILINHAS"}, "geometry": {"type": "LineString", "coordinates": [[7694.1698, 4200.5522], [7709.3802, 4187.5659]]}}, {"type": "Feature", "properties": {"layer": "REGIAO_POLILINHAS"}, "geometry": {"type": "LineString", "coordinates": [[7709.3802, 4187.5659], [7702.887, 4179.9607]]}}, {"type": "Feature", "properties": {"layer": "REGIAO_POLILINHAS"}, "geometry": {"type": "LineString", "coordinates": [[7702.887, 4179.9607], [7687.6766, 4192.947]]}}, {"type": "Feature", "properties": {"layer": "REGIAO_POLILINHAS"}, "geometry": {"type": "LineString", "coordinates": [[7681.1835, 4185.3419], [7687.6766, 4192.947]]}}, {"type": "Feature", "properties": {"layer": "REGIAO_POLILINHAS"}, "geometry": {"type": "LineString", "coordinates": [[7687.6766, 4192.947], [7702.887, 4179.9607]]}}, {"type": "Feature", "properties": {"layer": "REGIAO_POLILINHAS"}, "geometry": {"type": "LineString", "coordinates": [[7702.887, 4179.9607], [7696.3939, 4172.3555]]}}, {"type": "Feature", "properties": {"layer": "REGIAO_POLILINHAS"}, "geometry": {"type": "LineString", "coordinates": [[7696.3939, 4172.3555], [7681.1835, 4185.3419]]}}, {"type": "Feature", "properties": {"layer": "REGIAO_POLILINHAS"}, "geometry": {"type": "LineString", "coordinates": [[7674.6903, 4177.7367], [7681.1835, 4185.3419]]}}, {"type": "Feature", "properties": {"layer": "REGIAO_POLILINHAS"}, "geometry": {"type": "LineString", "coordinates": [[7681.1835, 4185.3419], [7696.3939, 4172.3555]]}}, {"type": "Feature", "properties": {"layer": "REGIAO_POLILINHAS"}, "geometry": {"type": "LineString", "coordinates": [[7696.3939, 4172.3555], [7689.9007, 4164.7504]]}}, {"type": "Feature", "properties": {"layer": "REGIAO_POLILINHAS"}, "geometry": {"type": "LineString", "coordinates": [[7689.9007, 4164.7504], [7674.6903, 4177.7367]]}}, {"type": "Feature", "properties": {"layer": "REGIAO_POLILINHAS"}, "geometry": {"type": "LineString", "coordinates": [[7713.6493, 4223.3678], [7720.1424, 4230.973]]}}, {"type": "Feature", "properties": {"layer": "REGIAO_POLILINHAS"}, "geometry": {"type": "LineString", "coordinates": [[7720.1424, 4230.973], [7735.3528, 4217.9867]]}}, {"type": "Feature", "properties": {"layer": "REGIAO_POLILINHAS"}, "geometry": {"type": "LineString", "coordinates": [[7735.3528, 4217.9867], [7728.8596, 4210.3815]]}}, {"type": "Feature", "properties": {"layer": "REGIAO_POLILINHAS"}, "geometry": {"type": "LineString", "coordinates": [[7728.8596, 4210.3815], [7713.6493, 4223.3678]]}}, {"type": "Feature", "properties": {"layer": "REGIAO_POLILINHAS"}, "geometry": {"type": "LineString", "coordinates": [[7722.3665, 4202.7763], [7728.8596, 4210.3815]]}}, {"type": "Feature", "properties": {"layer": "REGIAO_POLILINHAS"}, "geometry": {"type": "LineString", "coordinates": [[7728.8596, 4210.3815], [7744.07, 4197.3952]]}}, {"type": "Feature", "properties": {"layer": "REGIAO_POLILINHAS"}, "geometry": {"type": "LineString", "coordinates": [[7744.07, 4197.3952], [7737.5769, 4189.79]]}}, {"type": "Feature", "properties": {"layer": "REGIAO_POLILINHAS"}, "geometry": {"type": "LineString", "coordinates": [[7737.5769, 4189.79], [7722.3665, 4202.7763]]}}, {"type": "Feature", "properties": {"layer": "REGIAO_POLILINHAS"}, "geometry": {"type": "LineString", "coordinates": [[7715.8733, 4195.1711], [7722.3665, 4202.7763]]}}, {"type": "Feature", "properties": {"layer": "REGIAO_POLILINHAS"}, "geometry": {"type": "LineString", "coordinates": [[7722.3665, 4202.7763], [7737.5769, 4189.79]]}}, {"type": "Feature", "properties": {"layer": "REGIAO_POLILINHAS"}, "geometry": {"type": "LineString", "coordinates": [[7737.5769, 4189.79], [7731.0837, 4182.1848]]}}, {"type": "Feature", "properties": {"layer": "REGIAO_POLILINHAS"}, "geometry": {"type": "LineString", "coordinates": [[7731.0837, 4182.1848], [7715.8733, 4195.1711]]}}, {"type": "Feature", "properties": {"layer": "REGIAO_POLILINHAS"}, "geometry": {"type": "LineString", "coordinates": [[7709.3802, 4187.5659], [7715.8733, 4195.1711]]}}, {"type": "Feature", "properties": {"layer": "REGIAO_POLILINHAS"}, "geometry": {"type": "LineString", "coordinates": [[7715.8733, 4195.1711], [7731.0837, 4182.1848]]}}, {"type": "Feature", "properties": {"layer": "REGIAO_POLILINHAS"}, "geometry": {"type": "LineString", "coordinates": [[7731.0837, 4182.1848], [7724.5906, 4174.5796]]}}, {"type": "Feature", "properties": {"layer": "REGIAO_POLILINHAS"}, "geometry": {"type": "LineString", "coordinates": [[7724.5906, 4174.5796], [7709.3802, 4187.5659]]}}, {"type": "Feature", "properties": {"layer": "REGIAO_POLILINHAS"}, "geometry": {"type": "LineString", "coordinates": [[7702.887, 4179.9607], [7709.3802, 4187.5659]]}}, {"type": "Feature", "properties": {"layer": "REGIAO_POLILINHAS"}, "geometry": {"type": "LineString", "coordinates": [[7709.3802, 4187.5659], [7724.5906, 4174.5796]]}}, {"type": "Feature", "properties": {"layer": "REGIAO_POLILINHAS"}, "geometry": {"type": "LineString", "coordinates": [[7724.5906, 4174.5796], [7718.0974, 4166.9744]]}}, {"type": "Feature", "properties": {"layer": "REGIAO_POLILINHAS"}, "geometry": {"type": "LineString", "coordinates": [[7718.0974, 4166.9744], [7702.887, 4179.9607]]}}, {"type": "Feature", "properties": {"layer": "REGIAO_POLILINHAS"}, "geometry": {"type": "LineString", "coordinates": [[7696.3939, 4172.3555], [7702.887, 4179.9607]]}}, {"type": "Feature", "properties": {"layer": "REGIAO_POLILINHAS"}, "geometry": {"type": "LineString", "coordinates": [[7702.887, 4179.9607], [7718.0974, 4166.9744]]}}, {"type": "Feature", "properties": {"layer": "REGIAO_POLILINHAS"}, "geometry": {"type": "LineString", "coordinates": [[7718.0974, 4166.9744], [7711.6042, 4159.3692]]}}, {"type": "Feature", "properties": {"layer": "REGIAO_POLILINHAS"}, "geometry": {"type": "LineString", "coordinates": [[7711.6042, 4159.3692], [7696.3939, 4172.3555]]}}, {"type": "Feature", "properties": {"layer": "REGIAO_POLILINHAS"}, "geometry": {"type": "LineString", "coordinates": [[7689.9007, 4164.7504], [7696.3939, 4172.3555]]}}, {"type": "Feature", "properties": {"layer": "REGIAO_POLILINHAS"}, "geometry": {"type": "LineString", "coordinates": [[7696.3939, 4172.3555], [7711.6042, 4159.3692]]}}, {"type": "Feature", "properties": {"layer": "REGIAO_POLILINHAS"}, "geometry": {"type": "LineString", "coordinates": [[7711.6042, 4159.3692], [7705.1111, 4151.764]]}}, {"type": "Feature", "properties": {"layer": "REGIAO_POLILINHAS"}, "geometry": {"type": "LineString", "coordinates": [[7705.1111, 4151.764], [7689.9007, 4164.7504]]}}, {"type": "Feature", "properties": {"layer": "REGIAO_POLILINHAS"}, "geometry": {"type": "LineString", "coordinates": [[7720.1424, 4230.973], [7725.6616, 4237.4374]]}}, {"type": "Feature", "properties": {"layer": "REGIAO_POLILINHAS"}, "geometry": {"type": "LineString", "coordinates": [[7727.7764, 4237.6042], [7727.5351, 4237.7723], [7727.2657, 4237.8901], [7726.9784, 4237.9531], [7726.6844, 4237.9588], [7726.395, 4237.9071], [7726.1212, 4237.7998], [7725.8735, 4237.6413], [7725.6616, 4237.4374]]}}, {"type": "Feature", "properties": {"layer": "REGIAO_POLILINHAS"}, "geometry": {"type": "LineString", "coordinates": [[7727.7764, 4237.6042], [7741.846, 4225.5919]]}}, {"type": "Feature", "properties": {"layer": "REGIAO_POLILINHAS"}, "geometry": {"type": "LineString", "coordinates": [[7741.846, 4225.5919], [7735.3528, 4217.9867]]}}, {"type": "Feature", "properties": {"layer": "REGIAO_POLILINHAS"}, "geometry": {"type": "LineString", "coordinates": [[7735.3528, 4217.9867], [7720.1424, 4230.973]]}}, {"type": "Feature", "properties": {"layer": "REGIAO_POLILINHAS"}, "geometry": {"type": "LineString", "coordinates": [[7753.7202, 4254.9006], [7740.7339, 4239.6902]]}}, {"type": "Feature", "properties": {"layer": "REGIAO_POLILINHAS"}, "geometry": {"type": "LineString", "coordinates": [[7740.7339, 4239.6902], [7734.2695, 4245.2094]]}}, {"type": "Feature", "properties": {"layer": "REGIAO_POLILINHAS"}, "geometry": {"type": "LineString", "coordinates": [[7734.1027, 4247.3242], [7733.9346, 4247.0829], [7733.8168, 4246.8135], [7733.7538, 4246.5262], [7733.7481, 4246.2322], [7733.7999, 4245.9428], [7733.9071, 4245.669], [7734.0657, 4245.4213], [7734.2695, 4245.2094]]}}, {"type": "Feature", "properties": {"layer": "REGIAO_POLILINHAS"}, "geometry": {"type": "LineString", "coordinates": [[7734.1027, 4247.3242], [7746.115, 4261.3938]]}}, {"type": "Feature", "properties": {"layer": "REGIAO_POLILINHAS"}, "geometry": {"type": "LineString", "coordinates": [[7746.115, 4261.3938], [7753.7202, 4254.9006]]}}, {"type": "Feature", "properties": {"layer": "REGIAO_POLILINHAS"}, "geometry": {"type": "LineString", "coordinates": [[7750.5632, 4205.0004], [7735.3528, 4217.9867]]}}, {"type": "Feature", "properties": {"layer": "REGIAO_POLILINHAS"}, "geometry": {"type": "LineString", "coordinates": [[7735.3528, 4217.9867], [7741.846, 4225.5919]]}}, {"type": "Feature", "properties": {"layer": "REGIAO_POLILINHAS"}, "geometry": {"type": "LineString", "coordinates": [[7741.846, 4225.5919], [7755.9156, 4213.5795]]}}, {"type": "Feature", "properties": {"layer": "REGIAO_POLILINHAS"}, "geometry": {"type": "LineString", "coordinates": [[7756.0824, 4211.4648], [7756.2505, 4211.7061], [7756.3683, 4211.9755], [7756.4312, 4212.2627], [7756.4369, 4212.5567], [7756.3852, 4212.8462], [7756.278, 4213.12], [7756.1194, 4213.3676], [7755.9156, 4213.5795]]}}, {"type": "Feature", "properties": {"layer": "REGIAO_POLILINHAS"}, "geometry": {"type": "LineString", "coordinates": [[7756.0824, 4211.4648], [7750.5632, 4205.0004]]}}, {"type": "Feature", "properties": {"layer": "REGIAO_POLILINHAS"}, "geometry": {"type": "LineString", "coordinates": [[7683.4076, 4157.1452], [7689.9007, 4164.7504]]}}, {"type": "Feature", "properties": {"layer": "REGIAO_POLILINHAS"}, "geometry": {"type": "LineString", "coordinates": [[7689.9007, 4164.7504], [7705.1111, 4151.764]]}}, {"type": "Feature", "properties": {"layer": "REGIAO_POLILINHAS"}, "geometry": {"type": "LineString", "coordinates": [[7705.1111, 4151.764], [7699.5919, 4145.2996]]}}, {"type": "Feature", "properties": {"layer": "REGIAO_POLILINHAS"}, "geometry": {"type": "LineString", "coordinates": [[7697.4772, 4145.1328], [7697.7184, 4144.9647], [7697.9879, 4144.8469], [7698.2751, 4144.784], [7698.5691, 4144.7782], [7698.8585, 4144.83], [7699.1324, 4144.9372], [7699.38, 4145.0958], [7699.5919, 4145.2996]]}}, {"type": "Feature", "properties": {"layer": "REGIAO_POLILINHAS"}, "geometry": {"type": "LineString", "coordinates": [[7697.4772, 4145.1328], [7683.4076, 4157.1452]]}}, {"type": "Feature", "properties": {"layer": "REGIAO_POLILINHAS"}, "geometry": {"type": "LineString", "coordinates": [[7683.4076, 4157.1452], [7669.338, 4169.1575]]}}, {"type": "Feature", "properties": {"layer": "REGIAO_POLILINHAS"}, "geometry": {"type": "LineString", "coordinates": [[7669.1711, 4171.2723], [7669.0031, 4171.031], [7668.8853, 4170.7616], [7668.8223, 4170.4743], [7668.8166, 4170.1803], [7668.8683, 4169.8909], [7668.9755, 4169.6171], [7669.1341, 4169.3694], [7669.338, 4169.1575]]}}, {"type": "Feature", "properties": {"layer": "REGIAO_POLILINHAS"}, "geometry": {"type": "LineString", "coordinates": [[7669.1711, 4171.2723], [7674.6903, 4177.7367]]}}, {"type": "Feature", "properties": {"layer": "REGIAO_POLILINHAS"}, "geometry": {"type": "LineString", "coordinates": [[7674.6903, 4177.7367], [7689.9007, 4164.7504]]}}, {"type": "Feature", "properties": {"layer": "REGIAO_POLILINHAS"}, "geometry": {"type": "LineString", "coordinates": [[7689.9007, 4164.7504], [7683.4076, 4157.1452]]}}, {"type": "Feature", "properties": {"layer": "REGIAO_POLILINHAS"}, "geometry": {"type": "LineString", "coordinates": [[7645.3816, 4189.6109], [7651.8748, 4197.2161]]}}, {"type": "Feature", "properties": {"layer": "REGIAO_POLILINHAS"}, "geometry": {"type": "LineString", "coordinates": [[7651.8748, 4197.2161], [7667.0851, 4184.2298]]}}, {"type": "Feature", "properties": {"layer": "REGIAO_POLILINHAS"}, "geometry": {"type": "LineString", "coordinates": [[7667.0851, 4184.2298], [7661.566, 4177.7654]]}}, {"type": "Feature", "properties": {"layer": "REGIAO_POLILINHAS"}, "geometry": {"type": "LineString", "coordinates": [[7659.4512, 4177.5986], [7659.6925, 4177.4305], [7659.9619, 4177.3127], [7660.2491, 4177.2497], [7660.5431, 4177.244], [7660.8326, 4177.2958], [7661.1064, 4177.403], [7661.354, 4177.5616], [7661.566, 4177.7654]]}}, {"type": "Feature", "properties": {"layer": "REGIAO_POLILINHAS"}, "geometry": {"type": "LineString", "coordinates": [[7659.4512, 4177.5986], [7645.3816, 4189.6109]]}}, {"type": "Feature", "properties": {"layer": "REGIAO_POLILINHAS"}, "geometry": {"type": "LineString", "coordinates": [[7735.3528, 4217.9867], [7750.5632, 4205.0004]]}}, {"type": "Feature", "properties": {"layer": "REGIAO_POLILINHAS"}, "geometry": {"type": "LineString", "coordinates": [[7750.5632, 4205.0004], [7744.07, 4197.3952]]}}, {"type": "Feature", "properties": {"layer": "REGIAO_POLILINHAS"}, "geometry": {"type": "LineString", "coordinates": [[7744.07, 4197.3952], [7728.8596, 4210.3815]]}}, {"type": "Feature", "properties": {"layer": "REGIAO_POLILINHAS"}, "geometry": {"type": "LineString", "coordinates": [[7728.8596, 4210.3815], [7735.3528, 4217.9867]]}}, {"type": "Feature", "properties": {"layer": "REGIAO_POLILINHAS"}, "geometry": {"type": "LineString", "coordinates": [[7758.1684, 4198.5072], [7763.6876, 4204.9716]]}}, {"type": "Feature", "properties": {"layer": "REGIAO_POLILINHAS"}, "geometry": {"type": "LineString", "coordinates": [[7765.8023, 4205.1384], [7765.561, 4205.3065], [7765.2916, 4205.4243], [7765.0044, 4205.4873], [7764.7104, 4205.493], [7764.4209, 4205.4413], [7764.1471, 4205.3341], [7763.8995, 4205.1755], [7763.6876, 4204.9716]]}}, {"type": "Feature", "properties": {"layer": "REGIAO_POLILINHAS"}, "geometry": {"type": "LineString", "coordinates": [[7765.8023, 4205.1384], [7779.8719, 4193.1261]]}}, {"type": "Feature", "properties": {"layer": "REGIAO_POLILINHAS"}, "geometry": {"type": "LineString", "coordinates": [[7779.8719, 4193.1261], [7773.3788, 4185.5209]]}}, {"type": "Feature", "properties": {"layer": "REGIAO_POLILINHAS"}, "geometry": {"type": "LineString", "coordinates": [[7773.3788, 4185.5209], [7758.1684, 4198.5072]]}}, {"type": "Feature", "properties": {"layer": "REGIAO_POLILINHAS"}, "geometry": {"type": "LineString", "coordinates": [[7751.6752, 4190.902], [7758.1684, 4198.5072]]}}, {"type": "Feature", "properties": {"layer": "REGIAO_POLILINHAS"}, "geometry": {"type": "LineString", "coordinates": [[7758.1684, 4198.5072], [7773.3788, 4185.5209]]}}, {"type": "Feature", "properties": {"layer": "REGIAO_POLILINHAS"}, "geometry": {"type": "LineString", "coordinates": [[7773.3788, 4185.5209], [7766.8856, 4177.9157]]}}, {"type": "Feature", "properties": {"layer": "REGIAO_POLILINHAS"}, "geometry": {"type": "LineString", "coordinates": [[7766.8856, 4177.9157], [7751.6752, 4190.902]]}}, {"type": "Feature", "properties": {"layer": "REGIAO_POLILINHAS"}, "geometry": {"type": "LineString", "coordinates": [[7745.1821, 4183.2968], [7751.6752, 4190.902]]}}, {"type": "Feature", "properties": {"layer": "REGIAO_POLILINHAS"}, "geometry": {"type": "LineString", "coordinates": [[7751.6752, 4190.902], [7766.8856, 4177.9157]]}}, {"type": "Feature", "properties": {"layer": "REGIAO_POLILINHAS"}, "geometry": {"type": "LineString", "coordinates": [[7766.8856, 4177.9157], [7760.3924, 4170.3105]]}}, {"type": "Feature", "properties": {"layer": "REGIAO_POLILINHAS"}, "geometry": {"type": "LineString", "coordinates": [[7760.3924, 4170.3105], [7745.1821, 4183.2968]]}}, {"type": "Feature", "properties": {"layer": "REGIAO_POLILINHAS"}, "geometry": {"type": "LineString", "coordinates": [[7738.6889, 4175.6917], [7745.1821, 4183.2968]]}}, {"type": "Feature", "properties": {"layer": "REGIAO_POLILINHAS"}, "geometry": {"type": "LineString", "coordinates": [[7745.1821, 4183.2968], [7760.3924, 4170.3105]]}}, {"type": "Feature", "properties": {"layer": "REGIAO_POLILINHAS"}, "geometry": {"type": "LineString", "coordinates": [[7760.3924, 4170.3105], [7753.8993, 4162.7053]]}}, {"type": "Feature", "properties": {"layer": "REGIAO_POLILINHAS"}, "geometry": {"type": "LineString", "coordinates": [[7753.8993, 4162.7053], [7738.6889, 4175.6917]]}}, {"type": "Feature", "properties": {"layer": "REGIAO_POLILINHAS"}, "geometry": {"type": "LineString", "coordinates": [[7732.1958, 4168.0865], [7738.6889, 4175.6917]]}}, {"type": "Feature", "properties": {"layer": "REGIAO_POLILINHAS"}, "geometry": {"type": "LineString", "coordinates": [[7738.6889, 4175.6917], [7753.8993, 4162.7053]]}}, {"type": "Feature", "properties": {"layer": "REGIAO_POLILINHAS"}, "geometry": {"type": "LineString", "coordinates": [[7753.8993, 4162.7053], [7747.4061, 4155.1001]]}}, {"type": "Feature", "properties": {"layer": "REGIAO_POLILINHAS"}, "geometry": {"type": "LineString", "coordinates": [[7747.4061, 4155.1001], [7732.1958, 4168.0865]]}}, {"type": "Feature", "properties": {"layer": "REGIAO_POLILINHAS"}, "geometry": {"type": "LineString", "coordinates": [[7725.7026, 4160.4813], [7732.1958, 4168.0865]]}}, {"type": "Feature", "properties": {"layer": "REGIAO_POLILINHAS"}, "geometry": {"type": "LineString", "coordinates": [[7732.1958, 4168.0865], [7747.4061, 4155.1001]]}}, {"type": "Feature", "properties": {"layer": "REGIAO_POLILINHAS"}, "geometry": {"type": "LineString", "coordinates": [[7747.4061, 4155.1001], [7740.913, 4147.495]]}}, {"type": "Feature", "properties": {"layer": "REGIAO_POLILINHAS"}, "geometry": {"type": "LineString", "coordinates": [[7740.913, 4147.495], [7725.7026, 4160.4813]]}}, {"type": "Feature", "properties": {"layer": "REGIAO_POLILINHAS"}, "geometry": {"type": "LineString", "coordinates": [[7719.2094, 4152.8761], [7725.7026, 4160.4813]]}}, {"type": "Feature", "properties": {"layer": "REGIAO_POLILINHAS"}, "geometry": {"type": "LineString", "coordinates": [[7725.7026, 4160.4813], [7740.913, 4147.495]]}}, {"type": "Feature", "properties": {"layer": "REGIAO_POLILINHAS"}, "geometry": {"type": "LineString", "coordinates": [[7740.913, 4147.495], [7734.4198, 4139.8898]]}}, {"type": "Feature", "properties": {"layer": "REGIAO_POLILINHAS"}, "geometry": {"type": "LineString", "coordinates": [[7734.4198, 4139.8898], [7719.2094, 4152.8761]]}}, {"type": "Feature", "properties": {"layer": "REGIAO_POLILINHAS"}, "geometry": {"type": "LineString", "coordinates": [[7712.7163, 4145.2709], [7719.2094, 4152.8761]]}}, {"type": "Feature", "properties": {"layer": "REGIAO_POLILINHAS"}, "geometry": {"type": "LineString", "coordinates": [[7719.2094, 4152.8761], [7734.4198, 4139.8898]]}}, {"type": "Feature", "properties": {"layer": "REGIAO_POLILINHAS"}, "geometry": {"type": "LineString", "coordinates": [[7734.4198, 4139.8898], [7727.9267, 4132.2846]]}}, {"type": "Feature", "properties": {"layer": "REGIAO_POLILINHAS"}, "geometry": {"type": "LineString", "coordinates": [[7727.9267, 4132.2846], [7712.7163, 4145.2709]]}}, {"type": "Feature", "properties": {"layer": "REGIAO_POLILINHAS"}, "geometry": {"type": "LineString", "coordinates": [[7721.4335, 4124.6794], [7707.3639, 4136.6917]]}}, {"type": "Feature", "properties": {"layer": "REGIAO_POLILINHAS"}, "geometry": {"type": "LineString", "coordinates": [[7707.1971, 4138.8065], [7707.029, 4138.5652], [7706.9112, 4138.2958], [7706.8482, 4138.0085], [7706.8425, 4137.7146], [7706.8943, 4137.4251], [7707.0015, 4137.1513], [7707.1601, 4136.9037], [7707.3639, 4136.6917]]}}, {"type": "Feature", "properties": {"layer": "REGIAO_POLILINHAS"}, "geometry": {"type": "LineString", "coordinates": [[7707.1971, 4138.8065], [7712.7163, 4145.2709]]}}, {"type": "Feature", "properties": {"layer": "REGIAO_POLILINHAS"}, "geometry": {"type": "LineString", "coordinates": [[7712.7163, 4145.2709], [7727.9267, 4132.2846]]}}, {"type": "Feature", "properties": {"layer": "REGIAO_POLILINHAS"}, "geometry": {"type": "LineString", "coordinates": [[7727.9267, 4132.2846], [7721.4335, 4124.6794]]}}, {"type": "Feature", "properties": {"layer": "REGIAO_POLILINHAS"}, "geometry": {"type": "LineString", "coordinates": [[7788.5891, 4172.5346], [7773.3788, 4185.5209]]}}, {"type": "Feature", "properties": {"layer": "REGIAO_POLILINHAS"}, "geometry": {"type": "LineString", "coordinates": [[7773.3788, 4185.5209], [7779.8719, 4193.1261]]}}, {"type": "Feature", "properties": {"layer": "REGIAO_POLILINHAS"}, "geometry": {"type": "LineString", "coordinates": [[7779.8719, 4193.1261], [7793.9415, 4181.1138]]}}, {"type": "Feature", "properties": {"layer": "REGIAO_POLILINHAS"}, "geometry": {"type": "LineString", "coordinates": [[7794.1083, 4178.999], [7794.2764, 4179.2403], [7794.3942, 4179.5097], [7794.4572, 4179.7969], [7794.4629, 4180.0909], [7794.4112, 4180.3804], [7794.3039, 4180.6542], [7794.1454, 4180.9018], [7793.9415, 4181.1138]]}}, {"type": "Feature", "properties": {"layer": "REGIAO_POLILINHAS"}, "geometry": {"type": "LineString", "coordinates": [[7794.1083, 4178.999], [7788.5891, 4172.5346]]}}, {"type": "Feature", "properties": {"layer": "REGIAO_POLILINHAS"}, "geometry": {"type": "LineString", "coordinates": [[7773.3788, 4185.5209], [7788.5891, 4172.5346]]}}, {"type": "Feature", "properties": {"layer": "REGIAO_POLILINHAS"}, "geometry": {"type": "LineString", "coordinates": [[7788.5891, 4172.5346], [7782.096, 4164.9294]]}}, {"type": "Feature", "properties": {"layer": "REGIAO_POLILINHAS"}, "geometry": {"type": "LineString", "coordinates": [[7782.096, 4164.9294], [7766.8856, 4177.9157]]}}, {"type": "Feature", "properties": {"layer": "REGIAO_POLILINHAS"}, "geometry": {"type": "LineString", "coordinates": [[7766.8856, 4177.9157], [7773.3788, 4185.5209]]}}, {"type": "Feature", "properties": {"layer": "REGIAO_POLILINHAS"}, "geometry": {"type": "LineString", "coordinates": [[7760.3924, 4170.3105], [7766.8856, 4177.9157]]}}, {"type": "Feature", "properties": {"layer": "REGIAO_POLILINHAS"}, "geometry": {"type": "LineString", "coordinates": [[7766.8856, 4177.9157], [7782.096, 4164.9294]]}}, {"type": "Feature", "properties": {"layer": "REGIAO_POLILINHAS"}, "geometry": {"type": "LineString", "coordinates": [[7782.096, 4164.9294], [7775.6028, 4157.3242]]}}, {"type": "Feature", "properties": {"layer": "REGIAO_POLILINHAS"}, "geometry": {"type": "LineString", "coordinates": [[7775.6028, 4157.3242], [7760.3924, 4170.3105]]}}, {"type": "Feature", "properties": {"layer": "REGIAO_POLILINHAS"}, "geometry": {"type": "LineString", "coordinates": [[7753.8993, 4162.7053], [7760.3924, 4170.3105]]}}, {"type": "Feature", "properties": {"layer": "REGIAO_POLILINHAS"}, "geometry": {"type": "LineString", "coordinates": [[7760.3924, 4170.3105], [7775.6028, 4157.3242]]}}, {"type": "Feature", "properties": {"layer": "REGIAO_POLILINHAS"}, "geometry": {"type": "LineString", "coordinates": [[7775.6028, 4157.3242], [7769.1097, 4149.719]]}}, {"type": "Feature", "properties": {"layer": "REGIAO_POLILINHAS"}, "geometry": {"type": "LineString", "coordinates": [[7769.1097, 4149.719], [7753.8993, 4162.7053]]}}, {"type": "Feature", "properties": {"layer": "REGIAO_POLILINHAS"}, "geometry": {"type": "LineString", "coordinates": [[7747.4061, 4155.1001], [7753.8993, 4162.7053]]}}, {"type": "Feature", "properties": {"layer": "REGIAO_POLILINHAS"}, "geometry": {"type": "LineString", "coordinates": [[7753.8993, 4162.7053], [7769.1097, 4149.719]]}}, {"type": "Feature", "properties": {"layer": "REGIAO_POLILINHAS"}, "geometry": {"type": "LineString", "coordinates": [[7769.1097, 4149.719], [7762.6165, 4142.1138]]}}, {"type": "Feature", "properties": {"layer": "REGIAO_POLILINHAS"}, "geometry": {"type": "LineString", "coordinates": [[7762.6165, 4142.1138], [7747.4061, 4155.1001]]}}, {"type": "Feature", "properties": {"layer": "REGIAO_POLILINHAS"}, "geometry": {"type": "LineString", "coordinates": [[7740.913, 4147.495], [7747.4061, 4155.1001]]}}, {"type": "Feature", "properties": {"layer": "REGIAO_POLILINHAS"}, "geometry": {"type": "LineString", "coordinates": [[7747.4061, 4155.1001], [7762.6165, 4142.1138]]}}, {"type": "Feature", "properties": {"layer": "REGIAO_POLILINHAS"}, "geometry": {"type": "LineString", "coordinates": [[7762.6165, 4142.1138], [7756.1234, 4134.5086]]}}, {"type": "Feature", "properties": {"layer": "REGIAO_POLILINHAS"}, "geometry": {"type": "LineString", "coordinates": [[7756.1234, 4134.5086], [7740.913, 4147.495]]}}, {"type": "Feature", "properties": {"layer": "REGIAO_POLILINHAS"}, "geometry": {"type": "LineString", "coordinates": [[7734.4198, 4139.8898], [7740.913, 4147.495]]}}, {"type": "Feature", "properties": {"layer": "REGIAO_POLILINHAS"}, "geometry": {"type": "LineString", "coordinates": [[7740.913, 4147.495], [7756.1234, 4134.5086]]}}, {"type": "Feature", "properties": {"layer": "REGIAO_POLILINHAS"}, "geometry": {"type": "LineString", "coordinates": [[7756.1234, 4134.5086], [7749.6302, 4126.9035]]}}, {"type": "Feature", "properties": {"layer": "REGIAO_POLILINHAS"}, "geometry": {"type": "LineString", "coordinates": [[7749.6302, 4126.9035], [7734.4198, 4139.8898]]}}, {"type": "Feature", "properties": {"layer": "REGIAO_POLILINHAS"}, "geometry": {"type": "LineString", "coordinates": [[7727.9267, 4132.2846], [7734.4198, 4139.8898]]}}, {"type": "Feature", "properties": {"layer": "REGIAO_POLILINHAS"}, "geometry": {"type": "LineString", "coordinates": [[7734.4198, 4139.8898], [7749.6302, 4126.9035]]}}, {"type": "Feature", "properties": {"layer": "REGIAO_POLILINHAS"}, "geometry": {"type": "LineString", "coordinates": [[7749.6302, 4126.9035], [7743.137, 4119.2983]]}}, {"type": "Feature", "properties": {"layer": "REGIAO_POLILINHAS"}, "geometry": {"type": "LineString", "coordinates": [[7743.137, 4119.2983], [7727.9267, 4132.2846]]}}, {"type": "Feature", "properties": {"layer": "REGIAO_POLILINHAS"}, "geometry": {"type": "LineString", "coordinates": [[7721.4335, 4124.6794], [7727.9267, 4132.2846]]}}, {"type": "Feature", "properties": {"layer": "REGIAO_POLILINHAS"}, "geometry": {"type": "LineString", "coordinates": [[7727.9267, 4132.2846], [7743.137, 4119.2983]]}}, {"type": "Feature", "properties": {"layer": "REGIAO_POLILINHAS"}, "geometry": {"type": "LineString", "coordinates": [[7743.137, 4119.2983], [7737.6179, 4112.8339]]}}, {"type": "Feature", "properties": {"layer": "REGIAO_POLILINHAS"}, "geometry": {"type": "LineString", "coordinates": [[7735.5031, 4112.667], [7735.7444, 4112.499], [7736.0138, 4112.3812], [7736.301, 4112.3182], [7736.595, 4112.3125], [7736.8845, 4112.3642], [7737.1583, 4112.4714], [7737.4059, 4112.63], [7737.6179, 4112.8339]]}}, {"type": "Feature", "properties": {"layer": "REGIAO_POLILINHAS"}, "geometry": {"type": "LineString", "coordinates": [[7735.5031, 4112.667], [7721.4335, 4124.6794]]}}, {"type": "Feature", "properties": {"layer": "REGIAO_POLILINHAS"}, "geometry": {"type": "LineString", "coordinates": [[7796.1943, 4166.0414], [7801.7135, 4172.5059]]}}, {"type": "Feature", "properties": {"layer": "REGIAO_POLILINHAS"}, "geometry": {"type": "LineString", "coordinates": [[7803.8283, 4172.6727], [7803.587, 4172.8408], [7803.3176, 4172.9585], [7803.0303, 4173.0215], [7802.7363, 4173.0272], [7802.4469, 4172.9755], [7802.1731, 4172.8683], [7801.9254, 4172.7097], [7801.7135, 4172.5059]]}}, {"type": "Feature", "properties": {"layer": "REGIAO_POLILINHAS"}, "geometry": {"type": "LineString", "coordinates": [[7803.8283, 4172.6727], [7817.8979, 4160.6603]]}}, {"type": "Feature", "properties": {"layer": "REGIAO_POLILINHAS"}, "geometry": {"type": "LineString", "coordinates": [[7817.8979, 4160.6603], [7811.4047, 4153.0551]]}}, {"type": "Feature", "properties": {"layer": "REGIAO_POLILINHAS"}, "geometry": {"type": "LineString", "coordinates": [[7811.4047, 4153.0551], [7796.1943, 4166.0414]]}}, {"type": "Feature", "properties": {"layer": "REGIAO_POLILINHAS"}, "geometry": {"type": "LineString", "coordinates": [[7789.7012, 4158.4363], [7796.1943, 4166.0414]]}}, {"type": "Feature", "properties": {"layer": "REGIAO_POLILINHAS"}, "geometry": {"type": "LineString", "coordinates": [[7796.1943, 4166.0414], [7811.4047, 4153.0551]]}}, {"type": "Feature", "properties": {"layer": "REGIAO_POLILINHAS"}, "geometry": {"type": "LineString", "coordinates": [[7811.4047, 4153.0551], [7804.9116, 4145.4499]]}}, {"type": "Feature", "properties": {"layer": "REGIAO_POLILINHAS"}, "geometry": {"type": "LineString", "coordinates": [[7804.9116, 4145.4499], [7789.7012, 4158.4363]]}}, {"type": "Feature", "properties": {"layer": "REGIAO_POLILINHAS"}, "geometry": {"type": "LineString", "coordinates": [[7783.208, 4150.8311], [7789.7012, 4158.4363]]}}, {"type": "Feature", "properties": {"layer": "REGIAO_POLILINHAS"}, "geometry": {"type": "LineString", "coordinates": [[7789.7012, 4158.4363], [7804.9116, 4145.4499]]}}, {"type": "Feature", "properties": {"layer": "REGIAO_POLILINHAS"}, "geometry": {"type": "LineString", "coordinates": [[7804.9116, 4145.4499], [7798.4184, 4137.8448]]}}, {"type": "Feature", "properties": {"layer": "REGIAO_POLILINHAS"}, "geometry": {"type": "LineString", "coordinates": [[7798.4184, 4137.8448], [7783.208, 4150.8311]]}}, {"type": "Feature", "properties": {"layer": "REGIAO_POLILINHAS"}, "geometry": {"type": "LineString", "coordinates": [[7776.7149, 4143.2259], [7783.208, 4150.8311]]}}, {"type": "Feature", "properties": {"layer": "REGIAO_POLILINHAS"}, "geometry": {"type": "LineString", "coordinates": [[7783.208, 4150.8311], [7798.4184, 4137.8448]]}}, {"type": "Feature", "properties": {"layer": "REGIAO_POLILINHAS"}, "geometry": {"type": "LineString", "coordinates": [[7798.4184, 4137.8448], [7791.9252, 4130.2396]]}}, {"type": "Feature", "properties": {"layer": "REGIAO_POLILINHAS"}, "geometry": {"type": "LineString", "coordinates": [[7791.9252, 4130.2396], [7776.7149, 4143.2259]]}}, {"type": "Feature", "properties": {"layer": "REGIAO_POLILINHAS"}, "geometry": {"type": "LineString", "coordinates": [[7770.2217, 4135.6207], [7776.7149, 4143.2259]]}}, {"type": "Feature", "properties": {"layer": "REGIAO_POLILINHAS"}, "geometry": {"type": "LineString", "coordinates": [[7776.7149, 4143.2259], [7791.9252, 4130.2396]]}}, {"type": "Feature", "properties": {"layer": "REGIAO_POLILINHAS"}, "geometry": {"type": "LineString", "coordinates": [[7791.9252, 4130.2396], [7785.4321, 4122.6344]]}}, {"type": "Feature", "properties": {"layer": "REGIAO_POLILINHAS"}, "geometry": {"type": "LineString", "coordinates": [[7785.4321, 4122.6344], [7770.2217, 4135.6207]]}}, {"type": "Feature", "properties": {"layer": "REGIAO_POLILINHAS"}, "geometry": {"type": "LineString", "coordinates": [[7763.7285, 4128.0155], [7770.2217, 4135.6207]]}}, {"type": "Feature", "properties": {"layer": "REGIAO_POLILINHAS"}, "geometry": {"type": "LineString", "coordinates": [[7770.2217, 4135.6207], [7785.4321, 4122.6344]]}}, {"type": "Feature", "properties": {"layer": "REGIAO_POLILINHAS"}, "geometry": {"type": "LineString", "coordinates": [[7785.4321, 4122.6344], [7778.9389, 4115.0292]]}}, {"type": "Feature", "properties": {"layer": "REGIAO_POLILINHAS"}, "geometry": {"type": "LineString", "coordinates": [[7778.9389, 4115.0292], [7763.7285, 4128.0155]]}}, {"type": "Feature", "properties": {"layer": "REGIAO_POLILINHAS"}, "geometry": {"type": "LineString", "coordinates": [[7757.2354, 4120.4103], [7763.7285, 4128.0155]]}}, {"type": "Feature", "properties": {"layer": "REGIAO_POLILINHAS"}, "geometry": {"type": "LineString", "coordinates": [[7763.7285, 4128.0155], [7778.9389, 4115.0292]]}}, {"type": "Feature", "properties": {"layer": "REGIAO_POLILINHAS"}, "geometry": {"type": "LineString", "coordinates": [[7778.9389, 4115.0292], [7772.4458, 4107.424]]}}, {"type": "Feature", "properties": {"layer": "REGIAO_POLILINHAS"}, "geometry": {"type": "LineString", "coordinates": [[7772.4458, 4107.424], [7757.2354, 4120.4103]]}}, {"type": "Feature", "properties": {"layer": "REGIAO_POLILINHAS"}, "geometry": {"type": "LineString", "coordinates": [[7750.7422, 4112.8051], [7757.2354, 4120.4103]]}}, {"type": "Feature", "properties": {"layer": "REGIAO_POLILINHAS"}, "geometry": {"type": "LineString", "coordinates": [[7757.2354, 4120.4103], [7772.4458, 4107.424]]}}, {"type": "Feature", "properties": {"layer": "REGIAO_POLILINHAS"}, "geometry": {"type": "LineString", "coordinates": [[7772.4458, 4107.424], [7765.9526, 4099.8188]]}}, {"type": "Feature", "properties": {"layer": "REGIAO_POLILINHAS"}, "geometry": {"type": "LineString", "coordinates": [[7765.9526, 4099.8188], [7750.7422, 4112.8051]]}}, {"type": "Feature", "properties": {"layer": "REGIAO_POLILINHAS"}, "geometry": {"type": "LineString", "coordinates": [[7759.4595, 4092.2136], [7745.3899, 4104.2259]]}}, {"type": "Feature", "properties": {"layer": "REGIAO_POLILINHAS"}, "geometry": {"type": "LineString", "coordinates": [[7745.2231, 4106.3407], [7745.055, 4106.0994], [7744.9372, 4105.83], [7744.8742, 4105.5428], [7744.8685, 4105.2488], [7744.9202, 4104.9593], [7745.0274, 4104.6855], [7745.186, 4104.4379], [7745.3899, 4104.2259]]}}, {"type": "Feature", "properties": {"layer": "REGIAO_POLILINHAS"}, "geometry": {"type": "LineString", "coordinates": [[7745.2231, 4106.3407], [7750.7422, 4112.8051]]}}, {"type": "Feature", "properties": {"layer": "REGIAO_POLILINHAS"}, "geometry": {"type": "LineString", "coordinates": [[7750.7422, 4112.8051], [7765.9526, 4099.8188]]}}, {"type": "Feature", "properties": {"layer": "REGIAO_POLILINHAS"}, "geometry": {"type": "LineString", "coordinates": [[7765.9526, 4099.8188], [7759.4595, 4092.2136]]}}, {"type": "Feature", "properties": {"layer": "REGIAO_POLILINHAS"}, "geometry": {"type": "LineString", "coordinates": [[7826.6151, 4140.0688], [7811.4047, 4153.0551]]}}, {"type": "Feature", "properties": {"layer": "REGIAO_POLILINHAS"}, "geometry": {"type": "LineString", "coordinates": [[7811.4047, 4153.0551], [7817.8979, 4160.6603]]}}, {"type": "Feature", "properties": {"layer": "REGIAO_POLILINHAS"}, "geometry": {"type": "LineString", "coordinates": [[7817.8979, 4160.6603], [7831.9675, 4148.648]]}}, {"type": "Feature", "properties": {"layer": "REGIAO_POLILINHAS"}, "geometry": {"type": "LineString", "coordinates": [[7832.1343, 4146.5332], [7832.3024, 4146.7745], [7832.4202, 4147.0439], [7832.4831, 4147.3312], [7832.4889, 4147.6252], [7832.4371, 4147.9146], [7832.3299, 4148.1884], [7832.1713, 4148.4361], [7831.9675, 4148.648]]}}, {"type": "Feature", "properties": {"layer": "REGIAO_POLILINHAS"}, "geometry": {"type": "LineString", "coordinates": [[7832.1343, 4146.5332], [7826.6151, 4140.0688]]}}, {"type": "Feature", "properties": {"layer": "REGIAO_POLILINHAS"}, "geometry": {"type": "LineString", "coordinates": [[7811.4047, 4153.0551], [7826.6151, 4140.0688]]}}, {"type": "Feature", "properties": {"layer": "REGIAO_POLILINHAS"}, "geometry": {"type": "LineString", "coordinates": [[7826.6151, 4140.0688], [7820.1219, 4132.4636]]}}, {"type": "Feature", "properties": {"layer": "REGIAO_POLILINHAS"}, "geometry": {"type": "LineString", "coordinates": [[7820.1219, 4132.4636], [7804.9116, 4145.4499]]}}, {"type": "Feature", "properties": {"layer": "REGIAO_POLILINHAS"}, "geometry": {"type": "LineString", "coordinates": [[7804.9116, 4145.4499], [7811.4047, 4153.0551]]}}, {"type": "Feature", "properties": {"layer": "REGIAO_POLILINHAS"}, "geometry": {"type": "LineString", "coordinates": [[7798.4184, 4137.8448], [7804.9116, 4145.4499]]}}, {"type": "Feature", "properties": {"layer": "REGIAO_POLILINHAS"}, "geometry": {"type": "LineString", "coordinates": [[7804.9116, 4145.4499], [7820.1219, 4132.4636]]}}, {"type": "Feature", "properties": {"layer": "REGIAO_POLILINHAS"}, "geometry": {"type": "LineString", "coordinates": [[7820.1219, 4132.4636], [7813.6288, 4124.8584]]}}, {"type": "Feature", "properties": {"layer": "REGIAO_POLILINHAS"}, "geometry": {"type": "LineString", "coordinates": [[7813.6288, 4124.8584], [7798.4184, 4137.8448]]}}, {"type": "Feature", "properties": {"layer": "REGIAO_POLILINHAS"}, "geometry": {"type": "LineString", "coordinates": [[7791.9252, 4130.2396], [7798.4184, 4137.8448]]}}, {"type": "Feature", "properties": {"layer": "REGIAO_POLILINHAS"}, "geometry": {"type": "LineString", "coordinates": [[7798.4184, 4137.8448], [7813.6288, 4124.8584]]}}, {"type": "Feature", "properties": {"layer": "REGIAO_POLILINHAS"}, "geometry": {"type": "LineString", "coordinates": [[7813.6288, 4124.8584], [7807.1356, 4117.2532]]}}, {"type": "Feature", "properties": {"layer": "REGIAO_POLILINHAS"}, "geometry": {"type": "LineString", "coordinates": [[7807.1356, 4117.2532], [7791.9252, 4130.2396]]}}, {"type": "Feature", "properties": {"layer": "REGIAO_POLILINHAS"}, "geometry": {"type": "LineString", "coordinates": [[7785.4321, 4122.6344], [7791.9252, 4130.2396]]}}, {"type": "Feature", "properties": {"layer": "REGIAO_POLILINHAS"}, "geometry": {"type": "LineString", "coordinates": [[7791.9252, 4130.2396], [7807.1356, 4117.2532]]}}, {"type": "Feature", "properties": {"layer": "REGIAO_POLILINHAS"}, "geometry": {"type": "LineString", "coordinates": [[7807.1356, 4117.2532], [7800.6425, 4109.6481]]}}, {"type": "Feature", "properties": {"layer": "REGIAO_POLILINHAS"}, "geometry": {"type": "LineString", "coordinates": [[7800.6425, 4109.6481], [7785.4321, 4122.6344]]}}, {"type": "Feature", "properties": {"layer": "REGIAO_POLILINHAS"}, "geometry": {"type": "LineString", "coordinates": [[7778.9389, 4115.0292], [7785.4321, 4122.6344]]}}, {"type": "Feature", "properties": {"layer": "REGIAO_POLILINHAS"}, "geometry": {"type": "LineString", "coordinates": [[7785.4321, 4122.6344], [7800.6425, 4109.6481]]}}, {"type": "Feature", "properties": {"layer": "REGIAO_POLILINHAS"}, "geometry": {"type": "LineString", "coordinates": [[7800.6425, 4109.6481], [7794.1493, 4102.0429]]}}, {"type": "Feature", "properties": {"layer": "REGIAO_POLILINHAS"}, "geometry": {"type": "LineString", "coordinates": [[7794.1493, 4102.0429], [7778.9389, 4115.0292]]}}, {"type": "Feature", "properties": {"layer": "REGIAO_POLILINHAS"}, "geometry": {"type": "LineString", "coordinates": [[7772.4458, 4107.424], [7778.9389, 4115.0292]]}}, {"type": "Feature", "properties": {"layer": "REGIAO_POLILINHAS"}, "geometry": {"type": "LineString", "coordinates": [[7778.9389, 4115.0292], [7794.1493, 4102.0429]]}}, {"type": "Feature", "properties": {"layer": "REGIAO_POLILINHAS"}, "geometry": {"type": "LineString", "coordinates": [[7794.1493, 4102.0429], [7787.6562, 4094.4377]]}}, {"type": "Feature", "properties": {"layer": "REGIAO_POLILINHAS"}, "geometry": {"type": "LineString", "coordinates": [[7787.6562, 4094.4377], [7772.4458, 4107.424]]}}, {"type": "Feature", "properties": {"layer": "REGIAO_POLILINHAS"}, "geometry": {"type": "LineString", "coordinates": [[7765.9526, 4099.8188], [7772.4458, 4107.424]]}}, {"type": "Feature", "properties": {"layer": "REGIAO_POLILINHAS"}, "geometry": {"type": "LineString", "coordinates": [[7772.4458, 4107.424], [7787.6562, 4094.4377]]}}, {"type": "Feature", "properties": {"layer": "REGIAO_POLILINHAS"}, "geometry": {"type": "LineString", "coordinates": [[7787.6562, 4094.4377], [7781.163, 4086.8325]]}}, {"type": "Feature", "properties": {"layer": "REGIAO_POLILINHAS"}, "geometry": {"type": "LineString", "coordinates": [[7781.163, 4086.8325], [7765.9526, 4099.8188]]}}, {"type": "Feature", "properties": {"layer": "REGIAO_POLILINHAS"}, "geometry": {"type": "LineString", "coordinates": [[7759.4595, 4092.2136], [7765.9526, 4099.8188]]}}, {"type": "Feature", "properties": {"layer": "REGIAO_POLILINHAS"}, "geometry": {"type": "LineString", "coordinates": [[7765.9526, 4099.8188], [7781.163, 4086.8325]]}}, {"type": "Feature", "properties": {"layer": "REGIAO_POLILINHAS"}, "geometry": {"type": "LineString", "coordinates": [[7781.163, 4086.8325], [7775.6438, 4080.3681]]}}, {"type": "Feature", "properties": {"layer": "REGIAO_POLILINHAS"}, "geometry": {"type": "LineString", "coordinates": [[7773.5291, 4080.2013], [7773.7703, 4080.0332], [7774.0398, 4079.9154], [7774.327, 4079.8524], [7774.621, 4079.8467], [7774.9105, 4079.8984], [7775.1843, 4080.0057], [7775.4319, 4080.1642], [7775.6438, 4080.3681]]}}, {"type": "Feature", "properties": {"layer": "REGIAO_POLILINHAS"}, "geometry": {"type": "LineString", "coordinates": [[7773.5291, 4080.2013], [7759.4595, 4092.2136]]}}, {"type": "Feature", "properties": {"layer": "REGIAO_POLILINHAS"}, "geometry": {"type": "LineString", "coordinates": [[7834.2203, 4133.5757], [7839.7395, 4140.0401]]}}, {"type": "Feature", "properties": {"layer": "REGIAO_POLILINHAS"}, "geometry": {"type": "LineString", "coordinates": [[7841.8542, 4140.2069], [7841.6129, 4140.375], [7841.3435, 4140.4928], [7841.0563, 4140.5557], [7840.7623, 4140.5615], [7840.4728, 4140.5097], [7840.199, 4140.4025], [7839.9514, 4140.2439], [7839.7395, 4140.0401]]}}, {"type": "Feature", "properties": {"layer": "REGIAO_POLILINHAS"}, "geometry": {"type": "LineString", "coordinates": [[7841.8542, 4140.2069], [7855.9238, 4128.1945]]}}, {"type": "Feature", "properties": {"layer": "REGIAO_POLILINHAS"}, "geometry": {"type": "LineString", "coordinates": [[7855.9238, 4128.1945], [7849.4307, 4120.5894]]}}, {"type": "Feature", "properties": {"layer": "REGIAO_POLILINHAS"}, "geometry": {"type": "LineString", "coordinates": [[7849.4307, 4120.5894], [7834.2203, 4133.5757]]}}, {"type": "Feature", "properties": {"layer": "REGIAO_POLILINHAS"}, "geometry": {"type": "LineString", "coordinates": [[7827.7271, 4125.9705], [7834.2203, 4133.5757]]}}, {"type": "Feature", "properties": {"layer": "REGIAO_POLILINHAS"}, "geometry": {"type": "LineString", "coordinates": [[7834.2203, 4133.5757], [7849.4307, 4120.5894]]}}, {"type": "Feature", "properties": {"layer": "REGIAO_POLILINHAS"}, "geometry": {"type": "LineString", "coordinates": [[7849.4307, 4120.5894], [7842.9375, 4112.9842]]}}, {"type": "Feature", "properties": {"layer": "REGIAO_POLILINHAS"}, "geometry": {"type": "LineString", "coordinates": [[7842.9375, 4112.9842], [7827.7271, 4125.9705]]}}, {"type": "Feature", "properties": {"layer": "REGIAO_POLILINHAS"}, "geometry": {"type": "LineString", "coordinates": [[7821.234, 4118.3653], [7827.7271, 4125.9705]]}}, {"type": "Feature", "properties": {"layer": "REGIAO_POLILINHAS"}, "geometry": {"type": "LineString", "coordinates": [[7827.7271, 4125.9705], [7842.9375, 4112.9842]]}}, {"type": "Feature", "properties": {"layer": "REGIAO_POLILINHAS"}, "geometry": {"type": "LineString", "coordinates": [[7842.9375, 4112.9842], [7836.4444, 4105.379]]}}, {"type": "Feature", "properties": {"layer": "REGIAO_POLILINHAS"}, "geometry": {"type": "LineString", "coordinates": [[7836.4444, 4105.379], [7821.234, 4118.3653]]}}, {"type": "Feature", "properties": {"layer": "REGIAO_POLILINHAS"}, "geometry": {"type": "LineString", "coordinates": [[7814.7408, 4110.7601], [7821.234, 4118.3653]]}}, {"type": "Feature", "properties": {"layer": "REGIAO_POLILINHAS"}, "geometry": {"type": "LineString", "coordinates": [[7821.234, 4118.3653], [7836.4444, 4105.379]]}}, {"type": "Feature", "properties": {"layer": "REGIAO_POLILINHAS"}, "geometry": {"type": "LineString", "coordinates": [[7836.4444, 4105.379], [7829.9512, 4097.7738]]}}, {"type": "Feature", "properties": {"layer": "REGIAO_POLILINHAS"}, "geometry": {"type": "LineString", "coordinates": [[7829.9512, 4097.7738], [7814.7408, 4110.7601]]}}, {"type": "Feature", "properties": {"layer": "REGIAO_POLILINHAS"}, "geometry": {"type": "LineString", "coordinates": [[7808.2477, 4103.1549], [7814.7408, 4110.7601]]}}, {"type": "Feature", "properties": {"layer": "REGIAO_POLILINHAS"}, "geometry": {"type": "LineString", "coordinates": [[7814.7408, 4110.7601], [7829.9512, 4097.7738]]}}, {"type": "Feature", "properties": {"layer": "REGIAO_POLILINHAS"}, "geometry": {"type": "LineString", "coordinates": [[7829.9512, 4097.7738], [7823.458, 4090.1686]]}}, {"type": "Feature", "properties": {"layer": "REGIAO_POLILINHAS"}, "geometry": {"type": "LineString", "coordinates": [[7823.458, 4090.1686], [7808.2477, 4103.1549]]}}, {"type": "Feature", "properties": {"layer": "REGIAO_POLILINHAS"}, "geometry": {"type": "LineString", "coordinates": [[7801.7545, 4095.5497], [7808.2477, 4103.1549]]}}, {"type": "Feature", "properties": {"layer": "REGIAO_POLILINHAS"}, "geometry": {"type": "LineString", "coordinates": [[7808.2477, 4103.1549], [7823.458, 4090.1686]]}}, {"type": "Feature", "properties": {"layer": "REGIAO_POLILINHAS"}, "geometry": {"type": "LineString", "coordinates": [[7823.458, 4090.1686], [7816.9649, 4082.5634]]}}, {"type": "Feature", "properties": {"layer": "REGIAO_POLILINHAS"}, "geometry": {"type": "LineString", "coordinates": [[7816.9649, 4082.5634], [7801.7545, 4095.5497]]}}, {"type": "Feature", "properties": {"layer": "REGIAO_POLILINHAS"}, "geometry": {"type": "LineString", "coordinates": [[7795.2613, 4087.9445], [7801.7545, 4095.5497]]}}, {"type": "Feature", "properties": {"layer": "REGIAO_POLILINHAS"}, "geometry": {"type": "LineString", "coordinates": [[7801.7545, 4095.5497], [7816.9649, 4082.5634]]}}, {"type": "Feature", "properties": {"layer": "REGIAO_POLILINHAS"}, "geometry": {"type": "LineString", "coordinates": [[7816.9649, 4082.5634], [7810.4717, 4074.9582]]}}, {"type": "Feature", "properties": {"layer": "REGIAO_POLILINHAS"}, "geometry": {"type": "LineString", "coordinates": [[7810.4717, 4074.9582], [7795.2613, 4087.9445]]}}, {"type": "Feature", "properties": {"layer": "REGIAO_POLILINHAS"}, "geometry": {"type": "LineString", "coordinates": [[7788.7682, 4080.3393], [7795.2613, 4087.9445]]}}, {"type": "Feature", "properties": {"layer": "REGIAO_POLILINHAS"}, "geometry": {"type": "LineString", "coordinates": [[7795.2613, 4087.9445], [7810.4717, 4074.9582]]}}, {"type": "Feature", "properties": {"layer": "REGIAO_POLILINHAS"}, "geometry": {"type": "LineString", "coordinates": [[7810.4717, 4074.9582], [7803.9786, 4067.353]]}}, {"type": "Feature", "properties": {"layer": "REGIAO_POLILINHAS"}, "geometry": {"type": "LineString", "coordinates": [[7803.9786, 4067.353], [7788.7682, 4080.3393]]}}, {"type": "Feature", "properties": {"layer": "REGIAO_POLILINHAS"}, "geometry": {"type": "LineString", "coordinates": [[7797.4854, 4059.7478], [7783.4158, 4071.7602]]}}, {"type": "Feature", "properties": {"layer": "REGIAO_POLILINHAS"}, "geometry": {"type": "LineString", "coordinates": [[7783.249, 4073.8749], [7783.0809, 4073.6336], [7782.9631, 4073.3642], [7782.9002, 4073.077], [7782.8944, 4072.783], [7782.9462, 4072.4935], [7783.0534, 4072.2197], [7783.212, 4071.9721], [7783.4158, 4071.7602]]}}, {"type": "Feature", "properties": {"layer": "REGIAO_POLILINHAS"}, "geometry": {"type": "LineString", "coordinates": [[7783.249, 4073.8749], [7788.7682, 4080.3393]]}}, {"type": "Feature", "properties": {"layer": "REGIAO_POLILINHAS"}, "geometry": {"type": "LineString", "coordinates": [[7788.7682, 4080.3393], [7803.9786, 4067.353]]}}, {"type": "Feature", "properties": {"layer": "REGIAO_POLILINHAS"}, "geometry": {"type": "LineString", "coordinates": [[7803.9786, 4067.353], [7797.4854, 4059.7478]]}}, {"type": "Feature", "properties": {"layer": "REGIAO_POLILINHAS"}, "geometry": {"type": "LineString", "coordinates": [[7864.641, 4107.603], [7849.4307, 4120.5894]]}}, {"type": "Feature", "properties": {"layer": "REGIAO_POLILINHAS"}, "geometry": {"type": "LineString", "coordinates": [[7849.4307, 4120.5894], [7855.9238, 4128.1945]]}}, {"type": "Feature", "properties": {"layer": "REGIAO_POLILINHAS"}, "geometry": {"type": "LineString", "coordinates": [[7855.9238, 4128.1945], [7869.9934, 4116.1822]]}}, {"type": "Feature", "properties": {"layer": "REGIAO_POLILINHAS"}, "geometry": {"type": "LineString", "coordinates": [[7870.1602, 4114.0675], [7870.3283, 4114.3087], [7870.4461, 4114.5782], [7870.5091, 4114.8654], [7870.5148, 4115.1594], [7870.4631, 4115.4488], [7870.3558, 4115.7226], [7870.1973, 4115.9703], [7869.9934, 4116.1822]]}}, {"type": "Feature", "properties": {"layer": "REGIAO_POLILINHAS"}, "geometry": {"type": "LineString", "coordinates": [[7870.1602, 4114.0675], [7864.641, 4107.603]]}}, {"type": "Feature", "properties": {"layer": "REGIAO_POLILINHAS"}, "geometry": {"type": "LineString", "coordinates": [[7849.4307, 4120.5894], [7864.641, 4107.603]]}}, {"type": "Feature", "properties": {"layer": "REGIAO_POLILINHAS"}, "geometry": {"type": "LineString", "coordinates": [[7864.641, 4107.603], [7858.1479, 4099.9979]]}}, {"type": "Feature", "properties": {"layer": "REGIAO_POLILINHAS"}, "geometry": {"type": "LineString", "coordinates": [[7858.1479, 4099.9979], [7842.9375, 4112.9842]]}}, {"type": "Feature", "properties": {"layer": "REGIAO_POLILINHAS"}, "geometry": {"type": "LineString", "coordinates": [[7842.9375, 4112.9842], [7849.4307, 4120.5894]]}}, {"type": "Feature", "properties": {"layer": "REGIAO_POLILINHAS"}, "geometry": {"type": "LineString", "coordinates": [[7836.4444, 4105.379], [7842.9375, 4112.9842]]}}, {"type": "Feature", "properties": {"layer": "REGIAO_POLILINHAS"}, "geometry": {"type": "LineString", "coordinates": [[7842.9375, 4112.9842], [7858.1479, 4099.9979]]}}, {"type": "Feature", "properties": {"layer": "REGIAO_POLILINHAS"}, "geometry": {"type": "LineString", "coordinates": [[7858.1479, 4099.9979], [7851.6547, 4092.3927]]}}, {"type": "Feature", "properties": {"layer": "REGIAO_POLILINHAS"}, "geometry": {"type": "LineString", "coordinates": [[7851.6547, 4092.3927], [7836.4444, 4105.379]]}}, {"type": "Feature", "properties": {"layer": "REGIAO_POLILINHAS"}, "geometry": {"type": "LineString", "coordinates": [[7829.9512, 4097.7738], [7836.4444, 4105.379]]}}, {"type": "Feature", "properties": {"layer": "REGIAO_POLILINHAS"}, "geometry": {"type": "LineString", "coordinates": [[7836.4444, 4105.379], [7851.6547, 4092.3927]]}}, {"type": "Feature", "properties": {"layer": "REGIAO_POLILINHAS"}, "geometry": {"type": "LineString", "coordinates": [[7851.6547, 4092.3927], [7845.1616, 4084.7875]]}}, {"type": "Feature", "properties": {"layer": "REGIAO_POLILINHAS"}, "geometry": {"type": "LineString", "coordinates": [[7845.1616, 4084.7875], [7829.9512, 4097.7738]]}}, {"type": "Feature", "properties": {"layer": "REGIAO_POLILINHAS"}, "geometry": {"type": "LineString", "coordinates": [[7823.458, 4090.1686], [7829.9512, 4097.7738]]}}, {"type": "Feature", "properties": {"layer": "REGIAO_POLILINHAS"}, "geometry": {"type": "LineString", "coordinates": [[7829.9512, 4097.7738], [7845.1616, 4084.7875]]}}, {"type": "Feature", "properties": {"layer": "REGIAO_POLILINHAS"}, "geometry": {"type": "LineString", "coordinates": [[7845.1616, 4084.7875], [7838.6684, 4077.1823]]}}, {"type": "Feature", "properties": {"layer": "REGIAO_POLILINHAS"}, "geometry": {"type": "LineString", "coordinates": [[7838.6684, 4077.1823], [7823.458, 4090.1686]]}}, {"type": "Feature", "properties": {"layer": "REGIAO_POLILINHAS"}, "geometry": {"type": "LineString", "coordinates": [[7816.9649, 4082.5634], [7823.458, 4090.1686]]}}, {"type": "Feature", "properties": {"layer": "REGIAO_POLILINHAS"}, "geometry": {"type": "LineString", "coordinates": [[7823.458, 4090.1686], [7838.6684, 4077.1823]]}}, {"type": "Feature", "properties": {"layer": "REGIAO_POLILINHAS"}, "geometry": {"type": "LineString", "coordinates": [[7838.6684, 4077.1823], [7832.1753, 4069.5771]]}}, {"type": "Feature", "properties": {"layer": "REGIAO_POLILINHAS"}, "geometry": {"type": "LineString", "coordinates": [[7832.1753, 4069.5771], [7816.9649, 4082.5634]]}}, {"type": "Feature", "properties": {"layer": "REGIAO_POLILINHAS"}, "geometry": {"type": "LineString", "coordinates": [[7810.4717, 4074.9582], [7816.9649, 4082.5634]]}}, {"type": "Feature", "properties": {"layer": "REGIAO_POLILINHAS"}, "geometry": {"type": "LineString", "coordinates": [[7816.9649, 4082.5634], [7832.1753, 4069.5771]]}}, {"type": "Feature", "properties": {"layer": "REGIAO_POLILINHAS"}, "geometry": {"type": "LineString", "coordinates": [[7832.1753, 4069.5771], [7825.6821, 4061.9719]]}}, {"type": "Feature", "properties": {"layer": "REGIAO_POLILINHAS"}, "geometry": {"type": "LineString", "coordinates": [[7825.6821, 4061.9719], [7810.4717, 4074.9582]]}}, {"type": "Feature", "properties": {"layer": "REGIAO_POLILINHAS"}, "geometry": {"type": "LineString", "coordinates": [[7803.9786, 4067.353], [7810.4717, 4074.9582]]}}, {"type": "Feature", "properties": {"layer": "REGIAO_POLILINHAS"}, "geometry": {"type": "LineString", "coordinates": [[7810.4717, 4074.9582], [7825.6821, 4061.9719]]}}, {"type": "Feature", "properties": {"layer": "REGIAO_POLILINHAS"}, "geometry": {"type": "LineString", "coordinates": [[7825.6821, 4061.9719], [7819.189, 4054.3667]]}}, {"type": "Feature", "properties": {"layer": "REGIAO_POLILINHAS"}, "geometry": {"type": "LineString", "coordinates": [[7819.189, 4054.3667], [7803.9786, 4067.353]]}}, {"type": "Feature", "properties": {"layer": "REGIAO_POLILINHAS"}, "geometry": {"type": "LineString", "coordinates": [[7797.4854, 4059.7478], [7803.9786, 4067.353]]}}, {"type": "Feature", "properties": {"layer": "REGIAO_POLILINHAS"}, "geometry": {"type": "LineString", "coordinates": [[7803.9786, 4067.353], [7819.189, 4054.3667]]}}, {"type": "Feature", "properties": {"layer": "REGIAO_POLILINHAS"}, "geometry": {"type": "LineString", "coordinates": [[7819.189, 4054.3667], [7813.6698, 4047.9023]]}}, {"type": "Feature", "properties": {"layer": "REGIAO_POLILINHAS"}, "geometry": {"type": "LineString", "coordinates": [[7811.555, 4047.7355], [7811.7963, 4047.5674], [7812.0657, 4047.4496], [7812.353, 4047.3866], [7812.6469, 4047.3809], [7812.9364, 4047.4327], [7813.2102, 4047.5399], [7813.4578, 4047.6985], [7813.6698, 4047.9023]]}}, {"type": "Feature", "properties": {"layer": "REGIAO_POLILINHAS"}, "geometry": {"type": "LineString", "coordinates": [[7811.555, 4047.7355], [7797.4854, 4059.7478]]}}, {"type": "Feature", "properties": {"layer": "REGIAO_POLILINHAS"}, "geometry": {"type": "LineString", "coordinates": [[7831.9962, 4161.7724], [7824.391, 4168.2655]]}}, {"type": "Feature", "properties": {"layer": "REGIAO_POLILINHAS"}, "geometry": {"type": "LineString", "coordinates": [[7824.391, 4168.2655], [7837.3773, 4183.4759]]}}, {"type": "Feature", "properties": {"layer": "REGIAO_POLILINHAS"}, "geometry": {"type": "LineString", "coordinates": [[7837.3773, 4183.4759], [7844.9825, 4176.9827]]}}, {"type": "Feature", "properties": {"layer": "REGIAO_POLILINHAS"}, "geometry": {"type": "LineString", "coordinates": [[7844.9825, 4176.9827], [7831.9962, 4161.7724]]}}, {"type": "Feature", "properties": {"layer": "REGIAO_POLILINHAS"}, "geometry": {"type": "LineString", "coordinates": [[7839.6014, 4155.2792], [7831.9962, 4161.7724]]}}, {"type": "Feature", "properties": {"layer": "REGIAO_POLILINHAS"}, "geometry": {"type": "LineString", "coordinates": [[7831.9962, 4161.7724], [7844.9825, 4176.9827]]}}, {"type": "Feature", "properties": {"layer": "REGIAO_POLILINHAS"}, "geometry": {"type": "LineString", "coordinates": [[7844.9825, 4176.9827], [7852.5877, 4170.4896]]}}, {"type": "Feature", "properties": {"layer": "REGIAO_POLILINHAS"}, "geometry": {"type": "LineString", "coordinates": [[7852.5877, 4170.4896], [7839.6014, 4155.2792]]}}, {"type": "Feature", "properties": {"layer": "REGIAO_POLILINHAS"}, "geometry": {"type": "LineString", "coordinates": [[7847.2066, 4148.786], [7839.6014, 4155.2792]]}}, {"type": "Feature", "properties": {"layer": "REGIAO_POLILINHAS"}, "geometry": {"type": "LineString", "coordinates": [[7839.6014, 4155.2792], [7852.5877, 4170.4896]]}}, {"type": "Feature", "properties": {"layer": "REGIAO_POLILINHAS"}, "geometry": {"type": "LineString", "coordinates": [[7852.5877, 4170.4896], [7860.1929, 4163.9964]]}}, {"type": "Feature", "properties": {"layer": "REGIAO_POLILINHAS"}, "geometry": {"type": "LineString", "coordinates": [[7860.1929, 4163.9964], [7847.2066, 4148.786]]}}, {"type": "Feature", "properties": {"layer": "REGIAO_POLILINHAS"}, "geometry": {"type": "LineString", "coordinates": [[7854.8118, 4142.2929], [7847.2066, 4148.786]]}}, {"type": "Feature", "properties": {"layer": "REGIAO_POLILINHAS"}, "geometry": {"type": "LineString", "coordinates": [[7847.2066, 4148.786], [7860.1929, 4163.9964]]}}, {"type": "Feature", "properties": {"layer": "REGIAO_POLILINHAS"}, "geometry": {"type": "LineString", "coordinates": [[7860.1929, 4163.9964], [7867.7981, 4157.5033]]}}, {"type": "Feature", "properties": {"layer": "REGIAO_POLILINHAS"}, "geometry": {"type": "LineString", "coordinates": [[7867.7981, 4157.5033], [7854.8118, 4142.2929]]}}, {"type": "Feature", "properties": {"layer": "REGIAO_POLILINHAS"}, "geometry": {"type": "LineString", "coordinates": [[7862.417, 4135.7997], [7854.8118, 4142.2929]]}}, {"type": "Feature", "properties": {"layer": "REGIAO_POLILINHAS"}, "geometry": {"type": "LineString", "coordinates": [[7854.8118, 4142.2929], [7867.7981, 4157.5033]]}}, {"type": "Feature", "properties": {"layer": "REGIAO_POLILINHAS"}, "geometry": {"type": "LineString", "coordinates": [[7867.7981, 4157.5033], [7875.4033, 4151.0101]]}}, {"type": "Feature", "properties": {"layer": "REGIAO_POLILINHAS"}, "geometry": {"type": "LineString", "coordinates": [[7875.4033, 4151.0101], [7862.417, 4135.7997]]}}, {"type": "Feature", "properties": {"layer": "REGIAO_POLILINHAS"}, "geometry": {"type": "LineString", "coordinates": [[7870.0222, 4129.3066], [7862.417, 4135.7997]]}}, {"type": "Feature", "properties": {"layer": "REGIAO_POLILINHAS"}, "geometry": {"type": "LineString", "coordinates": [[7862.417, 4135.7997], [7875.4033, 4151.0101]]}}, {"type": "Feature", "properties": {"layer": "REGIAO_POLILINHAS"}, "geometry": {"type": "LineString", "coordinates": [[7875.4033, 4151.0101], [7883.0085, 4144.517]]}}, {"type": "Feature", "properties": {"layer": "REGIAO_POLILINHAS"}, "geometry": {"type": "LineString", "coordinates": [[7883.0085, 4144.517], [7870.0222, 4129.3066]]}}, {"type": "Feature", "properties": {"layer": "REGIAO_POLILINHAS"}, "geometry": {"type": "LineString", "coordinates": [[7877.6274, 4122.8134], [7870.0222, 4129.3066]]}}, {"type": "Feature", "properties": {"layer": "REGIAO_POLILINHAS"}, "geometry": {"type": "LineString", "coordinates": [[7870.0222, 4129.3066], [7883.0085, 4144.517]]}}, {"type": "Feature", "properties": {"layer": "REGIAO_POLILINHAS"}, "geometry": {"type": "LineString", "coordinates": [[7883.0085, 4144.517], [7890.6137, 4138.0238]]}}, {"type": "Feature", "properties": {"layer": "REGIAO_POLILINHAS"}, "geometry": {"type": "LineString", "coordinates": [[7890.6137, 4138.0238], [7877.6274, 4122.8134]]}}, {"type": "Feature", "properties": {"layer": "REGIAO_POLILINHAS"}, "geometry": {"type": "LineString", "coordinates": [[7885.2325, 4116.3203], [7877.6274, 4122.8134]]}}, {"type": "Feature", "properties": {"layer": "REGIAO_POLILINHAS"}, "geometry": {"type": "LineString", "coordinates": [[7877.6274, 4122.8134], [7890.6137, 4138.0238]]}}, {"type": "Feature", "properties": {"layer": "REGIAO_POLILINHAS"}, "geometry": {"type": "LineString", "coordinates": [[7890.6137, 4138.0238], [7898.2189, 4131.5307]]}}, {"type": "Feature", "properties": {"layer": "REGIAO_POLILINHAS"}, "geometry": {"type": "LineString", "coordinates": [[7898.2189, 4131.5307], [7885.2325, 4116.3203]]}}, {"type": "Feature", "properties": {"layer": "REGIAO_POLILINHAS"}, "geometry": {"type": "LineString", "coordinates": [[7879.941, 4048.5191], [7849.5202, 4074.4917]]}}, {"type": "Feature", "properties": {"layer": "REGIAO_POLILINHAS"}, "geometry": {"type": "LineString", "coordinates": [[7849.5202, 4074.4917], [7868.9997, 4097.3073]]}}, {"type": "Feature", "properties": {"layer": "REGIAO_POLILINHAS"}, "geometry": {"type": "LineString", "coordinates": [[7868.9997, 4097.3073], [7899.4204, 4071.3347]]}}, {"type": "Feature", "properties": {"layer": "REGIAO_POLILINHAS"}, "geometry": {"type": "LineString", "coordinates": [[7899.4204, 4071.3347], [7879.941, 4048.5191]]}}, {"type": "Feature", "properties": {"layer": "PDF_REGIAO_POLILINHAS"}, "geometry": {"type": "LineString", "coordinates": [[6868.0775, 3843.5379], [6876.8697, 3870.0689]]}}, {"type": "Feature", "properties": {"layer": "PDF_REGIAO_POLILINHAS"}, "geometry": {"type": "LineString", "coordinates": [[6876.8697, 3870.0689], [6886.3304, 3868.4235]]}}, {"type": "Feature", "properties": {"layer": "PDF_REGIAO_POLILINHAS"}, "geometry": {"type": "LineString", "coordinates": [[6886.3304, 3868.4235], [6877.5381, 3841.7897]]}}, {"type": "Feature", "properties": {"layer": "PDF_REGIAO_POLILINHAS"}, "geometry": {"type": "LineString", "coordinates": [[6877.5381, 3841.7897], [6868.0775, 3843.5379]]}}, {"type": "Feature", "properties": {"layer": "PDF_REGIAO_POLILINHAS"}, "geometry": {"type": "LineString", "coordinates": [[6877.5381, 3841.7897], [6886.3304, 3868.4235]]}}, {"type": "Feature", "properties": {"layer": "PDF_REGIAO_POLILINHAS"}, "geometry": {"type": "LineString", "coordinates": [[6886.3304, 3868.4235], [6896.2024, 3866.5725]]}}, {"type": "Feature", "properties": {"layer": "PDF_REGIAO_POLILINHAS"}, "geometry": {"type": "LineString", "coordinates": [[6896.2024, 3866.5725], [6887.3587, 3839.9387]]}}, {"type": "Feature", "properties": {"layer": "PDF_REGIAO_POLILINHAS"}, "geometry": {"type": "LineString", "coordinates": [[6887.3587, 3839.9387], [6877.5381, 3841.7897]]}}, {"type": "Feature", "properties": {"layer": "PDF_REGIAO_POLILINHAS"}, "geometry": {"type": "LineString", "coordinates": [[6891.5235, 3839.1674], [6887.3587, 3839.9387]]}}, {"type": "Feature", "properties": {"layer": "PDF_REGIAO_POLILINHAS"}, "geometry": {"type": "LineString", "coordinates": [[6887.3587, 3839.9387], [6896.2024, 3866.5725]]}}, {"type": "Feature", "properties": {"layer": "PDF_REGIAO_POLILINHAS"}, "geometry": {"type": "LineString", "coordinates": [[6896.2024, 3866.5725], [6907.9254, 3864.9272]]}}, {"type": "Feature", "properties": {"layer": "PDF_REGIAO_POLILINHAS"}, "geometry": {"type": "LineString", "coordinates": [[6907.9254, 3864.9272], [6898.8761, 3838.3448]]}}, {"type": "Feature", "properties": {"layer": "PDF_REGIAO_POLILINHAS"}, "geometry": {"type": "LineString", "coordinates": [[6898.8761, 3838.3448], [6891.5235, 3839.1674]]}}, {"type": "Feature", "properties": {"layer": "PDF_REGIAO_POLILINHAS"}, "geometry": {"type": "LineString", "coordinates": [[6905.3546, 3837.6249], [6898.8761, 3838.3448]]}}, {"type": "Feature", "properties": {"layer": "PDF_REGIAO_POLILINHAS"}, "geometry": {"type": "LineString", "coordinates": [[6898.8761, 3838.3448], [6907.9254, 3864.9272]]}}, {"type": "Feature", "properties": {"layer": "PDF_REGIAO_POLILINHAS"}, "geometry": {"type": "LineString", "coordinates": [[6907.9254, 3864.9272], [6917.746, 3863.179]]}}, {"type": "Feature", "properties": {"layer": "PDF_REGIAO_POLILINHAS"}, "geometry": {"type": "LineString", "coordinates": [[6917.746, 3863.179], [6908.7995, 3837.0079]]}}, {"type": "Feature", "properties": {"layer": "PDF_REGIAO_POLILINHAS"}, "geometry": {"type": "LineString", "coordinates": [[6908.7995, 3837.0079], [6905.3546, 3837.6249]]}}, {"type": "Feature", "properties": {"layer": "PDF_REGIAO_POLILINHAS"}, "geometry": {"type": "LineString", "coordinates": [[6908.7995, 3837.0079], [6917.746, 3863.179]]}}, {"type": "Feature", "properties": {"layer": "PDF_REGIAO_POLILINHAS"}, "geometry": {"type": "LineString", "coordinates": [[6917.746, 3863.179], [6925.6127, 3861.5851]]}}, {"type": "Feature", "properties": {"layer": "PDF_REGIAO_POLILINHAS"}, "geometry": {"type": "LineString", "coordinates": [[6925.6127, 3861.5851], [6916.6662, 3835.5169]]}}, {"type": "Feature", "properties": {"layer": "PDF_REGIAO_POLILINHAS"}, "geometry": {"type": "LineString", "coordinates": [[6916.6662, 3835.5169], [6908.7995, 3837.0079]]}}, {"type": "Feature", "properties": {"layer": "PDF_REGIAO_POLILINHAS"}, "geometry": {"type": "LineString", "coordinates": [[6916.6662, 3835.5169], [6925.6127, 3861.5851]]}}, {"type": "Feature", "properties": {"layer": "PDF_REGIAO_POLILINHAS"}, "geometry": {"type": "LineString", "coordinates": [[6925.6127, 3861.5851], [6936.1531, 3859.4256]]}}, {"type": "Feature", "properties": {"layer": "PDF_REGIAO_POLILINHAS"}, "geometry": {"type": "LineString", "coordinates": [[6936.1531, 3859.4256], [6927.1552, 3833.6144]]}}, {"type": "Feature", "properties": {"layer": "PDF_REGIAO_POLILINHAS"}, "geometry": {"type": "LineString", "coordinates": [[6927.1552, 3833.6144], [6916.6662, 3835.5169]]}}, {"type": "Feature", "properties": {"layer": "PDF_REGIAO_POLILINHAS"}, "geometry": {"type": "LineString", "coordinates": [[6927.1552, 3833.6144], [6936.1531, 3859.4256]]}}, {"type": "Feature", "properties": {"layer": "PDF_REGIAO_POLILINHAS"}, "geometry": {"type": "LineString", "coordinates": [[6936.1531, 3859.4256], [6952.6579, 3856.1349]]}}, {"type": "Feature", "properties": {"layer": "PDF_REGIAO_POLILINHAS"}, "geometry": {"type": "LineString", "coordinates": [[6952.6579, 3856.1349], [6943.6086, 3830.5294]]}}, {"type": "Feature", "properties": {"layer": "PDF_REGIAO_POLILINHAS"}, "geometry": {"type": "LineString", "coordinates": [[6943.6086, 3830.5294], [6927.1552, 3833.6144]]}}, {"type": "Feature", "properties": {"layer": "PDF_REGIAO_POLILINHAS"}, "geometry": {"type": "LineString", "coordinates": [[6943.6086, 3830.5294], [6952.6579, 3856.1349]]}}, {"type": "Feature", "properties": {"layer": "PDF_REGIAO_POLILINHAS"}, "geometry": {"type": "LineString", "coordinates": [[6952.6579, 3856.1349], [6967.3631, 3853.6155]]}}, {"type": "Feature", "properties": {"layer": "PDF_REGIAO_POLILINHAS"}, "geometry": {"type": "LineString", "coordinates": [[6967.3631, 3853.6155], [6958.3651, 3827.8044]]}}, {"type": "Feature", "properties": {"layer": "PDF_REGIAO_POLILINHAS"}, "geometry": {"type": "LineString", "coordinates": [[6958.3651, 3827.8044], [6943.6086, 3830.5294]]}}, {"type": "Feature", "properties": {"layer": "PDF_REGIAO_POLILINHAS"}, "geometry": {"type": "LineString", "coordinates": [[6958.3651, 3827.8044], [6967.3631, 3853.6155]]}}, {"type": "Feature", "properties": {"layer": "PDF_REGIAO_POLILINHAS"}, "geometry": {"type": "LineString", "coordinates": [[6977.0294, 3851.5074], [6967.9286, 3826.0048]]}}, {"type": "Feature", "properties": {"layer": "PDF_REGIAO_POLILINHAS"}, "geometry": {"type": "LineString", "coordinates": [[6967.9286, 3826.0048], [6958.3651, 3827.8044]]}}, {"type": "Feature", "properties": {"layer": "PDF_REGIAO_POLILINHAS"}, "geometry": {"type": "LineString", "coordinates": [[6967.9286, 3826.0048], [6977.0294, 3851.5074]]}}, {"type": "Feature", "properties": {"layer": "PDF_REGIAO_POLILINHAS"}, "geometry": {"type": "LineString", "coordinates": [[6977.0294, 3851.5074], [6986.9014, 3849.6564]]}}, {"type": "Feature", "properties": {"layer": "PDF_REGIAO_POLILINHAS"}, "geometry": {"type": "LineString", "coordinates": [[6986.9014, 3849.6564], [6977.7492, 3824.2052]]}}, {"type": "Feature", "properties": {"layer": "PDF_REGIAO_POLILINHAS"}, "geometry": {"type": "LineString", "coordinates": [[6977.7492, 3824.2052], [6967.9286, 3826.0048]]}}, {"type": "Feature", "properties": {"layer": "PDF_REGIAO_POLILINHAS"}, "geometry": {"type": "LineString", "coordinates": [[6984.8447, 3822.8684], [6977.7492, 3824.2052]]}}, {"type": "Feature", "properties": {"layer": "PDF_REGIAO_POLILINHAS"}, "geometry": {"type": "LineString", "coordinates": [[6977.7492, 3824.2052], [6986.9014, 3849.6564]]}}, {"type": "Feature", "properties": {"layer": "PDF_REGIAO_POLILINHAS"}, "geometry": {"type": "LineString", "coordinates": [[6986.9014, 3849.6564], [6996.4649, 3847.4969]]}}, {"type": "Feature", "properties": {"layer": "PDF_REGIAO_POLILINHAS"}, "geometry": {"type": "LineString", "coordinates": [[6996.4649, 3847.4969], [6987.3127, 3821.9943]]}}, {"type": "Feature", "properties": {"layer": "PDF_REGIAO_POLILINHAS"}, "geometry": {"type": "LineString", "coordinates": [[6987.3127, 3821.9943], [6996.4649, 3847.4969]]}}, {"type": "Feature", "properties": {"layer": "PDF_REGIAO_POLILINHAS"}, "geometry": {"type": "LineString", "coordinates": [[6996.4649, 3847.4969], [7005.5656, 3843.7949]]}}, {"type": "Feature", "properties": {"layer": "PDF_REGIAO_POLILINHAS"}, "geometry": {"type": "LineString", "coordinates": [[7005.5656, 3843.7949], [6996.6191, 3818.755]]}}, {"type": "Feature", "properties": {"layer": "PDF_REGIAO_POLILINHAS"}, "geometry": {"type": "LineString", "coordinates": [[6996.6191, 3818.755], [6987.3127, 3821.9943]]}}, {"type": "Feature", "properties": {"layer": "PDF_REGIAO_POLILINHAS"}, "geometry": {"type": "LineString", "coordinates": [[6996.6191, 3818.755], [7005.5656, 3843.7949]]}}, {"type": "Feature", "properties": {"layer": "PDF_REGIAO_POLILINHAS"}, "geometry": {"type": "LineString", "coordinates": [[7005.5656, 3843.7949], [7025.104, 3836.5966]]}}, {"type": "Feature", "properties": {"layer": "PDF_REGIAO_POLILINHAS"}, "geometry": {"type": "LineString", "coordinates": [[7025.104, 3836.5966], [7016.2603, 3811.9166]]}}, {"type": "Feature", "properties": {"layer": "PDF_REGIAO_POLILINHAS"}, "geometry": {"type": "LineString", "coordinates": [[7016.2603, 3811.9166], [6996.6191, 3818.755]]}}, {"type": "Feature", "properties": {"layer": "PDF_REGIAO_POLILINHAS"}, "geometry": {"type": "LineString", "coordinates": [[7016.2603, 3811.9166], [7025.104, 3836.5966]]}}, {"type": "Feature", "properties": {"layer": "PDF_REGIAO_POLILINHAS"}, "geometry": {"type": "LineString", "coordinates": [[7025.104, 3836.5966], [7038.0096, 3831.9177]]}}, {"type": "Feature", "properties": {"layer": "PDF_REGIAO_POLILINHAS"}, "geometry": {"type": "LineString", "coordinates": [[7038.0096, 3831.9177], [7029.423, 3807.2891]]}}, {"type": "Feature", "properties": {"layer": "PDF_REGIAO_POLILINHAS"}, "geometry": {"type": "LineString", "coordinates": [[7029.423, 3807.2891], [7016.2603, 3811.9166]]}}, {"type": "Feature", "properties": {"layer": "PDF_REGIAO_POLILINHAS"}, "geometry": {"type": "LineString", "coordinates": [[6862.3702, 3844.5662], [6857.5885, 3845.1318]]}}, {"type": "Feature", "properties": {"layer": "PDF_REGIAO_POLILINHAS"}, "geometry": {"type": "LineString", "coordinates": [[6857.5885, 3845.1318], [6866.2265, 3871.817]]}}, {"type": "Feature", "properties": {"layer": "PDF_REGIAO_POLILINHAS"}, "geometry": {"type": "LineString", "coordinates": [[6866.2265, 3871.817], [6876.8697, 3870.0689]]}}, {"type": "Feature", "properties": {"layer": "PDF_REGIAO_POLILINHAS"}, "geometry": {"type": "LineString", "coordinates": [[6876.8697, 3870.0689], [6868.0775, 3843.5379]]}}, {"type": "Feature", "properties": {"layer": "PDF_REGIAO_POLILINHAS"}, "geometry": {"type": "LineString", "coordinates": [[6868.0775, 3843.5379], [6862.3702, 3844.5662]]}}, {"type": "Feature", "properties": {"layer": "PDF_REGIAO_POLILINHAS"}, "geometry": {"type": "LineString", "coordinates": [[7078.0117, 3789.3447], [7029.423, 3807.2891]]}}, {"type": "Feature", "properties": {"layer": "PDF_REGIAO_POLILINHAS"}, "geometry": {"type": "LineString", "coordinates": [[7029.423, 3807.2891], [7038.0096, 3831.9177]]}}, {"type": "Feature", "properties": {"layer": "PDF_REGIAO_POLILINHAS"}, "geometry": {"type": "LineString", "coordinates": [[7038.0096, 3831.9177], [7047.5216, 3859.0143]]}}, {"type": "Feature", "properties": {"layer": "PDF_REGIAO_POLILINHAS"}, "geometry": {"type": "LineString", "coordinates": [[7047.5216, 3859.0143], [7050.8123, 3856.1349]]}}, {"type": "Feature", "properties": {"layer": "PDF_REGIAO_POLILINHAS"}, "geometry": {"type": "LineString", "coordinates": [[7050.8123, 3856.1349], [7078.3716, 3794.3835]]}}, {"type": "Feature", "properties": {"layer": "PDF_REGIAO_POLILINHAS"}, "geometry": {"type": "LineString", "coordinates": [[7078.3716, 3794.3835], [7079.8627, 3791.4528]]}}, {"type": "Feature", "properties": {"layer": "PDF_REGIAO_POLILINHAS"}, "geometry": {"type": "LineString", "coordinates": [[7077.9485, 3789.3782], [7078.2402, 3789.3077], [7078.5402, 3789.296], [7078.8366, 3789.3437], [7079.1177, 3789.4488], [7079.3727, 3789.6072], [7079.5915, 3789.8127], [7079.7655, 3790.0573], [7079.888, 3790.3314], [7079.954, 3790.6242], [7079.9611, 3790.9243], [7079.909, 3791.2199], [7079.7996, 3791.4995]]}}, {"type": "Feature", "properties": {"layer": "PDF_REGIAO_POLILINHAS"}, "geometry": {"type": "LineString", "coordinates": [[6865.558, 3871.9199], [6866.2265, 3871.817]]}}, {"type": "Feature", "properties": {"layer": "PDF_REGIAO_POLILINHAS"}, "geometry": {"type": "LineString", "coordinates": [[6866.2265, 3871.817], [6857.5885, 3845.1318]]}}, {"type": "Feature", "properties": {"layer": "PDF_REGIAO_POLILINHAS"}, "geometry": {"type": "LineString", "coordinates": [[6857.5885, 3845.1318], [6845.557, 3846.52]]}}, {"type": "Feature", "properties": {"layer": "PDF_REGIAO_POLILINHAS"}, "geometry": {"type": "LineString", "coordinates": [[6845.557, 3846.52], [6865.558, 3871.9199]]}}, {"type": "Feature", "properties": {"layer": "PDF_REGIAO_POLILINHAS"}, "geometry": {"type": "LineString", "coordinates": [[6865.558, 3871.9199], [6934.3021, 3959.1739]]}}, {"type": "Feature", "properties": {"layer": "PDF_REGIAO_POLILINHAS"}, "geometry": {"type": "LineString", "coordinates": [[6934.3021, 3959.1739], [7047.5216, 3859.0143]]}}, {"type": "Feature", "properties": {"layer": "PDF_REGIAO_POLILINHAS"}, "geometry": {"type": "LineString", "coordinates": [[7047.5216, 3859.0143], [7038.0096, 3831.9177]]}}, {"type": "Feature", "properties": {"layer": "PDF_REGIAO_POLILINHAS"}, "geometry": {"type": "LineString", "coordinates": [[7038.0096, 3831.9177], [7025.104, 3836.5966]]}}, {"type": "Feature", "properties": {"layer": "PDF_REGIAO_POLILINHAS"}, "geometry": {"type": "LineString", "coordinates": [[7025.104, 3836.5966], [7005.5656, 3843.7949]]}}, {"type": "Feature", "properties": {"layer": "PDF_REGIAO_POLILINHAS"}, "geometry": {"type": "LineString", "coordinates": [[7005.5656, 3843.7949], [6996.4649, 3847.4969]]}}, {"type": "Feature", "properties": {"layer": "PDF_REGIAO_POLILINHAS"}, "geometry": {"type": "LineString", "coordinates": [[6996.4649, 3847.4969], [6986.9014, 3849.6564]]}}, {"type": "Feature", "properties": {"layer": "PDF_REGIAO_POLILINHAS"}, "geometry": {"type": "LineString", "coordinates": [[6986.9014, 3849.6564], [6977.0294, 3851.5074]]}}, {"type": "Feature", "properties": {"layer": "PDF_REGIAO_POLILINHAS"}, "geometry": {"type": "LineString", "coordinates": [[6977.0294, 3851.5074], [6967.3631, 3853.6155]]}}, {"type": "Feature", "properties": {"layer": "PDF_REGIAO_POLILINHAS"}, "geometry": {"type": "LineString", "coordinates": [[6967.3631, 3853.6155], [6952.6579, 3856.1349]]}}, {"type": "Feature", "properties": {"layer": "PDF_REGIAO_POLILINHAS"}, "geometry": {"type": "LineString", "coordinates": [[6952.6579, 3856.1349], [6936.1531, 3859.4256]]}}, {"type": "Feature", "properties": {"layer": "PDF_REGIAO_POLILINHAS"}, "geometry": {"type": "LineString", "coordinates": [[6936.1531, 3859.4256], [6925.6127, 3861.5851]]}}, {"type": "Feature", "properties": {"layer": "PDF_REGIAO_POLILINHAS"}, "geometry": {"type": "LineString", "coordinates": [[6925.6127, 3861.5851], [6917.746, 3863.179]]}}, {"type": "Feature", "properties": {"layer": "PDF_REGIAO_POLILINHAS"}, "geometry": {"type": "LineString", "coordinates": [[6917.746, 3863.179], [6907.9254, 3864.9272]]}}, {"type": "Feature", "properties": {"layer": "PDF_REGIAO_POLILINHAS"}, "geometry": {"type": "LineString", "coordinates": [[6907.9254, 3864.9272], [6896.2024, 3866.5725]]}}, {"type": "Feature", "properties": {"layer": "PDF_REGIAO_POLILINHAS"}, "geometry": {"type": "LineString", "coordinates": [[6896.2024, 3866.5725], [6886.3304, 3868.4235]]}}, {"type": "Feature", "properties": {"layer": "PDF_REGIAO_POLILINHAS"}, "geometry": {"type": "LineString", "coordinates": [[6886.3304, 3868.4235], [6876.8697, 3870.0689]]}}, {"type": "Feature", "properties": {"layer": "PDF_REGIAO_POLILINHAS"}, "geometry": {"type": "LineString", "coordinates": [[6876.8697, 3870.0689], [6866.2265, 3871.817]]}}, {"type": "Feature", "properties": {"layer": "PDF_REGIAO_POLILINHAS"}, "geometry": {"type": "LineString", "coordinates": [[6866.2265, 3871.817], [6865.558, 3871.9199]]}}, {"type": "Feature", "properties": {"layer": "PDF_REGIAO_POLILINHAS"}, "geometry": {"type": "LineString", "coordinates": [[7003.3849, 3735.6946], [7033.1552, 3731.6327]]}}, {"type": "Feature", "properties": {"layer": "PDF_REGIAO_POLILINHAS"}, "geometry": {"type": "LineString", "coordinates": [[7001.4825, 3723.8174], [7031.3042, 3719.7555]]}}, {"type": "Feature", "properties": {"layer": "PDF_REGIAO_POLILINHAS"}, "geometry": {"type": "LineString", "coordinates": [[6999.6315, 3711.9401], [7029.4532, 3707.8782]]}}, {"type": "Feature", "properties": {"layer": "PDF_REGIAO_POLILINHAS"}, "geometry": {"type": "LineString", "coordinates": [[6997.7805, 3700.0629], [7027.5508, 3696.001]]}}, {"type": "Feature", "properties": {"layer": "PDF_REGIAO_POLILINHAS"}, "geometry": {"type": "LineString", "coordinates": [[6995.8781, 3688.1856], [7025.6998, 3684.1237]]}}, {"type": "Feature", "properties": {"layer": "PDF_REGIAO_POLILINHAS"}, "geometry": {"type": "LineString", "coordinates": [[6994.0271, 3676.3084], [7023.8488, 3672.2465]]}}, {"type": "Feature", "properties": {"layer": "PDF_REGIAO_POLILINHAS"}, "geometry": {"type": "LineString", "coordinates": [[6992.1761, 3664.4311], [7021.9463, 3660.3692]]}}, {"type": "Feature", "properties": {"layer": "PDF_REGIAO_POLILINHAS"}, "geometry": {"type": "LineString", "coordinates": [[6990.3251, 3652.5539], [7020.0953, 3648.492]]}}, {"type": "Feature", "properties": {"layer": "PDF_REGIAO_POLILINHAS"}, "geometry": {"type": "LineString", "coordinates": [[6988.834, 3643.1961], [6990.3251, 3652.5539]]}}, {"type": "Feature", "properties": {"layer": "PDF_REGIAO_POLILINHAS"}, "geometry": {"type": "LineString", "coordinates": [[6990.3251, 3652.5539], [7020.0953, 3648.492]]}}, {"type": "Feature", "properties": {"layer": "PDF_REGIAO_POLILINHAS"}, "geometry": {"type": "LineString", "coordinates": [[7020.0953, 3648.492], [7018.5014, 3638.2086]]}}, {"type": "Feature", "properties": {"layer": "PDF_REGIAO_POLILINHAS"}, "geometry": {"type": "LineString", "coordinates": [[7018.5014, 3638.2086], [6988.834, 3643.1961]]}}, {"type": "Feature", "properties": {"layer": "PDF_REGIAO_POLILINHAS"}, "geometry": {"type": "LineString", "coordinates": [[6990.3251, 3652.5539], [6992.1761, 3664.4311]]}}, {"type": "Feature", "properties": {"layer": "PDF_REGIAO_POLILINHAS"}, "geometry": {"type": "LineString", "coordinates": [[6992.1761, 3664.4311], [7021.9463, 3660.3692]]}}, {"type": "Feature", "properties": {"layer": "PDF_REGIAO_POLILINHAS"}, "geometry": {"type": "LineString", "coordinates": [[7021.9463, 3660.3692], [7020.0953, 3648.492]]}}, {"type": "Feature", "properties": {"layer": "PDF_REGIAO_POLILINHAS"}, "geometry": {"type": "LineString", "coordinates": [[7020.0953, 3648.492], [6990.3251, 3652.5539]]}}, {"type": "Feature", "properties": {"layer": "PDF_REGIAO_POLILINHAS"}, "geometry": {"type": "LineString", "coordinates": [[6992.1761, 3664.4311], [6994.0271, 3676.3084]]}}, {"type": "Feature", "properties": {"layer": "PDF_REGIAO_POLILINHAS"}, "geometry": {"type": "LineString", "coordinates": [[6994.0271, 3676.3084], [7023.8488, 3672.2465]]}}, {"type": "Feature", "properties": {"layer": "PDF_REGIAO_POLILINHAS"}, "geometry": {"type": "LineString", "coordinates": [[7023.8488, 3672.2465], [7023.0775, 3667.4133]]}}, {"type": "Feature", "properties": {"layer": "PDF_REGIAO_POLILINHAS"}, "geometry": {"type": "LineString", "coordinates": [[7023.0775, 3667.4133], [7021.9463, 3660.3692]]}}, {"type": "Feature", "properties": {"layer": "PDF_REGIAO_POLILINHAS"}, "geometry": {"type": "LineString", "coordinates": [[7021.9463, 3660.3692], [6992.1761, 3664.4311]]}}, {"type": "Feature", "properties": {"layer": "PDF_REGIAO_POLILINHAS"}, "geometry": {"type": "LineString", "coordinates": [[6994.0271, 3676.3084], [6995.8781, 3688.1856]]}}, {"type": "Feature", "properties": {"layer": "PDF_REGIAO_POLILINHAS"}, "geometry": {"type": "LineString", "coordinates": [[6995.8781, 3688.1856], [7025.6998, 3684.1237]]}}, {"type": "Feature", "properties": {"layer": "PDF_REGIAO_POLILINHAS"}, "geometry": {"type": "LineString", "coordinates": [[7025.6998, 3684.1237], [7023.8488, 3672.2465]]}}, {"type": "Feature", "properties": {"layer": "PDF_REGIAO_POLILINHAS"}, "geometry": {"type": "LineString", "coordinates": [[7023.8488, 3672.2465], [6994.0271, 3676.3084]]}}, {"type": "Feature", "properties": {"layer": "PDF_REGIAO_POLILINHAS"}, "geometry": {"type": "LineString", "coordinates": [[6995.8781, 3688.1856], [6997.7805, 3700.0629]]}}, {"type": "Feature", "properties": {"layer": "PDF_REGIAO_POLILINHAS"}, "geometry": {"type": "LineString", "coordinates": [[6997.7805, 3700.0629], [7027.5508, 3696.001]]}}, {"type": "Feature", "properties": {"layer": "PDF_REGIAO_POLILINHAS"}, "geometry": {"type": "LineString", "coordinates": [[7027.5508, 3696.001], [7025.6998, 3684.1237]]}}, {"type": "Feature", "properties": {"layer": "PDF_REGIAO_POLILINHAS"}, "geometry": {"type": "LineString", "coordinates": [[7025.6998, 3684.1237], [6995.8781, 3688.1856]]}}, {"type": "Feature", "properties": {"layer": "PDF_REGIAO_POLILINHAS"}, "geometry": {"type": "LineString", "coordinates": [[6997.7805, 3700.0629], [6999.6315, 3711.9401]]}}, {"type": "Feature", "properties": {"layer": "PDF_REGIAO_POLILINHAS"}, "geometry": {"type": "LineString", "coordinates": [[6999.6315, 3711.9401], [7029.4532, 3707.8782]]}}, {"type": "Feature", "properties": {"layer": "PDF_REGIAO_POLILINHAS"}, "geometry": {"type": "LineString", "coordinates": [[7029.4532, 3707.8782], [7027.5508, 3696.001]]}}, {"type": "Feature", "properties": {"layer": "PDF_REGIAO_POLILINHAS"}, "geometry": {"type": "LineString", "coordinates": [[7027.5508, 3696.001], [6997.7805, 3700.0629]]}}, {"type": "Feature", "properties": {"layer": "PDF_REGIAO_POLILINHAS"}, "geometry": {"type": "LineString", "coordinates": [[6999.6315, 3711.9401], [7001.4825, 3723.8174]]}}, {"type": "Feature", "properties": {"layer": "PDF_REGIAO_POLILINHAS"}, "geometry": {"type": "LineString", "coordinates": [[7001.4825, 3723.8174], [7031.3042, 3719.7555]]}}, {"type": "Feature", "properties": {"layer": "PDF_REGIAO_POLILINHAS"}, "geometry": {"type": "LineString", "coordinates": [[7031.3042, 3719.7555], [7029.4532, 3707.8782]]}}, {"type": "Feature", "properties": {"layer": "PDF_REGIAO_POLILINHAS"}, "geometry": {"type": "LineString", "coordinates": [[7029.4532, 3707.8782], [6999.6315, 3711.9401]]}}, {"type": "Feature", "properties": {"layer": "PDF_REGIAO_POLILINHAS"}, "geometry": {"type": "LineString", "coordinates": [[7001.4825, 3723.8174], [7003.3849, 3735.6946]]}}, {"type": "Feature", "properties": {"layer": "PDF_REGIAO_POLILINHAS"}, "geometry": {"type": "LineString", "coordinates": [[7003.3849, 3735.6946], [7033.1552, 3731.6327]]}}, {"type": "Feature", "properties": {"layer": "PDF_REGIAO_POLILINHAS"}, "geometry": {"type": "LineString", "coordinates": [[7033.1552, 3731.6327], [7031.3042, 3719.7555]]}}, {"type": "Feature", "properties": {"layer": "PDF_REGIAO_POLILINHAS"}, "geometry": {"type": "LineString", "coordinates": [[7031.3042, 3719.7555], [7001.4825, 3723.8174]]}}, {"type": "Feature", "properties": {"layer": "PDF_REGIAO_POLILINHAS"}, "geometry": {"type": "LineString", "coordinates": [[7003.3849, 3735.6946], [7033.1552, 3731.6327]]}}, {"type": "Feature", "properties": {"layer": "PDF_REGIAO_POLILINHAS"}, "geometry": {"type": "LineString", "coordinates": [[7033.1552, 3731.6327], [7003.3849, 3735.6946]]}}, {"type": "Feature", "properties": {"layer": "PDF_REGIAO_POLILINHAS"}, "geometry": {"type": "LineString", "coordinates": [[7046.6778, 3662.3745], [7061.7428, 3657.7984]]}}, {"type": "Feature", "properties": {"layer": "PDF_REGIAO_POLILINHAS"}, "geometry": {"type": "LineString", "coordinates": [[7061.7428, 3657.7984], [7057.1153, 3628.5937]]}}, {"type": "Feature", "properties": {"layer": "PDF_REGIAO_POLILINHAS"}, "geometry": {"type": "LineString", "coordinates": [[7057.1153, 3628.5937], [7042.1017, 3633.1698]]}}, {"type": "Feature", "properties": {"layer": "PDF_REGIAO_POLILINHAS"}, "geometry": {"type": "LineString", "coordinates": [[7042.1017, 3633.1698], [7046.6778, 3662.3745]]}}, {"type": "Feature", "properties": {"layer": "PDF_REGIAO_POLILINHAS"}, "geometry": {"type": "LineString", "coordinates": [[7061.7428, 3657.7984], [7073.8258, 3654.662]]}}, {"type": "Feature", "properties": {"layer": "PDF_REGIAO_POLILINHAS"}, "geometry": {"type": "LineString", "coordinates": [[7073.8258, 3654.662], [7069.2497, 3625.4573]]}}, {"type": "Feature", "properties": {"layer": "PDF_REGIAO_POLILINHAS"}, "geometry": {"type": "LineString", "coordinates": [[7069.2497, 3625.4573], [7066.7303, 3625.663]]}}, {"type": "Feature", "properties": {"layer": "PDF_REGIAO_POLILINHAS"}, "geometry": {"type": "LineString", "coordinates": [[7066.7303, 3625.663], [7057.1153, 3628.5937]]}}, {"type": "Feature", "properties": {"layer": "PDF_REGIAO_POLILINHAS"}, "geometry": {"type": "LineString", "coordinates": [[7057.1153, 3628.5937], [7061.7428, 3657.7984]]}}, {"type": "Feature", "properties": {"layer": "PDF_REGIAO_POLILINHAS"}, "geometry": {"type": "LineString", "coordinates": [[7073.8258, 3654.662], [7094.6495, 3649.2632]]}}, {"type": "Feature", "properties": {"layer": "PDF_REGIAO_POLILINHAS"}, "geometry": {"type": "LineString", "coordinates": [[7094.6495, 3649.2632], [7081.5897, 3624.5318]]}}, {"type": "Feature", "properties": {"layer": "PDF_REGIAO_POLILINHAS"}, "geometry": {"type": "LineString", "coordinates": [[7081.5897, 3624.5318], [7069.2497, 3625.4573]]}}, {"type": "Feature", "properties": {"layer": "PDF_REGIAO_POLILINHAS"}, "geometry": {"type": "LineString", "coordinates": [[7069.2497, 3625.4573], [7073.8258, 3654.662]]}}, {"type": "Feature", "properties": {"layer": "PDF_REGIAO_POLILINHAS"}, "geometry": {"type": "LineString", "coordinates": [[7023.0775, 3667.4133], [7046.6778, 3662.3745]]}}, {"type": "Feature", "properties": {"layer": "PDF_REGIAO_POLILINHAS"}, "geometry": {"type": "LineString", "coordinates": [[7046.6778, 3662.3745], [7042.1017, 3633.1698]]}}, {"type": "Feature", "properties": {"layer": "PDF_REGIAO_POLILINHAS"}, "geometry": {"type": "LineString", "coordinates": [[7042.1017, 3633.1698], [7033.9778, 3635.6378]]}}, {"type": "Feature", "properties": {"layer": "PDF_REGIAO_POLILINHAS"}, "geometry": {"type": "LineString", "coordinates": [[7033.9778, 3635.6378], [7018.5014, 3638.2086]]}}, {"type": "Feature", "properties": {"layer": "PDF_REGIAO_POLILINHAS"}, "geometry": {"type": "LineString", "coordinates": [[7018.5014, 3638.2086], [7020.0953, 3648.492]]}}, {"type": "Feature", "properties": {"layer": "PDF_REGIAO_POLILINHAS"}, "geometry": {"type": "LineString", "coordinates": [[7020.0953, 3648.492], [7021.9463, 3660.3692]]}}, {"type": "Feature", "properties": {"layer": "PDF_REGIAO_POLILINHAS"}, "geometry": {"type": "LineString", "coordinates": [[7021.9463, 3660.3692], [7023.0775, 3667.4133]]}}, {"type": "Feature", "properties": {"layer": "PDF_REGIAO_POLILINHAS"}, "geometry": {"type": "LineString", "coordinates": [[7001.4825, 3723.8174], [7003.3849, 3735.6946]]}}, {"type": "Feature", "properties": {"layer": "PDF_REGIAO_POLILINHAS"}, "geometry": {"type": "LineString", "coordinates": [[7003.3849, 3735.6946], [7033.1552, 3731.6327]]}}, {"type": "Feature", "properties": {"layer": "PDF_REGIAO_POLILINHAS"}, "geometry": {"type": "LineString", "coordinates": [[7033.1552, 3731.6327], [7031.3042, 3719.7555]]}}, {"type": "Feature", "properties": {"layer": "PDF_REGIAO_POLILINHAS"}, "geometry": {"type": "LineString", "coordinates": [[7031.3042, 3719.7555], [7001.4825, 3723.8174]]}}, {"type": "Feature", "properties": {"layer": "PDF_REGIAO_POLILINHAS"}, "geometry": {"type": "LineString", "coordinates": [[6999.6315, 3711.9401], [7001.4825, 3723.8174]]}}, {"type": "Feature", "properties": {"layer": "PDF_REGIAO_POLILINHAS"}, "geometry": {"type": "LineString", "coordinates": [[7001.4825, 3723.8174], [7031.3042, 3719.7555]]}}, {"type": "Feature", "properties": {"layer": "PDF_REGIAO_POLILINHAS"}, "geometry": {"type": "LineString", "coordinates": [[7031.3042, 3719.7555], [7029.4532, 3707.8782]]}}, {"type": "Feature", "properties": {"layer": "PDF_REGIAO_POLILINHAS"}, "geometry": {"type": "LineString", "coordinates": [[7029.4532, 3707.8782], [6999.6315, 3711.9401]]}}, {"type": "Feature", "properties": {"layer": "PDF_REGIAO_POLILINHAS"}, "geometry": {"type": "LineString", "coordinates": [[6997.7805, 3700.0629], [6999.6315, 3711.9401]]}}, {"type": "Feature", "properties": {"layer": "PDF_REGIAO_POLILINHAS"}, "geometry": {"type": "LineString", "coordinates": [[6999.6315, 3711.9401], [7029.4532, 3707.8782]]}}, {"type": "Feature", "properties": {"layer": "PDF_REGIAO_POLILINHAS"}, "geometry": {"type": "LineString", "coordinates": [[7029.4532, 3707.8782], [7027.5508, 3696.001]]}}, {"type": "Feature", "properties": {"layer": "PDF_REGIAO_POLILINHAS"}, "geometry": {"type": "LineString", "coordinates": [[7027.5508, 3696.001], [6997.7805, 3700.0629]]}}, {"type": "Feature", "properties": {"layer": "PDF_REGIAO_POLILINHAS"}, "geometry": {"type": "LineString", "coordinates": [[6997.7805, 3700.0629], [6999.6315, 3711.9401]]}}, {"type": "Feature", "properties": {"layer": "PDF_REGIAO_POLILINHAS"}, "geometry": {"type": "LineString", "coordinates": [[6999.6315, 3711.9401], [7029.4532, 3707.8782]]}}, {"type": "Feature", "properties": {"layer": "PDF_REGIAO_POLILINHAS"}, "geometry": {"type": "LineString", "coordinates": [[7029.4532, 3707.8782], [7027.5508, 3696.001]]}}, {"type": "Feature", "properties": {"layer": "PDF_REGIAO_POLILINHAS"}, "geometry": {"type": "LineString", "coordinates": [[7027.5508, 3696.001], [6997.7805, 3700.0629]]}}, {"type": "Feature", "properties": {"layer": "PDF_REGIAO_POLILINHAS"}, "geometry": {"type": "LineString", "coordinates": [[6995.8781, 3688.1856], [6997.7805, 3700.0629]]}}, {"type": "Feature", "properties": {"layer": "PDF_REGIAO_POLILINHAS"}, "geometry": {"type": "LineString", "coordinates": [[6997.7805, 3700.0629], [7027.5508, 3696.001]]}}, {"type": "Feature", "properties": {"layer": "PDF_REGIAO_POLILINHAS"}, "geometry": {"type": "LineString", "coordinates": [[7027.5508, 3696.001], [7025.6998, 3684.1237]]}}, {"type": "Feature", "properties": {"layer": "PDF_REGIAO_POLILINHAS"}, "geometry": {"type": "LineString", "coordinates": [[7025.6998, 3684.1237], [6995.8781, 3688.1856]]}}, {"type": "Feature", "properties": {"layer": "PDF_REGIAO_POLILINHAS"}, "geometry": {"type": "LineString", "coordinates": [[6994.0271, 3676.3084], [6995.8781, 3688.1856]]}}, {"type": "Feature", "properties": {"layer": "PDF_REGIAO_POLILINHAS"}, "geometry": {"type": "LineString", "coordinates": [[6995.8781, 3688.1856], [7025.6998, 3684.1237]]}}, {"type": "Feature", "properties": {"layer": "PDF_REGIAO_POLILINHAS"}, "geometry": {"type": "LineString", "coordinates": [[7025.6998, 3684.1237], [7023.8488, 3672.2465]]}}, {"type": "Feature", "properties": {"layer": "PDF_REGIAO_POLILINHAS"}, "geometry": {"type": "LineString", "coordinates": [[7023.8488, 3672.2465], [6994.0271, 3676.3084]]}}, {"type": "Feature", "properties": {"layer": "PDF_REGIAO_POLILINHAS"}, "geometry": {"type": "LineString", "coordinates": [[6992.1761, 3664.4311], [6994.0271, 3676.3084]]}}, {"type": "Feature", "properties": {"layer": "PDF_REGIAO_POLILINHAS"}, "geometry": {"type": "LineString", "coordinates": [[6994.0271, 3676.3084], [7023.8488, 3672.2465]]}}, {"type": "Feature", "properties": {"layer": "PDF_REGIAO_POLILINHAS"}, "geometry": {"type": "LineString", "coordinates": [[7023.8488, 3672.2465], [7023.0775, 3667.4133]]}}, {"type": "Feature", "properties": {"layer": "PDF_REGIAO_POLILINHAS"}, "geometry": {"type": "LineString", "coordinates": [[7023.0775, 3667.4133], [7021.9463, 3660.3692]]}}, {"type": "Feature", "properties": {"layer": "PDF_REGIAO_POLILINHAS"}, "geometry": {"type": "LineString", "coordinates": [[7021.9463, 3660.3692], [6992.1761, 3664.4311]]}}, {"type": "Feature", "properties": {"layer": "PDF_REGIAO_POLILINHAS"}, "geometry": {"type": "LineString", "coordinates": [[6990.3251, 3652.5539], [6992.1761, 3664.4311]]}}, {"type": "Feature", "properties": {"layer": "PDF_REGIAO_POLILINHAS"}, "geometry": {"type": "LineString", "coordinates": [[6992.1761, 3664.4311], [7021.9463, 3660.3692]]}}, {"type": "Feature", "properties": {"layer": "PDF_REGIAO_POLILINHAS"}, "geometry": {"type": "LineString", "coordinates": [[7021.9463, 3660.3692], [7020.0953, 3648.492]]}}, {"type": "Feature", "properties": {"layer": "PDF_REGIAO_POLILINHAS"}, "geometry": {"type": "LineString", "coordinates": [[7020.0953, 3648.492], [6990.3251, 3652.5539]]}}, {"type": "Feature", "properties": {"layer": "PDF_REGIAO_POLILINHAS"}, "geometry": {"type": "LineString", "coordinates": [[6990.3251, 3652.5539], [6992.1761, 3664.4311]]}}, {"type": "Feature", "properties": {"layer": "PDF_REGIAO_POLILINHAS"}, "geometry": {"type": "LineString", "coordinates": [[6992.1761, 3664.4311], [7021.9463, 3660.3692]]}}, {"type": "Feature", "properties": {"layer": "PDF_REGIAO_POLILINHAS"}, "geometry": {"type": "LineString", "coordinates": [[7021.9463, 3660.3692], [7020.0953, 3648.492]]}}, {"type": "Feature", "properties": {"layer": "PDF_REGIAO_POLILINHAS"}, "geometry": {"type": "LineString", "coordinates": [[7020.0953, 3648.492], [6990.3251, 3652.5539]]}}, {"type": "Feature", "properties": {"layer": "PDF_REGIAO_POLILINHAS"}, "geometry": {"type": "LineString", "coordinates": [[6988.834, 3643.1961], [6990.3251, 3652.5539]]}}, {"type": "Feature", "properties": {"layer": "PDF_REGIAO_POLILINHAS"}, "geometry": {"type": "LineString", "coordinates": [[6990.3251, 3652.5539], [7020.0953, 3648.492]]}}, {"type": "Feature", "properties": {"layer": "PDF_REGIAO_POLILINHAS"}, "geometry": {"type": "LineString", "coordinates": [[7020.0953, 3648.492], [7018.5014, 3638.2086]]}}, {"type": "Feature", "properties": {"layer": "PDF_REGIAO_POLILINHAS"}, "geometry": {"type": "LineString", "coordinates": [[7018.5014, 3638.2086], [6988.834, 3643.1961]]}}, {"type": "Feature", "properties": {"layer": "PDF_REGIAO_POLILINHAS"}, "geometry": {"type": "LineString", "coordinates": [[7033.9778, 3635.6378], [7018.5014, 3638.2086]]}}, {"type": "Feature", "properties": {"layer": "PDF_REGIAO_POLILINHAS"}, "geometry": {"type": "LineString", "coordinates": [[7018.5014, 3638.2086], [7020.0953, 3648.492]]}}, {"type": "Feature", "properties": {"layer": "PDF_REGIAO_POLILINHAS"}, "geometry": {"type": "LineString", "coordinates": [[7020.0953, 3648.492], [7021.9463, 3660.3692]]}}, {"type": "Feature", "properties": {"layer": "PDF_REGIAO_POLILINHAS"}, "geometry": {"type": "LineString", "coordinates": [[7021.9463, 3660.3692], [7023.0775, 3667.4133]]}}, {"type": "Feature", "properties": {"layer": "PDF_REGIAO_POLILINHAS"}, "geometry": {"type": "LineString", "coordinates": [[7023.0775, 3667.4133], [7046.6778, 3662.3745]]}}, {"type": "Feature", "properties": {"layer": "PDF_REGIAO_POLILINHAS"}, "geometry": {"type": "LineString", "coordinates": [[7046.6778, 3662.3745], [7042.1017, 3633.1698]]}}, {"type": "Feature", "properties": {"layer": "PDF_REGIAO_POLILINHAS"}, "geometry": {"type": "LineString", "coordinates": [[7042.1017, 3633.1698], [7033.9778, 3635.6378]]}}, {"type": "Feature", "properties": {"layer": "PDF_REGIAO_POLILINHAS"}, "geometry": {"type": "LineString", "coordinates": [[7042.1017, 3633.1698], [7046.6778, 3662.3745]]}}, {"type": "Feature", "properties": {"layer": "PDF_REGIAO_POLILINHAS"}, "geometry": {"type": "LineString", "coordinates": [[7046.6778, 3662.3745], [7061.7428, 3657.7984]]}}, {"type": "Feature", "properties": {"layer": "PDF_REGIAO_POLILINHAS"}, "geometry": {"type": "LineString", "coordinates": [[7061.7428, 3657.7984], [7057.1153, 3628.5937]]}}, {"type": "Feature", "properties": {"layer": "PDF_REGIAO_POLILINHAS"}, "geometry": {"type": "LineString", "coordinates": [[7057.1153, 3628.5937], [7042.1017, 3633.1698]]}}, {"type": "Feature", "properties": {"layer": "PDF_REGIAO_POLILINHAS"}, "geometry": {"type": "LineString", "coordinates": [[7066.7303, 3625.663], [7057.1153, 3628.5937]]}}, {"type": "Feature", "properties": {"layer": "PDF_REGIAO_POLILINHAS"}, "geometry": {"type": "LineString", "coordinates": [[7057.1153, 3628.5937], [7061.7428, 3657.7984]]}}, {"type": "Feature", "properties": {"layer": "PDF_REGIAO_POLILINHAS"}, "geometry": {"type": "LineString", "coordinates": [[7061.7428, 3657.7984], [7073.8258, 3654.662]]}}, {"type": "Feature", "properties": {"layer": "PDF_REGIAO_POLILINHAS"}, "geometry": {"type": "LineString", "coordinates": [[7073.8258, 3654.662], [7069.2497, 3625.4573]]}}, {"type": "Feature", "properties": {"layer": "PDF_REGIAO_POLILINHAS"}, "geometry": {"type": "LineString", "coordinates": [[7069.2497, 3625.4573], [7066.7303, 3625.663]]}}, {"type": "Feature", "properties": {"layer": "PDF_REGIAO_POLILINHAS"}, "geometry": {"type": "LineString", "coordinates": [[7069.2497, 3625.4573], [7073.8258, 3654.662]]}}, {"type": "Feature", "properties": {"layer": "PDF_REGIAO_POLILINHAS"}, "geometry": {"type": "LineString", "coordinates": [[7073.8258, 3654.662], [7094.6495, 3649.2632]]}}, {"type": "Feature", "properties": {"layer": "PDF_REGIAO_POLILINHAS"}, "geometry": {"type": "LineString", "coordinates": [[7094.6495, 3649.2632], [7081.5897, 3624.5318]]}}, {"type": "Feature", "properties": {"layer": "PDF_REGIAO_POLILINHAS"}, "geometry": {"type": "LineString", "coordinates": [[7081.5897, 3624.5318], [7069.2497, 3625.4573]]}}, {"type": "Feature", "properties": {"layer": "PDF_REGIAO_POLILINHAS"}, "geometry": {"type": "LineString", "coordinates": [[7081.5897, 3624.5318], [7094.6495, 3649.2632]]}}, {"type": "Feature", "properties": {"layer": "PDF_REGIAO_POLILINHAS"}, "geometry": {"type": "LineString", "coordinates": [[7094.6495, 3649.2632], [7112.6878, 3683.3755]]}}, {"type": "Feature", "properties": {"layer": "PDF_REGIAO_POLILINHAS"}, "geometry": {"type": "LineString", "coordinates": [[7112.6878, 3683.3755], [7094.6495, 3649.2632]]}}, {"type": "Feature", "properties": {"layer": "PDF_REGIAO_POLILINHAS"}, "geometry": {"type": "LineString", "coordinates": [[7094.6495, 3649.2632], [7073.8258, 3654.662]]}}, {"type": "Feature", "properties": {"layer": "PDF_REGIAO_POLILINHAS"}, "geometry": {"type": "LineString", "coordinates": [[7073.8258, 3654.662], [7061.7428, 3657.7984]]}}, {"type": "Feature", "properties": {"layer": "PDF_REGIAO_POLILINHAS"}, "geometry": {"type": "LineString", "coordinates": [[7061.7428, 3657.7984], [7046.6778, 3662.3745]]}}, {"type": "Feature", "properties": {"layer": "PDF_REGIAO_POLILINHAS"}, "geometry": {"type": "LineString", "coordinates": [[7046.6778, 3662.3745], [7023.0775, 3667.4133]]}}, {"type": "Feature", "properties": {"layer": "PDF_REGIAO_POLILINHAS"}, "geometry": {"type": "LineString", "coordinates": [[7023.0775, 3667.4133], [7023.8488, 3672.2465]]}}, {"type": "Feature", "properties": {"layer": "PDF_REGIAO_POLILINHAS"}, "geometry": {"type": "LineString", "coordinates": [[7023.8488, 3672.2465], [7025.6998, 3684.1237]]}}, {"type": "Feature", "properties": {"layer": "PDF_REGIAO_POLILINHAS"}, "geometry": {"type": "LineString", "coordinates": [[7025.6998, 3684.1237], [7027.5508, 3696.001]]}}, {"type": "Feature", "properties": {"layer": "PDF_REGIAO_POLILINHAS"}, "geometry": {"type": "LineString", "coordinates": [[7027.5508, 3696.001], [7029.4532, 3707.8782]]}}, {"type": "Feature", "properties": {"layer": "PDF_REGIAO_POLILINHAS"}, "geometry": {"type": "LineString", "coordinates": [[7029.4532, 3707.8782], [7031.3042, 3719.7555]]}}, {"type": "Feature", "properties": {"layer": "PDF_REGIAO_POLILINHAS"}, "geometry": {"type": "LineString", "coordinates": [[7031.3042, 3719.7555], [7033.1552, 3731.6327]]}}, {"type": "Feature", "properties": {"layer": "PDF_REGIAO_POLILINHAS"}, "geometry": {"type": "LineString", "coordinates": [[7033.9778, 3635.6378], [7018.5014, 3638.2086]]}}, {"type": "Feature", "properties": {"layer": "PDF_REGIAO_POLILINHAS"}, "geometry": {"type": "LineString", "coordinates": [[7018.5014, 3638.2086], [7020.0953, 3648.492]]}}, {"type": "Feature", "properties": {"layer": "PDF_REGIAO_POLILINHAS"}, "geometry": {"type": "LineString", "coordinates": [[7020.0953, 3648.492], [7021.9463, 3660.3692]]}}, {"type": "Feature", "properties": {"layer": "PDF_REGIAO_POLILINHAS"}, "geometry": {"type": "LineString", "coordinates": [[7021.9463, 3660.3692], [7023.0775, 3667.4133]]}}, {"type": "Feature", "properties": {"layer": "PDF_REGIAO_POLILINHAS"}, "geometry": {"type": "LineString", "coordinates": [[7023.0775, 3667.4133], [7046.6778, 3662.3745]]}}, {"type": "Feature", "properties": {"layer": "PDF_REGIAO_POLILINHAS"}, "geometry": {"type": "LineString", "coordinates": [[7046.6778, 3662.3745], [7042.1017, 3633.1698]]}}, {"type": "Feature", "properties": {"layer": "PDF_REGIAO_POLILINHAS"}, "geometry": {"type": "LineString", "coordinates": [[7042.1017, 3633.1698], [7033.9778, 3635.6378]]}}, {"type": "Feature", "properties": {"layer": "PDF_REGIAO_POLILINHAS"}, "geometry": {"type": "LineString", "coordinates": [[7003.3849, 3735.6946], [7085.5237, 3724.4875]]}}, {"type": "Feature", "properties": {"layer": "PDF_REGIAO_POLILINHAS"}, "geometry": {"type": "LineString", "coordinates": [[7172.386, 3705.2451], [7180.1499, 3744.5275]]}}, {"type": "Feature", "properties": {"layer": "PDF_REGIAO_POLILINHAS"}, "geometry": {"type": "LineString", "coordinates": [[7180.1499, 3744.5275], [7194.9065, 3741.5967]]}}, {"type": "Feature", "properties": {"layer": "PDF_REGIAO_POLILINHAS"}, "geometry": {"type": "LineString", "coordinates": [[7194.9065, 3741.5967], [7187.0911, 3702.3144]]}}, {"type": "Feature", "properties": {"layer": "PDF_REGIAO_POLILINHAS"}, "geometry": {"type": "LineString", "coordinates": [[7187.0911, 3702.3144], [7172.386, 3705.2451]]}}, {"type": "Feature", "properties": {"layer": "PDF_REGIAO_POLILINHAS"}, "geometry": {"type": "LineString", "coordinates": [[7187.0911, 3702.3144], [7194.9065, 3741.5967]]}}, {"type": "Feature", "properties": {"layer": "PDF_REGIAO_POLILINHAS"}, "geometry": {"type": "LineString", "coordinates": [[7194.9065, 3741.5967], [7209.663, 3738.666]]}}, {"type": "Feature", "properties": {"layer": "PDF_REGIAO_POLILINHAS"}, "geometry": {"type": "LineString", "coordinates": [[7209.663, 3738.666], [7201.8477, 3699.3836]]}}, {"type": "Feature", "properties": {"layer": "PDF_REGIAO_POLILINHAS"}, "geometry": {"type": "LineString", "coordinates": [[7201.8477, 3699.3836], [7187.0911, 3702.3144]]}}, {"type": "Feature", "properties": {"layer": "PDF_REGIAO_POLILINHAS"}, "geometry": {"type": "LineString", "coordinates": [[7201.8477, 3699.3836], [7209.663, 3738.666]]}}, {"type": "Feature", "properties": {"layer": "PDF_REGIAO_POLILINHAS"}, "geometry": {"type": "LineString", "coordinates": [[7209.663, 3738.666], [7224.3682, 3735.7352]]}}, {"type": "Feature", "properties": {"layer": "PDF_REGIAO_POLILINHAS"}, "geometry": {"type": "LineString", "coordinates": [[7224.3682, 3735.7352], [7216.6043, 3696.4529]]}}, {"type": "Feature", "properties": {"layer": "PDF_REGIAO_POLILINHAS"}, "geometry": {"type": "LineString", "coordinates": [[7216.6043, 3696.4529], [7201.8477, 3699.3836]]}}, {"type": "Feature", "properties": {"layer": "PDF_REGIAO_POLILINHAS"}, "geometry": {"type": "LineString", "coordinates": [[7216.6043, 3696.4529], [7224.3682, 3735.7352]]}}, {"type": "Feature", "properties": {"layer": "PDF_REGIAO_POLILINHAS"}, "geometry": {"type": "LineString", "coordinates": [[7224.3682, 3735.7352], [7239.1248, 3732.8559]]}}, {"type": "Feature", "properties": {"layer": "PDF_REGIAO_POLILINHAS"}, "geometry": {"type": "LineString", "coordinates": [[7239.1248, 3732.8559], [7231.3095, 3693.5221]]}}, {"type": "Feature", "properties": {"layer": "PDF_REGIAO_POLILINHAS"}, "geometry": {"type": "LineString", "coordinates": [[7231.3095, 3693.5221], [7216.6043, 3696.4529]]}}, {"type": "Feature", "properties": {"layer": "PDF_REGIAO_POLILINHAS"}, "geometry": {"type": "LineString", "coordinates": [[7231.3095, 3693.5221], [7239.1248, 3732.8559]]}}, {"type": "Feature", "properties": {"layer": "PDF_REGIAO_POLILINHAS"}, "geometry": {"type": "LineString", "coordinates": [[7239.1248, 3732.8559], [7253.8814, 3729.9251]]}}, {"type": "Feature", "properties": {"layer": "PDF_REGIAO_POLILINHAS"}, "geometry": {"type": "LineString", "coordinates": [[7253.8814, 3729.9251], [7246.066, 3690.5914]]}}, {"type": "Feature", "properties": {"layer": "PDF_REGIAO_POLILINHAS"}, "geometry": {"type": "LineString", "coordinates": [[7246.066, 3690.5914], [7231.3095, 3693.5221]]}}, {"type": "Feature", "properties": {"layer": "PDF_REGIAO_POLILINHAS"}, "geometry": {"type": "LineString", "coordinates": [[7246.066, 3690.5914], [7253.8814, 3729.9251]]}}, {"type": "Feature", "properties": {"layer": "PDF_REGIAO_POLILINHAS"}, "geometry": {"type": "LineString", "coordinates": [[7253.8814, 3729.9251], [7268.5865, 3726.9944]]}}, {"type": "Feature", "properties": {"layer": "PDF_REGIAO_POLILINHAS"}, "geometry": {"type": "LineString", "coordinates": [[7268.5865, 3726.9944], [7260.8226, 3687.6606]]}}, {"type": "Feature", "properties": {"layer": "PDF_REGIAO_POLILINHAS"}, "geometry": {"type": "LineString", "coordinates": [[7260.8226, 3687.6606], [7246.066, 3690.5914]]}}, {"type": "Feature", "properties": {"layer": "PDF_REGIAO_POLILINHAS"}, "geometry": {"type": "LineString", "coordinates": [[7260.8226, 3687.6606], [7268.5865, 3726.9944]]}}, {"type": "Feature", "properties": {"layer": "PDF_REGIAO_POLILINHAS"}, "geometry": {"type": "LineString", "coordinates": [[7268.5865, 3726.9944], [7283.3431, 3724.0636]]}}, {"type": "Feature", "properties": {"layer": "PDF_REGIAO_POLILINHAS"}, "geometry": {"type": "LineString", "coordinates": [[7283.3431, 3724.0636], [7275.5278, 3684.7299]]}}, {"type": "Feature", "properties": {"layer": "PDF_REGIAO_POLILINHAS"}, "geometry": {"type": "LineString", "coordinates": [[7275.5278, 3684.7299], [7260.8226, 3687.6606]]}}, {"type": "Feature", "properties": {"layer": "PDF_REGIAO_POLILINHAS"}, "geometry": {"type": "LineString", "coordinates": [[7275.5278, 3684.7299], [7283.3431, 3724.0636]]}}, {"type": "Feature", "properties": {"layer": "PDF_REGIAO_POLILINHAS"}, "geometry": {"type": "LineString", "coordinates": [[7283.3431, 3724.0636], [7298.0997, 3721.1329]]}}, {"type": "Feature", "properties": {"layer": "PDF_REGIAO_POLILINHAS"}, "geometry": {"type": "LineString", "coordinates": [[7298.0997, 3721.1329], [7290.2844, 3681.8506]]}}, {"type": "Feature", "properties": {"layer": "PDF_REGIAO_POLILINHAS"}, "geometry": {"type": "LineString", "coordinates": [[7290.2844, 3681.8506], [7275.5278, 3684.7299]]}}, {"type": "Feature", "properties": {"layer": "PDF_REGIAO_POLILINHAS"}, "geometry": {"type": "LineString", "coordinates": [[7290.2844, 3681.8506], [7298.0997, 3721.1329]]}}, {"type": "Feature", "properties": {"layer": "PDF_REGIAO_POLILINHAS"}, "geometry": {"type": "LineString", "coordinates": [[7298.0997, 3721.1329], [7312.8563, 3718.2021]]}}, {"type": "Feature", "properties": {"layer": "PDF_REGIAO_POLILINHAS"}, "geometry": {"type": "LineString", "coordinates": [[7312.8563, 3718.2021], [7305.041, 3678.9198]]}}, {"type": "Feature", "properties": {"layer": "PDF_REGIAO_POLILINHAS"}, "geometry": {"type": "LineString", "coordinates": [[7305.041, 3678.9198], [7290.2844, 3681.8506]]}}, {"type": "Feature", "properties": {"layer": "PDF_REGIAO_POLILINHAS"}, "geometry": {"type": "LineString", "coordinates": [[7305.041, 3678.9198], [7312.8563, 3718.2021]]}}, {"type": "Feature", "properties": {"layer": "PDF_REGIAO_POLILINHAS"}, "geometry": {"type": "LineString", "coordinates": [[7312.8563, 3718.2021], [7325.5048, 3715.6827]]}}, {"type": "Feature", "properties": {"layer": "PDF_REGIAO_POLILINHAS"}, "geometry": {"type": "LineString", "coordinates": [[7325.5048, 3715.6827], [7327.5615, 3715.2714]]}}, {"type": "Feature", "properties": {"layer": "PDF_REGIAO_POLILINHAS"}, "geometry": {"type": "LineString", "coordinates": [[7327.5615, 3715.2714], [7319.7975, 3675.9891]]}}, {"type": "Feature", "properties": {"layer": "PDF_REGIAO_POLILINHAS"}, "geometry": {"type": "LineString", "coordinates": [[7319.7975, 3675.9891], [7305.041, 3678.9198]]}}, {"type": "Feature", "properties": {"layer": "PDF_REGIAO_POLILINHAS"}, "geometry": {"type": "LineString", "coordinates": [[7319.7975, 3675.9891], [7327.5615, 3715.2714]]}}, {"type": "Feature", "properties": {"layer": "PDF_REGIAO_POLILINHAS"}, "geometry": {"type": "LineString", "coordinates": [[7327.5615, 3715.2714], [7342.318, 3712.3406]]}}, {"type": "Feature", "properties": {"layer": "PDF_REGIAO_POLILINHAS"}, "geometry": {"type": "LineString", "coordinates": [[7342.318, 3712.3406], [7334.5027, 3673.0583]]}}, {"type": "Feature", "properties": {"layer": "PDF_REGIAO_POLILINHAS"}, "geometry": {"type": "LineString", "coordinates": [[7334.5027, 3673.0583], [7319.7975, 3675.9891]]}}, {"type": "Feature", "properties": {"layer": "PDF_REGIAO_POLILINHAS"}, "geometry": {"type": "LineString", "coordinates": [[7334.5027, 3673.0583], [7342.318, 3712.3406]]}}, {"type": "Feature", "properties": {"layer": "PDF_REGIAO_POLILINHAS"}, "geometry": {"type": "LineString", "coordinates": [[7342.318, 3712.3406], [7354.6066, 3709.9241]]}}, {"type": "Feature", "properties": {"layer": "PDF_REGIAO_POLILINHAS"}, "geometry": {"type": "LineString", "coordinates": [[7354.6066, 3709.9241], [7357.0746, 3709.4613]]}}, {"type": "Feature", "properties": {"layer": "PDF_REGIAO_POLILINHAS"}, "geometry": {"type": "LineString", "coordinates": [[7357.0746, 3709.4613], [7349.2593, 3670.1276]]}}, {"type": "Feature", "properties": {"layer": "PDF_REGIAO_POLILINHAS"}, "geometry": {"type": "LineString", "coordinates": [[7349.2593, 3670.1276], [7334.5027, 3673.0583]]}}, {"type": "Feature", "properties": {"layer": "PDF_REGIAO_POLILINHAS"}, "geometry": {"type": "LineString", "coordinates": [[7349.2593, 3670.1276], [7357.0746, 3709.4613]]}}, {"type": "Feature", "properties": {"layer": "PDF_REGIAO_POLILINHAS"}, "geometry": {"type": "LineString", "coordinates": [[7357.0746, 3709.4613], [7371.7798, 3706.5306]]}}, {"type": "Feature", "properties": {"layer": "PDF_REGIAO_POLILINHAS"}, "geometry": {"type": "LineString", "coordinates": [[7371.7798, 3706.5306], [7364.0159, 3667.1968]]}}, {"type": "Feature", "properties": {"layer": "PDF_REGIAO_POLILINHAS"}, "geometry": {"type": "LineString", "coordinates": [[7364.0159, 3667.1968], [7349.2593, 3670.1276]]}}, {"type": "Feature", "properties": {"layer": "PDF_REGIAO_POLILINHAS"}, "geometry": {"type": "LineString", "coordinates": [[7364.0159, 3667.1968], [7371.7798, 3706.5306]]}}, {"type": "Feature", "properties": {"layer": "PDF_REGIAO_POLILINHAS"}, "geometry": {"type": "LineString", "coordinates": [[7371.7798, 3706.5306], [7386.5364, 3703.5998]]}}, {"type": "Feature", "properties": {"layer": "PDF_REGIAO_POLILINHAS"}, "geometry": {"type": "LineString", "coordinates": [[7386.5364, 3703.5998], [7378.7211, 3664.2661]]}}, {"type": "Feature", "properties": {"layer": "PDF_REGIAO_POLILINHAS"}, "geometry": {"type": "LineString", "coordinates": [[7378.7211, 3664.2661], [7364.0159, 3667.1968]]}}, {"type": "Feature", "properties": {"layer": "PDF_REGIAO_POLILINHAS"}, "geometry": {"type": "LineString", "coordinates": [[7393.4776, 3661.3353], [7401.293, 3700.6691]]}}, {"type": "Feature", "properties": {"layer": "PDF_REGIAO_POLILINHAS"}, "geometry": {"type": "LineString", "coordinates": [[7401.293, 3700.6691], [7415.9981, 3697.7383]]}}, {"type": "Feature", "properties": {"layer": "PDF_REGIAO_POLILINHAS"}, "geometry": {"type": "LineString", "coordinates": [[7415.9981, 3697.7383], [7408.2342, 3658.4046]]}}, {"type": "Feature", "properties": {"layer": "PDF_REGIAO_POLILINHAS"}, "geometry": {"type": "LineString", "coordinates": [[7408.2342, 3658.4046], [7393.4776, 3661.3353]]}}, {"type": "Feature", "properties": {"layer": "PDF_REGIAO_POLILINHAS"}, "geometry": {"type": "LineString", "coordinates": [[7408.2342, 3658.4046], [7415.9981, 3697.7383]]}}, {"type": "Feature", "properties": {"layer": "PDF_REGIAO_POLILINHAS"}, "geometry": {"type": "LineString", "coordinates": [[7415.9981, 3697.7383], [7430.7547, 3694.8076]]}}, {"type": "Feature", "properties": {"layer": "PDF_REGIAO_POLILINHAS"}, "geometry": {"type": "LineString", "coordinates": [[7430.7547, 3694.8076], [7422.9394, 3655.5252]]}}, {"type": "Feature", "properties": {"layer": "PDF_REGIAO_POLILINHAS"}, "geometry": {"type": "LineString", "coordinates": [[7422.9394, 3655.5252], [7408.2342, 3658.4046]]}}, {"type": "Feature", "properties": {"layer": "PDF_REGIAO_POLILINHAS"}, "geometry": {"type": "LineString", "coordinates": [[7422.9394, 3655.5252], [7430.7547, 3694.8076]]}}, {"type": "Feature", "properties": {"layer": "PDF_REGIAO_POLILINHAS"}, "geometry": {"type": "LineString", "coordinates": [[7430.7547, 3694.8076], [7445.5113, 3691.8768]]}}, {"type": "Feature", "properties": {"layer": "PDF_REGIAO_POLILINHAS"}, "geometry": {"type": "LineString", "coordinates": [[7445.5113, 3691.8768], [7437.696, 3652.5945]]}}, {"type": "Feature", "properties": {"layer": "PDF_REGIAO_POLILINHAS"}, "geometry": {"type": "LineString", "coordinates": [[7437.696, 3652.5945], [7422.9394, 3655.5252]]}}, {"type": "Feature", "properties": {"layer": "PDF_REGIAO_POLILINHAS"}, "geometry": {"type": "LineString", "coordinates": [[7437.696, 3652.5945], [7445.5113, 3691.8768]]}}, {"type": "Feature", "properties": {"layer": "PDF_REGIAO_POLILINHAS"}, "geometry": {"type": "LineString", "coordinates": [[7445.5113, 3691.8768], [7460.2679, 3688.9461]]}}, {"type": "Feature", "properties": {"layer": "PDF_REGIAO_POLILINHAS"}, "geometry": {"type": "LineString", "coordinates": [[7460.2679, 3688.9461], [7452.4526, 3649.6637]]}}, {"type": "Feature", "properties": {"layer": "PDF_REGIAO_POLILINHAS"}, "geometry": {"type": "LineString", "coordinates": [[7452.4526, 3649.6637], [7437.696, 3652.5945]]}}, {"type": "Feature", "properties": {"layer": "PDF_REGIAO_POLILINHAS"}, "geometry": {"type": "LineString", "coordinates": [[7528.7035, 3634.4958], [7452.4526, 3649.6637]]}}, {"type": "Feature", "properties": {"layer": "PDF_REGIAO_POLILINHAS"}, "geometry": {"type": "LineString", "coordinates": [[7452.4526, 3649.6637], [7460.2679, 3688.9461]]}}, {"type": "Feature", "properties": {"layer": "PDF_REGIAO_POLILINHAS"}, "geometry": {"type": "LineString", "coordinates": [[7460.2679, 3688.9461], [7465.4096, 3687.9177]]}}, {"type": "Feature", "properties": {"layer": "PDF_REGIAO_POLILINHAS"}, "geometry": {"type": "LineString", "coordinates": [[7465.4096, 3687.9177], [7467.5691, 3686.1181]]}}, {"type": "Feature", "properties": {"layer": "PDF_REGIAO_POLILINHAS"}, "geometry": {"type": "LineString", "coordinates": [[7467.5691, 3686.1181], [7469.4715, 3684.5242]]}}, {"type": "Feature", "properties": {"layer": "PDF_REGIAO_POLILINHAS"}, "geometry": {"type": "LineString", "coordinates": [[7469.4715, 3684.5242], [7500.1158, 3658.6616]]}}, {"type": "Feature", "properties": {"layer": "PDF_REGIAO_POLILINHAS"}, "geometry": {"type": "LineString", "coordinates": [[7500.1158, 3658.6616], [7528.7035, 3634.4958]]}}, {"type": "Feature", "properties": {"layer": "PDF_REGIAO_POLILINHAS"}, "geometry": {"type": "LineString", "coordinates": [[7233.9831, 3629.6626], [7241.7985, 3668.9964]]}}, {"type": "Feature", "properties": {"layer": "PDF_REGIAO_POLILINHAS"}, "geometry": {"type": "LineString", "coordinates": [[7241.7985, 3668.9964], [7256.5036, 3666.0656]]}}, {"type": "Feature", "properties": {"layer": "PDF_REGIAO_POLILINHAS"}, "geometry": {"type": "LineString", "coordinates": [[7256.5036, 3666.0656], [7248.7397, 3626.7319]]}}, {"type": "Feature", "properties": {"layer": "PDF_REGIAO_POLILINHAS"}, "geometry": {"type": "LineString", "coordinates": [[7248.7397, 3626.7319], [7233.9831, 3629.6626]]}}, {"type": "Feature", "properties": {"layer": "PDF_REGIAO_POLILINHAS"}, "geometry": {"type": "LineString", "coordinates": [[7248.7397, 3626.7319], [7256.5036, 3666.0656]]}}, {"type": "Feature", "properties": {"layer": "PDF_REGIAO_POLILINHAS"}, "geometry": {"type": "LineString", "coordinates": [[7256.5036, 3666.0656], [7271.2602, 3663.1349]]}}, {"type": "Feature", "properties": {"layer": "PDF_REGIAO_POLILINHAS"}, "geometry": {"type": "LineString", "coordinates": [[7271.2602, 3663.1349], [7263.4449, 3623.8011]]}}, {"type": "Feature", "properties": {"layer": "PDF_REGIAO_POLILINHAS"}, "geometry": {"type": "LineString", "coordinates": [[7263.4449, 3623.8011], [7248.7397, 3626.7319]]}}, {"type": "Feature", "properties": {"layer": "PDF_REGIAO_POLILINHAS"}, "geometry": {"type": "LineString", "coordinates": [[7263.4449, 3623.8011], [7271.2602, 3663.1349]]}}, {"type": "Feature", "properties": {"layer": "PDF_REGIAO_POLILINHAS"}, "geometry": {"type": "LineString", "coordinates": [[7271.2602, 3663.1349], [7286.0168, 3660.2041]]}}, {"type": "Feature", "properties": {"layer": "PDF_REGIAO_POLILINHAS"}, "geometry": {"type": "LineString", "coordinates": [[7286.0168, 3660.2041], [7278.2015, 3620.8704]]}}, {"type": "Feature", "properties": {"layer": "PDF_REGIAO_POLILINHAS"}, "geometry": {"type": "LineString", "coordinates": [[7278.2015, 3620.8704], [7263.4449, 3623.8011]]}}, {"type": "Feature", "properties": {"layer": "PDF_REGIAO_POLILINHAS"}, "geometry": {"type": "LineString", "coordinates": [[7278.2015, 3620.8704], [7286.0168, 3660.2041]]}}, {"type": "Feature", "properties": {"layer": "PDF_REGIAO_POLILINHAS"}, "geometry": {"type": "LineString", "coordinates": [[7286.0168, 3660.2041], [7300.722, 3657.2734]]}}, {"type": "Feature", "properties": {"layer": "PDF_REGIAO_POLILINHAS"}, "geometry": {"type": "LineString", "coordinates": [[7300.722, 3657.2734], [7292.958, 3617.9911]]}}, {"type": "Feature", "properties": {"layer": "PDF_REGIAO_POLILINHAS"}, "geometry": {"type": "LineString", "coordinates": [[7292.958, 3617.9911], [7278.2015, 3620.8704]]}}, {"type": "Feature", "properties": {"layer": "PDF_REGIAO_POLILINHAS"}, "geometry": {"type": "LineString", "coordinates": [[7292.958, 3617.9911], [7300.722, 3657.2734]]}}, {"type": "Feature", "properties": {"layer": "PDF_REGIAO_POLILINHAS"}, "geometry": {"type": "LineString", "coordinates": [[7300.722, 3657.2734], [7315.4785, 3654.3426]]}}, {"type": "Feature", "properties": {"layer": "PDF_REGIAO_POLILINHAS"}, "geometry": {"type": "LineString", "coordinates": [[7315.4785, 3654.3426], [7307.6632, 3615.0603]]}}, {"type": "Feature", "properties": {"layer": "PDF_REGIAO_POLILINHAS"}, "geometry": {"type": "LineString", "coordinates": [[7307.6632, 3615.0603], [7292.958, 3617.9911]]}}, {"type": "Feature", "properties": {"layer": "PDF_REGIAO_POLILINHAS"}, "geometry": {"type": "LineString", "coordinates": [[7307.6632, 3615.0603], [7315.4785, 3654.3426]]}}, {"type": "Feature", "properties": {"layer": "PDF_REGIAO_POLILINHAS"}, "geometry": {"type": "LineString", "coordinates": [[7315.4785, 3654.3426], [7330.2351, 3651.4119]]}}, {"type": "Feature", "properties": {"layer": "PDF_REGIAO_POLILINHAS"}, "geometry": {"type": "LineString", "coordinates": [[7330.2351, 3651.4119], [7322.4198, 3612.1296]]}}, {"type": "Feature", "properties": {"layer": "PDF_REGIAO_POLILINHAS"}, "geometry": {"type": "LineString", "coordinates": [[7322.4198, 3612.1296], [7307.6632, 3615.0603]]}}, {"type": "Feature", "properties": {"layer": "PDF_REGIAO_POLILINHAS"}, "geometry": {"type": "LineString", "coordinates": [[7322.4198, 3612.1296], [7330.2351, 3651.4119]]}}, {"type": "Feature", "properties": {"layer": "PDF_REGIAO_POLILINHAS"}, "geometry": {"type": "LineString", "coordinates": [[7330.2351, 3651.4119], [7344.9403, 3648.4811]]}}, {"type": "Feature", "properties": {"layer": "PDF_REGIAO_POLILINHAS"}, "geometry": {"type": "LineString", "coordinates": [[7344.9403, 3648.4811], [7337.1764, 3609.1988]]}}, {"type": "Feature", "properties": {"layer": "PDF_REGIAO_POLILINHAS"}, "geometry": {"type": "LineString", "coordinates": [[7337.1764, 3609.1988], [7322.4198, 3612.1296]]}}, {"type": "Feature", "properties": {"layer": "PDF_REGIAO_POLILINHAS"}, "geometry": {"type": "LineString", "coordinates": [[7337.1764, 3609.1988], [7344.9403, 3648.4811]]}}, {"type": "Feature", "properties": {"layer": "PDF_REGIAO_POLILINHAS"}, "geometry": {"type": "LineString", "coordinates": [[7344.9403, 3648.4811], [7359.6969, 3645.6018]]}}, {"type": "Feature", "properties": {"layer": "PDF_REGIAO_POLILINHAS"}, "geometry": {"type": "LineString", "coordinates": [[7359.6969, 3645.6018], [7351.933, 3606.2681]]}}, {"type": "Feature", "properties": {"layer": "PDF_REGIAO_POLILINHAS"}, "geometry": {"type": "LineString", "coordinates": [[7351.933, 3606.2681], [7337.1764, 3609.1988]]}}, {"type": "Feature", "properties": {"layer": "PDF_REGIAO_POLILINHAS"}, "geometry": {"type": "LineString", "coordinates": [[7351.933, 3606.2681], [7359.6969, 3645.6018]]}}, {"type": "Feature", "properties": {"layer": "PDF_REGIAO_POLILINHAS"}, "geometry": {"type": "LineString", "coordinates": [[7359.6969, 3645.6018], [7374.4535, 3642.6711]]}}, {"type": "Feature", "properties": {"layer": "PDF_REGIAO_POLILINHAS"}, "geometry": {"type": "LineString", "coordinates": [[7374.4535, 3642.6711], [7366.6381, 3603.3373]]}}, {"type": "Feature", "properties": {"layer": "PDF_REGIAO_POLILINHAS"}, "geometry": {"type": "LineString", "coordinates": [[7366.6381, 3603.3373], [7351.933, 3606.2681]]}}, {"type": "Feature", "properties": {"layer": "PDF_REGIAO_POLILINHAS"}, "geometry": {"type": "LineString", "coordinates": [[7366.6381, 3603.3373], [7374.4535, 3642.6711]]}}, {"type": "Feature", "properties": {"layer": "PDF_REGIAO_POLILINHAS"}, "geometry": {"type": "LineString", "coordinates": [[7374.4535, 3642.6711], [7389.2101, 3639.7403]]}}, {"type": "Feature", "properties": {"layer": "PDF_REGIAO_POLILINHAS"}, "geometry": {"type": "LineString", "coordinates": [[7389.2101, 3639.7403], [7381.3947, 3600.4066]]}}, {"type": "Feature", "properties": {"layer": "PDF_REGIAO_POLILINHAS"}, "geometry": {"type": "LineString", "coordinates": [[7381.3947, 3600.4066], [7366.6381, 3603.3373]]}}, {"type": "Feature", "properties": {"layer": "PDF_REGIAO_POLILINHAS"}, "geometry": {"type": "LineString", "coordinates": [[7381.3947, 3600.4066], [7389.2101, 3639.7403]]}}, {"type": "Feature", "properties": {"layer": "PDF_REGIAO_POLILINHAS"}, "geometry": {"type": "LineString", "coordinates": [[7389.2101, 3639.7403], [7403.9152, 3636.8096]]}}, {"type": "Feature", "properties": {"layer": "PDF_REGIAO_POLILINHAS"}, "geometry": {"type": "LineString", "coordinates": [[7403.9152, 3636.8096], [7396.1513, 3597.4758]]}}, {"type": "Feature", "properties": {"layer": "PDF_REGIAO_POLILINHAS"}, "geometry": {"type": "LineString", "coordinates": [[7396.1513, 3597.4758], [7381.3947, 3600.4066]]}}, {"type": "Feature", "properties": {"layer": "PDF_REGIAO_POLILINHAS"}, "geometry": {"type": "LineString", "coordinates": [[7396.1513, 3597.4758], [7403.9152, 3636.8096]]}}, {"type": "Feature", "properties": {"layer": "PDF_REGIAO_POLILINHAS"}, "geometry": {"type": "LineString", "coordinates": [[7403.9152, 3636.8096], [7418.6718, 3633.8788]]}}, {"type": "Feature", "properties": {"layer": "PDF_REGIAO_POLILINHAS"}, "geometry": {"type": "LineString", "coordinates": [[7418.6718, 3633.8788], [7410.8565, 3594.5451]]}}, {"type": "Feature", "properties": {"layer": "PDF_REGIAO_POLILINHAS"}, "geometry": {"type": "LineString", "coordinates": [[7410.8565, 3594.5451], [7396.1513, 3597.4758]]}}, {"type": "Feature", "properties": {"layer": "PDF_REGIAO_POLILINHAS"}, "geometry": {"type": "LineString", "coordinates": [[7410.8565, 3594.5451], [7418.6718, 3633.8788]]}}, {"type": "Feature", "properties": {"layer": "PDF_REGIAO_POLILINHAS"}, "geometry": {"type": "LineString", "coordinates": [[7418.6718, 3633.8788], [7433.4284, 3630.9481]]}}, {"type": "Feature", "properties": {"layer": "PDF_REGIAO_POLILINHAS"}, "geometry": {"type": "LineString", "coordinates": [[7433.4284, 3630.9481], [7425.6131, 3591.6657]]}}, {"type": "Feature", "properties": {"layer": "PDF_REGIAO_POLILINHAS"}, "geometry": {"type": "LineString", "coordinates": [[7425.6131, 3591.6657], [7410.8565, 3594.5451]]}}, {"type": "Feature", "properties": {"layer": "PDF_REGIAO_POLILINHAS"}, "geometry": {"type": "LineString", "coordinates": [[7425.6131, 3591.6657], [7433.4284, 3630.9481]]}}, {"type": "Feature", "properties": {"layer": "PDF_REGIAO_POLILINHAS"}, "geometry": {"type": "LineString", "coordinates": [[7433.4284, 3630.9481], [7448.1336, 3628.0173]]}}, {"type": "Feature", "properties": {"layer": "PDF_REGIAO_POLILINHAS"}, "geometry": {"type": "LineString", "coordinates": [[7448.1336, 3628.0173], [7440.3696, 3588.735]]}}, {"type": "Feature", "properties": {"layer": "PDF_REGIAO_POLILINHAS"}, "geometry": {"type": "LineString", "coordinates": [[7440.3696, 3588.735], [7425.6131, 3591.6657]]}}, {"type": "Feature", "properties": {"layer": "PDF_REGIAO_POLILINHAS"}, "geometry": {"type": "LineString", "coordinates": [[7440.3696, 3588.735], [7448.1336, 3628.0173]]}}, {"type": "Feature", "properties": {"layer": "PDF_REGIAO_POLILINHAS"}, "geometry": {"type": "LineString", "coordinates": [[7448.1336, 3628.0173], [7462.8901, 3625.0866]]}}, {"type": "Feature", "properties": {"layer": "PDF_REGIAO_POLILINHAS"}, "geometry": {"type": "LineString", "coordinates": [[7462.8901, 3625.0866], [7455.0748, 3585.8042]]}}, {"type": "Feature", "properties": {"layer": "PDF_REGIAO_POLILINHAS"}, "geometry": {"type": "LineString", "coordinates": [[7455.0748, 3585.8042], [7440.3696, 3588.735]]}}, {"type": "Feature", "properties": {"layer": "PDF_REGIAO_POLILINHAS"}, "geometry": {"type": "LineString", "coordinates": [[7455.0748, 3585.8042], [7462.8901, 3625.0866]]}}, {"type": "Feature", "properties": {"layer": "PDF_REGIAO_POLILINHAS"}, "geometry": {"type": "LineString", "coordinates": [[7462.8901, 3625.0866], [7477.6467, 3622.1558]]}}, {"type": "Feature", "properties": {"layer": "PDF_REGIAO_POLILINHAS"}, "geometry": {"type": "LineString", "coordinates": [[7477.6467, 3622.1558], [7469.8314, 3582.8735]]}}, {"type": "Feature", "properties": {"layer": "PDF_REGIAO_POLILINHAS"}, "geometry": {"type": "LineString", "coordinates": [[7469.8314, 3582.8735], [7455.0748, 3585.8042]]}}, {"type": "Feature", "properties": {"layer": "PDF_REGIAO_POLILINHAS"}, "geometry": {"type": "LineString", "coordinates": [[7469.8314, 3582.8735], [7477.6467, 3622.1558]]}}, {"type": "Feature", "properties": {"layer": "PDF_REGIAO_POLILINHAS"}, "geometry": {"type": "LineString", "coordinates": [[7477.6467, 3622.1558], [7492.3519, 3619.2765]]}}, {"type": "Feature", "properties": {"layer": "PDF_REGIAO_POLILINHAS"}, "geometry": {"type": "LineString", "coordinates": [[7492.3519, 3619.2765], [7484.588, 3579.9427]]}}, {"type": "Feature", "properties": {"layer": "PDF_REGIAO_POLILINHAS"}, "geometry": {"type": "LineString", "coordinates": [[7484.588, 3579.9427], [7469.8314, 3582.8735]]}}, {"type": "Feature", "properties": {"layer": "PDF_REGIAO_POLILINHAS"}, "geometry": {"type": "LineString", "coordinates": [[7513.7948, 3612.7707], [7513.9715, 3613.0306], [7514.091, 3613.3214], [7514.1479, 3613.6305], [7514.1399, 3613.9447], [7514.0673, 3614.2506], [7513.9332, 3614.5349], [7513.7434, 3614.7854], [7513.5061, 3614.9915], [7513.2313, 3615.1442], [7512.931, 3615.237]]}}, {"type": "Feature", "properties": {"layer": "PDF_REGIAO_POLILINHAS"}, "geometry": {"type": "LineString", "coordinates": [[7513.7926, 3612.7466], [7485.9248, 3579.6856]]}}, {"type": "Feature", "properties": {"layer": "PDF_REGIAO_POLILINHAS"}, "geometry": {"type": "LineString", "coordinates": [[7485.9248, 3579.6856], [7484.588, 3579.9427]]}}, {"type": "Feature", "properties": {"layer": "PDF_REGIAO_POLILINHAS"}, "geometry": {"type": "LineString", "coordinates": [[7484.588, 3579.9427], [7492.3519, 3619.2765]]}}, {"type": "Feature", "properties": {"layer": "PDF_REGIAO_POLILINHAS"}, "geometry": {"type": "LineString", "coordinates": [[7492.3519, 3619.2765], [7512.97, 3615.1631]]}}, {"type": "Feature", "properties": {"layer": "PDF_REGIAO_POLILINHAS"}, "geometry": {"type": "LineString", "coordinates": [[7164.005, 3748.1781], [7211.874, 3804.9421]]}}, {"type": "Feature", "properties": {"layer": "PDF_REGIAO_POLILINHAS"}, "geometry": {"type": "LineString", "coordinates": [[7211.874, 3804.9421], [7325.5048, 3715.6827]]}}, {"type": "Feature", "properties": {"layer": "PDF_REGIAO_POLILINHAS"}, "geometry": {"type": "LineString", "coordinates": [[7325.5048, 3715.6827], [7312.8563, 3718.2021]]}}, {"type": "Feature", "properties": {"layer": "PDF_REGIAO_POLILINHAS"}, "geometry": {"type": "LineString", "coordinates": [[7312.8563, 3718.2021], [7298.0997, 3721.1329]]}}, {"type": "Feature", "properties": {"layer": "PDF_REGIAO_POLILINHAS"}, "geometry": {"type": "LineString", "coordinates": [[7298.0997, 3721.1329], [7283.3431, 3724.0636]]}}, {"type": "Feature", "properties": {"layer": "PDF_REGIAO_POLILINHAS"}, "geometry": {"type": "LineString", "coordinates": [[7283.3431, 3724.0636], [7268.5865, 3726.9944]]}}, {"type": "Feature", "properties": {"layer": "PDF_REGIAO_POLILINHAS"}, "geometry": {"type": "LineString", "coordinates": [[7268.5865, 3726.9944], [7253.8814, 3729.9251]]}}, {"type": "Feature", "properties": {"layer": "PDF_REGIAO_POLILINHAS"}, "geometry": {"type": "LineString", "coordinates": [[7253.8814, 3729.9251], [7239.1248, 3732.8559]]}}, {"type": "Feature", "properties": {"layer": "PDF_REGIAO_POLILINHAS"}, "geometry": {"type": "LineString", "coordinates": [[7239.1248, 3732.8559], [7224.3682, 3735.7352]]}}, {"type": "Feature", "properties": {"layer": "PDF_REGIAO_POLILINHAS"}, "geometry": {"type": "LineString", "coordinates": [[7224.3682, 3735.7352], [7209.663, 3738.666]]}}, {"type": "Feature", "properties": {"layer": "PDF_REGIAO_POLILINHAS"}, "geometry": {"type": "LineString", "coordinates": [[7209.663, 3738.666], [7194.9065, 3741.5967]]}}, {"type": "Feature", "properties": {"layer": "PDF_REGIAO_POLILINHAS"}, "geometry": {"type": "LineString", "coordinates": [[7194.9065, 3741.5967], [7180.1499, 3744.5275]]}}, {"type": "Feature", "properties": {"layer": "PDF_REGIAO_POLILINHAS"}, "geometry": {"type": "LineString", "coordinates": [[7180.1499, 3744.5275], [7172.386, 3705.2451]]}}, {"type": "Feature", "properties": {"layer": "PDF_REGIAO_POLILINHAS"}, "geometry": {"type": "LineString", "coordinates": [[7172.386, 3705.2451], [7169.2495, 3705.8621]]}}, {"type": "Feature", "properties": {"layer": "PDF_REGIAO_POLILINHAS"}, "geometry": {"type": "LineString", "coordinates": [[7168.0629, 3707.8659], [7167.9802, 3707.5477], [7167.968, 3707.2192], [7168.0269, 3706.8957], [7168.1541, 3706.5925], [7168.3437, 3706.3239], [7168.5867, 3706.1024], [7168.8718, 3705.9386], [7169.1854, 3705.84]]}}, {"type": "Feature", "properties": {"layer": "PDF_REGIAO_POLILINHAS"}, "geometry": {"type": "LineString", "coordinates": [[7168.1208, 3707.8883], [7169.6252, 3712.6867], [7170.5537, 3717.6289], [7170.8933, 3722.6461], [7170.6394, 3727.6684], [7169.7953, 3732.6257], [7168.373, 3737.4491], [7166.3921, 3742.0712], [7163.8804, 3746.4277]]}}, {"type": "Feature", "properties": {"layer": "PDF_REGIAO_POLILINHAS"}, "geometry": {"type": "LineString", "coordinates": [[7163.9515, 3748.2053], [7163.8101, 3748.0077], [7163.7021, 3747.79], [7163.6303, 3747.5578], [7163.5964, 3747.3171], [7163.6014, 3747.0742], [7163.6452, 3746.8351], [7163.7266, 3746.6061], [7163.8435, 3746.393]]}}, {"type": "Feature", "properties": {"layer": "PDF_REGIAO_POLILINHAS"}, "geometry": {"type": "LineString", "coordinates": [[7399.0577, 3744.0155], [7398.8128, 3744.1841], [7398.5398, 3744.3017], [7398.249, 3744.3637], [7397.9517, 3744.3678], [7397.6593, 3744.3139], [7397.3831, 3744.2039], [7397.1336, 3744.0422], [7396.9204, 3743.8349]]}}, {"type": "Feature", "properties": {"layer": "PDF_REGIAO_POLILINHAS"}, "geometry": {"type": "LineString", "coordinates": [[7399.0821, 3743.9619], [7465.4096, 3687.9177]]}}, {"type": "Feature", "properties": {"layer": "PDF_REGIAO_POLILINHAS"}, "geometry": {"type": "LineString", "coordinates": [[7465.4096, 3687.9177], [7460.2679, 3688.9461]]}}, {"type": "Feature", "properties": {"layer": "PDF_REGIAO_POLILINHAS"}, "geometry": {"type": "LineString", "coordinates": [[7460.2679, 3688.9461], [7445.5113, 3691.8768]]}}, {"type": "Feature", "properties": {"layer": "PDF_REGIAO_POLILINHAS"}, "geometry": {"type": "LineString", "coordinates": [[7445.5113, 3691.8768], [7430.7547, 3694.8076]]}}, {"type": "Feature", "properties": {"layer": "PDF_REGIAO_POLILINHAS"}, "geometry": {"type": "LineString", "coordinates": [[7430.7547, 3694.8076], [7415.9981, 3697.7383]]}}, {"type": "Feature", "properties": {"layer": "PDF_REGIAO_POLILINHAS"}, "geometry": {"type": "LineString", "coordinates": [[7415.9981, 3697.7383], [7401.293, 3700.6691]]}}, {"type": "Feature", "properties": {"layer": "PDF_REGIAO_POLILINHAS"}, "geometry": {"type": "LineString", "coordinates": [[7401.293, 3700.6691], [7386.5364, 3703.5998]]}}, {"type": "Feature", "properties": {"layer": "PDF_REGIAO_POLILINHAS"}, "geometry": {"type": "LineString", "coordinates": [[7386.5364, 3703.5998], [7371.7798, 3706.5306]]}}, {"type": "Feature", "properties": {"layer": "PDF_REGIAO_POLILINHAS"}, "geometry": {"type": "LineString", "coordinates": [[7371.7798, 3706.5306], [7357.0746, 3709.4613]]}}, {"type": "Feature", "properties": {"layer": "PDF_REGIAO_POLILINHAS"}, "geometry": {"type": "LineString", "coordinates": [[7357.0746, 3709.4613], [7354.6066, 3709.9241]]}}, {"type": "Feature", "properties": {"layer": "PDF_REGIAO_POLILINHAS"}, "geometry": {"type": "LineString", "coordinates": [[7354.6066, 3709.9241], [7382.6287, 3743.1392]]}}, {"type": "Feature", "properties": {"layer": "PDF_REGIAO_POLILINHAS"}, "geometry": {"type": "LineString", "coordinates": [[7382.6287, 3743.1392], [7390.8554, 3736.5579]]}}, {"type": "Feature", "properties": {"layer": "PDF_REGIAO_POLILINHAS"}, "geometry": {"type": "LineString", "coordinates": [[7390.8554, 3736.5579], [7396.9226, 3743.7562]]}}, {"type": "Feature", "properties": {"layer": "PDF_REGIAO_POLILINHAS"}, "geometry": {"type": "LineString", "coordinates": [[7354.6066, 3709.9241], [7342.318, 3712.3406]]}}, {"type": "Feature", "properties": {"layer": "PDF_REGIAO_POLILINHAS"}, "geometry": {"type": "LineString", "coordinates": [[7342.318, 3712.3406], [7327.5615, 3715.2714]]}}, {"type": "Feature", "properties": {"layer": "PDF_REGIAO_POLILINHAS"}, "geometry": {"type": "LineString", "coordinates": [[7327.5615, 3715.2714], [7325.5048, 3715.6827]]}}, {"type": "Feature", "properties": {"layer": "PDF_REGIAO_POLILINHAS"}, "geometry": {"type": "LineString", "coordinates": [[7325.5048, 3715.6827], [7211.874, 3804.9421]]}}, {"type": "Feature", "properties": {"layer": "PDF_REGIAO_POLILINHAS"}, "geometry": {"type": "LineString", "coordinates": [[7211.874, 3804.9421], [7250.0251, 3850.0859]]}}, {"type": "Feature", "properties": {"layer": "PDF_REGIAO_POLILINHAS"}, "geometry": {"type": "LineString", "coordinates": [[7250.0251, 3850.0859], [7384.0684, 3744.836]]}}, {"type": "Feature", "properties": {"layer": "PDF_REGIAO_POLILINHAS"}, "geometry": {"type": "LineString", "coordinates": [[7384.0684, 3744.836], [7382.6287, 3743.1392]]}}, {"type": "Feature", "properties": {"layer": "PDF_REGIAO_POLILINHAS"}, "geometry": {"type": "LineString", "coordinates": [[7382.6287, 3743.1392], [7354.6066, 3709.9241]]}}, {"type": "Feature", "properties": {"layer": "PDF_REGIAO_POLILINHAS"}, "geometry": {"type": "LineString", "coordinates": [[7446.3097, 4097.4537], [7446.0648, 4097.6223], [7445.7917, 4097.7399], [7445.5009, 4097.8019], [7445.2036, 4097.806], [7444.9112, 4097.7521], [7444.635, 4097.6421], [7444.3855, 4097.4804], [7444.1724, 4097.2731]]}}, {"type": "Feature", "properties": {"layer": "PDF_REGIAO_POLILINHAS"}, "geometry": {"type": "LineString", "coordinates": [[7446.334, 4097.4001], [7452.8125, 4091.8985]]}}, {"type": "Feature", "properties": {"layer": "PDF_REGIAO_POLILINHAS"}, "geometry": {"type": "LineString", "coordinates": [[7452.8125, 4091.8985], [7436.6676, 4072.7715]]}}, {"type": "Feature", "properties": {"layer": "PDF_REGIAO_POLILINHAS"}, "geometry": {"type": "LineString", "coordinates": [[7436.6676, 4072.7715], [7429.0066, 4079.25]]}}, {"type": "Feature", "properties": {"layer": "PDF_REGIAO_POLILINHAS"}, "geometry": {"type": "LineString", "coordinates": [[7429.0066, 4079.25], [7444.2259, 4097.2458]]}}, {"type": "Feature", "properties": {"layer": "PDF_REGIAO_POLILINHAS"}, "geometry": {"type": "LineString", "coordinates": [[7436.6676, 4072.7715], [7452.8125, 4091.8985]]}}, {"type": "Feature", "properties": {"layer": "PDF_REGIAO_POLILINHAS"}, "geometry": {"type": "LineString", "coordinates": [[7452.8125, 4091.8985], [7460.4736, 4085.4714]]}}, {"type": "Feature", "properties": {"layer": "PDF_REGIAO_POLILINHAS"}, "geometry": {"type": "LineString", "coordinates": [[7460.4736, 4085.4714], [7444.3287, 4066.293]]}}, {"type": "Feature", "properties": {"layer": "PDF_REGIAO_POLILINHAS"}, "geometry": {"type": "LineString", "coordinates": [[7444.3287, 4066.293], [7436.6676, 4072.7715]]}}, {"type": "Feature", "properties": {"layer": "PDF_REGIAO_POLILINHAS"}, "geometry": {"type": "LineString", "coordinates": [[7444.3287, 4066.293], [7460.4736, 4085.4714]]}}, {"type": "Feature", "properties": {"layer": "PDF_REGIAO_POLILINHAS"}, "geometry": {"type": "LineString", "coordinates": [[7460.4736, 4085.4714], [7468.1346, 4078.9929]]}}, {"type": "Feature", "properties": {"layer": "PDF_REGIAO_POLILINHAS"}, "geometry": {"type": "LineString", "coordinates": [[7468.1346, 4078.9929], [7451.9898, 4059.8659]]}}, {"type": "Feature", "properties": {"layer": "PDF_REGIAO_POLILINHAS"}, "geometry": {"type": "LineString", "coordinates": [[7451.9898, 4059.8659], [7448.185, 4063.0537]]}}, {"type": "Feature", "properties": {"layer": "PDF_REGIAO_POLILINHAS"}, "geometry": {"type": "LineString", "coordinates": [[7448.185, 4063.0537], [7444.3287, 4066.293]]}}, {"type": "Feature", "properties": {"layer": "PDF_REGIAO_POLILINHAS"}, "geometry": {"type": "LineString", "coordinates": [[7451.9898, 4059.8659], [7468.1346, 4078.9929]]}}, {"type": "Feature", "properties": {"layer": "PDF_REGIAO_POLILINHAS"}, "geometry": {"type": "LineString", "coordinates": [[7468.1346, 4078.9929], [7475.7957, 4072.5144]]}}, {"type": "Feature", "properties": {"layer": "PDF_REGIAO_POLILINHAS"}, "geometry": {"type": "LineString", "coordinates": [[7475.7957, 4072.5144], [7459.6509, 4053.3874]]}}, {"type": "Feature", "properties": {"layer": "PDF_REGIAO_POLILINHAS"}, "geometry": {"type": "LineString", "coordinates": [[7459.6509, 4053.3874], [7451.9898, 4059.8659]]}}, {"type": "Feature", "properties": {"layer": "PDF_REGIAO_POLILINHAS"}, "geometry": {"type": "LineString", "coordinates": [[7482.482, 4064.9289], [7482.6506, 4065.1738], [7482.7682, 4065.4469], [7482.8303, 4065.7377], [7482.8344, 4066.035], [7482.7805, 4066.3274], [7482.6705, 4066.6037], [7482.5088, 4066.8532], [7482.3015, 4067.0664]]}}, {"type": "Feature", "properties": {"layer": "PDF_REGIAO_POLILINHAS"}, "geometry": {"type": "LineString", "coordinates": [[7482.4799, 4064.9047], [7467.312, 4046.9089]]}}, {"type": "Feature", "properties": {"layer": "PDF_REGIAO_POLILINHAS"}, "geometry": {"type": "LineString", "coordinates": [[7467.312, 4046.9089], [7459.6509, 4053.3874]]}}, {"type": "Feature", "properties": {"layer": "PDF_REGIAO_POLILINHAS"}, "geometry": {"type": "LineString", "coordinates": [[7459.6509, 4053.3874], [7475.7957, 4072.5144]]}}, {"type": "Feature", "properties": {"layer": "PDF_REGIAO_POLILINHAS"}, "geometry": {"type": "LineString", "coordinates": [[7475.7957, 4072.5144], [7482.3256, 4067.0128]]}}, {"type": "Feature", "properties": {"layer": "PDF_REGIAO_POLILINHAS"}, "geometry": {"type": "LineString", "coordinates": [[7441.7065, 4055.4441], [7448.185, 4063.0537]]}}, {"type": "Feature", "properties": {"layer": "PDF_REGIAO_POLILINHAS"}, "geometry": {"type": "LineString", "coordinates": [[7448.185, 4063.0537], [7451.9898, 4059.8659]]}}, {"type": "Feature", "properties": {"layer": "PDF_REGIAO_POLILINHAS"}, "geometry": {"type": "LineString", "coordinates": [[7451.9898, 4059.8659], [7459.6509, 4053.3874]]}}, {"type": "Feature", "properties": {"layer": "PDF_REGIAO_POLILINHAS"}, "geometry": {"type": "LineString", "coordinates": [[7459.6509, 4053.3874], [7467.312, 4046.9089]]}}, {"type": "Feature", "properties": {"layer": "PDF_REGIAO_POLILINHAS"}, "geometry": {"type": "LineString", "coordinates": [[7467.312, 4046.9089], [7460.8335, 4039.2478]]}}, {"type": "Feature", "properties": {"layer": "PDF_REGIAO_POLILINHAS"}, "geometry": {"type": "LineString", "coordinates": [[7460.8335, 4039.2478], [7441.7065, 4055.4441]]}}, {"type": "Feature", "properties": {"layer": "PDF_REGIAO_POLILINHAS"}, "geometry": {"type": "LineString", "coordinates": [[7422.3224, 4032.4608], [7428.7495, 4040.1219]]}}, {"type": "Feature", "properties": {"layer": "PDF_REGIAO_POLILINHAS"}, "geometry": {"type": "LineString", "coordinates": [[7428.7495, 4040.1219], [7447.9279, 4023.9771]]}}, {"type": "Feature", "properties": {"layer": "PDF_REGIAO_POLILINHAS"}, "geometry": {"type": "LineString", "coordinates": [[7447.9279, 4023.9771], [7441.4494, 4016.316]]}}, {"type": "Feature", "properties": {"layer": "PDF_REGIAO_POLILINHAS"}, "geometry": {"type": "LineString", "coordinates": [[7441.4494, 4016.316], [7422.3224, 4032.4608]]}}, {"type": "Feature", "properties": {"layer": "PDF_REGIAO_POLILINHAS"}, "geometry": {"type": "LineString", "coordinates": [[7415.8439, 4024.7997], [7422.3224, 4032.4608]]}}, {"type": "Feature", "properties": {"layer": "PDF_REGIAO_POLILINHAS"}, "geometry": {"type": "LineString", "coordinates": [[7422.3224, 4032.4608], [7441.4494, 4016.316]]}}, {"type": "Feature", "properties": {"layer": "PDF_REGIAO_POLILINHAS"}, "geometry": {"type": "LineString", "coordinates": [[7441.4494, 4016.316], [7434.9709, 4008.6549]]}}, {"type": "Feature", "properties": {"layer": "PDF_REGIAO_POLILINHAS"}, "geometry": {"type": "LineString", "coordinates": [[7434.9709, 4008.6549], [7427.3098, 4015.082]]}}, {"type": "Feature", "properties": {"layer": "PDF_REGIAO_POLILINHAS"}, "geometry": {"type": "LineString", "coordinates": [[7427.3098, 4015.082], [7419.7001, 4021.5605]]}}, {"type": "Feature", "properties": {"layer": "PDF_REGIAO_POLILINHAS"}, "geometry": {"type": "LineString", "coordinates": [[7419.7001, 4021.5605], [7415.8439, 4024.7997]]}}, {"type": "Feature", "properties": {"layer": "PDF_REGIAO_POLILINHAS"}, "geometry": {"type": "LineString", "coordinates": [[7417.6676, 3990.5027], [7417.9125, 3990.3341], [7418.1856, 3990.2165], [7418.4764, 3990.1544], [7418.7737, 3990.1503], [7419.0661, 3990.2042], [7419.3424, 3990.3142], [7419.5919, 3990.4759], [7419.8051, 3990.6832]]}}, {"type": "Feature", "properties": {"layer": "PDF_REGIAO_POLILINHAS"}, "geometry": {"type": "LineString", "coordinates": [[7417.6949, 3990.4534], [7411.165, 3995.955]]}}, {"type": "Feature", "properties": {"layer": "PDF_REGIAO_POLILINHAS"}, "geometry": {"type": "LineString", "coordinates": [[7411.165, 3995.955], [7427.3098, 4015.082]]}}, {"type": "Feature", "properties": {"layer": "PDF_REGIAO_POLILINHAS"}, "geometry": {"type": "LineString", "coordinates": [[7427.3098, 4015.082], [7434.9709, 4008.6549]]}}, {"type": "Feature", "properties": {"layer": "PDF_REGIAO_POLILINHAS"}, "geometry": {"type": "LineString", "coordinates": [[7434.9709, 4008.6549], [7419.803, 3990.6591]]}}, {"type": "Feature", "properties": {"layer": "PDF_REGIAO_POLILINHAS"}, "geometry": {"type": "LineString", "coordinates": [[7403.5039, 4002.4335], [7419.7001, 4021.5605]]}}, {"type": "Feature", "properties": {"layer": "PDF_REGIAO_POLILINHAS"}, "geometry": {"type": "LineString", "coordinates": [[7419.7001, 4021.5605], [7427.3098, 4015.082]]}}, {"type": "Feature", "properties": {"layer": "PDF_REGIAO_POLILINHAS"}, "geometry": {"type": "LineString", "coordinates": [[7427.3098, 4015.082], [7411.165, 3995.955]]}}, {"type": "Feature", "properties": {"layer": "PDF_REGIAO_POLILINHAS"}, "geometry": {"type": "LineString", "coordinates": [[7411.165, 3995.955], [7403.5039, 4002.4335]]}}, {"type": "Feature", "properties": {"layer": "PDF_REGIAO_POLILINHAS"}, "geometry": {"type": "LineString", "coordinates": [[7395.8428, 4008.912], [7412.0391, 4028.039]]}}, {"type": "Feature", "properties": {"layer": "PDF_REGIAO_POLILINHAS"}, "geometry": {"type": "LineString", "coordinates": [[7412.0391, 4028.039], [7415.8439, 4024.7997]]}}, {"type": "Feature", "properties": {"layer": "PDF_REGIAO_POLILINHAS"}, "geometry": {"type": "LineString", "coordinates": [[7415.8439, 4024.7997], [7419.7001, 4021.5605]]}}, {"type": "Feature", "properties": {"layer": "PDF_REGIAO_POLILINHAS"}, "geometry": {"type": "LineString", "coordinates": [[7419.7001, 4021.5605], [7403.5039, 4002.4335]]}}, {"type": "Feature", "properties": {"layer": "PDF_REGIAO_POLILINHAS"}, "geometry": {"type": "LineString", "coordinates": [[7403.5039, 4002.4335], [7395.8428, 4008.912]]}}, {"type": "Feature", "properties": {"layer": "PDF_REGIAO_POLILINHAS"}, "geometry": {"type": "LineString", "coordinates": [[7388.1817, 4015.3391], [7404.378, 4034.5175]]}}, {"type": "Feature", "properties": {"layer": "PDF_REGIAO_POLILINHAS"}, "geometry": {"type": "LineString", "coordinates": [[7404.378, 4034.5175], [7412.0391, 4028.039]]}}, {"type": "Feature", "properties": {"layer": "PDF_REGIAO_POLILINHAS"}, "geometry": {"type": "LineString", "coordinates": [[7412.0391, 4028.039], [7395.8428, 4008.912]]}}, {"type": "Feature", "properties": {"layer": "PDF_REGIAO_POLILINHAS"}, "geometry": {"type": "LineString", "coordinates": [[7395.8428, 4008.912], [7388.1817, 4015.3391]]}}, {"type": "Feature", "properties": {"layer": "PDF_REGIAO_POLILINHAS"}, "geometry": {"type": "LineString", "coordinates": [[7381.4976, 4022.9487], [7396.7169, 4040.9446]]}}, {"type": "Feature", "properties": {"layer": "PDF_REGIAO_POLILINHAS"}, "geometry": {"type": "LineString", "coordinates": [[7396.7169, 4040.9446], [7404.378, 4034.5175]]}}, {"type": "Feature", "properties": {"layer": "PDF_REGIAO_POLILINHAS"}, "geometry": {"type": "LineString", "coordinates": [[7404.378, 4034.5175], [7388.1817, 4015.3391]]}}, {"type": "Feature", "properties": {"layer": "PDF_REGIAO_POLILINHAS"}, "geometry": {"type": "LineString", "coordinates": [[7388.1817, 4015.3391], [7381.7032, 4020.8407]]}}, {"type": "Feature", "properties": {"layer": "PDF_REGIAO_POLILINHAS"}, "geometry": {"type": "LineString", "coordinates": [[7381.4954, 4022.976], [7381.3268, 4022.7311], [7381.2092, 4022.458], [7381.1471, 4022.1672], [7381.143, 4021.8699], [7381.1969, 4021.5775], [7381.3069, 4021.3012], [7381.4686, 4021.0517], [7381.676, 4020.8386]]}}, {"type": "Feature", "properties": {"layer": "PDF_REGIAO_POLILINHAS"}, "geometry": {"type": "LineString", "coordinates": [[7396.7169, 4040.9446], [7403.144, 4048.6057]]}}, {"type": "Feature", "properties": {"layer": "PDF_REGIAO_POLILINHAS"}, "geometry": {"type": "LineString", "coordinates": [[7403.144, 4048.6057], [7422.3224, 4032.4608]]}}, {"type": "Feature", "properties": {"layer": "PDF_REGIAO_POLILINHAS"}, "geometry": {"type": "LineString", "coordinates": [[7422.3224, 4032.4608], [7415.8439, 4024.7997]]}}, {"type": "Feature", "properties": {"layer": "PDF_REGIAO_POLILINHAS"}, "geometry": {"type": "LineString", "coordinates": [[7415.8439, 4024.7997], [7412.0391, 4028.039]]}}, {"type": "Feature", "properties": {"layer": "PDF_REGIAO_POLILINHAS"}, "geometry": {"type": "LineString", "coordinates": [[7412.0391, 4028.039], [7404.378, 4034.5175]]}}, {"type": "Feature", "properties": {"layer": "PDF_REGIAO_POLILINHAS"}, "geometry": {"type": "LineString", "coordinates": [[7404.378, 4034.5175], [7396.7169, 4040.9446]]}}, {"type": "Feature", "properties": {"layer": "PDF_REGIAO_POLILINHAS"}, "geometry": {"type": "LineString", "coordinates": [[7403.144, 4048.6057], [7409.6225, 4056.2667]]}}, {"type": "Feature", "properties": {"layer": "PDF_REGIAO_POLILINHAS"}, "geometry": {"type": "LineString", "coordinates": [[7409.6225, 4056.2667], [7428.7495, 4040.1219]]}}, {"type": "Feature", "properties": {"layer": "PDF_REGIAO_POLILINHAS"}, "geometry": {"type": "LineString", "coordinates": [[7428.7495, 4040.1219], [7422.3224, 4032.4608]]}}, {"type": "Feature", "properties": {"layer": "PDF_REGIAO_POLILINHAS"}, "geometry": {"type": "LineString", "coordinates": [[7422.3224, 4032.4608], [7403.144, 4048.6057]]}}, {"type": "Feature", "properties": {"layer": "PDF_REGIAO_POLILINHAS"}, "geometry": {"type": "LineString", "coordinates": [[7409.6225, 4056.2667], [7416.101, 4063.9278]]}}, {"type": "Feature", "properties": {"layer": "PDF_REGIAO_POLILINHAS"}, "geometry": {"type": "LineString", "coordinates": [[7416.101, 4063.9278], [7435.228, 4047.783]]}}, {"type": "Feature", "properties": {"layer": "PDF_REGIAO_POLILINHAS"}, "geometry": {"type": "LineString", "coordinates": [[7435.228, 4047.783], [7428.7495, 4040.1219]]}}, {"type": "Feature", "properties": {"layer": "PDF_REGIAO_POLILINHAS"}, "geometry": {"type": "LineString", "coordinates": [[7428.7495, 4040.1219], [7409.6225, 4056.2667]]}}, {"type": "Feature", "properties": {"layer": "PDF_REGIAO_POLILINHAS"}, "geometry": {"type": "LineString", "coordinates": [[7416.101, 4063.9278], [7422.5795, 4071.5889]]}}, {"type": "Feature", "properties": {"layer": "PDF_REGIAO_POLILINHAS"}, "geometry": {"type": "LineString", "coordinates": [[7422.5795, 4071.5889], [7441.7065, 4055.4441]]}}, {"type": "Feature", "properties": {"layer": "PDF_REGIAO_POLILINHAS"}, "geometry": {"type": "LineString", "coordinates": [[7441.7065, 4055.4441], [7435.228, 4047.783]]}}, {"type": "Feature", "properties": {"layer": "PDF_REGIAO_POLILINHAS"}, "geometry": {"type": "LineString", "coordinates": [[7435.228, 4047.783], [7416.101, 4063.9278]]}}, {"type": "Feature", "properties": {"layer": "PDF_REGIAO_POLILINHAS"}, "geometry": {"type": "LineString", "coordinates": [[7435.228, 4047.783], [7441.7065, 4055.4441]]}}, {"type": "Feature", "properties": {"layer": "PDF_REGIAO_POLILINHAS"}, "geometry": {"type": "LineString", "coordinates": [[7441.7065, 4055.4441], [7460.8335, 4039.2478]]}}, {"type": "Feature", "properties": {"layer": "PDF_REGIAO_POLILINHAS"}, "geometry": {"type": "LineString", "coordinates": [[7460.8335, 4039.2478], [7454.355, 4031.5867]]}}, {"type": "Feature", "properties": {"layer": "PDF_REGIAO_POLILINHAS"}, "geometry": {"type": "LineString", "coordinates": [[7454.355, 4031.5867], [7435.228, 4047.783]]}}, {"type": "Feature", "properties": {"layer": "PDF_REGIAO_POLILINHAS"}, "geometry": {"type": "LineString", "coordinates": [[7428.7495, 4040.1219], [7435.228, 4047.783]]}}, {"type": "Feature", "properties": {"layer": "PDF_REGIAO_POLILINHAS"}, "geometry": {"type": "LineString", "coordinates": [[7435.228, 4047.783], [7454.355, 4031.5867]]}}, {"type": "Feature", "properties": {"layer": "PDF_REGIAO_POLILINHAS"}, "geometry": {"type": "LineString", "coordinates": [[7454.355, 4031.5867], [7447.9279, 4023.9771]]}}, {"type": "Feature", "properties": {"layer": "PDF_REGIAO_POLILINHAS"}, "geometry": {"type": "LineString", "coordinates": [[7447.9279, 4023.9771], [7428.7495, 4040.1219]]}}, {"type": "Feature", "properties": {"layer": "PDF_REGIAO_POLILINHAS"}, "geometry": {"type": "LineString", "coordinates": [[7493.7673, 4057.3487], [7493.5224, 4057.5173], [7493.2493, 4057.6349], [7492.9585, 4057.6969], [7492.6612, 4057.701], [7492.3688, 4057.6471], [7492.0926, 4057.5371], [7491.8431, 4057.3754], [7491.6299, 4057.1681]]}}, {"type": "Feature", "properties": {"layer": "PDF_REGIAO_POLILINHAS"}, "geometry": {"type": "LineString", "coordinates": [[7493.7916, 4057.3465], [7500.3215, 4051.8449]]}}, {"type": "Feature", "properties": {"layer": "PDF_REGIAO_POLILINHAS"}, "geometry": {"type": "LineString", "coordinates": [[7500.3215, 4051.8449], [7484.1252, 4032.7179]]}}, {"type": "Feature", "properties": {"layer": "PDF_REGIAO_POLILINHAS"}, "geometry": {"type": "LineString", "coordinates": [[7484.1252, 4032.7179], [7476.4641, 4039.145]]}}, {"type": "Feature", "properties": {"layer": "PDF_REGIAO_POLILINHAS"}, "geometry": {"type": "LineString", "coordinates": [[7476.4641, 4039.145], [7491.6835, 4057.1408]]}}, {"type": "Feature", "properties": {"layer": "PDF_REGIAO_POLILINHAS"}, "geometry": {"type": "LineString", "coordinates": [[7484.1252, 4032.7179], [7500.3215, 4051.8449]]}}, {"type": "Feature", "properties": {"layer": "PDF_REGIAO_POLILINHAS"}, "geometry": {"type": "LineString", "coordinates": [[7500.3215, 4051.8449], [7507.9311, 4045.3664]]}}, {"type": "Feature", "properties": {"layer": "PDF_REGIAO_POLILINHAS"}, "geometry": {"type": "LineString", "coordinates": [[7507.9311, 4045.3664], [7491.7863, 4026.2394]]}}, {"type": "Feature", "properties": {"layer": "PDF_REGIAO_POLILINHAS"}, "geometry": {"type": "LineString", "coordinates": [[7491.7863, 4026.2394], [7484.1252, 4032.7179]]}}, {"type": "Feature", "properties": {"layer": "PDF_REGIAO_POLILINHAS"}, "geometry": {"type": "LineString", "coordinates": [[7491.7863, 4026.2394], [7507.9311, 4045.3664]]}}, {"type": "Feature", "properties": {"layer": "PDF_REGIAO_POLILINHAS"}, "geometry": {"type": "LineString", "coordinates": [[7507.9311, 4045.3664], [7515.5922, 4038.9393]]}}, {"type": "Feature", "properties": {"layer": "PDF_REGIAO_POLILINHAS"}, "geometry": {"type": "LineString", "coordinates": [[7515.5922, 4038.9393], [7499.4474, 4019.7609]]}}, {"type": "Feature", "properties": {"layer": "PDF_REGIAO_POLILINHAS"}, "geometry": {"type": "LineString", "coordinates": [[7499.4474, 4019.7609], [7495.6426, 4023.0002]]}}, {"type": "Feature", "properties": {"layer": "PDF_REGIAO_POLILINHAS"}, "geometry": {"type": "LineString", "coordinates": [[7495.6426, 4023.0002], [7491.7863, 4026.2394]]}}, {"type": "Feature", "properties": {"layer": "PDF_REGIAO_POLILINHAS"}, "geometry": {"type": "LineString", "coordinates": [[7499.4474, 4019.7609], [7515.5922, 4038.9393]]}}, {"type": "Feature", "properties": {"layer": "PDF_REGIAO_POLILINHAS"}, "geometry": {"type": "LineString", "coordinates": [[7515.5922, 4038.9393], [7523.2533, 4032.4608]]}}, {"type": "Feature", "properties": {"layer": "PDF_REGIAO_POLILINHAS"}, "geometry": {"type": "LineString", "coordinates": [[7523.2533, 4032.4608], [7507.1085, 4013.3338]]}}, {"type": "Feature", "properties": {"layer": "PDF_REGIAO_POLILINHAS"}, "geometry": {"type": "LineString", "coordinates": [[7507.1085, 4013.3338], [7499.4474, 4019.7609]]}}, {"type": "Feature", "properties": {"layer": "PDF_REGIAO_POLILINHAS"}, "geometry": {"type": "LineString", "coordinates": [[7529.9396, 4024.8753], [7530.1082, 4025.1202], [7530.2258, 4025.3933], [7530.2879, 4025.6841], [7530.292, 4025.9814], [7530.2381, 4026.2738], [7530.1281, 4026.5501], [7529.9664, 4026.7996], [7529.7591, 4027.0128]]}}, {"type": "Feature", "properties": {"layer": "PDF_REGIAO_POLILINHAS"}, "geometry": {"type": "LineString", "coordinates": [[7529.9375, 4024.8512], [7514.7696, 4006.8553]]}}, {"type": "Feature", "properties": {"layer": "PDF_REGIAO_POLILINHAS"}, "geometry": {"type": "LineString", "coordinates": [[7514.7696, 4006.8553], [7507.1085, 4013.3338]]}}, {"type": "Feature", "properties": {"layer": "PDF_REGIAO_POLILINHAS"}, "geometry": {"type": "LineString", "coordinates": [[7507.1085, 4013.3338], [7523.2533, 4032.4608]]}}, {"type": "Feature", "properties": {"layer": "PDF_REGIAO_POLILINHAS"}, "geometry": {"type": "LineString", "coordinates": [[7523.2533, 4032.4608], [7529.7832, 4026.9592]]}}, {"type": "Feature", "properties": {"layer": "PDF_REGIAO_POLILINHAS"}, "geometry": {"type": "LineString", "coordinates": [[7489.1641, 4015.3391], [7495.6426, 4023.0002]]}}, {"type": "Feature", "properties": {"layer": "PDF_REGIAO_POLILINHAS"}, "geometry": {"type": "LineString", "coordinates": [[7495.6426, 4023.0002], [7499.4474, 4019.7609]]}}, {"type": "Feature", "properties": {"layer": "PDF_REGIAO_POLILINHAS"}, "geometry": {"type": "LineString", "coordinates": [[7499.4474, 4019.7609], [7507.1085, 4013.3338]]}}, {"type": "Feature", "properties": {"layer": "PDF_REGIAO_POLILINHAS"}, "geometry": {"type": "LineString", "coordinates": [[7507.1085, 4013.3338], [7514.7696, 4006.8553]]}}, {"type": "Feature", "properties": {"layer": "PDF_REGIAO_POLILINHAS"}, "geometry": {"type": "LineString", "coordinates": [[7514.7696, 4006.8553], [7508.2911, 3999.1942]]}}, {"type": "Feature", "properties": {"layer": "PDF_REGIAO_POLILINHAS"}, "geometry": {"type": "LineString", "coordinates": [[7508.2911, 3999.1942], [7489.1641, 4015.3391]]}}, {"type": "Feature", "properties": {"layer": "PDF_REGIAO_POLILINHAS"}, "geometry": {"type": "LineString", "coordinates": [[7482.6856, 4007.678], [7489.1641, 4015.3391]]}}, {"type": "Feature", "properties": {"layer": "PDF_REGIAO_POLILINHAS"}, "geometry": {"type": "LineString", "coordinates": [[7489.1641, 4015.3391], [7508.2911, 3999.1942]]}}, {"type": "Feature", "properties": {"layer": "PDF_REGIAO_POLILINHAS"}, "geometry": {"type": "LineString", "coordinates": [[7508.2911, 3999.1942], [7501.864, 3991.5332]]}}, {"type": "Feature", "properties": {"layer": "PDF_REGIAO_POLILINHAS"}, "geometry": {"type": "LineString", "coordinates": [[7501.864, 3991.5332], [7482.6856, 4007.678]]}}, {"type": "Feature", "properties": {"layer": "PDF_REGIAO_POLILINHAS"}, "geometry": {"type": "LineString", "coordinates": [[7476.2585, 4000.0169], [7482.6856, 4007.678]]}}, {"type": "Feature", "properties": {"layer": "PDF_REGIAO_POLILINHAS"}, "geometry": {"type": "LineString", "coordinates": [[7482.6856, 4007.678], [7501.864, 3991.5332]]}}, {"type": "Feature", "properties": {"layer": "PDF_REGIAO_POLILINHAS"}, "geometry": {"type": "LineString", "coordinates": [[7501.864, 3991.5332], [7495.3855, 3983.8721]]}}, {"type": "Feature", "properties": {"layer": "PDF_REGIAO_POLILINHAS"}, "geometry": {"type": "LineString", "coordinates": [[7495.3855, 3983.8721], [7476.2585, 4000.0169]]}}, {"type": "Feature", "properties": {"layer": "PDF_REGIAO_POLILINHAS"}, "geometry": {"type": "LineString", "coordinates": [[7469.78, 3992.4072], [7476.2585, 4000.0169]]}}, {"type": "Feature", "properties": {"layer": "PDF_REGIAO_POLILINHAS"}, "geometry": {"type": "LineString", "coordinates": [[7476.2585, 4000.0169], [7495.3855, 3983.8721]]}}, {"type": "Feature", "properties": {"layer": "PDF_REGIAO_POLILINHAS"}, "geometry": {"type": "LineString", "coordinates": [[7495.3855, 3983.8721], [7488.907, 3976.211]]}}, {"type": "Feature", "properties": {"layer": "PDF_REGIAO_POLILINHAS"}, "geometry": {"type": "LineString", "coordinates": [[7488.907, 3976.211], [7469.78, 3992.4072]]}}, {"type": "Feature", "properties": {"layer": "PDF_REGIAO_POLILINHAS"}, "geometry": {"type": "LineString", "coordinates": [[7463.3015, 3984.7462], [7469.78, 3992.4072]]}}, {"type": "Feature", "properties": {"layer": "PDF_REGIAO_POLILINHAS"}, "geometry": {"type": "LineString", "coordinates": [[7469.78, 3992.4072], [7488.907, 3976.211]]}}, {"type": "Feature", "properties": {"layer": "PDF_REGIAO_POLILINHAS"}, "geometry": {"type": "LineString", "coordinates": [[7488.907, 3976.211], [7482.4285, 3968.5499]]}}, {"type": "Feature", "properties": {"layer": "PDF_REGIAO_POLILINHAS"}, "geometry": {"type": "LineString", "coordinates": [[7482.4285, 3968.5499], [7474.8188, 3975.0284]]}}, {"type": "Feature", "properties": {"layer": "PDF_REGIAO_POLILINHAS"}, "geometry": {"type": "LineString", "coordinates": [[7474.8188, 3975.0284], [7467.1577, 3981.5069]]}}, {"type": "Feature", "properties": {"layer": "PDF_REGIAO_POLILINHAS"}, "geometry": {"type": "LineString", "coordinates": [[7467.1577, 3981.5069], [7463.3015, 3984.7462]]}}, {"type": "Feature", "properties": {"layer": "PDF_REGIAO_POLILINHAS"}, "geometry": {"type": "LineString", "coordinates": [[7465.1252, 3950.3977], [7465.3701, 3950.2291], [7465.6432, 3950.1115], [7465.934, 3950.0494], [7466.2313, 3950.0453], [7466.5237, 3950.0992], [7466.8, 3950.2092], [7467.0495, 3950.3709], [7467.2627, 3950.5782]]}}, {"type": "Feature", "properties": {"layer": "PDF_REGIAO_POLILINHAS"}, "geometry": {"type": "LineString", "coordinates": [[7465.1525, 3950.3998], [7458.6226, 3955.9014]]}}, {"type": "Feature", "properties": {"layer": "PDF_REGIAO_POLILINHAS"}, "geometry": {"type": "LineString", "coordinates": [[7458.6226, 3955.9014], [7474.8188, 3975.0284]]}}, {"type": "Feature", "properties": {"layer": "PDF_REGIAO_POLILINHAS"}, "geometry": {"type": "LineString", "coordinates": [[7474.8188, 3975.0284], [7482.4285, 3968.5499]]}}, {"type": "Feature", "properties": {"layer": "PDF_REGIAO_POLILINHAS"}, "geometry": {"type": "LineString", "coordinates": [[7482.4285, 3968.5499], [7467.2606, 3950.5541]]}}, {"type": "Feature", "properties": {"layer": "PDF_REGIAO_POLILINHAS"}, "geometry": {"type": "LineString", "coordinates": [[7450.9615, 3962.3799], [7467.1577, 3981.5069]]}}, {"type": "Feature", "properties": {"layer": "PDF_REGIAO_POLILINHAS"}, "geometry": {"type": "LineString", "coordinates": [[7467.1577, 3981.5069], [7474.8188, 3975.0284]]}}, {"type": "Feature", "properties": {"layer": "PDF_REGIAO_POLILINHAS"}, "geometry": {"type": "LineString", "coordinates": [[7474.8188, 3975.0284], [7458.6226, 3955.9014]]}}, {"type": "Feature", "properties": {"layer": "PDF_REGIAO_POLILINHAS"}, "geometry": {"type": "LineString", "coordinates": [[7458.6226, 3955.9014], [7450.9615, 3962.3799]]}}, {"type": "Feature", "properties": {"layer": "PDF_REGIAO_POLILINHAS"}, "geometry": {"type": "LineString", "coordinates": [[7443.3518, 3968.807], [7459.4966, 3987.9854]]}}, {"type": "Feature", "properties": {"layer": "PDF_REGIAO_POLILINHAS"}, "geometry": {"type": "LineString", "coordinates": [[7459.4966, 3987.9854], [7463.3015, 3984.7462]]}}, {"type": "Feature", "properties": {"layer": "PDF_REGIAO_POLILINHAS"}, "geometry": {"type": "LineString", "coordinates": [[7463.3015, 3984.7462], [7467.1577, 3981.5069]]}}, {"type": "Feature", "properties": {"layer": "PDF_REGIAO_POLILINHAS"}, "geometry": {"type": "LineString", "coordinates": [[7467.1577, 3981.5069], [7450.9615, 3962.3799]]}}, {"type": "Feature", "properties": {"layer": "PDF_REGIAO_POLILINHAS"}, "geometry": {"type": "LineString", "coordinates": [[7450.9615, 3962.3799], [7443.3518, 3968.807]]}}, {"type": "Feature", "properties": {"layer": "PDF_REGIAO_POLILINHAS"}, "geometry": {"type": "LineString", "coordinates": [[7435.6907, 3975.2855], [7451.8356, 3994.4125]]}}, {"type": "Feature", "properties": {"layer": "PDF_REGIAO_POLILINHAS"}, "geometry": {"type": "LineString", "coordinates": [[7451.8356, 3994.4125], [7459.4966, 3987.9854]]}}, {"type": "Feature", "properties": {"layer": "PDF_REGIAO_POLILINHAS"}, "geometry": {"type": "LineString", "coordinates": [[7459.4966, 3987.9854], [7443.3518, 3968.807]]}}, {"type": "Feature", "properties": {"layer": "PDF_REGIAO_POLILINHAS"}, "geometry": {"type": "LineString", "coordinates": [[7443.3518, 3968.807], [7435.6907, 3975.2855]]}}, {"type": "Feature", "properties": {"layer": "PDF_REGIAO_POLILINHAS"}, "geometry": {"type": "LineString", "coordinates": [[7429.0066, 3982.8952], [7444.1745, 4000.891]]}}, {"type": "Feature", "properties": {"layer": "PDF_REGIAO_POLILINHAS"}, "geometry": {"type": "LineString", "coordinates": [[7444.1745, 4000.891], [7451.8356, 3994.4125]]}}, {"type": "Feature", "properties": {"layer": "PDF_REGIAO_POLILINHAS"}, "geometry": {"type": "LineString", "coordinates": [[7451.8356, 3994.4125], [7435.6907, 3975.2855]]}}, {"type": "Feature", "properties": {"layer": "PDF_REGIAO_POLILINHAS"}, "geometry": {"type": "LineString", "coordinates": [[7435.6907, 3975.2855], [7429.1608, 3980.7871]]}}, {"type": "Feature", "properties": {"layer": "PDF_REGIAO_POLILINHAS"}, "geometry": {"type": "LineString", "coordinates": [[7428.953, 3982.9224], [7428.7844, 3982.6775], [7428.6668, 3982.4044], [7428.6047, 3982.1136], [7428.6006, 3981.8163], [7428.6545, 3981.5239], [7428.7645, 3981.2476], [7428.9262, 3980.9981], [7429.1335, 3980.785]]}}, {"type": "Feature", "properties": {"layer": "PDF_REGIAO_POLILINHAS"}, "geometry": {"type": "LineString", "coordinates": [[7444.1745, 4000.891], [7450.653, 4008.5521]]}}, {"type": "Feature", "properties": {"layer": "PDF_REGIAO_POLILINHAS"}, "geometry": {"type": "LineString", "coordinates": [[7450.653, 4008.5521], [7469.78, 3992.4072]]}}, {"type": "Feature", "properties": {"layer": "PDF_REGIAO_POLILINHAS"}, "geometry": {"type": "LineString", "coordinates": [[7469.78, 3992.4072], [7463.3015, 3984.7462]]}}, {"type": "Feature", "properties": {"layer": "PDF_REGIAO_POLILINHAS"}, "geometry": {"type": "LineString", "coordinates": [[7463.3015, 3984.7462], [7459.4966, 3987.9854]]}}, {"type": "Feature", "properties": {"layer": "PDF_REGIAO_POLILINHAS"}, "geometry": {"type": "LineString", "coordinates": [[7459.4966, 3987.9854], [7451.8356, 3994.4125]]}}, {"type": "Feature", "properties": {"layer": "PDF_REGIAO_POLILINHAS"}, "geometry": {"type": "LineString", "coordinates": [[7451.8356, 3994.4125], [7444.1745, 4000.891]]}}, {"type": "Feature", "properties": {"layer": "PDF_REGIAO_POLILINHAS"}, "geometry": {"type": "LineString", "coordinates": [[7450.653, 4008.5521], [7457.0801, 4016.2132]]}}, {"type": "Feature", "properties": {"layer": "PDF_REGIAO_POLILINHAS"}, "geometry": {"type": "LineString", "coordinates": [[7457.0801, 4016.2132], [7476.2585, 4000.0169]]}}, {"type": "Feature", "properties": {"layer": "PDF_REGIAO_POLILINHAS"}, "geometry": {"type": "LineString", "coordinates": [[7476.2585, 4000.0169], [7469.78, 3992.4072]]}}, {"type": "Feature", "properties": {"layer": "PDF_REGIAO_POLILINHAS"}, "geometry": {"type": "LineString", "coordinates": [[7469.78, 3992.4072], [7450.653, 4008.5521]]}}, {"type": "Feature", "properties": {"layer": "PDF_REGIAO_POLILINHAS"}, "geometry": {"type": "LineString", "coordinates": [[7457.0801, 4016.2132], [7463.5586, 4023.8742]]}}, {"type": "Feature", "properties": {"layer": "PDF_REGIAO_POLILINHAS"}, "geometry": {"type": "LineString", "coordinates": [[7463.5586, 4023.8742], [7482.6856, 4007.678]]}}, {"type": "Feature", "properties": {"layer": "PDF_REGIAO_POLILINHAS"}, "geometry": {"type": "LineString", "coordinates": [[7482.6856, 4007.678], [7476.2585, 4000.0169]]}}, {"type": "Feature", "properties": {"layer": "PDF_REGIAO_POLILINHAS"}, "geometry": {"type": "LineString", "coordinates": [[7476.2585, 4000.0169], [7457.0801, 4016.2132]]}}, {"type": "Feature", "properties": {"layer": "PDF_REGIAO_POLILINHAS"}, "geometry": {"type": "LineString", "coordinates": [[7463.5586, 4023.8742], [7470.0371, 4031.5353]]}}, {"type": "Feature", "properties": {"layer": "PDF_REGIAO_POLILINHAS"}, "geometry": {"type": "LineString", "coordinates": [[7470.0371, 4031.5353], [7489.1641, 4015.3391]]}}, {"type": "Feature", "properties": {"layer": "PDF_REGIAO_POLILINHAS"}, "geometry": {"type": "LineString", "coordinates": [[7489.1641, 4015.3391], [7482.6856, 4007.678]]}}, {"type": "Feature", "properties": {"layer": "PDF_REGIAO_POLILINHAS"}, "geometry": {"type": "LineString", "coordinates": [[7482.6856, 4007.678], [7463.5586, 4023.8742]]}}, {"type": "Feature", "properties": {"layer": "PDF_REGIAO_POLILINHAS"}, "geometry": {"type": "LineString", "coordinates": [[7558.2702, 4000.9666], [7558.4388, 4001.2115], [7558.5564, 4001.4846], [7558.6185, 4001.7754], [7558.6226, 4002.0727], [7558.5687, 4002.3651], [7558.4587, 4002.6414], [7558.297, 4002.8909], [7558.0897, 4003.104]]}}, {"type": "Feature", "properties": {"layer": "PDF_REGIAO_POLILINHAS"}, "geometry": {"type": "LineString", "coordinates": [[7558.2681, 4000.9424], [7543.1001, 3982.9466]]}}, {"type": "Feature", "properties": {"layer": "PDF_REGIAO_POLILINHAS"}, "geometry": {"type": "LineString", "coordinates": [[7543.1001, 3982.9466], [7533.5366, 3991.019]]}}, {"type": "Feature", "properties": {"layer": "PDF_REGIAO_POLILINHAS"}, "geometry": {"type": "LineString", "coordinates": [[7533.5366, 3991.019], [7549.6815, 4010.146]]}}, {"type": "Feature", "properties": {"layer": "PDF_REGIAO_POLILINHAS"}, "geometry": {"type": "LineString", "coordinates": [[7549.6815, 4010.146], [7558.1138, 4003.0505]]}}, {"type": "Feature", "properties": {"layer": "PDF_REGIAO_POLILINHAS"}, "geometry": {"type": "LineString", "coordinates": [[7517.4946, 3991.4303], [7523.9731, 3999.0914]]}}, {"type": "Feature", "properties": {"layer": "PDF_REGIAO_POLILINHAS"}, "geometry": {"type": "LineString", "coordinates": [[7523.9731, 3999.0914], [7533.5366, 3991.019]]}}, {"type": "Feature", "properties": {"layer": "PDF_REGIAO_POLILINHAS"}, "geometry": {"type": "LineString", "coordinates": [[7533.5366, 3991.019], [7543.1001, 3982.9466]]}}, {"type": "Feature", "properties": {"layer": "PDF_REGIAO_POLILINHAS"}, "geometry": {"type": "LineString", "coordinates": [[7543.1001, 3982.9466], [7536.6216, 3975.2855]]}}, {"type": "Feature", "properties": {"layer": "PDF_REGIAO_POLILINHAS"}, "geometry": {"type": "LineString", "coordinates": [[7536.6216, 3975.2855], [7517.4946, 3991.4303]]}}, {"type": "Feature", "properties": {"layer": "PDF_REGIAO_POLILINHAS"}, "geometry": {"type": "LineString", "coordinates": [[7511.0161, 3983.7692], [7517.4946, 3991.4303]]}}, {"type": "Feature", "properties": {"layer": "PDF_REGIAO_POLILINHAS"}, "geometry": {"type": "LineString", "coordinates": [[7517.4946, 3991.4303], [7536.6216, 3975.2855]]}}, {"type": "Feature", "properties": {"layer": "PDF_REGIAO_POLILINHAS"}, "geometry": {"type": "LineString", "coordinates": [[7536.6216, 3975.2855], [7530.1946, 3967.6244]]}}, {"type": "Feature", "properties": {"layer": "PDF_REGIAO_POLILINHAS"}, "geometry": {"type": "LineString", "coordinates": [[7530.1946, 3967.6244], [7511.0161, 3983.7692]]}}, {"type": "Feature", "properties": {"layer": "PDF_REGIAO_POLILINHAS"}, "geometry": {"type": "LineString", "coordinates": [[7504.5891, 3976.1082], [7511.0161, 3983.7692]]}}, {"type": "Feature", "properties": {"layer": "PDF_REGIAO_POLILINHAS"}, "geometry": {"type": "LineString", "coordinates": [[7511.0161, 3983.7692], [7530.1946, 3967.6244]]}}, {"type": "Feature", "properties": {"layer": "PDF_REGIAO_POLILINHAS"}, "geometry": {"type": "LineString", "coordinates": [[7530.1946, 3967.6244], [7523.7161, 3959.9633]]}}, {"type": "Feature", "properties": {"layer": "PDF_REGIAO_POLILINHAS"}, "geometry": {"type": "LineString", "coordinates": [[7523.7161, 3959.9633], [7504.5891, 3976.1082]]}}, {"type": "Feature", "properties": {"layer": "PDF_REGIAO_POLILINHAS"}, "geometry": {"type": "LineString", "coordinates": [[7493.4558, 3926.489], [7493.7007, 3926.3203], [7493.9738, 3926.2027], [7494.2646, 3926.1407], [7494.5619, 3926.1365], [7494.8543, 3926.1905], [7495.1306, 3926.3004], [7495.3801, 3926.4622], [7495.5932, 3926.6695]]}}, {"type": "Feature", "properties": {"layer": "PDF_REGIAO_POLILINHAS"}, "geometry": {"type": "LineString", "coordinates": [[7493.4831, 3926.4911], [7485.0507, 3933.5866]]}}, {"type": "Feature", "properties": {"layer": "PDF_REGIAO_POLILINHAS"}, "geometry": {"type": "LineString", "coordinates": [[7485.0507, 3933.5866], [7501.1956, 3952.7136]]}}, {"type": "Feature", "properties": {"layer": "PDF_REGIAO_POLILINHAS"}, "geometry": {"type": "LineString", "coordinates": [[7501.1956, 3952.7136], [7510.7591, 3944.6412]]}}, {"type": "Feature", "properties": {"layer": "PDF_REGIAO_POLILINHAS"}, "geometry": {"type": "LineString", "coordinates": [[7510.7591, 3944.6412], [7495.5911, 3926.6453]]}}, {"type": "Feature", "properties": {"layer": "PDF_REGIAO_POLILINHAS"}, "geometry": {"type": "LineString", "coordinates": [[7476.4641, 3942.8416], [7491.6321, 3960.8374]]}}, {"type": "Feature", "properties": {"layer": "PDF_REGIAO_POLILINHAS"}, "geometry": {"type": "LineString", "coordinates": [[7491.6321, 3960.8374], [7501.1956, 3952.7136]]}}, {"type": "Feature", "properties": {"layer": "PDF_REGIAO_POLILINHAS"}, "geometry": {"type": "LineString", "coordinates": [[7501.1956, 3952.7136], [7485.0507, 3933.5866]]}}, {"type": "Feature", "properties": {"layer": "PDF_REGIAO_POLILINHAS"}, "geometry": {"type": "LineString", "coordinates": [[7485.0507, 3933.5866], [7476.6184, 3940.6821]]}}, {"type": "Feature", "properties": {"layer": "PDF_REGIAO_POLILINHAS"}, "geometry": {"type": "LineString", "coordinates": [[7476.4106, 3942.8688], [7476.242, 3942.6239], [7476.1244, 3942.3508], [7476.0623, 3942.06], [7476.0582, 3941.7627], [7476.1121, 3941.4703], [7476.2221, 3941.194], [7476.3838, 3940.9445], [7476.5911, 3940.7314]]}}, {"type": "Feature", "properties": {"layer": "PDF_REGIAO_POLILINHAS"}, "geometry": {"type": "LineString", "coordinates": [[7539.1411, 4017.0872], [7523.9731, 3999.0914]]}}, {"type": "Feature", "properties": {"layer": "PDF_REGIAO_POLILINHAS"}, "geometry": {"type": "LineString", "coordinates": [[7523.9731, 3999.0914], [7533.5366, 3991.019]]}}, {"type": "Feature", "properties": {"layer": "PDF_REGIAO_POLILINHAS"}, "geometry": {"type": "LineString", "coordinates": [[7533.5366, 3991.019], [7549.6815, 4010.146]]}}, {"type": "Feature", "properties": {"layer": "PDF_REGIAO_POLILINHAS"}, "geometry": {"type": "LineString", "coordinates": [[7549.6815, 4010.146], [7541.2491, 4017.2929]]}}, {"type": "Feature", "properties": {"layer": "PDF_REGIAO_POLILINHAS"}, "geometry": {"type": "LineString", "coordinates": [[7541.2491, 4017.2929], [7549.6815, 4010.146]]}}, {"type": "Feature", "properties": {"layer": "PDF_REGIAO_POLILINHAS"}, "geometry": {"type": "LineString", "coordinates": [[7549.6815, 4010.146], [7533.5366, 3991.019]]}}, {"type": "Feature", "properties": {"layer": "PDF_REGIAO_POLILINHAS"}, "geometry": {"type": "LineString", "coordinates": [[7533.5366, 3991.019], [7523.9731, 3999.0914]]}}, {"type": "Feature", "properties": {"layer": "PDF_REGIAO_POLILINHAS"}, "geometry": {"type": "LineString", "coordinates": [[7523.9731, 3999.0914], [7539.1411, 4017.0872]]}}, {"type": "Feature", "properties": {"layer": "PDF_REGIAO_POLILINHAS"}, "geometry": {"type": "LineString", "coordinates": [[7510.7591, 3944.6412], [7501.1956, 3952.7136]]}}, {"type": "Feature", "properties": {"layer": "PDF_REGIAO_POLILINHAS"}, "geometry": {"type": "LineString", "coordinates": [[7501.1956, 3952.7136], [7491.6321, 3960.8374]]}}, {"type": "Feature", "properties": {"layer": "PDF_REGIAO_POLILINHAS"}, "geometry": {"type": "LineString", "coordinates": [[7491.6321, 3960.8374], [7498.1106, 3968.4471]]}}, {"type": "Feature", "properties": {"layer": "PDF_REGIAO_POLILINHAS"}, "geometry": {"type": "LineString", "coordinates": [[7498.1106, 3968.4471], [7517.2376, 3952.3022]]}}, {"type": "Feature", "properties": {"layer": "PDF_REGIAO_POLILINHAS"}, "geometry": {"type": "LineString", "coordinates": [[7517.2376, 3952.3022], [7510.7591, 3944.6412]]}}, {"type": "Feature", "properties": {"layer": "PDF_REGIAO_POLILINHAS"}, "geometry": {"type": "LineString", "coordinates": [[7517.2376, 3952.3022], [7498.1106, 3968.4471]]}}, {"type": "Feature", "properties": {"layer": "PDF_REGIAO_POLILINHAS"}, "geometry": {"type": "LineString", "coordinates": [[7498.1106, 3968.4471], [7504.5891, 3976.1082]]}}, {"type": "Feature", "properties": {"layer": "PDF_REGIAO_POLILINHAS"}, "geometry": {"type": "LineString", "coordinates": [[7504.5891, 3976.1082], [7523.7161, 3959.9633]]}}, {"type": "Feature", "properties": {"layer": "PDF_REGIAO_POLILINHAS"}, "geometry": {"type": "LineString", "coordinates": [[7523.7161, 3959.9633], [7517.2376, 3952.3022]]}}, {"type": "Feature", "properties": {"layer": "PDF_REGIAO_POLILINHAS"}, "geometry": {"type": "LineString", "coordinates": [[7569.5554, 3993.3864], [7569.3105, 3993.555], [7569.0374, 3993.6725], [7568.7467, 3993.7346], [7568.4494, 3993.7387], [7568.157, 3993.6847], [7567.8807, 3993.5748], [7567.6313, 3993.4131], [7567.4181, 3993.2058]]}}, {"type": "Feature", "properties": {"layer": "PDF_REGIAO_POLILINHAS"}, "geometry": {"type": "LineString", "coordinates": [[7569.5797, 3993.3327], [7576.1096, 3987.8826]]}}, {"type": "Feature", "properties": {"layer": "PDF_REGIAO_POLILINHAS"}, "geometry": {"type": "LineString", "coordinates": [[7576.1096, 3987.8826], [7556.7256, 3964.8993]]}}, {"type": "Feature", "properties": {"layer": "PDF_REGIAO_POLILINHAS"}, "geometry": {"type": "LineString", "coordinates": [[7556.7256, 3964.8993], [7549.0645, 3971.3778]]}}, {"type": "Feature", "properties": {"layer": "PDF_REGIAO_POLILINHAS"}, "geometry": {"type": "LineString", "coordinates": [[7549.0645, 3971.3778], [7567.4716, 3993.1785]]}}, {"type": "Feature", "properties": {"layer": "PDF_REGIAO_POLILINHAS"}, "geometry": {"type": "LineString", "coordinates": [[7556.7256, 3964.8993], [7576.1096, 3987.8826]]}}, {"type": "Feature", "properties": {"layer": "PDF_REGIAO_POLILINHAS"}, "geometry": {"type": "LineString", "coordinates": [[7576.1096, 3987.8826], [7583.7707, 3981.4041]]}}, {"type": "Feature", "properties": {"layer": "PDF_REGIAO_POLILINHAS"}, "geometry": {"type": "LineString", "coordinates": [[7583.7707, 3981.4041], [7564.3866, 3958.4208]]}}, {"type": "Feature", "properties": {"layer": "PDF_REGIAO_POLILINHAS"}, "geometry": {"type": "LineString", "coordinates": [[7564.3866, 3958.4208], [7556.7256, 3964.8993]]}}, {"type": "Feature", "properties": {"layer": "PDF_REGIAO_POLILINHAS"}, "geometry": {"type": "LineString", "coordinates": [[7564.3866, 3958.4208], [7583.7707, 3981.4041]]}}, {"type": "Feature", "properties": {"layer": "PDF_REGIAO_POLILINHAS"}, "geometry": {"type": "LineString", "coordinates": [[7583.7707, 3981.4041], [7591.3804, 3974.9256]]}}, {"type": "Feature", "properties": {"layer": "PDF_REGIAO_POLILINHAS"}, "geometry": {"type": "LineString", "coordinates": [[7591.3804, 3974.9256], [7571.9963, 3951.9423]]}}, {"type": "Feature", "properties": {"layer": "PDF_REGIAO_POLILINHAS"}, "geometry": {"type": "LineString", "coordinates": [[7571.9963, 3951.9423], [7564.3866, 3958.4208]]}}, {"type": "Feature", "properties": {"layer": "PDF_REGIAO_POLILINHAS"}, "geometry": {"type": "LineString", "coordinates": [[7571.9963, 3951.9423], [7591.3804, 3974.9256]]}}, {"type": "Feature", "properties": {"layer": "PDF_REGIAO_POLILINHAS"}, "geometry": {"type": "LineString", "coordinates": [[7591.3804, 3974.9256], [7599.0415, 3968.4985]]}}, {"type": "Feature", "properties": {"layer": "PDF_REGIAO_POLILINHAS"}, "geometry": {"type": "LineString", "coordinates": [[7599.0415, 3968.4985], [7579.6574, 3945.5152]]}}, {"type": "Feature", "properties": {"layer": "PDF_REGIAO_POLILINHAS"}, "geometry": {"type": "LineString", "coordinates": [[7579.6574, 3945.5152], [7571.9963, 3951.9423]]}}, {"type": "Feature", "properties": {"layer": "PDF_REGIAO_POLILINHAS"}, "geometry": {"type": "LineString", "coordinates": [[7579.6574, 3945.5152], [7599.0415, 3968.4985]]}}, {"type": "Feature", "properties": {"layer": "PDF_REGIAO_POLILINHAS"}, "geometry": {"type": "LineString", "coordinates": [[7599.0415, 3968.4985], [7606.7026, 3962.02]]}}, {"type": "Feature", "properties": {"layer": "PDF_REGIAO_POLILINHAS"}, "geometry": {"type": "LineString", "coordinates": [[7606.7026, 3962.02], [7587.3185, 3939.0367]]}}, {"type": "Feature", "properties": {"layer": "PDF_REGIAO_POLILINHAS"}, "geometry": {"type": "LineString", "coordinates": [[7587.3185, 3939.0367], [7579.6574, 3945.5152]]}}, {"type": "Feature", "properties": {"layer": "PDF_REGIAO_POLILINHAS"}, "geometry": {"type": "LineString", "coordinates": [[7613.3888, 3954.4345], [7613.5575, 3954.6794], [7613.6751, 3954.9525], [7613.7371, 3955.2433], [7613.7413, 3955.5406], [7613.6873, 3955.833], [7613.5774, 3956.1093], [7613.4156, 3956.3588], [7613.2083, 3956.5719]]}}, {"type": "Feature", "properties": {"layer": "PDF_REGIAO_POLILINHAS"}, "geometry": {"type": "LineString", "coordinates": [[7613.3867, 3954.4103], [7594.9796, 3932.5582]]}}, {"type": "Feature", "properties": {"layer": "PDF_REGIAO_POLILINHAS"}, "geometry": {"type": "LineString", "coordinates": [[7594.9796, 3932.5582], [7587.3185, 3939.0367]]}}, {"type": "Feature", "properties": {"layer": "PDF_REGIAO_POLILINHAS"}, "geometry": {"type": "LineString", "coordinates": [[7587.3185, 3939.0367], [7606.7026, 3962.02]]}}, {"type": "Feature", "properties": {"layer": "PDF_REGIAO_POLILINHAS"}, "geometry": {"type": "LineString", "coordinates": [[7606.7026, 3962.02], [7613.2325, 3956.5184]]}}, {"type": "Feature", "properties": {"layer": "PDF_REGIAO_POLILINHAS"}, "geometry": {"type": "LineString", "coordinates": [[7565.5692, 3944.3327], [7571.9963, 3951.9423]]}}, {"type": "Feature", "properties": {"layer": "PDF_REGIAO_POLILINHAS"}, "geometry": {"type": "LineString", "coordinates": [[7571.9963, 3951.9423], [7579.6574, 3945.5152]]}}, {"type": "Feature", "properties": {"layer": "PDF_REGIAO_POLILINHAS"}, "geometry": {"type": "LineString", "coordinates": [[7579.6574, 3945.5152], [7587.3185, 3939.0367]]}}, {"type": "Feature", "properties": {"layer": "PDF_REGIAO_POLILINHAS"}, "geometry": {"type": "LineString", "coordinates": [[7587.3185, 3939.0367], [7594.9796, 3932.5582]]}}, {"type": "Feature", "properties": {"layer": "PDF_REGIAO_POLILINHAS"}, "geometry": {"type": "LineString", "coordinates": [[7594.9796, 3932.5582], [7588.5011, 3924.9486]]}}, {"type": "Feature", "properties": {"layer": "PDF_REGIAO_POLILINHAS"}, "geometry": {"type": "LineString", "coordinates": [[7588.5011, 3924.9486], [7565.5692, 3944.3327]]}}, {"type": "Feature", "properties": {"layer": "PDF_REGIAO_POLILINHAS"}, "geometry": {"type": "LineString", "coordinates": [[7559.0907, 3936.6716], [7565.5692, 3944.3327]]}}, {"type": "Feature", "properties": {"layer": "PDF_REGIAO_POLILINHAS"}, "geometry": {"type": "LineString", "coordinates": [[7565.5692, 3944.3327], [7588.5011, 3924.9486]]}}, {"type": "Feature", "properties": {"layer": "PDF_REGIAO_POLILINHAS"}, "geometry": {"type": "LineString", "coordinates": [[7588.5011, 3924.9486], [7582.074, 3917.2875]]}}, {"type": "Feature", "properties": {"layer": "PDF_REGIAO_POLILINHAS"}, "geometry": {"type": "LineString", "coordinates": [[7582.074, 3917.2875], [7559.0907, 3936.6716]]}}, {"type": "Feature", "properties": {"layer": "PDF_REGIAO_POLILINHAS"}, "geometry": {"type": "LineString", "coordinates": [[7552.6122, 3929.0105], [7559.0907, 3936.6716]]}}, {"type": "Feature", "properties": {"layer": "PDF_REGIAO_POLILINHAS"}, "geometry": {"type": "LineString", "coordinates": [[7559.0907, 3936.6716], [7582.074, 3917.2875]]}}, {"type": "Feature", "properties": {"layer": "PDF_REGIAO_POLILINHAS"}, "geometry": {"type": "LineString", "coordinates": [[7582.074, 3917.2875], [7575.5955, 3909.6264]]}}, {"type": "Feature", "properties": {"layer": "PDF_REGIAO_POLILINHAS"}, "geometry": {"type": "LineString", "coordinates": [[7575.5955, 3909.6264], [7552.6122, 3929.0105]]}}, {"type": "Feature", "properties": {"layer": "PDF_REGIAO_POLILINHAS"}, "geometry": {"type": "LineString", "coordinates": [[7546.1851, 3921.3494], [7552.6122, 3929.0105]]}}, {"type": "Feature", "properties": {"layer": "PDF_REGIAO_POLILINHAS"}, "geometry": {"type": "LineString", "coordinates": [[7552.6122, 3929.0105], [7575.5955, 3909.6264]]}}, {"type": "Feature", "properties": {"layer": "PDF_REGIAO_POLILINHAS"}, "geometry": {"type": "LineString", "coordinates": [[7575.5955, 3909.6264], [7569.117, 3901.9653]]}}, {"type": "Feature", "properties": {"layer": "PDF_REGIAO_POLILINHAS"}, "geometry": {"type": "LineString", "coordinates": [[7569.117, 3901.9653], [7561.4559, 3908.3924]]}}, {"type": "Feature", "properties": {"layer": "PDF_REGIAO_POLILINHAS"}, "geometry": {"type": "LineString", "coordinates": [[7561.4559, 3908.3924], [7553.8462, 3914.8709]]}}, {"type": "Feature", "properties": {"layer": "PDF_REGIAO_POLILINHAS"}, "geometry": {"type": "LineString", "coordinates": [[7553.8462, 3914.8709], [7546.1851, 3921.3494]]}}, {"type": "Feature", "properties": {"layer": "PDF_REGIAO_POLILINHAS"}, "geometry": {"type": "LineString", "coordinates": [[7548.5745, 3879.9569], [7548.8194, 3879.7883], [7549.0925, 3879.6706], [7549.3833, 3879.6086], [7549.6806, 3879.6044], [7549.973, 3879.6584], [7550.2493, 3879.7683], [7550.4988, 3879.9301], [7550.7119, 3880.1374]]}}, {"type": "Feature", "properties": {"layer": "PDF_REGIAO_POLILINHAS"}, "geometry": {"type": "LineString", "coordinates": [[7548.6017, 3879.959], [7542.0718, 3885.4606]]}}, {"type": "Feature", "properties": {"layer": "PDF_REGIAO_POLILINHAS"}, "geometry": {"type": "LineString", "coordinates": [[7542.0718, 3885.4606], [7561.4559, 3908.3924]]}}, {"type": "Feature", "properties": {"layer": "PDF_REGIAO_POLILINHAS"}, "geometry": {"type": "LineString", "coordinates": [[7561.4559, 3908.3924], [7569.117, 3901.9653]]}}, {"type": "Feature", "properties": {"layer": "PDF_REGIAO_POLILINHAS"}, "geometry": {"type": "LineString", "coordinates": [[7569.117, 3901.9653], [7550.7098, 3880.1132]]}}, {"type": "Feature", "properties": {"layer": "PDF_REGIAO_POLILINHAS"}, "geometry": {"type": "LineString", "coordinates": [[7534.4107, 3891.8877], [7553.8462, 3914.8709]]}}, {"type": "Feature", "properties": {"layer": "PDF_REGIAO_POLILINHAS"}, "geometry": {"type": "LineString", "coordinates": [[7553.8462, 3914.8709], [7561.4559, 3908.3924]]}}, {"type": "Feature", "properties": {"layer": "PDF_REGIAO_POLILINHAS"}, "geometry": {"type": "LineString", "coordinates": [[7561.4559, 3908.3924], [7542.0718, 3885.4606]]}}, {"type": "Feature", "properties": {"layer": "PDF_REGIAO_POLILINHAS"}, "geometry": {"type": "LineString", "coordinates": [[7542.0718, 3885.4606], [7534.4107, 3891.8877]]}}, {"type": "Feature", "properties": {"layer": "PDF_REGIAO_POLILINHAS"}, "geometry": {"type": "LineString", "coordinates": [[7526.8011, 3898.3662], [7546.1851, 3921.3494]]}}, {"type": "Feature", "properties": {"layer": "PDF_REGIAO_POLILINHAS"}, "geometry": {"type": "LineString", "coordinates": [[7546.1851, 3921.3494], [7553.8462, 3914.8709]]}}, {"type": "Feature", "properties": {"layer": "PDF_REGIAO_POLILINHAS"}, "geometry": {"type": "LineString", "coordinates": [[7553.8462, 3914.8709], [7534.4107, 3891.8877]]}}, {"type": "Feature", "properties": {"layer": "PDF_REGIAO_POLILINHAS"}, "geometry": {"type": "LineString", "coordinates": [[7534.4107, 3891.8877], [7526.8011, 3898.3662]]}}, {"type": "Feature", "properties": {"layer": "PDF_REGIAO_POLILINHAS"}, "geometry": {"type": "LineString", "coordinates": [[7519.14, 3904.8447], [7538.5241, 3927.8279]]}}, {"type": "Feature", "properties": {"layer": "PDF_REGIAO_POLILINHAS"}, "geometry": {"type": "LineString", "coordinates": [[7538.5241, 3927.8279], [7546.1851, 3921.3494]]}}, {"type": "Feature", "properties": {"layer": "PDF_REGIAO_POLILINHAS"}, "geometry": {"type": "LineString", "coordinates": [[7546.1851, 3921.3494], [7526.8011, 3898.3662]]}}, {"type": "Feature", "properties": {"layer": "PDF_REGIAO_POLILINHAS"}, "geometry": {"type": "LineString", "coordinates": [[7526.8011, 3898.3662], [7519.14, 3904.8447]]}}, {"type": "Feature", "properties": {"layer": "PDF_REGIAO_POLILINHAS"}, "geometry": {"type": "LineString", "coordinates": [[7511.4789, 3911.3232], [7530.863, 3934.255]]}}, {"type": "Feature", "properties": {"layer": "PDF_REGIAO_POLILINHAS"}, "geometry": {"type": "LineString", "coordinates": [[7530.863, 3934.255], [7538.5241, 3927.8279]]}}, {"type": "Feature", "properties": {"layer": "PDF_REGIAO_POLILINHAS"}, "geometry": {"type": "LineString", "coordinates": [[7538.5241, 3927.8279], [7519.14, 3904.8447]]}}, {"type": "Feature", "properties": {"layer": "PDF_REGIAO_POLILINHAS"}, "geometry": {"type": "LineString", "coordinates": [[7519.14, 3904.8447], [7511.4789, 3911.3232]]}}, {"type": "Feature", "properties": {"layer": "PDF_REGIAO_POLILINHAS"}, "geometry": {"type": "LineString", "coordinates": [[7504.7947, 3918.9328], [7523.2019, 3940.7335]]}}, {"type": "Feature", "properties": {"layer": "PDF_REGIAO_POLILINHAS"}, "geometry": {"type": "LineString", "coordinates": [[7523.2019, 3940.7335], [7530.863, 3934.255]]}}, {"type": "Feature", "properties": {"layer": "PDF_REGIAO_POLILINHAS"}, "geometry": {"type": "LineString", "coordinates": [[7530.863, 3934.255], [7511.4789, 3911.3232]]}}, {"type": "Feature", "properties": {"layer": "PDF_REGIAO_POLILINHAS"}, "geometry": {"type": "LineString", "coordinates": [[7511.4789, 3911.3232], [7504.949, 3916.7733]]}}, {"type": "Feature", "properties": {"layer": "PDF_REGIAO_POLILINHAS"}, "geometry": {"type": "LineString", "coordinates": [[7504.7412, 3918.9601], [7504.5726, 3918.7152], [7504.455, 3918.4421], [7504.3929, 3918.1513], [7504.3888, 3917.854], [7504.4427, 3917.5616], [7504.5527, 3917.2853], [7504.7144, 3917.0358], [7504.9217, 3916.8226]]}}, {"type": "Feature", "properties": {"layer": "PDF_REGIAO_POLILINHAS"}, "geometry": {"type": "LineString", "coordinates": [[7523.2019, 3940.7335], [7529.6804, 3948.3946]]}}, {"type": "Feature", "properties": {"layer": "PDF_REGIAO_POLILINHAS"}, "geometry": {"type": "LineString", "coordinates": [[7529.6804, 3948.3946], [7552.6122, 3929.0105]]}}, {"type": "Feature", "properties": {"layer": "PDF_REGIAO_POLILINHAS"}, "geometry": {"type": "LineString", "coordinates": [[7552.6122, 3929.0105], [7546.1851, 3921.3494]]}}, {"type": "Feature", "properties": {"layer": "PDF_REGIAO_POLILINHAS"}, "geometry": {"type": "LineString", "coordinates": [[7546.1851, 3921.3494], [7538.5241, 3927.8279]]}}, {"type": "Feature", "properties": {"layer": "PDF_REGIAO_POLILINHAS"}, "geometry": {"type": "LineString", "coordinates": [[7538.5241, 3927.8279], [7530.863, 3934.255]]}}, {"type": "Feature", "properties": {"layer": "PDF_REGIAO_POLILINHAS"}, "geometry": {"type": "LineString", "coordinates": [[7530.863, 3934.255], [7523.2019, 3940.7335]]}}, {"type": "Feature", "properties": {"layer": "PDF_REGIAO_POLILINHAS"}, "geometry": {"type": "LineString", "coordinates": [[7529.6804, 3948.3946], [7536.1075, 3956.0557]]}}, {"type": "Feature", "properties": {"layer": "PDF_REGIAO_POLILINHAS"}, "geometry": {"type": "LineString", "coordinates": [[7536.1075, 3956.0557], [7559.0907, 3936.6716]]}}, {"type": "Feature", "properties": {"layer": "PDF_REGIAO_POLILINHAS"}, "geometry": {"type": "LineString", "coordinates": [[7559.0907, 3936.6716], [7552.6122, 3929.0105]]}}, {"type": "Feature", "properties": {"layer": "PDF_REGIAO_POLILINHAS"}, "geometry": {"type": "LineString", "coordinates": [[7552.6122, 3929.0105], [7529.6804, 3948.3946]]}}, {"type": "Feature", "properties": {"layer": "PDF_REGIAO_POLILINHAS"}, "geometry": {"type": "LineString", "coordinates": [[7536.1075, 3956.0557], [7542.586, 3963.7167]]}}, {"type": "Feature", "properties": {"layer": "PDF_REGIAO_POLILINHAS"}, "geometry": {"type": "LineString", "coordinates": [[7542.586, 3963.7167], [7565.5692, 3944.3327]]}}, {"type": "Feature", "properties": {"layer": "PDF_REGIAO_POLILINHAS"}, "geometry": {"type": "LineString", "coordinates": [[7565.5692, 3944.3327], [7559.0907, 3936.6716]]}}, {"type": "Feature", "properties": {"layer": "PDF_REGIAO_POLILINHAS"}, "geometry": {"type": "LineString", "coordinates": [[7559.0907, 3936.6716], [7536.1075, 3956.0557]]}}, {"type": "Feature", "properties": {"layer": "PDF_REGIAO_POLILINHAS"}, "geometry": {"type": "LineString", "coordinates": [[7542.586, 3963.7167], [7549.0645, 3971.3778]]}}, {"type": "Feature", "properties": {"layer": "PDF_REGIAO_POLILINHAS"}, "geometry": {"type": "LineString", "coordinates": [[7549.0645, 3971.3778], [7556.7256, 3964.8993]]}}, {"type": "Feature", "properties": {"layer": "PDF_REGIAO_POLILINHAS"}, "geometry": {"type": "LineString", "coordinates": [[7556.7256, 3964.8993], [7564.3866, 3958.4208]]}}, {"type": "Feature", "properties": {"layer": "PDF_REGIAO_POLILINHAS"}, "geometry": {"type": "LineString", "coordinates": [[7564.3866, 3958.4208], [7571.9963, 3951.9423]]}}, {"type": "Feature", "properties": {"layer": "PDF_REGIAO_POLILINHAS"}, "geometry": {"type": "LineString", "coordinates": [[7571.9963, 3951.9423], [7565.5692, 3944.3327]]}}, {"type": "Feature", "properties": {"layer": "PDF_REGIAO_POLILINHAS"}, "geometry": {"type": "LineString", "coordinates": [[7565.5692, 3944.3327], [7542.586, 3963.7167]]}}, {"type": "Feature", "properties": {"layer": "PDF_REGIAO_POLILINHAS"}, "geometry": {"type": "LineString", "coordinates": [[7624.6741, 3946.8543], [7624.4292, 3947.0229], [7624.1561, 3947.1404], [7623.8653, 3947.2025], [7623.568, 3947.2066], [7623.2757, 3947.1527], [7622.9994, 3947.0427], [7622.7499, 3946.881], [7622.5368, 3946.6737]]}}, {"type": "Feature", "properties": {"layer": "PDF_REGIAO_POLILINHAS"}, "geometry": {"type": "LineString", "coordinates": [[7624.6984, 3946.8007], [7631.2283, 3941.3505]]}}, {"type": "Feature", "properties": {"layer": "PDF_REGIAO_POLILINHAS"}, "geometry": {"type": "LineString", "coordinates": [[7631.2283, 3941.3505], [7611.8442, 3918.3672]]}}, {"type": "Feature", "properties": {"layer": "PDF_REGIAO_POLILINHAS"}, "geometry": {"type": "LineString", "coordinates": [[7611.8442, 3918.3672], [7604.1831, 3924.8457]]}}, {"type": "Feature", "properties": {"layer": "PDF_REGIAO_POLILINHAS"}, "geometry": {"type": "LineString", "coordinates": [[7604.1831, 3924.8457], [7622.5903, 3946.6464]]}}, {"type": "Feature", "properties": {"layer": "PDF_REGIAO_POLILINHAS"}, "geometry": {"type": "LineString", "coordinates": [[7611.8442, 3918.3672], [7631.2283, 3941.3505]]}}, {"type": "Feature", "properties": {"layer": "PDF_REGIAO_POLILINHAS"}, "geometry": {"type": "LineString", "coordinates": [[7631.2283, 3941.3505], [7638.8894, 3934.872]]}}, {"type": "Feature", "properties": {"layer": "PDF_REGIAO_POLILINHAS"}, "geometry": {"type": "LineString", "coordinates": [[7638.8894, 3934.872], [7619.5053, 3911.8887]]}}, {"type": "Feature", "properties": {"layer": "PDF_REGIAO_POLILINHAS"}, "geometry": {"type": "LineString", "coordinates": [[7619.5053, 3911.8887], [7611.8442, 3918.3672]]}}, {"type": "Feature", "properties": {"layer": "PDF_REGIAO_POLILINHAS"}, "geometry": {"type": "LineString", "coordinates": [[7619.5053, 3911.8887], [7638.8894, 3934.872]]}}, {"type": "Feature", "properties": {"layer": "PDF_REGIAO_POLILINHAS"}, "geometry": {"type": "LineString", "coordinates": [[7638.8894, 3934.872], [7646.5505, 3928.3935]]}}, {"type": "Feature", "properties": {"layer": "PDF_REGIAO_POLILINHAS"}, "geometry": {"type": "LineString", "coordinates": [[7646.5505, 3928.3935], [7627.1664, 3905.4102]]}}, {"type": "Feature", "properties": {"layer": "PDF_REGIAO_POLILINHAS"}, "geometry": {"type": "LineString", "coordinates": [[7627.1664, 3905.4102], [7619.5053, 3911.8887]]}}, {"type": "Feature", "properties": {"layer": "PDF_REGIAO_POLILINHAS"}, "geometry": {"type": "LineString", "coordinates": [[7627.1664, 3905.4102], [7646.5505, 3928.3935]]}}, {"type": "Feature", "properties": {"layer": "PDF_REGIAO_POLILINHAS"}, "geometry": {"type": "LineString", "coordinates": [[7646.5505, 3928.3935], [7654.1601, 3921.9664]]}}, {"type": "Feature", "properties": {"layer": "PDF_REGIAO_POLILINHAS"}, "geometry": {"type": "LineString", "coordinates": [[7654.1601, 3921.9664], [7634.7761, 3898.9832]]}}, {"type": "Feature", "properties": {"layer": "PDF_REGIAO_POLILINHAS"}, "geometry": {"type": "LineString", "coordinates": [[7634.7761, 3898.9832], [7627.1664, 3905.4102]]}}, {"type": "Feature", "properties": {"layer": "PDF_REGIAO_POLILINHAS"}, "geometry": {"type": "LineString", "coordinates": [[7634.7761, 3898.9832], [7654.1601, 3921.9664]]}}, {"type": "Feature", "properties": {"layer": "PDF_REGIAO_POLILINHAS"}, "geometry": {"type": "LineString", "coordinates": [[7654.1601, 3921.9664], [7661.8212, 3915.4879]]}}, {"type": "Feature", "properties": {"layer": "PDF_REGIAO_POLILINHAS"}, "geometry": {"type": "LineString", "coordinates": [[7661.8212, 3915.4879], [7642.4371, 3892.5047]]}}, {"type": "Feature", "properties": {"layer": "PDF_REGIAO_POLILINHAS"}, "geometry": {"type": "LineString", "coordinates": [[7642.4371, 3892.5047], [7634.7761, 3898.9832]]}}, {"type": "Feature", "properties": {"layer": "PDF_REGIAO_POLILINHAS"}, "geometry": {"type": "LineString", "coordinates": [[7668.5075, 3907.9024], [7668.6761, 3908.1473], [7668.7937, 3908.4204], [7668.8558, 3908.7112], [7668.86, 3909.0085], [7668.806, 3909.3009], [7668.6961, 3909.5772], [7668.5343, 3909.8267], [7668.327, 3910.0398]]}}, {"type": "Feature", "properties": {"layer": "PDF_REGIAO_POLILINHAS"}, "geometry": {"type": "LineString", "coordinates": [[7668.5054, 3907.8782], [7650.0982, 3886.0262]]}}, {"type": "Feature", "properties": {"layer": "PDF_REGIAO_POLILINHAS"}, "geometry": {"type": "LineString", "coordinates": [[7650.0982, 3886.0262], [7642.4371, 3892.5047]]}}, {"type": "Feature", "properties": {"layer": "PDF_REGIAO_POLILINHAS"}, "geometry": {"type": "LineString", "coordinates": [[7642.4371, 3892.5047], [7661.8212, 3915.4879]]}}, {"type": "Feature", "properties": {"layer": "PDF_REGIAO_POLILINHAS"}, "geometry": {"type": "LineString", "coordinates": [[7661.8212, 3915.4879], [7668.3511, 3909.9863]]}}, {"type": "Feature", "properties": {"layer": "PDF_REGIAO_POLILINHAS"}, "geometry": {"type": "LineString", "coordinates": [[7603.6931, 3833.4248], [7603.938, 3833.2562], [7604.2111, 3833.1386], [7604.5019, 3833.0765], [7604.7992, 3833.0724], [7605.0917, 3833.1263], [7605.3679, 3833.2363], [7605.6174, 3833.398], [7605.8306, 3833.6053]]}}, {"type": "Feature", "properties": {"layer": "PDF_REGIAO_POLILINHAS"}, "geometry": {"type": "LineString", "coordinates": [[7603.7204, 3833.4269], [7597.1905, 3838.9285]]}}, {"type": "Feature", "properties": {"layer": "PDF_REGIAO_POLILINHAS"}, "geometry": {"type": "LineString", "coordinates": [[7597.1905, 3838.9285], [7616.626, 3861.8603]]}}, {"type": "Feature", "properties": {"layer": "PDF_REGIAO_POLILINHAS"}, "geometry": {"type": "LineString", "coordinates": [[7616.626, 3861.8603], [7624.2356, 3855.4332]]}}, {"type": "Feature", "properties": {"layer": "PDF_REGIAO_POLILINHAS"}, "geometry": {"type": "LineString", "coordinates": [[7624.2356, 3855.4332], [7605.8285, 3833.5812]]}}, {"type": "Feature", "properties": {"layer": "PDF_REGIAO_POLILINHAS"}, "geometry": {"type": "LineString", "coordinates": [[7589.5808, 3845.3556], [7608.9649, 3868.3388]]}}, {"type": "Feature", "properties": {"layer": "PDF_REGIAO_POLILINHAS"}, "geometry": {"type": "LineString", "coordinates": [[7608.9649, 3868.3388], [7616.626, 3861.8603]]}}, {"type": "Feature", "properties": {"layer": "PDF_REGIAO_POLILINHAS"}, "geometry": {"type": "LineString", "coordinates": [[7616.626, 3861.8603], [7597.1905, 3838.9285]]}}, {"type": "Feature", "properties": {"layer": "PDF_REGIAO_POLILINHAS"}, "geometry": {"type": "LineString", "coordinates": [[7597.1905, 3838.9285], [7589.5808, 3845.3556]]}}, {"type": "Feature", "properties": {"layer": "PDF_REGIAO_POLILINHAS"}, "geometry": {"type": "LineString", "coordinates": [[7581.9197, 3851.8341], [7601.3038, 3874.8173]]}}, {"type": "Feature", "properties": {"layer": "PDF_REGIAO_POLILINHAS"}, "geometry": {"type": "LineString", "coordinates": [[7601.3038, 3874.8173], [7608.9649, 3868.3388]]}}, {"type": "Feature", "properties": {"layer": "PDF_REGIAO_POLILINHAS"}, "geometry": {"type": "LineString", "coordinates": [[7608.9649, 3868.3388], [7589.5808, 3845.3556]]}}, {"type": "Feature", "properties": {"layer": "PDF_REGIAO_POLILINHAS"}, "geometry": {"type": "LineString", "coordinates": [[7589.5808, 3845.3556], [7581.9197, 3851.8341]]}}, {"type": "Feature", "properties": {"layer": "PDF_REGIAO_POLILINHAS"}, "geometry": {"type": "LineString", "coordinates": [[7574.2586, 3858.3126], [7593.6427, 3881.2958]]}}, {"type": "Feature", "properties": {"layer": "PDF_REGIAO_POLILINHAS"}, "geometry": {"type": "LineString", "coordinates": [[7593.6427, 3881.2958], [7601.3038, 3874.8173]]}}, {"type": "Feature", "properties": {"layer": "PDF_REGIAO_POLILINHAS"}, "geometry": {"type": "LineString", "coordinates": [[7601.3038, 3874.8173], [7581.9197, 3851.8341]]}}, {"type": "Feature", "properties": {"layer": "PDF_REGIAO_POLILINHAS"}, "geometry": {"type": "LineString", "coordinates": [[7581.9197, 3851.8341], [7574.2586, 3858.3126]]}}, {"type": "Feature", "properties": {"layer": "PDF_REGIAO_POLILINHAS"}, "geometry": {"type": "LineString", "coordinates": [[7566.5976, 3864.7911], [7585.9816, 3887.7229]]}}, {"type": "Feature", "properties": {"layer": "PDF_REGIAO_POLILINHAS"}, "geometry": {"type": "LineString", "coordinates": [[7585.9816, 3887.7229], [7593.6427, 3881.2958]]}}, {"type": "Feature", "properties": {"layer": "PDF_REGIAO_POLILINHAS"}, "geometry": {"type": "LineString", "coordinates": [[7593.6427, 3881.2958], [7574.2586, 3858.3126]]}}, {"type": "Feature", "properties": {"layer": "PDF_REGIAO_POLILINHAS"}, "geometry": {"type": "LineString", "coordinates": [[7574.2586, 3858.3126], [7566.5976, 3864.7911]]}}, {"type": "Feature", "properties": {"layer": "PDF_REGIAO_POLILINHAS"}, "geometry": {"type": "LineString", "coordinates": [[7559.9134, 3872.4007], [7578.3206, 3894.2014]]}}, {"type": "Feature", "properties": {"layer": "PDF_REGIAO_POLILINHAS"}, "geometry": {"type": "LineString", "coordinates": [[7578.3206, 3894.2014], [7585.9816, 3887.7229]]}}, {"type": "Feature", "properties": {"layer": "PDF_REGIAO_POLILINHAS"}, "geometry": {"type": "LineString", "coordinates": [[7585.9816, 3887.7229], [7566.5976, 3864.7911]]}}, {"type": "Feature", "properties": {"layer": "PDF_REGIAO_POLILINHAS"}, "geometry": {"type": "LineString", "coordinates": [[7566.5976, 3864.7911], [7560.0676, 3870.2412]]}}, {"type": "Feature", "properties": {"layer": "PDF_REGIAO_POLILINHAS"}, "geometry": {"type": "LineString", "coordinates": [[7559.8599, 3872.428], [7559.6912, 3872.1831], [7559.5736, 3871.91], [7559.5116, 3871.6192], [7559.5074, 3871.3219], [7559.5614, 3871.0295], [7559.6713, 3870.7532], [7559.8331, 3870.5037], [7560.0404, 3870.2905]]}}, {"type": "Feature", "properties": {"layer": "PDF_REGIAO_POLILINHAS"}, "geometry": {"type": "LineString", "coordinates": [[7620.6879, 3897.8006], [7627.1664, 3905.4102]]}}, {"type": "Feature", "properties": {"layer": "PDF_REGIAO_POLILINHAS"}, "geometry": {"type": "LineString", "coordinates": [[7627.1664, 3905.4102], [7634.7761, 3898.9832]]}}, {"type": "Feature", "properties": {"layer": "PDF_REGIAO_POLILINHAS"}, "geometry": {"type": "LineString", "coordinates": [[7634.7761, 3898.9832], [7642.4371, 3892.5047]]}}, {"type": "Feature", "properties": {"layer": "PDF_REGIAO_POLILINHAS"}, "geometry": {"type": "LineString", "coordinates": [[7642.4371, 3892.5047], [7650.0982, 3886.0262]]}}, {"type": "Feature", "properties": {"layer": "PDF_REGIAO_POLILINHAS"}, "geometry": {"type": "LineString", "coordinates": [[7650.0982, 3886.0262], [7643.6711, 3878.3651]]}}, {"type": "Feature", "properties": {"layer": "PDF_REGIAO_POLILINHAS"}, "geometry": {"type": "LineString", "coordinates": [[7643.6711, 3878.3651], [7620.6879, 3897.8006]]}}, {"type": "Feature", "properties": {"layer": "PDF_REGIAO_POLILINHAS"}, "geometry": {"type": "LineString", "coordinates": [[7614.2094, 3890.1395], [7620.6879, 3897.8006]]}}, {"type": "Feature", "properties": {"layer": "PDF_REGIAO_POLILINHAS"}, "geometry": {"type": "LineString", "coordinates": [[7620.6879, 3897.8006], [7643.6711, 3878.3651]]}}, {"type": "Feature", "properties": {"layer": "PDF_REGIAO_POLILINHAS"}, "geometry": {"type": "LineString", "coordinates": [[7643.6711, 3878.3651], [7637.1926, 3870.7554]]}}, {"type": "Feature", "properties": {"layer": "PDF_REGIAO_POLILINHAS"}, "geometry": {"type": "LineString", "coordinates": [[7637.1926, 3870.7554], [7614.2094, 3890.1395]]}}, {"type": "Feature", "properties": {"layer": "PDF_REGIAO_POLILINHAS"}, "geometry": {"type": "LineString", "coordinates": [[7607.7309, 3882.4784], [7614.2094, 3890.1395]]}}, {"type": "Feature", "properties": {"layer": "PDF_REGIAO_POLILINHAS"}, "geometry": {"type": "LineString", "coordinates": [[7614.2094, 3890.1395], [7637.1926, 3870.7554]]}}, {"type": "Feature", "properties": {"layer": "PDF_REGIAO_POLILINHAS"}, "geometry": {"type": "LineString", "coordinates": [[7637.1926, 3870.7554], [7630.7141, 3863.0943]]}}, {"type": "Feature", "properties": {"layer": "PDF_REGIAO_POLILINHAS"}, "geometry": {"type": "LineString", "coordinates": [[7630.7141, 3863.0943], [7607.7309, 3882.4784]]}}, {"type": "Feature", "properties": {"layer": "PDF_REGIAO_POLILINHAS"}, "geometry": {"type": "LineString", "coordinates": [[7601.3038, 3874.8173], [7607.7309, 3882.4784]]}}, {"type": "Feature", "properties": {"layer": "PDF_REGIAO_POLILINHAS"}, "geometry": {"type": "LineString", "coordinates": [[7607.7309, 3882.4784], [7630.7141, 3863.0943]]}}, {"type": "Feature", "properties": {"layer": "PDF_REGIAO_POLILINHAS"}, "geometry": {"type": "LineString", "coordinates": [[7630.7141, 3863.0943], [7624.2356, 3855.4332]]}}, {"type": "Feature", "properties": {"layer": "PDF_REGIAO_POLILINHAS"}, "geometry": {"type": "LineString", "coordinates": [[7624.2356, 3855.4332], [7616.626, 3861.8603]]}}, {"type": "Feature", "properties": {"layer": "PDF_REGIAO_POLILINHAS"}, "geometry": {"type": "LineString", "coordinates": [[7616.626, 3861.8603], [7608.9649, 3868.3388]]}}, {"type": "Feature", "properties": {"layer": "PDF_REGIAO_POLILINHAS"}, "geometry": {"type": "LineString", "coordinates": [[7608.9649, 3868.3388], [7601.3038, 3874.8173]]}}, {"type": "Feature", "properties": {"layer": "PDF_REGIAO_POLILINHAS"}, "geometry": {"type": "LineString", "coordinates": [[7578.3206, 3894.2014], [7584.7991, 3901.8625]]}}, {"type": "Feature", "properties": {"layer": "PDF_REGIAO_POLILINHAS"}, "geometry": {"type": "LineString", "coordinates": [[7584.7991, 3901.8625], [7607.7309, 3882.4784]]}}, {"type": "Feature", "properties": {"layer": "PDF_REGIAO_POLILINHAS"}, "geometry": {"type": "LineString", "coordinates": [[7607.7309, 3882.4784], [7601.3038, 3874.8173]]}}, {"type": "Feature", "properties": {"layer": "PDF_REGIAO_POLILINHAS"}, "geometry": {"type": "LineString", "coordinates": [[7601.3038, 3874.8173], [7593.6427, 3881.2958]]}}, {"type": "Feature", "properties": {"layer": "PDF_REGIAO_POLILINHAS"}, "geometry": {"type": "LineString", "coordinates": [[7593.6427, 3881.2958], [7585.9816, 3887.7229]]}}, {"type": "Feature", "properties": {"layer": "PDF_REGIAO_POLILINHAS"}, "geometry": {"type": "LineString", "coordinates": [[7585.9816, 3887.7229], [7578.3206, 3894.2014]]}}, {"type": "Feature", "properties": {"layer": "PDF_REGIAO_POLILINHAS"}, "geometry": {"type": "LineString", "coordinates": [[7584.7991, 3901.8625], [7591.2261, 3909.5236]]}}, {"type": "Feature", "properties": {"layer": "PDF_REGIAO_POLILINHAS"}, "geometry": {"type": "LineString", "coordinates": [[7591.2261, 3909.5236], [7614.2094, 3890.1395]]}}, {"type": "Feature", "properties": {"layer": "PDF_REGIAO_POLILINHAS"}, "geometry": {"type": "LineString", "coordinates": [[7614.2094, 3890.1395], [7607.7309, 3882.4784]]}}, {"type": "Feature", "properties": {"layer": "PDF_REGIAO_POLILINHAS"}, "geometry": {"type": "LineString", "coordinates": [[7607.7309, 3882.4784], [7584.7991, 3901.8625]]}}, {"type": "Feature", "properties": {"layer": "PDF_REGIAO_POLILINHAS"}, "geometry": {"type": "LineString", "coordinates": [[7591.2261, 3909.5236], [7597.7046, 3917.1847]]}}, {"type": "Feature", "properties": {"layer": "PDF_REGIAO_POLILINHAS"}, "geometry": {"type": "LineString", "coordinates": [[7597.7046, 3917.1847], [7620.6879, 3897.8006]]}}, {"type": "Feature", "properties": {"layer": "PDF_REGIAO_POLILINHAS"}, "geometry": {"type": "LineString", "coordinates": [[7620.6879, 3897.8006], [7614.2094, 3890.1395]]}}, {"type": "Feature", "properties": {"layer": "PDF_REGIAO_POLILINHAS"}, "geometry": {"type": "LineString", "coordinates": [[7614.2094, 3890.1395], [7591.2261, 3909.5236]]}}, {"type": "Feature", "properties": {"layer": "PDF_REGIAO_POLILINHAS"}, "geometry": {"type": "LineString", "coordinates": [[7679.7928, 3900.3222], [7679.5479, 3900.4908], [7679.2748, 3900.6084], [7678.984, 3900.6704], [7678.6867, 3900.6745], [7678.3943, 3900.6206], [7678.1181, 3900.5106], [7677.8686, 3900.3489], [7677.6555, 3900.1416]]}}, {"type": "Feature", "properties": {"layer": "PDF_REGIAO_POLILINHAS"}, "geometry": {"type": "LineString", "coordinates": [[7679.8171, 3900.2686], [7686.347, 3894.8184]]}}, {"type": "Feature", "properties": {"layer": "PDF_REGIAO_POLILINHAS"}, "geometry": {"type": "LineString", "coordinates": [[7686.347, 3894.8184], [7666.9629, 3871.8352]]}}, {"type": "Feature", "properties": {"layer": "PDF_REGIAO_POLILINHAS"}, "geometry": {"type": "LineString", "coordinates": [[7666.9629, 3871.8352], [7659.3018, 3878.3137]]}}, {"type": "Feature", "properties": {"layer": "PDF_REGIAO_POLILINHAS"}, "geometry": {"type": "LineString", "coordinates": [[7659.3018, 3878.3137], [7677.709, 3900.1143]]}}, {"type": "Feature", "properties": {"layer": "PDF_REGIAO_POLILINHAS"}, "geometry": {"type": "LineString", "coordinates": [[7666.9629, 3871.8352], [7686.347, 3894.8184]]}}, {"type": "Feature", "properties": {"layer": "PDF_REGIAO_POLILINHAS"}, "geometry": {"type": "LineString", "coordinates": [[7686.347, 3894.8184], [7694.0081, 3888.3399]]}}, {"type": "Feature", "properties": {"layer": "PDF_REGIAO_POLILINHAS"}, "geometry": {"type": "LineString", "coordinates": [[7694.0081, 3888.3399], [7674.624, 3865.3567]]}}, {"type": "Feature", "properties": {"layer": "PDF_REGIAO_POLILINHAS"}, "geometry": {"type": "LineString", "coordinates": [[7674.624, 3865.3567], [7666.9629, 3871.8352]]}}, {"type": "Feature", "properties": {"layer": "PDF_REGIAO_POLILINHAS"}, "geometry": {"type": "LineString", "coordinates": [[7674.624, 3865.3567], [7694.0081, 3888.3399]]}}, {"type": "Feature", "properties": {"layer": "PDF_REGIAO_POLILINHAS"}, "geometry": {"type": "LineString", "coordinates": [[7694.0081, 3888.3399], [7701.6692, 3881.8614]]}}, {"type": "Feature", "properties": {"layer": "PDF_REGIAO_POLILINHAS"}, "geometry": {"type": "LineString", "coordinates": [[7701.6692, 3881.8614], [7682.2851, 3858.8782]]}}, {"type": "Feature", "properties": {"layer": "PDF_REGIAO_POLILINHAS"}, "geometry": {"type": "LineString", "coordinates": [[7682.2851, 3858.8782], [7674.624, 3865.3567]]}}, {"type": "Feature", "properties": {"layer": "PDF_REGIAO_POLILINHAS"}, "geometry": {"type": "LineString", "coordinates": [[7682.2851, 3858.8782], [7701.6692, 3881.8614]]}}, {"type": "Feature", "properties": {"layer": "PDF_REGIAO_POLILINHAS"}, "geometry": {"type": "LineString", "coordinates": [[7701.6692, 3881.8614], [7709.3302, 3875.3829]]}}, {"type": "Feature", "properties": {"layer": "PDF_REGIAO_POLILINHAS"}, "geometry": {"type": "LineString", "coordinates": [[7709.3302, 3875.3829], [7689.8947, 3852.4511]]}}, {"type": "Feature", "properties": {"layer": "PDF_REGIAO_POLILINHAS"}, "geometry": {"type": "LineString", "coordinates": [[7689.8947, 3852.4511], [7682.2851, 3858.8782]]}}, {"type": "Feature", "properties": {"layer": "PDF_REGIAO_POLILINHAS"}, "geometry": {"type": "LineString", "coordinates": [[7689.8947, 3852.4511], [7709.3302, 3875.3829]]}}, {"type": "Feature", "properties": {"layer": "PDF_REGIAO_POLILINHAS"}, "geometry": {"type": "LineString", "coordinates": [[7709.3302, 3875.3829], [7716.9399, 3868.9558]]}}, {"type": "Feature", "properties": {"layer": "PDF_REGIAO_POLILINHAS"}, "geometry": {"type": "LineString", "coordinates": [[7716.9399, 3868.9558], [7697.5558, 3845.9726]]}}, {"type": "Feature", "properties": {"layer": "PDF_REGIAO_POLILINHAS"}, "geometry": {"type": "LineString", "coordinates": [[7697.5558, 3845.9726], [7689.8947, 3852.4511]]}}, {"type": "Feature", "properties": {"layer": "PDF_REGIAO_POLILINHAS"}, "geometry": {"type": "LineString", "coordinates": [[7723.6262, 3861.3703], [7723.7948, 3861.6152], [7723.9124, 3861.8883], [7723.9745, 3862.1791], [7723.9786, 3862.4764], [7723.9247, 3862.7688], [7723.8147, 3863.0451], [7723.653, 3863.2946], [7723.4457, 3863.5078]]}}, {"type": "Feature", "properties": {"layer": "PDF_REGIAO_POLILINHAS"}, "geometry": {"type": "LineString", "coordinates": [[7723.6755, 3861.3462], [7705.2169, 3839.4941]]}}, {"type": "Feature", "properties": {"layer": "PDF_REGIAO_POLILINHAS"}, "geometry": {"type": "LineString", "coordinates": [[7705.2169, 3839.4941], [7697.5558, 3845.9726]]}}, {"type": "Feature", "properties": {"layer": "PDF_REGIAO_POLILINHAS"}, "geometry": {"type": "LineString", "coordinates": [[7697.5558, 3845.9726], [7716.9399, 3868.9558]]}}, {"type": "Feature", "properties": {"layer": "PDF_REGIAO_POLILINHAS"}, "geometry": {"type": "LineString", "coordinates": [[7716.9399, 3868.9558], [7723.4698, 3863.4542]]}}, {"type": "Feature", "properties": {"layer": "PDF_REGIAO_POLILINHAS"}, "geometry": {"type": "LineString", "coordinates": [[7675.8066, 3851.2685], [7682.2851, 3858.8782]]}}, {"type": "Feature", "properties": {"layer": "PDF_REGIAO_POLILINHAS"}, "geometry": {"type": "LineString", "coordinates": [[7682.2851, 3858.8782], [7689.8947, 3852.4511]]}}, {"type": "Feature", "properties": {"layer": "PDF_REGIAO_POLILINHAS"}, "geometry": {"type": "LineString", "coordinates": [[7689.8947, 3852.4511], [7697.5558, 3845.9726]]}}, {"type": "Feature", "properties": {"layer": "PDF_REGIAO_POLILINHAS"}, "geometry": {"type": "LineString", "coordinates": [[7697.5558, 3845.9726], [7705.2169, 3839.4941]]}}, {"type": "Feature", "properties": {"layer": "PDF_REGIAO_POLILINHAS"}, "geometry": {"type": "LineString", "coordinates": [[7705.2169, 3839.4941], [7698.7898, 3831.833]]}}, {"type": "Feature", "properties": {"layer": "PDF_REGIAO_POLILINHAS"}, "geometry": {"type": "LineString", "coordinates": [[7698.7898, 3831.833], [7675.8066, 3851.2685]]}}, {"type": "Feature", "properties": {"layer": "PDF_REGIAO_POLILINHAS"}, "geometry": {"type": "LineString", "coordinates": [[7669.3281, 3843.6074], [7675.8066, 3851.2685]]}}, {"type": "Feature", "properties": {"layer": "PDF_REGIAO_POLILINHAS"}, "geometry": {"type": "LineString", "coordinates": [[7675.8066, 3851.2685], [7698.7898, 3831.833]]}}, {"type": "Feature", "properties": {"layer": "PDF_REGIAO_POLILINHAS"}, "geometry": {"type": "LineString", "coordinates": [[7698.7898, 3831.833], [7692.3113, 3824.2233]]}}, {"type": "Feature", "properties": {"layer": "PDF_REGIAO_POLILINHAS"}, "geometry": {"type": "LineString", "coordinates": [[7692.3113, 3824.2233], [7669.3281, 3843.6074]]}}, {"type": "Feature", "properties": {"layer": "PDF_REGIAO_POLILINHAS"}, "geometry": {"type": "LineString", "coordinates": [[7662.901, 3835.9463], [7669.3281, 3843.6074]]}}, {"type": "Feature", "properties": {"layer": "PDF_REGIAO_POLILINHAS"}, "geometry": {"type": "LineString", "coordinates": [[7669.3281, 3843.6074], [7692.3113, 3824.2233]]}}, {"type": "Feature", "properties": {"layer": "PDF_REGIAO_POLILINHAS"}, "geometry": {"type": "LineString", "coordinates": [[7692.3113, 3824.2233], [7685.8328, 3816.5622]]}}, {"type": "Feature", "properties": {"layer": "PDF_REGIAO_POLILINHAS"}, "geometry": {"type": "LineString", "coordinates": [[7685.8328, 3816.5622], [7662.901, 3835.9463]]}}, {"type": "Feature", "properties": {"layer": "PDF_REGIAO_POLILINHAS"}, "geometry": {"type": "LineString", "coordinates": [[7656.4225, 3828.2852], [7662.901, 3835.9463]]}}, {"type": "Feature", "properties": {"layer": "PDF_REGIAO_POLILINHAS"}, "geometry": {"type": "LineString", "coordinates": [[7662.901, 3835.9463], [7685.8328, 3816.5622]]}}, {"type": "Feature", "properties": {"layer": "PDF_REGIAO_POLILINHAS"}, "geometry": {"type": "LineString", "coordinates": [[7685.8328, 3816.5622], [7679.4057, 3808.9012]]}}, {"type": "Feature", "properties": {"layer": "PDF_REGIAO_POLILINHAS"}, "geometry": {"type": "LineString", "coordinates": [[7679.4057, 3808.9012], [7671.7447, 3815.3282]]}}, {"type": "Feature", "properties": {"layer": "PDF_REGIAO_POLILINHAS"}, "geometry": {"type": "LineString", "coordinates": [[7671.7447, 3815.3282], [7664.0836, 3821.8067]]}}, {"type": "Feature", "properties": {"layer": "PDF_REGIAO_POLILINHAS"}, "geometry": {"type": "LineString", "coordinates": [[7664.0836, 3821.8067], [7656.4225, 3828.2852]]}}, {"type": "Feature", "properties": {"layer": "PDF_REGIAO_POLILINHAS"}, "geometry": {"type": "LineString", "coordinates": [[7658.8118, 3786.8927], [7659.0567, 3786.7241], [7659.3298, 3786.6065], [7659.6206, 3786.5444], [7659.9179, 3786.5403], [7660.2103, 3786.5942], [7660.4866, 3786.7042], [7660.7361, 3786.8659], [7660.9493, 3787.0732]]}}, {"type": "Feature", "properties": {"layer": "PDF_REGIAO_POLILINHAS"}, "geometry": {"type": "LineString", "coordinates": [[7658.8391, 3786.8948], [7652.3606, 3792.3964]]}}, {"type": "Feature", "properties": {"layer": "PDF_REGIAO_POLILINHAS"}, "geometry": {"type": "LineString", "coordinates": [[7652.3606, 3792.3964], [7671.7447, 3815.3282]]}}, {"type": "Feature", "properties": {"layer": "PDF_REGIAO_POLILINHAS"}, "geometry": {"type": "LineString", "coordinates": [[7671.7447, 3815.3282], [7679.4057, 3808.9012]]}}, {"type": "Feature", "properties": {"layer": "PDF_REGIAO_POLILINHAS"}, "geometry": {"type": "LineString", "coordinates": [[7679.4057, 3808.9012], [7660.9471, 3787.0491]]}}, {"type": "Feature", "properties": {"layer": "PDF_REGIAO_POLILINHAS"}, "geometry": {"type": "LineString", "coordinates": [[7644.6995, 3798.8235], [7664.0836, 3821.8067]]}}, {"type": "Feature", "properties": {"layer": "PDF_REGIAO_POLILINHAS"}, "geometry": {"type": "LineString", "coordinates": [[7664.0836, 3821.8067], [7671.7447, 3815.3282]]}}, {"type": "Feature", "properties": {"layer": "PDF_REGIAO_POLILINHAS"}, "geometry": {"type": "LineString", "coordinates": [[7671.7447, 3815.3282], [7652.3606, 3792.3964]]}}, {"type": "Feature", "properties": {"layer": "PDF_REGIAO_POLILINHAS"}, "geometry": {"type": "LineString", "coordinates": [[7652.3606, 3792.3964], [7644.6995, 3798.8235]]}}, {"type": "Feature", "properties": {"layer": "PDF_REGIAO_POLILINHAS"}, "geometry": {"type": "LineString", "coordinates": [[7637.0384, 3805.302], [7656.4225, 3828.2852]]}}, {"type": "Feature", "properties": {"layer": "PDF_REGIAO_POLILINHAS"}, "geometry": {"type": "LineString", "coordinates": [[7656.4225, 3828.2852], [7664.0836, 3821.8067]]}}, {"type": "Feature", "properties": {"layer": "PDF_REGIAO_POLILINHAS"}, "geometry": {"type": "LineString", "coordinates": [[7664.0836, 3821.8067], [7644.6995, 3798.8235]]}}, {"type": "Feature", "properties": {"layer": "PDF_REGIAO_POLILINHAS"}, "geometry": {"type": "LineString", "coordinates": [[7644.6995, 3798.8235], [7637.0384, 3805.302]]}}, {"type": "Feature", "properties": {"layer": "PDF_REGIAO_POLILINHAS"}, "geometry": {"type": "LineString", "coordinates": [[7629.3773, 3811.7805], [7648.7614, 3834.7637]]}}, {"type": "Feature", "properties": {"layer": "PDF_REGIAO_POLILINHAS"}, "geometry": {"type": "LineString", "coordinates": [[7648.7614, 3834.7637], [7656.4225, 3828.2852]]}}, {"type": "Feature", "properties": {"layer": "PDF_REGIAO_POLILINHAS"}, "geometry": {"type": "LineString", "coordinates": [[7656.4225, 3828.2852], [7637.0384, 3805.302]]}}, {"type": "Feature", "properties": {"layer": "PDF_REGIAO_POLILINHAS"}, "geometry": {"type": "LineString", "coordinates": [[7637.0384, 3805.302], [7629.3773, 3811.7805]]}}, {"type": "Feature", "properties": {"layer": "PDF_REGIAO_POLILINHAS"}, "geometry": {"type": "LineString", "coordinates": [[7621.7162, 3818.259], [7641.1003, 3841.1908]]}}, {"type": "Feature", "properties": {"layer": "PDF_REGIAO_POLILINHAS"}, "geometry": {"type": "LineString", "coordinates": [[7641.1003, 3841.1908], [7648.7614, 3834.7637]]}}, {"type": "Feature", "properties": {"layer": "PDF_REGIAO_POLILINHAS"}, "geometry": {"type": "LineString", "coordinates": [[7648.7614, 3834.7637], [7629.3773, 3811.7805]]}}, {"type": "Feature", "properties": {"layer": "PDF_REGIAO_POLILINHAS"}, "geometry": {"type": "LineString", "coordinates": [[7629.3773, 3811.7805], [7621.7162, 3818.259]]}}, {"type": "Feature", "properties": {"layer": "PDF_REGIAO_POLILINHAS"}, "geometry": {"type": "LineString", "coordinates": [[7615.0321, 3825.8687], [7633.4392, 3847.6693]]}}, {"type": "Feature", "properties": {"layer": "PDF_REGIAO_POLILINHAS"}, "geometry": {"type": "LineString", "coordinates": [[7633.4392, 3847.6693], [7641.1003, 3841.1908]]}}, {"type": "Feature", "properties": {"layer": "PDF_REGIAO_POLILINHAS"}, "geometry": {"type": "LineString", "coordinates": [[7641.1003, 3841.1908], [7621.7162, 3818.259]]}}, {"type": "Feature", "properties": {"layer": "PDF_REGIAO_POLILINHAS"}, "geometry": {"type": "LineString", "coordinates": [[7621.7162, 3818.259], [7615.1863, 3823.7092]]}}, {"type": "Feature", "properties": {"layer": "PDF_REGIAO_POLILINHAS"}, "geometry": {"type": "LineString", "coordinates": [[7614.9785, 3825.8959], [7614.8099, 3825.651], [7614.6923, 3825.3779], [7614.6302, 3825.0871], [7614.6261, 3824.7898], [7614.68, 3824.4974], [7614.79, 3824.2211], [7614.9517, 3823.9716], [7615.159, 3823.7585]]}}, {"type": "Feature", "properties": {"layer": "PDF_REGIAO_POLILINHAS"}, "geometry": {"type": "LineString", "coordinates": [[7633.4392, 3847.6693], [7639.9177, 3855.3304]]}}, {"type": "Feature", "properties": {"layer": "PDF_REGIAO_POLILINHAS"}, "geometry": {"type": "LineString", "coordinates": [[7639.9177, 3855.3304], [7662.901, 3835.9463]]}}, {"type": "Feature", "properties": {"layer": "PDF_REGIAO_POLILINHAS"}, "geometry": {"type": "LineString", "coordinates": [[7662.901, 3835.9463], [7656.4225, 3828.2852]]}}, {"type": "Feature", "properties": {"layer": "PDF_REGIAO_POLILINHAS"}, "geometry": {"type": "LineString", "coordinates": [[7656.4225, 3828.2852], [7648.7614, 3834.7637]]}}, {"type": "Feature", "properties": {"layer": "PDF_REGIAO_POLILINHAS"}, "geometry": {"type": "LineString", "coordinates": [[7648.7614, 3834.7637], [7641.1003, 3841.1908]]}}, {"type": "Feature", "properties": {"layer": "PDF_REGIAO_POLILINHAS"}, "geometry": {"type": "LineString", "coordinates": [[7641.1003, 3841.1908], [7633.4392, 3847.6693]]}}, {"type": "Feature", "properties": {"layer": "PDF_REGIAO_POLILINHAS"}, "geometry": {"type": "LineString", "coordinates": [[7639.9177, 3855.3304], [7646.3962, 3862.9915]]}}, {"type": "Feature", "properties": {"layer": "PDF_REGIAO_POLILINHAS"}, "geometry": {"type": "LineString", "coordinates": [[7646.3962, 3862.9915], [7669.3281, 3843.6074]]}}, {"type": "Feature", "properties": {"layer": "PDF_REGIAO_POLILINHAS"}, "geometry": {"type": "LineString", "coordinates": [[7669.3281, 3843.6074], [7662.901, 3835.9463]]}}, {"type": "Feature", "properties": {"layer": "PDF_REGIAO_POLILINHAS"}, "geometry": {"type": "LineString", "coordinates": [[7662.901, 3835.9463], [7639.9177, 3855.3304]]}}, {"type": "Feature", "properties": {"layer": "PDF_REGIAO_POLILINHAS"}, "geometry": {"type": "LineString", "coordinates": [[7646.3962, 3862.9915], [7652.8233, 3870.6526]]}}, {"type": "Feature", "properties": {"layer": "PDF_REGIAO_POLILINHAS"}, "geometry": {"type": "LineString", "coordinates": [[7652.8233, 3870.6526], [7675.8066, 3851.2685]]}}, {"type": "Feature", "properties": {"layer": "PDF_REGIAO_POLILINHAS"}, "geometry": {"type": "LineString", "coordinates": [[7675.8066, 3851.2685], [7669.3281, 3843.6074]]}}, {"type": "Feature", "properties": {"layer": "PDF_REGIAO_POLILINHAS"}, "geometry": {"type": "LineString", "coordinates": [[7669.3281, 3843.6074], [7646.3962, 3862.9915]]}}, {"type": "Feature", "properties": {"layer": "PDF_REGIAO_POLILINHAS"}, "geometry": {"type": "LineString", "coordinates": [[7597.7046, 3917.1847], [7604.1831, 3924.8457]]}}, {"type": "Feature", "properties": {"layer": "PDF_REGIAO_POLILINHAS"}, "geometry": {"type": "LineString", "coordinates": [[7604.1831, 3924.8457], [7611.8442, 3918.3672]]}}, {"type": "Feature", "properties": {"layer": "PDF_REGIAO_POLILINHAS"}, "geometry": {"type": "LineString", "coordinates": [[7611.8442, 3918.3672], [7619.5053, 3911.8887]]}}, {"type": "Feature", "properties": {"layer": "PDF_REGIAO_POLILINHAS"}, "geometry": {"type": "LineString", "coordinates": [[7619.5053, 3911.8887], [7627.1664, 3905.4102]]}}, {"type": "Feature", "properties": {"layer": "PDF_REGIAO_POLILINHAS"}, "geometry": {"type": "LineString", "coordinates": [[7627.1664, 3905.4102], [7620.6879, 3897.8006]]}}, {"type": "Feature", "properties": {"layer": "PDF_REGIAO_POLILINHAS"}, "geometry": {"type": "LineString", "coordinates": [[7620.6879, 3897.8006], [7597.7046, 3917.1847]]}}, {"type": "Feature", "properties": {"layer": "PDF_REGIAO_POLILINHAS"}, "geometry": {"type": "LineString", "coordinates": [[7652.8233, 3870.6526], [7659.3018, 3878.3137]]}}, {"type": "Feature", "properties": {"layer": "PDF_REGIAO_POLILINHAS"}, "geometry": {"type": "LineString", "coordinates": [[7659.3018, 3878.3137], [7666.9629, 3871.8352]]}}, {"type": "Feature", "properties": {"layer": "PDF_REGIAO_POLILINHAS"}, "geometry": {"type": "LineString", "coordinates": [[7666.9629, 3871.8352], [7674.624, 3865.3567]]}}, {"type": "Feature", "properties": {"layer": "PDF_REGIAO_POLILINHAS"}, "geometry": {"type": "LineString", "coordinates": [[7674.624, 3865.3567], [7682.2851, 3858.8782]]}}, {"type": "Feature", "properties": {"layer": "PDF_REGIAO_POLILINHAS"}, "geometry": {"type": "LineString", "coordinates": [[7682.2851, 3858.8782], [7675.8066, 3851.2685]]}}, {"type": "Feature", "properties": {"layer": "PDF_REGIAO_POLILINHAS"}, "geometry": {"type": "LineString", "coordinates": [[7675.8066, 3851.2685], [7652.8233, 3870.6526]]}}, {"type": "Feature", "properties": {"layer": "PDF_REGIAO_POLILINHAS"}, "geometry": {"type": "LineString", "coordinates": [[7320.3388, 4039.867], [7320.0939, 4040.0356], [7319.8208, 4040.1532], [7319.5301, 4040.2152], [7319.2328, 4040.2194], [7318.9404, 4040.1654], [7318.6641, 4040.0555], [7318.4147, 4039.8937], [7318.2015, 4039.6864]]}}, {"type": "Feature", "properties": {"layer": "PDF_REGIAO_POLILINHAS"}, "geometry": {"type": "LineString", "coordinates": [[7320.3631, 4039.8134], [7326.893, 4034.3632]]}}, {"type": "Feature", "properties": {"layer": "PDF_REGIAO_POLILINHAS"}, "geometry": {"type": "LineString", "coordinates": [[7326.893, 4034.3632], [7310.6968, 4015.1848]]}}, {"type": "Feature", "properties": {"layer": "PDF_REGIAO_POLILINHAS"}, "geometry": {"type": "LineString", "coordinates": [[7310.6968, 4015.1848], [7303.0871, 4021.6633]]}}, {"type": "Feature", "properties": {"layer": "PDF_REGIAO_POLILINHAS"}, "geometry": {"type": "LineString", "coordinates": [[7303.0871, 4021.6633], [7318.255, 4039.6592]]}}, {"type": "Feature", "properties": {"layer": "PDF_REGIAO_POLILINHAS"}, "geometry": {"type": "LineString", "coordinates": [[7310.6968, 4015.1848], [7326.893, 4034.3632]]}}, {"type": "Feature", "properties": {"layer": "PDF_REGIAO_POLILINHAS"}, "geometry": {"type": "LineString", "coordinates": [[7326.893, 4034.3632], [7334.5541, 4027.8847]]}}, {"type": "Feature", "properties": {"layer": "PDF_REGIAO_POLILINHAS"}, "geometry": {"type": "LineString", "coordinates": [[7334.5541, 4027.8847], [7318.3579, 4008.7577]]}}, {"type": "Feature", "properties": {"layer": "PDF_REGIAO_POLILINHAS"}, "geometry": {"type": "LineString", "coordinates": [[7318.3579, 4008.7577], [7310.6968, 4015.1848]]}}, {"type": "Feature", "properties": {"layer": "PDF_REGIAO_POLILINHAS"}, "geometry": {"type": "LineString", "coordinates": [[7318.3579, 4008.7577], [7334.5541, 4027.8847]]}}, {"type": "Feature", "properties": {"layer": "PDF_REGIAO_POLILINHAS"}, "geometry": {"type": "LineString", "coordinates": [[7334.5541, 4027.8847], [7342.2152, 4021.4062]]}}, {"type": "Feature", "properties": {"layer": "PDF_REGIAO_POLILINHAS"}, "geometry": {"type": "LineString", "coordinates": [[7342.2152, 4021.4062], [7326.019, 4002.2792]]}}, {"type": "Feature", "properties": {"layer": "PDF_REGIAO_POLILINHAS"}, "geometry": {"type": "LineString", "coordinates": [[7326.019, 4002.2792], [7322.2141, 4005.5185]]}}, {"type": "Feature", "properties": {"layer": "PDF_REGIAO_POLILINHAS"}, "geometry": {"type": "LineString", "coordinates": [[7322.2141, 4005.5185], [7318.3579, 4008.7577]]}}, {"type": "Feature", "properties": {"layer": "PDF_REGIAO_POLILINHAS"}, "geometry": {"type": "LineString", "coordinates": [[7326.019, 4002.2792], [7342.2152, 4021.4062]]}}, {"type": "Feature", "properties": {"layer": "PDF_REGIAO_POLILINHAS"}, "geometry": {"type": "LineString", "coordinates": [[7342.2152, 4021.4062], [7349.8249, 4014.9792]]}}, {"type": "Feature", "properties": {"layer": "PDF_REGIAO_POLILINHAS"}, "geometry": {"type": "LineString", "coordinates": [[7349.8249, 4014.9792], [7333.68, 3995.8007]]}}, {"type": "Feature", "properties": {"layer": "PDF_REGIAO_POLILINHAS"}, "geometry": {"type": "LineString", "coordinates": [[7333.68, 3995.8007], [7326.019, 4002.2792]]}}, {"type": "Feature", "properties": {"layer": "PDF_REGIAO_POLILINHAS"}, "geometry": {"type": "LineString", "coordinates": [[7326.019, 4002.2792], [7342.2152, 4021.4062]]}}, {"type": "Feature", "properties": {"layer": "PDF_REGIAO_POLILINHAS"}, "geometry": {"type": "LineString", "coordinates": [[7342.2152, 4021.4062], [7349.8249, 4014.9792]]}}, {"type": "Feature", "properties": {"layer": "PDF_REGIAO_POLILINHAS"}, "geometry": {"type": "LineString", "coordinates": [[7349.8249, 4014.9792], [7333.68, 3995.8007]]}}, {"type": "Feature", "properties": {"layer": "PDF_REGIAO_POLILINHAS"}, "geometry": {"type": "LineString", "coordinates": [[7333.68, 3995.8007], [7326.019, 4002.2792]]}}, {"type": "Feature", "properties": {"layer": "PDF_REGIAO_POLILINHAS"}, "geometry": {"type": "LineString", "coordinates": [[7315.7356, 3997.8574], [7322.2141, 4005.5185]]}}, {"type": "Feature", "properties": {"layer": "PDF_REGIAO_POLILINHAS"}, "geometry": {"type": "LineString", "coordinates": [[7322.2141, 4005.5185], [7326.019, 4002.2792]]}}, {"type": "Feature", "properties": {"layer": "PDF_REGIAO_POLILINHAS"}, "geometry": {"type": "LineString", "coordinates": [[7326.019, 4002.2792], [7333.68, 3995.8007]]}}, {"type": "Feature", "properties": {"layer": "PDF_REGIAO_POLILINHAS"}, "geometry": {"type": "LineString", "coordinates": [[7333.68, 3995.8007], [7341.3411, 3989.3737]]}}, {"type": "Feature", "properties": {"layer": "PDF_REGIAO_POLILINHAS"}, "geometry": {"type": "LineString", "coordinates": [[7341.3411, 3989.3737], [7334.8626, 3981.7126]]}}, {"type": "Feature", "properties": {"layer": "PDF_REGIAO_POLILINHAS"}, "geometry": {"type": "LineString", "coordinates": [[7334.8626, 3981.7126], [7315.7356, 3997.8574]]}}, {"type": "Feature", "properties": {"layer": "PDF_REGIAO_POLILINHAS"}, "geometry": {"type": "LineString", "coordinates": [[7309.2571, 3990.1963], [7315.7356, 3997.8574]]}}, {"type": "Feature", "properties": {"layer": "PDF_REGIAO_POLILINHAS"}, "geometry": {"type": "LineString", "coordinates": [[7315.7356, 3997.8574], [7334.8626, 3981.7126]]}}, {"type": "Feature", "properties": {"layer": "PDF_REGIAO_POLILINHAS"}, "geometry": {"type": "LineString", "coordinates": [[7334.8626, 3981.7126], [7328.4355, 3974.0515]]}}, {"type": "Feature", "properties": {"layer": "PDF_REGIAO_POLILINHAS"}, "geometry": {"type": "LineString", "coordinates": [[7328.4355, 3974.0515], [7309.2571, 3990.1963]]}}, {"type": "Feature", "properties": {"layer": "PDF_REGIAO_POLILINHAS"}, "geometry": {"type": "LineString", "coordinates": [[7302.83, 3982.5352], [7309.2571, 3990.1963]]}}, {"type": "Feature", "properties": {"layer": "PDF_REGIAO_POLILINHAS"}, "geometry": {"type": "LineString", "coordinates": [[7309.2571, 3990.1963], [7328.4355, 3974.0515]]}}, {"type": "Feature", "properties": {"layer": "PDF_REGIAO_POLILINHAS"}, "geometry": {"type": "LineString", "coordinates": [[7328.4355, 3974.0515], [7321.957, 3966.3904]]}}, {"type": "Feature", "properties": {"layer": "PDF_REGIAO_POLILINHAS"}, "geometry": {"type": "LineString", "coordinates": [[7321.957, 3966.3904], [7302.83, 3982.5352]]}}, {"type": "Feature", "properties": {"layer": "PDF_REGIAO_POLILINHAS"}, "geometry": {"type": "LineString", "coordinates": [[7296.3515, 3974.8742], [7302.83, 3982.5352]]}}, {"type": "Feature", "properties": {"layer": "PDF_REGIAO_POLILINHAS"}, "geometry": {"type": "LineString", "coordinates": [[7302.83, 3982.5352], [7321.957, 3966.3904]]}}, {"type": "Feature", "properties": {"layer": "PDF_REGIAO_POLILINHAS"}, "geometry": {"type": "LineString", "coordinates": [[7321.957, 3966.3904], [7315.4785, 3958.7293]]}}, {"type": "Feature", "properties": {"layer": "PDF_REGIAO_POLILINHAS"}, "geometry": {"type": "LineString", "coordinates": [[7315.4785, 3958.7293], [7296.3515, 3974.8742]]}}, {"type": "Feature", "properties": {"layer": "PDF_REGIAO_POLILINHAS"}, "geometry": {"type": "LineString", "coordinates": [[7289.873, 3967.2131], [7296.3515, 3974.8742]]}}, {"type": "Feature", "properties": {"layer": "PDF_REGIAO_POLILINHAS"}, "geometry": {"type": "LineString", "coordinates": [[7296.3515, 3974.8742], [7315.4785, 3958.7293]]}}, {"type": "Feature", "properties": {"layer": "PDF_REGIAO_POLILINHAS"}, "geometry": {"type": "LineString", "coordinates": [[7315.4785, 3958.7293], [7309.0515, 3951.0682]]}}, {"type": "Feature", "properties": {"layer": "PDF_REGIAO_POLILINHAS"}, "geometry": {"type": "LineString", "coordinates": [[7309.0515, 3951.0682], [7301.3904, 3957.5467]]}}, {"type": "Feature", "properties": {"layer": "PDF_REGIAO_POLILINHAS"}, "geometry": {"type": "LineString", "coordinates": [[7301.3904, 3957.5467], [7293.7293, 3963.9738]]}}, {"type": "Feature", "properties": {"layer": "PDF_REGIAO_POLILINHAS"}, "geometry": {"type": "LineString", "coordinates": [[7293.7293, 3963.9738], [7289.873, 3967.2131]]}}, {"type": "Feature", "properties": {"layer": "PDF_REGIAO_POLILINHAS"}, "geometry": {"type": "LineString", "coordinates": [[7291.6968, 3932.916], [7291.9417, 3932.7474], [7292.2148, 3932.6298], [7292.5056, 3932.5677], [7292.8029, 3932.5636], [7293.0953, 3932.6176], [7293.3716, 3932.7275], [7293.6211, 3932.8892], [7293.8342, 3933.0966]]}}, {"type": "Feature", "properties": {"layer": "PDF_REGIAO_POLILINHAS"}, "geometry": {"type": "LineString", "coordinates": [[7291.724, 3932.9182], [7285.2455, 3938.3683]]}}, {"type": "Feature", "properties": {"layer": "PDF_REGIAO_POLILINHAS"}, "geometry": {"type": "LineString", "coordinates": [[7285.2455, 3938.3683], [7301.3904, 3957.5467]]}}, {"type": "Feature", "properties": {"layer": "PDF_REGIAO_POLILINHAS"}, "geometry": {"type": "LineString", "coordinates": [[7301.3904, 3957.5467], [7309.0515, 3951.0682]]}}, {"type": "Feature", "properties": {"layer": "PDF_REGIAO_POLILINHAS"}, "geometry": {"type": "LineString", "coordinates": [[7309.0515, 3951.0682], [7293.8321, 3933.0724]]}}, {"type": "Feature", "properties": {"layer": "PDF_REGIAO_POLILINHAS"}, "geometry": {"type": "LineString", "coordinates": [[7277.5845, 3944.8468], [7293.7293, 3963.9738]]}}, {"type": "Feature", "properties": {"layer": "PDF_REGIAO_POLILINHAS"}, "geometry": {"type": "LineString", "coordinates": [[7293.7293, 3963.9738], [7301.3904, 3957.5467]]}}, {"type": "Feature", "properties": {"layer": "PDF_REGIAO_POLILINHAS"}, "geometry": {"type": "LineString", "coordinates": [[7301.3904, 3957.5467], [7285.2455, 3938.3683]]}}, {"type": "Feature", "properties": {"layer": "PDF_REGIAO_POLILINHAS"}, "geometry": {"type": "LineString", "coordinates": [[7285.2455, 3938.3683], [7277.5845, 3944.8468]]}}, {"type": "Feature", "properties": {"layer": "PDF_REGIAO_POLILINHAS"}, "geometry": {"type": "LineString", "coordinates": [[7269.9234, 3951.3253], [7286.0682, 3970.4523]]}}, {"type": "Feature", "properties": {"layer": "PDF_REGIAO_POLILINHAS"}, "geometry": {"type": "LineString", "coordinates": [[7286.0682, 3970.4523], [7289.873, 3967.2131]]}}, {"type": "Feature", "properties": {"layer": "PDF_REGIAO_POLILINHAS"}, "geometry": {"type": "LineString", "coordinates": [[7289.873, 3967.2131], [7293.7293, 3963.9738]]}}, {"type": "Feature", "properties": {"layer": "PDF_REGIAO_POLILINHAS"}, "geometry": {"type": "LineString", "coordinates": [[7293.7293, 3963.9738], [7277.5845, 3944.8468]]}}, {"type": "Feature", "properties": {"layer": "PDF_REGIAO_POLILINHAS"}, "geometry": {"type": "LineString", "coordinates": [[7277.5845, 3944.8468], [7269.9234, 3951.3253]]}}, {"type": "Feature", "properties": {"layer": "PDF_REGIAO_POLILINHAS"}, "geometry": {"type": "LineString", "coordinates": [[7262.2623, 3957.8038], [7278.4071, 3976.9308]]}}, {"type": "Feature", "properties": {"layer": "PDF_REGIAO_POLILINHAS"}, "geometry": {"type": "LineString", "coordinates": [[7278.4071, 3976.9308], [7286.0682, 3970.4523]]}}, {"type": "Feature", "properties": {"layer": "PDF_REGIAO_POLILINHAS"}, "geometry": {"type": "LineString", "coordinates": [[7286.0682, 3970.4523], [7269.9234, 3951.3253]]}}, {"type": "Feature", "properties": {"layer": "PDF_REGIAO_POLILINHAS"}, "geometry": {"type": "LineString", "coordinates": [[7269.9234, 3951.3253], [7262.2623, 3957.8038]]}}, {"type": "Feature", "properties": {"layer": "PDF_REGIAO_POLILINHAS"}, "geometry": {"type": "LineString", "coordinates": [[7255.5781, 3965.4135], [7270.746, 3983.4093]]}}, {"type": "Feature", "properties": {"layer": "PDF_REGIAO_POLILINHAS"}, "geometry": {"type": "LineString", "coordinates": [[7270.746, 3983.4093], [7278.4071, 3976.9308]]}}, {"type": "Feature", "properties": {"layer": "PDF_REGIAO_POLILINHAS"}, "geometry": {"type": "LineString", "coordinates": [[7278.4071, 3976.9308], [7262.2623, 3957.8038]]}}, {"type": "Feature", "properties": {"layer": "PDF_REGIAO_POLILINHAS"}, "geometry": {"type": "LineString", "coordinates": [[7262.2623, 3957.8038], [7255.7324, 3963.254]]}}, {"type": "Feature", "properties": {"layer": "PDF_REGIAO_POLILINHAS"}, "geometry": {"type": "LineString", "coordinates": [[7255.5246, 3965.4408], [7255.356, 3965.1958], [7255.2384, 3964.9227], [7255.1763, 3964.6319], [7255.1722, 3964.3346], [7255.2262, 3964.0422], [7255.3361, 3963.766], [7255.4979, 3963.5165], [7255.7052, 3963.3033]]}}, {"type": "Feature", "properties": {"layer": "PDF_REGIAO_POLILINHAS"}, "geometry": {"type": "LineString", "coordinates": [[7270.746, 3983.4093], [7277.2245, 3991.019]]}}, {"type": "Feature", "properties": {"layer": "PDF_REGIAO_POLILINHAS"}, "geometry": {"type": "LineString", "coordinates": [[7277.2245, 3991.019], [7296.3515, 3974.8742]]}}, {"type": "Feature", "properties": {"layer": "PDF_REGIAO_POLILINHAS"}, "geometry": {"type": "LineString", "coordinates": [[7296.3515, 3974.8742], [7289.873, 3967.2131]]}}, {"type": "Feature", "properties": {"layer": "PDF_REGIAO_POLILINHAS"}, "geometry": {"type": "LineString", "coordinates": [[7289.873, 3967.2131], [7286.0682, 3970.4523]]}}, {"type": "Feature", "properties": {"layer": "PDF_REGIAO_POLILINHAS"}, "geometry": {"type": "LineString", "coordinates": [[7286.0682, 3970.4523], [7278.4071, 3976.9308]]}}, {"type": "Feature", "properties": {"layer": "PDF_REGIAO_POLILINHAS"}, "geometry": {"type": "LineString", "coordinates": [[7278.4071, 3976.9308], [7270.746, 3983.4093]]}}, {"type": "Feature", "properties": {"layer": "PDF_REGIAO_POLILINHAS"}, "geometry": {"type": "LineString", "coordinates": [[7277.2245, 3991.019], [7283.703, 3998.6801]]}}, {"type": "Feature", "properties": {"layer": "PDF_REGIAO_POLILINHAS"}, "geometry": {"type": "LineString", "coordinates": [[7283.703, 3998.6801], [7302.83, 3982.5352]]}}, {"type": "Feature", "properties": {"layer": "PDF_REGIAO_POLILINHAS"}, "geometry": {"type": "LineString", "coordinates": [[7302.83, 3982.5352], [7296.3515, 3974.8742]]}}, {"type": "Feature", "properties": {"layer": "PDF_REGIAO_POLILINHAS"}, "geometry": {"type": "LineString", "coordinates": [[7296.3515, 3974.8742], [7277.2245, 3991.019]]}}, {"type": "Feature", "properties": {"layer": "PDF_REGIAO_POLILINHAS"}, "geometry": {"type": "LineString", "coordinates": [[7283.703, 3998.6801], [7290.1301, 4006.3412]]}}, {"type": "Feature", "properties": {"layer": "PDF_REGIAO_POLILINHAS"}, "geometry": {"type": "LineString", "coordinates": [[7290.1301, 4006.3412], [7309.2571, 3990.1963]]}}, {"type": "Feature", "properties": {"layer": "PDF_REGIAO_POLILINHAS"}, "geometry": {"type": "LineString", "coordinates": [[7309.2571, 3990.1963], [7302.83, 3982.5352]]}}, {"type": "Feature", "properties": {"layer": "PDF_REGIAO_POLILINHAS"}, "geometry": {"type": "LineString", "coordinates": [[7302.83, 3982.5352], [7283.703, 3998.6801]]}}, {"type": "Feature", "properties": {"layer": "PDF_REGIAO_POLILINHAS"}, "geometry": {"type": "LineString", "coordinates": [[7290.1301, 4006.3412], [7296.6086, 4014.0022]]}}, {"type": "Feature", "properties": {"layer": "PDF_REGIAO_POLILINHAS"}, "geometry": {"type": "LineString", "coordinates": [[7296.6086, 4014.0022], [7315.7356, 3997.8574]]}}, {"type": "Feature", "properties": {"layer": "PDF_REGIAO_POLILINHAS"}, "geometry": {"type": "LineString", "coordinates": [[7315.7356, 3997.8574], [7309.2571, 3990.1963]]}}, {"type": "Feature", "properties": {"layer": "PDF_REGIAO_POLILINHAS"}, "geometry": {"type": "LineString", "coordinates": [[7309.2571, 3990.1963], [7290.1301, 4006.3412]]}}, {"type": "Feature", "properties": {"layer": "PDF_REGIAO_POLILINHAS"}, "geometry": {"type": "LineString", "coordinates": [[7356.5112, 4007.3422], [7356.6798, 4007.5871], [7356.7974, 4007.8602], [7356.8595, 4008.151], [7356.8636, 4008.4483], [7356.8097, 4008.7408], [7356.6997, 4009.017], [7356.538, 4009.2665], [7356.3306, 4009.4797]]}}, {"type": "Feature", "properties": {"layer": "PDF_REGIAO_POLILINHAS"}, "geometry": {"type": "LineString", "coordinates": [[7356.509, 4007.3181], [7341.3411, 3989.3737]]}}, {"type": "Feature", "properties": {"layer": "PDF_REGIAO_POLILINHAS"}, "geometry": {"type": "LineString", "coordinates": [[7341.3411, 3989.3737], [7333.68, 3995.8007]]}}, {"type": "Feature", "properties": {"layer": "PDF_REGIAO_POLILINHAS"}, "geometry": {"type": "LineString", "coordinates": [[7333.68, 3995.8007], [7349.8249, 4014.9792]]}}, {"type": "Feature", "properties": {"layer": "PDF_REGIAO_POLILINHAS"}, "geometry": {"type": "LineString", "coordinates": [[7349.8249, 4014.9792], [7356.3548, 4009.4776]]}}, {"type": "Feature", "properties": {"layer": "PDF_REGIAO_POLILINHAS"}, "geometry": {"type": "LineString", "coordinates": [[7296.6086, 4014.0022], [7303.0871, 4021.6633]]}}, {"type": "Feature", "properties": {"layer": "PDF_REGIAO_POLILINHAS"}, "geometry": {"type": "LineString", "coordinates": [[7303.0871, 4021.6633], [7310.6968, 4015.1848]]}}, {"type": "Feature", "properties": {"layer": "PDF_REGIAO_POLILINHAS"}, "geometry": {"type": "LineString", "coordinates": [[7310.6968, 4015.1848], [7318.3579, 4008.7577]]}}, {"type": "Feature", "properties": {"layer": "PDF_REGIAO_POLILINHAS"}, "geometry": {"type": "LineString", "coordinates": [[7318.3579, 4008.7577], [7322.2141, 4005.5185]]}}, {"type": "Feature", "properties": {"layer": "PDF_REGIAO_POLILINHAS"}, "geometry": {"type": "LineString", "coordinates": [[7322.2141, 4005.5185], [7315.7356, 3997.8574]]}}, {"type": "Feature", "properties": {"layer": "PDF_REGIAO_POLILINHAS"}, "geometry": {"type": "LineString", "coordinates": [[7315.7356, 3997.8574], [7296.6086, 4014.0022]]}}, {"type": "Feature", "properties": {"layer": "PDF_REGIAO_POLILINHAS"}, "geometry": {"type": "LineString", "coordinates": [[7367.7964, 3999.8135], [7367.5515, 3999.982], [7367.2784, 4000.0996], [7366.9876, 4000.1616], [7366.6904, 4000.1658], [7366.398, 4000.1118], [7366.1217, 4000.0019], [7365.8722, 3999.8401], [7365.6591, 3999.6328]]}}, {"type": "Feature", "properties": {"layer": "PDF_REGIAO_POLILINHAS"}, "geometry": {"type": "LineString", "coordinates": [[7367.8207, 3999.7598], [7374.3506, 3994.2582]]}}, {"type": "Feature", "properties": {"layer": "PDF_REGIAO_POLILINHAS"}, "geometry": {"type": "LineString", "coordinates": [[7374.3506, 3994.2582], [7358.2058, 3975.1312]]}}, {"type": "Feature", "properties": {"layer": "PDF_REGIAO_POLILINHAS"}, "geometry": {"type": "LineString", "coordinates": [[7358.2058, 3975.1312], [7350.5447, 3981.6097]]}}, {"type": "Feature", "properties": {"layer": "PDF_REGIAO_POLILINHAS"}, "geometry": {"type": "LineString", "coordinates": [[7350.5447, 3981.6097], [7365.7126, 3999.6056]]}}, {"type": "Feature", "properties": {"layer": "PDF_REGIAO_POLILINHAS"}, "geometry": {"type": "LineString", "coordinates": [[7358.2058, 3975.1312], [7374.3506, 3994.2582]]}}, {"type": "Feature", "properties": {"layer": "PDF_REGIAO_POLILINHAS"}, "geometry": {"type": "LineString", "coordinates": [[7374.3506, 3994.2582], [7382.0117, 3987.8312]]}}, {"type": "Feature", "properties": {"layer": "PDF_REGIAO_POLILINHAS"}, "geometry": {"type": "LineString", "coordinates": [[7382.0117, 3987.8312], [7365.8669, 3968.6527]]}}, {"type": "Feature", "properties": {"layer": "PDF_REGIAO_POLILINHAS"}, "geometry": {"type": "LineString", "coordinates": [[7365.8669, 3968.6527], [7358.2058, 3975.1312]]}}, {"type": "Feature", "properties": {"layer": "PDF_REGIAO_POLILINHAS"}, "geometry": {"type": "LineString", "coordinates": [[7365.8669, 3968.6527], [7382.0117, 3987.8312]]}}, {"type": "Feature", "properties": {"layer": "PDF_REGIAO_POLILINHAS"}, "geometry": {"type": "LineString", "coordinates": [[7382.0117, 3987.8312], [7389.6728, 3981.3527]]}}, {"type": "Feature", "properties": {"layer": "PDF_REGIAO_POLILINHAS"}, "geometry": {"type": "LineString", "coordinates": [[7389.6728, 3981.3527], [7373.4766, 3962.2257]]}}, {"type": "Feature", "properties": {"layer": "PDF_REGIAO_POLILINHAS"}, "geometry": {"type": "LineString", "coordinates": [[7373.4766, 3962.2257], [7369.6717, 3965.4135]]}}, {"type": "Feature", "properties": {"layer": "PDF_REGIAO_POLILINHAS"}, "geometry": {"type": "LineString", "coordinates": [[7369.6717, 3965.4135], [7365.8669, 3968.6527]]}}, {"type": "Feature", "properties": {"layer": "PDF_REGIAO_POLILINHAS"}, "geometry": {"type": "LineString", "coordinates": [[7373.4766, 3962.2257], [7389.6728, 3981.3527]]}}, {"type": "Feature", "properties": {"layer": "PDF_REGIAO_POLILINHAS"}, "geometry": {"type": "LineString", "coordinates": [[7389.6728, 3981.3527], [7397.3339, 3974.8742]]}}, {"type": "Feature", "properties": {"layer": "PDF_REGIAO_POLILINHAS"}, "geometry": {"type": "LineString", "coordinates": [[7397.3339, 3974.8742], [7381.1376, 3955.7472]]}}, {"type": "Feature", "properties": {"layer": "PDF_REGIAO_POLILINHAS"}, "geometry": {"type": "LineString", "coordinates": [[7381.1376, 3955.7472], [7373.4766, 3962.2257]]}}, {"type": "Feature", "properties": {"layer": "PDF_REGIAO_POLILINHAS"}, "geometry": {"type": "LineString", "coordinates": [[7403.9687, 3967.2886], [7404.1374, 3967.5336], [7404.255, 3967.8066], [7404.317, 3968.0974], [7404.3212, 3968.3948], [7404.2672, 3968.6872], [7404.1573, 3968.9634], [7403.9955, 3969.2129], [7403.7882, 3969.4261]]}}, {"type": "Feature", "properties": {"layer": "PDF_REGIAO_POLILINHAS"}, "geometry": {"type": "LineString", "coordinates": [[7404.0181, 3967.2645], [7388.7987, 3949.2687]]}}, {"type": "Feature", "properties": {"layer": "PDF_REGIAO_POLILINHAS"}, "geometry": {"type": "LineString", "coordinates": [[7388.7987, 3949.2687], [7381.1376, 3955.7472]]}}, {"type": "Feature", "properties": {"layer": "PDF_REGIAO_POLILINHAS"}, "geometry": {"type": "LineString", "coordinates": [[7381.1376, 3955.7472], [7397.3339, 3974.8742]]}}, {"type": "Feature", "properties": {"layer": "PDF_REGIAO_POLILINHAS"}, "geometry": {"type": "LineString", "coordinates": [[7397.3339, 3974.8742], [7403.8124, 3969.3726]]}}, {"type": "Feature", "properties": {"layer": "PDF_REGIAO_POLILINHAS"}, "geometry": {"type": "LineString", "coordinates": [[7363.1932, 3957.8038], [7369.6717, 3965.4135]]}}, {"type": "Feature", "properties": {"layer": "PDF_REGIAO_POLILINHAS"}, "geometry": {"type": "LineString", "coordinates": [[7369.6717, 3965.4135], [7373.4766, 3962.2257]]}}, {"type": "Feature", "properties": {"layer": "PDF_REGIAO_POLILINHAS"}, "geometry": {"type": "LineString", "coordinates": [[7373.4766, 3962.2257], [7381.1376, 3955.7472]]}}, {"type": "Feature", "properties": {"layer": "PDF_REGIAO_POLILINHAS"}, "geometry": {"type": "LineString", "coordinates": [[7381.1376, 3955.7472], [7388.7987, 3949.2687]]}}, {"type": "Feature", "properties": {"layer": "PDF_REGIAO_POLILINHAS"}, "geometry": {"type": "LineString", "coordinates": [[7388.7987, 3949.2687], [7382.3716, 3941.6076]]}}, {"type": "Feature", "properties": {"layer": "PDF_REGIAO_POLILINHAS"}, "geometry": {"type": "LineString", "coordinates": [[7382.3716, 3941.6076], [7363.1932, 3957.8038]]}}, {"type": "Feature", "properties": {"layer": "PDF_REGIAO_POLILINHAS"}, "geometry": {"type": "LineString", "coordinates": [[7356.7661, 3950.1427], [7363.1932, 3957.8038]]}}, {"type": "Feature", "properties": {"layer": "PDF_REGIAO_POLILINHAS"}, "geometry": {"type": "LineString", "coordinates": [[7363.1932, 3957.8038], [7382.3716, 3941.6076]]}}, {"type": "Feature", "properties": {"layer": "PDF_REGIAO_POLILINHAS"}, "geometry": {"type": "LineString", "coordinates": [[7382.3716, 3941.6076], [7375.8931, 3933.9465]]}}, {"type": "Feature", "properties": {"layer": "PDF_REGIAO_POLILINHAS"}, "geometry": {"type": "LineString", "coordinates": [[7375.8931, 3933.9465], [7356.7661, 3950.1427]]}}, {"type": "Feature", "properties": {"layer": "PDF_REGIAO_POLILINHAS"}, "geometry": {"type": "LineString", "coordinates": [[7350.2876, 3942.4817], [7356.7661, 3950.1427]]}}, {"type": "Feature", "properties": {"layer": "PDF_REGIAO_POLILINHAS"}, "geometry": {"type": "LineString", "coordinates": [[7356.7661, 3950.1427], [7375.8931, 3933.9465]]}}, {"type": "Feature", "properties": {"layer": "PDF_REGIAO_POLILINHAS"}, "geometry": {"type": "LineString", "coordinates": [[7375.8931, 3933.9465], [7369.4146, 3926.3368]]}}, {"type": "Feature", "properties": {"layer": "PDF_REGIAO_POLILINHAS"}, "geometry": {"type": "LineString", "coordinates": [[7369.4146, 3926.3368], [7350.2876, 3942.4817]]}}, {"type": "Feature", "properties": {"layer": "PDF_REGIAO_POLILINHAS"}, "geometry": {"type": "LineString", "coordinates": [[7343.8091, 3934.8206], [7350.2876, 3942.4817]]}}, {"type": "Feature", "properties": {"layer": "PDF_REGIAO_POLILINHAS"}, "geometry": {"type": "LineString", "coordinates": [[7350.2876, 3942.4817], [7369.4146, 3926.3368]]}}, {"type": "Feature", "properties": {"layer": "PDF_REGIAO_POLILINHAS"}, "geometry": {"type": "LineString", "coordinates": [[7369.4146, 3926.3368], [7362.9876, 3918.6757]]}}, {"type": "Feature", "properties": {"layer": "PDF_REGIAO_POLILINHAS"}, "geometry": {"type": "LineString", "coordinates": [[7362.9876, 3918.6757], [7343.8091, 3934.8206]]}}, {"type": "Feature", "properties": {"layer": "PDF_REGIAO_POLILINHAS"}, "geometry": {"type": "LineString", "coordinates": [[7337.382, 3927.1595], [7343.8091, 3934.8206]]}}, {"type": "Feature", "properties": {"layer": "PDF_REGIAO_POLILINHAS"}, "geometry": {"type": "LineString", "coordinates": [[7343.8091, 3934.8206], [7362.9876, 3918.6757]]}}, {"type": "Feature", "properties": {"layer": "PDF_REGIAO_POLILINHAS"}, "geometry": {"type": "LineString", "coordinates": [[7362.9876, 3918.6757], [7356.509, 3911.0147]]}}, {"type": "Feature", "properties": {"layer": "PDF_REGIAO_POLILINHAS"}, "geometry": {"type": "LineString", "coordinates": [[7356.509, 3911.0147], [7348.848, 3917.4417]]}}, {"type": "Feature", "properties": {"layer": "PDF_REGIAO_POLILINHAS"}, "geometry": {"type": "LineString", "coordinates": [[7348.848, 3917.4417], [7341.1869, 3923.9202]]}}, {"type": "Feature", "properties": {"layer": "PDF_REGIAO_POLILINHAS"}, "geometry": {"type": "LineString", "coordinates": [[7341.1869, 3923.9202], [7337.382, 3927.1595]]}}, {"type": "Feature", "properties": {"layer": "PDF_REGIAO_POLILINHAS"}, "geometry": {"type": "LineString", "coordinates": [[7339.1544, 3892.8625], [7339.3993, 3892.6938], [7339.6724, 3892.5762], [7339.9632, 3892.5142], [7340.2605, 3892.51], [7340.5529, 3892.564], [7340.8292, 3892.6739], [7341.0787, 3892.8357], [7341.2918, 3893.043]]}}, {"type": "Feature", "properties": {"layer": "PDF_REGIAO_POLILINHAS"}, "geometry": {"type": "LineString", "coordinates": [[7339.1816, 3892.8132], [7332.7031, 3898.3147]]}}, {"type": "Feature", "properties": {"layer": "PDF_REGIAO_POLILINHAS"}, "geometry": {"type": "LineString", "coordinates": [[7332.7031, 3898.3147], [7348.848, 3917.4417]]}}, {"type": "Feature", "properties": {"layer": "PDF_REGIAO_POLILINHAS"}, "geometry": {"type": "LineString", "coordinates": [[7348.848, 3917.4417], [7356.509, 3911.0147]]}}, {"type": "Feature", "properties": {"layer": "PDF_REGIAO_POLILINHAS"}, "geometry": {"type": "LineString", "coordinates": [[7356.509, 3911.0147], [7341.2897, 3893.0188]]}}, {"type": "Feature", "properties": {"layer": "PDF_REGIAO_POLILINHAS"}, "geometry": {"type": "LineString", "coordinates": [[7325.042, 3904.7932], [7341.1869, 3923.9202]]}}, {"type": "Feature", "properties": {"layer": "PDF_REGIAO_POLILINHAS"}, "geometry": {"type": "LineString", "coordinates": [[7341.1869, 3923.9202], [7348.848, 3917.4417]]}}, {"type": "Feature", "properties": {"layer": "PDF_REGIAO_POLILINHAS"}, "geometry": {"type": "LineString", "coordinates": [[7348.848, 3917.4417], [7332.7031, 3898.3147]]}}, {"type": "Feature", "properties": {"layer": "PDF_REGIAO_POLILINHAS"}, "geometry": {"type": "LineString", "coordinates": [[7332.7031, 3898.3147], [7325.042, 3904.7932]]}}, {"type": "Feature", "properties": {"layer": "PDF_REGIAO_POLILINHAS"}, "geometry": {"type": "LineString", "coordinates": [[7317.381, 3911.2717], [7333.5258, 3930.3987]]}}, {"type": "Feature", "properties": {"layer": "PDF_REGIAO_POLILINHAS"}, "geometry": {"type": "LineString", "coordinates": [[7333.5258, 3930.3987], [7337.382, 3927.1595]]}}, {"type": "Feature", "properties": {"layer": "PDF_REGIAO_POLILINHAS"}, "geometry": {"type": "LineString", "coordinates": [[7337.382, 3927.1595], [7341.1869, 3923.9202]]}}, {"type": "Feature", "properties": {"layer": "PDF_REGIAO_POLILINHAS"}, "geometry": {"type": "LineString", "coordinates": [[7341.1869, 3923.9202], [7325.042, 3904.7932]]}}, {"type": "Feature", "properties": {"layer": "PDF_REGIAO_POLILINHAS"}, "geometry": {"type": "LineString", "coordinates": [[7325.042, 3904.7932], [7317.381, 3911.2717]]}}, {"type": "Feature", "properties": {"layer": "PDF_REGIAO_POLILINHAS"}, "geometry": {"type": "LineString", "coordinates": [[7309.7199, 3917.6988], [7325.8647, 3936.8258]]}}, {"type": "Feature", "properties": {"layer": "PDF_REGIAO_POLILINHAS"}, "geometry": {"type": "LineString", "coordinates": [[7325.8647, 3936.8258], [7333.5258, 3930.3987]]}}, {"type": "Feature", "properties": {"layer": "PDF_REGIAO_POLILINHAS"}, "geometry": {"type": "LineString", "coordinates": [[7333.5258, 3930.3987], [7317.381, 3911.2717]]}}, {"type": "Feature", "properties": {"layer": "PDF_REGIAO_POLILINHAS"}, "geometry": {"type": "LineString", "coordinates": [[7317.381, 3911.2717], [7309.7199, 3917.6988]]}}, {"type": "Feature", "properties": {"layer": "PDF_REGIAO_POLILINHAS"}, "geometry": {"type": "LineString", "coordinates": [[7303.0357, 3925.3085], [7318.2036, 3943.3043]]}}, {"type": "Feature", "properties": {"layer": "PDF_REGIAO_POLILINHAS"}, "geometry": {"type": "LineString", "coordinates": [[7318.2036, 3943.3043], [7325.8647, 3936.8258]]}}, {"type": "Feature", "properties": {"layer": "PDF_REGIAO_POLILINHAS"}, "geometry": {"type": "LineString", "coordinates": [[7325.8647, 3936.8258], [7309.7199, 3917.6988]]}}, {"type": "Feature", "properties": {"layer": "PDF_REGIAO_POLILINHAS"}, "geometry": {"type": "LineString", "coordinates": [[7309.7199, 3917.6988], [7303.19, 3923.2004]]}}, {"type": "Feature", "properties": {"layer": "PDF_REGIAO_POLILINHAS"}, "geometry": {"type": "LineString", "coordinates": [[7302.9822, 3925.3358], [7302.8136, 3925.0908], [7302.696, 3924.8177], [7302.6339, 3924.5269], [7302.6298, 3924.2296], [7302.6837, 3923.9372], [7302.7937, 3923.661], [7302.9554, 3923.4115], [7303.1627, 3923.1983]]}}, {"type": "Feature", "properties": {"layer": "PDF_REGIAO_POLILINHAS"}, "geometry": {"type": "LineString", "coordinates": [[7318.2036, 3943.3043], [7324.6821, 3950.9654]]}}, {"type": "Feature", "properties": {"layer": "PDF_REGIAO_POLILINHAS"}, "geometry": {"type": "LineString", "coordinates": [[7324.6821, 3950.9654], [7343.8091, 3934.8206]]}}, {"type": "Feature", "properties": {"layer": "PDF_REGIAO_POLILINHAS"}, "geometry": {"type": "LineString", "coordinates": [[7343.8091, 3934.8206], [7337.382, 3927.1595]]}}, {"type": "Feature", "properties": {"layer": "PDF_REGIAO_POLILINHAS"}, "geometry": {"type": "LineString", "coordinates": [[7337.382, 3927.1595], [7333.5258, 3930.3987]]}}, {"type": "Feature", "properties": {"layer": "PDF_REGIAO_POLILINHAS"}, "geometry": {"type": "LineString", "coordinates": [[7333.5258, 3930.3987], [7325.8647, 3936.8258]]}}, {"type": "Feature", "properties": {"layer": "PDF_REGIAO_POLILINHAS"}, "geometry": {"type": "LineString", "coordinates": [[7325.8647, 3936.8258], [7318.2036, 3943.3043]]}}, {"type": "Feature", "properties": {"layer": "PDF_REGIAO_POLILINHAS"}, "geometry": {"type": "LineString", "coordinates": [[7324.6821, 3950.9654], [7331.1606, 3958.6265]]}}, {"type": "Feature", "properties": {"layer": "PDF_REGIAO_POLILINHAS"}, "geometry": {"type": "LineString", "coordinates": [[7331.1606, 3958.6265], [7350.2876, 3942.4817]]}}, {"type": "Feature", "properties": {"layer": "PDF_REGIAO_POLILINHAS"}, "geometry": {"type": "LineString", "coordinates": [[7350.2876, 3942.4817], [7343.8091, 3934.8206]]}}, {"type": "Feature", "properties": {"layer": "PDF_REGIAO_POLILINHAS"}, "geometry": {"type": "LineString", "coordinates": [[7343.8091, 3934.8206], [7324.6821, 3950.9654]]}}, {"type": "Feature", "properties": {"layer": "PDF_REGIAO_POLILINHAS"}, "geometry": {"type": "LineString", "coordinates": [[7331.1606, 3958.6265], [7337.5877, 3966.2876]]}}, {"type": "Feature", "properties": {"layer": "PDF_REGIAO_POLILINHAS"}, "geometry": {"type": "LineString", "coordinates": [[7337.5877, 3966.2876], [7356.7661, 3950.1427]]}}, {"type": "Feature", "properties": {"layer": "PDF_REGIAO_POLILINHAS"}, "geometry": {"type": "LineString", "coordinates": [[7356.7661, 3950.1427], [7350.2876, 3942.4817]]}}, {"type": "Feature", "properties": {"layer": "PDF_REGIAO_POLILINHAS"}, "geometry": {"type": "LineString", "coordinates": [[7350.2876, 3942.4817], [7331.1606, 3958.6265]]}}, {"type": "Feature", "properties": {"layer": "PDF_REGIAO_POLILINHAS"}, "geometry": {"type": "LineString", "coordinates": [[7337.5877, 3966.2876], [7344.0662, 3973.9487]]}}, {"type": "Feature", "properties": {"layer": "PDF_REGIAO_POLILINHAS"}, "geometry": {"type": "LineString", "coordinates": [[7344.0662, 3973.9487], [7363.1932, 3957.8038]]}}, {"type": "Feature", "properties": {"layer": "PDF_REGIAO_POLILINHAS"}, "geometry": {"type": "LineString", "coordinates": [[7363.1932, 3957.8038], [7356.7661, 3950.1427]]}}, {"type": "Feature", "properties": {"layer": "PDF_REGIAO_POLILINHAS"}, "geometry": {"type": "LineString", "coordinates": [[7356.7661, 3950.1427], [7337.5877, 3966.2876]]}}, {"type": "Feature", "properties": {"layer": "PDF_REGIAO_POLILINHAS"}, "geometry": {"type": "LineString", "coordinates": [[7415.3054, 3959.7085], [7415.0605, 3959.877], [7414.7874, 3959.9946], [7414.4967, 3960.0566], [7414.1994, 3960.0608], [7413.907, 3960.0068], [7413.6307, 3959.8969], [7413.3813, 3959.7351], [7413.1681, 3959.5278]]}}, {"type": "Feature", "properties": {"layer": "PDF_REGIAO_POLILINHAS"}, "geometry": {"type": "LineString", "coordinates": [[7415.3297, 3959.7062], [7421.8082, 3954.2047]]}}, {"type": "Feature", "properties": {"layer": "PDF_REGIAO_POLILINHAS"}, "geometry": {"type": "LineString", "coordinates": [[7421.8082, 3954.2047], [7405.6634, 3935.0777]]}}, {"type": "Feature", "properties": {"layer": "PDF_REGIAO_POLILINHAS"}, "geometry": {"type": "LineString", "coordinates": [[7405.6634, 3935.0777], [7398.0023, 3941.5047]]}}, {"type": "Feature", "properties": {"layer": "PDF_REGIAO_POLILINHAS"}, "geometry": {"type": "LineString", "coordinates": [[7398.0023, 3941.5047], [7413.1702, 3959.5006]]}}, {"type": "Feature", "properties": {"layer": "PDF_REGIAO_POLILINHAS"}, "geometry": {"type": "LineString", "coordinates": [[7405.6634, 3935.0777], [7421.8082, 3954.2047]]}}, {"type": "Feature", "properties": {"layer": "PDF_REGIAO_POLILINHAS"}, "geometry": {"type": "LineString", "coordinates": [[7421.8082, 3954.2047], [7429.4693, 3947.7262]]}}, {"type": "Feature", "properties": {"layer": "PDF_REGIAO_POLILINHAS"}, "geometry": {"type": "LineString", "coordinates": [[7429.4693, 3947.7262], [7413.3245, 3928.5992]]}}, {"type": "Feature", "properties": {"layer": "PDF_REGIAO_POLILINHAS"}, "geometry": {"type": "LineString", "coordinates": [[7413.3245, 3928.5992], [7405.6634, 3935.0777]]}}, {"type": "Feature", "properties": {"layer": "PDF_REGIAO_POLILINHAS"}, "geometry": {"type": "LineString", "coordinates": [[7413.3245, 3928.5992], [7429.4693, 3947.7262]]}}, {"type": "Feature", "properties": {"layer": "PDF_REGIAO_POLILINHAS"}, "geometry": {"type": "LineString", "coordinates": [[7429.4693, 3947.7262], [7437.1304, 3941.2991]]}}, {"type": "Feature", "properties": {"layer": "PDF_REGIAO_POLILINHAS"}, "geometry": {"type": "LineString", "coordinates": [[7437.1304, 3941.2991], [7420.9856, 3922.1207]]}}, {"type": "Feature", "properties": {"layer": "PDF_REGIAO_POLILINHAS"}, "geometry": {"type": "LineString", "coordinates": [[7420.9856, 3922.1207], [7417.1293, 3925.3599]]}}, {"type": "Feature", "properties": {"layer": "PDF_REGIAO_POLILINHAS"}, "geometry": {"type": "LineString", "coordinates": [[7417.1293, 3925.3599], [7413.3245, 3928.5992]]}}, {"type": "Feature", "properties": {"layer": "PDF_REGIAO_POLILINHAS"}, "geometry": {"type": "LineString", "coordinates": [[7420.9856, 3922.1207], [7437.1304, 3941.2991]]}}, {"type": "Feature", "properties": {"layer": "PDF_REGIAO_POLILINHAS"}, "geometry": {"type": "LineString", "coordinates": [[7437.1304, 3941.2991], [7444.7915, 3934.8206]]}}, {"type": "Feature", "properties": {"layer": "PDF_REGIAO_POLILINHAS"}, "geometry": {"type": "LineString", "coordinates": [[7444.7915, 3934.8206], [7428.6466, 3915.6936]]}}, {"type": "Feature", "properties": {"layer": "PDF_REGIAO_POLILINHAS"}, "geometry": {"type": "LineString", "coordinates": [[7428.6466, 3915.6936], [7420.9856, 3922.1207]]}}, {"type": "Feature", "properties": {"layer": "PDF_REGIAO_POLILINHAS"}, "geometry": {"type": "LineString", "coordinates": [[7451.4777, 3927.2351], [7451.6464, 3927.48], [7451.764, 3927.7531], [7451.8261, 3928.0439], [7451.8302, 3928.3412], [7451.7762, 3928.6336], [7451.6663, 3928.9099], [7451.5045, 3929.1594], [7451.2972, 3929.3725]]}}, {"type": "Feature", "properties": {"layer": "PDF_REGIAO_POLILINHAS"}, "geometry": {"type": "LineString", "coordinates": [[7451.4756, 3927.2109], [7436.2563, 3909.2151]]}}, {"type": "Feature", "properties": {"layer": "PDF_REGIAO_POLILINHAS"}, "geometry": {"type": "LineString", "coordinates": [[7436.2563, 3909.2151], [7428.6466, 3915.6936]]}}, {"type": "Feature", "properties": {"layer": "PDF_REGIAO_POLILINHAS"}, "geometry": {"type": "LineString", "coordinates": [[7428.6466, 3915.6936], [7444.7915, 3934.8206]]}}, {"type": "Feature", "properties": {"layer": "PDF_REGIAO_POLILINHAS"}, "geometry": {"type": "LineString", "coordinates": [[7444.7915, 3934.8206], [7451.27, 3929.319]]}}, {"type": "Feature", "properties": {"layer": "PDF_REGIAO_POLILINHAS"}, "geometry": {"type": "LineString", "coordinates": [[7410.7022, 3917.6988], [7417.1293, 3925.3599]]}}, {"type": "Feature", "properties": {"layer": "PDF_REGIAO_POLILINHAS"}, "geometry": {"type": "LineString", "coordinates": [[7417.1293, 3925.3599], [7420.9856, 3922.1207]]}}, {"type": "Feature", "properties": {"layer": "PDF_REGIAO_POLILINHAS"}, "geometry": {"type": "LineString", "coordinates": [[7420.9856, 3922.1207], [7428.6466, 3915.6936]]}}, {"type": "Feature", "properties": {"layer": "PDF_REGIAO_POLILINHAS"}, "geometry": {"type": "LineString", "coordinates": [[7428.6466, 3915.6936], [7436.2563, 3909.2151]]}}, {"type": "Feature", "properties": {"layer": "PDF_REGIAO_POLILINHAS"}, "geometry": {"type": "LineString", "coordinates": [[7436.2563, 3909.2151], [7429.8292, 3901.554]]}}, {"type": "Feature", "properties": {"layer": "PDF_REGIAO_POLILINHAS"}, "geometry": {"type": "LineString", "coordinates": [[7429.8292, 3901.554], [7410.7022, 3917.6988]]}}, {"type": "Feature", "properties": {"layer": "PDF_REGIAO_POLILINHAS"}, "geometry": {"type": "LineString", "coordinates": [[7404.2237, 3910.0377], [7410.7022, 3917.6988]]}}, {"type": "Feature", "properties": {"layer": "PDF_REGIAO_POLILINHAS"}, "geometry": {"type": "LineString", "coordinates": [[7410.7022, 3917.6988], [7429.8292, 3901.554]]}}, {"type": "Feature", "properties": {"layer": "PDF_REGIAO_POLILINHAS"}, "geometry": {"type": "LineString", "coordinates": [[7429.8292, 3901.554], [7423.3507, 3893.8929]]}}, {"type": "Feature", "properties": {"layer": "PDF_REGIAO_POLILINHAS"}, "geometry": {"type": "LineString", "coordinates": [[7423.3507, 3893.8929], [7404.2237, 3910.0377]]}}, {"type": "Feature", "properties": {"layer": "PDF_REGIAO_POLILINHAS"}, "geometry": {"type": "LineString", "coordinates": [[7397.7452, 3902.3767], [7404.2237, 3910.0377]]}}, {"type": "Feature", "properties": {"layer": "PDF_REGIAO_POLILINHAS"}, "geometry": {"type": "LineString", "coordinates": [[7404.2237, 3910.0377], [7423.3507, 3893.8929]]}}, {"type": "Feature", "properties": {"layer": "PDF_REGIAO_POLILINHAS"}, "geometry": {"type": "LineString", "coordinates": [[7423.3507, 3893.8929], [7416.8722, 3886.2318]]}}, {"type": "Feature", "properties": {"layer": "PDF_REGIAO_POLILINHAS"}, "geometry": {"type": "LineString", "coordinates": [[7416.8722, 3886.2318], [7397.7452, 3902.3767]]}}, {"type": "Feature", "properties": {"layer": "PDF_REGIAO_POLILINHAS"}, "geometry": {"type": "LineString", "coordinates": [[7391.2667, 3894.767], [7397.7452, 3902.3767]]}}, {"type": "Feature", "properties": {"layer": "PDF_REGIAO_POLILINHAS"}, "geometry": {"type": "LineString", "coordinates": [[7397.7452, 3902.3767], [7416.8722, 3886.2318]]}}, {"type": "Feature", "properties": {"layer": "PDF_REGIAO_POLILINHAS"}, "geometry": {"type": "LineString", "coordinates": [[7416.8722, 3886.2318], [7410.4451, 3878.5707]]}}, {"type": "Feature", "properties": {"layer": "PDF_REGIAO_POLILINHAS"}, "geometry": {"type": "LineString", "coordinates": [[7410.4451, 3878.5707], [7391.2667, 3894.767]]}}, {"type": "Feature", "properties": {"layer": "PDF_REGIAO_POLILINHAS"}, "geometry": {"type": "LineString", "coordinates": [[7384.8396, 3887.1059], [7391.2667, 3894.767]]}}, {"type": "Feature", "properties": {"layer": "PDF_REGIAO_POLILINHAS"}, "geometry": {"type": "LineString", "coordinates": [[7391.2667, 3894.767], [7410.4451, 3878.5707]]}}, {"type": "Feature", "properties": {"layer": "PDF_REGIAO_POLILINHAS"}, "geometry": {"type": "LineString", "coordinates": [[7410.4451, 3878.5707], [7403.9666, 3870.9097]]}}, {"type": "Feature", "properties": {"layer": "PDF_REGIAO_POLILINHAS"}, "geometry": {"type": "LineString", "coordinates": [[7403.9666, 3870.9097], [7396.3056, 3877.3882]]}}, {"type": "Feature", "properties": {"layer": "PDF_REGIAO_POLILINHAS"}, "geometry": {"type": "LineString", "coordinates": [[7396.3056, 3877.3882], [7388.6445, 3883.8667]]}}, {"type": "Feature", "properties": {"layer": "PDF_REGIAO_POLILINHAS"}, "geometry": {"type": "LineString", "coordinates": [[7388.6445, 3883.8667], [7384.8396, 3887.1059]]}}, {"type": "Feature", "properties": {"layer": "PDF_REGIAO_POLILINHAS"}, "geometry": {"type": "LineString", "coordinates": [[7386.612, 3852.7575], [7386.8569, 3852.5888], [7387.13, 3852.4712], [7387.4208, 3852.4092], [7387.7181, 3852.405], [7388.0105, 3852.459], [7388.2867, 3852.5689], [7388.5363, 3852.7307], [7388.7494, 3852.938]]}}, {"type": "Feature", "properties": {"layer": "PDF_REGIAO_POLILINHAS"}, "geometry": {"type": "LineString", "coordinates": [[7386.6392, 3852.7596], [7380.1607, 3858.2612]]}}, {"type": "Feature", "properties": {"layer": "PDF_REGIAO_POLILINHAS"}, "geometry": {"type": "LineString", "coordinates": [[7380.1607, 3858.2612], [7396.3056, 3877.3882]]}}, {"type": "Feature", "properties": {"layer": "PDF_REGIAO_POLILINHAS"}, "geometry": {"type": "LineString", "coordinates": [[7396.3056, 3877.3882], [7403.9666, 3870.9097]]}}, {"type": "Feature", "properties": {"layer": "PDF_REGIAO_POLILINHAS"}, "geometry": {"type": "LineString", "coordinates": [[7403.9666, 3870.9097], [7388.7987, 3852.9138]]}}, {"type": "Feature", "properties": {"layer": "PDF_REGIAO_POLILINHAS"}, "geometry": {"type": "LineString", "coordinates": [[7372.4996, 3864.7397], [7388.6445, 3883.8667]]}}, {"type": "Feature", "properties": {"layer": "PDF_REGIAO_POLILINHAS"}, "geometry": {"type": "LineString", "coordinates": [[7388.6445, 3883.8667], [7396.3056, 3877.3882]]}}, {"type": "Feature", "properties": {"layer": "PDF_REGIAO_POLILINHAS"}, "geometry": {"type": "LineString", "coordinates": [[7396.3056, 3877.3882], [7380.1607, 3858.2612]]}}, {"type": "Feature", "properties": {"layer": "PDF_REGIAO_POLILINHAS"}, "geometry": {"type": "LineString", "coordinates": [[7380.1607, 3858.2612], [7372.4996, 3864.7397]]}}, {"type": "Feature", "properties": {"layer": "PDF_REGIAO_POLILINHAS"}, "geometry": {"type": "LineString", "coordinates": [[7364.8386, 3871.1667], [7380.9834, 3890.2937]]}}, {"type": "Feature", "properties": {"layer": "PDF_REGIAO_POLILINHAS"}, "geometry": {"type": "LineString", "coordinates": [[7380.9834, 3890.2937], [7384.8396, 3887.1059]]}}, {"type": "Feature", "properties": {"layer": "PDF_REGIAO_POLILINHAS"}, "geometry": {"type": "LineString", "coordinates": [[7384.8396, 3887.1059], [7388.6445, 3883.8667]]}}, {"type": "Feature", "properties": {"layer": "PDF_REGIAO_POLILINHAS"}, "geometry": {"type": "LineString", "coordinates": [[7388.6445, 3883.8667], [7372.4996, 3864.7397]]}}, {"type": "Feature", "properties": {"layer": "PDF_REGIAO_POLILINHAS"}, "geometry": {"type": "LineString", "coordinates": [[7372.4996, 3864.7397], [7364.8386, 3871.1667]]}}, {"type": "Feature", "properties": {"layer": "PDF_REGIAO_POLILINHAS"}, "geometry": {"type": "LineString", "coordinates": [[7357.1775, 3877.6452], [7373.3223, 3896.7722]]}}, {"type": "Feature", "properties": {"layer": "PDF_REGIAO_POLILINHAS"}, "geometry": {"type": "LineString", "coordinates": [[7373.3223, 3896.7722], [7380.9834, 3890.2937]]}}, {"type": "Feature", "properties": {"layer": "PDF_REGIAO_POLILINHAS"}, "geometry": {"type": "LineString", "coordinates": [[7380.9834, 3890.2937], [7364.8386, 3871.1667]]}}, {"type": "Feature", "properties": {"layer": "PDF_REGIAO_POLILINHAS"}, "geometry": {"type": "LineString", "coordinates": [[7364.8386, 3871.1667], [7357.1775, 3877.6452]]}}, {"type": "Feature", "properties": {"layer": "PDF_REGIAO_POLILINHAS"}, "geometry": {"type": "LineString", "coordinates": [[7350.4933, 3885.2549], [7365.7126, 3903.2507]]}}, {"type": "Feature", "properties": {"layer": "PDF_REGIAO_POLILINHAS"}, "geometry": {"type": "LineString", "coordinates": [[7365.7126, 3903.2507], [7373.3223, 3896.7722]]}}, {"type": "Feature", "properties": {"layer": "PDF_REGIAO_POLILINHAS"}, "geometry": {"type": "LineString", "coordinates": [[7373.3223, 3896.7722], [7357.1775, 3877.6452]]}}, {"type": "Feature", "properties": {"layer": "PDF_REGIAO_POLILINHAS"}, "geometry": {"type": "LineString", "coordinates": [[7357.1775, 3877.6452], [7350.699, 3883.1468]]}}, {"type": "Feature", "properties": {"layer": "PDF_REGIAO_POLILINHAS"}, "geometry": {"type": "LineString", "coordinates": [[7350.4398, 3885.2822], [7350.2711, 3885.0373], [7350.1535, 3884.7642], [7350.0915, 3884.4734], [7350.0873, 3884.1761], [7350.1413, 3883.8836], [7350.2512, 3883.6074], [7350.413, 3883.3579], [7350.6203, 3883.1447]]}}, {"type": "Feature", "properties": {"layer": "PDF_REGIAO_POLILINHAS"}, "geometry": {"type": "LineString", "coordinates": [[7365.7126, 3903.2507], [7372.1397, 3910.9118]]}}, {"type": "Feature", "properties": {"layer": "PDF_REGIAO_POLILINHAS"}, "geometry": {"type": "LineString", "coordinates": [[7372.1397, 3910.9118], [7391.2667, 3894.767]]}}, {"type": "Feature", "properties": {"layer": "PDF_REGIAO_POLILINHAS"}, "geometry": {"type": "LineString", "coordinates": [[7391.2667, 3894.767], [7384.8396, 3887.1059]]}}, {"type": "Feature", "properties": {"layer": "PDF_REGIAO_POLILINHAS"}, "geometry": {"type": "LineString", "coordinates": [[7384.8396, 3887.1059], [7380.9834, 3890.2937]]}}, {"type": "Feature", "properties": {"layer": "PDF_REGIAO_POLILINHAS"}, "geometry": {"type": "LineString", "coordinates": [[7380.9834, 3890.2937], [7373.3223, 3896.7722]]}}, {"type": "Feature", "properties": {"layer": "PDF_REGIAO_POLILINHAS"}, "geometry": {"type": "LineString", "coordinates": [[7373.3223, 3896.7722], [7365.7126, 3903.2507]]}}, {"type": "Feature", "properties": {"layer": "PDF_REGIAO_POLILINHAS"}, "geometry": {"type": "LineString", "coordinates": [[7372.1397, 3910.9118], [7378.6182, 3918.5729]]}}, {"type": "Feature", "properties": {"layer": "PDF_REGIAO_POLILINHAS"}, "geometry": {"type": "LineString", "coordinates": [[7378.6182, 3918.5729], [7397.7452, 3902.3767]]}}, {"type": "Feature", "properties": {"layer": "PDF_REGIAO_POLILINHAS"}, "geometry": {"type": "LineString", "coordinates": [[7397.7452, 3902.3767], [7391.2667, 3894.767]]}}, {"type": "Feature", "properties": {"layer": "PDF_REGIAO_POLILINHAS"}, "geometry": {"type": "LineString", "coordinates": [[7391.2667, 3894.767], [7372.1397, 3910.9118]]}}, {"type": "Feature", "properties": {"layer": "PDF_REGIAO_POLILINHAS"}, "geometry": {"type": "LineString", "coordinates": [[7378.6182, 3918.5729], [7385.0967, 3926.234]]}}, {"type": "Feature", "properties": {"layer": "PDF_REGIAO_POLILINHAS"}, "geometry": {"type": "LineString", "coordinates": [[7385.0967, 3926.234], [7404.2237, 3910.0377]]}}, {"type": "Feature", "properties": {"layer": "PDF_REGIAO_POLILINHAS"}, "geometry": {"type": "LineString", "coordinates": [[7404.2237, 3910.0377], [7397.7452, 3902.3767]]}}, {"type": "Feature", "properties": {"layer": "PDF_REGIAO_POLILINHAS"}, "geometry": {"type": "LineString", "coordinates": [[7397.7452, 3902.3767], [7378.6182, 3918.5729]]}}, {"type": "Feature", "properties": {"layer": "PDF_REGIAO_POLILINHAS"}, "geometry": {"type": "LineString", "coordinates": [[7385.0967, 3926.234], [7391.5238, 3933.8437]]}}, {"type": "Feature", "properties": {"layer": "PDF_REGIAO_POLILINHAS"}, "geometry": {"type": "LineString", "coordinates": [[7391.5238, 3933.8437], [7410.7022, 3917.6988]]}}, {"type": "Feature", "properties": {"layer": "PDF_REGIAO_POLILINHAS"}, "geometry": {"type": "LineString", "coordinates": [[7410.7022, 3917.6988], [7404.2237, 3910.0377]]}}, {"type": "Feature", "properties": {"layer": "PDF_REGIAO_POLILINHAS"}, "geometry": {"type": "LineString", "coordinates": [[7404.2237, 3910.0377], [7385.0967, 3926.234]]}}, {"type": "Feature", "properties": {"layer": "PDF_REGIAO_POLILINHAS"}, "geometry": {"type": "LineString", "coordinates": [[7344.0662, 3973.9487], [7350.5447, 3981.6097]]}}, {"type": "Feature", "properties": {"layer": "PDF_REGIAO_POLILINHAS"}, "geometry": {"type": "LineString", "coordinates": [[7350.5447, 3981.6097], [7358.2058, 3975.1312]]}}, {"type": "Feature", "properties": {"layer": "PDF_REGIAO_POLILINHAS"}, "geometry": {"type": "LineString", "coordinates": [[7358.2058, 3975.1312], [7365.8669, 3968.6527]]}}, {"type": "Feature", "properties": {"layer": "PDF_REGIAO_POLILINHAS"}, "geometry": {"type": "LineString", "coordinates": [[7365.8669, 3968.6527], [7369.6717, 3965.4135]]}}, {"type": "Feature", "properties": {"layer": "PDF_REGIAO_POLILINHAS"}, "geometry": {"type": "LineString", "coordinates": [[7369.6717, 3965.4135], [7363.1932, 3957.8038]]}}, {"type": "Feature", "properties": {"layer": "PDF_REGIAO_POLILINHAS"}, "geometry": {"type": "LineString", "coordinates": [[7363.1932, 3957.8038], [7344.0662, 3973.9487]]}}, {"type": "Feature", "properties": {"layer": "PDF_REGIAO_POLILINHAS"}, "geometry": {"type": "LineString", "coordinates": [[7391.5238, 3933.8437], [7398.0023, 3941.5047]]}}, {"type": "Feature", "properties": {"layer": "PDF_REGIAO_POLILINHAS"}, "geometry": {"type": "LineString", "coordinates": [[7398.0023, 3941.5047], [7405.6634, 3935.0777]]}}, {"type": "Feature", "properties": {"layer": "PDF_REGIAO_POLILINHAS"}, "geometry": {"type": "LineString", "coordinates": [[7405.6634, 3935.0777], [7413.3245, 3928.5992]]}}, {"type": "Feature", "properties": {"layer": "PDF_REGIAO_POLILINHAS"}, "geometry": {"type": "LineString", "coordinates": [[7413.3245, 3928.5992], [7417.1293, 3925.3599]]}}, {"type": "Feature", "properties": {"layer": "PDF_REGIAO_POLILINHAS"}, "geometry": {"type": "LineString", "coordinates": [[7417.1293, 3925.3599], [7410.7022, 3917.6988]]}}, {"type": "Feature", "properties": {"layer": "PDF_REGIAO_POLILINHAS"}, "geometry": {"type": "LineString", "coordinates": [[7410.7022, 3917.6988], [7391.5238, 3933.8437]]}}, {"type": "Feature", "properties": {"layer": "PDF_REGIAO_POLILINHAS"}, "geometry": {"type": "LineString", "coordinates": [[7510.9918, 3878.9329], [7510.7469, 3879.1015], [7510.4738, 3879.219], [7510.1831, 3879.2811], [7509.8858, 3879.2852], [7509.5934, 3879.2312], [7509.3172, 3879.1213], [7509.0677, 3878.9595], [7508.8545, 3878.7523]]}}, {"type": "Feature", "properties": {"layer": "PDF_REGIAO_POLILINHAS"}, "geometry": {"type": "LineString", "coordinates": [[7511.0161, 3878.9307], [7522.1221, 3869.5214]]}}, {"type": "Feature", "properties": {"layer": "PDF_REGIAO_POLILINHAS"}, "geometry": {"type": "LineString", "coordinates": [[7522.1221, 3869.5214], [7496.2596, 3838.9285]]}}, {"type": "Feature", "properties": {"layer": "PDF_REGIAO_POLILINHAS"}, "geometry": {"type": "LineString", "coordinates": [[7496.2596, 3838.9285], [7484.0224, 3849.2632]]}}, {"type": "Feature", "properties": {"layer": "PDF_REGIAO_POLILINHAS"}, "geometry": {"type": "LineString", "coordinates": [[7484.0224, 3849.2632], [7508.9081, 3878.725]]}}, {"type": "Feature", "properties": {"layer": "PDF_REGIAO_POLILINHAS"}, "geometry": {"type": "LineString", "coordinates": [[7496.2596, 3838.9285], [7522.1221, 3869.5214]]}}, {"type": "Feature", "properties": {"layer": "PDF_REGIAO_POLILINHAS"}, "geometry": {"type": "LineString", "coordinates": [[7522.1221, 3869.5214], [7534.3593, 3859.1867]]}}, {"type": "Feature", "properties": {"layer": "PDF_REGIAO_POLILINHAS"}, "geometry": {"type": "LineString", "coordinates": [[7534.3593, 3859.1867], [7508.4967, 3828.5937]]}}, {"type": "Feature", "properties": {"layer": "PDF_REGIAO_POLILINHAS"}, "geometry": {"type": "LineString", "coordinates": [[7508.4967, 3828.5937], [7496.2596, 3838.9285]]}}, {"type": "Feature", "properties": {"layer": "PDF_REGIAO_POLILINHAS"}, "geometry": {"type": "LineString", "coordinates": [[7508.4967, 3828.5937], [7534.3593, 3859.1867]]}}, {"type": "Feature", "properties": {"layer": "PDF_REGIAO_POLILINHAS"}, "geometry": {"type": "LineString", "coordinates": [[7534.3593, 3859.1867], [7546.5965, 3848.8519]]}}, {"type": "Feature", "properties": {"layer": "PDF_REGIAO_POLILINHAS"}, "geometry": {"type": "LineString", "coordinates": [[7546.5965, 3848.8519], [7520.7339, 3818.259]]}}, {"type": "Feature", "properties": {"layer": "PDF_REGIAO_POLILINHAS"}, "geometry": {"type": "LineString", "coordinates": [[7520.7339, 3818.259], [7514.6153, 3823.4007]]}}, {"type": "Feature", "properties": {"layer": "PDF_REGIAO_POLILINHAS"}, "geometry": {"type": "LineString", "coordinates": [[7514.6153, 3823.4007], [7508.4967, 3828.5937]]}}, {"type": "Feature", "properties": {"layer": "PDF_REGIAO_POLILINHAS"}, "geometry": {"type": "LineString", "coordinates": [[7520.7339, 3818.259], [7546.5965, 3848.8519]]}}, {"type": "Feature", "properties": {"layer": "PDF_REGIAO_POLILINHAS"}, "geometry": {"type": "LineString", "coordinates": [[7546.5965, 3848.8519], [7558.8336, 3838.5172]]}}, {"type": "Feature", "properties": {"layer": "PDF_REGIAO_POLILINHAS"}, "geometry": {"type": "LineString", "coordinates": [[7558.8336, 3838.5172], [7533.0225, 3807.8728]]}}, {"type": "Feature", "properties": {"layer": "PDF_REGIAO_POLILINHAS"}, "geometry": {"type": "LineString", "coordinates": [[7533.0225, 3807.8728], [7520.7339, 3818.259]]}}, {"type": "Feature", "properties": {"layer": "PDF_REGIAO_POLILINHAS"}, "geometry": {"type": "LineString", "coordinates": [[7570.096, 3827.024], [7570.2646, 3827.2689], [7570.3822, 3827.542], [7570.4443, 3827.8328], [7570.4484, 3828.1301], [7570.3945, 3828.4225], [7570.2845, 3828.6988], [7570.1228, 3828.9483], [7569.9155, 3829.1614]]}}, {"type": "Feature", "properties": {"layer": "PDF_REGIAO_POLILINHAS"}, "geometry": {"type": "LineString", "coordinates": [[7570.1453, 3827.0512], [7545.2596, 3797.5381]]}}, {"type": "Feature", "properties": {"layer": "PDF_REGIAO_POLILINHAS"}, "geometry": {"type": "LineString", "coordinates": [[7545.2596, 3797.5381], [7533.0225, 3807.8728]]}}, {"type": "Feature", "properties": {"layer": "PDF_REGIAO_POLILINHAS"}, "geometry": {"type": "LineString", "coordinates": [[7533.0225, 3807.8728], [7558.8336, 3838.5172]]}}, {"type": "Feature", "properties": {"layer": "PDF_REGIAO_POLILINHAS"}, "geometry": {"type": "LineString", "coordinates": [[7558.8336, 3838.5172], [7569.9396, 3829.1593]]}}, {"type": "Feature", "properties": {"layer": "PDF_REGIAO_POLILINHAS"}, "geometry": {"type": "LineString", "coordinates": [[7504.949, 3811.9347], [7514.6153, 3823.4007]]}}, {"type": "Feature", "properties": {"layer": "PDF_REGIAO_POLILINHAS"}, "geometry": {"type": "LineString", "coordinates": [[7514.6153, 3823.4007], [7520.7339, 3818.259]]}}, {"type": "Feature", "properties": {"layer": "PDF_REGIAO_POLILINHAS"}, "geometry": {"type": "LineString", "coordinates": [[7520.7339, 3818.259], [7533.0225, 3807.8728]]}}, {"type": "Feature", "properties": {"layer": "PDF_REGIAO_POLILINHAS"}, "geometry": {"type": "LineString", "coordinates": [[7533.0225, 3807.8728], [7545.2596, 3797.5381]]}}, {"type": "Feature", "properties": {"layer": "PDF_REGIAO_POLILINHAS"}, "geometry": {"type": "LineString", "coordinates": [[7545.2596, 3797.5381], [7535.5419, 3786.0722]]}}, {"type": "Feature", "properties": {"layer": "PDF_REGIAO_POLILINHAS"}, "geometry": {"type": "LineString", "coordinates": [[7535.5419, 3786.0722], [7504.949, 3811.9347]]}}, {"type": "Feature", "properties": {"layer": "PDF_REGIAO_POLILINHAS"}, "geometry": {"type": "LineString", "coordinates": [[7495.2312, 3800.4174], [7504.949, 3811.9347]]}}, {"type": "Feature", "properties": {"layer": "PDF_REGIAO_POLILINHAS"}, "geometry": {"type": "LineString", "coordinates": [[7504.949, 3811.9347], [7535.5419, 3786.0722]]}}, {"type": "Feature", "properties": {"layer": "PDF_REGIAO_POLILINHAS"}, "geometry": {"type": "LineString", "coordinates": [[7535.5419, 3786.0722], [7525.8756, 3774.6062]]}}, {"type": "Feature", "properties": {"layer": "PDF_REGIAO_POLILINHAS"}, "geometry": {"type": "LineString", "coordinates": [[7525.8756, 3774.6062], [7495.2312, 3800.4174]]}}, {"type": "Feature", "properties": {"layer": "PDF_REGIAO_POLILINHAS"}, "geometry": {"type": "LineString", "coordinates": [[7485.5649, 3788.9515], [7495.2312, 3800.4174]]}}, {"type": "Feature", "properties": {"layer": "PDF_REGIAO_POLILINHAS"}, "geometry": {"type": "LineString", "coordinates": [[7495.2312, 3800.4174], [7525.8756, 3774.6062]]}}, {"type": "Feature", "properties": {"layer": "PDF_REGIAO_POLILINHAS"}, "geometry": {"type": "LineString", "coordinates": [[7525.8756, 3774.6062], [7516.1578, 3763.0889]]}}, {"type": "Feature", "properties": {"layer": "PDF_REGIAO_POLILINHAS"}, "geometry": {"type": "LineString", "coordinates": [[7516.1578, 3763.0889], [7485.5649, 3788.9515]]}}, {"type": "Feature", "properties": {"layer": "PDF_REGIAO_POLILINHAS"}, "geometry": {"type": "LineString", "coordinates": [[7475.8471, 3777.4856], [7485.5649, 3788.9515]]}}, {"type": "Feature", "properties": {"layer": "PDF_REGIAO_POLILINHAS"}, "geometry": {"type": "LineString", "coordinates": [[7485.5649, 3788.9515], [7516.1578, 3763.0889]]}}, {"type": "Feature", "properties": {"layer": "PDF_REGIAO_POLILINHAS"}, "geometry": {"type": "LineString", "coordinates": [[7516.1578, 3763.0889], [7506.4915, 3751.623]]}}, {"type": "Feature", "properties": {"layer": "PDF_REGIAO_POLILINHAS"}, "geometry": {"type": "LineString", "coordinates": [[7506.4915, 3751.623], [7475.8471, 3777.4856]]}}, {"type": "Feature", "properties": {"layer": "PDF_REGIAO_POLILINHAS"}, "geometry": {"type": "LineString", "coordinates": [[7466.1808, 3765.9682], [7475.8471, 3777.4856]]}}, {"type": "Feature", "properties": {"layer": "PDF_REGIAO_POLILINHAS"}, "geometry": {"type": "LineString", "coordinates": [[7475.8471, 3777.4856], [7506.4915, 3751.623]]}}, {"type": "Feature", "properties": {"layer": "PDF_REGIAO_POLILINHAS"}, "geometry": {"type": "LineString", "coordinates": [[7506.4915, 3751.623], [7496.7737, 3740.1056]]}}, {"type": "Feature", "properties": {"layer": "PDF_REGIAO_POLILINHAS"}, "geometry": {"type": "LineString", "coordinates": [[7496.7737, 3740.1056], [7466.1808, 3765.9682]]}}, {"type": "Feature", "properties": {"layer": "PDF_REGIAO_POLILINHAS"}, "geometry": {"type": "LineString", "coordinates": [[7456.4631, 3754.5023], [7466.1808, 3765.9682]]}}, {"type": "Feature", "properties": {"layer": "PDF_REGIAO_POLILINHAS"}, "geometry": {"type": "LineString", "coordinates": [[7466.1808, 3765.9682], [7496.7737, 3740.1056]]}}, {"type": "Feature", "properties": {"layer": "PDF_REGIAO_POLILINHAS"}, "geometry": {"type": "LineString", "coordinates": [[7496.7737, 3740.1056], [7487.1074, 3728.6397]]}}, {"type": "Feature", "properties": {"layer": "PDF_REGIAO_POLILINHAS"}, "geometry": {"type": "LineString", "coordinates": [[7487.1074, 3728.6397], [7456.4631, 3754.5023]]}}, {"type": "Feature", "properties": {"layer": "PDF_REGIAO_POLILINHAS"}, "geometry": {"type": "LineString", "coordinates": [[7446.7967, 3743.0364], [7456.4631, 3754.5023]]}}, {"type": "Feature", "properties": {"layer": "PDF_REGIAO_POLILINHAS"}, "geometry": {"type": "LineString", "coordinates": [[7456.4631, 3754.5023], [7487.1074, 3728.6397]]}}, {"type": "Feature", "properties": {"layer": "PDF_REGIAO_POLILINHAS"}, "geometry": {"type": "LineString", "coordinates": [[7487.1074, 3728.6397], [7477.3896, 3717.1738]]}}, {"type": "Feature", "properties": {"layer": "PDF_REGIAO_POLILINHAS"}, "geometry": {"type": "LineString", "coordinates": [[7477.3896, 3717.1738], [7446.7967, 3743.0364]]}}, {"type": "Feature", "properties": {"layer": "PDF_REGIAO_POLILINHAS"}, "geometry": {"type": "LineString", "coordinates": [[7466.5135, 3706.6827], [7466.7584, 3706.5141], [7467.0315, 3706.3965], [7467.3223, 3706.3344], [7467.6196, 3706.3303], [7467.912, 3706.3842], [7468.1883, 3706.4942], [7468.4378, 3706.6559], [7468.6509, 3706.8632]]}}, {"type": "Feature", "properties": {"layer": "PDF_REGIAO_POLILINHAS"}, "geometry": {"type": "LineString", "coordinates": [[7466.5407, 3706.6334], [7437.079, 3731.5191]]}}, {"type": "Feature", "properties": {"layer": "PDF_REGIAO_POLILINHAS"}, "geometry": {"type": "LineString", "coordinates": [[7437.079, 3731.5191], [7446.7967, 3743.0364]]}}, {"type": "Feature", "properties": {"layer": "PDF_REGIAO_POLILINHAS"}, "geometry": {"type": "LineString", "coordinates": [[7446.7967, 3743.0364], [7477.3896, 3717.1738]]}}, {"type": "Feature", "properties": {"layer": "PDF_REGIAO_POLILINHAS"}, "geometry": {"type": "LineString", "coordinates": [[7477.3896, 3717.1738], [7468.6488, 3706.8391]]}}, {"type": "Feature", "properties": {"layer": "PDF_REGIAO_POLILINHAS"}, "geometry": {"type": "LineString", "coordinates": [[7407.4094, 3758.5401], [7407.2408, 3758.2952], [7407.1232, 3758.0221], [7407.0611, 3757.7313], [7407.057, 3757.434], [7407.1109, 3757.1416], [7407.2209, 3756.8653], [7407.3826, 3756.6158], [7407.59, 3756.4026]]}}, {"type": "Feature", "properties": {"layer": "PDF_REGIAO_POLILINHAS"}, "geometry": {"type": "LineString", "coordinates": [[7407.4116, 3758.5128], [7416.1524, 3768.8476]]}}, {"type": "Feature", "properties": {"layer": "PDF_REGIAO_POLILINHAS"}, "geometry": {"type": "LineString", "coordinates": [[7416.1524, 3768.8476], [7446.7967, 3743.0364]]}}, {"type": "Feature", "properties": {"layer": "PDF_REGIAO_POLILINHAS"}, "geometry": {"type": "LineString", "coordinates": [[7446.7967, 3743.0364], [7437.079, 3731.5191]]}}, {"type": "Feature", "properties": {"layer": "PDF_REGIAO_POLILINHAS"}, "geometry": {"type": "LineString", "coordinates": [[7437.079, 3731.5191], [7407.6172, 3756.4047]]}}, {"type": "Feature", "properties": {"layer": "PDF_REGIAO_POLILINHAS"}, "geometry": {"type": "LineString", "coordinates": [[7416.1524, 3768.8476], [7425.8187, 3780.3649]]}}, {"type": "Feature", "properties": {"layer": "PDF_REGIAO_POLILINHAS"}, "geometry": {"type": "LineString", "coordinates": [[7425.8187, 3780.3649], [7456.4631, 3754.5023]]}}, {"type": "Feature", "properties": {"layer": "PDF_REGIAO_POLILINHAS"}, "geometry": {"type": "LineString", "coordinates": [[7456.4631, 3754.5023], [7446.7967, 3743.0364]]}}, {"type": "Feature", "properties": {"layer": "PDF_REGIAO_POLILINHAS"}, "geometry": {"type": "LineString", "coordinates": [[7446.7967, 3743.0364], [7416.1524, 3768.8476]]}}, {"type": "Feature", "properties": {"layer": "PDF_REGIAO_POLILINHAS"}, "geometry": {"type": "LineString", "coordinates": [[7425.8187, 3780.3649], [7435.5365, 3791.8308]]}}, {"type": "Feature", "properties": {"layer": "PDF_REGIAO_POLILINHAS"}, "geometry": {"type": "LineString", "coordinates": [[7435.5365, 3791.8308], [7466.1808, 3765.9682]]}}, {"type": "Feature", "properties": {"layer": "PDF_REGIAO_POLILINHAS"}, "geometry": {"type": "LineString", "coordinates": [[7466.1808, 3765.9682], [7456.4631, 3754.5023]]}}, {"type": "Feature", "properties": {"layer": "PDF_REGIAO_POLILINHAS"}, "geometry": {"type": "LineString", "coordinates": [[7456.4631, 3754.5023], [7425.8187, 3780.3649]]}}, {"type": "Feature", "properties": {"layer": "PDF_REGIAO_POLILINHAS"}, "geometry": {"type": "LineString", "coordinates": [[7435.5365, 3791.8308], [7445.2542, 3803.2967]]}}, {"type": "Feature", "properties": {"layer": "PDF_REGIAO_POLILINHAS"}, "geometry": {"type": "LineString", "coordinates": [[7445.2542, 3803.2967], [7475.8471, 3777.4856]]}}, {"type": "Feature", "properties": {"layer": "PDF_REGIAO_POLILINHAS"}, "geometry": {"type": "LineString", "coordinates": [[7475.8471, 3777.4856], [7466.1808, 3765.9682]]}}, {"type": "Feature", "properties": {"layer": "PDF_REGIAO_POLILINHAS"}, "geometry": {"type": "LineString", "coordinates": [[7466.1808, 3765.9682], [7435.5365, 3791.8308]]}}, {"type": "Feature", "properties": {"layer": "PDF_REGIAO_POLILINHAS"}, "geometry": {"type": "LineString", "coordinates": [[7445.2542, 3803.2967], [7454.9206, 3814.8141]]}}, {"type": "Feature", "properties": {"layer": "PDF_REGIAO_POLILINHAS"}, "geometry": {"type": "LineString", "coordinates": [[7454.9206, 3814.8141], [7485.5649, 3788.9515]]}}, {"type": "Feature", "properties": {"layer": "PDF_REGIAO_POLILINHAS"}, "geometry": {"type": "LineString", "coordinates": [[7485.5649, 3788.9515], [7475.8471, 3777.4856]]}}, {"type": "Feature", "properties": {"layer": "PDF_REGIAO_POLILINHAS"}, "geometry": {"type": "LineString", "coordinates": [[7475.8471, 3777.4856], [7445.2542, 3803.2967]]}}, {"type": "Feature", "properties": {"layer": "PDF_REGIAO_POLILINHAS"}, "geometry": {"type": "LineString", "coordinates": [[7454.9206, 3814.8141], [7464.6383, 3826.28]]}}, {"type": "Feature", "properties": {"layer": "PDF_REGIAO_POLILINHAS"}, "geometry": {"type": "LineString", "coordinates": [[7464.6383, 3826.28], [7495.2312, 3800.4174]]}}, {"type": "Feature", "properties": {"layer": "PDF_REGIAO_POLILINHAS"}, "geometry": {"type": "LineString", "coordinates": [[7495.2312, 3800.4174], [7485.5649, 3788.9515]]}}, {"type": "Feature", "properties": {"layer": "PDF_REGIAO_POLILINHAS"}, "geometry": {"type": "LineString", "coordinates": [[7485.5649, 3788.9515], [7454.9206, 3814.8141]]}}, {"type": "Feature", "properties": {"layer": "PDF_REGIAO_POLILINHAS"}, "geometry": {"type": "LineString", "coordinates": [[7464.6383, 3826.28], [7474.3046, 3837.7459]]}}, {"type": "Feature", "properties": {"layer": "PDF_REGIAO_POLILINHAS"}, "geometry": {"type": "LineString", "coordinates": [[7474.3046, 3837.7459], [7504.949, 3811.9347]]}}, {"type": "Feature", "properties": {"layer": "PDF_REGIAO_POLILINHAS"}, "geometry": {"type": "LineString", "coordinates": [[7504.949, 3811.9347], [7495.2312, 3800.4174]]}}, {"type": "Feature", "properties": {"layer": "PDF_REGIAO_POLILINHAS"}, "geometry": {"type": "LineString", "coordinates": [[7495.2312, 3800.4174], [7464.6383, 3826.28]]}}, {"type": "Feature", "properties": {"layer": "PDF_REGIAO_POLILINHAS"}, "geometry": {"type": "LineString", "coordinates": [[7583.695, 3817.5414], [7583.4501, 3817.7099], [7583.177, 3817.8275], [7582.8862, 3817.8896], [7582.589, 3817.8937], [7582.2966, 3817.8397], [7582.0203, 3817.7298], [7581.7708, 3817.568], [7581.5577, 3817.3608]]}}, {"type": "Feature", "properties": {"layer": "PDF_REGIAO_POLILINHAS"}, "geometry": {"type": "LineString", "coordinates": [[7583.7193, 3817.5392], [7594.8253, 3808.1299]]}}, {"type": "Feature", "properties": {"layer": "PDF_REGIAO_POLILINHAS"}, "geometry": {"type": "LineString", "coordinates": [[7594.8253, 3808.1299], [7568.9627, 3777.537]]}}, {"type": "Feature", "properties": {"layer": "PDF_REGIAO_POLILINHAS"}, "geometry": {"type": "LineString", "coordinates": [[7568.9627, 3777.537], [7556.7256, 3787.8717]]}}, {"type": "Feature", "properties": {"layer": "PDF_REGIAO_POLILINHAS"}, "geometry": {"type": "LineString", "coordinates": [[7556.7256, 3787.8717], [7581.6112, 3817.3335]]}}, {"type": "Feature", "properties": {"layer": "PDF_REGIAO_POLILINHAS"}, "geometry": {"type": "LineString", "coordinates": [[7568.9627, 3777.537], [7594.8253, 3808.1299]]}}, {"type": "Feature", "properties": {"layer": "PDF_REGIAO_POLILINHAS"}, "geometry": {"type": "LineString", "coordinates": [[7594.8253, 3808.1299], [7607.0625, 3797.7952]]}}, {"type": "Feature", "properties": {"layer": "PDF_REGIAO_POLILINHAS"}, "geometry": {"type": "LineString", "coordinates": [[7607.0625, 3797.7952], [7581.2513, 3767.2022]]}}, {"type": "Feature", "properties": {"layer": "PDF_REGIAO_POLILINHAS"}, "geometry": {"type": "LineString", "coordinates": [[7581.2513, 3767.2022], [7568.9627, 3777.537]]}}, {"type": "Feature", "properties": {"layer": "PDF_REGIAO_POLILINHAS"}, "geometry": {"type": "LineString", "coordinates": [[7581.2513, 3767.2022], [7607.0625, 3797.7952]]}}, {"type": "Feature", "properties": {"layer": "PDF_REGIAO_POLILINHAS"}, "geometry": {"type": "LineString", "coordinates": [[7607.0625, 3797.7952], [7619.3511, 3787.4604]]}}, {"type": "Feature", "properties": {"layer": "PDF_REGIAO_POLILINHAS"}, "geometry": {"type": "LineString", "coordinates": [[7619.3511, 3787.4604], [7593.4885, 3756.8161]]}}, {"type": "Feature", "properties": {"layer": "PDF_REGIAO_POLILINHAS"}, "geometry": {"type": "LineString", "coordinates": [[7593.4885, 3756.8161], [7581.2513, 3767.2022]]}}, {"type": "Feature", "properties": {"layer": "PDF_REGIAO_POLILINHAS"}, "geometry": {"type": "LineString", "coordinates": [[7593.4885, 3756.8161], [7619.3511, 3787.4604]]}}, {"type": "Feature", "properties": {"layer": "PDF_REGIAO_POLILINHAS"}, "geometry": {"type": "LineString", "coordinates": [[7619.3511, 3787.4604], [7631.5882, 3777.1257]]}}, {"type": "Feature", "properties": {"layer": "PDF_REGIAO_POLILINHAS"}, "geometry": {"type": "LineString", "coordinates": [[7631.5882, 3777.1257], [7605.7256, 3746.4813]]}}, {"type": "Feature", "properties": {"layer": "PDF_REGIAO_POLILINHAS"}, "geometry": {"type": "LineString", "coordinates": [[7605.7256, 3746.4813], [7593.4885, 3756.8161]]}}, {"type": "Feature", "properties": {"layer": "PDF_REGIAO_POLILINHAS"}, "geometry": {"type": "LineString", "coordinates": [[7642.8506, 3765.6325], [7643.0192, 3765.8774], [7643.1368, 3766.1505], [7643.1989, 3766.4413], [7643.203, 3766.7386], [7643.1491, 3767.031], [7643.0391, 3767.3073], [7642.8774, 3767.5568], [7642.6701, 3767.7699]]}}, {"type": "Feature", "properties": {"layer": "PDF_REGIAO_POLILINHAS"}, "geometry": {"type": "LineString", "coordinates": [[7642.8485, 3765.6083], [7617.9628, 3736.1466]]}}, {"type": "Feature", "properties": {"layer": "PDF_REGIAO_POLILINHAS"}, "geometry": {"type": "LineString", "coordinates": [[7617.9628, 3736.1466], [7605.7256, 3746.4813]]}}, {"type": "Feature", "properties": {"layer": "PDF_REGIAO_POLILINHAS"}, "geometry": {"type": "LineString", "coordinates": [[7605.7256, 3746.4813], [7631.5882, 3777.1257]]}}, {"type": "Feature", "properties": {"layer": "PDF_REGIAO_POLILINHAS"}, "geometry": {"type": "LineString", "coordinates": [[7631.5882, 3777.1257], [7642.6942, 3767.7678]]}}, {"type": "Feature", "properties": {"layer": "PDF_REGIAO_POLILINHAS"}, "geometry": {"type": "LineString", "coordinates": [[7567.9858, 3739.0259], [7577.6521, 3750.5432]]}}, {"type": "Feature", "properties": {"layer": "PDF_REGIAO_POLILINHAS"}, "geometry": {"type": "LineString", "coordinates": [[7577.6521, 3750.5432], [7608.2965, 3724.6806]]}}, {"type": "Feature", "properties": {"layer": "PDF_REGIAO_POLILINHAS"}, "geometry": {"type": "LineString", "coordinates": [[7608.2965, 3724.6806], [7598.5787, 3713.1633]]}}, {"type": "Feature", "properties": {"layer": "PDF_REGIAO_POLILINHAS"}, "geometry": {"type": "LineString", "coordinates": [[7598.5787, 3713.1633], [7567.9858, 3739.0259]]}}, {"type": "Feature", "properties": {"layer": "PDF_REGIAO_POLILINHAS"}, "geometry": {"type": "LineString", "coordinates": [[7558.2681, 3727.56], [7567.9858, 3739.0259]]}}, {"type": "Feature", "properties": {"layer": "PDF_REGIAO_POLILINHAS"}, "geometry": {"type": "LineString", "coordinates": [[7567.9858, 3739.0259], [7598.5787, 3713.1633]]}}, {"type": "Feature", "properties": {"layer": "PDF_REGIAO_POLILINHAS"}, "geometry": {"type": "LineString", "coordinates": [[7598.5787, 3713.1633], [7588.9124, 3701.6974]]}}, {"type": "Feature", "properties": {"layer": "PDF_REGIAO_POLILINHAS"}, "geometry": {"type": "LineString", "coordinates": [[7588.9124, 3701.6974], [7558.2681, 3727.56]]}}, {"type": "Feature", "properties": {"layer": "PDF_REGIAO_POLILINHAS"}, "geometry": {"type": "LineString", "coordinates": [[7548.6017, 3716.0941], [7558.2681, 3727.56]]}}, {"type": "Feature", "properties": {"layer": "PDF_REGIAO_POLILINHAS"}, "geometry": {"type": "LineString", "coordinates": [[7558.2681, 3727.56], [7588.9124, 3701.6974]]}}, {"type": "Feature", "properties": {"layer": "PDF_REGIAO_POLILINHAS"}, "geometry": {"type": "LineString", "coordinates": [[7588.9124, 3701.6974], [7579.1946, 3690.2315]]}}, {"type": "Feature", "properties": {"layer": "PDF_REGIAO_POLILINHAS"}, "geometry": {"type": "LineString", "coordinates": [[7579.1946, 3690.2315], [7548.6017, 3716.0941]]}}, {"type": "Feature", "properties": {"layer": "PDF_REGIAO_POLILINHAS"}, "geometry": {"type": "LineString", "coordinates": [[7538.884, 3704.5767], [7548.6017, 3716.0941]]}}, {"type": "Feature", "properties": {"layer": "PDF_REGIAO_POLILINHAS"}, "geometry": {"type": "LineString", "coordinates": [[7548.6017, 3716.0941], [7579.1946, 3690.2315]]}}, {"type": "Feature", "properties": {"layer": "PDF_REGIAO_POLILINHAS"}, "geometry": {"type": "LineString", "coordinates": [[7579.1946, 3690.2315], [7569.5283, 3678.7141]]}}, {"type": "Feature", "properties": {"layer": "PDF_REGIAO_POLILINHAS"}, "geometry": {"type": "LineString", "coordinates": [[7569.5283, 3678.7141], [7538.884, 3704.5767]]}}, {"type": "Feature", "properties": {"layer": "PDF_REGIAO_POLILINHAS"}, "geometry": {"type": "LineString", "coordinates": [[7529.2176, 3693.1108], [7538.884, 3704.5767]]}}, {"type": "Feature", "properties": {"layer": "PDF_REGIAO_POLILINHAS"}, "geometry": {"type": "LineString", "coordinates": [[7538.884, 3704.5767], [7569.5283, 3678.7141]]}}, {"type": "Feature", "properties": {"layer": "PDF_REGIAO_POLILINHAS"}, "geometry": {"type": "LineString", "coordinates": [[7569.5283, 3678.7141], [7559.8106, 3667.2482]]}}, {"type": "Feature", "properties": {"layer": "PDF_REGIAO_POLILINHAS"}, "geometry": {"type": "LineString", "coordinates": [[7559.8106, 3667.2482], [7529.2176, 3693.1108]]}}, {"type": "Feature", "properties": {"layer": "PDF_REGIAO_POLILINHAS"}, "geometry": {"type": "LineString", "coordinates": [[7519.4999, 3681.5935], [7529.2176, 3693.1108]]}}, {"type": "Feature", "properties": {"layer": "PDF_REGIAO_POLILINHAS"}, "geometry": {"type": "LineString", "coordinates": [[7529.2176, 3693.1108], [7559.8106, 3667.2482]]}}, {"type": "Feature", "properties": {"layer": "PDF_REGIAO_POLILINHAS"}, "geometry": {"type": "LineString", "coordinates": [[7559.8106, 3667.2482], [7550.1442, 3655.7823]]}}, {"type": "Feature", "properties": {"layer": "PDF_REGIAO_POLILINHAS"}, "geometry": {"type": "LineString", "coordinates": [[7550.1442, 3655.7823], [7519.4999, 3681.5935]]}}, {"type": "Feature", "properties": {"layer": "PDF_REGIAO_POLILINHAS"}, "geometry": {"type": "LineString", "coordinates": [[7509.8336, 3670.1276], [7519.4999, 3681.5935]]}}, {"type": "Feature", "properties": {"layer": "PDF_REGIAO_POLILINHAS"}, "geometry": {"type": "LineString", "coordinates": [[7519.4999, 3681.5935], [7550.1442, 3655.7823]]}}, {"type": "Feature", "properties": {"layer": "PDF_REGIAO_POLILINHAS"}, "geometry": {"type": "LineString", "coordinates": [[7550.1442, 3655.7823], [7540.4265, 3644.265]]}}, {"type": "Feature", "properties": {"layer": "PDF_REGIAO_POLILINHAS"}, "geometry": {"type": "LineString", "coordinates": [[7540.4265, 3644.265], [7509.8336, 3670.1276]]}}, {"type": "Feature", "properties": {"layer": "PDF_REGIAO_POLILINHAS"}, "geometry": {"type": "LineString", "coordinates": [[7529.5503, 3633.7738], [7529.7952, 3633.6052], [7530.0683, 3633.4876], [7530.3591, 3633.4256], [7530.6564, 3633.4214], [7530.9488, 3633.4754], [7531.2251, 3633.5854], [7531.4746, 3633.7471], [7531.6878, 3633.9544]]}}, {"type": "Feature", "properties": {"layer": "PDF_REGIAO_POLILINHAS"}, "geometry": {"type": "LineString", "coordinates": [[7529.5776, 3633.776], [7500.1158, 3658.6616]]}}, {"type": "Feature", "properties": {"layer": "PDF_REGIAO_POLILINHAS"}, "geometry": {"type": "LineString", "coordinates": [[7500.1158, 3658.6616], [7509.8336, 3670.1276]]}}, {"type": "Feature", "properties": {"layer": "PDF_REGIAO_POLILINHAS"}, "geometry": {"type": "LineString", "coordinates": [[7509.8336, 3670.1276], [7540.4265, 3644.265]]}}, {"type": "Feature", "properties": {"layer": "PDF_REGIAO_POLILINHAS"}, "geometry": {"type": "LineString", "coordinates": [[7540.4265, 3644.265], [7531.6856, 3633.9302]]}}, {"type": "Feature", "properties": {"layer": "PDF_REGIAO_POLILINHAS"}, "geometry": {"type": "LineString", "coordinates": [[7500.1158, 3658.6616], [7469.4715, 3684.5242]]}}, {"type": "Feature", "properties": {"layer": "PDF_REGIAO_POLILINHAS"}, "geometry": {"type": "LineString", "coordinates": [[7469.4715, 3684.5242], [7479.1892, 3695.9901]]}}, {"type": "Feature", "properties": {"layer": "PDF_REGIAO_POLILINHAS"}, "geometry": {"type": "LineString", "coordinates": [[7479.1892, 3695.9901], [7509.8336, 3670.1276]]}}, {"type": "Feature", "properties": {"layer": "PDF_REGIAO_POLILINHAS"}, "geometry": {"type": "LineString", "coordinates": [[7509.8336, 3670.1276], [7500.1158, 3658.6616]]}}, {"type": "Feature", "properties": {"layer": "PDF_REGIAO_POLILINHAS"}, "geometry": {"type": "LineString", "coordinates": [[7479.1892, 3695.9901], [7488.8556, 3707.4561]]}}, {"type": "Feature", "properties": {"layer": "PDF_REGIAO_POLILINHAS"}, "geometry": {"type": "LineString", "coordinates": [[7488.8556, 3707.4561], [7519.4999, 3681.5935]]}}, {"type": "Feature", "properties": {"layer": "PDF_REGIAO_POLILINHAS"}, "geometry": {"type": "LineString", "coordinates": [[7519.4999, 3681.5935], [7509.8336, 3670.1276]]}}, {"type": "Feature", "properties": {"layer": "PDF_REGIAO_POLILINHAS"}, "geometry": {"type": "LineString", "coordinates": [[7509.8336, 3670.1276], [7479.1892, 3695.9901]]}}, {"type": "Feature", "properties": {"layer": "PDF_REGIAO_POLILINHAS"}, "geometry": {"type": "LineString", "coordinates": [[7488.8556, 3707.4561], [7498.5733, 3718.9734]]}}, {"type": "Feature", "properties": {"layer": "PDF_REGIAO_POLILINHAS"}, "geometry": {"type": "LineString", "coordinates": [[7498.5733, 3718.9734], [7529.2176, 3693.1108]]}}, {"type": "Feature", "properties": {"layer": "PDF_REGIAO_POLILINHAS"}, "geometry": {"type": "LineString", "coordinates": [[7529.2176, 3693.1108], [7519.4999, 3681.5935]]}}, {"type": "Feature", "properties": {"layer": "PDF_REGIAO_POLILINHAS"}, "geometry": {"type": "LineString", "coordinates": [[7519.4999, 3681.5935], [7488.8556, 3707.4561]]}}, {"type": "Feature", "properties": {"layer": "PDF_REGIAO_POLILINHAS"}, "geometry": {"type": "LineString", "coordinates": [[7498.5733, 3718.9734], [7508.2911, 3730.4393]]}}, {"type": "Feature", "properties": {"layer": "PDF_REGIAO_POLILINHAS"}, "geometry": {"type": "LineString", "coordinates": [[7508.2911, 3730.4393], [7538.884, 3704.5767]]}}, {"type": "Feature", "properties": {"layer": "PDF_REGIAO_POLILINHAS"}, "geometry": {"type": "LineString", "coordinates": [[7538.884, 3704.5767], [7529.2176, 3693.1108]]}}, {"type": "Feature", "properties": {"layer": "PDF_REGIAO_POLILINHAS"}, "geometry": {"type": "LineString", "coordinates": [[7529.2176, 3693.1108], [7498.5733, 3718.9734]]}}, {"type": "Feature", "properties": {"layer": "PDF_REGIAO_POLILINHAS"}, "geometry": {"type": "LineString", "coordinates": [[7508.2911, 3730.4393], [7517.9574, 3741.9052]]}}, {"type": "Feature", "properties": {"layer": "PDF_REGIAO_POLILINHAS"}, "geometry": {"type": "LineString", "coordinates": [[7517.9574, 3741.9052], [7548.6017, 3716.0941]]}}, {"type": "Feature", "properties": {"layer": "PDF_REGIAO_POLILINHAS"}, "geometry": {"type": "LineString", "coordinates": [[7548.6017, 3716.0941], [7538.884, 3704.5767]]}}, {"type": "Feature", "properties": {"layer": "PDF_REGIAO_POLILINHAS"}, "geometry": {"type": "LineString", "coordinates": [[7538.884, 3704.5767], [7508.2911, 3730.4393]]}}, {"type": "Feature", "properties": {"layer": "PDF_REGIAO_POLILINHAS"}, "geometry": {"type": "LineString", "coordinates": [[7517.9574, 3741.9052], [7527.6751, 3753.4226]]}}, {"type": "Feature", "properties": {"layer": "PDF_REGIAO_POLILINHAS"}, "geometry": {"type": "LineString", "coordinates": [[7527.6751, 3753.4226], [7558.2681, 3727.56]]}}, {"type": "Feature", "properties": {"layer": "PDF_REGIAO_POLILINHAS"}, "geometry": {"type": "LineString", "coordinates": [[7558.2681, 3727.56], [7548.6017, 3716.0941]]}}, {"type": "Feature", "properties": {"layer": "PDF_REGIAO_POLILINHAS"}, "geometry": {"type": "LineString", "coordinates": [[7548.6017, 3716.0941], [7517.9574, 3741.9052]]}}, {"type": "Feature", "properties": {"layer": "PDF_REGIAO_POLILINHAS"}, "geometry": {"type": "LineString", "coordinates": [[7527.6751, 3753.4226], [7537.3415, 3764.8885]]}}, {"type": "Feature", "properties": {"layer": "PDF_REGIAO_POLILINHAS"}, "geometry": {"type": "LineString", "coordinates": [[7537.3415, 3764.8885], [7567.9858, 3739.0259]]}}, {"type": "Feature", "properties": {"layer": "PDF_REGIAO_POLILINHAS"}, "geometry": {"type": "LineString", "coordinates": [[7567.9858, 3739.0259], [7558.2681, 3727.56]]}}, {"type": "Feature", "properties": {"layer": "PDF_REGIAO_POLILINHAS"}, "geometry": {"type": "LineString", "coordinates": [[7558.2681, 3727.56], [7527.6751, 3753.4226]]}}, {"type": "Feature", "properties": {"layer": "PDF_REGIAO_POLILINHAS"}, "geometry": {"type": "LineString", "coordinates": [[7537.3415, 3764.8885], [7547.0592, 3776.3544]]}}, {"type": "Feature", "properties": {"layer": "PDF_REGIAO_POLILINHAS"}, "geometry": {"type": "LineString", "coordinates": [[7547.0592, 3776.3544], [7577.6521, 3750.5432]]}}, {"type": "Feature", "properties": {"layer": "PDF_REGIAO_POLILINHAS"}, "geometry": {"type": "LineString", "coordinates": [[7577.6521, 3750.5432], [7567.9858, 3739.0259]]}}, {"type": "Feature", "properties": {"layer": "PDF_REGIAO_POLILINHAS"}, "geometry": {"type": "LineString", "coordinates": [[7567.9858, 3739.0259], [7537.3415, 3764.8885]]}}, {"type": "Feature", "properties": {"layer": "PDF_REGIAO_POLILINHAS"}, "geometry": {"type": "LineString", "coordinates": [[7474.3046, 3837.7459], [7484.0224, 3849.2632]]}}, {"type": "Feature", "properties": {"layer": "PDF_REGIAO_POLILINHAS"}, "geometry": {"type": "LineString", "coordinates": [[7484.0224, 3849.2632], [7496.2596, 3838.9285]]}}, {"type": "Feature", "properties": {"layer": "PDF_REGIAO_POLILINHAS"}, "geometry": {"type": "LineString", "coordinates": [[7496.2596, 3838.9285], [7508.4967, 3828.5937]]}}, {"type": "Feature", "properties": {"layer": "PDF_REGIAO_POLILINHAS"}, "geometry": {"type": "LineString", "coordinates": [[7508.4967, 3828.5937], [7514.6153, 3823.4007]]}}, {"type": "Feature", "properties": {"layer": "PDF_REGIAO_POLILINHAS"}, "geometry": {"type": "LineString", "coordinates": [[7514.6153, 3823.4007], [7504.949, 3811.9347]]}}, {"type": "Feature", "properties": {"layer": "PDF_REGIAO_POLILINHAS"}, "geometry": {"type": "LineString", "coordinates": [[7504.949, 3811.9347], [7474.3046, 3837.7459]]}}, {"type": "Feature", "properties": {"layer": "PDF_REGIAO_POLILINHAS"}, "geometry": {"type": "LineString", "coordinates": [[7547.0592, 3776.3544], [7556.7256, 3787.8717]]}}, {"type": "Feature", "properties": {"layer": "PDF_REGIAO_POLILINHAS"}, "geometry": {"type": "LineString", "coordinates": [[7556.7256, 3787.8717], [7568.9627, 3777.537]]}}, {"type": "Feature", "properties": {"layer": "PDF_REGIAO_POLILINHAS"}, "geometry": {"type": "LineString", "coordinates": [[7568.9627, 3777.537], [7581.2513, 3767.2022]]}}, {"type": "Feature", "properties": {"layer": "PDF_REGIAO_POLILINHAS"}, "geometry": {"type": "LineString", "coordinates": [[7581.2513, 3767.2022], [7587.3699, 3762.0091]]}}, {"type": "Feature", "properties": {"layer": "PDF_REGIAO_POLILINHAS"}, "geometry": {"type": "LineString", "coordinates": [[7587.3699, 3762.0091], [7577.6521, 3750.5432]]}}, {"type": "Feature", "properties": {"layer": "PDF_REGIAO_POLILINHAS"}, "geometry": {"type": "LineString", "coordinates": [[7577.6521, 3750.5432], [7547.0592, 3776.3544]]}}, {"type": "Feature", "properties": {"layer": "PDF_REGIAO_POLILINHAS"}, "geometry": {"type": "LineString", "coordinates": [[7617.9628, 3736.1466], [7608.2965, 3724.6806]]}}, {"type": "Feature", "properties": {"layer": "PDF_REGIAO_POLILINHAS"}, "geometry": {"type": "LineString", "coordinates": [[7608.2965, 3724.6806], [7577.6521, 3750.5432]]}}, {"type": "Feature", "properties": {"layer": "PDF_REGIAO_POLILINHAS"}, "geometry": {"type": "LineString", "coordinates": [[7577.6521, 3750.5432], [7587.3699, 3762.0091]]}}, {"type": "Feature", "properties": {"layer": "PDF_REGIAO_POLILINHAS"}, "geometry": {"type": "LineString", "coordinates": [[7587.3699, 3762.0091], [7593.4885, 3756.8161]]}}, {"type": "Feature", "properties": {"layer": "PDF_REGIAO_POLILINHAS"}, "geometry": {"type": "LineString", "coordinates": [[7593.4885, 3756.8161], [7605.7256, 3746.4813]]}}, {"type": "Feature", "properties": {"layer": "PDF_REGIAO_POLILINHAS"}, "geometry": {"type": "LineString", "coordinates": [[7605.7256, 3746.4813], [7617.9628, 3736.1466]]}}, {"type": "Feature", "properties": {"layer": "PDF_REGIAO_POLILINHAS"}, "geometry": {"type": "LineString", "coordinates": [[7393.4776, 3661.3353], [7378.7211, 3664.2661]]}}, {"type": "Feature", "properties": {"layer": "PDF_REGIAO_POLILINHAS"}, "geometry": {"type": "LineString", "coordinates": [[7378.7211, 3664.2661], [7386.5364, 3703.5998]]}}, {"type": "Feature", "properties": {"layer": "PDF_REGIAO_POLILINHAS"}, "geometry": {"type": "LineString", "coordinates": [[7386.5364, 3703.5998], [7401.293, 3700.6691]]}}, {"type": "Feature", "properties": {"layer": "PDF_REGIAO_POLILINHAS"}, "geometry": {"type": "LineString", "coordinates": [[7401.293, 3700.6691], [7393.4776, 3661.3353]]}}, {"type": "Feature", "properties": {"layer": "PDF_REGIAO_POLILINHAS"}, "geometry": {"type": "LineString", "coordinates": [[7250.1149, 3954.5064], [7249.87, 3954.675], [7249.5969, 3954.7925], [7249.3061, 3954.8546], [7249.0088, 3954.8587], [7248.7164, 3954.8048], [7248.4402, 3954.6948], [7248.1907, 3954.5331], [7247.9776, 3954.3258]]}}, {"type": "Feature", "properties": {"layer": "PDF_REGIAO_POLILINHAS"}, "geometry": {"type": "LineString", "coordinates": [[7250.1392, 3954.4528], [7268.135, 3939.2848]]}}, {"type": "Feature", "properties": {"layer": "PDF_REGIAO_POLILINHAS"}, "geometry": {"type": "LineString", "coordinates": [[7268.135, 3939.2848], [7261.6565, 3931.6238]]}}, {"type": "Feature", "properties": {"layer": "PDF_REGIAO_POLILINHAS"}, "geometry": {"type": "LineString", "coordinates": [[7261.6565, 3931.6238], [7242.5295, 3947.7686]]}}, {"type": "Feature", "properties": {"layer": "PDF_REGIAO_POLILINHAS"}, "geometry": {"type": "LineString", "coordinates": [[7242.5295, 3947.7686], [7248.0311, 3954.2985]]}}, {"type": "Feature", "properties": {"layer": "PDF_REGIAO_POLILINHAS"}, "geometry": {"type": "LineString", "coordinates": [[7236.051, 3940.1075], [7242.5295, 3947.7686]]}}, {"type": "Feature", "properties": {"layer": "PDF_REGIAO_POLILINHAS"}, "geometry": {"type": "LineString", "coordinates": [[7242.5295, 3947.7686], [7261.6565, 3931.6238]]}}, {"type": "Feature", "properties": {"layer": "PDF_REGIAO_POLILINHAS"}, "geometry": {"type": "LineString", "coordinates": [[7261.6565, 3931.6238], [7255.178, 3923.9627]]}}, {"type": "Feature", "properties": {"layer": "PDF_REGIAO_POLILINHAS"}, "geometry": {"type": "LineString", "coordinates": [[7255.178, 3923.9627], [7236.051, 3940.1075]]}}, {"type": "Feature", "properties": {"layer": "PDF_REGIAO_POLILINHAS"}, "geometry": {"type": "LineString", "coordinates": [[7229.6239, 3932.4464], [7236.051, 3940.1075]]}}, {"type": "Feature", "properties": {"layer": "PDF_REGIAO_POLILINHAS"}, "geometry": {"type": "LineString", "coordinates": [[7236.051, 3940.1075], [7255.178, 3923.9627]]}}, {"type": "Feature", "properties": {"layer": "PDF_REGIAO_POLILINHAS"}, "geometry": {"type": "LineString", "coordinates": [[7255.178, 3923.9627], [7248.7509, 3916.3016]]}}, {"type": "Feature", "properties": {"layer": "PDF_REGIAO_POLILINHAS"}, "geometry": {"type": "LineString", "coordinates": [[7248.7509, 3916.3016], [7229.6239, 3932.4464]]}}, {"type": "Feature", "properties": {"layer": "PDF_REGIAO_POLILINHAS"}, "geometry": {"type": "LineString", "coordinates": [[7223.1454, 3924.7853], [7229.6239, 3932.4464]]}}, {"type": "Feature", "properties": {"layer": "PDF_REGIAO_POLILINHAS"}, "geometry": {"type": "LineString", "coordinates": [[7229.6239, 3932.4464], [7248.7509, 3916.3016]]}}, {"type": "Feature", "properties": {"layer": "PDF_REGIAO_POLILINHAS"}, "geometry": {"type": "LineString", "coordinates": [[7248.7509, 3916.3016], [7242.2724, 3908.6405]]}}, {"type": "Feature", "properties": {"layer": "PDF_REGIAO_POLILINHAS"}, "geometry": {"type": "LineString", "coordinates": [[7242.2724, 3908.6405], [7223.1454, 3924.7853]]}}, {"type": "Feature", "properties": {"layer": "PDF_REGIAO_POLILINHAS"}, "geometry": {"type": "LineString", "coordinates": [[7216.6669, 3917.1243], [7223.1454, 3924.7853]]}}, {"type": "Feature", "properties": {"layer": "PDF_REGIAO_POLILINHAS"}, "geometry": {"type": "LineString", "coordinates": [[7223.1454, 3924.7853], [7242.2724, 3908.6405]]}}, {"type": "Feature", "properties": {"layer": "PDF_REGIAO_POLILINHAS"}, "geometry": {"type": "LineString", "coordinates": [[7242.2724, 3908.6405], [7235.7939, 3900.9794]]}}, {"type": "Feature", "properties": {"layer": "PDF_REGIAO_POLILINHAS"}, "geometry": {"type": "LineString", "coordinates": [[7235.7939, 3900.9794], [7216.6669, 3917.1243]]}}, {"type": "Feature", "properties": {"layer": "PDF_REGIAO_POLILINHAS"}, "geometry": {"type": "LineString", "coordinates": [[7211.1632, 3910.673], [7210.9946, 3910.4281], [7210.877, 3910.155], [7210.8149, 3909.8642], [7210.8108, 3909.5669], [7210.8648, 3909.2745], [7210.9747, 3908.9982], [7211.1365, 3908.7487], [7211.3438, 3908.5356]]}}, {"type": "Feature", "properties": {"layer": "PDF_REGIAO_POLILINHAS"}, "geometry": {"type": "LineString", "coordinates": [[7211.1653, 3910.6458], [7216.6669, 3917.1243]]}}, {"type": "Feature", "properties": {"layer": "PDF_REGIAO_POLILINHAS"}, "geometry": {"type": "LineString", "coordinates": [[7216.6669, 3917.1243], [7235.7939, 3900.9794]]}}, {"type": "Feature", "properties": {"layer": "PDF_REGIAO_POLILINHAS"}, "geometry": {"type": "LineString", "coordinates": [[7235.7939, 3900.9794], [7229.3668, 3893.3183]]}}, {"type": "Feature", "properties": {"layer": "PDF_REGIAO_POLILINHAS"}, "geometry": {"type": "LineString", "coordinates": [[7229.3668, 3893.3183], [7211.371, 3908.5377]]}}, {"type": "Feature", "properties": {"layer": "PDF_REGIAO_POLILINHAS"}, "geometry": {"type": "LineString", "coordinates": [[7247.284, 3878.1483], [7247.5289, 3877.9797], [7247.802, 3877.8621], [7248.0928, 3877.8], [7248.3901, 3877.7959], [7248.6825, 3877.8498], [7248.9588, 3877.9598], [7249.2083, 3878.1215], [7249.4214, 3878.3288]]}}, {"type": "Feature", "properties": {"layer": "PDF_REGIAO_POLILINHAS"}, "geometry": {"type": "LineString", "coordinates": [[7247.3627, 3878.1504], [7229.3668, 3893.3183]]}}, {"type": "Feature", "properties": {"layer": "PDF_REGIAO_POLILINHAS"}, "geometry": {"type": "LineString", "coordinates": [[7229.3668, 3893.3183], [7235.7939, 3900.9794]]}}, {"type": "Feature", "properties": {"layer": "PDF_REGIAO_POLILINHAS"}, "geometry": {"type": "LineString", "coordinates": [[7235.7939, 3900.9794], [7254.9723, 3884.8346]]}}, {"type": "Feature", "properties": {"layer": "PDF_REGIAO_POLILINHAS"}, "geometry": {"type": "LineString", "coordinates": [[7254.9723, 3884.8346], [7249.4707, 3878.3047]]}}, {"type": "Feature", "properties": {"layer": "PDF_REGIAO_POLILINHAS"}, "geometry": {"type": "LineString", "coordinates": [[7235.7939, 3900.9794], [7242.2724, 3908.6405]]}}, {"type": "Feature", "properties": {"layer": "PDF_REGIAO_POLILINHAS"}, "geometry": {"type": "LineString", "coordinates": [[7242.2724, 3908.6405], [7261.3994, 3892.4957]]}}, {"type": "Feature", "properties": {"layer": "PDF_REGIAO_POLILINHAS"}, "geometry": {"type": "LineString", "coordinates": [[7261.3994, 3892.4957], [7254.9723, 3884.8346]]}}, {"type": "Feature", "properties": {"layer": "PDF_REGIAO_POLILINHAS"}, "geometry": {"type": "LineString", "coordinates": [[7254.9723, 3884.8346], [7235.7939, 3900.9794]]}}, {"type": "Feature", "properties": {"layer": "PDF_REGIAO_POLILINHAS"}, "geometry": {"type": "LineString", "coordinates": [[7242.2724, 3908.6405], [7248.7509, 3916.3016]]}}, {"type": "Feature", "properties": {"layer": "PDF_REGIAO_POLILINHAS"}, "geometry": {"type": "LineString", "coordinates": [[7248.7509, 3916.3016], [7267.8779, 3900.1568]]}}, {"type": "Feature", "properties": {"layer": "PDF_REGIAO_POLILINHAS"}, "geometry": {"type": "LineString", "coordinates": [[7267.8779, 3900.1568], [7261.3994, 3892.4957]]}}, {"type": "Feature", "properties": {"layer": "PDF_REGIAO_POLILINHAS"}, "geometry": {"type": "LineString", "coordinates": [[7261.3994, 3892.4957], [7242.2724, 3908.6405]]}}, {"type": "Feature", "properties": {"layer": "PDF_REGIAO_POLILINHAS"}, "geometry": {"type": "LineString", "coordinates": [[7248.7509, 3916.3016], [7255.178, 3923.9627]]}}, {"type": "Feature", "properties": {"layer": "PDF_REGIAO_POLILINHAS"}, "geometry": {"type": "LineString", "coordinates": [[7255.178, 3923.9627], [7274.3564, 3907.8178]]}}, {"type": "Feature", "properties": {"layer": "PDF_REGIAO_POLILINHAS"}, "geometry": {"type": "LineString", "coordinates": [[7274.3564, 3907.8178], [7267.8779, 3900.1568]]}}, {"type": "Feature", "properties": {"layer": "PDF_REGIAO_POLILINHAS"}, "geometry": {"type": "LineString", "coordinates": [[7267.8779, 3900.1568], [7248.7509, 3916.3016]]}}, {"type": "Feature", "properties": {"layer": "PDF_REGIAO_POLILINHAS"}, "geometry": {"type": "LineString", "coordinates": [[7255.178, 3923.9627], [7261.6565, 3931.6238]]}}, {"type": "Feature", "properties": {"layer": "PDF_REGIAO_POLILINHAS"}, "geometry": {"type": "LineString", "coordinates": [[7261.6565, 3931.6238], [7280.7835, 3915.4789]]}}, {"type": "Feature", "properties": {"layer": "PDF_REGIAO_POLILINHAS"}, "geometry": {"type": "LineString", "coordinates": [[7280.7835, 3915.4789], [7274.3564, 3907.8178]]}}, {"type": "Feature", "properties": {"layer": "PDF_REGIAO_POLILINHAS"}, "geometry": {"type": "LineString", "coordinates": [[7274.3564, 3907.8178], [7255.178, 3923.9627]]}}, {"type": "Feature", "properties": {"layer": "PDF_REGIAO_POLILINHAS"}, "geometry": {"type": "LineString", "coordinates": [[7286.2872, 3921.9816], [7286.4558, 3922.2265], [7286.5734, 3922.4996], [7286.6355, 3922.7904], [7286.6396, 3923.0877], [7286.5856, 3923.3801], [7286.4757, 3923.6564], [7286.3139, 3923.9059], [7286.1066, 3924.119]]}}, {"type": "Feature", "properties": {"layer": "PDF_REGIAO_POLILINHAS"}, "geometry": {"type": "LineString", "coordinates": [[7286.2851, 3921.9574], [7280.7835, 3915.4789]]}}, {"type": "Feature", "properties": {"layer": "PDF_REGIAO_POLILINHAS"}, "geometry": {"type": "LineString", "coordinates": [[7280.7835, 3915.4789], [7261.6565, 3931.6238]]}}, {"type": "Feature", "properties": {"layer": "PDF_REGIAO_POLILINHAS"}, "geometry": {"type": "LineString", "coordinates": [[7261.6565, 3931.6238], [7268.135, 3939.2848]]}}, {"type": "Feature", "properties": {"layer": "PDF_REGIAO_POLILINHAS"}, "geometry": {"type": "LineString", "coordinates": [[7268.135, 3939.2848], [7286.1308, 3924.0655]]}}, {"type": "Feature", "properties": {"layer": "PDF_REGIAO_POLILINHAS"}, "geometry": {"type": "LineString", "coordinates": [[7051.7282, 3766.5663], [7051.9135, 3766.7456], [7052.0867, 3766.9365], [7052.2472, 3767.1382], [7052.3944, 3767.3499], [7052.5275, 3767.5706], [7052.6462, 3767.7995], [7052.7497, 3768.0355], [7052.8378, 3768.2778]]}}, {"type": "Feature", "properties": {"layer": "PDF_REGIAO_POLILINHAS"}, "geometry": {"type": "LineString", "coordinates": [[7038.6389, 3754.6324], [7051.8016, 3766.5097]]}}, {"type": "Feature", "properties": {"layer": "PDF_REGIAO_POLILINHAS"}, "geometry": {"type": "LineString", "coordinates": [[7058.7546, 3781.3871], [7058.4619, 3781.4577], [7058.161, 3781.469], [7057.8639, 3781.4208], [7057.5821, 3781.3148], [7057.3268, 3781.1552], [7057.108, 3780.9484], [7056.9344, 3780.7024], [7056.8128, 3780.427]]}}, {"type": "Feature", "properties": {"layer": "PDF_REGIAO_POLILINHAS"}, "geometry": {"type": "LineString", "coordinates": [[7052.8813, 3768.2578], [7056.8918, 3780.3922]]}}, {"type": "Feature", "properties": {"layer": "PDF_REGIAO_POLILINHAS"}, "geometry": {"type": "LineString", "coordinates": [[7088.0896, 3770.6111], [7088.0209, 3770.7553], [7087.9374, 3770.8915], [7087.84, 3771.0181], [7087.7299, 3771.1338], [7087.6083, 3771.2373], [7087.4764, 3771.3274], [7087.3358, 3771.4031], [7087.188, 3771.4637]]}}, {"type": "Feature", "properties": {"layer": "PDF_REGIAO_POLILINHAS"}, "geometry": {"type": "LineString", "coordinates": [[7058.7942, 3781.3177], [7087.1762, 3771.3943]]}}, {"type": "Feature", "properties": {"layer": "PDF_REGIAO_POLILINHAS"}, "geometry": {"type": "LineString", "coordinates": [[7096.0229, 3751.3113], [7095.5942, 3750.5845], [7095.1801, 3749.8492], [7094.7805, 3749.1059], [7094.3958, 3748.3549], [7094.026, 3747.5964], [7093.6713, 3746.8306], [7093.3319, 3746.0581], [7093.0078, 3745.2789]]}}, {"type": "Feature", "properties": {"layer": "PDF_REGIAO_POLILINHAS"}, "geometry": {"type": "LineString", "coordinates": [[7088.1017, 3770.5716], [7096.0713, 3751.2389]]}}, {"type": "Feature", "properties": {"layer": "PDF_REGIAO_POLILINHAS"}, "geometry": {"type": "LineString", "coordinates": [[7093.0377, 3745.2232], [7039.4616, 3752.0102]]}}, {"type": "Feature", "properties": {"layer": "PDF_REGIAO_POLILINHAS"}, "geometry": {"type": "LineString", "coordinates": [[7038.6223, 3754.6504], [7038.4124, 3754.415], [7038.2555, 3754.1415], [7038.1581, 3753.8415], [7038.1246, 3753.5279], [7038.1562, 3753.2142], [7038.2518, 3752.9136], [7038.4071, 3752.6392], [7038.6155, 3752.4025], [7038.8682, 3752.2138], [7039.1543, 3752.0812], [7039.4616, 3752.0102]]}}, {"type": "Feature", "properties": {"layer": "PDF_REGIAO_POLILINHAS"}, "geometry": {"type": "LineString", "coordinates": [[7165.8143, 3784.9227], [7165.9782, 3785.1637], [7166.093, 3785.4317], [7166.1544, 3785.7167], [7166.1601, 3786.0081], [7166.11, 3786.2953], [7166.0059, 3786.5676], [7165.8516, 3786.8149], [7165.6528, 3787.0282]]}}, {"type": "Feature", "properties": {"layer": "PDF_REGIAO_POLILINHAS"}, "geometry": {"type": "LineString", "coordinates": [[7079.3732, 3863.3514], [7165.6504, 3786.9977]]}}, {"type": "Feature", "properties": {"layer": "PDF_REGIAO_POLILINHAS"}, "geometry": {"type": "LineString", "coordinates": [[7146.3839, 3761.5775], [7143.5148, 3762.7971], [7140.5642, 3763.8035], [7137.5479, 3764.5915], [7134.4821, 3765.1568], [7131.3831, 3765.4963], [7128.2676, 3765.6083], [7125.1523, 3765.4921], [7122.0538, 3765.1484]]}}, {"type": "Feature", "properties": {"layer": "PDF_REGIAO_POLILINHAS"}, "geometry": {"type": "LineString", "coordinates": [[7165.8046, 3784.8896], [7146.3691, 3761.5464]]}}, {"type": "Feature", "properties": {"layer": "PDF_REGIAO_POLILINHAS"}, "geometry": {"type": "LineString", "coordinates": [[7079.3241, 3863.382], [7079.065, 3863.5667], [7078.7731, 3863.6932], [7078.4612, 3863.7561], [7078.1431, 3863.7525], [7077.8327, 3863.6826], [7077.5437, 3863.5495], [7077.2888, 3863.359], [7077.0793, 3863.1196], [7076.9243, 3862.8417], [7076.8308, 3862.5377], [7076.8027, 3862.2207], [7076.8413, 3861.9049], [7076.945, 3861.6041]]}}, {"type": "Feature", "properties": {"layer": "PDF_REGIAO_POLILINHAS"}, "geometry": {"type": "LineString", "coordinates": [[7122.049, 3765.0941], [7077.008, 3861.6032]]}}, {"type": "Feature", "properties": {"layer": "PDF_REGIAO_POLILINHAS"}, "geometry": {"type": "LineString", "coordinates": [[7422.5795, 4071.5889], [7429.0066, 4079.25]]}}, {"type": "Feature", "properties": {"layer": "PDF_REGIAO_POLILINHAS"}, "geometry": {"type": "LineString", "coordinates": [[7429.0066, 4079.25], [7436.6676, 4072.7715]]}}, {"type": "Feature", "properties": {"layer": "PDF_REGIAO_POLILINHAS"}, "geometry": {"type": "LineString", "coordinates": [[7436.6676, 4072.7715], [7444.3287, 4066.293]]}}, {"type": "Feature", "properties": {"layer": "PDF_REGIAO_POLILINHAS"}, "geometry": {"type": "LineString", "coordinates": [[7444.3287, 4066.293], [7448.185, 4063.0537]]}}, {"type": "Feature", "properties": {"layer": "PDF_REGIAO_POLILINHAS"}, "geometry": {"type": "LineString", "coordinates": [[7448.185, 4063.0537], [7441.7065, 4055.4441]]}}, {"type": "Feature", "properties": {"layer": "PDF_REGIAO_POLILINHAS"}, "geometry": {"type": "LineString", "coordinates": [[7441.7065, 4055.4441], [7422.5795, 4071.5889]]}}, {"type": "Feature", "properties": {"layer": "PDF_REGIAO_POLILINHAS"}, "geometry": {"type": "LineString", "coordinates": [[7470.0371, 4031.5353], [7476.4641, 4039.145]]}}, {"type": "Feature", "properties": {"layer": "PDF_REGIAO_POLILINHAS"}, "geometry": {"type": "LineString", "coordinates": [[7476.4641, 4039.145], [7484.1252, 4032.7179]]}}, {"type": "Feature", "properties": {"layer": "PDF_REGIAO_POLILINHAS"}, "geometry": {"type": "LineString", "coordinates": [[7484.1252, 4032.7179], [7491.7863, 4026.2394]]}}, {"type": "Feature", "properties": {"layer": "PDF_REGIAO_POLILINHAS"}, "geometry": {"type": "LineString", "coordinates": [[7491.7863, 4026.2394], [7495.6426, 4023.0002]]}}, {"type": "Feature", "properties": {"layer": "PDF_REGIAO_POLILINHAS"}, "geometry": {"type": "LineString", "coordinates": [[7495.6426, 4023.0002], [7489.1641, 4015.3391]]}}, {"type": "Feature", "properties": {"layer": "PDF_REGIAO_POLILINHAS"}, "geometry": {"type": "LineString", "coordinates": [[7489.1641, 4015.3391], [7470.0371, 4031.5353]]}}, {"type": "Feature", "properties": {"layer": "PDF_REGIAO_POLILINHAS"}, "geometry": {"type": "LineString", "coordinates": [[7255.3816, 3866.7632], [7255.2129, 3866.5183], [7255.0953, 3866.2452], [7255.0333, 3865.9544], [7255.0292, 3865.6571], [7255.0831, 3865.3647], [7255.1931, 3865.0884], [7255.3548, 3864.8389], [7255.5621, 3864.6257]]}}, {"type": "Feature", "properties": {"layer": "PDF_REGIAO_POLILINHAS"}, "geometry": {"type": "LineString", "coordinates": [[7255.4351, 3866.7359], [7260.8852, 3873.2658]]}}, {"type": "Feature", "properties": {"layer": "PDF_REGIAO_POLILINHAS"}, "geometry": {"type": "LineString", "coordinates": [[7260.8852, 3873.2658], [7280.0637, 3857.0696]]}}, {"type": "Feature", "properties": {"layer": "PDF_REGIAO_POLILINHAS"}, "geometry": {"type": "LineString", "coordinates": [[7280.0637, 3857.0696], [7273.5852, 3849.4599]]}}, {"type": "Feature", "properties": {"layer": "PDF_REGIAO_POLILINHAS"}, "geometry": {"type": "LineString", "coordinates": [[7273.5852, 3849.4599], [7255.5893, 3864.6278]]}}, {"type": "Feature", "properties": {"layer": "PDF_REGIAO_POLILINHAS"}, "geometry": {"type": "LineString", "coordinates": [[7260.8852, 3873.2658], [7267.3637, 3880.9269]]}}, {"type": "Feature", "properties": {"layer": "PDF_REGIAO_POLILINHAS"}, "geometry": {"type": "LineString", "coordinates": [[7267.3637, 3880.9269], [7286.4907, 3864.7307]]}}, {"type": "Feature", "properties": {"layer": "PDF_REGIAO_POLILINHAS"}, "geometry": {"type": "LineString", "coordinates": [[7286.4907, 3864.7307], [7280.0637, 3857.0696]]}}, {"type": "Feature", "properties": {"layer": "PDF_REGIAO_POLILINHAS"}, "geometry": {"type": "LineString", "coordinates": [[7280.0637, 3857.0696], [7260.8852, 3873.2658]]}}, {"type": "Feature", "properties": {"layer": "PDF_REGIAO_POLILINHAS"}, "geometry": {"type": "LineString", "coordinates": [[7267.3637, 3880.9269], [7273.8422, 3888.588]]}}, {"type": "Feature", "properties": {"layer": "PDF_REGIAO_POLILINHAS"}, "geometry": {"type": "LineString", "coordinates": [[7273.8422, 3888.588], [7292.9692, 3872.3918]]}}, {"type": "Feature", "properties": {"layer": "PDF_REGIAO_POLILINHAS"}, "geometry": {"type": "LineString", "coordinates": [[7292.9692, 3872.3918], [7286.4907, 3864.7307]]}}, {"type": "Feature", "properties": {"layer": "PDF_REGIAO_POLILINHAS"}, "geometry": {"type": "LineString", "coordinates": [[7286.4907, 3864.7307], [7267.3637, 3880.9269]]}}, {"type": "Feature", "properties": {"layer": "PDF_REGIAO_POLILINHAS"}, "geometry": {"type": "LineString", "coordinates": [[7297.5724, 3914.4528], [7297.3275, 3914.6214], [7297.0545, 3914.739], [7296.7637, 3914.801], [7296.4664, 3914.8051], [7296.174, 3914.7512], [7295.8978, 3914.6412], [7295.6483, 3914.4795], [7295.4351, 3914.2722]]}}, {"type": "Feature", "properties": {"layer": "PDF_REGIAO_POLILINHAS"}, "geometry": {"type": "LineString", "coordinates": [[7297.5967, 3914.3992], [7304.1267, 3908.8976]]}}, {"type": "Feature", "properties": {"layer": "PDF_REGIAO_POLILINHAS"}, "geometry": {"type": "LineString", "coordinates": [[7304.1267, 3908.8976], [7287.9304, 3889.7706]]}}, {"type": "Feature", "properties": {"layer": "PDF_REGIAO_POLILINHAS"}, "geometry": {"type": "LineString", "coordinates": [[7287.9304, 3889.7706], [7280.3207, 3896.1977]]}}, {"type": "Feature", "properties": {"layer": "PDF_REGIAO_POLILINHAS"}, "geometry": {"type": "LineString", "coordinates": [[7280.3207, 3896.1977], [7295.4887, 3914.1935]]}}, {"type": "Feature", "properties": {"layer": "PDF_REGIAO_POLILINHAS"}, "geometry": {"type": "LineString", "coordinates": [[7287.9304, 3889.7706], [7304.1267, 3908.8976]]}}, {"type": "Feature", "properties": {"layer": "PDF_REGIAO_POLILINHAS"}, "geometry": {"type": "LineString", "coordinates": [[7304.1267, 3908.8976], [7311.7877, 3902.4191]]}}, {"type": "Feature", "properties": {"layer": "PDF_REGIAO_POLILINHAS"}, "geometry": {"type": "LineString", "coordinates": [[7311.7877, 3902.4191], [7295.5915, 3883.2921]]}}, {"type": "Feature", "properties": {"layer": "PDF_REGIAO_POLILINHAS"}, "geometry": {"type": "LineString", "coordinates": [[7295.5915, 3883.2921], [7287.9304, 3889.7706]]}}, {"type": "Feature", "properties": {"layer": "PDF_REGIAO_POLILINHAS"}, "geometry": {"type": "LineString", "coordinates": [[7295.5915, 3883.2921], [7311.7877, 3902.4191]]}}, {"type": "Feature", "properties": {"layer": "PDF_REGIAO_POLILINHAS"}, "geometry": {"type": "LineString", "coordinates": [[7311.7877, 3902.4191], [7319.3974, 3895.992]]}}, {"type": "Feature", "properties": {"layer": "PDF_REGIAO_POLILINHAS"}, "geometry": {"type": "LineString", "coordinates": [[7319.3974, 3895.992], [7303.2526, 3876.8136]]}}, {"type": "Feature", "properties": {"layer": "PDF_REGIAO_POLILINHAS"}, "geometry": {"type": "LineString", "coordinates": [[7303.2526, 3876.8136], [7299.4477, 3880.0528]]}}, {"type": "Feature", "properties": {"layer": "PDF_REGIAO_POLILINHAS"}, "geometry": {"type": "LineString", "coordinates": [[7299.4477, 3880.0528], [7295.5915, 3883.2921]]}}, {"type": "Feature", "properties": {"layer": "PDF_REGIAO_POLILINHAS"}, "geometry": {"type": "LineString", "coordinates": [[7333.7427, 3881.9038], [7312.0962, 3856.2469]]}}, {"type": "Feature", "properties": {"layer": "PDF_REGIAO_POLILINHAS"}, "geometry": {"type": "LineString", "coordinates": [[7312.0962, 3856.2469], [7292.9692, 3872.3918]]}}, {"type": "Feature", "properties": {"layer": "PDF_REGIAO_POLILINHAS"}, "geometry": {"type": "LineString", "coordinates": [[7292.9692, 3872.3918], [7299.4477, 3880.0528]]}}, {"type": "Feature", "properties": {"layer": "PDF_REGIAO_POLILINHAS"}, "geometry": {"type": "LineString", "coordinates": [[7299.4477, 3880.0528], [7303.2526, 3876.8136]]}}, {"type": "Feature", "properties": {"layer": "PDF_REGIAO_POLILINHAS"}, "geometry": {"type": "LineString", "coordinates": [[7303.2526, 3876.8136], [7319.3974, 3895.992]]}}, {"type": "Feature", "properties": {"layer": "PDF_REGIAO_POLILINHAS"}, "geometry": {"type": "LineString", "coordinates": [[7319.3974, 3895.992], [7333.5884, 3884.0119]]}}, {"type": "Feature", "properties": {"layer": "PDF_REGIAO_POLILINHAS"}, "geometry": {"type": "LineString", "coordinates": [[7333.7448, 3881.928], [7333.9134, 3882.1729], [7334.031, 3882.446], [7334.093, 3882.7368], [7334.0972, 3883.0341], [7334.0432, 3883.3265], [7333.9333, 3883.6028], [7333.7715, 3883.8523], [7333.5642, 3884.0655]]}}, {"type": "Feature", "properties": {"layer": "PDF_REGIAO_POLILINHAS"}, "geometry": {"type": "LineString", "coordinates": [[7286.4907, 3864.7307], [7292.9692, 3872.3918]]}}, {"type": "Feature", "properties": {"layer": "PDF_REGIAO_POLILINHAS"}, "geometry": {"type": "LineString", "coordinates": [[7292.9692, 3872.3918], [7312.0962, 3856.2469]]}}, {"type": "Feature", "properties": {"layer": "PDF_REGIAO_POLILINHAS"}, "geometry": {"type": "LineString", "coordinates": [[7312.0962, 3856.2469], [7305.6692, 3848.5858]]}}, {"type": "Feature", "properties": {"layer": "PDF_REGIAO_POLILINHAS"}, "geometry": {"type": "LineString", "coordinates": [[7305.6692, 3848.5858], [7286.4907, 3864.7307]]}}, {"type": "Feature", "properties": {"layer": "PDF_REGIAO_POLILINHAS"}, "geometry": {"type": "LineString", "coordinates": [[7280.0637, 3857.0696], [7286.4907, 3864.7307]]}}, {"type": "Feature", "properties": {"layer": "PDF_REGIAO_POLILINHAS"}, "geometry": {"type": "LineString", "coordinates": [[7286.4907, 3864.7307], [7305.6692, 3848.5858]]}}, {"type": "Feature", "properties": {"layer": "PDF_REGIAO_POLILINHAS"}, "geometry": {"type": "LineString", "coordinates": [[7305.6692, 3848.5858], [7299.1907, 3840.9248]]}}, {"type": "Feature", "properties": {"layer": "PDF_REGIAO_POLILINHAS"}, "geometry": {"type": "LineString", "coordinates": [[7299.1907, 3840.9248], [7280.0637, 3857.0696]]}}, {"type": "Feature", "properties": {"layer": "PDF_REGIAO_POLILINHAS"}, "geometry": {"type": "LineString", "coordinates": [[7291.5538, 3834.2899], [7291.7987, 3834.1213], [7292.0718, 3834.0037], [7292.3626, 3833.9416], [7292.6599, 3833.9375], [7292.9523, 3833.9914], [7293.2285, 3834.1014], [7293.478, 3834.2631], [7293.6912, 3834.4704]]}}, {"type": "Feature", "properties": {"layer": "PDF_REGIAO_POLILINHAS"}, "geometry": {"type": "LineString", "coordinates": [[7291.581, 3834.2406], [7273.5852, 3849.4599]]}}, {"type": "Feature", "properties": {"layer": "PDF_REGIAO_POLILINHAS"}, "geometry": {"type": "LineString", "coordinates": [[7273.5852, 3849.4599], [7280.0637, 3857.0696]]}}, {"type": "Feature", "properties": {"layer": "PDF_REGIAO_POLILINHAS"}, "geometry": {"type": "LineString", "coordinates": [[7280.0637, 3857.0696], [7299.1907, 3840.9248]]}}, {"type": "Feature", "properties": {"layer": "PDF_REGIAO_POLILINHAS"}, "geometry": {"type": "LineString", "coordinates": [[7299.1907, 3840.9248], [7293.6891, 3834.4463]]}}, {"type": "Feature", "properties": {"layer": "PDF_REGIAO_POLILINHAS"}, "geometry": {"type": "LineString", "coordinates": [[7341.3682, 3871.3746], [7341.1233, 3871.5432], [7340.8503, 3871.6608], [7340.5595, 3871.7228], [7340.2622, 3871.7269], [7339.9698, 3871.673], [7339.6936, 3871.563], [7339.4441, 3871.4013], [7339.2309, 3871.194]]}}, {"type": "Feature", "properties": {"layer": "PDF_REGIAO_POLILINHAS"}, "geometry": {"type": "LineString", "coordinates": [[7350.7011, 3861.4731], [7350.8697, 3861.718], [7350.9873, 3861.9911], [7351.0494, 3862.2819], [7351.0535, 3862.5793], [7350.9996, 3862.8717], [7350.8896, 3863.1479], [7350.7279, 3863.3974], [7350.5206, 3863.6106]]}}, {"type": "Feature", "properties": {"layer": "PDF_REGIAO_POLILINHAS"}, "geometry": {"type": "LineString", "coordinates": [[7341.3925, 3871.321], [7350.5447, 3863.5571]]}}, {"type": "Feature", "properties": {"layer": "PDF_REGIAO_POLILINHAS"}, "geometry": {"type": "LineString", "coordinates": [[7350.7504, 3861.449], [7332.2918, 3839.6483]]}}, {"type": "Feature", "properties": {"layer": "PDF_REGIAO_POLILINHAS"}, "geometry": {"type": "LineString", "coordinates": [[7332.2918, 3839.6483], [7320.8259, 3849.3147]]}}, {"type": "Feature", "properties": {"layer": "PDF_REGIAO_POLILINHAS"}, "geometry": {"type": "LineString", "coordinates": [[7320.8259, 3849.3147], [7339.233, 3871.1667]]}}, {"type": "Feature", "properties": {"layer": "PDF_REGIAO_POLILINHAS"}, "geometry": {"type": "LineString", "coordinates": [[7302.4187, 3827.514], [7320.8259, 3849.3147]]}}, {"type": "Feature", "properties": {"layer": "PDF_REGIAO_POLILINHAS"}, "geometry": {"type": "LineString", "coordinates": [[7320.8259, 3849.3147], [7332.2918, 3839.6483]]}}, {"type": "Feature", "properties": {"layer": "PDF_REGIAO_POLILINHAS"}, "geometry": {"type": "LineString", "coordinates": [[7332.2918, 3839.6483], [7313.8846, 3817.7962]]}}, {"type": "Feature", "properties": {"layer": "PDF_REGIAO_POLILINHAS"}, "geometry": {"type": "LineString", "coordinates": [[7311.7493, 3817.6399], [7311.9942, 3817.4712], [7312.2673, 3817.3536], [7312.5581, 3817.2916], [7312.8554, 3817.2874], [7313.1478, 3817.3414], [7313.4241, 3817.4513], [7313.6736, 3817.6131], [7313.8867, 3817.8204]]}}, {"type": "Feature", "properties": {"layer": "PDF_REGIAO_POLILINHAS"}, "geometry": {"type": "LineString", "coordinates": [[7302.3652, 3827.5413], [7302.1966, 3827.2963], [7302.079, 3827.0232], [7302.0169, 3826.7324], [7302.0128, 3826.4351], [7302.0667, 3826.1427], [7302.1767, 3825.8665], [7302.3384, 3825.617], [7302.5457, 3825.4038]]}}, {"type": "Feature", "properties": {"layer": "PDF_REGIAO_POLILINHAS"}, "geometry": {"type": "LineString", "coordinates": [[7311.7765, 3817.642], [7302.573, 3825.4059]]}}, {"type": "Feature", "properties": {"layer": "PDF_REGIAO_POLILINHAS"}, "geometry": {"type": "LineString", "coordinates": [[7384.0925, 3756.5569], [7384.3374, 3756.3882], [7384.6105, 3756.2706], [7384.9013, 3756.2086], [7385.1987, 3756.2044], [7385.4911, 3756.2584], [7385.7673, 3756.3683], [7386.0168, 3756.5301], [7386.23, 3756.7374]]}}, {"type": "Feature", "properties": {"layer": "PDF_REGIAO_POLILINHAS"}, "geometry": {"type": "LineString", "coordinates": [[7384.1198, 3756.559], [7354.658, 3781.4447]]}}, {"type": "Feature", "properties": {"layer": "PDF_REGIAO_POLILINHAS"}, "geometry": {"type": "LineString", "coordinates": [[7354.658, 3781.4447], [7364.3244, 3792.9106]]}}, {"type": "Feature", "properties": {"layer": "PDF_REGIAO_POLILINHAS"}, "geometry": {"type": "LineString", "coordinates": [[7364.3244, 3792.9106], [7394.9687, 3767.0994]]}}, {"type": "Feature", "properties": {"layer": "PDF_REGIAO_POLILINHAS"}, "geometry": {"type": "LineString", "coordinates": [[7394.9687, 3767.0994], [7386.2279, 3756.7646]]}}, {"type": "Feature", "properties": {"layer": "PDF_REGIAO_POLILINHAS"}, "geometry": {"type": "LineString", "coordinates": [[7364.3244, 3792.9106], [7374.0421, 3804.4279]]}}, {"type": "Feature", "properties": {"layer": "PDF_REGIAO_POLILINHAS"}, "geometry": {"type": "LineString", "coordinates": [[7374.0421, 3804.4279], [7404.6865, 3778.5653]]}}, {"type": "Feature", "properties": {"layer": "PDF_REGIAO_POLILINHAS"}, "geometry": {"type": "LineString", "coordinates": [[7404.6865, 3778.5653], [7394.9687, 3767.0994]]}}, {"type": "Feature", "properties": {"layer": "PDF_REGIAO_POLILINHAS"}, "geometry": {"type": "LineString", "coordinates": [[7394.9687, 3767.0994], [7364.3244, 3792.9106]]}}, {"type": "Feature", "properties": {"layer": "PDF_REGIAO_POLILINHAS"}, "geometry": {"type": "LineString", "coordinates": [[7374.0421, 3804.4279], [7383.7599, 3815.8938]]}}, {"type": "Feature", "properties": {"layer": "PDF_REGIAO_POLILINHAS"}, "geometry": {"type": "LineString", "coordinates": [[7383.7599, 3815.8938], [7414.3528, 3790.0312]]}}, {"type": "Feature", "properties": {"layer": "PDF_REGIAO_POLILINHAS"}, "geometry": {"type": "LineString", "coordinates": [[7414.3528, 3790.0312], [7404.6865, 3778.5653]]}}, {"type": "Feature", "properties": {"layer": "PDF_REGIAO_POLILINHAS"}, "geometry": {"type": "LineString", "coordinates": [[7404.6865, 3778.5653], [7374.0421, 3804.4279]]}}, {"type": "Feature", "properties": {"layer": "PDF_REGIAO_POLILINHAS"}, "geometry": {"type": "LineString", "coordinates": [[7383.7599, 3815.8938], [7393.4262, 3827.3597]]}}, {"type": "Feature", "properties": {"layer": "PDF_REGIAO_POLILINHAS"}, "geometry": {"type": "LineString", "coordinates": [[7393.4262, 3827.3597], [7424.0706, 3801.5486]]}}, {"type": "Feature", "properties": {"layer": "PDF_REGIAO_POLILINHAS"}, "geometry": {"type": "LineString", "coordinates": [[7424.0706, 3801.5486], [7414.3528, 3790.0312]]}}, {"type": "Feature", "properties": {"layer": "PDF_REGIAO_POLILINHAS"}, "geometry": {"type": "LineString", "coordinates": [[7414.3528, 3790.0312], [7383.7599, 3815.8938]]}}, {"type": "Feature", "properties": {"layer": "PDF_REGIAO_POLILINHAS"}, "geometry": {"type": "LineString", "coordinates": [[7405.6634, 3817.025], [7415.3811, 3828.5423]]}}, {"type": "Feature", "properties": {"layer": "PDF_REGIAO_POLILINHAS"}, "geometry": {"type": "LineString", "coordinates": [[7415.3811, 3828.5423], [7433.7369, 3813.0145]]}}, {"type": "Feature", "properties": {"layer": "PDF_REGIAO_POLILINHAS"}, "geometry": {"type": "LineString", "coordinates": [[7433.7369, 3813.0145], [7424.0706, 3801.5486]]}}, {"type": "Feature", "properties": {"layer": "PDF_REGIAO_POLILINHAS"}, "geometry": {"type": "LineString", "coordinates": [[7424.0706, 3801.5486], [7405.6634, 3817.025]]}}, {"type": "Feature", "properties": {"layer": "PDF_REGIAO_POLILINHAS"}, "geometry": {"type": "LineString", "coordinates": [[7395.4829, 3845.3042], [7405.1492, 3856.8215]]}}, {"type": "Feature", "properties": {"layer": "PDF_REGIAO_POLILINHAS"}, "geometry": {"type": "LineString", "coordinates": [[7405.1492, 3856.8215], [7443.4546, 3824.4804]]}}, {"type": "Feature", "properties": {"layer": "PDF_REGIAO_POLILINHAS"}, "geometry": {"type": "LineString", "coordinates": [[7443.4546, 3824.4804], [7433.7369, 3813.0145]]}}, {"type": "Feature", "properties": {"layer": "PDF_REGIAO_POLILINHAS"}, "geometry": {"type": "LineString", "coordinates": [[7433.7369, 3813.0145], [7395.4829, 3845.3042]]}}, {"type": "Feature", "properties": {"layer": "PDF_REGIAO_POLILINHAS"}, "geometry": {"type": "LineString", "coordinates": [[7405.1492, 3856.8215], [7414.867, 3868.2874]]}}, {"type": "Feature", "properties": {"layer": "PDF_REGIAO_POLILINHAS"}, "geometry": {"type": "LineString", "coordinates": [[7414.867, 3868.2874], [7433.994, 3852.1426]]}}, {"type": "Feature", "properties": {"layer": "PDF_REGIAO_POLILINHAS"}, "geometry": {"type": "LineString", "coordinates": [[7433.994, 3852.1426], [7453.121, 3835.9977]]}}, {"type": "Feature", "properties": {"layer": "PDF_REGIAO_POLILINHAS"}, "geometry": {"type": "LineString", "coordinates": [[7453.121, 3835.9977], [7443.4546, 3824.4804]]}}, {"type": "Feature", "properties": {"layer": "PDF_REGIAO_POLILINHAS"}, "geometry": {"type": "LineString", "coordinates": [[7443.4546, 3824.4804], [7405.1492, 3856.8215]]}}, {"type": "Feature", "properties": {"layer": "PDF_REGIAO_POLILINHAS"}, "geometry": {"type": "LineString", "coordinates": [[7433.994, 3852.1426], [7443.7117, 3863.6085]]}}, {"type": "Feature", "properties": {"layer": "PDF_REGIAO_POLILINHAS"}, "geometry": {"type": "LineString", "coordinates": [[7443.7117, 3863.6085], [7462.8387, 3847.4637]]}}, {"type": "Feature", "properties": {"layer": "PDF_REGIAO_POLILINHAS"}, "geometry": {"type": "LineString", "coordinates": [[7462.8387, 3847.4637], [7453.121, 3835.9977]]}}, {"type": "Feature", "properties": {"layer": "PDF_REGIAO_POLILINHAS"}, "geometry": {"type": "LineString", "coordinates": [[7453.121, 3835.9977], [7433.994, 3852.1426]]}}, {"type": "Feature", "properties": {"layer": "PDF_REGIAO_POLILINHAS"}, "geometry": {"type": "LineString", "coordinates": [[7443.7117, 3863.6085], [7453.3781, 3875.1258]]}}, {"type": "Feature", "properties": {"layer": "PDF_REGIAO_POLILINHAS"}, "geometry": {"type": "LineString", "coordinates": [[7453.3781, 3875.1258], [7472.5051, 3858.9296]]}}, {"type": "Feature", "properties": {"layer": "PDF_REGIAO_POLILINHAS"}, "geometry": {"type": "LineString", "coordinates": [[7472.5051, 3858.9296], [7462.8387, 3847.4637]]}}, {"type": "Feature", "properties": {"layer": "PDF_REGIAO_POLILINHAS"}, "geometry": {"type": "LineString", "coordinates": [[7462.8387, 3847.4637], [7443.7117, 3863.6085]]}}, {"type": "Feature", "properties": {"layer": "PDF_REGIAO_POLILINHAS"}, "geometry": {"type": "LineString", "coordinates": [[7497.3907, 3888.4427], [7472.5051, 3858.9296]]}}, {"type": "Feature", "properties": {"layer": "PDF_REGIAO_POLILINHAS"}, "geometry": {"type": "LineString", "coordinates": [[7472.5051, 3858.9296], [7453.3781, 3875.1258]]}}, {"type": "Feature", "properties": {"layer": "PDF_REGIAO_POLILINHAS"}, "geometry": {"type": "LineString", "coordinates": [[7453.3781, 3875.1258], [7463.7128, 3887.363]]}}, {"type": "Feature", "properties": {"layer": "PDF_REGIAO_POLILINHAS"}, "geometry": {"type": "LineString", "coordinates": [[7463.7128, 3887.363], [7462.9416, 3887.98]]}}, {"type": "Feature", "properties": {"layer": "PDF_REGIAO_POLILINHAS"}, "geometry": {"type": "LineString", "coordinates": [[7462.9416, 3887.98], [7478.4694, 3906.3872]]}}, {"type": "Feature", "properties": {"layer": "PDF_REGIAO_POLILINHAS"}, "geometry": {"type": "LineString", "coordinates": [[7478.4694, 3906.3872], [7497.2365, 3890.5508]]}}, {"type": "Feature", "properties": {"layer": "PDF_REGIAO_POLILINHAS"}, "geometry": {"type": "LineString", "coordinates": [[7497.3928, 3888.4669], [7497.5615, 3888.7118], [7497.6791, 3888.9849], [7497.7411, 3889.2757], [7497.7453, 3889.573], [7497.6913, 3889.8654], [7497.5814, 3890.1417], [7497.4196, 3890.3912], [7497.2123, 3890.6043]]}}, {"type": "Feature", "properties": {"layer": "PDF_REGIAO_POLILINHAS"}, "geometry": {"type": "LineString", "coordinates": [[7433.994, 3852.1426], [7414.867, 3868.2874]]}}, {"type": "Feature", "properties": {"layer": "PDF_REGIAO_POLILINHAS"}, "geometry": {"type": "LineString", "coordinates": [[7414.867, 3868.2874], [7424.5333, 3879.8047]]}}, {"type": "Feature", "properties": {"layer": "PDF_REGIAO_POLILINHAS"}, "geometry": {"type": "LineString", "coordinates": [[7424.5333, 3879.8047], [7443.7117, 3863.6085]]}}, {"type": "Feature", "properties": {"layer": "PDF_REGIAO_POLILINHAS"}, "geometry": {"type": "LineString", "coordinates": [[7443.7117, 3863.6085], [7433.994, 3852.1426]]}}, {"type": "Feature", "properties": {"layer": "PDF_REGIAO_POLILINHAS"}, "geometry": {"type": "LineString", "coordinates": [[7424.5333, 3879.8047], [7434.2511, 3891.2707]]}}, {"type": "Feature", "properties": {"layer": "PDF_REGIAO_POLILINHAS"}, "geometry": {"type": "LineString", "coordinates": [[7434.2511, 3891.2707], [7453.3781, 3875.1258]]}}, {"type": "Feature", "properties": {"layer": "PDF_REGIAO_POLILINHAS"}, "geometry": {"type": "LineString", "coordinates": [[7453.3781, 3875.1258], [7443.7117, 3863.6085]]}}, {"type": "Feature", "properties": {"layer": "PDF_REGIAO_POLILINHAS"}, "geometry": {"type": "LineString", "coordinates": [[7443.7117, 3863.6085], [7424.5333, 3879.8047]]}}, {"type": "Feature", "properties": {"layer": "PDF_REGIAO_POLILINHAS"}, "geometry": {"type": "LineString", "coordinates": [[7461.2205, 3920.9403], [7460.9756, 3921.1089], [7460.7025, 3921.2264], [7460.4117, 3921.2885], [7460.1144, 3921.2926], [7459.8221, 3921.2386], [7459.5458, 3921.1287], [7459.2963, 3920.967], [7459.0832, 3920.7597]]}}, {"type": "Feature", "properties": {"layer": "PDF_REGIAO_POLILINHAS"}, "geometry": {"type": "LineString", "coordinates": [[7461.2448, 3920.9381], [7469.2658, 3914.1511]]}}, {"type": "Feature", "properties": {"layer": "PDF_REGIAO_POLILINHAS"}, "geometry": {"type": "LineString", "coordinates": [[7469.2658, 3914.1511], [7453.7894, 3895.7439]]}}, {"type": "Feature", "properties": {"layer": "PDF_REGIAO_POLILINHAS"}, "geometry": {"type": "LineString", "coordinates": [[7453.7894, 3895.7439], [7444.5858, 3903.5078]]}}, {"type": "Feature", "properties": {"layer": "PDF_REGIAO_POLILINHAS"}, "geometry": {"type": "LineString", "coordinates": [[7444.5858, 3903.5078], [7459.1367, 3920.7324]]}}, {"type": "Feature", "properties": {"layer": "PDF_REGIAO_POLILINHAS"}, "geometry": {"type": "LineString", "coordinates": [[7324.9371, 3808.4657], [7324.7685, 3808.2208], [7324.6509, 3807.9477], [7324.5888, 3807.6569], [7324.5847, 3807.3595], [7324.6387, 3807.0671], [7324.7486, 3806.7909], [7324.9104, 3806.5414], [7325.1177, 3806.3282]]}}, {"type": "Feature", "properties": {"layer": "PDF_REGIAO_POLILINHAS"}, "geometry": {"type": "LineString", "coordinates": [[7324.9906, 3808.4384], [7333.7315, 3818.7732]]}}, {"type": "Feature", "properties": {"layer": "PDF_REGIAO_POLILINHAS"}, "geometry": {"type": "LineString", "coordinates": [[7333.7315, 3818.7732], [7364.3244, 3792.9106]]}}, {"type": "Feature", "properties": {"layer": "PDF_REGIAO_POLILINHAS"}, "geometry": {"type": "LineString", "coordinates": [[7364.3244, 3792.9106], [7354.658, 3781.4447]]}}, {"type": "Feature", "properties": {"layer": "PDF_REGIAO_POLILINHAS"}, "geometry": {"type": "LineString", "coordinates": [[7354.658, 3781.4447], [7325.1963, 3806.3303]]}}, {"type": "Feature", "properties": {"layer": "PDF_REGIAO_POLILINHAS"}, "geometry": {"type": "LineString", "coordinates": [[7333.7315, 3818.7732], [7343.3978, 3830.2391]]}}, {"type": "Feature", "properties": {"layer": "PDF_REGIAO_POLILINHAS"}, "geometry": {"type": "LineString", "coordinates": [[7343.3978, 3830.2391], [7374.0421, 3804.4279]]}}, {"type": "Feature", "properties": {"layer": "PDF_REGIAO_POLILINHAS"}, "geometry": {"type": "LineString", "coordinates": [[7374.0421, 3804.4279], [7364.3244, 3792.9106]]}}, {"type": "Feature", "properties": {"layer": "PDF_REGIAO_POLILINHAS"}, "geometry": {"type": "LineString", "coordinates": [[7364.3244, 3792.9106], [7333.7315, 3818.7732]]}}, {"type": "Feature", "properties": {"layer": "PDF_REGIAO_POLILINHAS"}, "geometry": {"type": "LineString", "coordinates": [[7343.3978, 3830.2391], [7353.1155, 3841.7564]]}}, {"type": "Feature", "properties": {"layer": "PDF_REGIAO_POLILINHAS"}, "geometry": {"type": "LineString", "coordinates": [[7353.1155, 3841.7564], [7383.7599, 3815.8938]]}}, {"type": "Feature", "properties": {"layer": "PDF_REGIAO_POLILINHAS"}, "geometry": {"type": "LineString", "coordinates": [[7383.7599, 3815.8938], [7374.0421, 3804.4279]]}}, {"type": "Feature", "properties": {"layer": "PDF_REGIAO_POLILINHAS"}, "geometry": {"type": "LineString", "coordinates": [[7374.0421, 3804.4279], [7343.3978, 3830.2391]]}}, {"type": "Feature", "properties": {"layer": "PDF_REGIAO_POLILINHAS"}, "geometry": {"type": "LineString", "coordinates": [[7393.4262, 3827.3597], [7396.6655, 3831.216]]}}, {"type": "Feature", "properties": {"layer": "PDF_REGIAO_POLILINHAS"}, "geometry": {"type": "LineString", "coordinates": [[7396.6655, 3831.216], [7389.0044, 3837.6945]]}}, {"type": "Feature", "properties": {"layer": "PDF_REGIAO_POLILINHAS"}, "geometry": {"type": "LineString", "coordinates": [[7389.0044, 3837.6945], [7395.4829, 3845.3042]]}}, {"type": "Feature", "properties": {"layer": "PDF_REGIAO_POLILINHAS"}, "geometry": {"type": "LineString", "coordinates": [[7395.4829, 3845.3042], [7415.3811, 3828.5423]]}}, {"type": "Feature", "properties": {"layer": "PDF_REGIAO_POLILINHAS"}, "geometry": {"type": "LineString", "coordinates": [[7415.3811, 3828.5423], [7405.6634, 3817.025]]}}, {"type": "Feature", "properties": {"layer": "PDF_REGIAO_POLILINHAS"}, "geometry": {"type": "LineString", "coordinates": [[7405.6634, 3817.025], [7393.4262, 3827.3597]]}}, {"type": "Feature", "properties": {"layer": "PDF_REGIAO_POLILINHAS"}, "geometry": {"type": "LineString", "coordinates": [[7453.7894, 3895.7439], [7469.2658, 3914.1511]]}}, {"type": "Feature", "properties": {"layer": "PDF_REGIAO_POLILINHAS"}, "geometry": {"type": "LineString", "coordinates": [[7469.2658, 3914.1511], [7478.4694, 3906.3872]]}}, {"type": "Feature", "properties": {"layer": "PDF_REGIAO_POLILINHAS"}, "geometry": {"type": "LineString", "coordinates": [[7478.4694, 3906.3872], [7462.9416, 3887.98]]}}, {"type": "Feature", "properties": {"layer": "PDF_REGIAO_POLILINHAS"}, "geometry": {"type": "LineString", "coordinates": [[7462.9416, 3887.98], [7453.7894, 3895.7439]]}}, {"type": "Feature", "properties": {"layer": "PDF_REGIAO_POLILINHAS"}, "geometry": {"type": "LineString", "coordinates": [[7273.8422, 3888.588], [7280.3207, 3896.1977]]}}, {"type": "Feature", "properties": {"layer": "PDF_REGIAO_POLILINHAS"}, "geometry": {"type": "LineString", "coordinates": [[7280.3207, 3896.1977], [7287.9304, 3889.7706]]}}, {"type": "Feature", "properties": {"layer": "PDF_REGIAO_POLILINHAS"}, "geometry": {"type": "LineString", "coordinates": [[7287.9304, 3889.7706], [7295.5915, 3883.2921]]}}, {"type": "Feature", "properties": {"layer": "PDF_REGIAO_POLILINHAS"}, "geometry": {"type": "LineString", "coordinates": [[7295.5915, 3883.2921], [7299.4477, 3880.0528]]}}, {"type": "Feature", "properties": {"layer": "PDF_REGIAO_POLILINHAS"}, "geometry": {"type": "LineString", "coordinates": [[7299.4477, 3880.0528], [7292.9692, 3872.3918]]}}, {"type": "Feature", "properties": {"layer": "PDF_REGIAO_POLILINHAS"}, "geometry": {"type": "LineString", "coordinates": [[7292.9692, 3872.3918], [7273.8422, 3888.588]]}}, {"type": "Feature", "properties": {"layer": "PDF_REGIAO_POLILINHAS"}, "geometry": {"type": "LineString", "coordinates": [[7434.2511, 3891.2707], [7444.5858, 3903.5078]]}}, {"type": "Feature", "properties": {"layer": "PDF_REGIAO_POLILINHAS"}, "geometry": {"type": "LineString", "coordinates": [[7444.5858, 3903.5078], [7453.7894, 3895.7439]]}}, {"type": "Feature", "properties": {"layer": "PDF_REGIAO_POLILINHAS"}, "geometry": {"type": "LineString", "coordinates": [[7453.7894, 3895.7439], [7462.9416, 3887.98]]}}, {"type": "Feature", "properties": {"layer": "PDF_REGIAO_POLILINHAS"}, "geometry": {"type": "LineString", "coordinates": [[7462.9416, 3887.98], [7463.7128, 3887.363]]}}, {"type": "Feature", "properties": {"layer": "PDF_REGIAO_POLILINHAS"}, "geometry": {"type": "LineString", "coordinates": [[7463.7128, 3887.363], [7453.3781, 3875.1258]]}}, {"type": "Feature", "properties": {"layer": "PDF_REGIAO_POLILINHAS"}, "geometry": {"type": "LineString", "coordinates": [[7453.3781, 3875.1258], [7434.2511, 3891.2707]]}}, {"type": "Feature", "properties": {"layer": "PDF_REGIAO_POLILINHAS"}, "geometry": {"type": "LineString", "coordinates": [[7149.9325, 3885.076], [7179.9598, 3918.7025]]}}, {"type": "Feature", "properties": {"layer": "PDF_REGIAO_POLILINHAS"}, "geometry": {"type": "LineString", "coordinates": [[7179.9598, 3918.7025], [7191.4257, 3909.0362]]}}, {"type": "Feature", "properties": {"layer": "PDF_REGIAO_POLILINHAS"}, "geometry": {"type": "LineString", "coordinates": [[7191.4257, 3909.0362], [7161.3984, 3875.3583]]}}, {"type": "Feature", "properties": {"layer": "PDF_REGIAO_POLILINHAS"}, "geometry": {"type": "LineString", "coordinates": [[7161.3984, 3875.3583], [7156.8737, 3879.1631]]}}, {"type": "Feature", "properties": {"layer": "PDF_REGIAO_POLILINHAS"}, "geometry": {"type": "LineString", "coordinates": [[7156.8737, 3879.1631], [7149.9325, 3885.076]]}}, {"type": "Feature", "properties": {"layer": "PDF_REGIAO_POLILINHAS"}, "geometry": {"type": "LineString", "coordinates": [[7161.3984, 3875.3583], [7191.4257, 3909.0362]]}}, {"type": "Feature", "properties": {"layer": "PDF_REGIAO_POLILINHAS"}, "geometry": {"type": "LineString", "coordinates": [[7191.4257, 3909.0362], [7202.9431, 3899.3185]]}}, {"type": "Feature", "properties": {"layer": "PDF_REGIAO_POLILINHAS"}, "geometry": {"type": "LineString", "coordinates": [[7202.9431, 3899.3185], [7172.8643, 3865.6919]]}}, {"type": "Feature", "properties": {"layer": "PDF_REGIAO_POLILINHAS"}, "geometry": {"type": "LineString", "coordinates": [[7172.8643, 3865.6919], [7165.3061, 3872.0676]]}}, {"type": "Feature", "properties": {"layer": "PDF_REGIAO_POLILINHAS"}, "geometry": {"type": "LineString", "coordinates": [[7165.3061, 3872.0676], [7161.3984, 3875.3583]]}}, {"type": "Feature", "properties": {"layer": "PDF_REGIAO_POLILINHAS"}, "geometry": {"type": "LineString", "coordinates": [[7172.8643, 3865.6919], [7202.9431, 3899.3185]]}}, {"type": "Feature", "properties": {"layer": "PDF_REGIAO_POLILINHAS"}, "geometry": {"type": "LineString", "coordinates": [[7202.9431, 3899.3185], [7211.5811, 3892.0173]]}}, {"type": "Feature", "properties": {"layer": "PDF_REGIAO_POLILINHAS"}, "geometry": {"type": "LineString", "coordinates": [[7211.5811, 3892.0173], [7181.5537, 3858.3908]]}}, {"type": "Feature", "properties": {"layer": "PDF_REGIAO_POLILINHAS"}, "geometry": {"type": "LineString", "coordinates": [[7181.5537, 3858.3908], [7174.8696, 3863.9952]]}}, {"type": "Feature", "properties": {"layer": "PDF_REGIAO_POLILINHAS"}, "geometry": {"type": "LineString", "coordinates": [[7174.8696, 3863.9952], [7172.8643, 3865.6919]]}}, {"type": "Feature", "properties": {"layer": "PDF_REGIAO_POLILINHAS"}, "geometry": {"type": "LineString", "coordinates": [[7181.5537, 3858.3908], [7211.5811, 3892.0173]]}}, {"type": "Feature", "properties": {"layer": "PDF_REGIAO_POLILINHAS"}, "geometry": {"type": "LineString", "coordinates": [[7211.5811, 3892.0173], [7220.2191, 3884.7161]]}}, {"type": "Feature", "properties": {"layer": "PDF_REGIAO_POLILINHAS"}, "geometry": {"type": "LineString", "coordinates": [[7220.2191, 3884.7161], [7190.1917, 3851.0896]]}}, {"type": "Feature", "properties": {"layer": "PDF_REGIAO_POLILINHAS"}, "geometry": {"type": "LineString", "coordinates": [[7190.1917, 3851.0896], [7181.5537, 3858.3908]]}}, {"type": "Feature", "properties": {"layer": "PDF_REGIAO_POLILINHAS"}, "geometry": {"type": "LineString", "coordinates": [[7106.9481, 3862.3499], [7136.9755, 3895.9764]]}}, {"type": "Feature", "properties": {"layer": "PDF_REGIAO_POLILINHAS"}, "geometry": {"type": "LineString", "coordinates": [[7136.9755, 3895.9764], [7145.7677, 3888.5724]]}}, {"type": "Feature", "properties": {"layer": "PDF_REGIAO_POLILINHAS"}, "geometry": {"type": "LineString", "coordinates": [[7145.7677, 3888.5724], [7115.7404, 3854.8944]]}}, {"type": "Feature", "properties": {"layer": "PDF_REGIAO_POLILINHAS"}, "geometry": {"type": "LineString", "coordinates": [[7115.7404, 3854.8944], [7106.9481, 3862.3499]]}}, {"type": "Feature", "properties": {"layer": "PDF_REGIAO_POLILINHAS"}, "geometry": {"type": "LineString", "coordinates": [[7115.7404, 3854.8944], [7145.7677, 3888.5724]]}}, {"type": "Feature", "properties": {"layer": "PDF_REGIAO_POLILINHAS"}, "geometry": {"type": "LineString", "coordinates": [[7145.7677, 3888.5724], [7149.9325, 3885.076]]}}, {"type": "Feature", "properties": {"layer": "PDF_REGIAO_POLILINHAS"}, "geometry": {"type": "LineString", "coordinates": [[7149.9325, 3885.076], [7156.8737, 3879.1631]]}}, {"type": "Feature", "properties": {"layer": "PDF_REGIAO_POLILINHAS"}, "geometry": {"type": "LineString", "coordinates": [[7156.8737, 3879.1631], [7126.8464, 3845.5366]]}}, {"type": "Feature", "properties": {"layer": "PDF_REGIAO_POLILINHAS"}, "geometry": {"type": "LineString", "coordinates": [[7126.8464, 3845.5366], [7115.7404, 3854.8944]]}}, {"type": "Feature", "properties": {"layer": "PDF_REGIAO_POLILINHAS"}, "geometry": {"type": "LineString", "coordinates": [[7126.8464, 3845.5366], [7156.8737, 3879.1631]]}}, {"type": "Feature", "properties": {"layer": "PDF_REGIAO_POLILINHAS"}, "geometry": {"type": "LineString", "coordinates": [[7156.8737, 3879.1631], [7161.3984, 3875.3583]]}}, {"type": "Feature", "properties": {"layer": "PDF_REGIAO_POLILINHAS"}, "geometry": {"type": "LineString", "coordinates": [[7161.3984, 3875.3583], [7165.3061, 3872.0676]]}}, {"type": "Feature", "properties": {"layer": "PDF_REGIAO_POLILINHAS"}, "geometry": {"type": "LineString", "coordinates": [[7165.3061, 3872.0676], [7135.2787, 3838.4411]]}}, {"type": "Feature", "properties": {"layer": "PDF_REGIAO_POLILINHAS"}, "geometry": {"type": "LineString", "coordinates": [[7135.2787, 3838.4411], [7126.8464, 3845.5366]]}}, {"type": "Feature", "properties": {"layer": "PDF_REGIAO_POLILINHAS"}, "geometry": {"type": "LineString", "coordinates": [[7135.2787, 3838.4411], [7165.3061, 3872.0676]]}}, {"type": "Feature", "properties": {"layer": "PDF_REGIAO_POLILINHAS"}, "geometry": {"type": "LineString", "coordinates": [[7165.3061, 3872.0676], [7172.8643, 3865.6919]]}}, {"type": "Feature", "properties": {"layer": "PDF_REGIAO_POLILINHAS"}, "geometry": {"type": "LineString", "coordinates": [[7172.8643, 3865.6919], [7174.8696, 3863.9952]]}}, {"type": "Feature", "properties": {"layer": "PDF_REGIAO_POLILINHAS"}, "geometry": {"type": "LineString", "coordinates": [[7174.8696, 3863.9952], [7144.8422, 3830.3687]]}}, {"type": "Feature", "properties": {"layer": "PDF_REGIAO_POLILINHAS"}, "geometry": {"type": "LineString", "coordinates": [[7144.8422, 3830.3687], [7135.2787, 3838.4411]]}}, {"type": "Feature", "properties": {"layer": "PDF_REGIAO_POLILINHAS"}, "geometry": {"type": "LineString", "coordinates": [[7144.8422, 3830.3687], [7174.8696, 3863.9952]]}}, {"type": "Feature", "properties": {"layer": "PDF_REGIAO_POLILINHAS"}, "geometry": {"type": "LineString", "coordinates": [[7174.8696, 3863.9952], [7181.5537, 3858.3908]]}}, {"type": "Feature", "properties": {"layer": "PDF_REGIAO_POLILINHAS"}, "geometry": {"type": "LineString", "coordinates": [[7181.5537, 3858.3908], [7190.1917, 3851.0896]]}}, {"type": "Feature", "properties": {"layer": "PDF_REGIAO_POLILINHAS"}, "geometry": {"type": "LineString", "coordinates": [[7190.1917, 3851.0896], [7160.1644, 3817.4117]]}}, {"type": "Feature", "properties": {"layer": "PDF_REGIAO_POLILINHAS"}, "geometry": {"type": "LineString", "coordinates": [[7160.1644, 3817.4117], [7144.8422, 3830.3687]]}}, {"type": "Feature", "properties": {"layer": "PDF_REGIAO_POLILINHAS"}, "geometry": {"type": "LineString", "coordinates": [[7237.2401, 3868.3898], [7237.4087, 3868.6347], [7237.5263, 3868.9078], [7237.5884, 3869.1986], [7237.5925, 3869.4959], [7237.5385, 3869.7883], [7237.4286, 3870.0646], [7237.2668, 3870.3141], [7237.0595, 3870.5272]]}}, {"type": "Feature", "properties": {"layer": "PDF_REGIAO_POLILINHAS"}, "geometry": {"type": "LineString", "coordinates": [[7237.238, 3868.3656], [7209.1131, 3835.0476]]}}, {"type": "Feature", "properties": {"layer": "PDF_REGIAO_POLILINHAS"}, "geometry": {"type": "LineString", "coordinates": [[7209.1131, 3835.0476], [7190.1917, 3851.0896]]}}, {"type": "Feature", "properties": {"layer": "PDF_REGIAO_POLILINHAS"}, "geometry": {"type": "LineString", "coordinates": [[7190.1917, 3851.0896], [7220.2191, 3884.7161]]}}, {"type": "Feature", "properties": {"layer": "PDF_REGIAO_POLILINHAS"}, "geometry": {"type": "LineString", "coordinates": [[7220.2191, 3884.7161], [7237.0837, 3870.4737]]}}, {"type": "Feature", "properties": {"layer": "PDF_REGIAO_POLILINHAS"}, "geometry": {"type": "LineString", "coordinates": [[7178.8529, 3801.6247], [7179.0978, 3801.456], [7179.3708, 3801.3384], [7179.6616, 3801.2764], [7179.9589, 3801.2722], [7180.2513, 3801.3262], [7180.5276, 3801.4361], [7180.7771, 3801.5979], [7180.9903, 3801.8052]]}}, {"type": "Feature", "properties": {"layer": "PDF_REGIAO_POLILINHAS"}, "geometry": {"type": "LineString", "coordinates": [[7178.8801, 3801.5754], [7160.1644, 3817.4117]]}}, {"type": "Feature", "properties": {"layer": "PDF_REGIAO_POLILINHAS"}, "geometry": {"type": "LineString", "coordinates": [[7160.1644, 3817.4117], [7190.1917, 3851.0896]]}}, {"type": "Feature", "properties": {"layer": "PDF_REGIAO_POLILINHAS"}, "geometry": {"type": "LineString", "coordinates": [[7190.1917, 3851.0896], [7209.1131, 3835.0476]]}}, {"type": "Feature", "properties": {"layer": "PDF_REGIAO_POLILINHAS"}, "geometry": {"type": "LineString", "coordinates": [[7209.1131, 3835.0476], [7181.0396, 3801.781]]}}, {"type": "Feature", "properties": {"layer": "PDF_REGIAO_POLILINHAS"}, "geometry": {"type": "LineString", "coordinates": [[7367.1793, 3856.104], [7366.9345, 3856.2725], [7366.6615, 3856.39], [7366.3709, 3856.452], [7366.0737, 3856.4562], [7365.7814, 3856.4024], [7365.5053, 3856.2926], [7365.2558, 3856.131], [7365.0427, 3855.9239]]}}, {"type": "Feature", "properties": {"layer": "PDF_REGIAO_POLILINHAS"}, "geometry": {"type": "LineString", "coordinates": [[7367.2037, 3856.1017], [7389.0044, 3837.6945]]}}, {"type": "Feature", "properties": {"layer": "PDF_REGIAO_POLILINHAS"}, "geometry": {"type": "LineString", "coordinates": [[7389.0044, 3837.6945], [7396.6655, 3831.216]]}}, {"type": "Feature", "properties": {"layer": "PDF_REGIAO_POLILINHAS"}, "geometry": {"type": "LineString", "coordinates": [[7396.6655, 3831.216], [7393.4262, 3827.3597]]}}, {"type": "Feature", "properties": {"layer": "PDF_REGIAO_POLILINHAS"}, "geometry": {"type": "LineString", "coordinates": [[7393.4262, 3827.3597], [7383.7599, 3815.8938]]}}, {"type": "Feature", "properties": {"layer": "PDF_REGIAO_POLILINHAS"}, "geometry": {"type": "LineString", "coordinates": [[7383.7599, 3815.8938], [7353.1155, 3841.7564]]}}, {"type": "Feature", "properties": {"layer": "PDF_REGIAO_POLILINHAS"}, "geometry": {"type": "LineString", "coordinates": [[7353.1155, 3841.7564], [7365.0442, 3855.896]]}}, {"type": "Feature", "properties": {"layer": "PDF_REGIAO_POLILINHAS"}, "geometry": {"type": "LineString", "coordinates": [[7161.2201, 3963.1204], [7173.823, 3978.0376]]}}, {"type": "Feature", "properties": {"layer": "PDF_REGIAO_POLILINHAS"}, "geometry": {"type": "LineString", "coordinates": [[7173.823, 3978.0376], [7174.8, 3977.1635]]}}, {"type": "Feature", "properties": {"layer": "PDF_REGIAO_POLILINHAS"}, "geometry": {"type": "LineString", "coordinates": [[7189.865, 3964.4636], [7176.8747, 3949.0497]]}}, {"type": "Feature", "properties": {"layer": "PDF_REGIAO_POLILINHAS"}, "geometry": {"type": "LineString", "coordinates": [[7163.7454, 3990.4804], [7177.3194, 4006.5224]]}}, {"type": "Feature", "properties": {"layer": "PDF_REGIAO_POLILINHAS"}, "geometry": {"type": "LineString", "coordinates": [[7191.6132, 3997.0617], [7176.7538, 3979.4772]]}}, {"type": "Feature", "properties": {"layer": "PDF_REGIAO_POLILINHAS"}, "geometry": {"type": "LineString", "coordinates": [[7176.7538, 3979.4772], [7163.7454, 3990.4804]]}}, {"type": "Feature", "properties": {"layer": "PDF_REGIAO_POLILINHAS"}, "geometry": {"type": "LineString", "coordinates": [[7194.4058, 3967.7464], [7207.7066, 3983.4877]]}}, {"type": "Feature", "properties": {"layer": "PDF_REGIAO_POLILINHAS"}, "geometry": {"type": "LineString", "coordinates": [[7217.1673, 3975.5181], [7203.0466, 3958.7633]]}}, {"type": "Feature", "properties": {"layer": "PDF_REGIAO_POLILINHAS"}, "geometry": {"type": "LineString", "coordinates": [[7203.0466, 3958.7633], [7218.9216, 3977.5781]]}}, {"type": "Feature", "properties": {"layer": "PDF_REGIAO_POLILINHAS"}, "geometry": {"type": "LineString", "coordinates": [[7226.2166, 3967.8571], [7211.7387, 3950.7226]]}}, {"type": "Feature", "properties": {"layer": "PDF_REGIAO_POLILINHAS"}, "geometry": {"type": "LineString", "coordinates": [[7211.7387, 3950.7226], [7227.9761, 3969.8389]]}}, {"type": "Feature", "properties": {"layer": "PDF_REGIAO_POLILINHAS"}, "geometry": {"type": "LineString", "coordinates": [[7212.694, 3999.3755], [7229.4559, 4019.2737]]}}, {"type": "Feature", "properties": {"layer": "PDF_REGIAO_POLILINHAS"}, "geometry": {"type": "LineString", "coordinates": [[7229.4559, 4019.2737], [7237.117, 4012.7952]]}}, {"type": "Feature", "properties": {"layer": "PDF_REGIAO_POLILINHAS"}, "geometry": {"type": "LineString", "coordinates": [[7237.117, 4012.7952], [7220.3037, 3992.897]]}}, {"type": "Feature", "properties": {"layer": "PDF_REGIAO_POLILINHAS"}, "geometry": {"type": "LineString", "coordinates": [[7220.3037, 3992.897], [7212.694, 3999.3755]]}}, {"type": "Feature", "properties": {"layer": "PDF_REGIAO_POLILINHAS"}, "geometry": {"type": "LineString", "coordinates": [[7227.9648, 3986.4185], [7244.778, 4006.3167]]}}, {"type": "Feature", "properties": {"layer": "PDF_REGIAO_POLILINHAS"}, "geometry": {"type": "LineString", "coordinates": [[7244.778, 4006.3167], [7253.3646, 3999.1184]]}}, {"type": "Feature", "properties": {"layer": "PDF_REGIAO_POLILINHAS"}, "geometry": {"type": "LineString", "coordinates": [[7253.3646, 3999.1184], [7236.5514, 3979.2201]]}}, {"type": "Feature", "properties": {"layer": "PDF_REGIAO_POLILINHAS"}, "geometry": {"type": "LineString", "coordinates": [[7236.5514, 3979.2201], [7227.9648, 3986.4185]]}}, {"type": "Feature", "properties": {"layer": "PDF_REGIAO_POLILINHAS"}, "geometry": {"type": "LineString", "coordinates": [[7243.9282, 3972.9452], [7244.1731, 3972.7766], [7244.4462, 3972.659], [7244.7369, 3972.5969], [7245.0343, 3972.5928], [7245.3267, 3972.6467], [7245.6029, 3972.7567], [7245.8524, 3972.9184], [7246.0656, 3973.1257]]}}, {"type": "Feature", "properties": {"layer": "PDF_REGIAO_POLILINHAS"}, "geometry": {"type": "LineString", "coordinates": [[7244.0068, 3972.9473], [7236.5514, 3979.2201]]}}, {"type": "Feature", "properties": {"layer": "PDF_REGIAO_POLILINHAS"}, "geometry": {"type": "LineString", "coordinates": [[7236.5514, 3979.2201], [7253.3646, 3999.1184]]}}, {"type": "Feature", "properties": {"layer": "PDF_REGIAO_POLILINHAS"}, "geometry": {"type": "LineString", "coordinates": [[7253.3646, 3999.1184], [7261.9512, 3991.8686]]}}, {"type": "Feature", "properties": {"layer": "PDF_REGIAO_POLILINHAS"}, "geometry": {"type": "LineString", "coordinates": [[7261.9512, 3991.8686], [7246.1149, 3973.1016]]}}, {"type": "Feature", "properties": {"layer": "PDF_REGIAO_POLILINHAS"}, "geometry": {"type": "LineString", "coordinates": [[7246.9375, 4017.6284], [7253.2104, 4025.0324]]}}, {"type": "Feature", "properties": {"layer": "PDF_REGIAO_POLILINHAS"}, "geometry": {"type": "LineString", "coordinates": [[7253.2104, 4025.0324], [7274.6511, 4006.9337]]}}, {"type": "Feature", "properties": {"layer": "PDF_REGIAO_POLILINHAS"}, "geometry": {"type": "LineString", "coordinates": [[7274.6511, 4006.9337], [7268.3783, 3999.5297]]}}, {"type": "Feature", "properties": {"layer": "PDF_REGIAO_POLILINHAS"}, "geometry": {"type": "LineString", "coordinates": [[7268.3783, 3999.5297], [7246.9375, 4017.6284]]}}, {"type": "Feature", "properties": {"layer": "PDF_REGIAO_POLILINHAS"}, "geometry": {"type": "LineString", "coordinates": [[7253.2104, 4025.0324], [7259.6889, 4032.6935]]}}, {"type": "Feature", "properties": {"layer": "PDF_REGIAO_POLILINHAS"}, "geometry": {"type": "LineString", "coordinates": [[7259.6889, 4032.6935], [7281.1296, 4014.5948]]}}, {"type": "Feature", "properties": {"layer": "PDF_REGIAO_POLILINHAS"}, "geometry": {"type": "LineString", "coordinates": [[7281.1296, 4014.5948], [7274.6511, 4006.9337]]}}, {"type": "Feature", "properties": {"layer": "PDF_REGIAO_POLILINHAS"}, "geometry": {"type": "LineString", "coordinates": [[7274.6511, 4006.9337], [7253.2104, 4025.0324]]}}, {"type": "Feature", "properties": {"layer": "PDF_REGIAO_POLILINHAS"}, "geometry": {"type": "LineString", "coordinates": [[7259.6889, 4032.6935], [7267.4528, 4041.8971]]}}, {"type": "Feature", "properties": {"layer": "PDF_REGIAO_POLILINHAS"}, "geometry": {"type": "LineString", "coordinates": [[7267.4528, 4041.8971], [7288.8936, 4023.7984]]}}, {"type": "Feature", "properties": {"layer": "PDF_REGIAO_POLILINHAS"}, "geometry": {"type": "LineString", "coordinates": [[7288.8936, 4023.7984], [7281.1296, 4014.5948]]}}, {"type": "Feature", "properties": {"layer": "PDF_REGIAO_POLILINHAS"}, "geometry": {"type": "LineString", "coordinates": [[7281.1296, 4014.5948], [7259.6889, 4032.6935]]}}, {"type": "Feature", "properties": {"layer": "PDF_REGIAO_POLILINHAS"}, "geometry": {"type": "LineString", "coordinates": [[7309.8737, 4048.7082], [7310.0423, 4048.9531], [7310.1599, 4049.2262], [7310.2219, 4049.517], [7310.2261, 4049.8143], [7310.1721, 4050.1068], [7310.0622, 4050.383], [7309.9004, 4050.6325], [7309.6931, 4050.8457]]}}, {"type": "Feature", "properties": {"layer": "PDF_REGIAO_POLILINHAS"}, "geometry": {"type": "LineString", "coordinates": [[7309.8716, 4048.6841], [7288.8936, 4023.7984]]}}, {"type": "Feature", "properties": {"layer": "PDF_REGIAO_POLILINHAS"}, "geometry": {"type": "LineString", "coordinates": [[7288.8936, 4023.7984], [7267.4528, 4041.8971]]}}, {"type": "Feature", "properties": {"layer": "PDF_REGIAO_POLILINHAS"}, "geometry": {"type": "LineString", "coordinates": [[7267.4528, 4041.8971], [7289.4077, 4067.9139]]}}, {"type": "Feature", "properties": {"layer": "PDF_REGIAO_POLILINHAS"}, "geometry": {"type": "LineString", "coordinates": [[7289.4077, 4067.9139], [7309.7173, 4050.7922]]}}, {"type": "Feature", "properties": {"layer": "PDF_REGIAO_POLILINHAS"}, "geometry": {"type": "LineString", "coordinates": [[7218.7612, 4028.3231], [7212.2827, 4020.662]]}}, {"type": "Feature", "properties": {"layer": "PDF_REGIAO_POLILINHAS"}, "geometry": {"type": "LineString", "coordinates": [[7212.2827, 4020.662], [7197.5261, 4033.1562]]}}, {"type": "Feature", "properties": {"layer": "PDF_REGIAO_POLILINHAS"}, "geometry": {"type": "LineString", "coordinates": [[7197.5261, 4033.1562], [7243.4926, 4106.6821]]}}, {"type": "Feature", "properties": {"layer": "PDF_REGIAO_POLILINHAS"}, "geometry": {"type": "LineString", "coordinates": [[7243.4926, 4106.6821], [7289.4077, 4067.9139]]}}, {"type": "Feature", "properties": {"layer": "PDF_REGIAO_POLILINHAS"}, "geometry": {"type": "LineString", "coordinates": [[7289.4077, 4067.9139], [7267.4528, 4041.8971]]}}, {"type": "Feature", "properties": {"layer": "PDF_REGIAO_POLILINHAS"}, "geometry": {"type": "LineString", "coordinates": [[7267.4528, 4041.8971], [7259.6889, 4032.6935]]}}, {"type": "Feature", "properties": {"layer": "PDF_REGIAO_POLILINHAS"}, "geometry": {"type": "LineString", "coordinates": [[7259.6889, 4032.6935], [7253.2104, 4025.0324]]}}, {"type": "Feature", "properties": {"layer": "PDF_REGIAO_POLILINHAS"}, "geometry": {"type": "LineString", "coordinates": [[7253.2104, 4025.0324], [7246.9375, 4017.6284]]}}, {"type": "Feature", "properties": {"layer": "PDF_REGIAO_POLILINHAS"}, "geometry": {"type": "LineString", "coordinates": [[7246.9375, 4017.6284], [7240.5105, 4009.9673]]}}, {"type": "Feature", "properties": {"layer": "PDF_REGIAO_POLILINHAS"}, "geometry": {"type": "LineString", "coordinates": [[7240.5105, 4009.9673], [7237.117, 4012.7952]]}}, {"type": "Feature", "properties": {"layer": "PDF_REGIAO_POLILINHAS"}, "geometry": {"type": "LineString", "coordinates": [[7237.117, 4012.7952], [7229.4559, 4019.2737]]}}, {"type": "Feature", "properties": {"layer": "PDF_REGIAO_POLILINHAS"}, "geometry": {"type": "LineString", "coordinates": [[7229.4559, 4019.2737], [7218.7612, 4028.3231]]}}, {"type": "Feature", "properties": {"layer": "PDF_REGIAO_POLILINHAS"}, "geometry": {"type": "LineString", "coordinates": [[7240.5105, 4009.9673], [7246.9375, 4017.6284]]}}, {"type": "Feature", "properties": {"layer": "PDF_REGIAO_POLILINHAS"}, "geometry": {"type": "LineString", "coordinates": [[7246.9375, 4017.6284], [7268.3783, 3999.5297]]}}, {"type": "Feature", "properties": {"layer": "PDF_REGIAO_POLILINHAS"}, "geometry": {"type": "LineString", "coordinates": [[7268.3783, 3999.5297], [7261.9512, 3991.8686]]}}, {"type": "Feature", "properties": {"layer": "PDF_REGIAO_POLILINHAS"}, "geometry": {"type": "LineString", "coordinates": [[7261.9512, 3991.8686], [7253.3646, 3999.1184]]}}, {"type": "Feature", "properties": {"layer": "PDF_REGIAO_POLILINHAS"}, "geometry": {"type": "LineString", "coordinates": [[7253.3646, 3999.1184], [7244.778, 4006.3167]]}}, {"type": "Feature", "properties": {"layer": "PDF_REGIAO_POLILINHAS"}, "geometry": {"type": "LineString", "coordinates": [[7244.778, 4006.3167], [7240.5105, 4009.9673]]}}, {"type": "Feature", "properties": {"layer": "PDF_REGIAO_POLILINHAS"}, "geometry": {"type": "LineString", "coordinates": [[7201.948, 4008.4248], [7212.2827, 4020.662]]}}, {"type": "Feature", "properties": {"layer": "PDF_REGIAO_POLILINHAS"}, "geometry": {"type": "LineString", "coordinates": [[7212.2827, 4020.662], [7218.7612, 4028.3231]]}}, {"type": "Feature", "properties": {"layer": "PDF_REGIAO_POLILINHAS"}, "geometry": {"type": "LineString", "coordinates": [[7218.7612, 4028.3231], [7229.4559, 4019.2737]]}}, {"type": "Feature", "properties": {"layer": "PDF_REGIAO_POLILINHAS"}, "geometry": {"type": "LineString", "coordinates": [[7229.4559, 4019.2737], [7212.694, 3999.3755]]}}, {"type": "Feature", "properties": {"layer": "PDF_REGIAO_POLILINHAS"}, "geometry": {"type": "LineString", "coordinates": [[7212.694, 3999.3755], [7201.948, 4008.4248]]}}, {"type": "Feature", "properties": {"layer": "PDF_REGIAO_POLILINHAS"}, "geometry": {"type": "LineString", "coordinates": [[7220.3037, 3992.897], [7237.117, 4012.7952]]}}, {"type": "Feature", "properties": {"layer": "PDF_REGIAO_POLILINHAS"}, "geometry": {"type": "LineString", "coordinates": [[7237.117, 4012.7952], [7240.5105, 4009.9673]]}}, {"type": "Feature", "properties": {"layer": "PDF_REGIAO_POLILINHAS"}, "geometry": {"type": "LineString", "coordinates": [[7240.5105, 4009.9673], [7244.778, 4006.3167]]}}, {"type": "Feature", "properties": {"layer": "PDF_REGIAO_POLILINHAS"}, "geometry": {"type": "LineString", "coordinates": [[7244.778, 4006.3167], [7227.9648, 3986.4185]]}}, {"type": "Feature", "properties": {"layer": "PDF_REGIAO_POLILINHAS"}, "geometry": {"type": "LineString", "coordinates": [[7227.9648, 3986.4185], [7220.3037, 3992.897]]}}, {"type": "Feature", "properties": {"layer": "PDF_REGIAO_POLILINHAS"}, "geometry": {"type": "LineString", "coordinates": [[7174.8, 3977.1635], [7176.7538, 3979.4772]]}}, {"type": "Feature", "properties": {"layer": "PDF_REGIAO_POLILINHAS"}, "geometry": {"type": "LineString", "coordinates": [[7176.7538, 3979.4772], [7193.5061, 3999.3018]]}}, {"type": "Feature", "properties": {"layer": "PDF_REGIAO_POLILINHAS"}, "geometry": {"type": "LineString", "coordinates": [[7207.6942, 3983.4982], [7207.7066, 3983.4877]]}}, {"type": "Feature", "properties": {"layer": "PDF_REGIAO_POLILINHAS"}, "geometry": {"type": "LineString", "coordinates": [[7209.4963, 3985.6343], [7194.4058, 3967.7464]]}}, {"type": "Feature", "properties": {"layer": "PDF_REGIAO_POLILINHAS"}, "geometry": {"type": "LineString", "coordinates": [[7186.578, 3940.3281], [7203.0466, 3958.7633]]}}, {"type": "Feature", "properties": {"layer": "PDF_REGIAO_POLILINHAS"}, "geometry": {"type": "LineString", "coordinates": [[7176.8747, 3949.0497], [7193.4503, 3968.7398]]}}, {"type": "Feature", "properties": {"layer": "PDF_REGIAO_POLILINHAS"}, "geometry": {"type": "LineString", "coordinates": [[7203.0466, 3958.7633], [7186.578, 3940.3281]]}}, {"type": "Feature", "properties": {"layer": "PDF_REGIAO_POLILINHAS"}, "geometry": {"type": "LineString", "coordinates": [[7180.97, 4026.3692], [7187.1914, 4020.8677]]}}, {"type": "Feature", "properties": {"layer": "PDF_REGIAO_POLILINHAS"}, "geometry": {"type": "LineString", "coordinates": [[7187.1914, 4020.8677], [7189.9165, 4018.5539]]}}, {"type": "Feature", "properties": {"layer": "PDF_REGIAO_POLILINHAS"}, "geometry": {"type": "LineString", "coordinates": [[7189.9165, 4018.5539], [7198.4516, 4011.407]]}}, {"type": "Feature", "properties": {"layer": "PDF_REGIAO_POLILINHAS"}, "geometry": {"type": "LineString", "coordinates": [[7198.4516, 4011.407], [7189.4956, 4000.8267]]}}, {"type": "Feature", "properties": {"layer": "PDF_REGIAO_POLILINHAS"}, "geometry": {"type": "LineString", "coordinates": [[7171.7921, 4011.1756], [7166.2648, 4015.8288]]}}, {"type": "Feature", "properties": {"layer": "PDF_REGIAO_POLILINHAS"}, "geometry": {"type": "LineString", "coordinates": [[7166.2648, 4015.8288], [7180.97, 4026.3692]]}}, {"type": "Feature", "properties": {"layer": "PDF_REGIAO_POLILINHAS"}, "geometry": {"type": "LineString", "coordinates": [[7243.4926, 4106.6821], [7197.5261, 4033.1562]]}}, {"type": "Feature", "properties": {"layer": "PDF_REGIAO_POLILINHAS"}, "geometry": {"type": "LineString", "coordinates": [[7197.5261, 4033.1562], [7187.1914, 4020.8677]]}}, {"type": "Feature", "properties": {"layer": "PDF_REGIAO_POLILINHAS"}, "geometry": {"type": "LineString", "coordinates": [[7187.1914, 4020.8677], [7180.97, 4026.3692]]}}, {"type": "Feature", "properties": {"layer": "PDF_REGIAO_POLILINHAS"}, "geometry": {"type": "LineString", "coordinates": [[7180.97, 4026.3692], [7166.2648, 4015.8288]]}}, {"type": "Feature", "properties": {"layer": "PDF_REGIAO_POLILINHAS"}, "geometry": {"type": "LineString", "coordinates": [[7166.2648, 4015.8288], [7171.7921, 4011.1756]]}}, {"type": "Feature", "properties": {"layer": "PDF_REGIAO_POLILINHAS"}, "geometry": {"type": "LineString", "coordinates": [[7177.3194, 4006.5224], [7163.7454, 3990.4804]]}}, {"type": "Feature", "properties": {"layer": "PDF_REGIAO_POLILINHAS"}, "geometry": {"type": "LineString", "coordinates": [[7163.7454, 3990.4804], [7176.7538, 3979.4772]]}}, {"type": "Feature", "properties": {"layer": "PDF_REGIAO_POLILINHAS"}, "geometry": {"type": "LineString", "coordinates": [[7176.7538, 3979.4772], [7174.8, 3977.1635]]}}, {"type": "Feature", "properties": {"layer": "PDF_REGIAO_POLILINHAS"}, "geometry": {"type": "LineString", "coordinates": [[7174.8, 3977.1635], [7173.823, 3978.0376]]}}, {"type": "Feature", "properties": {"layer": "PDF_REGIAO_POLILINHAS"}, "geometry": {"type": "LineString", "coordinates": [[7173.823, 3978.0376], [7161.2201, 3963.1204]]}}, {"type": "Feature", "properties": {"layer": "PDF_REGIAO_POLILINHAS"}, "geometry": {"type": "LineString", "coordinates": [[7201.948, 4008.4248], [7198.4516, 4011.407]]}}, {"type": "Feature", "properties": {"layer": "PDF_REGIAO_POLILINHAS"}, "geometry": {"type": "LineString", "coordinates": [[7198.4516, 4011.407], [7189.9165, 4018.5539]]}}, {"type": "Feature", "properties": {"layer": "PDF_REGIAO_POLILINHAS"}, "geometry": {"type": "LineString", "coordinates": [[7189.9165, 4018.5539], [7187.1914, 4020.8677]]}}, {"type": "Feature", "properties": {"layer": "PDF_REGIAO_POLILINHAS"}, "geometry": {"type": "LineString", "coordinates": [[7187.1914, 4020.8677], [7197.5261, 4033.1562]]}}, {"type": "Feature", "properties": {"layer": "PDF_REGIAO_POLILINHAS"}, "geometry": {"type": "LineString", "coordinates": [[7197.5261, 4033.1562], [7212.2827, 4020.662]]}}, {"type": "Feature", "properties": {"layer": "PDF_REGIAO_POLILINHAS"}, "geometry": {"type": "LineString", "coordinates": [[7212.2827, 4020.662], [7201.948, 4008.4248]]}}, {"type": "Feature", "properties": {"layer": "PDF_REGIAO_POLILINHAS"}, "geometry": {"type": "LineString", "coordinates": [[7100.034, 3986.2148], [7099.7891, 3986.3834], [7099.516, 3986.501], [7099.2252, 3986.563], [7098.928, 3986.5672], [7098.6356, 3986.5132], [7098.3593, 3986.4032], [7098.1098, 3986.2415], [7097.8967, 3986.0342]]}}, {"type": "Feature", "properties": {"layer": "PDF_REGIAO_POLILINHAS"}, "geometry": {"type": "LineString", "coordinates": [[7100.0069, 3986.1612], [7137.1811, 3954.8485]]}}, {"type": "Feature", "properties": {"layer": "PDF_REGIAO_POLILINHAS"}, "geometry": {"type": "LineString", "coordinates": [[7137.1811, 3954.8485], [7124.2241, 3939.5263]]}}, {"type": "Feature", "properties": {"layer": "PDF_REGIAO_POLILINHAS"}, "geometry": {"type": "LineString", "coordinates": [[7124.2241, 3939.5263], [7085.9701, 3971.816]]}}, {"type": "Feature", "properties": {"layer": "PDF_REGIAO_POLILINHAS"}, "geometry": {"type": "LineString", "coordinates": [[7085.9701, 3971.816], [7097.8988, 3986.007]]}}, {"type": "Feature", "properties": {"layer": "PDF_REGIAO_POLILINHAS"}, "geometry": {"type": "LineString", "coordinates": [[7082.0625, 3883.3279], [7115.4319, 3920.7078]]}}, {"type": "Feature", "properties": {"layer": "PDF_REGIAO_POLILINHAS"}, "geometry": {"type": "LineString", "coordinates": [[7115.4319, 3920.7078], [7131.5253, 3907.1338]]}}, {"type": "Feature", "properties": {"layer": "PDF_REGIAO_POLILINHAS"}, "geometry": {"type": "LineString", "coordinates": [[7131.5253, 3907.1338], [7098.1559, 3869.7539]]}}, {"type": "Feature", "properties": {"layer": "PDF_REGIAO_POLILINHAS"}, "geometry": {"type": "LineString", "coordinates": [[7098.1559, 3869.7539], [7082.0625, 3883.3279]]}}, {"type": "Feature", "properties": {"layer": "PDF_REGIAO_POLILINHAS"}, "geometry": {"type": "LineString", "coordinates": [[7074.4014, 3889.8064], [7107.7708, 3927.1863]]}}, {"type": "Feature", "properties": {"layer": "PDF_REGIAO_POLILINHAS"}, "geometry": {"type": "LineString", "coordinates": [[7107.7708, 3927.1863], [7115.4319, 3920.7078]]}}, {"type": "Feature", "properties": {"layer": "PDF_REGIAO_POLILINHAS"}, "geometry": {"type": "LineString", "coordinates": [[7115.4319, 3920.7078], [7082.0625, 3883.3279]]}}, {"type": "Feature", "properties": {"layer": "PDF_REGIAO_POLILINHAS"}, "geometry": {"type": "LineString", "coordinates": [[7082.0625, 3883.3279], [7074.4014, 3889.8064]]}}, {"type": "Feature", "properties": {"layer": "PDF_REGIAO_POLILINHAS"}, "geometry": {"type": "LineString", "coordinates": [[7065.1978, 3897.5703], [7098.5672, 3934.9502]]}}, {"type": "Feature", "properties": {"layer": "PDF_REGIAO_POLILINHAS"}, "geometry": {"type": "LineString", "coordinates": [[7098.5672, 3934.9502], [7107.7708, 3927.1863]]}}, {"type": "Feature", "properties": {"layer": "PDF_REGIAO_POLILINHAS"}, "geometry": {"type": "LineString", "coordinates": [[7107.7708, 3927.1863], [7074.4014, 3889.8064]]}}, {"type": "Feature", "properties": {"layer": "PDF_REGIAO_POLILINHAS"}, "geometry": {"type": "LineString", "coordinates": [[7074.4014, 3889.8064], [7065.1978, 3897.5703]]}}, {"type": "Feature", "properties": {"layer": "PDF_REGIAO_POLILINHAS"}, "geometry": {"type": "LineString", "coordinates": [[7056.0456, 3905.3342], [7089.4151, 3942.7141]]}}, {"type": "Feature", "properties": {"layer": "PDF_REGIAO_POLILINHAS"}, "geometry": {"type": "LineString", "coordinates": [[7089.4151, 3942.7141], [7098.5672, 3934.9502]]}}, {"type": "Feature", "properties": {"layer": "PDF_REGIAO_POLILINHAS"}, "geometry": {"type": "LineString", "coordinates": [[7098.5672, 3934.9502], [7065.1978, 3897.5703]]}}, {"type": "Feature", "properties": {"layer": "PDF_REGIAO_POLILINHAS"}, "geometry": {"type": "LineString", "coordinates": [[7065.1978, 3897.5703], [7056.0456, 3905.3342]]}}, {"type": "Feature", "properties": {"layer": "PDF_REGIAO_POLILINHAS"}, "geometry": {"type": "LineString", "coordinates": [[7041.7004, 3919.371], [7073.0131, 3956.5452]]}}, {"type": "Feature", "properties": {"layer": "PDF_REGIAO_POLILINHAS"}, "geometry": {"type": "LineString", "coordinates": [[7073.0131, 3956.5452], [7089.4151, 3942.7141]]}}, {"type": "Feature", "properties": {"layer": "PDF_REGIAO_POLILINHAS"}, "geometry": {"type": "LineString", "coordinates": [[7089.4151, 3942.7141], [7056.0456, 3905.3342]]}}, {"type": "Feature", "properties": {"layer": "PDF_REGIAO_POLILINHAS"}, "geometry": {"type": "LineString", "coordinates": [[7056.0456, 3905.3342], [7041.8546, 3917.2629]]}}, {"type": "Feature", "properties": {"layer": "PDF_REGIAO_POLILINHAS"}, "geometry": {"type": "LineString", "coordinates": [[7041.6469, 3919.4496], [7041.4783, 3919.2047], [7041.3607, 3918.9316], [7041.2986, 3918.6408], [7041.2945, 3918.3435], [7041.3484, 3918.0511], [7041.4584, 3917.7748], [7041.6201, 3917.5253], [7041.8274, 3917.3122]]}}, {"type": "Feature", "properties": {"layer": "PDF_REGIAO_POLILINHAS"}, "geometry": {"type": "LineString", "coordinates": [[7098.1559, 3869.7539], [7131.5253, 3907.1338]]}}, {"type": "Feature", "properties": {"layer": "PDF_REGIAO_POLILINHAS"}, "geometry": {"type": "LineString", "coordinates": [[7131.5253, 3907.1338], [7140.4718, 3899.5755]]}}, {"type": "Feature", "properties": {"layer": "PDF_REGIAO_POLILINHAS"}, "geometry": {"type": "LineString", "coordinates": [[7140.4718, 3899.5755], [7136.9755, 3895.9764]]}}, {"type": "Feature", "properties": {"layer": "PDF_REGIAO_POLILINHAS"}, "geometry": {"type": "LineString", "coordinates": [[7136.9755, 3895.9764], [7106.9481, 3862.3499]]}}, {"type": "Feature", "properties": {"layer": "PDF_REGIAO_POLILINHAS"}, "geometry": {"type": "LineString", "coordinates": [[7106.9481, 3862.3499], [7098.1559, 3869.7539]]}}, {"type": "Feature", "properties": {"layer": "PDF_REGIAO_POLILINHAS"}, "geometry": {"type": "LineString", "coordinates": [[7111.3186, 3924.2041], [7124.2241, 3939.5263]]}}, {"type": "Feature", "properties": {"layer": "PDF_REGIAO_POLILINHAS"}, "geometry": {"type": "LineString", "coordinates": [[7124.2241, 3939.5263], [7137.1811, 3954.8485]]}}, {"type": "Feature", "properties": {"layer": "PDF_REGIAO_POLILINHAS"}, "geometry": {"type": "LineString", "coordinates": [[7137.1811, 3954.8485], [7168.5453, 3928.3175]]}}, {"type": "Feature", "properties": {"layer": "PDF_REGIAO_POLILINHAS"}, "geometry": {"type": "LineString", "coordinates": [[7168.5453, 3928.3175], [7140.4718, 3899.5755]]}}, {"type": "Feature", "properties": {"layer": "PDF_REGIAO_POLILINHAS"}, "geometry": {"type": "LineString", "coordinates": [[7140.4718, 3899.5755], [7131.5253, 3907.1338]]}}, {"type": "Feature", "properties": {"layer": "PDF_REGIAO_POLILINHAS"}, "geometry": {"type": "LineString", "coordinates": [[7131.5253, 3907.1338], [7115.4319, 3920.7078]]}}, {"type": "Feature", "properties": {"layer": "PDF_REGIAO_POLILINHAS"}, "geometry": {"type": "LineString", "coordinates": [[7115.4319, 3920.7078], [7111.3186, 3924.2041]]}}, {"type": "Feature", "properties": {"layer": "PDF_REGIAO_POLILINHAS"}, "geometry": {"type": "LineString", "coordinates": [[7073.0131, 3956.5452], [7085.9701, 3971.816]]}}, {"type": "Feature", "properties": {"layer": "PDF_REGIAO_POLILINHAS"}, "geometry": {"type": "LineString", "coordinates": [[7085.9701, 3971.816], [7124.2241, 3939.5263]]}}, {"type": "Feature", "properties": {"layer": "PDF_REGIAO_POLILINHAS"}, "geometry": {"type": "LineString", "coordinates": [[7124.2241, 3939.5263], [7111.3186, 3924.2041]]}}, {"type": "Feature", "properties": {"layer": "PDF_REGIAO_POLILINHAS"}, "geometry": {"type": "LineString", "coordinates": [[7111.3186, 3924.2041], [7107.7708, 3927.1863]]}}, {"type": "Feature", "properties": {"layer": "PDF_REGIAO_POLILINHAS"}, "geometry": {"type": "LineString", "coordinates": [[7107.7708, 3927.1863], [7098.5672, 3934.9502]]}}, {"type": "Feature", "properties": {"layer": "PDF_REGIAO_POLILINHAS"}, "geometry": {"type": "LineString", "coordinates": [[7098.5672, 3934.9502], [7089.4151, 3942.7141]]}}, {"type": "Feature", "properties": {"layer": "PDF_REGIAO_POLILINHAS"}, "geometry": {"type": "LineString", "coordinates": [[7089.4151, 3942.7141], [7073.0131, 3956.5452]]}}, {"type": "Feature", "properties": {"layer": "PDF_REGIAO_POLILINHAS"}, "geometry": {"type": "LineString", "coordinates": [[7071.5579, 3951.5824], [7071.5579, 3951.6852]]}}, {"type": "Feature", "properties": {"layer": "PDF_REGIAO_POLILINHAS"}, "geometry": {"type": "LineString", "coordinates": [[7136.9755, 3895.9764], [7140.4718, 3899.5755]]}}, {"type": "Feature", "properties": {"layer": "PDF_REGIAO_POLILINHAS"}, "geometry": {"type": "LineString", "coordinates": [[7140.4718, 3899.5755], [7168.5453, 3928.3175]]}}, {"type": "Feature", "properties": {"layer": "PDF_REGIAO_POLILINHAS"}, "geometry": {"type": "LineString", "coordinates": [[7168.5453, 3928.3175], [7179.9598, 3918.7025]]}}, {"type": "Feature", "properties": {"layer": "PDF_REGIAO_POLILINHAS"}, "geometry": {"type": "LineString", "coordinates": [[7179.9598, 3918.7025], [7149.9325, 3885.076]]}}, {"type": "Feature", "properties": {"layer": "PDF_REGIAO_POLILINHAS"}, "geometry": {"type": "LineString", "coordinates": [[7149.9325, 3885.076], [7145.7677, 3888.5724]]}}, {"type": "Feature", "properties": {"layer": "PDF_REGIAO_POLILINHAS"}, "geometry": {"type": "LineString", "coordinates": [[7145.7677, 3888.5724], [7136.9755, 3895.9764]]}}, {"type": "Feature", "properties": {"layer": "PDF_REGIAO_POLILINHAS"}, "geometry": {"type": "LineString", "coordinates": [[7112.6878, 3683.3755], [7117.4339, 3681.8174], [7122.33, 3680.8264], [7127.3085, 3680.4161], [7132.3008, 3680.5922], [7137.238, 3681.3522], [7142.0521, 3682.6858], [7146.6767, 3684.5745], [7151.048, 3686.9922]]}}, {"type": "Feature", "properties": {"layer": "PDF_REGIAO_POLILINHAS"}, "geometry": {"type": "LineString", "coordinates": [[7151.048, 3686.9922], [7241.7985, 3668.9964]]}}, {"type": "Feature", "properties": {"layer": "PDF_REGIAO_POLILINHAS"}, "geometry": {"type": "LineString", "coordinates": [[7241.7985, 3668.9964], [7233.9831, 3629.6626]]}}, {"type": "Feature", "properties": {"layer": "PDF_REGIAO_POLILINHAS"}, "geometry": {"type": "LineString", "coordinates": [[7233.9831, 3629.6626], [7248.7397, 3626.7319]]}}, {"type": "Feature", "properties": {"layer": "PDF_REGIAO_POLILINHAS"}, "geometry": {"type": "LineString", "coordinates": [[7248.7397, 3626.7319], [7263.4449, 3623.8011]]}}, {"type": "Feature", "properties": {"layer": "PDF_REGIAO_POLILINHAS"}, "geometry": {"type": "LineString", "coordinates": [[7263.4449, 3623.8011], [7278.2015, 3620.8704]]}}, {"type": "Feature", "properties": {"layer": "PDF_REGIAO_POLILINHAS"}, "geometry": {"type": "LineString", "coordinates": [[7278.2015, 3620.8704], [7292.958, 3617.9911]]}}, {"type": "Feature", "properties": {"layer": "PDF_REGIAO_POLILINHAS"}, "geometry": {"type": "LineString", "coordinates": [[7292.958, 3617.9911], [7307.6632, 3615.0603]]}}, {"type": "Feature", "properties": {"layer": "PDF_REGIAO_POLILINHAS"}, "geometry": {"type": "LineString", "coordinates": [[7307.6632, 3615.0603], [7322.4198, 3612.1296]]}}, {"type": "Feature", "properties": {"layer": "PDF_REGIAO_POLILINHAS"}, "geometry": {"type": "LineString", "coordinates": [[7322.4198, 3612.1296], [7337.1764, 3609.1988]]}}, {"type": "Feature", "properties": {"layer": "PDF_REGIAO_POLILINHAS"}, "geometry": {"type": "LineString", "coordinates": [[7337.1764, 3609.1988], [7351.8815, 3606.2681]]}}, {"type": "Feature", "properties": {"layer": "PDF_REGIAO_POLILINHAS"}, "geometry": {"type": "LineString", "coordinates": [[7351.8815, 3606.2681], [7366.6381, 3603.3373]]}}, {"type": "Feature", "properties": {"layer": "PDF_REGIAO_POLILINHAS"}, "geometry": {"type": "LineString", "coordinates": [[7366.6381, 3603.3373], [7381.3947, 3600.4066]]}}, {"type": "Feature", "properties": {"layer": "PDF_REGIAO_POLILINHAS"}, "geometry": {"type": "LineString", "coordinates": [[7381.3947, 3600.4066], [7396.1513, 3597.4758]]}}, {"type": "Feature", "properties": {"layer": "PDF_REGIAO_POLILINHAS"}, "geometry": {"type": "LineString", "coordinates": [[7396.1513, 3597.4758], [7410.8565, 3594.5451]]}}, {"type": "Feature", "properties": {"layer": "PDF_REGIAO_POLILINHAS"}, "geometry": {"type": "LineString", "coordinates": [[7410.8565, 3594.5451], [7425.6131, 3591.6657]]}}, {"type": "Feature", "properties": {"layer": "PDF_REGIAO_POLILINHAS"}, "geometry": {"type": "LineString", "coordinates": [[7425.6131, 3591.6657], [7440.3696, 3588.735]]}}, {"type": "Feature", "properties": {"layer": "PDF_REGIAO_POLILINHAS"}, "geometry": {"type": "LineString", "coordinates": [[7440.3696, 3588.735], [7455.0748, 3585.8042]]}}, {"type": "Feature", "properties": {"layer": "PDF_REGIAO_POLILINHAS"}, "geometry": {"type": "LineString", "coordinates": [[7455.0748, 3585.8042], [7469.8314, 3582.8735]]}}, {"type": "Feature", "properties": {"layer": "PDF_REGIAO_POLILINHAS"}, "geometry": {"type": "LineString", "coordinates": [[7469.8314, 3582.8735], [7484.588, 3579.9427]]}}, {"type": "Feature", "properties": {"layer": "PDF_REGIAO_POLILINHAS"}, "geometry": {"type": "LineString", "coordinates": [[7484.588, 3579.9427], [7485.9248, 3579.6856]]}}, {"type": "Feature", "properties": {"layer": "PDF_REGIAO_POLILINHAS"}, "geometry": {"type": "LineString", "coordinates": [[7485.9248, 3579.6856], [7323.9109, 3387.7986]]}}, {"type": "Feature", "properties": {"layer": "PDF_REGIAO_POLILINHAS"}, "geometry": {"type": "LineString", "coordinates": [[7541.2248, 4017.2951], [7540.9799, 4017.4637], [7540.7069, 4017.5813], [7540.4161, 4017.6433], [7540.1188, 4017.6474], [7539.8264, 4017.5935], [7539.5502, 4017.4835], [7539.3007, 4017.3218], [7539.0875, 4017.1145]]}}, {"type": "Feature", "properties": {"layer": "PDF_REGIAO_POLILINHAS"}, "geometry": {"type": "LineString", "coordinates": [[7541.2248, 4017.2951], [7540.9799, 4017.4637], [7540.7069, 4017.5813], [7540.4161, 4017.6433], [7540.1188, 4017.6474], [7539.8264, 4017.5935], [7539.5502, 4017.4835], [7539.3007, 4017.3218], [7539.0875, 4017.1145]]}}, {"type": "Feature", "properties": {"layer": "PDF_REGIAO_POLILINHAS"}, "geometry": {"type": "LineString", "coordinates": [[7173.4423, 4012.9763], [7189.4956, 4000.8267]]}}, {"type": "Feature", "properties": {"layer": "PDF_REGIAO_POLILINHAS"}, "geometry": {"type": "LineString", "coordinates": [[7236.8218, 3962.2781], [7235.266, 3960.2474]]}}, {"type": "Feature", "properties": {"layer": "PDF_REGIAO_POLILINHAS"}, "geometry": {"type": "LineString", "coordinates": [[7202.6987, 3925.8384], [7235.266, 3960.2474]]}}, {"type": "Feature", "properties": {"layer": "PDF_REGIAO_POLILINHAS"}, "geometry": {"type": "LineString", "coordinates": [[7189.4956, 4000.8267], [7173.4423, 4012.9763]]}}, {"type": "Feature", "properties": {"layer": "PDF_REGIAO_POLILINHAS"}, "geometry": {"type": "LineString", "coordinates": [[7173.4423, 4012.9763], [7171.7921, 4011.1756]]}}, {"type": "Feature", "properties": {"layer": "PDF_REGIAO_POLILINHAS"}, "geometry": {"type": "LineString", "coordinates": [[7177.3194, 4006.5224], [7179.1573, 4008.651]]}}, {"type": "Feature", "properties": {"layer": "PDF_REGIAO_POLILINHAS"}, "geometry": {"type": "LineString", "coordinates": [[7202.6987, 3925.8384], [7161.2201, 3963.1204]]}}, {"type": "Feature", "properties": {"layer": "PDF_REGIAO_POLILINHAS"}, "geometry": {"type": "LineString", "coordinates": [[7202.6987, 3925.8384], [7235.266, 3960.2474]]}}, {"type": "Feature", "properties": {"layer": "PDF_REGIAO_POLILINHAS"}, "geometry": {"type": "LineString", "coordinates": [[7219.4764, 3943.5649], [7203.0466, 3958.7633]]}}, {"type": "Feature", "properties": {"layer": "PDF_REGIAO_POLILINHAS"}, "geometry": {"type": "LineString", "coordinates": [[7203.0466, 3958.7633], [7179.7321, 3983.0017]]}}, {"type": "Feature", "properties": {"layer": "PDF_REGIAO_POLILINHAS"}, "geometry": {"type": "LineString", "coordinates": [[7235.266, 3960.2474], [7236.8218, 3962.2781]]}}, {"type": "Feature", "properties": {"layer": "PDF_REGIAO_POLILINHAS"}, "geometry": {"type": "LineString", "coordinates": [[7236.8218, 3962.2781], [7190.4302, 4001.9309]]}}, {"type": "Feature", "properties": {"layer": "PDF_REGIAO_POLILINHAS"}, "geometry": {"type": "LineString", "coordinates": [[7161.2201, 3963.1204], [7144.2744, 3978.7092]]}}, {"type": "Feature", "properties": {"layer": "PDF_REGIAO_POLILINHAS"}, "geometry": {"type": "LineString", "coordinates": [[7323.9109, 3387.7986], [7151.7756, 3546.3656]]}}, {"type": "Feature", "properties": {"layer": "PDF_REGIAO_POLILINHAS"}, "geometry": {"type": "LineString", "coordinates": [[7151.7756, 3546.3656], [7113.7601, 3586.6003]]}}, {"type": "Feature", "properties": {"layer": "PDF_REGIAO_POLILINHAS"}, "geometry": {"type": "LineString", "coordinates": [[7113.7601, 3586.6003], [7097.5544, 3602.1893]]}}, {"type": "Feature", "properties": {"layer": "PDF_REGIAO_POLILINHAS"}, "geometry": {"type": "LineString", "coordinates": [[7097.5544, 3602.1893], [7081.5897, 3624.5318]]}}, {"type": "Feature", "properties": {"layer": "PDF_REGIAO_POLILINHAS"}, "geometry": {"type": "LineString", "coordinates": [[7085.5237, 3724.4875], [7086.1035, 3718.0188], [7087.5883, 3711.6963], [7089.9487, 3705.6459], [7093.1376, 3699.9881], [7097.0913, 3694.8357], [7101.7312, 3690.2915], [7106.9648, 3686.4458], [7112.6878, 3683.3755]]}}, {"type": "Feature", "properties": {"layer": "REGIAO_POLILINHAS"}, "geometry": {"type": "LineString", "coordinates": [[5901.2488, 5234.047], [5874.6021, 5204.2149]]}}, {"type": "Feature", "properties": {"layer": "REGIAO_POLILINHAS"}, "geometry": {"type": "LineString", "coordinates": [[5888.0462, 5193.2684], [5906.3211, 5178.3884]]}}, {"type": "Feature", "properties": {"layer": "REG60-100", "regiao": "1"}, "geometry": {"type": "Point", "coordinates": [6019.6451, 3434.9405]}}, {"type": "Feature", "properties": {"layer": "REG60-100", "regiao": "2"}, "geometry": {"type": "Point", "coordinates": [6007.5703, 3419.1693]}}, {"type": "Feature", "properties": {"layer": "REG60-100", "regiao": "1"}, "geometry": {"type": "Point", "coordinates": [5906.5816, 3363.9407]}}, {"type": "Feature", "properties": {"layer": "REG60-100", "regiao": "2"}, "geometry": {"type": "Point", "coordinates": [5925.4678, 3350.3342]}}, {"type": "Feature", "properties": {"layer": "REG60-100", "regiao": "3"}, "geometry": {"type": "Point", "coordinates": [5943.1156, 3335.4907]}}, {"type": "Feature", "properties": {"layer": "REG60-100", "regiao": "4"}, "geometry": {"type": "Point", "coordinates": [5960.1442, 3320.6472]}}, {"type": "Feature", "properties": {"layer": "REG60-100", "regiao": "5"}, "geometry": {"type": "Point", "coordinates": [5978.7208, 3305.1853]}}, {"type": "Feature", "properties": {"layer": "REG60-100", "regiao": "8"}, "geometry": {"type": "Point", "coordinates": [5921.1333, 3305.4945]}}, {"type": "Feature", "properties": {"layer": "REG60-100", "regiao": "1"}, "geometry": {"type": "Point", "coordinates": [5895.4653, 3231.0437]}}, {"type": "Feature", "properties": {"layer": "REG60-100", "regiao": "2"}, "geometry": {"type": "Point", "coordinates": [5817.5941, 3194.5358]}}, {"type": "Feature", "properties": {"layer": "REG60-100", "regiao": "3B"}, "geometry": {"type": "Point", "coordinates": [5761.6077, 3187.8697]}}, {"type": "Feature", "properties": {"layer": "REG60-100", "regiao": "4"}, "geometry": {"type": "Point", "coordinates": [5770.2138, 3143.1545]}}, {"type": "Feature", "properties": {"layer": "REG60-100", "regiao": "8"}, "geometry": {"type": "Point", "coordinates": [5883.0743, 3130.3106]}}, {"type": "Feature", "properties": {"layer": "REG60-100", "regiao": "7"}, "geometry": {"type": "Point", "coordinates": [5847.7851, 3089.2402]}}, {"type": "Feature", "properties": {"layer": "REG60-100", "regiao": "6"}, "geometry": {"type": "Point", "coordinates": [5815.695, 3044.5744]}}, {"type": "Feature", "properties": {"layer": "REG60-100", "regiao": "5"}, "geometry": {"type": "Point", "coordinates": [6115.9077, 3231.9364]}}, {"type": "Feature", "properties": {"layer": "REG60-100", "regiao": "1"}, "geometry": {"type": "Point", "coordinates": [5720.0463, 3033.1706]}}, {"type": "Feature", "properties": {"layer": "REG60-100", "regiao": "8"}, "geometry": {"type": "Point", "coordinates": [5656.5329, 3055.622]}}, {"type": "Feature", "properties": {"layer": "REG60-100", "regiao": "2"}, "geometry": {"type": "Point", "coordinates": [5770.2498, 2979.2235]}}, {"type": "Feature", "properties": {"layer": "REG60-100", "regiao": "4"}, "geometry": {"type": "Point", "coordinates": [5669.7439, 2947.9833]}}, {"type": "Feature", "properties": {"layer": "REG60-100", "regiao": "5"}, "geometry": {"type": "Point", "coordinates": [5663.7816, 2839.4699]}}, {"type": "Feature", "properties": {"layer": "REG60-100", "regiao": "6"}, "geometry": {"type": "Point", "coordinates": [5631.5576, 2799.1876]}}, {"type": "Feature", "properties": {"layer": "REG60-100", "regiao": "7"}, "geometry": {"type": "Point", "coordinates": [5566.3332, 2888.6809]}}, {"type": "Feature", "properties": {"layer": "REG60-100", "regiao": "1"}, "geometry": {"type": "Point", "coordinates": [5839.9572, 2919.7336]}}, {"type": "Feature", "properties": {"layer": "REG60-100", "regiao": "2"}, "geometry": {"type": "Point", "coordinates": [5876.5363, 2888.6787]}}, {"type": "Feature", "properties": {"layer": "REG60-100", "regiao": "3"}, "geometry": {"type": "Point", "coordinates": [5894.8258, 2870.0458]}}, {"type": "Feature", "properties": {"layer": "REG60-100", "regiao": "4"}, "geometry": {"type": "Point", "coordinates": [5930.707, 2805.9864]}}, {"type": "Feature", "properties": {"layer": "REG60-100", "regiao": "7"}, "geometry": {"type": "Point", "coordinates": [5818.0329, 2859.6708]}}, {"type": "Feature", "properties": {"layer": "REG60-100", "regiao": "6"}, "geometry": {"type": "Point", "coordinates": [5737.6084, 2786.9652]}}, {"type": "Feature", "properties": {"layer": "REG60-100", "regiao": "5"}, "geometry": {"type": "Point", "coordinates": [5798.5613, 2727.416]}}, {"type": "Feature", "properties": {"layer": "REG60-100", "regiao": "1"}, "geometry": {"type": "Point", "coordinates": [5482.5892, 2804.4902]}}, {"type": "Feature", "properties": {"layer": "REG60-100", "regiao": "2"}, "geometry": {"type": "Point", "coordinates": [5512.6343, 2680.3353]}}, {"type": "Feature", "properties": {"layer": "REG60-100", "regiao": "3"}, "geometry": {"type": "Point", "coordinates": [5424.2665, 2749.7679]}}, {"type": "Feature", "properties": {"layer": "REG60-100", "regiao": "1"}, "geometry": {"type": "Point", "coordinates": [6002.1322, 2767.3363]}}, {"type": "Feature", "properties": {"layer": "REG60-100", "regiao": "2"}, "geometry": {"type": "Point", "coordinates": [5962.8652, 2720.6435]}}, {"type": "Feature", "properties": {"layer": "REG60-100", "regiao": "3"}, "geometry": {"type": "Point", "coordinates": [5964.6109, 2679.5429]}}, {"type": "Feature", "properties": {"layer": "REG60-100", "regiao": "4"}, "geometry": {"type": "Point", "coordinates": [6027.6296, 2613.0118]}}, {"type": "Feature", "properties": {"layer": "REG60-100", "regiao": "5"}, "geometry": {"type": "Point", "coordinates": [6044.7673, 2534.7996]}}, {"type": "Feature", "properties": {"layer": "REG60-100", "regiao": "7"}, "geometry": {"type": "Point", "coordinates": [6098.4662, 2500.2959]}}, {"type": "Feature", "properties": {"layer": "REG60-100", "regiao": "6"}, "geometry": {"type": "Point", "coordinates": [6079.3108, 2437.5736]}}, {"type": "Feature", "properties": {"layer": "REG60-100", "regiao": "8"}, "geometry": {"type": "Point", "coordinates": [6089.1621, 2688.6964]}}, {"type": "Feature", "properties": {"layer": "REG60-100", "regiao": "1"}, "geometry": {"type": "Point", "coordinates": [5911.8956, 2686.1881]}}, {"type": "Feature", "properties": {"layer": "REG60-100", "regiao": "6"}, "geometry": {"type": "Point", "coordinates": [5918.3303, 2642.6102]}}, {"type": "Feature", "properties": {"layer": "REG60-100", "regiao": "7"}, "geometry": {"type": "Point", "coordinates": [5939.5157, 2573.4582]}}, {"type": "Feature", "properties": {"layer": "REG60-100", "regiao": "8"}, "geometry": {"type": "Point", "coordinates": [5991.9546, 2517.1009]}}, {"type": "Feature", "properties": {"layer": "REG60-100", "regiao": "5"}, "geometry": {"type": "Point", "coordinates": [5871.4629, 2608.4563]}}, {"type": "Feature", "properties": {"layer": "REG60-100", "regiao": "2"}, "geometry": {"type": "Point", "coordinates": [5903.4193, 2674.3946]}}, {"type": "Feature", "properties": {"layer": "REG60-100", "regiao": "3"}, "geometry": {"type": "Point", "coordinates": [5893.4498, 2662.4709]}}, {"type": "Feature", "properties": {"layer": "REG60-100", "regiao": "4"}, "geometry": {"type": "Point", "coordinates": [5881.8658, 2649.6763]}}, {"type": "Feature", "properties": {"layer": "REG60-100", "regiao": "9"}, "geometry": {"type": "Point", "coordinates": [6019.4011, 2469.8828]}}, {"type": "Feature", "properties": {"layer": "REG60-100", "regiao": "6"}, "geometry": {"type": "Point", "coordinates": [5852.6447, 2681.4599]}}, {"type": "Feature", "properties": {"layer": "REG60-100", "regiao": "1"}, "geometry": {"type": "Point", "coordinates": [5903.8571, 2968.3216]}}, {"type": "Feature", "properties": {"layer": "REG60-100", "regiao": "6"}, "geometry": {"type": "Point", "coordinates": [5882.5246, 3337.7714]}}, {"type": "Feature", "properties": {"layer": "REG60-100", "regiao": "7"}, "geometry": {"type": "Point", "coordinates": [5901.435, 3322.8138]}}, {"type": "Feature", "properties": {"layer": "REG60-100", "regiao": "9"}, "geometry": {"type": "Point", "coordinates": [5940.4376, 3291.3242]}}, {"type": "Feature", "properties": {"layer": "REG60-100", "regiao": "10"}, "geometry": {"type": "Point", "coordinates": [5956.9841, 3277.9411]}}, {"type": "Feature", "properties": {"layer": "REG60-100", "regiao": "5"}, "geometry": {"type": "Point", "coordinates": [6027.2512, 2984.3103]}}, {"type": "Feature", "properties": {"layer": "REG60-100", "regiao": "6"}, "geometry": {"type": "Point", "coordinates": [6252.4241, 3102.2074]}}, {"type": "Feature", "properties": {"layer": "REG60-100", "regiao": "5"}, "geometry": {"type": "Point", "coordinates": [5740.9176, 3106.6735]}}, {"type": "Feature", "properties": {"layer": "REG60-100", "regiao": "2"}, "geometry": {"type": "Point", "coordinates": [5912.5156, 3032.8958]}}, {"type": "Feature", "properties": {"layer": "REG60-100", "regiao": "3"}, "geometry": {"type": "Point", "coordinates": [5940.798, 3078.3841]}}, {"type": "Feature", "properties": {"layer": "REG60-100", "regiao": "3"}, "geometry": {"type": "Point", "coordinates": [5760.9423, 2936.8914]}}, {"type": "Feature", "properties": {"layer": "REG60-100", "regiao": "4"}, "geometry": {"type": "Point", "coordinates": [5951.8524, 3102.7329]}}, {"type": "Feature", "properties": {"layer": "REG60-100", "regiao": "3A"}, "geometry": {"type": "Point", "coordinates": [5769.8265, 3197.5828]}}, {"type": "Feature", "properties": {"layer": "REG60-100", "regiao": "4A"}, "geometry": {"type": "Point", "coordinates": [5963.9046, 3367.1823]}}, {"type": "Feature", "properties": {"layer": "REG60-100", "regiao": "4B"}, "geometry": {"type": "Point", "coordinates": [5973.8209, 3358.9091]}}, {"type": "Feature", "properties": {"layer": "REG60-100", "regiao": "4C"}, "geometry": {"type": "Point", "coordinates": [5983.1724, 3349.8411]}}, {"type": "Feature", "properties": {"layer": "REG60-100", "regiao": "4D"}, "geometry": {"type": "Point", "coordinates": [5993.7626, 3342.3376]}}, {"type": "Feature", "properties": {"layer": "REG60-100", "regiao": "4E"}, "geometry": {"type": "Point", "coordinates": [6001.5608, 3334.6416]}}, {"type": "Feature", "properties": {"layer": "REG60-100", "regiao": "3A"}, "geometry": {"type": "Point", "coordinates": [5929.3843, 3390.3149]}}, {"type": "Feature", "properties": {"layer": "REG60-100", "regiao": "3B"}, "geometry": {"type": "Point", "coordinates": [5939.3509, 3400.0402]}}, {"type": "Feature", "properties": {"layer": "REG60-100", "regiao": "3C"}, "geometry": {"type": "Point", "coordinates": [5947.7999, 3411.2647]}}, {"type": "Feature", "properties": {"layer": "REG60-100", "regiao": "3D"}, "geometry": {"type": "Point", "coordinates": [5957.309, 3421.6415]}}, {"type": "Feature", "properties": {"layer": "REG60-100", "regiao": "3E"}, "geometry": {"type": "Point", "coordinates": [5964.9898, 3432.4822]}}, {"type": "Feature", "properties": {"layer": "PDF_REGIAO_POLILINHAS"}, "geometry": {"type": "Polygon", "coordinates": [[[4718.7706, 5741.4385], [4723.7013, 5754.7991], [4727.2005, 5767.0464], [4786.1039, 5746.1041], [4870.1911, 5676.2789], [4905.8195, 5674.5293], [4930.0489, 5674.9004], [4934.4494, 5725.8511], [4954.9145, 5745.1498], [4977.7124, 5754.7991], [5015.1434, 5770.7046], [5036.3508, 5803.364], [5058.7776, 5818.3682], [5221.8092, 5826.533], [5230.3451, 5825.7908], [5228.8606, 5771.765], [5195.8301, 5754.7461], [5143.7661, 5695.5245], [5126.9062, 5672.5676], [5115.9314, 5642.188], [5097.7461, 5608.7334], [5090.0584, 5600.0384], [5081.0983, 5595.2137], [5050.2946, 5582.7544], [5041.0164, 5573.5822], [5001.6768, 5573.9534], [4998.3896, 5573.2111], [4962.2841, 5554.3896], [4949.0825, 5543.1497], [4932.1166, 5510.5964], [4884.0819, 5510.2252], [4874.8567, 5508.3696], [4870.6683, 5506.1428], [4849.0368, 5485.3596], [4846.9691, 5482.1785], [4835.0399, 5450.1024], [4834.3507, 5428.4179], [4807.1522, 5429.0011], [4795.011, 5184.4802], [4758.9585, 5186.0707], [4756.5727, 5107.7626], [4695.1774, 5071.0208], [4688.5501, 5063.7043], [4635.5317, 5057.8723], [4626.6776, 5053.7898], [4561.1999, 5056.3347], [4561.0408, 5025.0539], [4534.5316, 5027.5987], [4531.2975, 5000.6124], [4530.6083, 4996.3179], [4380.2481, 4999.3399], [4378.7636, 5098.8555], [4384.8607, 5097.7951], [4395.1463, 5130.8786], [4403.9473, 5135.4912], [4431.3048, 5139.9447], [4445.7258, 5146.2539], [4455.1101, 5151.2377], [4466.6681, 5163.3789], [4473.2954, 5181.034], [4478.8093, 5200.9159], [4484.3762, 5220.7448], [4486.0198, 5235.1128], [4487.2392, 5252.9269], [4489.0949, 5330.97], [4493.5484, 5339.1879], [4499.1153, 5347.6178], [4510.3552, 5359.6], [4523.0266, 5372.4834], [4535.8041, 5386.5333], [4546.9379, 5397.4021], [4546.1957, 5403.5522], [4545.1883, 5421.1543], [4544.234, 5438.3323], [4544.287, 5457.1538], [4544.6581, 5464.3113], [4545.2413, 5469.4541], [4546.5668, 5477.884], [4547.8923, 5483.663], [4549.5889, 5487.9575], [4553.8833, 5493.7895], [4557.2765, 5497.1297], [4571.9096, 5499.0384], [4598.3128, 5508.8998], [4612.2036, 5525.1764], [4621.3228, 5548.4515], [4614.2713, 5580.1565], [4617.0813, 5601.788], [4648.7333, 5629.1985], [4649.4225, 5638.7949], [4645.7642, 5641.3928], [4643.3784, 5668.5912], [4659.1779, 5683.0122], [4679.2719, 5706.0752], [4690.2997, 5712.1193], [4701.5396, 5720.5492], [4710.8178, 5730.0395], [4718.7706, 5741.4385]]]}}, {"type": "Feature", "properties": {"layer": "PDF_REGIAO_POLILINHAS"}, "geometry": {"type": "LineString", "coordinates": [[4322.8557, 5177.1394], [4322.5597, 5177.2058], [4322.2564, 5177.2117], [4321.958, 5177.157], [4321.6766, 5177.0438], [4321.4235, 5176.8766], [4321.2088, 5176.6622], [4321.0413, 5176.4093], [4320.9277, 5176.1281], [4320.8726, 5175.8298]]}}, {"type": "Feature", "properties": {"layer": "PDF_REGIAO_POLILINHAS"}, "geometry": {"type": "LineString", "coordinates": [[4372.6641, 5159.3966], [4372.6579, 5159.6429], [4372.6118, 5159.885], [4372.5269, 5160.1163], [4372.4056, 5160.3307], [4372.251, 5160.5226], [4372.0673, 5160.6869], [4371.8594, 5160.8191], [4371.6327, 5160.9157]]}}, {"type": "Feature", "properties": {"layer": "PDF_REGIAO_POLILINHAS"}, "geometry": {"type": "LineString", "coordinates": [[4322.8822, 5177.1106], [4371.6591, 5160.887]]}}, {"type": "Feature", "properties": {"layer": "PDF_REGIAO_POLILINHAS"}, "geometry": {"type": "LineString", "coordinates": [[4372.7195, 5159.3495], [4369.1142, 5096.1515], [4314.4523, 5097.1059], [4320.9205, 5175.8382]]}}, {"type": "Feature", "properties": {"layer": "PDF_REGIAO_POLILINHAS"}, "geometry": {"type": "Polygon", "coordinates": [[[4313.1798, 5059.7809], [4314.4523, 5097.1059], [4369.1142, 5096.1515], [4368.1599, 5082.7909], [4341.6507, 5083.5862], [4342.0218, 5071.3389], [4342.8701, 5060.152], [4313.1798, 5059.7809]]]}}, {"type": "Feature", "properties": {"layer": "PDF_REGIAO_POLILINHAS"}, "geometry": {"type": "Polygon", "coordinates": [[[4342.0218, 5071.3389], [4341.6507, 5083.5862], [4368.1599, 5082.7909], [4367.3116, 5070.3846], [4342.0218, 5071.3389]]]}}, {"type": "Feature", "properties": {"layer": "PDF_REGIAO_POLILINHAS"}, "geometry": {"type": "Polygon", "coordinates": [[[4344.0895, 5047.5337], [4342.8701, 5060.152], [4342.0218, 5071.3389], [4367.3116, 5070.3846], [4367.9478, 5046.5793], [4344.0895, 5047.5337]]]}}, {"type": "Feature", "properties": {"layer": "PDF_REGIAO_POLILINHAS"}, "geometry": {"type": "LineString", "coordinates": [[4366.0392, 4996.0528], [4319.9662, 4997.5373], [4314.3992, 5005.9142], [4313.1798, 5059.7809], [4342.8701, 5060.152], [4344.0895, 5047.5337], [4367.9478, 5046.5793], [4367.6297, 4997.5373]]}}, {"type": "Feature", "properties": {"layer": "PDF_REGIAO_POLILINHAS"}, "geometry": {"type": "LineString", "coordinates": [[4366.0169, 4996.0536], [4366.3172, 4996.0739], [4366.6076, 4996.1533], [4366.8765, 4996.2887], [4367.1131, 4996.4748], [4367.3082, 4996.704], [4367.454, 4996.9674], [4367.5447, 4997.2545], [4367.5766, 4997.5538]]}}, {"type": "Feature", "properties": {"layer": "PDF_REGIAO_POLILINHAS"}, "geometry": {"type": "Polygon", "coordinates": [[[4418.4744, 5274.2403], [4368.2659, 5296.5611], [4379.5058, 5318.0335], [4404.4245, 5307.0587], [4429.7143, 5295.8188], [4418.4744, 5274.2403]]]}}, {"type": "Feature", "properties": {"layer": "PDF_REGIAO_POLILINHAS"}, "geometry": {"type": "Polygon", "coordinates": [[[4404.4245, 5307.0587], [4409.3022, 5315.9658], [4434.1678, 5305.0971], [4429.7143, 5295.8188], [4404.4245, 5307.0587]]]}}, {"type": "Feature", "properties": {"layer": "PDF_REGIAO_POLILINHAS"}, "geometry": {"type": "Polygon", "coordinates": [[[4409.3022, 5315.9658], [4414.2329, 5324.8729], [4438.6213, 5314.4283], [4434.1678, 5305.0971], [4409.3022, 5315.9658]]]}}, {"type": "Feature", "properties": {"layer": "PDF_REGIAO_POLILINHAS"}, "geometry": {"type": "Polygon", "coordinates": [[[4414.2329, 5324.8729], [4409.3022, 5315.9658], [4404.4245, 5307.0587], [4379.5058, 5318.0335], [4404.0534, 5370.5218], [4430.8276, 5356.1008], [4457.5489, 5411.0808], [4479.7636, 5400.0], [4438.6213, 5314.4283], [4414.2329, 5324.8729]]]}}, {"type": "Feature", "properties": {"layer": "PDF_REGIAO_POLILINHAS"}, "geometry": {"type": "Polygon", "coordinates": [[[4457.5489, 5411.0808], [4430.8276, 5356.1008], [4404.0534, 5370.5218], [4459.1925, 5490.2373], [4509.4539, 5466.22], [4479.7636, 5400.0], [4457.5489, 5411.0808]]]}}, {"type": "Feature", "properties": {"layer": "PDF_REGIAO_POLILINHAS"}, "geometry": {"type": "Polygon", "coordinates": [[[4459.1925, 5490.2373], [4552.929, 5683.2773], [4623.4435, 5680.3083], [4509.4539, 5466.22], [4459.1925, 5490.2373]]]}}, {"type": "Feature", "properties": {"layer": "PDF_REGIAO_POLILINHAS"}, "geometry": {"type": "Polygon", "coordinates": [[[4552.929, 5683.2773], [4619.3081, 5830.0852], [4679.1128, 5800.0768], [4623.4435, 5680.3083], [4552.929, 5683.2773]]]}}, {"type": "Feature", "properties": {"layer": "PDF_REGIAO_POLILINHAS"}, "geometry": {"type": "Polygon", "coordinates": [[[4679.1128, 5800.0768], [4619.3081, 5830.0852], [4653.77, 5906.8029], [4664.2146, 5926.5787], [4773.4325, 5918.9971], [4777.4619, 5918.3609], [4781.8625, 5916.3462], [4782.3396, 5914.9147], [4781.5444, 5912.3168], [4781.1202, 5909.4538], [4766.9643, 5891.9047], [4752.7554, 5877.6428], [4693.7989, 5823.2989], [4679.1128, 5800.0768]]]}}, {"type": "Feature", "properties": {"layer": "PDF_REGIAO_POLILINHAS"}, "geometry": {"type": "LineString", "coordinates": [[4369.8884, 5169.6045], [4370.1578, 5169.5426], [4370.4339, 5169.5308], [4370.7076, 5169.5695], [4370.9697, 5169.6574], [4371.2114, 5169.7916], [4371.4246, 5169.9675], [4371.6021, 5170.1794], [4371.7381, 5170.42]]}}, {"type": "Feature", "properties": {"layer": "PDF_REGIAO_POLILINHAS"}, "geometry": {"type": "LineString", "coordinates": [[4324.1037, 5186.3405], [4324.019, 5186.0443], [4323.9961, 5185.7371], [4324.0361, 5185.4316], [4324.1371, 5185.1406], [4324.2951, 5184.8761], [4324.5034, 5184.6492], [4324.7534, 5184.4692], [4325.0348, 5184.3437]]}}, {"type": "Feature", "properties": {"layer": "PDF_REGIAO_POLILINHAS"}, "geometry": {"type": "LineString", "coordinates": [[4369.9095, 5169.635], [4325.109, 5184.3211]]}}, {"type": "Feature", "properties": {"layer": "PDF_REGIAO_POLILINHAS"}, "geometry": {"type": "LineString", "coordinates": [[4324.1546, 5186.3358], [4368.2659, 5296.5611], [4418.4744, 5274.2403], [4371.7651, 5170.4303]]}}, {"type": "Feature", "properties": {"layer": "PDF_REGIAO_POLILINHAS"}, "geometry": {"type": "Polygon", "coordinates": [[[4478.8093, 5200.9159], [4473.2954, 5181.034], [4466.6681, 5163.3789], [4455.1101, 5151.2377], [4445.7258, 5146.2539], [4431.3048, 5139.9447], [4403.9473, 5135.4912], [4395.1463, 5130.8786], [4384.8607, 5097.7951], [4378.7636, 5098.8555], [4384.0654, 5174.3007], [4412.3772, 5235.5369], [4462.4796, 5341.1496], [4489.0949, 5330.97], [4487.2392, 5252.9269], [4486.0198, 5235.1128], [4484.3762, 5220.7448], [4478.8093, 5200.9159]]]}}, {"type": "Feature", "properties": {"layer": "PDF_REGIAO_POLILINHAS"}, "geometry": {"type": "Polygon", "coordinates": [[[4545.1883, 5421.1543], [4546.1957, 5403.5522], [4546.9379, 5397.4021], [4496.5174, 5416.9129], [4541.0529, 5507.3092], [4557.2765, 5497.1297], [4553.8833, 5493.7895], [4551.4445, 5490.8205], [4549.5889, 5487.9575], [4547.8923, 5483.663], [4546.5668, 5477.884], [4545.2413, 5469.4541], [4544.6581, 5464.3113], [4544.287, 5457.1538], [4544.234, 5438.3323], [4545.1883, 5421.1543]]]}}, {"type": "Feature", "properties": {"layer": "PDF_REGIAO_POLILINHAS"}, "geometry": {"type": "Polygon", "coordinates": [[[4510.3552, 5359.6], [4499.1153, 5347.6178], [4493.5484, 5339.1879], [4489.0949, 5330.97], [4462.4796, 5341.1496], [4496.5174, 5416.9129], [4546.9379, 5397.4021], [4535.8041, 5386.5333], [4523.0266, 5372.4834], [4510.3552, 5359.6]]]}}, {"type": "Feature", "properties": {"layer": "PDF_REGIAO_POLILINHAS"}, "geometry": {"type": "Polygon", "coordinates": [[[4710.8178, 5730.0395], [4701.5396, 5720.5492], [4690.2997, 5712.1193], [4679.2719, 5706.0752], [4650.2708, 5719.2768], [4678.4236, 5784.3834], [4727.2005, 5767.0464], [4723.7013, 5754.7991], [4718.7706, 5741.4385], [4710.8178, 5730.0395]]]}}, {"type": "Feature", "properties": {"layer": "PDF_REGIAO_POLILINHAS"}, "geometry": {"type": "LineString", "coordinates": [[4800.9491, 5915.71], [4834.6688, 5912.2108], [4786.1039, 5746.1041], [4727.2005, 5767.0464], [4678.4236, 5784.3834], [4706.2052, 5826.427], [4741.5685, 5857.7609], [4777.1968, 5893.7073], [4790.0273, 5907.121], [4799.8357, 5915.3919]]}}, {"type": "Feature", "properties": {"layer": "PDF_REGIAO_POLILINHAS"}, "geometry": {"type": "LineString", "coordinates": [[4800.9194, 5915.7549], [4800.7685, 5915.763], [4800.6175, 5915.7559], [4800.4679, 5915.7337], [4800.3213, 5915.6968], [4800.1792, 5915.6454], [4800.0428, 5915.58], [4799.9137, 5915.5013], [4799.7931, 5915.4102]]}}, {"type": "Feature", "properties": {"layer": "PDF_REGIAO_POLILINHAS"}, "geometry": {"type": "Polygon", "coordinates": [[[4977.7124, 5754.7991], [4954.9145, 5745.1498], [4934.4494, 5725.8511], [4930.0489, 5674.9004], [4905.8195, 5674.5293], [4870.1911, 5676.2789], [4948.8174, 5864.4412], [5058.7776, 5818.3682], [5036.3508, 5803.364], [5015.1434, 5770.7046], [4977.7124, 5754.7991]]]}}, {"type": "Feature", "properties": {"layer": "PDF_REGIAO_POLILINHAS"}, "geometry": {"type": "Polygon", "coordinates": [[[4834.6688, 5912.2108], [4948.8174, 5864.4412], [4870.1911, 5676.2789], [4786.1039, 5746.1041], [4834.6688, 5912.2108]]]}}, {"type": "Feature", "properties": {"layer": "PDF_REGIAO_POLILINHAS"}, "geometry": {"type": "Polygon", "coordinates": [[[4648.7333, 5629.1985], [4617.0813, 5601.788], [4614.2713, 5580.1565], [4621.3228, 5548.4515], [4612.2036, 5525.1764], [4598.3128, 5508.8998], [4571.9096, 5499.0384], [4557.2765, 5497.1297], [4541.0529, 5507.3092], [4650.2708, 5719.2768], [4679.2719, 5706.0752], [4659.1779, 5683.0122], [4643.3784, 5668.5912], [4645.7642, 5641.3928], [4649.4225, 5638.7949], [4648.7333, 5629.1985]]]}}, {"type": "Feature", "properties": {"layer": "PDF_REGIAO_POLILINHAS"}, "geometry": {"type": "Polygon", "coordinates": [[[4617.0813, 5601.788], [4614.2713, 5580.1565], [4621.3228, 5548.4515], [4612.2036, 5525.1764], [4598.3128, 5508.8998], [4571.9096, 5499.0384], [4557.2765, 5497.1297], [4541.0529, 5507.3092], [4650.2708, 5719.2768], [4679.2719, 5706.0752], [4659.1779, 5683.0122], [4643.3784, 5668.5912], [4645.7642, 5641.3928], [4649.4225, 5638.7949], [4648.7333, 5629.1985], [4617.0813, 5601.788]]]}}]}