{"type": "FeatureCollection", "name": "0_linhas_quadras", "crs": {"type": "name", "properties": {"name": "urn:ogc:def:crs:OGC:1.3:CRS84"}}, "properties": {"source": "8be78050_MAPA TRIBUTAÇÃO 2021 (1).dxf", "assumed_crs": "EPSG:4326", "local_crs": false, "note": "Coordenadas locais do desenho (sem CRS). Use base 'Só CAD' no mapa.", "extent": [4300.4554, 2373.7696, 8215.3349, 6186.7838], "georef": true, "transform": {"scale": 1, "rotation_deg": 0, "tx": 713717.6034368816, "ty": 8862616.121289995, "rmse_m": 0, "epsg": 31981}, "layer": "0 - Linhas Quadras", "source_file": "8be78050_MAPA TRIBUTAÇÃO 2021 (1)_georef.geojson", "n_features": 3565}, "features": [{"type": "Feature", "properties": {"layer": "0 - Linhas Quadras", "dxf_type": "LINE"}, "geometry": {"type": "LineString", "coordinates": [[-54.99296054890119, -10.248689455980465], [-54.99313804919111, -10.248909236731508]]}}, {"type": "Feature", "properties": {"layer": "0 - Linhas Quadras", "dxf_type": "LINE"}, "geometry": {"type": "LineString", "coordinates": [[-54.99313804919111, -10.248909236731508], [-54.9937023438322, -10.248508287660602]]}}, {"type": "Feature", "properties": {"layer": "0 - Linhas Quadras", "dxf_type": "LINE"}, "geometry": {"type": "LineString", "coordinates": [[-54.9937023438322, -10.248508287660602], [-54.993879887915945, -10.248360469870493]]}}, {"type": "Feature", "properties": {"layer": "0 - Linhas Quadras", "dxf_type": "LINE"}, "geometry": {"type": "LineString", "coordinates": [[-54.993879887915945, -10.248360469870493], [-54.99397473600961, -10.248281502123024]]}}, {"type": "Feature", "properties": {"layer": "0 - Linhas Quadras", "dxf_type": "LINE"}, "geometry": {"type": "LineString", "coordinates": [[-54.99397473600961, -10.248281502123024], [-54.99411421679593, -10.248165374813295]]}}, {"type": "Feature", "properties": {"layer": "0 - Linhas Quadras", "dxf_type": "LINE"}, "geometry": {"type": "LineString", "coordinates": [[-54.99411421679593, -10.248165374813295], [-54.99423681173863, -10.248054397710792]]}}, {"type": "Feature", "properties": {"layer": "0 - Linhas Quadras", "dxf_type": "LINE"}, "geometry": {"type": "LineString", "coordinates": [[-54.99423681173863, -10.248054397710792], [-54.99435226006284, -10.247961816439796]]}}, {"type": "Feature", "properties": {"layer": "0 - Linhas Quadras", "dxf_type": "LINE"}, "geometry": {"type": "LineString", "coordinates": [[-54.99435226006284, -10.247961816439796], [-54.99404628957098, -10.247700451269713]]}}, {"type": "Feature", "properties": {"layer": "0 - Linhas Quadras", "dxf_type": "LINE"}, "geometry": {"type": "LineString", "coordinates": [[-54.99404628957098, -10.247700451269713], [-54.993942414574086, -10.247797760867734]]}}, {"type": "Feature", "properties": {"layer": "0 - Linhas Quadras", "dxf_type": "LINE"}, "geometry": {"type": "LineString", "coordinates": [[-54.993942414574086, -10.247797760867734], [-54.99390154936795, -10.24784054613308]]}}, {"type": "Feature", "properties": {"layer": "0 - Linhas Quadras", "dxf_type": "LINE"}, "geometry": {"type": "LineString", "coordinates": [[-54.99390154936795, -10.24784054613308], [-54.99388571478668, -10.247825708156336]]}}, {"type": "Feature", "properties": {"layer": "0 - Linhas Quadras", "dxf_type": "LINE"}, "geometry": {"type": "LineString", "coordinates": [[-54.99388571478668, -10.247825708156336], [-54.99374061434091, -10.247966034815509]]}}, {"type": "Feature", "properties": {"layer": "0 - Linhas Quadras", "dxf_type": "LINE"}, "geometry": {"type": "LineString", "coordinates": [[-54.99374061434091, -10.247966034815509], [-54.99374749446813, -10.247973013975125]]}}, {"type": "Feature", "properties": {"layer": "0 - Linhas Quadras", "dxf_type": "LINE"}, "geometry": {"type": "LineString", "coordinates": [[-54.99374749446813, -10.247973013975125], [-54.99360685458093, -10.248117577644141]]}}, {"type": "Feature", "properties": {"layer": "0 - Linhas Quadras", "dxf_type": "LINE"}, "geometry": {"type": "LineString", "coordinates": [[-54.99360685458093, -10.248117577644141], [-54.99348227211887, -10.2482503935761]]}}, {"type": "Feature", "properties": {"layer": "0 - Linhas Quadras", "dxf_type": "LINE"}, "geometry": {"type": "LineString", "coordinates": [[-54.99348227211887, -10.2482503935761], [-54.99338300360144, -10.248333939343299]]}}, {"type": "Feature", "properties": {"layer": "0 - Linhas Quadras", "dxf_type": "LINE"}, "geometry": {"type": "LineString", "coordinates": [[-54.99338300360144, -10.248333939343299], [-54.993342839786195, -10.24837343224197]]}}, {"type": "Feature", "properties": {"layer": "0 - Linhas Quadras", "dxf_type": "LINE"}, "geometry": {"type": "LineString", "coordinates": [[-54.993342839786195, -10.24837343224197], [-54.99296054890119, -10.248689455980465]]}}, {"type": "Feature", "properties": {"layer": "0 - Linhas Quadras", "dxf_type": "LINE"}, "geometry": {"type": "LineString", "coordinates": [[-54.99294609745739, -10.248809652347164], [-54.99277529760096, -10.248954188340182]]}}, {"type": "Feature", "properties": {"layer": "0 - Linhas Quadras", "dxf_type": "LINE"}, "geometry": {"type": "LineString", "coordinates": [[-54.99277529760096, -10.248954188340182], [-54.99290663632196, -10.249106446874295]]}}, {"type": "Feature", "properties": {"layer": "0 - Linhas Quadras", "dxf_type": "LINE"}, "geometry": {"type": "LineString", "coordinates": [[-54.99290663632196, -10.249106446874295], [-54.99308475930785, -10.248982030310092]]}}, {"type": "Feature", "properties": {"layer": "0 - Linhas Quadras", "dxf_type": "LINE"}, "geometry": {"type": "LineString", "coordinates": [[-54.99308475930785, -10.248982030310092], [-54.99294609745739, -10.248809652347164]]}}, {"type": "Feature", "properties": {"layer": "0 - Linhas Quadras", "dxf_type": "LINE"}, "geometry": {"type": "LineString", "coordinates": [[-54.99302115841395, -10.248639352638321], [-54.99314261256236, -10.24878682795324]]}}, {"type": "Feature", "properties": {"layer": "0 - Linhas Quadras", "dxf_type": "LINE"}, "geometry": {"type": "LineString", "coordinates": [[-54.99314261256236, -10.24878682795324], [-54.99307954436979, -10.248836795911384]]}}, {"type": "Feature", "properties": {"layer": "0 - Linhas Quadras", "dxf_type": "LINE"}, "geometry": {"type": "LineString", "coordinates": [[-54.99308188547181, -10.24871309075089], [-54.993019533619865, -10.248762490940367]]}}, {"type": "Feature", "properties": {"layer": "0 - Linhas Quadras", "dxf_type": "LINE"}, "geometry": {"type": "LineString", "coordinates": [[-54.99307954436979, -10.248836795911384], [-54.99329189614658, -10.248668550639211]]}}, {"type": "Feature", "properties": {"layer": "0 - Linhas Quadras", "dxf_type": "LINE"}, "geometry": {"type": "LineString", "coordinates": [[-54.99329189614658, -10.248668550639211], [-54.99335931084404, -10.248752023652463]]}}, {"type": "Feature", "properties": {"layer": "0 - Linhas Quadras", "dxf_type": "LINE"}, "geometry": {"type": "LineString", "coordinates": [[-54.99302115841395, -10.248639352638321], [-54.993070987590315, -10.24859975858176]]}}, {"type": "Feature", "properties": {"layer": "0 - Linhas Quadras", "dxf_type": "LINE"}, "geometry": {"type": "LineString", "coordinates": [[-54.993070987590315, -10.24859975858176], [-54.99319106523457, -10.248748439345432]]}}, {"type": "Feature", "properties": {"layer": "0 - Linhas Quadras", "dxf_type": "LINE"}, "geometry": {"type": "LineString", "coordinates": [[-54.99322630295232, -10.248720520594896], [-54.99310176067717, -10.248572722521395]]}}, {"type": "Feature", "properties": {"layer": "0 - Linhas Quadras", "dxf_type": "LINE"}, "geometry": {"type": "LineString", "coordinates": [[-54.99321622115954, -10.248478102734705], [-54.993323729318675, -10.248613008728398]]}}, {"type": "Feature", "properties": {"layer": "0 - Linhas Quadras", "dxf_type": "LINE"}, "geometry": {"type": "LineString", "coordinates": [[-54.993323729318675, -10.248613008728398], [-54.993279944443536, -10.248647239224066]]}}, {"type": "Feature", "properties": {"layer": "0 - Linhas Quadras", "dxf_type": "LINE"}, "geometry": {"type": "LineString", "coordinates": [[-54.993279944443536, -10.248647239224066], [-54.99329189614658, -10.248668550639211]]}}, {"type": "Feature", "properties": {"layer": "0 - Linhas Quadras", "dxf_type": "LINE"}, "geometry": {"type": "LineString", "coordinates": [[-54.993271273936685, -10.248684890028766], [-54.99314596439509, -10.248536180600686]]}}, {"type": "Feature", "properties": {"layer": "0 - Linhas Quadras", "dxf_type": "LINE"}, "geometry": {"type": "LineString", "coordinates": [[-54.993323729318675, -10.248613008728398], [-54.99341112389568, -10.248715208690294]]}}, {"type": "Feature", "properties": {"layer": "0 - Linhas Quadras", "dxf_type": "LINE"}, "geometry": {"type": "LineString", "coordinates": [[-54.993317961474496, -10.24860577157819], [-54.99336555923268, -10.248566906713638]]}}, {"type": "Feature", "properties": {"layer": "0 - Linhas Quadras", "dxf_type": "LINE"}, "geometry": {"type": "LineString", "coordinates": [[-54.99336555923268, -10.248566906713638], [-54.993260137705484, -10.248441798559224]]}}, {"type": "Feature", "properties": {"layer": "0 - Linhas Quadras", "dxf_type": "LINE"}, "geometry": {"type": "LineString", "coordinates": [[-54.99336555923268, -10.248566906713638], [-54.99341694702779, -10.248524426958797]]}}, {"type": "Feature", "properties": {"layer": "0 - Linhas Quadras", "dxf_type": "LINE"}, "geometry": {"type": "LineString", "coordinates": [[-54.99341694702779, -10.248524426958797], [-54.99331152548801, -10.248399318819592]]}}, {"type": "Feature", "properties": {"layer": "0 - Linhas Quadras", "dxf_type": "LINE"}, "geometry": {"type": "LineString", "coordinates": [[-54.99341694702779, -10.248524426958797], [-54.99352179176009, -10.248408825522338]]}}, {"type": "Feature", "properties": {"layer": "0 - Linhas Quadras", "dxf_type": "LINE"}, "geometry": {"type": "LineString", "coordinates": [[-54.99352179176009, -10.248408825522338], [-54.99341730999655, -10.248305066596826]]}}, {"type": "Feature", "properties": {"layer": "0 - Linhas Quadras", "dxf_type": "LINE"}, "geometry": {"type": "LineString", "coordinates": [[-54.993551698075194, -10.248438594581996], [-54.99352179176009, -10.248408825522338]]}}, {"type": "Feature", "properties": {"layer": "0 - Linhas Quadras", "dxf_type": "LINE"}, "geometry": {"type": "LineString", "coordinates": [[-54.99358837728281, -10.24840406616984], [-54.993551698075194, -10.248438594581996]]}}, {"type": "Feature", "properties": {"layer": "0 - Linhas Quadras", "dxf_type": "LINE"}, "geometry": {"type": "LineString", "coordinates": [[-54.99358837728281, -10.24840406616984], [-54.99344853640597, -10.248278786257382]]}}, {"type": "Feature", "properties": {"layer": "0 - Linhas Quadras", "dxf_type": "LINE"}, "geometry": {"type": "LineString", "coordinates": [[-54.99348227211887, -10.2482503935761], [-54.99362894399833, -10.248373927689286]]}}, {"type": "Feature", "properties": {"layer": "0 - Linhas Quadras", "dxf_type": "LINE"}, "geometry": {"type": "LineString", "coordinates": [[-54.99362894399833, -10.248373927689286], [-54.99358837728281, -10.24840406616984]]}}, {"type": "Feature", "properties": {"layer": "0 - Linhas Quadras", "dxf_type": "LINE"}, "geometry": {"type": "LineString", "coordinates": [[-54.99354456381936, -10.248183985621505], [-54.9936931518788, -10.24831105230688]]}}, {"type": "Feature", "properties": {"layer": "0 - Linhas Quadras", "dxf_type": "LINE"}, "geometry": {"type": "LineString", "coordinates": [[-54.9936931518788, -10.24831105230688], [-54.99362894399833, -10.248373927689286]]}}, {"type": "Feature", "properties": {"layer": "0 - Linhas Quadras", "dxf_type": "LINE"}, "geometry": {"type": "LineString", "coordinates": [[-54.99360685458093, -10.248117577644141], [-54.993753875946865, -10.248252868445729]]}}, {"type": "Feature", "properties": {"layer": "0 - Linhas Quadras", "dxf_type": "LINE"}, "geometry": {"type": "LineString", "coordinates": [[-54.993753875946865, -10.248252868445729], [-54.9936931518788, -10.24831105230688]]}}, {"type": "Feature", "properties": {"layer": "0 - Linhas Quadras", "dxf_type": "LINE"}, "geometry": {"type": "LineString", "coordinates": [[-54.99357757203247, -10.248148796373675], [-54.99372351345645, -10.248281960827397]]}}, {"type": "Feature", "properties": {"layer": "0 - Linhas Quadras", "dxf_type": "LINE"}, "geometry": {"type": "LineString", "coordinates": [[-54.993646904753675, -10.248076409937152], [-54.993797968348666, -10.248207602888467]]}}, {"type": "Feature", "properties": {"layer": "0 - Linhas Quadras", "dxf_type": "LINE"}, "geometry": {"type": "LineString", "coordinates": [[-54.993797968348666, -10.248207602888467], [-54.993753875946865, -10.248252868445729]]}}, {"type": "Feature", "properties": {"layer": "0 - Linhas Quadras", "dxf_type": "LINE"}, "geometry": {"type": "LineString", "coordinates": [[-54.993677174084304, -10.248045295817615], [-54.99382818227177, -10.24817746283953]]}}, {"type": "Feature", "properties": {"layer": "0 - Linhas Quadras", "dxf_type": "LINE"}, "geometry": {"type": "LineString", "coordinates": [[-54.99382818227177, -10.24817746283953], [-54.993797968348666, -10.248207602888467]]}}, {"type": "Feature", "properties": {"layer": "0 - Linhas Quadras", "dxf_type": "LINE"}, "geometry": {"type": "LineString", "coordinates": [[-54.99374749446813, -10.247973013975125], [-54.99389124085427, -10.24811883054553]]}}, {"type": "Feature", "properties": {"layer": "0 - Linhas Quadras", "dxf_type": "LINE"}, "geometry": {"type": "LineString", "coordinates": [[-54.99389124085427, -10.24811883054553], [-54.99382818227177, -10.24817746283953]]}}, {"type": "Feature", "properties": {"layer": "0 - Linhas Quadras", "dxf_type": "LINE"}, "geometry": {"type": "LineString", "coordinates": [[-54.993709424740175, -10.24801214563973], [-54.99385971156304, -10.248148147146571]]}}, {"type": "Feature", "properties": {"layer": "0 - Linhas Quadras", "dxf_type": "LINE"}, "geometry": {"type": "LineString", "coordinates": [[-54.99377147343153, -10.247936189813311], [-54.993918459374584, -10.24809118308878]]}}, {"type": "Feature", "properties": {"layer": "0 - Linhas Quadras", "dxf_type": "LINE"}, "geometry": {"type": "LineString", "coordinates": [[-54.993918459374584, -10.24809118308878], [-54.993890572516584, -10.24811815299904]]}}, {"type": "Feature", "properties": {"layer": "0 - Linhas Quadras", "dxf_type": "LINE"}, "geometry": {"type": "LineString", "coordinates": [[-54.99390154936795, -10.24784054613308], [-54.9940402831661, -10.247985429587718]]}}, {"type": "Feature", "properties": {"layer": "0 - Linhas Quadras", "dxf_type": "LINE"}, "geometry": {"type": "LineString", "coordinates": [[-54.9940402831661, -10.247985429587718], [-54.994199274749526, -10.247831134331312]]}}, {"type": "Feature", "properties": {"layer": "0 - Linhas Quadras", "dxf_type": "LINE"}, "geometry": {"type": "LineString", "coordinates": [[-54.99408570318535, -10.24794135088356], [-54.99393771190238, -10.247802684426231]]}}, {"type": "Feature", "properties": {"layer": "0 - Linhas Quadras", "dxf_type": "LINE"}, "geometry": {"type": "LineString", "coordinates": [[-54.993841174453884, -10.247868783484607], [-54.99399920464488, -10.248024692773486]]}}, {"type": "Feature", "properties": {"layer": "0 - Linhas Quadras", "dxf_type": "LINE"}, "geometry": {"type": "LineString", "coordinates": [[-54.99399920464488, -10.248024692773486], [-54.9940402831661, -10.247985429587718]]}}, {"type": "Feature", "properties": {"layer": "0 - Linhas Quadras", "dxf_type": "LINE"}, "geometry": {"type": "LineString", "coordinates": [[-54.99399920464488, -10.248024692773486], [-54.993918459374584, -10.24809118308878]]}}, {"type": "Feature", "properties": {"layer": "0 - Linhas Quadras", "dxf_type": "LINE"}, "geometry": {"type": "LineString", "coordinates": [[-54.99395883201663, -10.248057937482532], [-54.99380594748098, -10.247902850867789]]}}, {"type": "Feature", "properties": {"layer": "0 - Linhas Quadras", "dxf_type": "LINE"}, "geometry": {"type": "LineString", "coordinates": [[-54.99416903944998, -10.247860476133479], [-54.99430661879759, -10.247998417488946]]}}, {"type": "Feature", "properties": {"layer": "0 - Linhas Quadras", "dxf_type": "LINE"}, "geometry": {"type": "LineString", "coordinates": [[-54.99423681173863, -10.248054397710792], [-54.99410574344791, -10.247921902864116]]}}, {"type": "Feature", "properties": {"layer": "0 - Linhas Quadras", "dxf_type": "LINE"}, "geometry": {"type": "LineString", "coordinates": [[-54.99413904012319, -10.247889589792084], [-54.99427104796873, -10.248026943577248]]}}, {"type": "Feature", "properties": {"layer": "0 - Linhas Quadras", "dxf_type": "LINE"}, "geometry": {"type": "LineString", "coordinates": [[-54.99403294721981, -10.247992442127385], [-54.99416136199646, -10.248122697883977]]}}, {"type": "Feature", "properties": {"layer": "0 - Linhas Quadras", "dxf_type": "LINE"}, "geometry": {"type": "LineString", "coordinates": [[-54.99411421679593, -10.248165374813295], [-54.99398380930655, -10.248037370158027]]}}, {"type": "Feature", "properties": {"layer": "0 - Linhas Quadras", "dxf_type": "LINE"}, "geometry": {"type": "LineString", "coordinates": [[-54.99397473600961, -10.248281502123024], [-54.99385366843605, -10.24815376567913]]}}, {"type": "Feature", "properties": {"layer": "0 - Linhas Quadras", "dxf_type": "LINE"}, "geometry": {"type": "LineString", "coordinates": [[-54.99393171148631, -10.248317322899231], [-54.99380897426527, -10.24819662400629]]}}, {"type": "Feature", "properties": {"layer": "0 - Linhas Quadras", "dxf_type": "LINE"}, "geometry": {"type": "LineString", "coordinates": [[-54.993879887915945, -10.248360469870493], [-54.99376034256116, -10.24824623019521]]}}, {"type": "Feature", "properties": {"layer": "0 - Linhas Quadras", "dxf_type": "LINE"}, "geometry": {"type": "LineString", "coordinates": [[-54.99382665516234, -10.24840479046091], [-54.99371482127662, -10.248290289229379]]}}, {"type": "Feature", "properties": {"layer": "0 - Linhas Quadras", "dxf_type": "LINE"}, "geometry": {"type": "LineString", "coordinates": [[-54.99376495913793, -10.24845615638369], [-54.993656219627574, -10.248347218885623]]}}, {"type": "Feature", "properties": {"layer": "0 - Linhas Quadras", "dxf_type": "LINE"}, "geometry": {"type": "LineString", "coordinates": [[-54.99373257947819, -10.248483113903966], [-54.99362894399833, -10.248373927689286]]}}, {"type": "Feature", "properties": {"layer": "0 - Linhas Quadras", "dxf_type": "LINE"}, "geometry": {"type": "LineString", "coordinates": [[-54.993551698075194, -10.248438594581996], [-54.99364966454275, -10.248545718328103]]}}, {"type": "Feature", "properties": {"layer": "0 - Linhas Quadras", "dxf_type": "LINE"}, "geometry": {"type": "LineString", "coordinates": [[-54.99348394745633, -10.248450552789482], [-54.993602190382106, -10.248579449733567]]}}, {"type": "Feature", "properties": {"layer": "0 - Linhas Quadras", "dxf_type": "LINE"}, "geometry": {"type": "LineString", "coordinates": [[-54.99344467870348, -10.248493849501507], [-54.99355055337884, -10.248616140176528]]}}, {"type": "Feature", "properties": {"layer": "0 - Linhas Quadras", "dxf_type": "LINE"}, "geometry": {"type": "LineString", "coordinates": [[-54.99335719497186, -10.24857373661893], [-54.99344316877721, -10.248692439721758]]}}, {"type": "Feature", "properties": {"layer": "0 - Linhas Quadras", "dxf_type": "LINE"}, "geometry": {"type": "LineString", "coordinates": [[-54.99339974039898, -10.248538650578997], [-54.993494650871284, -10.248655860430382]]}}, {"type": "Feature", "properties": {"layer": "0 - Linhas Quadras", "dxf_type": "LINE"}, "geometry": {"type": "LineString", "coordinates": [[-54.99045983032553, -10.246060235105045], [-54.99132433093495, -10.245257284856464]]}}, {"type": "Feature", "properties": {"layer": "0 - Linhas Quadras", "dxf_type": "LINE"}, "geometry": {"type": "LineString", "coordinates": [[-54.99132433093495, -10.245257284856464], [-54.99094020626334, -10.244857539101341]]}}, {"type": "Feature", "properties": {"layer": "0 - Linhas Quadras", "dxf_type": "LINE"}, "geometry": {"type": "LineString", "coordinates": [[-54.99094020626334, -10.244857539101341], [-54.990056879370385, -10.24556485843844]]}}, {"type": "Feature", "properties": {"layer": "0 - Linhas Quadras", "dxf_type": "LINE"}, "geometry": {"type": "LineString", "coordinates": [[-54.99033645330324, -10.245910361852884], [-54.99045983032553, -10.246060235105045]]}}, {"type": "Feature", "properties": {"layer": "0 - Linhas Quadras", "dxf_type": "LINE"}, "geometry": {"type": "LineString", "coordinates": [[-54.99142489535891, -10.245356505784878], [-54.990528273460626, -10.246196671861988]]}}, {"type": "Feature", "properties": {"layer": "0 - Linhas Quadras", "dxf_type": "LINE"}, "geometry": {"type": "LineString", "coordinates": [[-54.990528273460626, -10.246196671861988], [-54.99089565198497, -10.24657778984566]]}}, {"type": "Feature", "properties": {"layer": "0 - Linhas Quadras", "dxf_type": "LINE"}, "geometry": {"type": "LineString", "coordinates": [[-54.99089565198497, -10.24657778984566], [-54.99180670366475, -10.245749944680593]]}}, {"type": "Feature", "properties": {"layer": "0 - Linhas Quadras", "dxf_type": "LINE"}, "geometry": {"type": "LineString", "coordinates": [[-54.99180670366475, -10.245749944680593], [-54.99142489535891, -10.245356505784878]]}}, {"type": "Feature", "properties": {"layer": "0 - Linhas Quadras", "dxf_type": "LINE"}, "geometry": {"type": "LineString", "coordinates": [[-54.99191153638311, -10.245824283455129], [-54.990919092958116, -10.246700693339085]]}}, {"type": "Feature", "properties": {"layer": "0 - Linhas Quadras", "dxf_type": "LINE"}, "geometry": {"type": "LineString", "coordinates": [[-54.990919092958116, -10.246700693339085], [-54.99126553375725, -10.247115808256845]]}}, {"type": "Feature", "properties": {"layer": "0 - Linhas Quadras", "dxf_type": "LINE"}, "geometry": {"type": "LineString", "coordinates": [[-54.99126553375725, -10.247115808256845], [-54.99228721305322, -10.246196853266735]]}}, {"type": "Feature", "properties": {"layer": "0 - Linhas Quadras", "dxf_type": "LINE"}, "geometry": {"type": "LineString", "coordinates": [[-54.99228721305322, -10.246196853266735], [-54.99220634377254, -10.246116384860388]]}}, {"type": "Feature", "properties": {"layer": "0 - Linhas Quadras", "dxf_type": "LINE"}, "geometry": {"type": "LineString", "coordinates": [[-54.99220634377254, -10.246116384860388], [-54.99191153638311, -10.245824283455129]]}}, {"type": "Feature", "properties": {"layer": "0 - Linhas Quadras", "dxf_type": "LINE"}, "geometry": {"type": "LineString", "coordinates": [[-54.993552577555256, -10.249499841081281], [-54.99342007840457, -10.249611910017652]]}}, {"type": "Feature", "properties": {"layer": "0 - Linhas Quadras", "dxf_type": "LINE"}, "geometry": {"type": "LineString", "coordinates": [[-54.99342007840457, -10.249611910017652], [-54.99368203677132, -10.249915745257958]]}}, {"type": "Feature", "properties": {"layer": "0 - Linhas Quadras", "dxf_type": "LINE"}, "geometry": {"type": "LineString", "coordinates": [[-54.99368203677132, -10.249915745257958], [-54.99381246837789, -10.249787227463427]]}}, {"type": "Feature", "properties": {"layer": "0 - Linhas Quadras", "dxf_type": "LINE"}, "geometry": {"type": "LineString", "coordinates": [[-54.99381246837789, -10.249787227463427], [-54.993552577555256, -10.249499841081281]]}}, {"type": "Feature", "properties": {"layer": "0 - Linhas Quadras", "dxf_type": "LINE"}, "geometry": {"type": "LineString", "coordinates": [[-54.99374613732347, -10.24999773795804], [-54.99377511779309, -10.249969014913141]]}}, {"type": "Feature", "properties": {"layer": "0 - Linhas Quadras", "dxf_type": "LINE"}, "geometry": {"type": "LineString", "coordinates": [[-54.9918768380774, -10.245635412842438], [-54.9915185005247, -10.245291787637084]]}}, {"type": "Feature", "properties": {"layer": "0 - Linhas Quadras", "dxf_type": "LINE"}, "geometry": {"type": "LineString", "coordinates": [[-54.9915185005247, -10.245291787637084], [-54.99176110456902, -10.245074050499595]]}}, {"type": "Feature", "properties": {"layer": "0 - Linhas Quadras", "dxf_type": "LINE"}, "geometry": {"type": "LineString", "coordinates": [[-54.99176110456902, -10.245074050499595], [-54.99211095224632, -10.245432456339692]]}}, {"type": "Feature", "properties": {"layer": "0 - Linhas Quadras", "dxf_type": "LINE"}, "geometry": {"type": "LineString", "coordinates": [[-54.99211095224632, -10.245432456339692], [-54.9918768380774, -10.245635412842438]]}}, {"type": "Feature", "properties": {"layer": "0 - Linhas Quadras", "dxf_type": "LINE"}, "geometry": {"type": "LineString", "coordinates": [[-54.99176110456902, -10.245074050499595], [-54.992499343091346, -10.244381548007729]]}}, {"type": "Feature", "properties": {"layer": "0 - Linhas Quadras", "dxf_type": "LINE"}, "geometry": {"type": "LineString", "coordinates": [[-54.99256430478102, -10.244383657521691], [-54.99282985267807, -10.244688224337347]]}}, {"type": "Feature", "properties": {"layer": "0 - Linhas Quadras", "dxf_type": "LINE"}, "geometry": {"type": "LineString", "coordinates": [[-54.99282985267807, -10.244688224337347], [-54.992830141934974, -10.244745658532878]]}}, {"type": "Feature", "properties": {"layer": "0 - Linhas Quadras", "dxf_type": "LINE"}, "geometry": {"type": "LineString", "coordinates": [[-54.992830141934974, -10.244745658532878], [-54.992111918854754, -10.245433446679037]]}}, {"type": "Feature", "properties": {"layer": "0 - Linhas Quadras", "dxf_type": "LINE"}, "geometry": {"type": "LineString", "coordinates": [[-54.99256430478102, -10.244383657521691], [-54.992499343091346, -10.244381548007729]]}}, {"type": "Feature", "properties": {"layer": "0 - Linhas Quadras", "dxf_type": "LINE"}, "geometry": {"type": "LineString", "coordinates": [[-54.99102106742697, -10.244763012412486], [-54.99102129164009, -10.244807683704506]]}}, {"type": "Feature", "properties": {"layer": "0 - Linhas Quadras", "dxf_type": "LINE"}, "geometry": {"type": "LineString", "coordinates": [[-54.997231039328696, -10.246764945588708], [-54.99744218019575, -10.246581623779377]]}}, {"type": "Feature", "properties": {"layer": "0 - Linhas Quadras", "dxf_type": "LINE"}, "geometry": {"type": "LineString", "coordinates": [[-54.99852093378843, -10.243786723675077], [-54.99852093378843, -10.243786723675077]]}}, {"type": "Feature", "properties": {"layer": "0 - Linhas Quadras", "dxf_type": "LINE"}, "geometry": {"type": "LineString", "coordinates": [[-54.99888249615715, -10.243536350317308], [-54.999181227106355, -10.243443055211936]]}}, {"type": "Feature", "properties": {"layer": "0 - Linhas Quadras", "dxf_type": "LINE"}, "geometry": {"type": "LineString", "coordinates": [[-54.999181227106355, -10.243443055211936], [-54.9992419739475, -10.243502576379337]]}}, {"type": "Feature", "properties": {"layer": "0 - Linhas Quadras", "dxf_type": "LINE"}, "geometry": {"type": "LineString", "coordinates": [[-54.9992419739475, -10.243502576379337], [-54.99924920012661, -10.243699563307262]]}}, {"type": "Feature", "properties": {"layer": "0 - Linhas Quadras", "dxf_type": "LINE"}, "geometry": {"type": "LineString", "coordinates": [[-54.99924920012661, -10.243699563307262], [-54.999202126986944, -10.243952986146223]]}}, {"type": "Feature", "properties": {"layer": "0 - Linhas Quadras", "dxf_type": "LINE"}, "geometry": {"type": "LineString", "coordinates": [[-54.999202126986944, -10.243952986146223], [-54.99904460120095, -10.244307971154122]]}}, {"type": "Feature", "properties": {"layer": "0 - Linhas Quadras", "dxf_type": "LINE"}, "geometry": {"type": "LineString", "coordinates": [[-54.99904460120095, -10.244307971154122], [-54.99890945805374, -10.244480784989658]]}}, {"type": "Feature", "properties": {"layer": "0 - Linhas Quadras", "dxf_type": "LINE"}, "geometry": {"type": "LineString", "coordinates": [[-54.99890945805374, -10.244480784989658], [-54.99871787738703, -10.244861523510563]]}}, {"type": "Feature", "properties": {"layer": "0 - Linhas Quadras", "dxf_type": "LINE"}, "geometry": {"type": "LineString", "coordinates": [[-54.99871787738703, -10.244861523510563], [-54.99862337603749, -10.245049329418375]]}}, {"type": "Feature", "properties": {"layer": "0 - Linhas Quadras", "dxf_type": "LINE"}, "geometry": {"type": "LineString", "coordinates": [[-54.99862337603749, -10.245049329418375], [-54.99851173133113, -10.244995546531815]]}}, {"type": "Feature", "properties": {"layer": "0 - Linhas Quadras", "dxf_type": "LINE"}, "geometry": {"type": "LineString", "coordinates": [[-54.99851173133113, -10.244995546531815], [-54.99835727402211, -10.24492113824283]]}}, {"type": "Feature", "properties": {"layer": "0 - Linhas Quadras", "dxf_type": "LINE"}, "geometry": {"type": "LineString", "coordinates": [[-54.99835727402211, -10.24492113824283], [-54.998188839148334, -10.244555923954918]]}}, {"type": "Feature", "properties": {"layer": "0 - Linhas Quadras", "dxf_type": "LINE"}, "geometry": {"type": "LineString", "coordinates": [[-54.99839090492211, -10.24508702907098], [-54.99841834334042, -10.245098551284125]]}}, {"type": "Feature", "properties": {"layer": "0 - Linhas Quadras", "dxf_type": "LINE"}, "geometry": {"type": "LineString", "coordinates": [[-54.99841834334042, -10.245098551284125], [-54.99850165785984, -10.245175155608894]]}}, {"type": "Feature", "properties": {"layer": "0 - Linhas Quadras", "dxf_type": "LINE"}, "geometry": {"type": "LineString", "coordinates": [[-54.99850165785984, -10.245175155608894], [-54.99840183670264, -10.24536629577163]]}}, {"type": "Feature", "properties": {"layer": "0 - Linhas Quadras", "dxf_type": "LINE"}, "geometry": {"type": "LineString", "coordinates": [[-54.99840183670264, -10.24536629577163], [-54.99824587759857, -10.245633358755624]]}}, {"type": "Feature", "properties": {"layer": "0 - Linhas Quadras", "dxf_type": "LINE"}, "geometry": {"type": "LineString", "coordinates": [[-54.99824587759857, -10.245633358755624], [-54.9976311812331, -10.246639638524387]]}}, {"type": "Feature", "properties": {"layer": "0 - Linhas Quadras", "dxf_type": "LINE"}, "geometry": {"type": "LineString", "coordinates": [[-54.9976311812331, -10.246639638524387], [-54.997426807119716, -10.24698577699426]]}}, {"type": "Feature", "properties": {"layer": "0 - Linhas Quadras", "dxf_type": "LINE"}, "geometry": {"type": "LineString", "coordinates": [[-54.997426807119716, -10.24698577699426], [-54.997231223768196, -10.246764785826835]]}}, {"type": "Feature", "properties": {"layer": "0 - Linhas Quadras", "dxf_type": "LINE"}, "geometry": {"type": "LineString", "coordinates": [[-54.997093034563505, -10.247453592210764], [-54.996274198127765, -10.248460110375913]]}}, {"type": "Feature", "properties": {"layer": "0 - Linhas Quadras", "dxf_type": "LINE"}, "geometry": {"type": "LineString", "coordinates": [[-54.996274198127765, -10.248460110375913], [-54.99560222579779, -10.247694296798198]]}}, {"type": "Feature", "properties": {"layer": "0 - Linhas Quadras", "dxf_type": "LINE"}, "geometry": {"type": "LineString", "coordinates": [[-54.995524747078825, -10.247800865941512], [-54.996118286413406, -10.248604638995094]]}}, {"type": "Feature", "properties": {"layer": "0 - Linhas Quadras", "dxf_type": "LINE"}, "geometry": {"type": "LineString", "coordinates": [[-54.996118286413406, -10.248604638995094], [-54.995876327635074, -10.248995300965401]]}}, {"type": "Feature", "properties": {"layer": "0 - Linhas Quadras", "dxf_type": "LINE"}, "geometry": {"type": "LineString", "coordinates": [[-54.995876327635074, -10.248995300965401], [-54.9958218153175, -10.248986222058475]]}}, {"type": "Feature", "properties": {"layer": "0 - Linhas Quadras", "dxf_type": "LINE"}, "geometry": {"type": "LineString", "coordinates": [[-54.9958218153175, -10.248986222058475], [-54.99575660055176, -10.248939708098812]]}}, {"type": "Feature", "properties": {"layer": "0 - Linhas Quadras", "dxf_type": "LINE"}, "geometry": {"type": "LineString", "coordinates": [[-54.99575660055176, -10.248939708098812], [-54.9951877796635, -10.248417870071908]]}}, {"type": "Feature", "properties": {"layer": "0 - Linhas Quadras", "dxf_type": "LINE"}, "geometry": {"type": "LineString", "coordinates": [[-54.9951877796635, -10.248417870071908], [-54.99513053917556, -10.248375341792354]]}}, {"type": "Feature", "properties": {"layer": "0 - Linhas Quadras", "dxf_type": "LINE"}, "geometry": {"type": "LineString", "coordinates": [[-54.99451841638577, -10.250642231873012], [-54.994488386019, -10.250638954210666]]}}, {"type": "Feature", "properties": {"layer": "0 - Linhas Quadras", "dxf_type": "LINE"}, "geometry": {"type": "LineString", "coordinates": [[-54.99513528501927, -10.248567465281287], [-54.995760044852396, -10.249103742375278]]}}, {"type": "Feature", "properties": {"layer": "0 - Linhas Quadras", "dxf_type": "LINE"}, "geometry": {"type": "LineString", "coordinates": [[-54.995760044852396, -10.249103742375278], [-54.994508866130495, -10.25065406491754]]}}, {"type": "Feature", "properties": {"layer": "0 - Linhas Quadras", "dxf_type": "LINE"}, "geometry": {"type": "LineString", "coordinates": [[-54.994508866130495, -10.25065406491754], [-54.99403300223812, -10.250302963363614]]}}, {"type": "Feature", "properties": {"layer": "0 - Linhas Quadras", "dxf_type": "LINE"}, "geometry": {"type": "LineString", "coordinates": [[-54.99072610806191, -10.245812916323693], [-54.99061400821546, -10.245689531726331]]}}, {"type": "Feature", "properties": {"layer": "0 - Linhas Quadras", "dxf_type": "LINE"}, "geometry": {"type": "LineString", "coordinates": [[-54.99061400821546, -10.245689531726331], [-54.9903498356141, -10.245926617508575]]}}, {"type": "Feature", "properties": {"layer": "0 - Linhas Quadras", "dxf_type": "LINE"}, "geometry": {"type": "LineString", "coordinates": [[-54.99065147935052, -10.245730775070584], [-54.990385512141735, -10.245969516614718]]}}, {"type": "Feature", "properties": {"layer": "0 - Linhas Quadras", "dxf_type": "LINE"}, "geometry": {"type": "LineString", "coordinates": [[-54.99061400821546, -10.245689531726331], [-54.99041486271479, -10.245458106798575]]}}, {"type": "Feature", "properties": {"layer": "0 - Linhas Quadras", "dxf_type": "LINE"}, "geometry": {"type": "LineString", "coordinates": [[-54.990489804581806, -10.245543539382926], [-54.99022901597967, -10.245777588937262]]}}, {"type": "Feature", "properties": {"layer": "0 - Linhas Quadras", "dxf_type": "LINE"}, "geometry": {"type": "LineString", "coordinates": [[-54.990439021397414, -10.245437964050126], [-54.99034490876174, -10.245334220670669]]}}, {"type": "Feature", "properties": {"layer": "0 - Linhas Quadras", "dxf_type": "LINE"}, "geometry": {"type": "LineString", "coordinates": [[-54.99045983032553, -10.246060235105045], [-54.9904161292968, -10.246006890419988]]}}, {"type": "Feature", "properties": {"layer": "0 - Linhas Quadras", "dxf_type": "LINE"}, "geometry": {"type": "LineString", "coordinates": [[-54.99072610806191, -10.245812916323693], [-54.99067971412746, -10.245761851886595]]}}, {"type": "Feature", "properties": {"layer": "0 - Linhas Quadras", "dxf_type": "LINE"}, "geometry": {"type": "LineString", "coordinates": [[-54.99067971412746, -10.245761851886595], [-54.9904161292968, -10.246006890419988]]}}, {"type": "Feature", "properties": {"layer": "0 - Linhas Quadras", "dxf_type": "LINE"}, "geometry": {"type": "LineString", "coordinates": [[-54.9903498356141, -10.245926617508575], [-54.99029276183695, -10.245856085276655]]}}, {"type": "Feature", "properties": {"layer": "0 - Linhas Quadras", "dxf_type": "LINE"}, "geometry": {"type": "LineString", "coordinates": [[-54.99029276183695, -10.245856085276655], [-54.990555202508496, -10.245620409792922]]}}, {"type": "Feature", "properties": {"layer": "0 - Linhas Quadras", "dxf_type": "LINE"}, "geometry": {"type": "LineString", "coordinates": [[-54.990555202508496, -10.245620409792922], [-54.99051991946575, -10.245578935909126]]}}, {"type": "Feature", "properties": {"layer": "0 - Linhas Quadras", "dxf_type": "LINE"}, "geometry": {"type": "LineString", "coordinates": [[-54.99029276183695, -10.245856085276655], [-54.99025844383297, -10.245813825499168]]}}, {"type": "Feature", "properties": {"layer": "0 - Linhas Quadras", "dxf_type": "LINE"}, "geometry": {"type": "LineString", "coordinates": [[-54.99025844383297, -10.245813825499168], [-54.99051991946575, -10.245578935909126]]}}, {"type": "Feature", "properties": {"layer": "0 - Linhas Quadras", "dxf_type": "LINE"}, "geometry": {"type": "LineString", "coordinates": [[-54.99034490876174, -10.245334220670669], [-54.99039974067224, -10.245290692414567]]}}, {"type": "Feature", "properties": {"layer": "0 - Linhas Quadras", "dxf_type": "LINE"}, "geometry": {"type": "LineString", "coordinates": [[-54.99072610806191, -10.245812916323693], [-54.99079267743222, -10.24575108658141]]}}, {"type": "Feature", "properties": {"layer": "0 - Linhas Quadras", "dxf_type": "LINE"}, "geometry": {"type": "LineString", "coordinates": [[-54.99079267743222, -10.24575108658141], [-54.9908725602756, -10.245676891225186]]}}, {"type": "Feature", "properties": {"layer": "0 - Linhas Quadras", "dxf_type": "LINE"}, "geometry": {"type": "LineString", "coordinates": [[-54.9908725602756, -10.245676891225186], [-54.990912502596096, -10.245639793542573]]}}, {"type": "Feature", "properties": {"layer": "0 - Linhas Quadras", "dxf_type": "LINE"}, "geometry": {"type": "LineString", "coordinates": [[-54.990912502596096, -10.245639793542573], [-54.990992385390065, -10.245565597241928]]}}, {"type": "Feature", "properties": {"layer": "0 - Linhas Quadras", "dxf_type": "LINE"}, "geometry": {"type": "LineString", "coordinates": [[-54.990992385390065, -10.245565597241928], [-54.99108558253644, -10.245479036216569]]}}, {"type": "Feature", "properties": {"layer": "0 - Linhas Quadras", "dxf_type": "LINE"}, "geometry": {"type": "LineString", "coordinates": [[-54.99094020626334, -10.244857539101341], [-54.990856463595485, -10.244924595009104]]}}, {"type": "Feature", "properties": {"layer": "0 - Linhas Quadras", "dxf_type": "LINE"}, "geometry": {"type": "LineString", "coordinates": [[-54.99132433093495, -10.245257284856464], [-54.99124245077498, -10.245333335521304]]}}, {"type": "Feature", "properties": {"layer": "0 - Linhas Quadras", "dxf_type": "LINE"}, "geometry": {"type": "LineString", "coordinates": [[-54.99124245077498, -10.245333335521304], [-54.990856463595485, -10.244924595009104]]}}, {"type": "Feature", "properties": {"layer": "0 - Linhas Quadras", "dxf_type": "LINE"}, "geometry": {"type": "LineString", "coordinates": [[-54.99124245077498, -10.245333335521304], [-54.990900950713296, -10.24565052218164]]}}, {"type": "Feature", "properties": {"layer": "0 - Linhas Quadras", "dxf_type": "LINE"}, "geometry": {"type": "LineString", "coordinates": [[-54.990856463595485, -10.244924595009104], [-54.99051581669946, -10.245197367046872]]}}, {"type": "Feature", "properties": {"layer": "0 - Linhas Quadras", "dxf_type": "LINE"}, "geometry": {"type": "LineString", "coordinates": [[-54.99051581669946, -10.245197367046872], [-54.990900950713296, -10.24565052218164]]}}, {"type": "Feature", "properties": {"layer": "0 - Linhas Quadras", "dxf_type": "LINE"}, "geometry": {"type": "LineString", "coordinates": [[-54.99034490876174, -10.245334220670669], [-54.990399555029775, -10.245290463479316]]}}, {"type": "Feature", "properties": {"layer": "0 - Linhas Quadras", "dxf_type": "LINE"}, "geometry": {"type": "LineString", "coordinates": [[-54.99039974067224, -10.245290692414567], [-54.9904925717743, -10.245393315132857]]}}, {"type": "Feature", "properties": {"layer": "0 - Linhas Quadras", "dxf_type": "LINE"}, "geometry": {"type": "LineString", "coordinates": [[-54.99039974067224, -10.245290692414567], [-54.99049272223952, -10.245393188610288]]}}, {"type": "Feature", "properties": {"layer": "0 - Linhas Quadras", "dxf_type": "LINE"}, "geometry": {"type": "LineString", "coordinates": [[-54.990900950713296, -10.24565052218164], [-54.99072610806191, -10.245812916323693]]}}, {"type": "Feature", "properties": {"layer": "0 - Linhas Quadras", "dxf_type": "LINE"}, "geometry": {"type": "LineString", "coordinates": [[-54.99041486271479, -10.245458106798575], [-54.99060364312556, -10.24530070543831]]}}, {"type": "Feature", "properties": {"layer": "0 - Linhas Quadras", "dxf_type": "LINE"}, "geometry": {"type": "LineString", "coordinates": [[-54.990900950713296, -10.24565052218164], [-54.9908210669647, -10.24572471844572]]}}, {"type": "Feature", "properties": {"layer": "0 - Linhas Quadras", "dxf_type": "LINE"}, "geometry": {"type": "LineString", "coordinates": [[-54.9908210669647, -10.24572471844572], [-54.99051998457655, -10.245370458134872]]}}, {"type": "Feature", "properties": {"layer": "0 - Linhas Quadras", "dxf_type": "LINE"}, "geometry": {"type": "LineString", "coordinates": [[-54.99039974067224, -10.245290692414567], [-54.99048476574706, -10.245222332097242]]}}, {"type": "Feature", "properties": {"layer": "0 - Linhas Quadras", "dxf_type": "LINE"}, "geometry": {"type": "LineString", "coordinates": [[-54.990900950713296, -10.24565052218164], [-54.990867665592944, -10.245681437519522]]}}, {"type": "Feature", "properties": {"layer": "0 - Linhas Quadras", "dxf_type": "LINE"}, "geometry": {"type": "LineString", "coordinates": [[-54.990867665592944, -10.245681437519522], [-54.99056878540253, -10.245329768839403]]}}, {"type": "Feature", "properties": {"layer": "0 - Linhas Quadras", "dxf_type": "LINE"}, "geometry": {"type": "LineString", "coordinates": [[-54.99176110456902, -10.245074050499595], [-54.99195140199668, -10.245269003855137]]}}, {"type": "Feature", "properties": {"layer": "0 - Linhas Quadras", "dxf_type": "LINE"}, "geometry": {"type": "LineString", "coordinates": [[-54.99195140199668, -10.245269003855137], [-54.99170906279532, -10.245474526285449]]}}, {"type": "Feature", "properties": {"layer": "0 - Linhas Quadras", "dxf_type": "LINE"}, "geometry": {"type": "LineString", "coordinates": [[-54.992111918854754, -10.245433446679037], [-54.99227594195608, -10.245276374877049]]}}, {"type": "Feature", "properties": {"layer": "0 - Linhas Quadras", "dxf_type": "LINE"}, "geometry": {"type": "LineString", "coordinates": [[-54.99227594195608, -10.245276374877049], [-54.99193052639029, -10.244915125734138]]}}, {"type": "Feature", "properties": {"layer": "0 - Linhas Quadras", "dxf_type": "LINE"}, "geometry": {"type": "LineString", "coordinates": [[-54.99193052639029, -10.244915125734138], [-54.992063045984494, -10.244790815448834]]}}, {"type": "Feature", "properties": {"layer": "0 - Linhas Quadras", "dxf_type": "LINE"}, "geometry": {"type": "LineString", "coordinates": [[-54.992063045984494, -10.244790815448834], [-54.99241087808227, -10.245147155723943]]}}, {"type": "Feature", "properties": {"layer": "0 - Linhas Quadras", "dxf_type": "LINE"}, "geometry": {"type": "LineString", "coordinates": [[-54.992063045984494, -10.244790815448834], [-54.99219556638329, -10.244666505998465]]}}, {"type": "Feature", "properties": {"layer": "0 - Linhas Quadras", "dxf_type": "LINE"}, "geometry": {"type": "LineString", "coordinates": [[-54.99219556638329, -10.244666505998465], [-54.992542089181754, -10.245021504768719]]}}, {"type": "Feature", "properties": {"layer": "0 - Linhas Quadras", "dxf_type": "LINE"}, "geometry": {"type": "LineString", "coordinates": [[-54.99068906516647, -10.24636318519939], [-54.99103172902047, -10.246080759146539]]}}, {"type": "Feature", "properties": {"layer": "0 - Linhas Quadras", "dxf_type": "LINE"}, "geometry": {"type": "LineString", "coordinates": [[-54.99103172902047, -10.246080759146539], [-54.99120122042219, -10.246296756887288]]}}, {"type": "Feature", "properties": {"layer": "0 - Linhas Quadras", "dxf_type": "LINE"}, "geometry": {"type": "LineString", "coordinates": [[-54.991142967800556, -10.246222520442865], [-54.99080650478743, -10.246485868837764]]}}, {"type": "Feature", "properties": {"layer": "0 - Linhas Quadras", "dxf_type": "LINE"}, "geometry": {"type": "LineString", "coordinates": [[-54.99098334963332, -10.246347453618858], [-54.99105668142394, -10.246427181489677]]}}, {"type": "Feature", "properties": {"layer": "0 - Linhas Quadras", "dxf_type": "LINE"}, "geometry": {"type": "LineString", "coordinates": [[-54.991142982936786, -10.245995991014295], [-54.99103172902047, -10.246080759146539]]}}, {"type": "Feature", "properties": {"layer": "0 - Linhas Quadras", "dxf_type": "LINE"}, "geometry": {"type": "LineString", "coordinates": [[-54.991142982936786, -10.245995991014295], [-54.99132056855222, -10.246189064693043]]}}, {"type": "Feature", "properties": {"layer": "0 - Linhas Quadras", "dxf_type": "LINE"}, "geometry": {"type": "LineString", "coordinates": [[-54.991142982936786, -10.245995991014295], [-54.99123305039042, -10.24591471934492]]}}, {"type": "Feature", "properties": {"layer": "0 - Linhas Quadras", "dxf_type": "LINE"}, "geometry": {"type": "LineString", "coordinates": [[-54.99123305039042, -10.24591471934492], [-54.99140061334167, -10.24611683713652]]}}, {"type": "Feature", "properties": {"layer": "0 - Linhas Quadras", "dxf_type": "LINE"}, "geometry": {"type": "LineString", "coordinates": [[-54.99123305039042, -10.24591471934492], [-54.99132080221905, -10.245829725454143]]}}, {"type": "Feature", "properties": {"layer": "0 - Linhas Quadras", "dxf_type": "LINE"}, "geometry": {"type": "LineString", "coordinates": [[-54.99132080221905, -10.245829725454143], [-54.9914910488332, -10.246035233213938]]}}, {"type": "Feature", "properties": {"layer": "0 - Linhas Quadras", "dxf_type": "LINE"}, "geometry": {"type": "LineString", "coordinates": [[-54.99132080221905, -10.245829725454143], [-54.99135916583963, -10.24579854676647]]}}, {"type": "Feature", "properties": {"layer": "0 - Linhas Quadras", "dxf_type": "LINE"}, "geometry": {"type": "LineString", "coordinates": [[-54.99135916583963, -10.24579854676647], [-54.991531158846456, -10.245999040406959]]}}, {"type": "Feature", "properties": {"layer": "0 - Linhas Quadras", "dxf_type": "LINE"}, "geometry": {"type": "LineString", "coordinates": [[-54.99135916583963, -10.24579854676647], [-54.99140779044327, -10.245759029537284]]}}, {"type": "Feature", "properties": {"layer": "0 - Linhas Quadras", "dxf_type": "LINE"}, "geometry": {"type": "LineString", "coordinates": [[-54.99140779044327, -10.245759029537284], [-54.9915785692569, -10.245956259732663]]}}, {"type": "Feature", "properties": {"layer": "0 - Linhas Quadras", "dxf_type": "LINE"}, "geometry": {"type": "LineString", "coordinates": [[-54.99140061334167, -10.24611683713652], [-54.99144730879022, -10.246074702892752]]}}, {"type": "Feature", "properties": {"layer": "0 - Linhas Quadras", "dxf_type": "LINE"}, "geometry": {"type": "LineString", "coordinates": [[-54.99144730879022, -10.246074702892752], [-54.99127692631056, -10.245872222403658]]}}, {"type": "Feature", "properties": {"layer": "0 - Linhas Quadras", "dxf_type": "LINE"}, "geometry": {"type": "LineString", "coordinates": [[-54.9915785692569, -10.245956259732663], [-54.991618642536956, -10.24592010012915]]}}, {"type": "Feature", "properties": {"layer": "0 - Linhas Quadras", "dxf_type": "LINE"}, "geometry": {"type": "LineString", "coordinates": [[-54.991618642536956, -10.24592010012915], [-54.9914395204745, -10.245725355707176]]}}, {"type": "Feature", "properties": {"layer": "0 - Linhas Quadras", "dxf_type": "LINE"}, "geometry": {"type": "LineString", "coordinates": [[-54.9914395204745, -10.245725355707176], [-54.99140779044327, -10.245759029537284]]}}, {"type": "Feature", "properties": {"layer": "0 - Linhas Quadras", "dxf_type": "LINE"}, "geometry": {"type": "LineString", "coordinates": [[-54.991668040932225, -10.245875526590991], [-54.991618642536956, -10.24592010012915]]}}, {"type": "Feature", "properties": {"layer": "0 - Linhas Quadras", "dxf_type": "LINE"}, "geometry": {"type": "LineString", "coordinates": [[-54.99166306539429, -10.245880015452311], [-54.991486983246446, -10.245683094213975]]}}, {"type": "Feature", "properties": {"layer": "0 - Linhas Quadras", "dxf_type": "LINE"}, "geometry": {"type": "LineString", "coordinates": [[-54.991486983246446, -10.245683094213975], [-54.99143980508785, -10.245725664798464]]}}, {"type": "Feature", "properties": {"layer": "0 - Linhas Quadras", "dxf_type": "LINE"}, "geometry": {"type": "LineString", "coordinates": [[-54.99155558046393, -10.245626018775729], [-54.991737129469776, -10.245813184297887]]}}, {"type": "Feature", "properties": {"layer": "0 - Linhas Quadras", "dxf_type": "LINE"}, "geometry": {"type": "LineString", "coordinates": [[-54.991737129469776, -10.245813184297887], [-54.99166306539429, -10.245880015452311]]}}, {"type": "Feature", "properties": {"layer": "0 - Linhas Quadras", "dxf_type": "LINE"}, "geometry": {"type": "LineString", "coordinates": [[-54.99155558046393, -10.245626018775729], [-54.99148853652312, -10.245684831201828]]}}, {"type": "Feature", "properties": {"layer": "0 - Linhas Quadras", "dxf_type": "LINE"}, "geometry": {"type": "LineString", "coordinates": [[-54.991737129469776, -10.245813184297887], [-54.99177108172743, -10.24578254777108]]}}, {"type": "Feature", "properties": {"layer": "0 - Linhas Quadras", "dxf_type": "LINE"}, "geometry": {"type": "LineString", "coordinates": [[-54.99177108172743, -10.24578254777108], [-54.99158338401554, -10.24560023358328]]}}, {"type": "Feature", "properties": {"layer": "0 - Linhas Quadras", "dxf_type": "LINE"}, "geometry": {"type": "LineString", "coordinates": [[-54.99158338401554, -10.24560023358328], [-54.99155558046393, -10.245626018775729]]}}, {"type": "Feature", "properties": {"layer": "0 - Linhas Quadras", "dxf_type": "LINE"}, "geometry": {"type": "LineString", "coordinates": [[-54.99158338401554, -10.24560023358328], [-54.991624079623726, -10.245561758356045]]}}, {"type": "Feature", "properties": {"layer": "0 - Linhas Quadras", "dxf_type": "LINE"}, "geometry": {"type": "LineString", "coordinates": [[-54.99135766274389, -10.245419490423258], [-54.99155558046393, -10.245626018775729]]}}, {"type": "Feature", "properties": {"layer": "0 - Linhas Quadras", "dxf_type": "LINE"}, "geometry": {"type": "LineString", "coordinates": [[-54.99155558046393, -10.245626018775729], [-54.99149221267528, -10.245559894211361]]}}, {"type": "Feature", "properties": {"layer": "0 - Linhas Quadras", "dxf_type": "LINE"}, "geometry": {"type": "LineString", "coordinates": [[-54.99149221267528, -10.245559894211361], [-54.991560272490815, -10.245495547929616]]}}, {"type": "Feature", "properties": {"layer": "0 - Linhas Quadras", "dxf_type": "LINE"}, "geometry": {"type": "LineString", "coordinates": [[-54.99147173079378, -10.245696857070078], [-54.99127877553461, -10.245493426332136]]}}, {"type": "Feature", "properties": {"layer": "0 - Linhas Quadras", "dxf_type": "LINE"}, "geometry": {"type": "LineString", "coordinates": [[-54.991190181152255, -10.245576441764742], [-54.9913681371005, -10.245791256041928]]}}, {"type": "Feature", "properties": {"layer": "0 - Linhas Quadras", "dxf_type": "LINE"}, "geometry": {"type": "LineString", "coordinates": [[-54.991052655729526, -10.24570530802328], [-54.99123305039042, -10.24591471934492]]}}, {"type": "Feature", "properties": {"layer": "0 - Linhas Quadras", "dxf_type": "LINE"}, "geometry": {"type": "LineString", "coordinates": [[-54.9911715815666, -10.245970185473277], [-54.99099673300636, -10.245757709757937]]}}, {"type": "Feature", "properties": {"layer": "0 - Linhas Quadras", "dxf_type": "LINE"}, "geometry": {"type": "LineString", "coordinates": [[-54.99109419048642, -10.246033167809054], [-54.99091637595914, -10.245833007709019]]}}, {"type": "Feature", "properties": {"layer": "0 - Linhas Quadras", "dxf_type": "LINE"}, "geometry": {"type": "LineString", "coordinates": [[-54.99103172902047, -10.246080759146539], [-54.990865238888595, -10.24588092481459]]}}, {"type": "Feature", "properties": {"layer": "0 - Linhas Quadras", "dxf_type": "LINE"}, "geometry": {"type": "LineString", "coordinates": [[-54.99080155048472, -10.245940602064405], [-54.99098339433883, -10.246120597176498]]}}, {"type": "Feature", "properties": {"layer": "0 - Linhas Quadras", "dxf_type": "LINE"}, "geometry": {"type": "LineString", "coordinates": [[-54.990873736934624, -10.246012054720909], [-54.99059948592726, -10.246269604600629]]}}, {"type": "Feature", "properties": {"layer": "0 - Linhas Quadras", "dxf_type": "LINE"}, "geometry": {"type": "LineString", "coordinates": [[-54.991093487834945, -10.246909329228139], [-54.9915009425092, -10.246552669187585]]}}, {"type": "Feature", "properties": {"layer": "0 - Linhas Quadras", "dxf_type": "LINE"}, "geometry": {"type": "LineString", "coordinates": [[-54.9915009425092, -10.246552669187585], [-54.99149246547472, -10.246542199131719]]}}, {"type": "Feature", "properties": {"layer": "0 - Linhas Quadras", "dxf_type": "LINE"}, "geometry": {"type": "LineString", "coordinates": [[-54.99149246547472, -10.246542199131719], [-54.99174840828911, -10.246319567630078]]}}, {"type": "Feature", "properties": {"layer": "0 - Linhas Quadras", "dxf_type": "LINE"}, "geometry": {"type": "LineString", "coordinates": [[-54.99174840828911, -10.246319567630078], [-54.992105932960726, -10.246016895669994]]}}, {"type": "Feature", "properties": {"layer": "0 - Linhas Quadras", "dxf_type": "LINE"}, "geometry": {"type": "LineString", "coordinates": [[-54.9915009425092, -10.246552669187585], [-54.99166763152308, -10.246756832521688]]}}, {"type": "Feature", "properties": {"layer": "0 - Linhas Quadras", "dxf_type": "LINE"}, "geometry": {"type": "LineString", "coordinates": [[-54.991427374476146, -10.246617065437926], [-54.99160008286843, -10.246817493036998]]}}, {"type": "Feature", "properties": {"layer": "0 - Linhas Quadras", "dxf_type": "LINE"}, "geometry": {"type": "LineString", "coordinates": [[-54.99138606631159, -10.246653224596965], [-54.991558301589606, -10.24685501421225]]}}, {"type": "Feature", "properties": {"layer": "0 - Linhas Quadras", "dxf_type": "LINE"}, "geometry": {"type": "LineString", "coordinates": [[-54.99133465363599, -10.246698227630471], [-54.99151432490923, -10.246894506822867]]}}, {"type": "Feature", "properties": {"layer": "0 - Linhas Quadras", "dxf_type": "LINE"}, "geometry": {"type": "LineString", "coordinates": [[-54.99129100079642, -10.24673643864508], [-54.991471170574904, -10.246933260580814]]}}, {"type": "Feature", "properties": {"layer": "0 - Linhas Quadras", "dxf_type": "LINE"}, "geometry": {"type": "LineString", "coordinates": [[-54.99140957198781, -10.246988577678032], [-54.99124051494079, -10.246780631146404]]}}, {"type": "Feature", "properties": {"layer": "0 - Linhas Quadras", "dxf_type": "LINE"}, "geometry": {"type": "LineString", "coordinates": [[-54.991093487834945, -10.246909329228139], [-54.9911334792449, -10.246957324137734]]}}, {"type": "Feature", "properties": {"layer": "0 - Linhas Quadras", "dxf_type": "LINE"}, "geometry": {"type": "LineString", "coordinates": [[-54.9911334792449, -10.246957324137734], [-54.99128555665709, -10.246836033234363]]}}, {"type": "Feature", "properties": {"layer": "0 - Linhas Quadras", "dxf_type": "LINE"}, "geometry": {"type": "LineString", "coordinates": [[-54.9911334792449, -10.246957324137734], [-54.991161077055146, -10.24699044528392]]}}, {"type": "Feature", "properties": {"layer": "0 - Linhas Quadras", "dxf_type": "LINE"}, "geometry": {"type": "LineString", "coordinates": [[-54.991161077055146, -10.24699044528392], [-54.99131127563198, -10.246867669368946]]}}, {"type": "Feature", "properties": {"layer": "0 - Linhas Quadras", "dxf_type": "LINE"}, "geometry": {"type": "LineString", "coordinates": [[-54.991161077055146, -10.24699044528392], [-54.99119066754763, -10.247025959668363]]}}, {"type": "Feature", "properties": {"layer": "0 - Linhas Quadras", "dxf_type": "LINE"}, "geometry": {"type": "LineString", "coordinates": [[-54.99119066754763, -10.247025959668363], [-54.991341902050486, -10.24690534147168]]}}, {"type": "Feature", "properties": {"layer": "0 - Linhas Quadras", "dxf_type": "LINE"}, "geometry": {"type": "LineString", "coordinates": [[-54.99119066754763, -10.247025959668363], [-54.99121959503752, -10.247060676312305]]}}, {"type": "Feature", "properties": {"layer": "0 - Linhas Quadras", "dxf_type": "LINE"}, "geometry": {"type": "LineString", "coordinates": [[-54.99121959503752, -10.247060676312305], [-54.99136459362679, -10.246933252824515]]}}, {"type": "Feature", "properties": {"layer": "0 - Linhas Quadras", "dxf_type": "LINE"}, "geometry": {"type": "LineString", "coordinates": [[-54.99149246547472, -10.246542199131719], [-54.991428155022575, -10.246469668045673]]}}, {"type": "Feature", "properties": {"layer": "0 - Linhas Quadras", "dxf_type": "LINE"}, "geometry": {"type": "LineString", "coordinates": [[-54.991428155022575, -10.246469668045673], [-54.99102158449313, -10.246823034158664]]}}, {"type": "Feature", "properties": {"layer": "0 - Linhas Quadras", "dxf_type": "LINE"}, "geometry": {"type": "LineString", "coordinates": [[-54.99102158449313, -10.246823034158664], [-54.99105588947602, -10.246864205492002]]}}, {"type": "Feature", "properties": {"layer": "0 - Linhas Quadras", "dxf_type": "LINE"}, "geometry": {"type": "LineString", "coordinates": [[-54.99105588947602, -10.246864205492002], [-54.99146355844158, -10.246509596005462]]}}, {"type": "Feature", "properties": {"layer": "0 - Linhas Quadras", "dxf_type": "LINE"}, "geometry": {"type": "LineString", "coordinates": [[-54.99141283782809, -10.246482980338895], [-54.991304789655665, -10.246362756625764]]}}, {"type": "Feature", "properties": {"layer": "0 - Linhas Quadras", "dxf_type": "LINE"}, "geometry": {"type": "LineString", "coordinates": [[-54.991358813731914, -10.246422868484999], [-54.99095987467615, -10.24674897245687]]}}, {"type": "Feature", "properties": {"layer": "0 - Linhas Quadras", "dxf_type": "LINE"}, "geometry": {"type": "LineString", "coordinates": [[-54.99109579489692, -10.24654702354504], [-54.99114082050596, -10.246601062432578]]}}, {"type": "Feature", "properties": {"layer": "0 - Linhas Quadras", "dxf_type": "LINE"}, "geometry": {"type": "LineString", "coordinates": [[-54.991724932861764, -10.246705373856958], [-54.99154924268165, -10.246492811753278]]}}, {"type": "Feature", "properties": {"layer": "0 - Linhas Quadras", "dxf_type": "LINE"}, "geometry": {"type": "LineString", "coordinates": [[-54.99161169823678, -10.246438484269602], [-54.99179687041592, -10.246640771308343]]}}, {"type": "Feature", "properties": {"layer": "0 - Linhas Quadras", "dxf_type": "LINE"}, "geometry": {"type": "LineString", "coordinates": [[-54.99185460950107, -10.246588920304024], [-54.99167353343593, -10.246384698000892]]}}, {"type": "Feature", "properties": {"layer": "0 - Linhas Quadras", "dxf_type": "LINE"}, "geometry": {"type": "LineString", "coordinates": [[-54.99167353343593, -10.246384698000892], [-54.99174840828911, -10.246319567630078]]}}, {"type": "Feature", "properties": {"layer": "0 - Linhas Quadras", "dxf_type": "LINE"}, "geometry": {"type": "LineString", "coordinates": [[-54.99174840828911, -10.246319567630078], [-54.99192844318809, -10.246522614693538]]}}, {"type": "Feature", "properties": {"layer": "0 - Linhas Quadras", "dxf_type": "LINE"}, "geometry": {"type": "LineString", "coordinates": [[-54.99179338803408, -10.246281489470848], [-54.991984147468294, -10.246472589661526]]}}, {"type": "Feature", "properties": {"layer": "0 - Linhas Quadras", "dxf_type": "LINE"}, "geometry": {"type": "LineString", "coordinates": [[-54.991841607480296, -10.246240668033371], [-54.992022433647556, -10.246438207831174]]}}, {"type": "Feature", "properties": {"layer": "0 - Linhas Quadras", "dxf_type": "LINE"}, "geometry": {"type": "LineString", "coordinates": [[-54.99205767687792, -10.246057748570621], [-54.99224439422043, -10.246238879619538]]}}, {"type": "Feature", "properties": {"layer": "0 - Linhas Quadras", "dxf_type": "LINE"}, "geometry": {"type": "LineString", "coordinates": [[-54.99205767687792, -10.246057748570621], [-54.99202714328443, -10.246083597388223]]}}, {"type": "Feature", "properties": {"layer": "0 - Linhas Quadras", "dxf_type": "LINE"}, "geometry": {"type": "LineString", "coordinates": [[-54.99202714328443, -10.246083597388223], [-54.9922031729556, -10.24627589726653]]}}, {"type": "Feature", "properties": {"layer": "0 - Linhas Quadras", "dxf_type": "LINE"}, "geometry": {"type": "LineString", "coordinates": [[-54.99213319232271, -10.246338742148513], [-54.991950662935324, -10.24614834370432]]}}, {"type": "Feature", "properties": {"layer": "0 - Linhas Quadras", "dxf_type": "LINE"}, "geometry": {"type": "LineString", "coordinates": [[-54.99191056526174, -10.246182289498902], [-54.99208960860228, -10.246377882051009]]}}, {"type": "Feature", "properties": {"layer": "0 - Linhas Quadras", "dxf_type": "LINE"}, "geometry": {"type": "LineString", "coordinates": [[-54.99191056526174, -10.246182289498902], [-54.99187573772486, -10.24621177355255]]}}, {"type": "Feature", "properties": {"layer": "0 - Linhas Quadras", "dxf_type": "LINE"}, "geometry": {"type": "LineString", "coordinates": [[-54.99187573772486, -10.24621177355255], [-54.99205568199817, -10.246408349729524]]}}, {"type": "Feature", "properties": {"layer": "0 - Linhas Quadras", "dxf_type": "LINE"}, "geometry": {"type": "LineString", "coordinates": [[-54.991866406093365, -10.245867587182456], [-54.99205767687792, -10.246057748570621]]}}, {"type": "Feature", "properties": {"layer": "0 - Linhas Quadras", "dxf_type": "LINE"}, "geometry": {"type": "LineString", "coordinates": [[-54.99180447370995, -10.245922191865128], [-54.991987752107356, -10.246116944644735]]}}, {"type": "Feature", "properties": {"layer": "0 - Linhas Quadras", "dxf_type": "LINE"}, "geometry": {"type": "LineString", "coordinates": [[-54.99175357765548, -10.245967066218501], [-54.99193624527729, -10.246160549764213]]}}, {"type": "Feature", "properties": {"layer": "0 - Linhas Quadras", "dxf_type": "LINE"}, "geometry": {"type": "LineString", "coordinates": [[-54.99169907407998, -10.246015120862724], [-54.99188130972418, -10.246207056969554]]}}, {"type": "Feature", "properties": {"layer": "0 - Linhas Quadras", "dxf_type": "LINE"}, "geometry": {"type": "LineString", "coordinates": [[-54.991651679966154, -10.246056908248457], [-54.991838192532825, -10.246243558463611]]}}, {"type": "Feature", "properties": {"layer": "0 - Linhas Quadras", "dxf_type": "LINE"}, "geometry": {"type": "LineString", "coordinates": [[-54.99159308888115, -10.246108567758304], [-54.991774692965045, -10.246297315509647]]}}, {"type": "Feature", "properties": {"layer": "0 - Linhas Quadras", "dxf_type": "LINE"}, "geometry": {"type": "LineString", "coordinates": [[-54.99153114172522, -10.24616318493448], [-54.991710970412804, -10.246352132363638]]}}, {"type": "Feature", "properties": {"layer": "0 - Linhas Quadras", "dxf_type": "LINE"}, "geometry": {"type": "LineString", "coordinates": [[-54.99140239632742, -10.246276698250195], [-54.99158425802315, -10.246462353577037]]}}, {"type": "Feature", "properties": {"layer": "0 - Linhas Quadras", "dxf_type": "LINE"}, "geometry": {"type": "LineString", "coordinates": [[-54.991541017381145, -10.247003563373347], [-54.9915711542393, -10.247035654346623]]}}, {"type": "Feature", "properties": {"layer": "0 - Linhas Quadras", "dxf_type": "LINE"}, "geometry": {"type": "LineString", "coordinates": [[-54.9915711542393, -10.247035654346623], [-54.99135403926343, -10.247209244715982]]}}, {"type": "Feature", "properties": {"layer": "0 - Linhas Quadras", "dxf_type": "LINE"}, "geometry": {"type": "LineString", "coordinates": [[-54.9915711542393, -10.247035654346623], [-54.99160144973466, -10.247067916235304]]}}, {"type": "Feature", "properties": {"layer": "0 - Linhas Quadras", "dxf_type": "LINE"}, "geometry": {"type": "LineString", "coordinates": [[-54.99160144973466, -10.247067916235304], [-54.991383351110784, -10.24724365368205]]}}, {"type": "Feature", "properties": {"layer": "0 - Linhas Quadras", "dxf_type": "LINE"}, "geometry": {"type": "LineString", "coordinates": [[-54.99160144973466, -10.247067916235304], [-54.99169820421734, -10.247177623526621]]}}, {"type": "Feature", "properties": {"layer": "0 - Linhas Quadras", "dxf_type": "LINE"}, "geometry": {"type": "LineString", "coordinates": [[-54.99169820421734, -10.247177623526621], [-54.99148142388235, -10.247358784563605]]}}, {"type": "Feature", "properties": {"layer": "0 - Linhas Quadras", "dxf_type": "LINE"}, "geometry": {"type": "LineString", "coordinates": [[-54.99150659117613, -10.247388329229155], [-54.99172287588073, -10.2472031254959]]}}, {"type": "Feature", "properties": {"layer": "0 - Linhas Quadras", "dxf_type": "LINE"}, "geometry": {"type": "LineString", "coordinates": [[-54.99172287588073, -10.2472031254959], [-54.99169820421734, -10.247177623526621]]}}, {"type": "Feature", "properties": {"layer": "0 - Linhas Quadras", "dxf_type": "LINE"}, "geometry": {"type": "LineString", "coordinates": [[-54.99150659117613, -10.247388329229155], [-54.99154202524262, -10.247429926024479]]}}, {"type": "Feature", "properties": {"layer": "0 - Linhas Quadras", "dxf_type": "LINE"}, "geometry": {"type": "LineString", "coordinates": [[-54.99154202524262, -10.247429926024479], [-54.99175744595037, -10.247249901816463]]}}, {"type": "Feature", "properties": {"layer": "0 - Linhas Quadras", "dxf_type": "LINE"}, "geometry": {"type": "LineString", "coordinates": [[-54.99175744595037, -10.247249901816463], [-54.99172287588073, -10.2472031254959]]}}, {"type": "Feature", "properties": {"layer": "0 - Linhas Quadras", "dxf_type": "LINE"}, "geometry": {"type": "LineString", "coordinates": [[-54.99169179910634, -10.247304761878112], [-54.991722061921166, -10.247339465047995]]}}, {"type": "Feature", "properties": {"layer": "0 - Linhas Quadras", "dxf_type": "LINE"}, "geometry": {"type": "LineString", "coordinates": [[-54.991722061921166, -10.247339465047995], [-54.991571878867404, -10.247464971072331]]}}, {"type": "Feature", "properties": {"layer": "0 - Linhas Quadras", "dxf_type": "LINE"}, "geometry": {"type": "LineString", "coordinates": [[-54.991745320086316, -10.247370887095771], [-54.99159718659702, -10.24749468021103]]}}, {"type": "Feature", "properties": {"layer": "0 - Linhas Quadras", "dxf_type": "LINE"}, "geometry": {"type": "LineString", "coordinates": [[-54.991745320086316, -10.247370887095771], [-54.991821242474174, -10.24745131062204]]}}, {"type": "Feature", "properties": {"layer": "0 - Linhas Quadras", "dxf_type": "LINE"}, "geometry": {"type": "LineString", "coordinates": [[-54.991821242474174, -10.24745131062204], [-54.99169519492925, -10.247568047746096]]}}, {"type": "Feature", "properties": {"layer": "0 - Linhas Quadras", "dxf_type": "LINE"}, "geometry": {"type": "LineString", "coordinates": [[-54.99169519492925, -10.247568047746096], [-54.9916582518331, -10.247566366877527]]}}, {"type": "Feature", "properties": {"layer": "0 - Linhas Quadras", "dxf_type": "LINE"}, "geometry": {"type": "LineString", "coordinates": [[-54.9916582518331, -10.247566366877527], [-54.99159718659702, -10.24749468021103]]}}, {"type": "Feature", "properties": {"layer": "0 - Linhas Quadras", "dxf_type": "LINE"}, "geometry": {"type": "LineString", "coordinates": [[-54.99174870178457, -10.247257209315036], [-54.991867032688, -10.24740890319337]]}}, {"type": "Feature", "properties": {"layer": "0 - Linhas Quadras", "dxf_type": "LINE"}, "geometry": {"type": "LineString", "coordinates": [[-54.99175744595037, -10.247249901816463], [-54.99177488932527, -10.247235324505231]]}}, {"type": "Feature", "properties": {"layer": "0 - Linhas Quadras", "dxf_type": "LINE"}, "geometry": {"type": "LineString", "coordinates": [[-54.99177488932527, -10.247235324505231], [-54.99189360518076, -10.247384293626375]]}}, {"type": "Feature", "properties": {"layer": "0 - Linhas Quadras", "dxf_type": "LINE"}, "geometry": {"type": "LineString", "coordinates": [[-54.99194092563582, -10.247340468347767], [-54.99177796296256, -10.247137084676]]}}, {"type": "Feature", "properties": {"layer": "0 - Linhas Quadras", "dxf_type": "LINE"}, "geometry": {"type": "LineString", "coordinates": [[-54.99177796296256, -10.247137084676], [-54.99171593680176, -10.247195953405047]]}}, {"type": "Feature", "properties": {"layer": "0 - Linhas Quadras", "dxf_type": "LINE"}, "geometry": {"type": "LineString", "coordinates": [[-54.99182031353372, -10.247088727182929], [-54.99198856644707, -10.24729634674522]]}}, {"type": "Feature", "properties": {"layer": "0 - Linhas Quadras", "dxf_type": "LINE"}, "geometry": {"type": "LineString", "coordinates": [[-54.99177796296256, -10.247137084676], [-54.99182031353372, -10.247088727182929]]}}, {"type": "Feature", "properties": {"layer": "0 - Linhas Quadras", "dxf_type": "LINE"}, "geometry": {"type": "LineString", "coordinates": [[-54.99184568765992, -10.24706224542431], [-54.99182031353372, -10.247088727182929]]}}, {"type": "Feature", "properties": {"layer": "0 - Linhas Quadras", "dxf_type": "LINE"}, "geometry": {"type": "LineString", "coordinates": [[-54.991947621590555, -10.24697046922214], [-54.99184568765992, -10.24706224542431]]}}, {"type": "Feature", "properties": {"layer": "0 - Linhas Quadras", "dxf_type": "LINE"}, "geometry": {"type": "LineString", "coordinates": [[-54.991947621590555, -10.24697046922214], [-54.99212265610907, -10.247172161126757]]}}, {"type": "Feature", "properties": {"layer": "0 - Linhas Quadras", "dxf_type": "LINE"}, "geometry": {"type": "LineString", "coordinates": [[-54.991947621590555, -10.24697046922214], [-54.99193883481698, -10.246960342557427]]}}, {"type": "Feature", "properties": {"layer": "0 - Linhas Quadras", "dxf_type": "LINE"}, "geometry": {"type": "LineString", "coordinates": [[-54.99193883481698, -10.246960342557427], [-54.99201976792813, -10.246899527821418]]}}, {"type": "Feature", "properties": {"layer": "0 - Linhas Quadras", "dxf_type": "LINE"}, "geometry": {"type": "LineString", "coordinates": [[-54.99201976792813, -10.246899527821418], [-54.99220267671464, -10.247096260610732]]}}, {"type": "Feature", "properties": {"layer": "0 - Linhas Quadras", "dxf_type": "LINE"}, "geometry": {"type": "LineString", "coordinates": [[-54.99220267671464, -10.247096260610732], [-54.99235452747267, -10.246952226012453]]}}, {"type": "Feature", "properties": {"layer": "0 - Linhas Quadras", "dxf_type": "LINE"}, "geometry": {"type": "LineString", "coordinates": [[-54.99235452747267, -10.246952226012453], [-54.992189507026175, -10.246781548119628]]}}, {"type": "Feature", "properties": {"layer": "0 - Linhas Quadras", "dxf_type": "LINE"}, "geometry": {"type": "LineString", "coordinates": [[-54.992189507026175, -10.246781548119628], [-54.99201976792813, -10.246899527821418]]}}, {"type": "Feature", "properties": {"layer": "0 - Linhas Quadras", "dxf_type": "LINE"}, "geometry": {"type": "LineString", "coordinates": [[-54.99239878530732, -10.246910246514101], [-54.99224242796398, -10.246739912311162]]}}, {"type": "Feature", "properties": {"layer": "0 - Linhas Quadras", "dxf_type": "LINE"}, "geometry": {"type": "LineString", "coordinates": [[-54.99224242796398, -10.246739912311162], [-54.992189507026175, -10.246781548119628]]}}, {"type": "Feature", "properties": {"layer": "0 - Linhas Quadras", "dxf_type": "LINE"}, "geometry": {"type": "LineString", "coordinates": [[-54.9922805650936, -10.24671108773702], [-54.99224242796398, -10.246739912311162]]}}, {"type": "Feature", "properties": {"layer": "0 - Linhas Quadras", "dxf_type": "LINE"}, "geometry": {"type": "LineString", "coordinates": [[-54.9922805650936, -10.24671108773702], [-54.99243840489982, -10.246871506936978]]}}, {"type": "Feature", "properties": {"layer": "0 - Linhas Quadras", "dxf_type": "LINE"}, "geometry": {"type": "LineString", "coordinates": [[-54.99239613988836, -10.246613908804749], [-54.99236697413811, -10.246638327959563]]}}, {"type": "Feature", "properties": {"layer": "0 - Linhas Quadras", "dxf_type": "LINE"}, "geometry": {"type": "LineString", "coordinates": [[-54.99236697413811, -10.246638327959563], [-54.992532734613874, -10.246813959302031]]}}, {"type": "Feature", "properties": {"layer": "0 - Linhas Quadras", "dxf_type": "LINE"}, "geometry": {"type": "LineString", "coordinates": [[-54.99239613988836, -10.246613908804749], [-54.99242371645593, -10.24664622072283]]}}, {"type": "Feature", "properties": {"layer": "0 - Linhas Quadras", "dxf_type": "LINE"}, "geometry": {"type": "LineString", "coordinates": [[-54.99242371645593, -10.24664622072283], [-54.99259611109527, -10.246492271176335]]}}, {"type": "Feature", "properties": {"layer": "0 - Linhas Quadras", "dxf_type": "LINE"}, "geometry": {"type": "LineString", "coordinates": [[-54.99259611109527, -10.246492271176335], [-54.99272643097363, -10.246620959004417]]}}, {"type": "Feature", "properties": {"layer": "0 - Linhas Quadras", "dxf_type": "LINE"}, "geometry": {"type": "LineString", "coordinates": [[-54.99272643097363, -10.246620959004417], [-54.992726338427865, -10.246641895944782]]}}, {"type": "Feature", "properties": {"layer": "0 - Linhas Quadras", "dxf_type": "LINE"}, "geometry": {"type": "LineString", "coordinates": [[-54.992726338427865, -10.246641895944782], [-54.992532734613874, -10.246813959302031]]}}, {"type": "Feature", "properties": {"layer": "0 - Linhas Quadras", "dxf_type": "LINE"}, "geometry": {"type": "LineString", "coordinates": [[-54.99236697413811, -10.246638327959563], [-54.9923213539071, -10.24667652337033]]}}, {"type": "Feature", "properties": {"layer": "0 - Linhas Quadras", "dxf_type": "LINE"}, "geometry": {"type": "LineString", "coordinates": [[-54.9923213539071, -10.24667652337033], [-54.992492698434134, -10.246849146625866]]}}, {"type": "Feature", "properties": {"layer": "0 - Linhas Quadras", "dxf_type": "LINE"}, "geometry": {"type": "LineString", "coordinates": [[-54.992492698434134, -10.246849146625866], [-54.992532734613874, -10.246813959302031]]}}, {"type": "Feature", "properties": {"layer": "0 - Linhas Quadras", "dxf_type": "LINE"}, "geometry": {"type": "LineString", "coordinates": [[-54.9923213539071, -10.24667652337033], [-54.9922805650936, -10.24671108773702]]}}, {"type": "Feature", "properties": {"layer": "0 - Linhas Quadras", "dxf_type": "LINE"}, "geometry": {"type": "LineString", "coordinates": [[-54.99247722099639, -10.246833553321087], [-54.99235452747267, -10.246952226012453]]}}, {"type": "Feature", "properties": {"layer": "0 - Linhas Quadras", "dxf_type": "LINE"}, "geometry": {"type": "LineString", "coordinates": [[-54.99253619986083, -10.246433111106448], [-54.992369188204385, -10.246579319249703]]}}, {"type": "Feature", "properties": {"layer": "0 - Linhas Quadras", "dxf_type": "LINE"}, "geometry": {"type": "LineString", "coordinates": [[-54.992369188204385, -10.246579319249703], [-54.99239613988836, -10.246613908804749]]}}, {"type": "Feature", "properties": {"layer": "0 - Linhas Quadras", "dxf_type": "LINE"}, "geometry": {"type": "LineString", "coordinates": [[-54.992369188204385, -10.246579319249703], [-54.99220829912525, -10.246417367145808]]}}, {"type": "Feature", "properties": {"layer": "0 - Linhas Quadras", "dxf_type": "LINE"}, "geometry": {"type": "LineString", "coordinates": [[-54.99229010327527, -10.246347614297953], [-54.9924485310353, -10.246509859398934]]}}, {"type": "Feature", "properties": {"layer": "0 - Linhas Quadras", "dxf_type": "LINE"}, "geometry": {"type": "LineString", "coordinates": [[-54.99259611109527, -10.246492271176335], [-54.99237570416359, -10.246274624430646]]}}, {"type": "Feature", "properties": {"layer": "0 - Linhas Quadras", "dxf_type": "LINE"}, "geometry": {"type": "LineString", "coordinates": [[-54.99237570416359, -10.246274624430646], [-54.99229010327527, -10.246347614297953]]}}, {"type": "Feature", "properties": {"layer": "0 - Linhas Quadras", "dxf_type": "LINE"}, "geometry": {"type": "LineString", "coordinates": [[-54.99229010327527, -10.246347614297953], [-54.99220829912525, -10.246417367145808]]}}, {"type": "Feature", "properties": {"layer": "0 - Linhas Quadras", "dxf_type": "LINE"}, "geometry": {"type": "LineString", "coordinates": [[-54.99214599201843, -10.246811793868142], [-54.99196673556627, -10.246623340953288]]}}, {"type": "Feature", "properties": {"layer": "0 - Linhas Quadras", "dxf_type": "LINE"}, "geometry": {"type": "LineString", "coordinates": [[-54.99196673556627, -10.246623340953288], [-54.99220829912525, -10.246417367145808]]}}, {"type": "Feature", "properties": {"layer": "0 - Linhas Quadras", "dxf_type": "LINE"}, "geometry": {"type": "LineString", "coordinates": [[-54.99217833411882, -10.246442916671718], [-54.9923627217538, -10.246641888451636]]}}, {"type": "Feature", "properties": {"layer": "0 - Linhas Quadras", "dxf_type": "LINE"}, "geometry": {"type": "LineString", "coordinates": [[-54.99215030144114, -10.246466819435986], [-54.99233586706025, -10.24666437212027]]}}, {"type": "Feature", "properties": {"layer": "0 - Linhas Quadras", "dxf_type": "LINE"}, "geometry": {"type": "LineString", "coordinates": [[-54.99210374086703, -10.246506521266411], [-54.992288429988754, -10.246704422898883]]}}, {"type": "Feature", "properties": {"layer": "0 - Linhas Quadras", "dxf_type": "LINE"}, "geometry": {"type": "LineString", "coordinates": [[-54.992058859389736, -10.246544789899447], [-54.99224242796398, -10.246739912311162]]}}, {"type": "Feature", "properties": {"layer": "0 - Linhas Quadras", "dxf_type": "LINE"}, "geometry": {"type": "LineString", "coordinates": [[-54.992001616793765, -10.246593598707742], [-54.992189507026175, -10.246781548119628]]}}, {"type": "Feature", "properties": {"layer": "0 - Linhas Quadras", "dxf_type": "LINE"}, "geometry": {"type": "LineString", "coordinates": [[-54.99187417127584, -10.24670226799368], [-54.99203621955021, -10.246888092717583]]}}, {"type": "Feature", "properties": {"layer": "0 - Linhas Quadras", "dxf_type": "LINE"}, "geometry": {"type": "LineString", "coordinates": [[-54.99187417127584, -10.24670226799368], [-54.99173266940275, -10.246845889020472]]}}, {"type": "Feature", "properties": {"layer": "0 - Linhas Quadras", "dxf_type": "LINE"}, "geometry": {"type": "LineString", "coordinates": [[-54.99173266940275, -10.246845889020472], [-54.99189252674459, -10.247020073152092]]}}, {"type": "Feature", "properties": {"layer": "0 - Linhas Quadras", "dxf_type": "LINE"}, "geometry": {"type": "LineString", "coordinates": [[-54.99173266940275, -10.246845889020472], [-54.99166943347459, -10.246910071653014]]}}, {"type": "Feature", "properties": {"layer": "0 - Linhas Quadras", "dxf_type": "LINE"}, "geometry": {"type": "LineString", "coordinates": [[-54.99166943347459, -10.246910071653014], [-54.99182031353372, -10.247088727182929]]}}, {"type": "Feature", "properties": {"layer": "0 - Linhas Quadras", "dxf_type": "LINE"}, "geometry": {"type": "LineString", "coordinates": [[-54.99166943347459, -10.246910071653014], [-54.991621616640266, -10.24694968879524]]}}, {"type": "Feature", "properties": {"layer": "0 - Linhas Quadras", "dxf_type": "LINE"}, "geometry": {"type": "LineString", "coordinates": [[-54.991621616640266, -10.24694968879524], [-54.99177796296256, -10.247137084676]]}}, {"type": "Feature", "properties": {"layer": "0 - Linhas Quadras", "dxf_type": "LINE"}, "geometry": {"type": "LineString", "coordinates": [[-54.991621616640266, -10.24694968879524], [-54.991541017381145, -10.247003563373347]]}}, {"type": "Feature", "properties": {"layer": "0 - Linhas Quadras", "dxf_type": "LINE"}, "geometry": {"type": "LineString", "coordinates": [[-54.991541017381145, -10.247003563373347], [-54.991325765609226, -10.247176053416718]]}}, {"type": "Feature", "properties": {"layer": "0 - Linhas Quadras", "dxf_type": "LINE"}, "geometry": {"type": "LineString", "coordinates": [[-54.991325765609226, -10.247176053416718], [-54.99159718659702, -10.24749468021103]]}}, {"type": "Feature", "properties": {"layer": "0 - Linhas Quadras", "dxf_type": "LINE"}, "geometry": {"type": "LineString", "coordinates": [[-54.991821242474174, -10.24745131062204], [-54.99247722099639, -10.246833553321087]]}}, {"type": "Feature", "properties": {"layer": "0 - Linhas Quadras", "dxf_type": "LINE"}, "geometry": {"type": "LineString", "coordinates": [[-54.99187417127584, -10.24670226799368], [-54.99196673556627, -10.246623340953288]]}}, {"type": "Feature", "properties": {"layer": "0 - Linhas Quadras", "dxf_type": "LINE"}, "geometry": {"type": "LineString", "coordinates": [[-54.99173338942761, -10.247656781125992], [-54.99178859575573, -10.24761224983361]]}}, {"type": "Feature", "properties": {"layer": "0 - Linhas Quadras", "dxf_type": "LINE"}, "geometry": {"type": "LineString", "coordinates": [[-54.99178859575573, -10.24761224983361], [-54.9918352211177, -10.247664600089522]]}}, {"type": "Feature", "properties": {"layer": "0 - Linhas Quadras", "dxf_type": "LINE"}, "geometry": {"type": "LineString", "coordinates": [[-54.9918352211177, -10.247664600089522], [-54.991786460180286, -10.247711226727453]]}}, {"type": "Feature", "properties": {"layer": "0 - Linhas Quadras", "dxf_type": "LINE"}, "geometry": {"type": "LineString", "coordinates": [[-54.991786460180286, -10.247711226727453], [-54.99173338942761, -10.247656781125992]]}}, {"type": "Feature", "properties": {"layer": "0 - Linhas Quadras", "dxf_type": "LINE"}, "geometry": {"type": "LineString", "coordinates": [[-54.99178859575573, -10.24761224983361], [-54.9921175246684, -10.24734286006915]]}}, {"type": "Feature", "properties": {"layer": "0 - Linhas Quadras", "dxf_type": "LINE"}, "geometry": {"type": "LineString", "coordinates": [[-54.99210676418406, -10.247351672804687], [-54.99222128143969, -10.247481488047836]]}}, {"type": "Feature", "properties": {"layer": "0 - Linhas Quadras", "dxf_type": "LINE"}, "geometry": {"type": "LineString", "coordinates": [[-54.99222128143969, -10.247481488047836], [-54.991845502859, -10.247771799834466]]}}, {"type": "Feature", "properties": {"layer": "0 - Linhas Quadras", "dxf_type": "LINE"}, "geometry": {"type": "LineString", "coordinates": [[-54.99222128143969, -10.247481488047836], [-54.99230879552859, -10.247580692433429]]}}, {"type": "Feature", "properties": {"layer": "0 - Linhas Quadras", "dxf_type": "LINE"}, "geometry": {"type": "LineString", "coordinates": [[-54.99230879552859, -10.247580692433429], [-54.992071840936134, -10.24775473381719]]}}, {"type": "Feature", "properties": {"layer": "0 - Linhas Quadras", "dxf_type": "LINE"}, "geometry": {"type": "LineString", "coordinates": [[-54.992071840936134, -10.24775473381719], [-54.9920619030725, -10.24774145982168]]}}, {"type": "Feature", "properties": {"layer": "0 - Linhas Quadras", "dxf_type": "LINE"}, "geometry": {"type": "LineString", "coordinates": [[-54.9920619030725, -10.24774145982168], [-54.9919263313515, -10.247854724082941]]}}, {"type": "Feature", "properties": {"layer": "0 - Linhas Quadras", "dxf_type": "LINE"}, "geometry": {"type": "LineString", "coordinates": [[-54.99230879552859, -10.247580692433429], [-54.99222894731399, -10.247639340895098]]}}, {"type": "Feature", "properties": {"layer": "0 - Linhas Quadras", "dxf_type": "LINE"}, "geometry": {"type": "LineString", "coordinates": [[-54.99222894731399, -10.247639340895098], [-54.992360709433314, -10.247766273377925]]}}, {"type": "Feature", "properties": {"layer": "0 - Linhas Quadras", "dxf_type": "LINE"}, "geometry": {"type": "LineString", "coordinates": [[-54.992262898556724, -10.247614403557922], [-54.99238444273415, -10.247742105423681]]}}, {"type": "Feature", "properties": {"layer": "0 - Linhas Quadras", "dxf_type": "LINE"}, "geometry": {"type": "LineString", "coordinates": [[-54.99230879552859, -10.247580692433429], [-54.992429120747715, -10.24769660776804]]}}, {"type": "Feature", "properties": {"layer": "0 - Linhas Quadras", "dxf_type": "LINE"}, "geometry": {"type": "LineString", "coordinates": [[-54.992429120747715, -10.24769660776804], [-54.992360709433314, -10.247766273377925]]}}, {"type": "Feature", "properties": {"layer": "0 - Linhas Quadras", "dxf_type": "LINE"}, "geometry": {"type": "LineString", "coordinates": [[-54.99226758678827, -10.247676563477437], [-54.99219183288228, -10.247744868485254]]}}, {"type": "Feature", "properties": {"layer": "0 - Linhas Quadras", "dxf_type": "LINE"}, "geometry": {"type": "LineString", "coordinates": [[-54.99219183288228, -10.247744868485254], [-54.992283742175715, -10.247844654142328]]}}, {"type": "Feature", "properties": {"layer": "0 - Linhas Quadras", "dxf_type": "LINE"}, "geometry": {"type": "LineString", "coordinates": [[-54.99219183288228, -10.247744868485254], [-54.99204756655764, -10.247853805359744]]}}, {"type": "Feature", "properties": {"layer": "0 - Linhas Quadras", "dxf_type": "LINE"}, "geometry": {"type": "LineString", "coordinates": [[-54.99204756655764, -10.247853805359744], [-54.992061912354636, -10.247870124777458]]}}, {"type": "Feature", "properties": {"layer": "0 - Linhas Quadras", "dxf_type": "LINE"}, "geometry": {"type": "LineString", "coordinates": [[-54.992061912354636, -10.247870124777458], [-54.991996406628054, -10.247926615524836]]}}, {"type": "Feature", "properties": {"layer": "0 - Linhas Quadras", "dxf_type": "LINE"}, "geometry": {"type": "LineString", "coordinates": [[-54.992109933001515, -10.247806711340226], [-54.99221839585872, -10.247911198424406]]}}, {"type": "Feature", "properties": {"layer": "0 - Linhas Quadras", "dxf_type": "LINE"}, "geometry": {"type": "LineString", "coordinates": [[-54.992061912354636, -10.247870124777458], [-54.99203196577794, -10.247836058129833]]}}, {"type": "Feature", "properties": {"layer": "0 - Linhas Quadras", "dxf_type": "LINE"}, "geometry": {"type": "LineString", "coordinates": [[-54.99203196577794, -10.247836058129833], [-54.99196452224346, -10.247893904530464]]}}, {"type": "Feature", "properties": {"layer": "0 - Linhas Quadras", "dxf_type": "LINE"}, "geometry": {"type": "LineString", "coordinates": [[-54.99216416487747, -10.24785895488805], [-54.99203591052099, -10.247967143688546]]}}, {"type": "Feature", "properties": {"layer": "0 - Linhas Quadras", "dxf_type": "LINE"}, "geometry": {"type": "LineString", "coordinates": [[-54.9920994490154, -10.248032328320651], [-54.99213762591106, -10.247993450641523]]}}, {"type": "Feature", "properties": {"layer": "0 - Linhas Quadras", "dxf_type": "LINE"}, "geometry": {"type": "LineString", "coordinates": [[-54.99221839585872, -10.247911198424406], [-54.99216112962601, -10.24796951540715]]}}, {"type": "Feature", "properties": {"layer": "0 - Linhas Quadras", "dxf_type": "LINE"}, "geometry": {"type": "LineString", "coordinates": [[-54.99216112962601, -10.24796951540715], [-54.99210730516155, -10.247906919063192]]}}, {"type": "Feature", "properties": {"layer": "0 - Linhas Quadras", "dxf_type": "LINE"}, "geometry": {"type": "LineString", "coordinates": [[-54.9920994490154, -10.248032328320651], [-54.99208134979969, -10.248050759522839]]}}, {"type": "Feature", "properties": {"layer": "0 - Linhas Quadras", "dxf_type": "LINE"}, "geometry": {"type": "LineString", "coordinates": [[-54.99208134979969, -10.248050759522839], [-54.992019299701184, -10.247981530904951]]}}, {"type": "Feature", "properties": {"layer": "0 - Linhas Quadras", "dxf_type": "LINE"}, "geometry": {"type": "LineString", "coordinates": [[-54.992019299701184, -10.247981530904951], [-54.99203591052099, -10.247967143688546]]}}, {"type": "Feature", "properties": {"layer": "0 - Linhas Quadras", "dxf_type": "LINE"}, "geometry": {"type": "LineString", "coordinates": [[-54.992019299701184, -10.247981530904951], [-54.99206089716831, -10.24794626383496]]}}, {"type": "Feature", "properties": {"layer": "0 - Linhas Quadras", "dxf_type": "LINE"}, "geometry": {"type": "LineString", "coordinates": [[-54.99206089716831, -10.24794626383496], [-54.99211853746155, -10.248012889933813]]}}, {"type": "Feature", "properties": {"layer": "0 - Linhas Quadras", "dxf_type": "LINE"}, "geometry": {"type": "LineString", "coordinates": [[-54.992188326457224, -10.247281682616833], [-54.99250670332977, -10.247617600723345]]}}, {"type": "Feature", "properties": {"layer": "0 - Linhas Quadras", "dxf_type": "LINE"}, "geometry": {"type": "LineString", "coordinates": [[-54.99250670332977, -10.247617600723345], [-54.992429120747715, -10.24769660776804]]}}, {"type": "Feature", "properties": {"layer": "0 - Linhas Quadras", "dxf_type": "LINE"}, "geometry": {"type": "LineString", "coordinates": [[-54.992360709433314, -10.247766273377925], [-54.99221839585872, -10.247911198424406]]}}, {"type": "Feature", "properties": {"layer": "0 - Linhas Quadras", "dxf_type": "LINE"}, "geometry": {"type": "LineString", "coordinates": [[-54.99173338942761, -10.247656781125992], [-54.99203607283162, -10.247967310108702]]}}, {"type": "Feature", "properties": {"layer": "0 - Linhas Quadras", "dxf_type": "LINE"}, "geometry": {"type": "LineString", "coordinates": [[-54.992188326457224, -10.247281682616833], [-54.9921175246684, -10.24734286006915]]}}, {"type": "Feature", "properties": {"layer": "0 - Linhas Quadras", "dxf_type": "LINE"}, "geometry": {"type": "LineString", "coordinates": [[-54.99233525447755, -10.247436706793655], [-54.992405496746436, -10.247372932486856]]}}, {"type": "Feature", "properties": {"layer": "0 - Linhas Quadras", "dxf_type": "LINE"}, "geometry": {"type": "LineString", "coordinates": [[-54.992405496746436, -10.247372932486856], [-54.992569361065414, -10.247553793096474]]}}, {"type": "Feature", "properties": {"layer": "0 - Linhas Quadras", "dxf_type": "LINE"}, "geometry": {"type": "LineString", "coordinates": [[-54.992569361065414, -10.247553793096474], [-54.99250670332977, -10.247617600723345]]}}, {"type": "Feature", "properties": {"layer": "0 - Linhas Quadras", "dxf_type": "LINE"}, "geometry": {"type": "LineString", "coordinates": [[-54.99229360930459, -10.247179097119362], [-54.992612179976575, -10.24751018757981]]}}, {"type": "Feature", "properties": {"layer": "0 - Linhas Quadras", "dxf_type": "LINE"}, "geometry": {"type": "LineString", "coordinates": [[-54.992612179976575, -10.24751018757981], [-54.992569361065414, -10.247553793096474]]}}, {"type": "Feature", "properties": {"layer": "0 - Linhas Quadras", "dxf_type": "LINE"}, "geometry": {"type": "LineString", "coordinates": [[-54.99314465062288, -10.246967942353187], [-54.99295308551681, -10.246789841495604]]}}, {"type": "Feature", "properties": {"layer": "0 - Linhas Quadras", "dxf_type": "LINE"}, "geometry": {"type": "LineString", "coordinates": [[-54.992612179976575, -10.24751018757981], [-54.99268279927457, -10.247438272114792]]}}, {"type": "Feature", "properties": {"layer": "0 - Linhas Quadras", "dxf_type": "LINE"}, "geometry": {"type": "LineString", "coordinates": [[-54.99268279927457, -10.247438272114792], [-54.992516130676385, -10.247240706061989]]}}, {"type": "Feature", "properties": {"layer": "0 - Linhas Quadras", "dxf_type": "LINE"}, "geometry": {"type": "LineString", "coordinates": [[-54.992516130676385, -10.247240706061989], [-54.99248217405024, -10.247272596359593]]}}, {"type": "Feature", "properties": {"layer": "0 - Linhas Quadras", "dxf_type": "LINE"}, "geometry": {"type": "LineString", "coordinates": [[-54.99248217405024, -10.247272596359593], [-54.99247057613618, -10.247260480892]]}}, {"type": "Feature", "properties": {"layer": "0 - Linhas Quadras", "dxf_type": "LINE"}, "geometry": {"type": "LineString", "coordinates": [[-54.99247057613618, -10.247260480892], [-54.99241887396935, -10.247309284207056]]}}, {"type": "Feature", "properties": {"layer": "0 - Linhas Quadras", "dxf_type": "LINE"}, "geometry": {"type": "LineString", "coordinates": [[-54.99248217405024, -10.247272596359593], [-54.99264749008587, -10.247474229852832]]}}, {"type": "Feature", "properties": {"layer": "0 - Linhas Quadras", "dxf_type": "LINE"}, "geometry": {"type": "LineString", "coordinates": [[-54.992516130676385, -10.247240706061989], [-54.992392971154075, -10.247092437333619]]}}, {"type": "Feature", "properties": {"layer": "0 - Linhas Quadras", "dxf_type": "LINE"}, "geometry": {"type": "LineString", "coordinates": [[-54.99247057613618, -10.247260480892], [-54.992356009487146, -10.247122557260704]]}}, {"type": "Feature", "properties": {"layer": "0 - Linhas Quadras", "dxf_type": "LINE"}, "geometry": {"type": "LineString", "coordinates": [[-54.992392971154075, -10.247092437333619], [-54.99241931665268, -10.247070967432126]]}}, {"type": "Feature", "properties": {"layer": "0 - Linhas Quadras", "dxf_type": "LINE"}, "geometry": {"type": "LineString", "coordinates": [[-54.99241931665268, -10.247070967432126], [-54.9927174756012, -10.247402959477986]]}}, {"type": "Feature", "properties": {"layer": "0 - Linhas Quadras", "dxf_type": "LINE"}, "geometry": {"type": "LineString", "coordinates": [[-54.9927174756012, -10.247402959477986], [-54.99268279927457, -10.247438272114792]]}}, {"type": "Feature", "properties": {"layer": "0 - Linhas Quadras", "dxf_type": "LINE"}, "geometry": {"type": "LineString", "coordinates": [[-54.99241931665268, -10.247070967432126], [-54.99246153639629, -10.2470365628468]]}}, {"type": "Feature", "properties": {"layer": "0 - Linhas Quadras", "dxf_type": "LINE"}, "geometry": {"type": "LineString", "coordinates": [[-54.992549908272906, -10.247216377756118], [-54.99259304722597, -10.24718281224664]]}}, {"type": "Feature", "properties": {"layer": "0 - Linhas Quadras", "dxf_type": "LINE"}, "geometry": {"type": "LineString", "coordinates": [[-54.99259304722597, -10.24718281224664], [-54.99246153639629, -10.2470365628468]]}}, {"type": "Feature", "properties": {"layer": "0 - Linhas Quadras", "dxf_type": "LINE"}, "geometry": {"type": "LineString", "coordinates": [[-54.99246153639629, -10.2470365628468], [-54.99250101700893, -10.247004390291195]]}}, {"type": "Feature", "properties": {"layer": "0 - Linhas Quadras", "dxf_type": "LINE"}, "geometry": {"type": "LineString", "coordinates": [[-54.99250101700893, -10.247004390291195], [-54.99263273574358, -10.247150813608947]]}}, {"type": "Feature", "properties": {"layer": "0 - Linhas Quadras", "dxf_type": "LINE"}, "geometry": {"type": "LineString", "coordinates": [[-54.99263273574358, -10.247150813608947], [-54.99259304722597, -10.24718281224664]]}}, {"type": "Feature", "properties": {"layer": "0 - Linhas Quadras", "dxf_type": "LINE"}, "geometry": {"type": "LineString", "coordinates": [[-54.99250101700893, -10.247004390291195], [-54.9925441632327, -10.246969230312727]]}}, {"type": "Feature", "properties": {"layer": "0 - Linhas Quadras", "dxf_type": "LINE"}, "geometry": {"type": "LineString", "coordinates": [[-54.9925441632327, -10.246969230312727], [-54.99267241126998, -10.247115658394241]]}}, {"type": "Feature", "properties": {"layer": "0 - Linhas Quadras", "dxf_type": "LINE"}, "geometry": {"type": "LineString", "coordinates": [[-54.99267241126998, -10.247115658394241], [-54.99263266505162, -10.247150735435204]]}}, {"type": "Feature", "properties": {"layer": "0 - Linhas Quadras", "dxf_type": "LINE"}, "geometry": {"type": "LineString", "coordinates": [[-54.9925441632327, -10.246969230312727], [-54.99257379456304, -10.2469411676057]]}}, {"type": "Feature", "properties": {"layer": "0 - Linhas Quadras", "dxf_type": "LINE"}, "geometry": {"type": "LineString", "coordinates": [[-54.99257379456304, -10.2469411676057], [-54.99270605915055, -10.24708627183092]]}}, {"type": "Feature", "properties": {"layer": "0 - Linhas Quadras", "dxf_type": "LINE"}, "geometry": {"type": "LineString", "coordinates": [[-54.99270605915055, -10.24708627183092], [-54.99267217295688, -10.247115387554201]]}}, {"type": "Feature", "properties": {"layer": "0 - Linhas Quadras", "dxf_type": "LINE"}, "geometry": {"type": "LineString", "coordinates": [[-54.99257379456304, -10.2469411676057], [-54.99260321014596, -10.24691330784857]]}}, {"type": "Feature", "properties": {"layer": "0 - Linhas Quadras", "dxf_type": "LINE"}, "geometry": {"type": "LineString", "coordinates": [[-54.99260321014596, -10.24691330784857], [-54.99273970132947, -10.247055180433565]]}}, {"type": "Feature", "properties": {"layer": "0 - Linhas Quadras", "dxf_type": "LINE"}, "geometry": {"type": "LineString", "coordinates": [[-54.99273970132947, -10.247055180433565], [-54.99270605915055, -10.24708627183092]]}}, {"type": "Feature", "properties": {"layer": "0 - Linhas Quadras", "dxf_type": "LINE"}, "geometry": {"type": "LineString", "coordinates": [[-54.99260321014596, -10.24691330784857], [-54.99266906190534, -10.246850941763231]]}}, {"type": "Feature", "properties": {"layer": "0 - Linhas Quadras", "dxf_type": "LINE"}, "geometry": {"type": "LineString", "coordinates": [[-54.99266906190534, -10.246850941763231], [-54.99280098999399, -10.24698759944745]]}}, {"type": "Feature", "properties": {"layer": "0 - Linhas Quadras", "dxf_type": "LINE"}, "geometry": {"type": "LineString", "coordinates": [[-54.99280098999399, -10.24698759944745], [-54.99273970132947, -10.247055180433565]]}}, {"type": "Feature", "properties": {"layer": "0 - Linhas Quadras", "dxf_type": "LINE"}, "geometry": {"type": "LineString", "coordinates": [[-54.99266906190534, -10.246850941763231], [-54.99274955807947, -10.246774704134934]]}}, {"type": "Feature", "properties": {"layer": "0 - Linhas Quadras", "dxf_type": "LINE"}, "geometry": {"type": "LineString", "coordinates": [[-54.99274955807947, -10.246774704134934], [-54.99286782215438, -10.24689720788956]]}}, {"type": "Feature", "properties": {"layer": "0 - Linhas Quadras", "dxf_type": "LINE"}, "geometry": {"type": "LineString", "coordinates": [[-54.99286782215438, -10.24689720788956], [-54.99280098999399, -10.24698759944745]]}}, {"type": "Feature", "properties": {"layer": "0 - Linhas Quadras", "dxf_type": "LINE"}, "geometry": {"type": "LineString", "coordinates": [[-54.99270931000003, -10.24681282250059], [-54.99283440607921, -10.246942403671184]]}}, {"type": "Feature", "properties": {"layer": "0 - Linhas Quadras", "dxf_type": "LINE"}, "geometry": {"type": "LineString", "coordinates": [[-54.99286782215438, -10.24689720788956], [-54.99295308551681, -10.246789841495604]]}}, {"type": "Feature", "properties": {"layer": "0 - Linhas Quadras", "dxf_type": "LINE"}, "geometry": {"type": "LineString", "coordinates": [[-54.99295308551681, -10.246789841495604], [-54.99286461138941, -10.246707586193802]]}}, {"type": "Feature", "properties": {"layer": "0 - Linhas Quadras", "dxf_type": "LINE"}, "geometry": {"type": "LineString", "coordinates": [[-54.99286461138941, -10.246707586193802], [-54.99282024076847, -10.246707761460177]]}}, {"type": "Feature", "properties": {"layer": "0 - Linhas Quadras", "dxf_type": "LINE"}, "geometry": {"type": "LineString", "coordinates": [[-54.99282024076847, -10.246707761460177], [-54.99274955807947, -10.246774704134934]]}}, {"type": "Feature", "properties": {"layer": "0 - Linhas Quadras", "dxf_type": "LINE"}, "geometry": {"type": "LineString", "coordinates": [[-54.99288814105412, -10.246871621333565], [-54.99307519435939, -10.24703867377234]]}}, {"type": "Feature", "properties": {"layer": "0 - Linhas Quadras", "dxf_type": "LINE"}, "geometry": {"type": "LineString", "coordinates": [[-54.99314323885622, -10.24696662927919], [-54.99307519435939, -10.24703867377234]]}}, {"type": "Feature", "properties": {"layer": "0 - Linhas Quadras", "dxf_type": "LINE"}, "geometry": {"type": "LineString", "coordinates": [[-54.993039979864264, -10.247074535435305], [-54.992856996717315, -10.24691185054363]]}}, {"type": "Feature", "properties": {"layer": "0 - Linhas Quadras", "dxf_type": "LINE"}, "geometry": {"type": "LineString", "coordinates": [[-54.993039979864264, -10.247074535435305], [-54.99307519435939, -10.24703867377234]]}}, {"type": "Feature", "properties": {"layer": "0 - Linhas Quadras", "dxf_type": "LINE"}, "geometry": {"type": "LineString", "coordinates": [[-54.993039979864264, -10.247074535435305], [-54.99297895541745, -10.247136680117258]]}}, {"type": "Feature", "properties": {"layer": "0 - Linhas Quadras", "dxf_type": "LINE"}, "geometry": {"type": "LineString", "coordinates": [[-54.99297895541745, -10.247136680117258], [-54.992812957711834, -10.246971412722221]]}}, {"type": "Feature", "properties": {"layer": "0 - Linhas Quadras", "dxf_type": "LINE"}, "geometry": {"type": "LineString", "coordinates": [[-54.99297895541745, -10.247136680117258], [-54.99291127547005, -10.247205601959266]]}}, {"type": "Feature", "properties": {"layer": "0 - Linhas Quadras", "dxf_type": "LINE"}, "geometry": {"type": "LineString", "coordinates": [[-54.99291127547005, -10.247205601959266], [-54.9927490622151, -10.247044857616821]]}}, {"type": "Feature", "properties": {"layer": "0 - Linhas Quadras", "dxf_type": "LINE"}, "geometry": {"type": "LineString", "coordinates": [[-54.9927490622151, -10.247044857616821], [-54.99271669367157, -10.247076444093974]]}}, {"type": "Feature", "properties": {"layer": "0 - Linhas Quadras", "dxf_type": "LINE"}, "geometry": {"type": "LineString", "coordinates": [[-54.99271669367157, -10.247076444093974], [-54.99288186037734, -10.24723555703487]]}}, {"type": "Feature", "properties": {"layer": "0 - Linhas Quadras", "dxf_type": "LINE"}, "geometry": {"type": "LineString", "coordinates": [[-54.99268061284828, -10.2471081359979], [-54.99284832853715, -10.247269705282578]]}}, {"type": "Feature", "properties": {"layer": "0 - Linhas Quadras", "dxf_type": "LINE"}, "geometry": {"type": "LineString", "coordinates": [[-54.99284832853715, -10.247269705282578], [-54.99291127547005, -10.247205601959266]]}}, {"type": "Feature", "properties": {"layer": "0 - Linhas Quadras", "dxf_type": "LINE"}, "geometry": {"type": "LineString", "coordinates": [[-54.99281071578215, -10.247308008053306], [-54.99265305116509, -10.247132744055806]]}}, {"type": "Feature", "properties": {"layer": "0 - Linhas Quadras", "dxf_type": "LINE"}, "geometry": {"type": "LineString", "coordinates": [[-54.992779846683106, -10.24733944289421], [-54.99261930046549, -10.247161645475389]]}}, {"type": "Feature", "properties": {"layer": "0 - Linhas Quadras", "dxf_type": "LINE"}, "geometry": {"type": "LineString", "coordinates": [[-54.9927443648359, -10.247375576749178], [-54.99258366887898, -10.247190108623613]]}}, {"type": "Feature", "properties": {"layer": "0 - Linhas Quadras", "dxf_type": "LINE"}, "geometry": {"type": "LineString", "coordinates": [[-54.99284832853715, -10.247269705282578], [-54.9927174756012, -10.247402959477986]]}}, {"type": "Feature", "properties": {"layer": "0 - Linhas Quadras", "dxf_type": "LINE"}, "geometry": {"type": "LineString", "coordinates": [[-54.992392971154075, -10.247092437333619], [-54.992356009487146, -10.247122557260704]]}}, {"type": "Feature", "properties": {"layer": "0 - Linhas Quadras", "dxf_type": "LINE"}, "geometry": {"type": "LineString", "coordinates": [[-54.992356009487146, -10.247122557260704], [-54.99229360930459, -10.247179097119362]]}}, {"type": "Feature", "properties": {"layer": "0 - Linhas Quadras", "dxf_type": "LINE"}, "geometry": {"type": "LineString", "coordinates": [[-54.99229360930459, -10.247179097119362], [-54.992188326457224, -10.247281682616833]]}}, {"type": "Feature", "properties": {"layer": "0 - Linhas Quadras", "dxf_type": "LINE"}, "geometry": {"type": "LineString", "coordinates": [[-54.99213762591106, -10.247993450641523], [-54.99216112962601, -10.24796951540715]]}}, {"type": "Feature", "properties": {"layer": "0 - Linhas Quadras", "dxf_type": "LINE"}, "geometry": {"type": "LineString", "coordinates": [[-54.99323623371926, -10.247035189114994], [-54.99301610610793, -10.247244719224431]]}}, {"type": "Feature", "properties": {"layer": "0 - Linhas Quadras", "dxf_type": "LINE"}, "geometry": {"type": "LineString", "coordinates": [[-54.99301610610793, -10.247244719224431], [-54.99291614375139, -10.247353285646538]]}}, {"type": "Feature", "properties": {"layer": "0 - Linhas Quadras", "dxf_type": "LINE"}, "geometry": {"type": "LineString", "coordinates": [[-54.99323623371926, -10.247035189114994], [-54.99355788330202, -10.247309922069945]]}}, {"type": "Feature", "properties": {"layer": "0 - Linhas Quadras", "dxf_type": "LINE"}, "geometry": {"type": "LineString", "coordinates": [[-54.99355788330202, -10.247309922069945], [-54.99355864959751, -10.247337236964153]]}}, {"type": "Feature", "properties": {"layer": "0 - Linhas Quadras", "dxf_type": "LINE"}, "geometry": {"type": "LineString", "coordinates": [[-54.99355864959751, -10.247337236964153], [-54.99342930281498, -10.2474706164952]]}}, {"type": "Feature", "properties": {"layer": "0 - Linhas Quadras", "dxf_type": "LINE"}, "geometry": {"type": "LineString", "coordinates": [[-54.99342930281498, -10.2474706164952], [-54.99324540049569, -10.247644605832686]]}}, {"type": "Feature", "properties": {"layer": "0 - Linhas Quadras", "dxf_type": "LINE"}, "geometry": {"type": "LineString", "coordinates": [[-54.99324540049569, -10.247644605832686], [-54.9931144689794, -10.247802807010057]]}}, {"type": "Feature", "properties": {"layer": "0 - Linhas Quadras", "dxf_type": "LINE"}, "geometry": {"type": "LineString", "coordinates": [[-54.9931144689794, -10.247802807010057], [-54.99304103699507, -10.247900527504067]]}}, {"type": "Feature", "properties": {"layer": "0 - Linhas Quadras", "dxf_type": "LINE"}, "geometry": {"type": "LineString", "coordinates": [[-54.99304103699507, -10.247900527504067], [-54.992987946968675, -10.247971178231996]]}}, {"type": "Feature", "properties": {"layer": "0 - Linhas Quadras", "dxf_type": "LINE"}, "geometry": {"type": "LineString", "coordinates": [[-54.992987946968675, -10.247971178231996], [-54.9929163267837, -10.248054637868702]]}}, {"type": "Feature", "properties": {"layer": "0 - Linhas Quadras", "dxf_type": "LINE"}, "geometry": {"type": "LineString", "coordinates": [[-54.9929163267837, -10.248054637868702], [-54.992925843710715, -10.248068389228552]]}}, {"type": "Feature", "properties": {"layer": "0 - Linhas Quadras", "dxf_type": "LINE"}, "geometry": {"type": "LineString", "coordinates": [[-54.992925843710715, -10.248068389228552], [-54.992877149729615, -10.24810960740025]]}}, {"type": "Feature", "properties": {"layer": "0 - Linhas Quadras", "dxf_type": "LINE"}, "geometry": {"type": "LineString", "coordinates": [[-54.992877149729615, -10.24810960740025], [-54.99286658747968, -10.248097365458465]]}}, {"type": "Feature", "properties": {"layer": "0 - Linhas Quadras", "dxf_type": "LINE"}, "geometry": {"type": "LineString", "coordinates": [[-54.99286658747968, -10.248097365458465], [-54.992833167250225, -10.248125654258468]]}}, {"type": "Feature", "properties": {"layer": "0 - Linhas Quadras", "dxf_type": "LINE"}, "geometry": {"type": "LineString", "coordinates": [[-54.992833167250225, -10.248125654258468], [-54.9928004413934, -10.248156572327405]]}}, {"type": "Feature", "properties": {"layer": "0 - Linhas Quadras", "dxf_type": "LINE"}, "geometry": {"type": "LineString", "coordinates": [[-54.9928004413934, -10.248156572327405], [-54.992805614065794, -10.248161944635314]]}}, {"type": "Feature", "properties": {"layer": "0 - Linhas Quadras", "dxf_type": "LINE"}, "geometry": {"type": "LineString", "coordinates": [[-54.992805614065794, -10.248161944635314], [-54.99274758130107, -10.24822098103859]]}}, {"type": "Feature", "properties": {"layer": "0 - Linhas Quadras", "dxf_type": "LINE"}, "geometry": {"type": "LineString", "coordinates": [[-54.99274758130107, -10.24822098103859], [-54.99264838317961, -10.24833782469916]]}}, {"type": "Feature", "properties": {"layer": "0 - Linhas Quadras", "dxf_type": "LINE"}, "geometry": {"type": "LineString", "coordinates": [[-54.99264838317961, -10.24833782469916], [-54.992623674199976, -10.248366929278054]]}}, {"type": "Feature", "properties": {"layer": "0 - Linhas Quadras", "dxf_type": "LINE"}, "geometry": {"type": "LineString", "coordinates": [[-54.992623674199976, -10.248366929278054], [-54.99262944130033, -10.248376310531649]]}}, {"type": "Feature", "properties": {"layer": "0 - Linhas Quadras", "dxf_type": "LINE"}, "geometry": {"type": "LineString", "coordinates": [[-54.99262944130033, -10.248376310531649], [-54.992571706487794, -10.248421785404496]]}}, {"type": "Feature", "properties": {"layer": "0 - Linhas Quadras", "dxf_type": "LINE"}, "geometry": {"type": "LineString", "coordinates": [[-54.992571706487794, -10.248421785404496], [-54.992508735183165, -10.248460716076465]]}}, {"type": "Feature", "properties": {"layer": "0 - Linhas Quadras", "dxf_type": "LINE"}, "geometry": {"type": "LineString", "coordinates": [[-54.992508735183165, -10.248460716076465], [-54.99246281375495, -10.248387845810985]]}}, {"type": "Feature", "properties": {"layer": "0 - Linhas Quadras", "dxf_type": "LINE"}, "geometry": {"type": "LineString", "coordinates": [[-54.99246281375495, -10.248387845810985], [-54.99244122487377, -10.248334354943124]]}}, {"type": "Feature", "properties": {"layer": "0 - Linhas Quadras", "dxf_type": "LINE"}, "geometry": {"type": "LineString", "coordinates": [[-54.99244122487377, -10.248334354943124], [-54.99244693615308, -10.248331729080375]]}}, {"type": "Feature", "properties": {"layer": "0 - Linhas Quadras", "dxf_type": "LINE"}, "geometry": {"type": "LineString", "coordinates": [[-54.99244693615308, -10.248331729080375], [-54.99242815404822, -10.248291643513921]]}}, {"type": "Feature", "properties": {"layer": "0 - Linhas Quadras", "dxf_type": "LINE"}, "geometry": {"type": "LineString", "coordinates": [[-54.99242815404822, -10.248291643513921], [-54.992377424277585, -10.248183374948956]]}}, {"type": "Feature", "properties": {"layer": "0 - Linhas Quadras", "dxf_type": "LINE"}, "geometry": {"type": "LineString", "coordinates": [[-54.992377424277585, -10.248183374948956], [-54.99231154771055, -10.248105412558697]]}}, {"type": "Feature", "properties": {"layer": "0 - Linhas Quadras", "dxf_type": "LINE"}, "geometry": {"type": "LineString", "coordinates": [[-54.99231154771055, -10.248105412558697], [-54.99225641657383, -10.248040167807606]]}}, {"type": "Feature", "properties": {"layer": "0 - Linhas Quadras", "dxf_type": "LINE"}, "geometry": {"type": "LineString", "coordinates": [[-54.99225641657383, -10.248040167807606], [-54.99225368184784, -10.248017786119393]]}}, {"type": "Feature", "properties": {"layer": "0 - Linhas Quadras", "dxf_type": "LINE"}, "geometry": {"type": "LineString", "coordinates": [[-54.99225368184784, -10.248017786119393], [-54.992320192852226, -10.247948751496024]]}}, {"type": "Feature", "properties": {"layer": "0 - Linhas Quadras", "dxf_type": "LINE"}, "geometry": {"type": "LineString", "coordinates": [[-54.992320192852226, -10.247948751496024], [-54.99232854746356, -10.247955628605903]]}}, {"type": "Feature", "properties": {"layer": "0 - Linhas Quadras", "dxf_type": "LINE"}, "geometry": {"type": "LineString", "coordinates": [[-54.99232854746356, -10.247955628605903], [-54.99248491268712, -10.247804311900188]]}}, {"type": "Feature", "properties": {"layer": "0 - Linhas Quadras", "dxf_type": "LINE"}, "geometry": {"type": "LineString", "coordinates": [[-54.99248491268712, -10.247804311900188], [-54.992542817384965, -10.247742271019064]]}}, {"type": "Feature", "properties": {"layer": "0 - Linhas Quadras", "dxf_type": "LINE"}, "geometry": {"type": "LineString", "coordinates": [[-54.992542817384965, -10.247742271019064], [-54.99260691184708, -10.24766726274483]]}}, {"type": "Feature", "properties": {"layer": "0 - Linhas Quadras", "dxf_type": "LINE"}, "geometry": {"type": "LineString", "coordinates": [[-54.99260691184708, -10.24766726274483], [-54.99269310505335, -10.247584177005326]]}}, {"type": "Feature", "properties": {"layer": "0 - Linhas Quadras", "dxf_type": "LINE"}, "geometry": {"type": "LineString", "coordinates": [[-54.99269310505335, -10.247584177005326], [-54.99281480917624, -10.247466858502003]]}}, {"type": "Feature", "properties": {"layer": "0 - Linhas Quadras", "dxf_type": "LINE"}, "geometry": {"type": "LineString", "coordinates": [[-54.99281480917624, -10.247466858502003], [-54.99291614375139, -10.247353285646538]]}}, {"type": "Feature", "properties": {"layer": "0 - Linhas Quadras", "dxf_type": "LINE"}, "geometry": {"type": "LineString", "coordinates": [[-54.993319775504574, -10.247274621098343], [-54.99345991535373, -10.247439048930906]]}}, {"type": "Feature", "properties": {"layer": "0 - Linhas Quadras", "dxf_type": "LINE"}, "geometry": {"type": "LineString", "coordinates": [[-54.99339705843933, -10.247172555619667], [-54.99327091463945, -10.247295256055498]]}}, {"type": "Feature", "properties": {"layer": "0 - Linhas Quadras", "dxf_type": "LINE"}, "geometry": {"type": "LineString", "coordinates": [[-54.993319775504574, -10.247274621098343], [-54.99330620251753, -10.247260931486037]]}}, {"type": "Feature", "properties": {"layer": "0 - Linhas Quadras", "dxf_type": "LINE"}, "geometry": {"type": "LineString", "coordinates": [[-54.99327091463945, -10.247295256055498], [-54.99342930281498, -10.2474706164952]]}}, {"type": "Feature", "properties": {"layer": "0 - Linhas Quadras", "dxf_type": "LINE"}, "geometry": {"type": "LineString", "coordinates": [[-54.99327091463945, -10.247295256055498], [-54.993117017252196, -10.247148665263717]]}}, {"type": "Feature", "properties": {"layer": "0 - Linhas Quadras", "dxf_type": "LINE"}, "geometry": {"type": "LineString", "coordinates": [[-54.99334221202865, -10.247125709393586], [-54.993222431377305, -10.24724907460722]]}}, {"type": "Feature", "properties": {"layer": "0 - Linhas Quadras", "dxf_type": "LINE"}, "geometry": {"type": "LineString", "coordinates": [[-54.993117017252196, -10.247148665263717], [-54.99308881821307, -10.247175507536637]]}}, {"type": "Feature", "properties": {"layer": "0 - Linhas Quadras", "dxf_type": "LINE"}, "geometry": {"type": "LineString", "coordinates": [[-54.99308881821307, -10.247175507536637], [-54.99322995932612, -10.247332637941836]]}}, {"type": "Feature", "properties": {"layer": "0 - Linhas Quadras", "dxf_type": "LINE"}, "geometry": {"type": "LineString", "coordinates": [[-54.99322995932612, -10.247332637941836], [-54.99327146204453, -10.247295862350274]]}}, {"type": "Feature", "properties": {"layer": "0 - Linhas Quadras", "dxf_type": "LINE"}, "geometry": {"type": "LineString", "coordinates": [[-54.99327091463945, -10.247295256055498], [-54.993202546308275, -10.247361757532863]]}}, {"type": "Feature", "properties": {"layer": "0 - Linhas Quadras", "dxf_type": "LINE"}, "geometry": {"type": "LineString", "coordinates": [[-54.993202546308275, -10.247361757532863], [-54.99335643359508, -10.247539557921034]]}}, {"type": "Feature", "properties": {"layer": "0 - Linhas Quadras", "dxf_type": "LINE"}, "geometry": {"type": "LineString", "coordinates": [[-54.99322995932612, -10.247332637941836], [-54.99338853990522, -10.24750918191676]]}}, {"type": "Feature", "properties": {"layer": "0 - Linhas Quadras", "dxf_type": "LINE"}, "geometry": {"type": "LineString", "coordinates": [[-54.99301610610793, -10.247244719224431], [-54.993164921270385, -10.247399260304597]]}}, {"type": "Feature", "properties": {"layer": "0 - Linhas Quadras", "dxf_type": "LINE"}, "geometry": {"type": "LineString", "coordinates": [[-54.993164921270385, -10.247399260304597], [-54.993202546308275, -10.247361757532863]]}}, {"type": "Feature", "properties": {"layer": "0 - Linhas Quadras", "dxf_type": "LINE"}, "geometry": {"type": "LineString", "coordinates": [[-54.993202546308275, -10.247361757532863], [-54.99313655808098, -10.247427529759213]]}}, {"type": "Feature", "properties": {"layer": "0 - Linhas Quadras", "dxf_type": "LINE"}, "geometry": {"type": "LineString", "coordinates": [[-54.99313655808098, -10.247427529759213], [-54.99326983255287, -10.24762149156575]]}}, {"type": "Feature", "properties": {"layer": "0 - Linhas Quadras", "dxf_type": "LINE"}, "geometry": {"type": "LineString", "coordinates": [[-54.99296612447919, -10.247299002890156], [-54.993078190645285, -10.247414493692128]]}}, {"type": "Feature", "properties": {"layer": "0 - Linhas Quadras", "dxf_type": "LINE"}, "geometry": {"type": "LineString", "coordinates": [[-54.993078190645285, -10.247414493692128], [-54.99324540049569, -10.247644605832686]]}}, {"type": "Feature", "properties": {"layer": "0 - Linhas Quadras", "dxf_type": "LINE"}, "geometry": {"type": "LineString", "coordinates": [[-54.993078190645285, -10.247414493692128], [-54.99295318218183, -10.247560786973883]]}}, {"type": "Feature", "properties": {"layer": "0 - Linhas Quadras", "dxf_type": "LINE"}, "geometry": {"type": "LineString", "coordinates": [[-54.99295318218183, -10.247560786973883], [-54.993191942577646, -10.247709198070705]]}}, {"type": "Feature", "properties": {"layer": "0 - Linhas Quadras", "dxf_type": "LINE"}, "geometry": {"type": "LineString", "coordinates": [[-54.99295318218183, -10.247560786973883], [-54.99290803370189, -10.24761362164939]]}}, {"type": "Feature", "properties": {"layer": "0 - Linhas Quadras", "dxf_type": "LINE"}, "geometry": {"type": "LineString", "coordinates": [[-54.99290803370189, -10.24761362164939], [-54.9931144689794, -10.247802807010057]]}}, {"type": "Feature", "properties": {"layer": "0 - Linhas Quadras", "dxf_type": "LINE"}, "geometry": {"type": "LineString", "coordinates": [[-54.99303649542681, -10.24746328840032], [-54.992918664292226, -10.247350547868672]]}}, {"type": "Feature", "properties": {"layer": "0 - Linhas Quadras", "dxf_type": "LINE"}, "geometry": {"type": "LineString", "coordinates": [[-54.99300979268299, -10.247494537472745], [-54.992886445766, -10.247386569920453]]}}, {"type": "Feature", "properties": {"layer": "0 - Linhas Quadras", "dxf_type": "LINE"}, "geometry": {"type": "LineString", "coordinates": [[-54.992886445766, -10.247386569920453], [-54.99281715931867, -10.247464224527766]]}}, {"type": "Feature", "properties": {"layer": "0 - Linhas Quadras", "dxf_type": "LINE"}, "geometry": {"type": "LineString", "coordinates": [[-54.99281715931867, -10.247464224527766], [-54.99294448567491, -10.247570963846405]]}}, {"type": "Feature", "properties": {"layer": "0 - Linhas Quadras", "dxf_type": "LINE"}, "geometry": {"type": "LineString", "coordinates": [[-54.99290803370189, -10.24761362164939], [-54.9927886261002, -10.24749209878577]]}}, {"type": "Feature", "properties": {"layer": "0 - Linhas Quadras", "dxf_type": "LINE"}, "geometry": {"type": "LineString", "coordinates": [[-54.9927886261002, -10.24749209878577], [-54.99273941025925, -10.247539539932783]]}}, {"type": "Feature", "properties": {"layer": "0 - Linhas Quadras", "dxf_type": "LINE"}, "geometry": {"type": "LineString", "coordinates": [[-54.99273941025925, -10.247539539932783], [-54.99286620980744, -10.247656897999773]]}}, {"type": "Feature", "properties": {"layer": "0 - Linhas Quadras", "dxf_type": "LINE"}, "geometry": {"type": "LineString", "coordinates": [[-54.99286620980744, -10.247656897999773], [-54.99290803370189, -10.24761362164939]]}}, {"type": "Feature", "properties": {"layer": "0 - Linhas Quadras", "dxf_type": "LINE"}, "geometry": {"type": "LineString", "coordinates": [[-54.99286620980744, -10.247656897999773], [-54.99290148733225, -10.247690343969348]]}}, {"type": "Feature", "properties": {"layer": "0 - Linhas Quadras", "dxf_type": "LINE"}, "geometry": {"type": "LineString", "coordinates": [[-54.99290148733225, -10.247690343969348], [-54.992868653582846, -10.247732902078242]]}}, {"type": "Feature", "properties": {"layer": "0 - Linhas Quadras", "dxf_type": "LINE"}, "geometry": {"type": "LineString", "coordinates": [[-54.992868653582846, -10.247732902078242], [-54.99269310505335, -10.247584177005326]]}}, {"type": "Feature", "properties": {"layer": "0 - Linhas Quadras", "dxf_type": "LINE"}, "geometry": {"type": "LineString", "coordinates": [[-54.99304103699507, -10.247900527504067], [-54.99285618732695, -10.247743468759028]]}}, {"type": "Feature", "properties": {"layer": "0 - Linhas Quadras", "dxf_type": "LINE"}, "geometry": {"type": "LineString", "coordinates": [[-54.99285618732695, -10.247743468759028], [-54.992868653582846, -10.247732902078242]]}}, {"type": "Feature", "properties": {"layer": "0 - Linhas Quadras", "dxf_type": "LINE"}, "geometry": {"type": "LineString", "coordinates": [[-54.992960693392625, -10.248002936412341], [-54.992728667236186, -10.247784492087952]]}}, {"type": "Feature", "properties": {"layer": "0 - Linhas Quadras", "dxf_type": "LINE"}, "geometry": {"type": "LineString", "coordinates": [[-54.992728667236186, -10.247784492087952], [-54.99260691184708, -10.24766726274483]]}}, {"type": "Feature", "properties": {"layer": "0 - Linhas Quadras", "dxf_type": "LINE"}, "geometry": {"type": "LineString", "coordinates": [[-54.99277884675218, -10.247831733537794], [-54.99269972704978, -10.247892661785851]]}}, {"type": "Feature", "properties": {"layer": "0 - Linhas Quadras", "dxf_type": "LINE"}, "geometry": {"type": "LineString", "coordinates": [[-54.99269972704978, -10.247892661785851], [-54.99264000612773, -10.24795355976931]]}}, {"type": "Feature", "properties": {"layer": "0 - Linhas Quadras", "dxf_type": "LINE"}, "geometry": {"type": "LineString", "coordinates": [[-54.992545731850086, -10.247738861353689], [-54.99269972704978, -10.247892661785851]]}}, {"type": "Feature", "properties": {"layer": "0 - Linhas Quadras", "dxf_type": "LINE"}, "geometry": {"type": "LineString", "coordinates": [[-54.99248491268712, -10.247804311900188], [-54.99264000612773, -10.24795355976931]]}}, {"type": "Feature", "properties": {"layer": "0 - Linhas Quadras", "dxf_type": "LINE"}, "geometry": {"type": "LineString", "coordinates": [[-54.992574864617076, -10.247704767336227], [-54.99273928644544, -10.24786219811411]]}}, {"type": "Feature", "properties": {"layer": "0 - Linhas Quadras", "dxf_type": "LINE"}, "geometry": {"type": "LineString", "coordinates": [[-54.99264000612773, -10.24795355976931], [-54.99267202302731, -10.247984370584737]]}}, {"type": "Feature", "properties": {"layer": "0 - Linhas Quadras", "dxf_type": "LINE"}, "geometry": {"type": "LineString", "coordinates": [[-54.99267202302731, -10.247984370584737], [-54.9926103622761, -10.248047230739848]]}}, {"type": "Feature", "properties": {"layer": "0 - Linhas Quadras", "dxf_type": "LINE"}, "geometry": {"type": "LineString", "coordinates": [[-54.9926103622761, -10.248047230739848], [-54.99259492177339, -10.248047215822563]]}}, {"type": "Feature", "properties": {"layer": "0 - Linhas Quadras", "dxf_type": "LINE"}, "geometry": {"type": "LineString", "coordinates": [[-54.99259492177339, -10.248047215822563], [-54.99249885013038, -10.248135387412427]]}}, {"type": "Feature", "properties": {"layer": "0 - Linhas Quadras", "dxf_type": "LINE"}, "geometry": {"type": "LineString", "coordinates": [[-54.99249885013038, -10.248135387412427], [-54.99232854746356, -10.247955628605903]]}}, {"type": "Feature", "properties": {"layer": "0 - Linhas Quadras", "dxf_type": "LINE"}, "geometry": {"type": "LineString", "coordinates": [[-54.992401501017085, -10.248032632255248], [-54.99231154771055, -10.248105412558697]]}}, {"type": "Feature", "properties": {"layer": "0 - Linhas Quadras", "dxf_type": "LINE"}, "geometry": {"type": "LineString", "coordinates": [[-54.99247738652195, -10.2481127318532], [-54.992377424277585, -10.248183374948956]]}}, {"type": "Feature", "properties": {"layer": "0 - Linhas Quadras", "dxf_type": "LINE"}, "geometry": {"type": "LineString", "coordinates": [[-54.992344485993016, -10.248144393302823], [-54.99244029777543, -10.24807358356771]]}}, {"type": "Feature", "properties": {"layer": "0 - Linhas Quadras", "dxf_type": "LINE"}, "geometry": {"type": "LineString", "coordinates": [[-54.992444551325065, -10.248135936052556], [-54.99248485808105, -10.248202606896573]]}}, {"type": "Feature", "properties": {"layer": "0 - Linhas Quadras", "dxf_type": "LINE"}, "geometry": {"type": "LineString", "coordinates": [[-54.99248485808105, -10.248202606896573], [-54.99249470036901, -10.248246139932217]]}}, {"type": "Feature", "properties": {"layer": "0 - Linhas Quadras", "dxf_type": "LINE"}, "geometry": {"type": "LineString", "coordinates": [[-54.99249470036901, -10.248246139932217], [-54.9924257451562, -10.248286503405872]]}}, {"type": "Feature", "properties": {"layer": "0 - Linhas Quadras", "dxf_type": "LINE"}, "geometry": {"type": "LineString", "coordinates": [[-54.99249470036901, -10.248246139932217], [-54.99253116815549, -10.248280858786403]]}}, {"type": "Feature", "properties": {"layer": "0 - Linhas Quadras", "dxf_type": "LINE"}, "geometry": {"type": "LineString", "coordinates": [[-54.99253116815549, -10.248280858786403], [-54.992492403520174, -10.248307417872455]]}}, {"type": "Feature", "properties": {"layer": "0 - Linhas Quadras", "dxf_type": "LINE"}, "geometry": {"type": "LineString", "coordinates": [[-54.992522828148644, -10.248345148324198], [-54.99249475610199, -10.248362955711654]]}}, {"type": "Feature", "properties": {"layer": "0 - Linhas Quadras", "dxf_type": "LINE"}, "geometry": {"type": "LineString", "coordinates": [[-54.99249475610199, -10.248362955711654], [-54.99254300970787, -10.248439526566033]]}}, {"type": "Feature", "properties": {"layer": "0 - Linhas Quadras", "dxf_type": "LINE"}, "geometry": {"type": "LineString", "coordinates": [[-54.99249475610199, -10.248362955711654], [-54.99246048158429, -10.24838414521806]]}}, {"type": "Feature", "properties": {"layer": "0 - Linhas Quadras", "dxf_type": "LINE"}, "geometry": {"type": "LineString", "coordinates": [[-54.99253116815549, -10.248280858786403], [-54.992623674199976, -10.248366929278054]]}}, {"type": "Feature", "properties": {"layer": "0 - Linhas Quadras", "dxf_type": "LINE"}, "geometry": {"type": "LineString", "coordinates": [[-54.992492403520174, -10.248307417872455], [-54.992579607891315, -10.248415561905214]]}}, {"type": "Feature", "properties": {"layer": "0 - Linhas Quadras", "dxf_type": "LINE"}, "geometry": {"type": "LineString", "coordinates": [[-54.99254287963878, -10.248291755571305], [-54.9925768325175, -10.248261204874824]]}}, {"type": "Feature", "properties": {"layer": "0 - Linhas Quadras", "dxf_type": "LINE"}, "geometry": {"type": "LineString", "coordinates": [[-54.9925768325175, -10.248261204874824], [-54.99264838317961, -10.24833782469916]]}}, {"type": "Feature", "properties": {"layer": "0 - Linhas Quadras", "dxf_type": "LINE"}, "geometry": {"type": "LineString", "coordinates": [[-54.99264838317961, -10.24833782469916], [-54.99269051365635, -10.248288200252626]]}}, {"type": "Feature", "properties": {"layer": "0 - Linhas Quadras", "dxf_type": "LINE"}, "geometry": {"type": "LineString", "coordinates": [[-54.99269051365635, -10.248288200252626], [-54.992516747793466, -10.248118961641755]]}}, {"type": "Feature", "properties": {"layer": "0 - Linhas Quadras", "dxf_type": "LINE"}, "geometry": {"type": "LineString", "coordinates": [[-54.99265972320454, -10.247996910637161], [-54.9928004413934, -10.248156572327405]]}}, {"type": "Feature", "properties": {"layer": "0 - Linhas Quadras", "dxf_type": "LINE"}, "geometry": {"type": "LineString", "coordinates": [[-54.99274758130107, -10.24822098103859], [-54.99260264157129, -10.248047222826536]]}}, {"type": "Feature", "properties": {"layer": "0 - Linhas Quadras", "dxf_type": "LINE"}, "geometry": {"type": "LineString", "coordinates": [[-54.9929163267837, -10.248054637868702], [-54.99273928644544, -10.24786219811411]]}}, {"type": "Feature", "properties": {"layer": "0 - Linhas Quadras", "dxf_type": "LINE"}, "geometry": {"type": "LineString", "coordinates": [[-54.99286658747968, -10.248097365458465], [-54.99269972704978, -10.247892661785851]]}}, {"type": "Feature", "properties": {"layer": "0 - Linhas Quadras", "dxf_type": "LINE"}, "geometry": {"type": "LineString", "coordinates": [[-54.992829811676785, -10.24812882347101], [-54.99266986704507, -10.247923111234293]]}}, {"type": "Feature", "properties": {"layer": "0 - Linhas Quadras", "dxf_type": "LINE"}, "geometry": {"type": "LineString", "coordinates": [[-54.993962795157024, -10.24765633079852], [-54.99375077741109, -10.247875361053469]]}}, {"type": "Feature", "properties": {"layer": "0 - Linhas Quadras", "dxf_type": "LINE"}, "geometry": {"type": "LineString", "coordinates": [[-54.99375077741109, -10.247875361053469], [-54.9936008792257, -10.248023088249278]]}}, {"type": "Feature", "properties": {"layer": "0 - Linhas Quadras", "dxf_type": "LINE"}, "geometry": {"type": "LineString", "coordinates": [[-54.9936008792257, -10.248023088249278], [-54.99344633192199, -10.248175035978182]]}}, {"type": "Feature", "properties": {"layer": "0 - Linhas Quadras", "dxf_type": "LINE"}, "geometry": {"type": "LineString", "coordinates": [[-54.99344633192199, -10.248175035978182], [-54.993344818981065, -10.248239635258622]]}}, {"type": "Feature", "properties": {"layer": "0 - Linhas Quadras", "dxf_type": "LINE"}, "geometry": {"type": "LineString", "coordinates": [[-54.993344818981065, -10.248239635258622], [-54.993151684648204, -10.248410192204622]]}}, {"type": "Feature", "properties": {"layer": "0 - Linhas Quadras", "dxf_type": "LINE"}, "geometry": {"type": "LineString", "coordinates": [[-54.993151684648204, -10.248410192204622], [-54.99303367026263, -10.248503824636193]]}}, {"type": "Feature", "properties": {"layer": "0 - Linhas Quadras", "dxf_type": "LINE"}, "geometry": {"type": "LineString", "coordinates": [[-54.99303367026263, -10.248503824636193], [-54.992823404053546, -10.248688997680926]]}}, {"type": "Feature", "properties": {"layer": "0 - Linhas Quadras", "dxf_type": "LINE"}, "geometry": {"type": "LineString", "coordinates": [[-54.992823404053546, -10.248688997680926], [-54.99284711801275, -10.248713864557145]]}}, {"type": "Feature", "properties": {"layer": "0 - Linhas Quadras", "dxf_type": "LINE"}, "geometry": {"type": "LineString", "coordinates": [[-54.99284711801275, -10.248713864557145], [-54.992821770352236, -10.248737577837824]]}}, {"type": "Feature", "properties": {"layer": "0 - Linhas Quadras", "dxf_type": "LINE"}, "geometry": {"type": "LineString", "coordinates": [[-54.9927805695494, -10.248796226449567], [-54.99270467423777, -10.248871590289557]]}}, {"type": "Feature", "properties": {"layer": "0 - Linhas Quadras", "dxf_type": "LINE"}, "geometry": {"type": "LineString", "coordinates": [[-54.99270467423777, -10.248871590289557], [-54.99252387661943, -10.248674192658159]]}}, {"type": "Feature", "properties": {"layer": "0 - Linhas Quadras", "dxf_type": "LINE"}, "geometry": {"type": "LineString", "coordinates": [[-54.99252387661943, -10.248674192658159], [-54.99256525162814, -10.248637015981124]]}}, {"type": "Feature", "properties": {"layer": "0 - Linhas Quadras", "dxf_type": "LINE"}, "geometry": {"type": "LineString", "coordinates": [[-54.99256525162814, -10.248637015981124], [-54.99251729310156, -10.248574887074728]]}}, {"type": "Feature", "properties": {"layer": "0 - Linhas Quadras", "dxf_type": "LINE"}, "geometry": {"type": "LineString", "coordinates": [[-54.99251729310156, -10.248574887074728], [-54.992623691241754, -10.248486417719091]]}}, {"type": "Feature", "properties": {"layer": "0 - Linhas Quadras", "dxf_type": "LINE"}, "geometry": {"type": "LineString", "coordinates": [[-54.992623691241754, -10.248486417719091], [-54.992825461883, -10.248300798222173]]}}, {"type": "Feature", "properties": {"layer": "0 - Linhas Quadras", "dxf_type": "LINE"}, "geometry": {"type": "LineString", "coordinates": [[-54.992825461883, -10.248300798222173], [-54.99300918130471, -10.24809623209194]]}}, {"type": "Feature", "properties": {"layer": "0 - Linhas Quadras", "dxf_type": "LINE"}, "geometry": {"type": "LineString", "coordinates": [[-54.99300918130471, -10.24809623209194], [-54.99324050797029, -10.247820931471699]]}}, {"type": "Feature", "properties": {"layer": "0 - Linhas Quadras", "dxf_type": "LINE"}, "geometry": {"type": "LineString", "coordinates": [[-54.99324050797029, -10.247820931471699], [-54.99330411383141, -10.247745234844048]]}}, {"type": "Feature", "properties": {"layer": "0 - Linhas Quadras", "dxf_type": "LINE"}, "geometry": {"type": "LineString", "coordinates": [[-54.99330411383141, -10.247745234844048], [-54.99338116008731, -10.247677031519103]]}}, {"type": "Feature", "properties": {"layer": "0 - Linhas Quadras", "dxf_type": "LINE"}, "geometry": {"type": "LineString", "coordinates": [[-54.99338116008731, -10.247677031519103], [-54.99348813665663, -10.247600541395597]]}}, {"type": "Feature", "properties": {"layer": "0 - Linhas Quadras", "dxf_type": "LINE"}, "geometry": {"type": "LineString", "coordinates": [[-54.99348813665663, -10.247600541395597], [-54.993627201072755, -10.247457293164983]]}}, {"type": "Feature", "properties": {"layer": "0 - Linhas Quadras", "dxf_type": "LINE"}, "geometry": {"type": "LineString", "coordinates": [[-54.99367934100795, -10.247403584943147], [-54.99382411785946, -10.24753295287624]]}}, {"type": "Feature", "properties": {"layer": "0 - Linhas Quadras", "dxf_type": "LINE"}, "geometry": {"type": "LineString", "coordinates": [[-54.99382411785946, -10.24753295287624], [-54.993962795157024, -10.24765633079852]]}}, {"type": "Feature", "properties": {"layer": "0 - Linhas Quadras", "dxf_type": "LINE"}, "geometry": {"type": "LineString", "coordinates": [[-54.99371523414103, -10.247435657963422], [-54.99366297358252, -10.247487070391081]]}}, {"type": "Feature", "properties": {"layer": "0 - Linhas Quadras", "dxf_type": "LINE"}, "geometry": {"type": "LineString", "coordinates": [[-54.99366297358252, -10.247487070391081], [-54.99371853376626, -10.247542474792684]]}}, {"type": "Feature", "properties": {"layer": "0 - Linhas Quadras", "dxf_type": "LINE"}, "geometry": {"type": "LineString", "coordinates": [[-54.99371853376626, -10.247542474792684], [-54.993684954206536, -10.247575510115535]]}}, {"type": "Feature", "properties": {"layer": "0 - Linhas Quadras", "dxf_type": "LINE"}, "geometry": {"type": "LineString", "coordinates": [[-54.993684954206536, -10.247575510115535], [-54.99372118937486, -10.247608197204364]]}}, {"type": "Feature", "properties": {"layer": "0 - Linhas Quadras", "dxf_type": "LINE"}, "geometry": {"type": "LineString", "coordinates": [[-54.99372118937486, -10.247608197204364], [-54.99383433673737, -10.247542044313992]]}}, {"type": "Feature", "properties": {"layer": "0 - Linhas Quadras", "dxf_type": "LINE"}, "geometry": {"type": "LineString", "coordinates": [[-54.99372118937486, -10.247608197204364], [-54.99367826381282, -10.247653830633057]]}}, {"type": "Feature", "properties": {"layer": "0 - Linhas Quadras", "dxf_type": "LINE"}, "geometry": {"type": "LineString", "coordinates": [[-54.99367826381282, -10.247653830633057], [-54.99383182824932, -10.247791629463165]]}}, {"type": "Feature", "properties": {"layer": "0 - Linhas Quadras", "dxf_type": "LINE"}, "geometry": {"type": "LineString", "coordinates": [[-54.99368910386388, -10.247461364178724], [-54.99363615604389, -10.2474098067182]]}}, {"type": "Feature", "properties": {"layer": "0 - Linhas Quadras", "dxf_type": "LINE"}, "geometry": {"type": "LineString", "coordinates": [[-54.99363615604389, -10.2474098067182], [-54.99360629481362, -10.247439891086747]]}}, {"type": "Feature", "properties": {"layer": "0 - Linhas Quadras", "dxf_type": "LINE"}, "geometry": {"type": "LineString", "coordinates": [[-54.99360629481362, -10.247439891086747], [-54.99366297358252, -10.247487070391081]]}}, {"type": "Feature", "properties": {"layer": "0 - Linhas Quadras", "dxf_type": "LINE"}, "geometry": {"type": "LineString", "coordinates": [[-54.99367934100795, -10.247403584943147], [-54.993659765907, -10.247386093461756]]}}, {"type": "Feature", "properties": {"layer": "0 - Linhas Quadras", "dxf_type": "LINE"}, "geometry": {"type": "LineString", "coordinates": [[-54.993659765907, -10.247386093461756], [-54.993636193232255, -10.247409843104599]]}}, {"type": "Feature", "properties": {"layer": "0 - Linhas Quadras", "dxf_type": "LINE"}, "geometry": {"type": "LineString", "coordinates": [[-54.993684954206536, -10.247575510115535], [-54.993592982445655, -10.247492541851614]]}}, {"type": "Feature", "properties": {"layer": "0 - Linhas Quadras", "dxf_type": "LINE"}, "geometry": {"type": "LineString", "coordinates": [[-54.99367826381282, -10.247653830633057], [-54.99355766888044, -10.24752891729085]]}}, {"type": "Feature", "properties": {"layer": "0 - Linhas Quadras", "dxf_type": "LINE"}, "geometry": {"type": "LineString", "coordinates": [[-54.99369594724662, -10.247669698748272], [-54.993622761906295, -10.247746382175018]]}}, {"type": "Feature", "properties": {"layer": "0 - Linhas Quadras", "dxf_type": "LINE"}, "geometry": {"type": "LineString", "coordinates": [[-54.993622761906295, -10.247746382175018], [-54.99375077741109, -10.247875361053469]]}}, {"type": "Feature", "properties": {"layer": "0 - Linhas Quadras", "dxf_type": "LINE"}, "geometry": {"type": "LineString", "coordinates": [[-54.99365935458091, -10.247708040464586], [-54.993523991280995, -10.24756360797218]]}}, {"type": "Feature", "properties": {"layer": "0 - Linhas Quadras", "dxf_type": "LINE"}, "geometry": {"type": "LineString", "coordinates": [[-54.993622761906295, -10.247746382175018], [-54.99361272641095, -10.247756153981394]]}}, {"type": "Feature", "properties": {"layer": "0 - Linhas Quadras", "dxf_type": "LINE"}, "geometry": {"type": "LineString", "coordinates": [[-54.99361272641095, -10.247756153981394], [-54.99348813665663, -10.247600541395597]]}}, {"type": "Feature", "properties": {"layer": "0 - Linhas Quadras", "dxf_type": "LINE"}, "geometry": {"type": "LineString", "coordinates": [[-54.99344575838795, -10.247630842244565], [-54.99357904010561, -10.247793384628828]]}}, {"type": "Feature", "properties": {"layer": "0 - Linhas Quadras", "dxf_type": "LINE"}, "geometry": {"type": "LineString", "coordinates": [[-54.99357904010561, -10.247793384628828], [-54.99361272641095, -10.247756153981394]]}}, {"type": "Feature", "properties": {"layer": "0 - Linhas Quadras", "dxf_type": "LINE"}, "geometry": {"type": "LineString", "coordinates": [[-54.99344575838795, -10.247630842244565], [-54.99338116008731, -10.247677031519103]]}}, {"type": "Feature", "properties": {"layer": "0 - Linhas Quadras", "dxf_type": "LINE"}, "geometry": {"type": "LineString", "coordinates": [[-54.99338116008731, -10.247677031519103], [-54.99351235788111, -10.24785703927666]]}}, {"type": "Feature", "properties": {"layer": "0 - Linhas Quadras", "dxf_type": "LINE"}, "geometry": {"type": "LineString", "coordinates": [[-54.99351235788111, -10.24785703927666], [-54.99357904010561, -10.247793384628828]]}}, {"type": "Feature", "properties": {"layer": "0 - Linhas Quadras", "dxf_type": "LINE"}, "geometry": {"type": "LineString", "coordinates": [[-54.99351235788111, -10.24785703927666], [-54.99349370231401, -10.247874847954257]]}}, {"type": "Feature", "properties": {"layer": "0 - Linhas Quadras", "dxf_type": "LINE"}, "geometry": {"type": "LineString", "coordinates": [[-54.99349370231401, -10.247874847954257], [-54.99334449306886, -10.247709490920908]]}}, {"type": "Feature", "properties": {"layer": "0 - Linhas Quadras", "dxf_type": "LINE"}, "geometry": {"type": "LineString", "coordinates": [[-54.99349370231401, -10.247874847954257], [-54.9934577061419, -10.247906713112322]]}}, {"type": "Feature", "properties": {"layer": "0 - Linhas Quadras", "dxf_type": "LINE"}, "geometry": {"type": "LineString", "coordinates": [[-54.9934577061419, -10.247906713112322], [-54.99330411383141, -10.247745234844048]]}}, {"type": "Feature", "properties": {"layer": "0 - Linhas Quadras", "dxf_type": "LINE"}, "geometry": {"type": "LineString", "coordinates": [[-54.9934577061419, -10.247906713112322], [-54.99340120417461, -10.247956729849466]]}}, {"type": "Feature", "properties": {"layer": "0 - Linhas Quadras", "dxf_type": "LINE"}, "geometry": {"type": "LineString", "coordinates": [[-54.99340120417461, -10.247956729849466], [-54.99324050797029, -10.247820931471699]]}}, {"type": "Feature", "properties": {"layer": "0 - Linhas Quadras", "dxf_type": "LINE"}, "geometry": {"type": "LineString", "coordinates": [[-54.99340120417461, -10.247956729849466], [-54.993349983728635, -10.24800207246607]]}}, {"type": "Feature", "properties": {"layer": "0 - Linhas Quadras", "dxf_type": "LINE"}, "geometry": {"type": "LineString", "coordinates": [[-54.993349983728635, -10.24800207246607], [-54.99319538506289, -10.247874632302397]]}}, {"type": "Feature", "properties": {"layer": "0 - Linhas Quadras", "dxf_type": "LINE"}, "geometry": {"type": "LineString", "coordinates": [[-54.993349983728635, -10.24800207246607], [-54.99331216858787, -10.248035547102056]]}}, {"type": "Feature", "properties": {"layer": "0 - Linhas Quadras", "dxf_type": "LINE"}, "geometry": {"type": "LineString", "coordinates": [[-54.99331216858787, -10.248035547102056], [-54.99316994141068, -10.247904912923675]]}}, {"type": "Feature", "properties": {"layer": "0 - Linhas Quadras", "dxf_type": "LINE"}, "geometry": {"type": "LineString", "coordinates": [[-54.99331216858787, -10.248035547102056], [-54.9932806943293, -10.248069164833504]]}}, {"type": "Feature", "properties": {"layer": "0 - Linhas Quadras", "dxf_type": "LINE"}, "geometry": {"type": "LineString", "coordinates": [[-54.9932806943293, -10.248069164833504], [-54.99314169050748, -10.247938533369776]]}}, {"type": "Feature", "properties": {"layer": "0 - Linhas Quadras", "dxf_type": "LINE"}, "geometry": {"type": "LineString", "coordinates": [[-54.9932806943293, -10.248069164833504], [-54.99323781151785, -10.248113930679805]]}}, {"type": "Feature", "properties": {"layer": "0 - Linhas Quadras", "dxf_type": "LINE"}, "geometry": {"type": "LineString", "coordinates": [[-54.99323781151785, -10.248113930679805], [-54.99309395432445, -10.247995344705396]]}}, {"type": "Feature", "properties": {"layer": "0 - Linhas Quadras", "dxf_type": "LINE"}, "geometry": {"type": "LineString", "coordinates": [[-54.99323781151785, -10.248113930679805], [-54.99319883298145, -10.248154620441047]]}}, {"type": "Feature", "properties": {"layer": "0 - Linhas Quadras", "dxf_type": "LINE"}, "geometry": {"type": "LineString", "coordinates": [[-54.99319883298145, -10.248154620441047], [-54.99307299141498, -10.248020291829679]]}}, {"type": "Feature", "properties": {"layer": "0 - Linhas Quadras", "dxf_type": "LINE"}, "geometry": {"type": "LineString", "coordinates": [[-54.99319883298145, -10.248154620441047], [-54.99319032248336, -10.248145536820124]]}}, {"type": "Feature", "properties": {"layer": "0 - Linhas Quadras", "dxf_type": "LINE"}, "geometry": {"type": "LineString", "coordinates": [[-54.99316991657227, -10.248182759920805], [-54.99304839920299, -10.248049558975918]]}}, {"type": "Feature", "properties": {"layer": "0 - Linhas Quadras", "dxf_type": "LINE"}, "geometry": {"type": "LineString", "coordinates": [[-54.993097243981545, -10.248253482279477], [-54.99296981425735, -10.248140065969244]]}}, {"type": "Feature", "properties": {"layer": "0 - Linhas Quadras", "dxf_type": "LINE"}, "geometry": {"type": "LineString", "coordinates": [[-54.993051024285265, -10.248276402322139], [-54.99293180648641, -10.248182386935456]]}}, {"type": "Feature", "properties": {"layer": "0 - Linhas Quadras", "dxf_type": "LINE"}, "geometry": {"type": "LineString", "coordinates": [[-54.9930295910273, -10.248259500432932], [-54.9930066313615, -10.248288349194391]]}}, {"type": "Feature", "properties": {"layer": "0 - Linhas Quadras", "dxf_type": "LINE"}, "geometry": {"type": "LineString", "coordinates": [[-54.9930066313615, -10.248288349194391], [-54.99291173235686, -10.248204738049656]]}}, {"type": "Feature", "properties": {"layer": "0 - Linhas Quadras", "dxf_type": "LINE"}, "geometry": {"type": "LineString", "coordinates": [[-54.993051024285265, -10.248276402322139], [-54.99306354533292, -10.248286276332871]]}}, {"type": "Feature", "properties": {"layer": "0 - Linhas Quadras", "dxf_type": "LINE"}, "geometry": {"type": "LineString", "coordinates": [[-54.99306354533292, -10.248286276332871], [-54.99300412296063, -10.248360198105294]]}}, {"type": "Feature", "properties": {"layer": "0 - Linhas Quadras", "dxf_type": "LINE"}, "geometry": {"type": "LineString", "coordinates": [[-54.99300412296063, -10.248360198105294], [-54.99286830578334, -10.248253092656164]]}}, {"type": "Feature", "properties": {"layer": "0 - Linhas Quadras", "dxf_type": "LINE"}, "geometry": {"type": "LineString", "coordinates": [[-54.99319883298145, -10.248154620441047], [-54.99306354533292, -10.248286276332871]]}}, {"type": "Feature", "properties": {"layer": "0 - Linhas Quadras", "dxf_type": "LINE"}, "geometry": {"type": "LineString", "coordinates": [[-54.99296937950492, -10.248332799947628], [-54.99292029718985, -10.248382059709881]]}}, {"type": "Feature", "properties": {"layer": "0 - Linhas Quadras", "dxf_type": "LINE"}, "geometry": {"type": "LineString", "coordinates": [[-54.99292029718985, -10.248382059709881], [-54.99282661162857, -10.248299518139971]]}}, {"type": "Feature", "properties": {"layer": "0 - Linhas Quadras", "dxf_type": "LINE"}, "geometry": {"type": "LineString", "coordinates": [[-54.99292029718985, -10.248382059709881], [-54.992865995456754, -10.248436558892449]]}}, {"type": "Feature", "properties": {"layer": "0 - Linhas Quadras", "dxf_type": "LINE"}, "geometry": {"type": "LineString", "coordinates": [[-54.992865995456754, -10.248436558892449], [-54.99277887572717, -10.24834365463636]]}}, {"type": "Feature", "properties": {"layer": "0 - Linhas Quadras", "dxf_type": "LINE"}, "geometry": {"type": "LineString", "coordinates": [[-54.992865995456754, -10.248436558892449], [-54.99281431840677, -10.248484098717753]]}}, {"type": "Feature", "properties": {"layer": "0 - Linhas Quadras", "dxf_type": "LINE"}, "geometry": {"type": "LineString", "coordinates": [[-54.99281431840677, -10.248484098717753], [-54.99272457613506, -10.248393607989316]]}}, {"type": "Feature", "properties": {"layer": "0 - Linhas Quadras", "dxf_type": "LINE"}, "geometry": {"type": "LineString", "coordinates": [[-54.992823404053546, -10.248688997680926], [-54.99278387565918, -10.248647547429616]]}}, {"type": "Feature", "properties": {"layer": "0 - Linhas Quadras", "dxf_type": "LINE"}, "geometry": {"type": "LineString", "coordinates": [[-54.99278296177122, -10.248646589053111], [-54.99270449195522, -10.248721814970391]]}}, {"type": "Feature", "properties": {"layer": "0 - Linhas Quadras", "dxf_type": "LINE"}, "geometry": {"type": "LineString", "coordinates": [[-54.99270449195522, -10.248721814970391], [-54.99263071278427, -10.248790838207134]]}}, {"type": "Feature", "properties": {"layer": "0 - Linhas Quadras", "dxf_type": "LINE"}, "geometry": {"type": "LineString", "coordinates": [[-54.992740264750736, -10.248688347705281], [-54.99263556933166, -10.24858435131663]]}}, {"type": "Feature", "properties": {"layer": "0 - Linhas Quadras", "dxf_type": "LINE"}, "geometry": {"type": "LineString", "coordinates": [[-54.99263556933166, -10.24858435131663], [-54.99256525162814, -10.248637015981124]]}}, {"type": "Feature", "properties": {"layer": "0 - Linhas Quadras", "dxf_type": "LINE"}, "geometry": {"type": "LineString", "coordinates": [[-54.992623691241754, -10.248486417719091], [-54.99271326600939, -10.248573505987284]]}}, {"type": "Feature", "properties": {"layer": "0 - Linhas Quadras", "dxf_type": "LINE"}, "geometry": {"type": "LineString", "coordinates": [[-54.99271326600939, -10.248573505987284], [-54.992668830754575, -10.248617390762302]]}}, {"type": "Feature", "properties": {"layer": "0 - Linhas Quadras", "dxf_type": "LINE"}, "geometry": {"type": "LineString", "coordinates": [[-54.99263556933166, -10.24858435131663], [-54.99257549901583, -10.248526489138055]]}}, {"type": "Feature", "properties": {"layer": "0 - Linhas Quadras", "dxf_type": "LINE"}, "geometry": {"type": "LineString", "coordinates": [[-54.992821770352236, -10.248737577837824], [-54.9927805695494, -10.248796226449567]]}}, {"type": "Feature", "properties": {"layer": "0 - Linhas Quadras", "dxf_type": "LINE"}, "geometry": {"type": "LineString", "coordinates": [[-54.99371318625308, -10.247912407617497], [-54.993588165877895, -10.247783298067063]]}}, {"type": "Feature", "properties": {"layer": "0 - Linhas Quadras", "dxf_type": "LINE"}, "geometry": {"type": "LineString", "coordinates": [[-54.99371318625308, -10.247912407617497], [-54.993675828338596, -10.247949224211537]]}}, {"type": "Feature", "properties": {"layer": "0 - Linhas Quadras", "dxf_type": "LINE"}, "geometry": {"type": "LineString", "coordinates": [[-54.993675828338596, -10.247949224211537], [-54.99355060183025, -10.247820531889944]]}}, {"type": "Feature", "properties": {"layer": "0 - Linhas Quadras", "dxf_type": "LINE"}, "geometry": {"type": "LineString", "coordinates": [[-54.993675828338596, -10.247949224211537], [-54.99363950627111, -10.247985020339817]]}}, {"type": "Feature", "properties": {"layer": "0 - Linhas Quadras", "dxf_type": "LINE"}, "geometry": {"type": "LineString", "coordinates": [[-54.99363950627111, -10.247985020339817], [-54.99351371396295, -10.247855745098331]]}}, {"type": "Feature", "properties": {"layer": "0 - Linhas Quadras", "dxf_type": "LINE"}, "geometry": {"type": "LineString", "coordinates": [[-54.9936008792257, -10.248023088249278], [-54.993478922250596, -10.247887932259713]]}}, {"type": "Feature", "properties": {"layer": "0 - Linhas Quadras", "dxf_type": "LINE"}, "geometry": {"type": "LineString", "coordinates": [[-54.993349983728635, -10.24800207246607], [-54.99347930260879, -10.248142620643648]]}}, {"type": "Feature", "properties": {"layer": "0 - Linhas Quadras", "dxf_type": "LINE"}, "geometry": {"type": "LineString", "coordinates": [[-54.99331216858787, -10.248035547102056], [-54.99343798086418, -10.248180350094135]]}}, {"type": "Feature", "properties": {"layer": "0 - Linhas Quadras", "dxf_type": "LINE"}, "geometry": {"type": "LineString", "coordinates": [[-54.993395575915365, -10.248207335174246], [-54.99327502347798, -10.248075083946096]]}}, {"type": "Feature", "properties": {"layer": "0 - Linhas Quadras", "dxf_type": "LINE"}, "geometry": {"type": "LineString", "coordinates": [[-54.99323781151785, -10.248113930679805], [-54.99334824483456, -10.248236609293464]]}}, {"type": "Feature", "properties": {"layer": "0 - Linhas Quadras", "dxf_type": "LINE"}, "geometry": {"type": "LineString", "coordinates": [[-54.99325911673929, -10.24831531837578], [-54.993157985824574, -10.248194371234787]]}}, {"type": "Feature", "properties": {"layer": "0 - Linhas Quadras", "dxf_type": "LINE"}, "geometry": {"type": "LineString", "coordinates": [[-54.993216459242575, -10.248352988921601], [-54.99311590361961, -10.24823532384101]]}}, {"type": "Feature", "properties": {"layer": "0 - Linhas Quadras", "dxf_type": "LINE"}, "geometry": {"type": "LineString", "coordinates": [[-54.99303383414753, -10.248323237673072], [-54.99312273413299, -10.248433161037894]]}}, {"type": "Feature", "properties": {"layer": "0 - Linhas Quadras", "dxf_type": "LINE"}, "geometry": {"type": "LineString", "coordinates": [[-54.99292029718985, -10.248382059709881], [-54.99303367026263, -10.248503824636193]]}}, {"type": "Feature", "properties": {"layer": "0 - Linhas Quadras", "dxf_type": "LINE"}, "geometry": {"type": "LineString", "coordinates": [[-54.992952482487944, -10.248575323253089], [-54.992842567891955, -10.24845811101257]]}}, {"type": "Feature", "properties": {"layer": "0 - Linhas Quadras", "dxf_type": "LINE"}, "geometry": {"type": "LineString", "coordinates": [[-54.99328304930099, -10.248912561844861], [-54.99318105574648, -10.248991560222718]]}}, {"type": "Feature", "properties": {"layer": "0 - Linhas Quadras", "dxf_type": "LINE"}, "geometry": {"type": "LineString", "coordinates": [[-54.99318105574648, -10.248991560222718], [-54.99326033125609, -10.249087590553724]]}}, {"type": "Feature", "properties": {"layer": "0 - Linhas Quadras", "dxf_type": "LINE"}, "geometry": {"type": "LineString", "coordinates": [[-54.99326033125609, -10.249087590553724], [-54.993363350566455, -10.24901599527067]]}}, {"type": "Feature", "properties": {"layer": "0 - Linhas Quadras", "dxf_type": "LINE"}, "geometry": {"type": "LineString", "coordinates": [[-54.993363350566455, -10.24901599527067], [-54.99328304930099, -10.248912561844861]]}}, {"type": "Feature", "properties": {"layer": "0 - Linhas Quadras", "dxf_type": "LINE"}, "geometry": {"type": "LineString", "coordinates": [[-54.993363350566455, -10.24901599527067], [-54.99342085234733, -10.249103397888076]]}}, {"type": "Feature", "properties": {"layer": "0 - Linhas Quadras", "dxf_type": "LINE"}, "geometry": {"type": "LineString", "coordinates": [[-54.99342085234733, -10.249103397888076], [-54.9933312359027, -10.249169609937413]]}}, {"type": "Feature", "properties": {"layer": "0 - Linhas Quadras", "dxf_type": "LINE"}, "geometry": {"type": "LineString", "coordinates": [[-54.9933312359027, -10.249169609937413], [-54.99326033125609, -10.249087590553724]]}}, {"type": "Feature", "properties": {"layer": "0 - Linhas Quadras", "dxf_type": "LINE"}, "geometry": {"type": "LineString", "coordinates": [[-54.99342085234733, -10.249103397888076], [-54.99344509756, -10.249085484538595]]}}, {"type": "Feature", "properties": {"layer": "0 - Linhas Quadras", "dxf_type": "LINE"}, "geometry": {"type": "LineString", "coordinates": [[-54.99344509756, -10.249085484538595], [-54.993617901636824, -10.249286623492425]]}}, {"type": "Feature", "properties": {"layer": "0 - Linhas Quadras", "dxf_type": "LINE"}, "geometry": {"type": "LineString", "coordinates": [[-54.993617901636824, -10.249286623492425], [-54.993529027639795, -10.249371604670412]]}}, {"type": "Feature", "properties": {"layer": "0 - Linhas Quadras", "dxf_type": "LINE"}, "geometry": {"type": "LineString", "coordinates": [[-54.993529027639795, -10.249371604670412], [-54.99345629541286, -10.249292986330001]]}}, {"type": "Feature", "properties": {"layer": "0 - Linhas Quadras", "dxf_type": "LINE"}, "geometry": {"type": "LineString", "coordinates": [[-54.99345629541286, -10.249292986330001], [-54.9933312359027, -10.249169609937413]]}}, {"type": "Feature", "properties": {"layer": "0 - Linhas Quadras", "dxf_type": "LINE"}, "geometry": {"type": "LineString", "coordinates": [[-54.99355037487601, -10.249208024655411], [-54.99345650752467, -10.249293215427718]]}}, {"type": "Feature", "properties": {"layer": "0 - Linhas Quadras", "dxf_type": "LINE"}, "geometry": {"type": "LineString", "coordinates": [[-54.993486977630326, -10.24913423214415], [-54.99338503313896, -10.249222683183929]]}}, {"type": "Feature", "properties": {"layer": "0 - Linhas Quadras", "dxf_type": "LINE"}, "geometry": {"type": "LineString", "coordinates": [[-54.99328304930099, -10.248912561844861], [-54.99338479362401, -10.248850244648576]]}}, {"type": "Feature", "properties": {"layer": "0 - Linhas Quadras", "dxf_type": "LINE"}, "geometry": {"type": "LineString", "coordinates": [[-54.99338479362401, -10.248850244648576], [-54.99353033157411, -10.249025938925374]]}}, {"type": "Feature", "properties": {"layer": "0 - Linhas Quadras", "dxf_type": "LINE"}, "geometry": {"type": "LineString", "coordinates": [[-54.99353033157411, -10.249025938925374], [-54.99344509756, -10.249085484538595]]}}, {"type": "Feature", "properties": {"layer": "0 - Linhas Quadras", "dxf_type": "LINE"}, "geometry": {"type": "LineString", "coordinates": [[-54.993500631123126, -10.249046687646208], [-54.99367070343655, -10.249235839083415]]}}, {"type": "Feature", "properties": {"layer": "0 - Linhas Quadras", "dxf_type": "LINE"}, "geometry": {"type": "LineString", "coordinates": [[-54.99367070343655, -10.249235839083415], [-54.993617901636824, -10.249286623492425]]}}, {"type": "Feature", "properties": {"layer": "0 - Linhas Quadras", "dxf_type": "LINE"}, "geometry": {"type": "LineString", "coordinates": [[-54.99353033157411, -10.249025938925374], [-54.99355995960859, -10.249005240373558]]}}, {"type": "Feature", "properties": {"layer": "0 - Linhas Quadras", "dxf_type": "LINE"}, "geometry": {"type": "LineString", "coordinates": [[-54.99355995960859, -10.249005240373558], [-54.99372173644689, -10.249190582970416]]}}, {"type": "Feature", "properties": {"layer": "0 - Linhas Quadras", "dxf_type": "LINE"}, "geometry": {"type": "LineString", "coordinates": [[-54.99372173644689, -10.249190582970416], [-54.99366991224849, -10.249234960107279]]}}, {"type": "Feature", "properties": {"layer": "0 - Linhas Quadras", "dxf_type": "LINE"}, "geometry": {"type": "LineString", "coordinates": [[-54.99361955670914, -10.248970413254387], [-54.99355995960859, -10.249005240373558]]}}, {"type": "Feature", "properties": {"layer": "0 - Linhas Quadras", "dxf_type": "LINE"}, "geometry": {"type": "LineString", "coordinates": [[-54.99361955670914, -10.248970413254387], [-54.99377743319005, -10.249146302946839]]}}, {"type": "Feature", "properties": {"layer": "0 - Linhas Quadras", "dxf_type": "LINE"}, "geometry": {"type": "LineString", "coordinates": [[-54.99377743319005, -10.249146302946839], [-54.99372173644689, -10.249190582970416]]}}, {"type": "Feature", "properties": {"layer": "0 - Linhas Quadras", "dxf_type": "LINE"}, "geometry": {"type": "LineString", "coordinates": [[-54.99377743319005, -10.249146302946839], [-54.99384242273485, -10.249081349752158]]}}, {"type": "Feature", "properties": {"layer": "0 - Linhas Quadras", "dxf_type": "LINE"}, "geometry": {"type": "LineString", "coordinates": [[-54.99384242273485, -10.249081349752158], [-54.993685934524926, -10.248912681045814]]}}, {"type": "Feature", "properties": {"layer": "0 - Linhas Quadras", "dxf_type": "LINE"}, "geometry": {"type": "LineString", "coordinates": [[-54.993685934524926, -10.248912681045814], [-54.99361991559052, -10.248970813195234]]}}, {"type": "Feature", "properties": {"layer": "0 - Linhas Quadras", "dxf_type": "LINE"}, "geometry": {"type": "LineString", "coordinates": [[-54.993685934524926, -10.248912681045814], [-54.99373233654536, -10.24887182102415]]}}, {"type": "Feature", "properties": {"layer": "0 - Linhas Quadras", "dxf_type": "LINE"}, "geometry": {"type": "LineString", "coordinates": [[-54.99373233654536, -10.24887182102415], [-54.993887017552275, -10.24904415118467]]}}, {"type": "Feature", "properties": {"layer": "0 - Linhas Quadras", "dxf_type": "LINE"}, "geometry": {"type": "LineString", "coordinates": [[-54.993887017552275, -10.24904415118467], [-54.99384242273485, -10.249081349752158]]}}, {"type": "Feature", "properties": {"layer": "0 - Linhas Quadras", "dxf_type": "LINE"}, "geometry": {"type": "LineString", "coordinates": [[-54.99312777841186, -10.249036407370143], [-54.993014006535944, -10.249125255281205]]}}, {"type": "Feature", "properties": {"layer": "0 - Linhas Quadras", "dxf_type": "LINE"}, "geometry": {"type": "LineString", "coordinates": [[-54.993014006535944, -10.249125255281205], [-54.99333066126968, -10.249523047533444]]}}, {"type": "Feature", "properties": {"layer": "0 - Linhas Quadras", "dxf_type": "LINE"}, "geometry": {"type": "LineString", "coordinates": [[-54.99333066126968, -10.249523047533444], [-54.99344743042173, -10.24943185970061]]}}, {"type": "Feature", "properties": {"layer": "0 - Linhas Quadras", "dxf_type": "LINE"}, "geometry": {"type": "LineString", "coordinates": [[-54.99344743042173, -10.24943185970061], [-54.99312777841186, -10.249036407370143]]}}, {"type": "Feature", "properties": {"layer": "0 - Linhas Quadras", "dxf_type": "LINE"}, "geometry": {"type": "LineString", "coordinates": [[-54.99330353602904, -10.249253843398122], [-54.99318811602233, -10.249343977409042]]}}, {"type": "Feature", "properties": {"layer": "0 - Linhas Quadras", "dxf_type": "LINE"}, "geometry": {"type": "LineString", "coordinates": [[-54.993212913763614, -10.249141731853959], [-54.99309834305032, -10.249231202179502]]}}, {"type": "Feature", "properties": {"layer": "0 - Linhas Quadras", "dxf_type": "LINE"}, "geometry": {"type": "LineString", "coordinates": [[-54.99374712593572, -10.248888297699663], [-54.99379610126581, -10.248847336042811]]}}, {"type": "Feature", "properties": {"layer": "0 - Linhas Quadras", "dxf_type": "LINE"}, "geometry": {"type": "LineString", "coordinates": [[-54.99379610126581, -10.248847336042811], [-54.993940398327396, -10.248996775360514]]}}, {"type": "Feature", "properties": {"layer": "0 - Linhas Quadras", "dxf_type": "LINE"}, "geometry": {"type": "LineString", "coordinates": [[-54.993940398327396, -10.248996775360514], [-54.993887017552275, -10.24904415118467]]}}, {"type": "Feature", "properties": {"layer": "0 - Linhas Quadras", "dxf_type": "LINE"}, "geometry": {"type": "LineString", "coordinates": [[-54.99379610126581, -10.248847336042811], [-54.99384716928918, -10.248804623744345]]}}, {"type": "Feature", "properties": {"layer": "0 - Linhas Quadras", "dxf_type": "LINE"}, "geometry": {"type": "LineString", "coordinates": [[-54.993991955450596, -10.248946388153703], [-54.993940398327396, -10.248996775360514]]}}, {"type": "Feature", "properties": {"layer": "0 - Linhas Quadras", "dxf_type": "LINE"}, "geometry": {"type": "LineString", "coordinates": [[-54.993882128634105, -10.248773656980878], [-54.99402067056706, -10.24892355608747]]}}, {"type": "Feature", "properties": {"layer": "0 - Linhas Quadras", "dxf_type": "LINE"}, "geometry": {"type": "LineString", "coordinates": [[-54.99402067056706, -10.24892355608747], [-54.993991955450596, -10.248946388153703]]}}, {"type": "Feature", "properties": {"layer": "0 - Linhas Quadras", "dxf_type": "LINE"}, "geometry": {"type": "LineString", "coordinates": [[-54.993882128634105, -10.248773656980878], [-54.99384716928918, -10.248804623744345]]}}, {"type": "Feature", "properties": {"layer": "0 - Linhas Quadras", "dxf_type": "LINE"}, "geometry": {"type": "LineString", "coordinates": [[-54.99391149964529, -10.248749707205366], [-54.99405002065889, -10.24889553491029]]}}, {"type": "Feature", "properties": {"layer": "0 - Linhas Quadras", "dxf_type": "LINE"}, "geometry": {"type": "LineString", "coordinates": [[-54.99405002065889, -10.24889553491029], [-54.994019961724334, -10.248922788802709]]}}, {"type": "Feature", "properties": {"layer": "0 - Linhas Quadras", "dxf_type": "LINE"}, "geometry": {"type": "LineString", "coordinates": [[-54.99391149964529, -10.248749707205366], [-54.993883476526875, -10.248775115190593]]}}, {"type": "Feature", "properties": {"layer": "0 - Linhas Quadras", "dxf_type": "LINE"}, "geometry": {"type": "LineString", "coordinates": [[-54.9939545196906, -10.2487169299185], [-54.99391149964529, -10.248749707205366]]}}, {"type": "Feature", "properties": {"layer": "0 - Linhas Quadras", "dxf_type": "LINE"}, "geometry": {"type": "LineString", "coordinates": [[-54.9939545196906, -10.2487169299185], [-54.99408546640999, -10.248856012800053]]}}, {"type": "Feature", "properties": {"layer": "0 - Linhas Quadras", "dxf_type": "LINE"}, "geometry": {"type": "LineString", "coordinates": [[-54.99408546640999, -10.248856012800053], [-54.99405002065889, -10.24889553491029]]}}, {"type": "Feature", "properties": {"layer": "0 - Linhas Quadras", "dxf_type": "LINE"}, "geometry": {"type": "LineString", "coordinates": [[-54.99472619710591, -10.248244874558614], [-54.99463893031949, -10.248172355040996]]}}, {"type": "Feature", "properties": {"layer": "0 - Linhas Quadras", "dxf_type": "LINE"}, "geometry": {"type": "LineString", "coordinates": [[-54.99463893031949, -10.248172355040996], [-54.99458801133515, -10.248232466199422]]}}, {"type": "Feature", "properties": {"layer": "0 - Linhas Quadras", "dxf_type": "LINE"}, "geometry": {"type": "LineString", "coordinates": [[-54.99458801133515, -10.248232466199422], [-54.994679204153854, -10.248324584375403]]}}, {"type": "Feature", "properties": {"layer": "0 - Linhas Quadras", "dxf_type": "LINE"}, "geometry": {"type": "LineString", "coordinates": [[-54.994679204153854, -10.248324584375403], [-54.9947241882086, -10.24828089609121]]}}, {"type": "Feature", "properties": {"layer": "0 - Linhas Quadras", "dxf_type": "LINE"}, "geometry": {"type": "LineString", "coordinates": [[-54.9947241882086, -10.24828089609121], [-54.99472619710591, -10.248244874558614]]}}, {"type": "Feature", "properties": {"layer": "0 - Linhas Quadras", "dxf_type": "LINE"}, "geometry": {"type": "LineString", "coordinates": [[-54.99408546640999, -10.248856012800053], [-54.99413736905734, -10.248810607395813]]}}, {"type": "Feature", "properties": {"layer": "0 - Linhas Quadras", "dxf_type": "LINE"}, "geometry": {"type": "LineString", "coordinates": [[-54.99413736905734, -10.248810607395813], [-54.994002684860135, -10.248667507941377]]}}, {"type": "Feature", "properties": {"layer": "0 - Linhas Quadras", "dxf_type": "LINE"}, "geometry": {"type": "LineString", "coordinates": [[-54.994002684860135, -10.248667507941377], [-54.9939545196906, -10.2487169299185]]}}, {"type": "Feature", "properties": {"layer": "0 - Linhas Quadras", "dxf_type": "LINE"}, "geometry": {"type": "LineString", "coordinates": [[-54.99413736905734, -10.248810607395813], [-54.99418812732533, -10.248763741412144]]}}, {"type": "Feature", "properties": {"layer": "0 - Linhas Quadras", "dxf_type": "LINE"}, "geometry": {"type": "LineString", "coordinates": [[-54.99418812732533, -10.248763741412144], [-54.99405510393577, -10.248622406739713]]}}, {"type": "Feature", "properties": {"layer": "0 - Linhas Quadras", "dxf_type": "LINE"}, "geometry": {"type": "LineString", "coordinates": [[-54.99405510393577, -10.248622406739713], [-54.994002684860135, -10.248667507941377]]}}, {"type": "Feature", "properties": {"layer": "0 - Linhas Quadras", "dxf_type": "LINE"}, "geometry": {"type": "LineString", "coordinates": [[-54.99458801133515, -10.248232466199422], [-54.99452507221617, -10.248293591496425]]}}, {"type": "Feature", "properties": {"layer": "0 - Linhas Quadras", "dxf_type": "LINE"}, "geometry": {"type": "LineString", "coordinates": [[-54.99452507221617, -10.248293591496425], [-54.99461645638327, -10.248385901597802]]}}, {"type": "Feature", "properties": {"layer": "0 - Linhas Quadras", "dxf_type": "LINE"}, "geometry": {"type": "LineString", "coordinates": [[-54.99461645638327, -10.248385901597802], [-54.99467939550412, -10.248324777187431]]}}, {"type": "Feature", "properties": {"layer": "0 - Linhas Quadras", "dxf_type": "LINE"}, "geometry": {"type": "LineString", "coordinates": [[-54.99461645638327, -10.248385901597802], [-54.99457243277047, -10.248428656613433]]}}, {"type": "Feature", "properties": {"layer": "0 - Linhas Quadras", "dxf_type": "LINE"}, "geometry": {"type": "LineString", "coordinates": [[-54.99451701387546, -10.2482854507711], [-54.994475769647806, -10.248322185633565]]}}, {"type": "Feature", "properties": {"layer": "0 - Linhas Quadras", "dxf_type": "LINE"}, "geometry": {"type": "LineString", "coordinates": [[-54.99452507221617, -10.248293591496425], [-54.99451738372807, -10.248285122218087]]}}, {"type": "Feature", "properties": {"layer": "0 - Linhas Quadras", "dxf_type": "LINE"}, "geometry": {"type": "LineString", "coordinates": [[-54.994475769647806, -10.248322185633565], [-54.99446274293453, -10.248333787528528]]}}, {"type": "Feature", "properties": {"layer": "0 - Linhas Quadras", "dxf_type": "LINE"}, "geometry": {"type": "LineString", "coordinates": [[-54.99446274293453, -10.248333787528528], [-54.9945581344472, -10.248438859530422]]}}, {"type": "Feature", "properties": {"layer": "0 - Linhas Quadras", "dxf_type": "LINE"}, "geometry": {"type": "LineString", "coordinates": [[-54.9945581344472, -10.248438859530422], [-54.99457243277047, -10.248428656613433]]}}, {"type": "Feature", "properties": {"layer": "0 - Linhas Quadras", "dxf_type": "LINE"}, "geometry": {"type": "LineString", "coordinates": [[-54.99446274293453, -10.248333787528528], [-54.994441847239045, -10.248310772199515]]}}, {"type": "Feature", "properties": {"layer": "0 - Linhas Quadras", "dxf_type": "LINE"}, "geometry": {"type": "LineString", "coordinates": [[-54.994441847239045, -10.248310772199515], [-54.99438312853391, -10.248351652164546]]}}, {"type": "Feature", "properties": {"layer": "0 - Linhas Quadras", "dxf_type": "LINE"}, "geometry": {"type": "LineString", "coordinates": [[-54.99438312853391, -10.248351652164546], [-54.994500510793316, -10.24848366929078]]}}, {"type": "Feature", "properties": {"layer": "0 - Linhas Quadras", "dxf_type": "LINE"}, "geometry": {"type": "LineString", "coordinates": [[-54.994500510793316, -10.24848366929078], [-54.9945581344472, -10.248438859530422]]}}, {"type": "Feature", "properties": {"layer": "0 - Linhas Quadras", "dxf_type": "LINE"}, "geometry": {"type": "LineString", "coordinates": [[-54.994500510793316, -10.24848366929078], [-54.99438859089711, -10.248583437744044]]}}, {"type": "Feature", "properties": {"layer": "0 - Linhas Quadras", "dxf_type": "LINE"}, "geometry": {"type": "LineString", "coordinates": [[-54.99438859089711, -10.248583437744044], [-54.994258263118255, -10.24845505037963]]}}, {"type": "Feature", "properties": {"layer": "0 - Linhas Quadras", "dxf_type": "LINE"}, "geometry": {"type": "LineString", "coordinates": [[-54.994258263118255, -10.24845505037963], [-54.99436658556626, -10.248363967243753]]}}, {"type": "Feature", "properties": {"layer": "0 - Linhas Quadras", "dxf_type": "LINE"}, "geometry": {"type": "LineString", "coordinates": [[-54.99436658556626, -10.248363967243753], [-54.99438312853391, -10.248351652164546]]}}, {"type": "Feature", "properties": {"layer": "0 - Linhas Quadras", "dxf_type": "LINE"}, "geometry": {"type": "LineString", "coordinates": [[-54.994258263118255, -10.24845505037963], [-54.99420098430203, -10.24850321213872]]}}, {"type": "Feature", "properties": {"layer": "0 - Linhas Quadras", "dxf_type": "LINE"}, "geometry": {"type": "LineString", "coordinates": [[-54.99420098430203, -10.24850321213872], [-54.99432238177849, -10.248644847422414]]}}, {"type": "Feature", "properties": {"layer": "0 - Linhas Quadras", "dxf_type": "LINE"}, "geometry": {"type": "LineString", "coordinates": [[-54.99432238177849, -10.248644847422414], [-54.99438859089711, -10.248583437744044]]}}, {"type": "Feature", "properties": {"layer": "0 - Linhas Quadras", "dxf_type": "LINE"}, "geometry": {"type": "LineString", "coordinates": [[-54.99432238177849, -10.248644847422414], [-54.99418812732533, -10.248763741412144]]}}, {"type": "Feature", "properties": {"layer": "0 - Linhas Quadras", "dxf_type": "LINE"}, "geometry": {"type": "LineString", "coordinates": [[-54.99420098430203, -10.24850321213872], [-54.99405510393577, -10.248622406739713]]}}, {"type": "Feature", "properties": {"layer": "0 - Linhas Quadras", "dxf_type": "LINE"}, "geometry": {"type": "LineString", "coordinates": [[-54.99463893031949, -10.248172355040996], [-54.994443604326136, -10.248027948755357]]}}, {"type": "Feature", "properties": {"layer": "0 - Linhas Quadras", "dxf_type": "LINE"}, "geometry": {"type": "LineString", "coordinates": [[-54.994443604326136, -10.248027948755357], [-54.99433999498201, -10.248101302590134]]}}, {"type": "Feature", "properties": {"layer": "0 - Linhas Quadras", "dxf_type": "LINE"}, "geometry": {"type": "LineString", "coordinates": [[-54.99433999498201, -10.248101302590134], [-54.99452507221617, -10.248293591496425]]}}, {"type": "Feature", "properties": {"layer": "0 - Linhas Quadras", "dxf_type": "LINE"}, "geometry": {"type": "LineString", "coordinates": [[-54.994573531770435, -10.24824652955298], [-54.994391799659645, -10.248064625678047]]}}, {"type": "Feature", "properties": {"layer": "0 - Linhas Quadras", "dxf_type": "LINE"}, "geometry": {"type": "LineString", "coordinates": [[-54.994441847239045, -10.248310772199515], [-54.99429068533593, -10.248140455362849]]}}, {"type": "Feature", "properties": {"layer": "0 - Linhas Quadras", "dxf_type": "LINE"}, "geometry": {"type": "LineString", "coordinates": [[-54.99429068533593, -10.248140455362849], [-54.99433999498201, -10.248101302590134]]}}, {"type": "Feature", "properties": {"layer": "0 - Linhas Quadras", "dxf_type": "LINE"}, "geometry": {"type": "LineString", "coordinates": [[-54.994260889651784, -10.248172446563725], [-54.994404335799224, -10.24833688731525]]}}, {"type": "Feature", "properties": {"layer": "0 - Linhas Quadras", "dxf_type": "LINE"}, "geometry": {"type": "LineString", "coordinates": [[-54.99429068533593, -10.248140455362849], [-54.994260889651784, -10.248172446563725]]}}, {"type": "Feature", "properties": {"layer": "0 - Linhas Quadras", "dxf_type": "LINE"}, "geometry": {"type": "LineString", "coordinates": [[-54.994260889651784, -10.248172446563725], [-54.99423083005884, -10.248197934226363]]}}, {"type": "Feature", "properties": {"layer": "0 - Linhas Quadras", "dxf_type": "LINE"}, "geometry": {"type": "LineString", "coordinates": [[-54.99423083005884, -10.248197934226363], [-54.99436658556626, -10.248363967243753]]}}, {"type": "Feature", "properties": {"layer": "0 - Linhas Quadras", "dxf_type": "LINE"}, "geometry": {"type": "LineString", "coordinates": [[-54.994258263118255, -10.24845505037963], [-54.99409896375892, -10.248286858979055]]}}, {"type": "Feature", "properties": {"layer": "0 - Linhas Quadras", "dxf_type": "LINE"}, "geometry": {"type": "LineString", "coordinates": [[-54.99409896375892, -10.248286858979055], [-54.99423083005884, -10.248197934226363]]}}, {"type": "Feature", "properties": {"layer": "0 - Linhas Quadras", "dxf_type": "LINE"}, "geometry": {"type": "LineString", "coordinates": [[-54.99409896375892, -10.248286858979055], [-54.99400070190266, -10.248371141544085]]}}, {"type": "Feature", "properties": {"layer": "0 - Linhas Quadras", "dxf_type": "LINE"}, "geometry": {"type": "LineString", "coordinates": [[-54.99400070190266, -10.248371141544085], [-54.99415887764376, -10.248537616740544]]}}, {"type": "Feature", "properties": {"layer": "0 - Linhas Quadras", "dxf_type": "LINE"}, "geometry": {"type": "LineString", "coordinates": [[-54.99400070190266, -10.248371141544085], [-54.99395926801506, -10.248406680173403]]}}, {"type": "Feature", "properties": {"layer": "0 - Linhas Quadras", "dxf_type": "LINE"}, "geometry": {"type": "LineString", "coordinates": [[-54.99395926801506, -10.248406680173403], [-54.994120406387836, -10.248569049985896]]}}, {"type": "Feature", "properties": {"layer": "0 - Linhas Quadras", "dxf_type": "LINE"}, "geometry": {"type": "LineString", "coordinates": [[-54.99395926801506, -10.248406680173403], [-54.993919506151855, -10.248445391936174]]}}, {"type": "Feature", "properties": {"layer": "0 - Linhas Quadras", "dxf_type": "LINE"}, "geometry": {"type": "LineString", "coordinates": [[-54.993919506151855, -10.248445391936174], [-54.99406214450117, -10.248616653349218]]}}, {"type": "Feature", "properties": {"layer": "0 - Linhas Quadras", "dxf_type": "LINE"}, "geometry": {"type": "LineString", "coordinates": [[-54.993919506151855, -10.248445391936174], [-54.99387408423177, -10.248482504067068]]}}, {"type": "Feature", "properties": {"layer": "0 - Linhas Quadras", "dxf_type": "LINE"}, "geometry": {"type": "LineString", "coordinates": [[-54.99387408423177, -10.248482504067068], [-54.99401314720476, -10.248658506190212]]}}, {"type": "Feature", "properties": {"layer": "0 - Linhas Quadras", "dxf_type": "LINE"}, "geometry": {"type": "LineString", "coordinates": [[-54.99387408423177, -10.248482504067068], [-54.99382702907626, -10.248518977882712]]}}, {"type": "Feature", "properties": {"layer": "0 - Linhas Quadras", "dxf_type": "LINE"}, "geometry": {"type": "LineString", "coordinates": [[-54.99382702907626, -10.248518977882712], [-54.993978602277245, -10.248692218931213]]}}, {"type": "Feature", "properties": {"layer": "0 - Linhas Quadras", "dxf_type": "LINE"}, "geometry": {"type": "LineString", "coordinates": [[-54.993933010128124, -10.248733318113732], [-54.99377383048043, -10.248557864295622]]}}, {"type": "Feature", "properties": {"layer": "0 - Linhas Quadras", "dxf_type": "LINE"}, "geometry": {"type": "LineString", "coordinates": [[-54.99377383048043, -10.248557864295622], [-54.99382702907626, -10.248518977882712]]}}, {"type": "Feature", "properties": {"layer": "0 - Linhas Quadras", "dxf_type": "LINE"}, "geometry": {"type": "LineString", "coordinates": [[-54.99377383048043, -10.248557864295622], [-54.99371678666325, -10.24859955984817]]}}, {"type": "Feature", "properties": {"layer": "0 - Linhas Quadras", "dxf_type": "LINE"}, "geometry": {"type": "LineString", "coordinates": [[-54.99371678666325, -10.24859955984817], [-54.99387760143538, -10.248777667754418]]}}, {"type": "Feature", "properties": {"layer": "0 - Linhas Quadras", "dxf_type": "LINE"}, "geometry": {"type": "LineString", "coordinates": [[-54.99371678666325, -10.24859955984817], [-54.99368382616171, -10.24862875549822]]}}, {"type": "Feature", "properties": {"layer": "0 - Linhas Quadras", "dxf_type": "LINE"}, "geometry": {"type": "LineString", "coordinates": [[-54.99368382616171, -10.24862875549822], [-54.99383934436232, -10.248811167737298]]}}, {"type": "Feature", "properties": {"layer": "0 - Linhas Quadras", "dxf_type": "LINE"}, "geometry": {"type": "LineString", "coordinates": [[-54.99378914332665, -10.248853155018013], [-54.993622938232825, -10.248681493098323]]}}, {"type": "Feature", "properties": {"layer": "0 - Linhas Quadras", "dxf_type": "LINE"}, "geometry": {"type": "LineString", "coordinates": [[-54.993622938232825, -10.248681493098323], [-54.99368382616171, -10.24862875549822]]}}, {"type": "Feature", "properties": {"layer": "0 - Linhas Quadras", "dxf_type": "LINE"}, "geometry": {"type": "LineString", "coordinates": [[-54.99373233654536, -10.24887182102415], [-54.99358477715301, -10.248707424207536]]}}, {"type": "Feature", "properties": {"layer": "0 - Linhas Quadras", "dxf_type": "LINE"}, "geometry": {"type": "LineString", "coordinates": [[-54.99358477715301, -10.248707424207536], [-54.993622938232825, -10.248681493098323]]}}, {"type": "Feature", "properties": {"layer": "0 - Linhas Quadras", "dxf_type": "LINE"}, "geometry": {"type": "LineString", "coordinates": [[-54.99358477715301, -10.248707424207536], [-54.99354358323213, -10.248735416508694]]}}, {"type": "Feature", "properties": {"layer": "0 - Linhas Quadras", "dxf_type": "LINE"}, "geometry": {"type": "LineString", "coordinates": [[-54.99354358323213, -10.248735416508694], [-54.993685934524926, -10.248912681045814]]}}, {"type": "Feature", "properties": {"layer": "0 - Linhas Quadras", "dxf_type": "LINE"}, "geometry": {"type": "LineString", "coordinates": [[-54.99354358323213, -10.248735416508694], [-54.99346576880802, -10.248796719976797]]}}, {"type": "Feature", "properties": {"layer": "0 - Linhas Quadras", "dxf_type": "LINE"}, "geometry": {"type": "LineString", "coordinates": [[-54.99346576880802, -10.248796719976797], [-54.99361991559052, -10.248970813195234]]}}, {"type": "Feature", "properties": {"layer": "0 - Linhas Quadras", "dxf_type": "LINE"}, "geometry": {"type": "LineString", "coordinates": [[-54.99346576880802, -10.248796719976797], [-54.99338479362401, -10.248850244648576]]}}, {"type": "Feature", "properties": {"layer": "0 - Linhas Quadras", "dxf_type": "LINE"}, "geometry": {"type": "LineString", "coordinates": [[-54.9934252807657, -10.248823481861116], [-54.99357009962789, -10.248999314501749]]}}, {"type": "Feature", "properties": {"layer": "0 - Linhas Quadras", "dxf_type": "LINE"}, "geometry": {"type": "LineString", "coordinates": [[-54.99392350395327, -10.249840273467786], [-54.99421303264704, -10.250130745998884]]}}, {"type": "Feature", "properties": {"layer": "0 - Linhas Quadras", "dxf_type": "LINE"}, "geometry": {"type": "LineString", "coordinates": [[-54.99421303264704, -10.250130745998884], [-54.99402928932286, -10.250310415869931]]}}, {"type": "Feature", "properties": {"layer": "0 - Linhas Quadras", "dxf_type": "LINE"}, "geometry": {"type": "LineString", "coordinates": [[-54.99392350395327, -10.249840273467786], [-54.99374613732347, -10.24999773795804]]}}, {"type": "Feature", "properties": {"layer": "0 - Linhas Quadras", "dxf_type": "LINE"}, "geometry": {"type": "LineString", "coordinates": [[-54.99374613732347, -10.24999773795804], [-54.99402928932286, -10.250310415869931]]}}, {"type": "Feature", "properties": {"layer": "0 - Linhas Quadras", "dxf_type": "LINE"}, "geometry": {"type": "LineString", "coordinates": [[-54.99374613732347, -10.24999773795804], [-54.993820890101865, -10.249931372593874]]}}, {"type": "Feature", "properties": {"layer": "0 - Linhas Quadras", "dxf_type": "LINE"}, "geometry": {"type": "LineString", "coordinates": [[-54.99402928932286, -10.250310415869931], [-54.99410072845231, -10.250240560739888]]}}, {"type": "Feature", "properties": {"layer": "0 - Linhas Quadras", "dxf_type": "LINE"}, "geometry": {"type": "LineString", "coordinates": [[-54.99410072845231, -10.250240560739888], [-54.993820890101865, -10.249931372593874]]}}, {"type": "Feature", "properties": {"layer": "0 - Linhas Quadras", "dxf_type": "LINE"}, "geometry": {"type": "LineString", "coordinates": [[-54.99392350395327, -10.249840273467786], [-54.9939937300581, -10.249759982318771]]}}, {"type": "Feature", "properties": {"layer": "0 - Linhas Quadras", "dxf_type": "LINE"}, "geometry": {"type": "LineString", "coordinates": [[-54.9939937300581, -10.249759982318771], [-54.994187710103375, -10.249945077953749]]}}, {"type": "Feature", "properties": {"layer": "0 - Linhas Quadras", "dxf_type": "LINE"}, "geometry": {"type": "LineString", "coordinates": [[-54.994187710103375, -10.249945077953749], [-54.9941068137531, -10.250024180609534]]}}, {"type": "Feature", "properties": {"layer": "0 - Linhas Quadras", "dxf_type": "LINE"}, "geometry": {"type": "LineString", "coordinates": [[-54.9939937300581, -10.249759982318771], [-54.994123139382665, -10.24962362648013]]}}, {"type": "Feature", "properties": {"layer": "0 - Linhas Quadras", "dxf_type": "LINE"}, "geometry": {"type": "LineString", "coordinates": [[-54.994123139382665, -10.24962362648013], [-54.99430913045282, -10.249828430638912]]}}, {"type": "Feature", "properties": {"layer": "0 - Linhas Quadras", "dxf_type": "LINE"}, "geometry": {"type": "LineString", "coordinates": [[-54.99430913045282, -10.249828430638912], [-54.994187710103375, -10.249945077953749]]}}, {"type": "Feature", "properties": {"layer": "0 - Linhas Quadras", "dxf_type": "LINE"}, "geometry": {"type": "LineString", "coordinates": [[-54.994123139382665, -10.24962362648013], [-54.99420980974598, -10.249540032600708]]}}, {"type": "Feature", "properties": {"layer": "0 - Linhas Quadras", "dxf_type": "LINE"}, "geometry": {"type": "LineString", "coordinates": [[-54.99420980974598, -10.249540032600708], [-54.99440156537817, -10.249745498707236]]}}, {"type": "Feature", "properties": {"layer": "0 - Linhas Quadras", "dxf_type": "LINE"}, "geometry": {"type": "LineString", "coordinates": [[-54.99440156537817, -10.249745498707236], [-54.99430913045282, -10.249828430638912]]}}, {"type": "Feature", "properties": {"layer": "0 - Linhas Quadras", "dxf_type": "LINE"}, "geometry": {"type": "LineString", "coordinates": [[-54.99420980974598, -10.249540032600708], [-54.99427549195402, -10.249476681727197]]}}, {"type": "Feature", "properties": {"layer": "0 - Linhas Quadras", "dxf_type": "LINE"}, "geometry": {"type": "LineString", "coordinates": [[-54.99427549195402, -10.249476681727197], [-54.994462929525874, -10.249685701579457]]}}, {"type": "Feature", "properties": {"layer": "0 - Linhas Quadras", "dxf_type": "LINE"}, "geometry": {"type": "LineString", "coordinates": [[-54.994462929525874, -10.249685701579457], [-54.99439974600376, -10.249743549471182]]}}, {"type": "Feature", "properties": {"layer": "0 - Linhas Quadras", "dxf_type": "LINE"}, "geometry": {"type": "LineString", "coordinates": [[-54.99427549195402, -10.249476681727197], [-54.99443373802638, -10.249321770831925]]}}, {"type": "Feature", "properties": {"layer": "0 - Linhas Quadras", "dxf_type": "LINE"}, "geometry": {"type": "LineString", "coordinates": [[-54.99462810570547, -10.249519104078292], [-54.994457484676055, -10.249679629781731]]}}, {"type": "Feature", "properties": {"layer": "0 - Linhas Quadras", "dxf_type": "LINE"}, "geometry": {"type": "LineString", "coordinates": [[-54.99454933361605, -10.249593215886403], [-54.99435519306895, -10.249398659938308]]}}, {"type": "Feature", "properties": {"layer": "0 - Linhas Quadras", "dxf_type": "LINE"}, "geometry": {"type": "LineString", "coordinates": [[-54.99443373802638, -10.249321770831925], [-54.9944232668514, -10.249311138465272]]}}, {"type": "Feature", "properties": {"layer": "0 - Linhas Quadras", "dxf_type": "LINE"}, "geometry": {"type": "LineString", "coordinates": [[-54.9944232668514, -10.249311138465272], [-54.99448162741643, -10.249251927503341]]}}, {"type": "Feature", "properties": {"layer": "0 - Linhas Quadras", "dxf_type": "LINE"}, "geometry": {"type": "LineString", "coordinates": [[-54.994689785840215, -10.249441847790504], [-54.99462403311763, -10.24951496971971]]}}, {"type": "Feature", "properties": {"layer": "0 - Linhas Quadras", "dxf_type": "LINE"}, "geometry": {"type": "LineString", "coordinates": [[-54.99448162741643, -10.249251927503341], [-54.99460616072857, -10.249118530569268]]}}, {"type": "Feature", "properties": {"layer": "0 - Linhas Quadras", "dxf_type": "LINE"}, "geometry": {"type": "LineString", "coordinates": [[-54.99460616072857, -10.249118530569268], [-54.99484240318687, -10.24927713233852]]}}, {"type": "Feature", "properties": {"layer": "0 - Linhas Quadras", "dxf_type": "LINE"}, "geometry": {"type": "LineString", "coordinates": [[-54.99484240318687, -10.24927713233852], [-54.99468947641009, -10.249441565665428]]}}, {"type": "Feature", "properties": {"layer": "0 - Linhas Quadras", "dxf_type": "LINE"}, "geometry": {"type": "LineString", "coordinates": [[-54.99454389362944, -10.24918522904206], [-54.994765940271975, -10.249359349469682]]}}, {"type": "Feature", "properties": {"layer": "0 - Linhas Quadras", "dxf_type": "LINE"}, "geometry": {"type": "LineString", "coordinates": [[-54.99460616072857, -10.249118530569268], [-54.99467534279786, -10.24904442372427]]}}, {"type": "Feature", "properties": {"layer": "0 - Linhas Quadras", "dxf_type": "LINE"}, "geometry": {"type": "LineString", "coordinates": [[-54.99466782323099, -10.249052478268293], [-54.99488962157006, -10.249216743426837]]}}, {"type": "Feature", "properties": {"layer": "0 - Linhas Quadras", "dxf_type": "LINE"}, "geometry": {"type": "LineString", "coordinates": [[-54.99488962157006, -10.249216743426837], [-54.99484240318687, -10.24927713233852]]}}, {"type": "Feature", "properties": {"layer": "0 - Linhas Quadras", "dxf_type": "LINE"}, "geometry": {"type": "LineString", "coordinates": [[-54.99488962157006, -10.249216743426837], [-54.9949334947346, -10.249160632012504]]}}, {"type": "Feature", "properties": {"layer": "0 - Linhas Quadras", "dxf_type": "LINE"}, "geometry": {"type": "LineString", "coordinates": [[-54.99471037636165, -10.249008181130309], [-54.99467534279786, -10.24904442372427]]}}, {"type": "Feature", "properties": {"layer": "0 - Linhas Quadras", "dxf_type": "LINE"}, "geometry": {"type": "LineString", "coordinates": [[-54.994962711867565, -10.249121966245204], [-54.9949350431842, -10.249161691019134]]}}, {"type": "Feature", "properties": {"layer": "0 - Linhas Quadras", "dxf_type": "LINE"}, "geometry": {"type": "LineString", "coordinates": [[-54.99471037636165, -10.249008181130309], [-54.99477108308989, -10.248961461400679]]}}, {"type": "Feature", "properties": {"layer": "0 - Linhas Quadras", "dxf_type": "LINE"}, "geometry": {"type": "LineString", "coordinates": [[-54.9949782755806, -10.249098773632205], [-54.99496271192136, -10.249121812578855]]}}, {"type": "Feature", "properties": {"layer": "0 - Linhas Quadras", "dxf_type": "LINE"}, "geometry": {"type": "LineString", "coordinates": [[-54.99477108308989, -10.248961461400679], [-54.99484130235874, -10.248889156094242]]}}, {"type": "Feature", "properties": {"layer": "0 - Linhas Quadras", "dxf_type": "LINE"}, "geometry": {"type": "LineString", "coordinates": [[-54.9950192526894, -10.249031676147391], [-54.9949782755806, -10.249098773632205]]}}, {"type": "Feature", "properties": {"layer": "0 - Linhas Quadras", "dxf_type": "LINE"}, "geometry": {"type": "LineString", "coordinates": [[-54.99405843427525, -10.249691804857784], [-54.99424889636434, -10.24988629669487]]}}, {"type": "Feature", "properties": {"layer": "0 - Linhas Quadras", "dxf_type": "LINE"}, "geometry": {"type": "LineString", "coordinates": [[-54.99448162741643, -10.249251927503341], [-54.99468947641009, -10.249441565665428]]}}, {"type": "Feature", "properties": {"layer": "0 - Linhas Quadras", "dxf_type": "LINE"}, "geometry": {"type": "LineString", "coordinates": [[-54.99475031622923, -10.248977443856864], [-54.99496242730285, -10.249122373966001]]}}, {"type": "Feature", "properties": {"layer": "0 - Linhas Quadras", "dxf_type": "LINE"}, "geometry": {"type": "LineString", "coordinates": [[-54.99484130235874, -10.248889156094242], [-54.9948801726127, -10.248849130733422]]}}, {"type": "Feature", "properties": {"layer": "0 - Linhas Quadras", "dxf_type": "LINE"}, "geometry": {"type": "LineString", "coordinates": [[-54.9948801726127, -10.248849130733422], [-54.995043973495356, -10.248980354842985]]}}, {"type": "Feature", "properties": {"layer": "0 - Linhas Quadras", "dxf_type": "LINE"}, "geometry": {"type": "LineString", "coordinates": [[-54.995043973495356, -10.248980354842985], [-54.9950192526894, -10.249031676147391]]}}, {"type": "Feature", "properties": {"layer": "0 - Linhas Quadras", "dxf_type": "LINE"}, "geometry": {"type": "LineString", "coordinates": [[-54.99443373802638, -10.249321770831925], [-54.99462403311763, -10.24951496971971]]}}, {"type": "Feature", "properties": {"layer": "0 - Linhas Quadras", "dxf_type": "LINE"}, "geometry": {"type": "LineString", "coordinates": [[-54.99482098103099, -10.248312920830427], [-54.994573983537684, -10.24853279793109]]}}, {"type": "Feature", "properties": {"layer": "0 - Linhas Quadras", "dxf_type": "LINE"}, "geometry": {"type": "LineString", "coordinates": [[-54.994573983537684, -10.24853279793109], [-54.99425671868855, -10.248839959444306]]}}, {"type": "Feature", "properties": {"layer": "0 - Linhas Quadras", "dxf_type": "LINE"}, "geometry": {"type": "LineString", "coordinates": [[-54.99425671868855, -10.248839959444306], [-54.99414504540178, -10.248948076104824]]}}, {"type": "Feature", "properties": {"layer": "0 - Linhas Quadras", "dxf_type": "LINE"}, "geometry": {"type": "LineString", "coordinates": [[-54.99414504540178, -10.248948076104824], [-54.99391043487758, -10.24918304038884]]}}, {"type": "Feature", "properties": {"layer": "0 - Linhas Quadras", "dxf_type": "LINE"}, "geometry": {"type": "LineString", "coordinates": [[-54.99391043487758, -10.24918304038884], [-54.993694736615126, -10.249365748019063]]}}, {"type": "Feature", "properties": {"layer": "0 - Linhas Quadras", "dxf_type": "LINE"}, "geometry": {"type": "LineString", "coordinates": [[-54.993694736615126, -10.249365748019063], [-54.99362701846406, -10.24942109371991]]}}, {"type": "Feature", "properties": {"layer": "0 - Linhas Quadras", "dxf_type": "LINE"}, "geometry": {"type": "LineString", "coordinates": [[-54.99362701846406, -10.24942109371991], [-54.99362716129718, -10.24944509189353]]}}, {"type": "Feature", "properties": {"layer": "0 - Linhas Quadras", "dxf_type": "LINE"}, "geometry": {"type": "LineString", "coordinates": [[-54.99362716129718, -10.24944509189353], [-54.993625833130146, -10.2494639910066]]}}, {"type": "Feature", "properties": {"layer": "0 - Linhas Quadras", "dxf_type": "LINE"}, "geometry": {"type": "LineString", "coordinates": [[-54.993625833130146, -10.2494639910066], [-54.99373526349961, -10.24960371858093]]}}, {"type": "Feature", "properties": {"layer": "0 - Linhas Quadras", "dxf_type": "LINE"}, "geometry": {"type": "LineString", "coordinates": [[-54.99373526349961, -10.24960371858093], [-54.99388534642411, -10.249734950761994]]}}, {"type": "Feature", "properties": {"layer": "0 - Linhas Quadras", "dxf_type": "LINE"}, "geometry": {"type": "LineString", "coordinates": [[-54.99388534642411, -10.249734950761994], [-54.99414926130277, -10.249438854489597]]}}, {"type": "Feature", "properties": {"layer": "0 - Linhas Quadras", "dxf_type": "LINE"}, "geometry": {"type": "LineString", "coordinates": [[-54.99414926130277, -10.249438854489597], [-54.994434918904936, -10.249153060301406]]}}, {"type": "Feature", "properties": {"layer": "0 - Linhas Quadras", "dxf_type": "LINE"}, "geometry": {"type": "LineString", "coordinates": [[-54.994434918904936, -10.249153060301406], [-54.994623750232556, -10.24894550109607]]}}, {"type": "Feature", "properties": {"layer": "0 - Linhas Quadras", "dxf_type": "LINE"}, "geometry": {"type": "LineString", "coordinates": [[-54.994623750232556, -10.24894550109607], [-54.99479272410609, -10.248759767331704]]}}, {"type": "Feature", "properties": {"layer": "0 - Linhas Quadras", "dxf_type": "LINE"}, "geometry": {"type": "LineString", "coordinates": [[-54.99479272410609, -10.248759767331704], [-54.99493765556936, -10.24860046221629]]}}, {"type": "Feature", "properties": {"layer": "0 - Linhas Quadras", "dxf_type": "LINE"}, "geometry": {"type": "LineString", "coordinates": [[-54.99493765556936, -10.24860046221629], [-54.99503129623771, -10.248497533656504]]}}, {"type": "Feature", "properties": {"layer": "0 - Linhas Quadras", "dxf_type": "LINE"}, "geometry": {"type": "LineString", "coordinates": [[-54.99503129623771, -10.248497533656504], [-54.99482098103099, -10.248312920830427]]}}, {"type": "Feature", "properties": {"layer": "0 - Linhas Quadras", "dxf_type": "LINE"}, "geometry": {"type": "LineString", "coordinates": [[-54.99473160874954, -10.248392479463522], [-54.99493765556936, -10.24860046221629]]}}, {"type": "Feature", "properties": {"layer": "0 - Linhas Quadras", "dxf_type": "LINE"}, "geometry": {"type": "LineString", "coordinates": [[-54.994655737578086, -10.24846002057273], [-54.99487187355422, -10.248672768723399]]}}, {"type": "Feature", "properties": {"layer": "0 - Linhas Quadras", "dxf_type": "LINE"}, "geometry": {"type": "LineString", "coordinates": [[-54.99449032790956, -10.248613789211813], [-54.99472043475513, -10.248839227051798]]}}, {"type": "Feature", "properties": {"layer": "0 - Linhas Quadras", "dxf_type": "LINE"}, "geometry": {"type": "LineString", "coordinates": [[-54.99403526320283, -10.24931390325559], [-54.99391043487758, -10.24918304038884]]}}, {"type": "Feature", "properties": {"layer": "0 - Linhas Quadras", "dxf_type": "LINE"}, "geometry": {"type": "LineString", "coordinates": [[-54.99414926130277, -10.249438854489597], [-54.99403526320283, -10.24931390325559]]}}, {"type": "Feature", "properties": {"layer": "0 - Linhas Quadras", "dxf_type": "LINE"}, "geometry": {"type": "LineString", "coordinates": [[-54.99406644197591, -10.249531771667208], [-54.993947059545846, -10.249399111973393]]}}, {"type": "Feature", "properties": {"layer": "0 - Linhas Quadras", "dxf_type": "LINE"}, "geometry": {"type": "LineString", "coordinates": [[-54.99403526320283, -10.24931390325559], [-54.99410781709583, -10.249240452834227]]}}, {"type": "Feature", "properties": {"layer": "0 - Linhas Quadras", "dxf_type": "LINE"}, "geometry": {"type": "LineString", "coordinates": [[-54.994139025891, -10.24920885907865], [-54.99420452494895, -10.24914255035174]]}}, {"type": "Feature", "properties": {"layer": "0 - Linhas Quadras", "dxf_type": "LINE"}, "geometry": {"type": "LineString", "coordinates": [[-54.994273736437854, -10.249072484320141], [-54.99414504540178, -10.248948076104824]]}}, {"type": "Feature", "properties": {"layer": "0 - Linhas Quadras", "dxf_type": "LINE"}, "geometry": {"type": "LineString", "coordinates": [[-54.994397837455345, -10.249190159790453], [-54.994273736437854, -10.249072484320141]]}}, {"type": "Feature", "properties": {"layer": "0 - Linhas Quadras", "dxf_type": "LINE"}, "geometry": {"type": "LineString", "coordinates": [[-54.99426100173612, -10.249327060220757], [-54.994139025891, -10.24920885907865]]}}, {"type": "Feature", "properties": {"layer": "0 - Linhas Quadras", "dxf_type": "LINE"}, "geometry": {"type": "LineString", "coordinates": [[-54.994014555033836, -10.249078763174598], [-54.994139025891, -10.24920885907865]]}}, {"type": "Feature", "properties": {"layer": "0 - Linhas Quadras", "dxf_type": "LINE"}, "geometry": {"type": "LineString", "coordinates": [[-54.9940756053952, -10.24901762094403], [-54.99420452494895, -10.24914255035174]]}}, {"type": "Feature", "properties": {"layer": "0 - Linhas Quadras", "dxf_type": "LINE"}, "geometry": {"type": "LineString", "coordinates": [[-54.993978365091365, -10.249115007578498], [-54.99410781709583, -10.249240452834227]]}}, {"type": "Feature", "properties": {"layer": "0 - Linhas Quadras", "dxf_type": "LINE"}, "geometry": {"type": "LineString", "coordinates": [[-54.99425671868855, -10.248839959444306], [-54.994495533714826, -10.249086433912813]]}}, {"type": "Feature", "properties": {"layer": "0 - Linhas Quadras", "dxf_type": "LINE"}, "geometry": {"type": "LineString", "coordinates": [[-54.99457209549955, -10.249002278543674], [-54.994336079035016, -10.248763125990246]]}}, {"type": "Feature", "properties": {"layer": "0 - Linhas Quadras", "dxf_type": "LINE"}, "geometry": {"type": "LineString", "coordinates": [[-54.99442633394689, -10.248675744992951], [-54.99457602249506, -10.248807138912882]]}}, {"type": "Feature", "properties": {"layer": "0 - Linhas Quadras", "dxf_type": "LINE"}, "geometry": {"type": "LineString", "coordinates": [[-54.99457602249506, -10.248807138912882], [-54.99466454173967, -10.248900663394028]]}}, {"type": "Feature", "properties": {"layer": "0 - Linhas Quadras", "dxf_type": "LINE"}, "geometry": {"type": "LineString", "coordinates": [[-54.994528445232895, -10.248860312273214], [-54.99462381456279, -10.248945430083241]]}}, {"type": "Feature", "properties": {"layer": "0 - Linhas Quadras", "dxf_type": "LINE"}, "geometry": {"type": "LineString", "coordinates": [[-54.99448080369228, -10.248909773725721], [-54.99457602249506, -10.248807138912882]]}}, {"type": "Feature", "properties": {"layer": "0 - Linhas Quadras", "dxf_type": "LINE"}, "geometry": {"type": "LineString", "coordinates": [[-54.99368987653204, -10.249369721479805], [-54.99383436685032, -10.249509934842438]]}}, {"type": "Feature", "properties": {"layer": "0 - Linhas Quadras", "dxf_type": "LINE"}, "geometry": {"type": "LineString", "coordinates": [[-54.99383436685032, -10.249509934842438], [-54.99373526349961, -10.24960371858093]]}}, {"type": "Feature", "properties": {"layer": "0 - Linhas Quadras", "dxf_type": "LINE"}, "geometry": {"type": "LineString", "coordinates": [[-54.99368899297417, -10.249370613618398], [-54.99376289138128, -10.249308017739788]]}}, {"type": "Feature", "properties": {"layer": "0 - Linhas Quadras", "dxf_type": "LINE"}, "geometry": {"type": "LineString", "coordinates": [[-54.99376289138128, -10.249308017739788], [-54.99388757877954, -10.249452424142973]]}}, {"type": "Feature", "properties": {"layer": "0 - Linhas Quadras", "dxf_type": "LINE"}, "geometry": {"type": "LineString", "coordinates": [[-54.99388757877954, -10.249452424142973], [-54.9938324909998, -10.249508114516114]]}}, {"type": "Feature", "properties": {"layer": "0 - Linhas Quadras", "dxf_type": "LINE"}, "geometry": {"type": "LineString", "coordinates": [[-54.99388757877954, -10.249452424142973], [-54.99394746102965, -10.249399558276997]]}}, {"type": "Feature", "properties": {"layer": "0 - Linhas Quadras", "dxf_type": "LINE"}, "geometry": {"type": "LineString", "coordinates": [[-54.9938660419225, -10.249220643351094], [-54.99399363259453, -10.249348919992835]]}}, {"type": "Feature", "properties": {"layer": "0 - Linhas Quadras", "dxf_type": "LINE"}, "geometry": {"type": "LineString", "coordinates": [[-54.99399363259453, -10.249348919992835], [-54.99394409813295, -10.24939605832566]]}}, {"type": "Feature", "properties": {"layer": "0 - Linhas Quadras", "dxf_type": "LINE"}, "geometry": {"type": "LineString", "coordinates": [[-54.99399363259453, -10.249348919992835], [-54.99403526320283, -10.24931390325559]]}}, {"type": "Feature", "properties": {"layer": "0 - Linhas Quadras", "dxf_type": "LINE"}, "geometry": {"type": "LineString", "coordinates": [[-54.993947059545846, -10.249399111973393], [-54.99394409813295, -10.24939605832566]]}}, {"type": "Feature", "properties": {"layer": "0 - Linhas Quadras", "dxf_type": "LINE"}, "geometry": {"type": "LineString", "coordinates": [[-54.9940756053952, -10.24901762094403], [-54.99432689629673, -10.249261134461227]]}}, {"type": "Feature", "properties": {"layer": "0 - Linhas Quadras", "dxf_type": "LINE"}, "geometry": {"type": "LineString", "coordinates": [[-54.99449032790956, -10.248613789211813], [-54.99459629646155, -10.248717606762789]]}}, {"type": "Feature", "properties": {"layer": "0 - Linhas Quadras", "dxf_type": "LINE"}, "geometry": {"type": "LineString", "coordinates": [[-54.99459629646155, -10.248717606762789], [-54.99453918076409, -10.248774799762938]]}}, {"type": "Feature", "properties": {"layer": "0 - Linhas Quadras", "dxf_type": "LINE"}, "geometry": {"type": "LineString", "coordinates": [[-54.993827986026375, -10.249684795122475], [-54.99401665147907, -10.249476443548135]]}}, {"type": "Feature", "properties": {"layer": "0 - Linhas Quadras", "dxf_type": "LINE"}, "geometry": {"type": "LineString", "coordinates": [[-54.9938324909998, -10.249508114516114], [-54.99391866019735, -10.249584660798995]]}}, {"type": "Feature", "properties": {"layer": "0 - Linhas Quadras", "dxf_type": "LINE"}, "geometry": {"type": "LineString", "coordinates": [[-54.99410781709583, -10.249240452834227], [-54.994229605168584, -10.24935847204476]]}}, {"type": "Feature", "properties": {"layer": "0 - Linhas Quadras", "dxf_type": "LINE"}, "geometry": {"type": "LineString", "coordinates": [[-54.99487643000373, -10.24881980973629], [-54.9948801726127, -10.248849130733422]]}}, {"type": "Feature", "properties": {"layer": "0 - Linhas Quadras", "dxf_type": "LINE"}, "geometry": {"type": "LineString", "coordinates": [[-54.99521521328489, -10.247412685731918], [-54.99499748169249, -10.24757916570646]]}}, {"type": "Feature", "properties": {"layer": "0 - Linhas Quadras", "dxf_type": "LINE"}, "geometry": {"type": "LineString", "coordinates": [[-54.99499748169249, -10.24757916570646], [-54.994992251170565, -10.24758327792173]]}}, {"type": "Feature", "properties": {"layer": "0 - Linhas Quadras", "dxf_type": "LINE"}, "geometry": {"type": "LineString", "coordinates": [[-54.994992251170565, -10.24758327792173], [-54.99498809215203, -10.24757808725727]]}}, {"type": "Feature", "properties": {"layer": "0 - Linhas Quadras", "dxf_type": "LINE"}, "geometry": {"type": "LineString", "coordinates": [[-54.99498809215203, -10.24757808725727], [-54.994940683276724, -10.247616573039647]]}}, {"type": "Feature", "properties": {"layer": "0 - Linhas Quadras", "dxf_type": "LINE"}, "geometry": {"type": "LineString", "coordinates": [[-54.994940683276724, -10.247616573039647], [-54.99489349950871, -10.247653800134843]]}}, {"type": "Feature", "properties": {"layer": "0 - Linhas Quadras", "dxf_type": "LINE"}, "geometry": {"type": "LineString", "coordinates": [[-54.99489349950871, -10.247653800134843], [-54.99484254221734, -10.247696950841494]]}}, {"type": "Feature", "properties": {"layer": "0 - Linhas Quadras", "dxf_type": "LINE"}, "geometry": {"type": "LineString", "coordinates": [[-54.99484254221734, -10.247696950841494], [-54.99473881485676, -10.247792728599288]]}}, {"type": "Feature", "properties": {"layer": "0 - Linhas Quadras", "dxf_type": "LINE"}, "geometry": {"type": "LineString", "coordinates": [[-54.99473881485676, -10.247792728599288], [-54.99454161065596, -10.247955673937195]]}}, {"type": "Feature", "properties": {"layer": "0 - Linhas Quadras", "dxf_type": "LINE"}, "geometry": {"type": "LineString", "coordinates": [[-54.99454161065596, -10.247955673937195], [-54.99467500678504, -10.248062271192362]]}}, {"type": "Feature", "properties": {"layer": "0 - Linhas Quadras", "dxf_type": "LINE"}, "geometry": {"type": "LineString", "coordinates": [[-54.99467500678504, -10.248062271192362], [-54.9949183188405, -10.248232021074895]]}}, {"type": "Feature", "properties": {"layer": "0 - Linhas Quadras", "dxf_type": "LINE"}, "geometry": {"type": "LineString", "coordinates": [[-54.99529408617743, -10.24803557391785], [-54.99533990307948, -10.247997442549686]]}}, {"type": "Feature", "properties": {"layer": "0 - Linhas Quadras", "dxf_type": "LINE"}, "geometry": {"type": "LineString", "coordinates": [[-54.99548684905749, -10.247752326625221], [-54.99521521328489, -10.247412685731918]]}}, {"type": "Feature", "properties": {"layer": "0 - Linhas Quadras", "dxf_type": "LINE"}, "geometry": {"type": "LineString", "coordinates": [[-54.995370757801666, -10.2477483565144], [-54.995169209721425, -10.247447860120772]]}}, {"type": "Feature", "properties": {"layer": "0 - Linhas Quadras", "dxf_type": "LINE"}, "geometry": {"type": "LineString", "coordinates": [[-54.995436432539336, -10.247689288025477], [-54.995232827555704, -10.247871106236643]]}}, {"type": "Feature", "properties": {"layer": "0 - Linhas Quadras", "dxf_type": "LINE"}, "geometry": {"type": "LineString", "coordinates": [[-54.995232827555704, -10.247871106236643], [-54.994992251170565, -10.24758327792173]]}}, {"type": "Feature", "properties": {"layer": "0 - Linhas Quadras", "dxf_type": "LINE"}, "geometry": {"type": "LineString", "coordinates": [[-54.99517960223844, -10.2479186369719], [-54.994940683276724, -10.247616573039647]]}}, {"type": "Feature", "properties": {"layer": "0 - Linhas Quadras", "dxf_type": "LINE"}, "geometry": {"type": "LineString", "coordinates": [[-54.99517960223844, -10.2479186369719], [-54.99519151487618, -10.247933698380088]]}}, {"type": "Feature", "properties": {"layer": "0 - Linhas Quadras", "dxf_type": "LINE"}, "geometry": {"type": "LineString", "coordinates": [[-54.99519151487618, -10.247933698380088], [-54.9949183188405, -10.248232021074895]]}}, {"type": "Feature", "properties": {"layer": "0 - Linhas Quadras", "dxf_type": "LINE"}, "geometry": {"type": "LineString", "coordinates": [[-54.99529408617743, -10.24803557391785], [-54.995186628016306, -10.247939033915943]]}}, {"type": "Feature", "properties": {"layer": "0 - Linhas Quadras", "dxf_type": "LINE"}, "geometry": {"type": "LineString", "coordinates": [[-54.995232827555704, -10.247871106236643], [-54.99518555810373, -10.247926167221259]]}}, {"type": "Feature", "properties": {"layer": "0 - Linhas Quadras", "dxf_type": "LINE"}, "geometry": {"type": "LineString", "coordinates": [[-54.995436432539336, -10.247689288025477], [-54.995525245051994, -10.247800335698665]]}}, {"type": "Feature", "properties": {"layer": "0 - Linhas Quadras", "dxf_type": "LINE"}, "geometry": {"type": "LineString", "coordinates": [[-54.995525245051994, -10.247800335698665], [-54.99533990307948, -10.247997442549686]]}}, {"type": "Feature", "properties": {"layer": "0 - Linhas Quadras", "dxf_type": "LINE"}, "geometry": {"type": "LineString", "coordinates": [[-54.99466107002226, -10.247856967904244], [-54.99476356629716, -10.2479563717901]]}}, {"type": "Feature", "properties": {"layer": "0 - Linhas Quadras", "dxf_type": "LINE"}, "geometry": {"type": "LineString", "coordinates": [[-54.99476356629716, -10.2479563717901], [-54.994665995235486, -10.248055070091597]]}}, {"type": "Feature", "properties": {"layer": "0 - Linhas Quadras", "dxf_type": "LINE"}, "geometry": {"type": "LineString", "coordinates": [[-54.99473881485676, -10.247792728599288], [-54.99483517325528, -10.24788162175902]]}}, {"type": "Feature", "properties": {"layer": "0 - Linhas Quadras", "dxf_type": "LINE"}, "geometry": {"type": "LineString", "coordinates": [[-54.99483517325528, -10.24788162175902], [-54.99476356629716, -10.2479563717901]]}}, {"type": "Feature", "properties": {"layer": "0 - Linhas Quadras", "dxf_type": "LINE"}, "geometry": {"type": "LineString", "coordinates": [[-54.99478565322905, -10.247749480189295], [-54.994873936995866, -10.247845594666455]]}}, {"type": "Feature", "properties": {"layer": "0 - Linhas Quadras", "dxf_type": "LINE"}, "geometry": {"type": "LineString", "coordinates": [[-54.994873936995866, -10.247845594666455], [-54.99483457259205, -10.247881066661114]]}}, {"type": "Feature", "properties": {"layer": "0 - Linhas Quadras", "dxf_type": "LINE"}, "geometry": {"type": "LineString", "coordinates": [[-54.99484011698973, -10.247699191164022], [-54.99513826200787, -10.247991849112022]]}}, {"type": "Feature", "properties": {"layer": "0 - Linhas Quadras", "dxf_type": "LINE"}, "geometry": {"type": "LineString", "coordinates": [[-54.994873936995866, -10.247845594666455], [-54.99509243407591, -10.248041891355912]]}}, {"type": "Feature", "properties": {"layer": "0 - Linhas Quadras", "dxf_type": "LINE"}, "geometry": {"type": "LineString", "coordinates": [[-54.99489349950871, -10.247653800134843], [-54.99516526107491, -10.247962366117646]]}}, {"type": "Feature", "properties": {"layer": "0 - Linhas Quadras", "dxf_type": "LINE"}, "geometry": {"type": "LineString", "coordinates": [[-54.99504780815844, -10.247540686159764], [-54.995280148821905, -10.247828848710338]]}}, {"type": "Feature", "properties": {"layer": "0 - Linhas Quadras", "dxf_type": "LINE"}, "geometry": {"type": "LineString", "coordinates": [[-54.995115788306, -10.247488707858693], [-54.9953433787376, -10.24777238473262]]}}, {"type": "Feature", "properties": {"layer": "0 - Linhas Quadras", "dxf_type": "LINE"}, "geometry": {"type": "LineString", "coordinates": [[-54.99474921212355, -10.248114041944364], [-54.99494038269391, -10.247905289185484]]}}, {"type": "Feature", "properties": {"layer": "0 - Linhas Quadras", "dxf_type": "LINE"}, "geometry": {"type": "LineString", "coordinates": [[-54.99482206271861, -10.248164866958783], [-54.9950058855338, -10.24796413632777]]}}, {"type": "Feature", "properties": {"layer": "0 - Linhas Quadras", "dxf_type": "LINE"}, "geometry": {"type": "LineString", "coordinates": [[-54.99501471566497, -10.248301333698699], [-54.99525728910941, -10.248002515604862]]}}, {"type": "Feature", "properties": {"layer": "0 - Linhas Quadras", "dxf_type": "LINE"}, "geometry": {"type": "LineString", "coordinates": [[-54.99529408617743, -10.24803557391785], [-54.99534989072595, -10.248085707943059]]}}, {"type": "Feature", "properties": {"layer": "0 - Linhas Quadras", "dxf_type": "LINE"}, "geometry": {"type": "LineString", "coordinates": [[-54.99534989072595, -10.248085707943059], [-54.99512987382885, -10.248376219915587]]}}, {"type": "Feature", "properties": {"layer": "0 - Linhas Quadras", "dxf_type": "LINE"}, "geometry": {"type": "LineString", "coordinates": [[-54.99512987382885, -10.248376219915587], [-54.9949183188405, -10.248232021074895]]}}, {"type": "Feature", "properties": {"layer": "0 - Linhas Quadras", "dxf_type": "LINE"}, "geometry": {"type": "LineString", "coordinates": [[-54.99532732966107, -10.24736487912112], [-54.99561949458353, -10.24714256522414]]}}, {"type": "Feature", "properties": {"layer": "0 - Linhas Quadras", "dxf_type": "LINE"}, "geometry": {"type": "LineString", "coordinates": [[-54.99561949458353, -10.24714256522414], [-54.99569981331808, -10.247079235469862]]}}, {"type": "Feature", "properties": {"layer": "0 - Linhas Quadras", "dxf_type": "LINE"}, "geometry": {"type": "LineString", "coordinates": [[-54.99569981331808, -10.247079235469862], [-54.9957990842943, -10.247017656839606]]}}, {"type": "Feature", "properties": {"layer": "0 - Linhas Quadras", "dxf_type": "LINE"}, "geometry": {"type": "LineString", "coordinates": [[-54.9957990842943, -10.247017656839606], [-54.99595675494159, -10.24691985469461]]}}, {"type": "Feature", "properties": {"layer": "0 - Linhas Quadras", "dxf_type": "LINE"}, "geometry": {"type": "LineString", "coordinates": [[-54.99595675494159, -10.24691985469461], [-54.99594538991956, -10.246901879733315]]}}, {"type": "Feature", "properties": {"layer": "0 - Linhas Quadras", "dxf_type": "LINE"}, "geometry": {"type": "LineString", "coordinates": [[-54.99594538991956, -10.246901879733315], [-54.996039420358336, -10.246830602155347]]}}, {"type": "Feature", "properties": {"layer": "0 - Linhas Quadras", "dxf_type": "LINE"}, "geometry": {"type": "LineString", "coordinates": [[-54.996039420358336, -10.246830602155347], [-54.99624104015438, -10.246693083970932]]}}, {"type": "Feature", "properties": {"layer": "0 - Linhas Quadras", "dxf_type": "LINE"}, "geometry": {"type": "LineString", "coordinates": [[-54.99624104015438, -10.246693083970932], [-54.99630793876091, -10.246647454160309]]}}, {"type": "Feature", "properties": {"layer": "0 - Linhas Quadras", "dxf_type": "LINE"}, "geometry": {"type": "LineString", "coordinates": [[-54.99630793876091, -10.246647454160309], [-54.99637226185949, -10.246603581048968]]}}, {"type": "Feature", "properties": {"layer": "0 - Linhas Quadras", "dxf_type": "LINE"}, "geometry": {"type": "LineString", "coordinates": [[-54.99637226185949, -10.246603581048968], [-54.99636333228861, -10.246590738216671]]}}, {"type": "Feature", "properties": {"layer": "0 - Linhas Quadras", "dxf_type": "LINE"}, "geometry": {"type": "LineString", "coordinates": [[-54.99636333228861, -10.246590738216671], [-54.9965403411491, -10.24644365464203]]}}, {"type": "Feature", "properties": {"layer": "0 - Linhas Quadras", "dxf_type": "LINE"}, "geometry": {"type": "LineString", "coordinates": [[-54.9965403411491, -10.24644365464203], [-54.996692052410275, -10.246317593040908]]}}, {"type": "Feature", "properties": {"layer": "0 - Linhas Quadras", "dxf_type": "LINE"}, "geometry": {"type": "LineString", "coordinates": [[-54.996692052410275, -10.246317593040908], [-54.99684641800191, -10.246487394376254]]}}, {"type": "Feature", "properties": {"layer": "0 - Linhas Quadras", "dxf_type": "LINE"}, "geometry": {"type": "LineString", "coordinates": [[-54.99684641800191, -10.246487394376254], [-54.99683190117307, -10.246501461250848]]}}, {"type": "Feature", "properties": {"layer": "0 - Linhas Quadras", "dxf_type": "LINE"}, "geometry": {"type": "LineString", "coordinates": [[-54.99683190117307, -10.246501461250848], [-54.99694987163376, -10.246634086818064]]}}, {"type": "Feature", "properties": {"layer": "0 - Linhas Quadras", "dxf_type": "LINE"}, "geometry": {"type": "LineString", "coordinates": [[-54.99532732966107, -10.24736487912112], [-54.99560733532523, -10.24769593005802]]}}, {"type": "Feature", "properties": {"layer": "0 - Linhas Quadras", "dxf_type": "LINE"}, "geometry": {"type": "LineString", "coordinates": [[-54.99560733532523, -10.24769593005802], [-54.99588048958181, -10.24746927649417]]}}, {"type": "Feature", "properties": {"layer": "0 - Linhas Quadras", "dxf_type": "LINE"}, "geometry": {"type": "LineString", "coordinates": [[-54.99588048958181, -10.24746927649417], [-54.995898271414525, -10.247487223231518]]}}, {"type": "Feature", "properties": {"layer": "0 - Linhas Quadras", "dxf_type": "LINE"}, "geometry": {"type": "LineString", "coordinates": [[-54.995898271414525, -10.247487223231518], [-54.99596623314704, -10.247427555848706]]}}, {"type": "Feature", "properties": {"layer": "0 - Linhas Quadras", "dxf_type": "LINE"}, "geometry": {"type": "LineString", "coordinates": [[-54.99596623314704, -10.247427555848706], [-54.99617453582605, -10.247283173926288]]}}, {"type": "Feature", "properties": {"layer": "0 - Linhas Quadras", "dxf_type": "LINE"}, "geometry": {"type": "LineString", "coordinates": [[-54.99617453582605, -10.247283173926288], [-54.996287164106256, -10.247210958776616]]}}, {"type": "Feature", "properties": {"layer": "0 - Linhas Quadras", "dxf_type": "LINE"}, "geometry": {"type": "LineString", "coordinates": [[-54.996287164106256, -10.247210958776616], [-54.996270355575454, -10.24718524071101]]}}, {"type": "Feature", "properties": {"layer": "0 - Linhas Quadras", "dxf_type": "LINE"}, "geometry": {"type": "LineString", "coordinates": [[-54.996270355575454, -10.24718524071101], [-54.99636988867093, -10.247101982928594]]}}, {"type": "Feature", "properties": {"layer": "0 - Linhas Quadras", "dxf_type": "LINE"}, "geometry": {"type": "LineString", "coordinates": [[-54.99636988867093, -10.247101982928594], [-54.99694987163376, -10.246634086818064]]}}, {"type": "Feature", "properties": {"layer": "0 - Linhas Quadras", "dxf_type": "LINE"}, "geometry": {"type": "LineString", "coordinates": [[-54.99658345907551, -10.24661107375035], [-54.99666689322234, -10.246714072905137]]}}, {"type": "Feature", "properties": {"layer": "0 - Linhas Quadras", "dxf_type": "LINE"}, "geometry": {"type": "LineString", "coordinates": [[-54.99658345907551, -10.24661107375035], [-54.99648242075079, -10.24649178315511]]}}, {"type": "Feature", "properties": {"layer": "0 - Linhas Quadras", "dxf_type": "LINE"}, "geometry": {"type": "LineString", "coordinates": [[-54.996667649119146, -10.24671345204935], [-54.99659950122105, -10.246769386189776]]}}, {"type": "Feature", "properties": {"layer": "0 - Linhas Quadras", "dxf_type": "LINE"}, "geometry": {"type": "LineString", "coordinates": [[-54.99659950122105, -10.246769386189776], [-54.996413135514764, -10.246549354484737]]}}, {"type": "Feature", "properties": {"layer": "0 - Linhas Quadras", "dxf_type": "LINE"}, "geometry": {"type": "LineString", "coordinates": [[-54.995534356272074, -10.247207348566844], [-54.99580727895251, -10.247530024216728]]}}, {"type": "Feature", "properties": {"layer": "0 - Linhas Quadras", "dxf_type": "LINE"}, "geometry": {"type": "LineString", "coordinates": [[-54.99557552150121, -10.247176024812621], [-54.9958470346373, -10.247497035754447]]}}, {"type": "Feature", "properties": {"layer": "0 - Linhas Quadras", "dxf_type": "LINE"}, "geometry": {"type": "LineString", "coordinates": [[-54.99557552150121, -10.247176024812621], [-54.99561949458353, -10.24714256522414]]}}, {"type": "Feature", "properties": {"layer": "0 - Linhas Quadras", "dxf_type": "LINE"}, "geometry": {"type": "LineString", "coordinates": [[-54.99561949458353, -10.24714256522414], [-54.99588048958181, -10.24746927649417]]}}, {"type": "Feature", "properties": {"layer": "0 - Linhas Quadras", "dxf_type": "LINE"}, "geometry": {"type": "LineString", "coordinates": [[-54.99561949458353, -10.24714256522414], [-54.99565965350117, -10.247110899895512]]}}, {"type": "Feature", "properties": {"layer": "0 - Linhas Quadras", "dxf_type": "LINE"}, "geometry": {"type": "LineString", "coordinates": [[-54.99565965350117, -10.247110899895512], [-54.99593225228673, -10.247457389090576]]}}, {"type": "Feature", "properties": {"layer": "0 - Linhas Quadras", "dxf_type": "LINE"}, "geometry": {"type": "LineString", "coordinates": [[-54.99569493401886, -10.24708308140062], [-54.99595849983713, -10.247434345435249]]}}, {"type": "Feature", "properties": {"layer": "0 - Linhas Quadras", "dxf_type": "LINE"}, "geometry": {"type": "LineString", "coordinates": [[-54.9957990842943, -10.247017656839606], [-54.99603317971052, -10.247381152670307]]}}, {"type": "Feature", "properties": {"layer": "0 - Linhas Quadras", "dxf_type": "LINE"}, "geometry": {"type": "LineString", "coordinates": [[-54.9957990842943, -10.247017656839606], [-54.99587791963176, -10.246968755327096]]}}, {"type": "Feature", "properties": {"layer": "0 - Linhas Quadras", "dxf_type": "LINE"}, "geometry": {"type": "LineString", "coordinates": [[-54.99587791963176, -10.246968755327096], [-54.99609547262162, -10.247337974903905]]}}, {"type": "Feature", "properties": {"layer": "0 - Linhas Quadras", "dxf_type": "LINE"}, "geometry": {"type": "LineString", "coordinates": [[-54.99595675494159, -10.24691985469461], [-54.99617453582605, -10.247283173926288]]}}, {"type": "Feature", "properties": {"layer": "0 - Linhas Quadras", "dxf_type": "LINE"}, "geometry": {"type": "LineString", "coordinates": [[-54.99594538991956, -10.246901879733315], [-54.995988872458014, -10.246868918732636]]}}, {"type": "Feature", "properties": {"layer": "0 - Linhas Quadras", "dxf_type": "LINE"}, "geometry": {"type": "LineString", "coordinates": [[-54.995988872458014, -10.246868918732636], [-54.99622030644887, -10.247253826425084]]}}, {"type": "Feature", "properties": {"layer": "0 - Linhas Quadras", "dxf_type": "LINE"}, "geometry": {"type": "LineString", "coordinates": [[-54.99622030644887, -10.247253826425084], [-54.996287164106256, -10.247210958776616]]}}, {"type": "Feature", "properties": {"layer": "0 - Linhas Quadras", "dxf_type": "LINE"}, "geometry": {"type": "LineString", "coordinates": [[-54.996287164106256, -10.247210958776616], [-54.996039420358336, -10.246830602155347]]}}, {"type": "Feature", "properties": {"layer": "0 - Linhas Quadras", "dxf_type": "LINE"}, "geometry": {"type": "LineString", "coordinates": [[-54.996039420358336, -10.246830602155347], [-54.99608492042943, -10.246799568083736]]}}, {"type": "Feature", "properties": {"layer": "0 - Linhas Quadras", "dxf_type": "LINE"}, "geometry": {"type": "LineString", "coordinates": [[-54.99608492042943, -10.246799568083736], [-54.99632012212948, -10.2471436118249]]}}, {"type": "Feature", "properties": {"layer": "0 - Linhas Quadras", "dxf_type": "LINE"}, "geometry": {"type": "LineString", "coordinates": [[-54.996130937426244, -10.246768181045413], [-54.99636988867093, -10.247101982928594]]}}, {"type": "Feature", "properties": {"layer": "0 - Linhas Quadras", "dxf_type": "LINE"}, "geometry": {"type": "LineString", "coordinates": [[-54.996130937426244, -10.246768181045413], [-54.99617618359954, -10.246737319849432]]}}, {"type": "Feature", "properties": {"layer": "0 - Linhas Quadras", "dxf_type": "LINE"}, "geometry": {"type": "LineString", "coordinates": [[-54.99617618359954, -10.246737319849432], [-54.99641345612751, -10.24706683580334]]}}, {"type": "Feature", "properties": {"layer": "0 - Linhas Quadras", "dxf_type": "LINE"}, "geometry": {"type": "LineString", "coordinates": [[-54.99624104015438, -10.246693083970932], [-54.99648733284029, -10.24700723637322]]}}, {"type": "Feature", "properties": {"layer": "0 - Linhas Quadras", "dxf_type": "LINE"}, "geometry": {"type": "LineString", "coordinates": [[-54.99624104015438, -10.246693083970932], [-54.99630793876091, -10.246647454160309]]}}, {"type": "Feature", "properties": {"layer": "0 - Linhas Quadras", "dxf_type": "LINE"}, "geometry": {"type": "LineString", "coordinates": [[-54.99630793876091, -10.246647454160309], [-54.99654289079045, -10.246962415231748]]}}, {"type": "Feature", "properties": {"layer": "0 - Linhas Quadras", "dxf_type": "LINE"}, "geometry": {"type": "LineString", "coordinates": [[-54.99637226185949, -10.246603581048968], [-54.996605414446805, -10.246911974839277]]}}, {"type": "Feature", "properties": {"layer": "0 - Linhas Quadras", "dxf_type": "LINE"}, "geometry": {"type": "LineString", "coordinates": [[-54.99679714317041, -10.246433192523334], [-54.99658345907551, -10.24661107375035]]}}, {"type": "Feature", "properties": {"layer": "0 - Linhas Quadras", "dxf_type": "LINE"}, "geometry": {"type": "LineString", "coordinates": [[-54.99683190117307, -10.246501461250848], [-54.99662835541124, -10.246665669876116]]}}, {"type": "Feature", "properties": {"layer": "0 - Linhas Quadras", "dxf_type": "LINE"}, "geometry": {"type": "LineString", "coordinates": [[-54.99687824692183, -10.246553565125128], [-54.996667649119146, -10.24671345204935]]}}, {"type": "Feature", "properties": {"layer": "0 - Linhas Quadras", "dxf_type": "LINE"}, "geometry": {"type": "LineString", "coordinates": [[-54.99659950122105, -10.246769386189776], [-54.99653421959318, -10.246817804687394]]}}, {"type": "Feature", "properties": {"layer": "0 - Linhas Quadras", "dxf_type": "LINE"}, "geometry": {"type": "LineString", "coordinates": [[-54.99694987163376, -10.246634086818064], [-54.9970198695009, -10.246719207579188]]}}, {"type": "Feature", "properties": {"layer": "0 - Linhas Quadras", "dxf_type": "LINE"}, "geometry": {"type": "LineString", "coordinates": [[-54.9970198695009, -10.246719207579188], [-54.996588897455794, -10.24706689213999]]}}, {"type": "Feature", "properties": {"layer": "0 - Linhas Quadras", "dxf_type": "LINE"}, "geometry": {"type": "LineString", "coordinates": [[-54.996588897455794, -10.24706689213999], [-54.9965188987564, -10.24698177038553]]}}, {"type": "Feature", "properties": {"layer": "0 - Linhas Quadras", "dxf_type": "LINE"}, "geometry": {"type": "LineString", "coordinates": [[-54.9970198695009, -10.246719207579188], [-54.99713410994953, -10.24685812854301]]}}, {"type": "Feature", "properties": {"layer": "0 - Linhas Quadras", "dxf_type": "LINE"}, "geometry": {"type": "LineString", "coordinates": [[-54.99713410994953, -10.24685812854301], [-54.99678288958977, -10.247141473621824]]}}, {"type": "Feature", "properties": {"layer": "0 - Linhas Quadras", "dxf_type": "LINE"}, "geometry": {"type": "LineString", "coordinates": [[-54.99678288958977, -10.247141473621824], [-54.99666864924043, -10.247002552546498]]}}, {"type": "Feature", "properties": {"layer": "0 - Linhas Quadras", "dxf_type": "LINE"}, "geometry": {"type": "LineString", "coordinates": [[-54.99713410994953, -10.24685812854301], [-54.9973596729578, -10.247132422604894]]}}, {"type": "Feature", "properties": {"layer": "0 - Linhas Quadras", "dxf_type": "LINE"}, "geometry": {"type": "LineString", "coordinates": [[-54.9973596729578, -10.247132422604894], [-54.997093034563505, -10.247453592210764]]}}, {"type": "Feature", "properties": {"layer": "0 - Linhas Quadras", "dxf_type": "LINE"}, "geometry": {"type": "LineString", "coordinates": [[-54.997093034563505, -10.247453592210764], [-54.99678288958977, -10.247141473621824]]}}, {"type": "Feature", "properties": {"layer": "0 - Linhas Quadras", "dxf_type": "LINE"}, "geometry": {"type": "LineString", "coordinates": [[-54.99713410994953, -10.24685812854301], [-54.997191743287644, -10.246928213172906]]}}, {"type": "Feature", "properties": {"layer": "0 - Linhas Quadras", "dxf_type": "LINE"}, "geometry": {"type": "LineString", "coordinates": [[-54.997191743287644, -10.246928213172906], [-54.99685323304707, -10.24721226396075]]}}, {"type": "Feature", "properties": {"layer": "0 - Linhas Quadras", "dxf_type": "LINE"}, "geometry": {"type": "LineString", "coordinates": [[-54.997191743287644, -10.246928213172906], [-54.99724937665012, -10.246998297797107]]}}, {"type": "Feature", "properties": {"layer": "0 - Linhas Quadras", "dxf_type": "LINE"}, "geometry": {"type": "LineString", "coordinates": [[-54.99724937665012, -10.246998297797107], [-54.9969238105058, -10.247283290751838]]}}, {"type": "Feature", "properties": {"layer": "0 - Linhas Quadras", "dxf_type": "LINE"}, "geometry": {"type": "LineString", "coordinates": [[-54.99724937665012, -10.246998297797107], [-54.99730712053759, -10.247068515973083]]}}, {"type": "Feature", "properties": {"layer": "0 - Linhas Quadras", "dxf_type": "LINE"}, "geometry": {"type": "LineString", "coordinates": [[-54.99730712053759, -10.247068515973083], [-54.99700400824385, -10.247363999075027]]}}, {"type": "Feature", "properties": {"layer": "0 - Linhas Quadras", "dxf_type": "LINE"}, "geometry": {"type": "LineString", "coordinates": [[-54.99678490882788, -10.246179640936974], [-54.996966492715, -10.246410544283489]]}}, {"type": "Feature", "properties": {"layer": "0 - Linhas Quadras", "dxf_type": "LINE"}, "geometry": {"type": "LineString", "coordinates": [[-54.996966492715, -10.246410544283489], [-54.997030890556886, -10.246493077849452]]}}, {"type": "Feature", "properties": {"layer": "0 - Linhas Quadras", "dxf_type": "LINE"}, "geometry": {"type": "LineString", "coordinates": [[-54.997030890556886, -10.246493077849452], [-54.997210869179824, -10.246723739824873]]}}, {"type": "Feature", "properties": {"layer": "0 - Linhas Quadras", "dxf_type": "LINE"}, "geometry": {"type": "LineString", "coordinates": [[-54.99743646704499, -10.246546481116898], [-54.997250844301504, -10.24631471875401]]}}, {"type": "Feature", "properties": {"layer": "0 - Linhas Quadras", "dxf_type": "LINE"}, "geometry": {"type": "LineString", "coordinates": [[-54.997250844301504, -10.24631471875401], [-54.997192682177385, -10.246239910606908]]}}, {"type": "Feature", "properties": {"layer": "0 - Linhas Quadras", "dxf_type": "LINE"}, "geometry": {"type": "LineString", "coordinates": [[-54.99742383884899, -10.246063597244817], [-54.99750023291783, -10.246005327315402]]}}, {"type": "Feature", "properties": {"layer": "0 - Linhas Quadras", "dxf_type": "LINE"}, "geometry": {"type": "LineString", "coordinates": [[-54.99750023291783, -10.246005327315402], [-54.997404601376, -10.245887669321563]]}}, {"type": "Feature", "properties": {"layer": "0 - Linhas Quadras", "dxf_type": "LINE"}, "geometry": {"type": "LineString", "coordinates": [[-54.997404601376, -10.245887669321563], [-54.99802532332879, -10.245340103852802]]}}, {"type": "Feature", "properties": {"layer": "0 - Linhas Quadras", "dxf_type": "LINE"}, "geometry": {"type": "LineString", "coordinates": [[-54.99802532332879, -10.245340103852802], [-54.99807675184092, -10.245394918997174]]}}, {"type": "Feature", "properties": {"layer": "0 - Linhas Quadras", "dxf_type": "LINE"}, "geometry": {"type": "LineString", "coordinates": [[-54.99807675184092, -10.245394918997174], [-54.998226202493214, -10.245257358199996]]}}, {"type": "Feature", "properties": {"layer": "0 - Linhas Quadras", "dxf_type": "LINE"}, "geometry": {"type": "LineString", "coordinates": [[-54.998226202493214, -10.245257358199996], [-54.99832913028509, -10.245162618983008]]}}, {"type": "Feature", "properties": {"layer": "0 - Linhas Quadras", "dxf_type": "LINE"}, "geometry": {"type": "LineString", "coordinates": [[-54.99820241920317, -10.244934070860946], [-54.99803771956748, -10.245065137092249]]}}, {"type": "Feature", "properties": {"layer": "0 - Linhas Quadras", "dxf_type": "LINE"}, "geometry": {"type": "LineString", "coordinates": [[-54.99803771956748, -10.245065137092249], [-54.9975454809992, -10.245495352297688]]}}, {"type": "Feature", "properties": {"layer": "0 - Linhas Quadras", "dxf_type": "LINE"}, "geometry": {"type": "LineString", "coordinates": [[-54.9975454809992, -10.245495352297688], [-54.99716525410262, -10.245834965846809]]}}, {"type": "Feature", "properties": {"layer": "0 - Linhas Quadras", "dxf_type": "LINE"}, "geometry": {"type": "LineString", "coordinates": [[-54.99716525410262, -10.245834965846809], [-54.99704049375591, -10.24594605038887]]}}, {"type": "Feature", "properties": {"layer": "0 - Linhas Quadras", "dxf_type": "LINE"}, "geometry": {"type": "LineString", "coordinates": [[-54.99704049375591, -10.24594605038887], [-54.996994014812124, -10.246001179897778]]}}, {"type": "Feature", "properties": {"layer": "0 - Linhas Quadras", "dxf_type": "LINE"}, "geometry": {"type": "LineString", "coordinates": [[-54.996994014812124, -10.246001179897778], [-54.99678490882788, -10.246179640936974]]}}, {"type": "Feature", "properties": {"layer": "0 - Linhas Quadras", "dxf_type": "LINE"}, "geometry": {"type": "LineString", "coordinates": [[-54.9973730238147, -10.246467267273232], [-54.99714621684624, -10.246640881106122]]}}, {"type": "Feature", "properties": {"layer": "0 - Linhas Quadras", "dxf_type": "LINE"}, "geometry": {"type": "LineString", "coordinates": [[-54.99731602064432, -10.246396094625254], [-54.997096181995325, -10.246576755857214]]}}, {"type": "Feature", "properties": {"layer": "0 - Linhas Quadras", "dxf_type": "LINE"}, "geometry": {"type": "LineString", "coordinates": [[-54.997250844301504, -10.24631471875401], [-54.997030890556886, -10.246493077849452]]}}, {"type": "Feature", "properties": {"layer": "0 - Linhas Quadras", "dxf_type": "LINE"}, "geometry": {"type": "LineString", "coordinates": [[-54.997192682177385, -10.246239910606908], [-54.99696838768498, -10.24641295406739]]}}, {"type": "Feature", "properties": {"layer": "0 - Linhas Quadras", "dxf_type": "LINE"}, "geometry": {"type": "LineString", "coordinates": [[-54.997192682177385, -10.246239910606908], [-54.996994014812124, -10.246001179897778]]}}, {"type": "Feature", "properties": {"layer": "0 - Linhas Quadras", "dxf_type": "LINE"}, "geometry": {"type": "LineString", "coordinates": [[-54.99709334891238, -10.246120545715645], [-54.99688397413889, -10.246305613736366]]}}, {"type": "Feature", "properties": {"layer": "0 - Linhas Quadras", "dxf_type": "LINE"}, "geometry": {"type": "LineString", "coordinates": [[-54.997043363985945, -10.246164727910896], [-54.99694068317471, -10.246046695533297]]}}, {"type": "Feature", "properties": {"layer": "0 - Linhas Quadras", "dxf_type": "LINE"}, "geometry": {"type": "LineString", "coordinates": [[-54.99712872594949, -10.246163057334131], [-54.99691507319215, -10.246345159457752]]}}, {"type": "Feature", "properties": {"layer": "0 - Linhas Quadras", "dxf_type": "LINE"}, "geometry": {"type": "LineString", "coordinates": [[-54.99714621684624, -10.246640881106122], [-54.99723573679028, -10.246755610794207]]}}, {"type": "Feature", "properties": {"layer": "0 - Linhas Quadras", "dxf_type": "LINE"}, "geometry": {"type": "LineString", "coordinates": [[-54.99723573679028, -10.246755610794207], [-54.99745830946976, -10.24656903116214]]}}, {"type": "Feature", "properties": {"layer": "0 - Linhas Quadras", "dxf_type": "LINE"}, "geometry": {"type": "LineString", "coordinates": [[-54.99745830946976, -10.24656903116214], [-54.99743646704499, -10.246546481116898]]}}, {"type": "Feature", "properties": {"layer": "0 - Linhas Quadras", "dxf_type": "LINE"}, "geometry": {"type": "LineString", "coordinates": [[-54.996994014812124, -10.246001179897778], [-54.99704049375591, -10.24594605038887]]}}, {"type": "Feature", "properties": {"layer": "0 - Linhas Quadras", "dxf_type": "LINE"}, "geometry": {"type": "LineString", "coordinates": [[-54.99704049375591, -10.24594605038887], [-54.99737639339942, -10.246352427442202]]}}, {"type": "Feature", "properties": {"layer": "0 - Linhas Quadras", "dxf_type": "LINE"}, "geometry": {"type": "LineString", "coordinates": [[-54.99737639339942, -10.246352427442202], [-54.99731787332765, -10.24639840833122]]}}, {"type": "Feature", "properties": {"layer": "0 - Linhas Quadras", "dxf_type": "LINE"}, "geometry": {"type": "LineString", "coordinates": [[-54.99704049375591, -10.24594605038887], [-54.99708252657425, -10.245908624827024]]}}, {"type": "Feature", "properties": {"layer": "0 - Linhas Quadras", "dxf_type": "LINE"}, "geometry": {"type": "LineString", "coordinates": [[-54.99708252657425, -10.245908624827024], [-54.99743603204487, -10.246309978730187]]}}, {"type": "Feature", "properties": {"layer": "0 - Linhas Quadras", "dxf_type": "LINE"}, "geometry": {"type": "LineString", "coordinates": [[-54.99743603204487, -10.246309978730187], [-54.99737639339942, -10.246352427442202]]}}, {"type": "Feature", "properties": {"layer": "0 - Linhas Quadras", "dxf_type": "LINE"}, "geometry": {"type": "LineString", "coordinates": [[-54.99708252657425, -10.245908624827024], [-54.99715718251966, -10.245842152924086]]}}, {"type": "Feature", "properties": {"layer": "0 - Linhas Quadras", "dxf_type": "LINE"}, "geometry": {"type": "LineString", "coordinates": [[-54.99715718251966, -10.245842152924086], [-54.99749697612554, -10.246232438713616]]}}, {"type": "Feature", "properties": {"layer": "0 - Linhas Quadras", "dxf_type": "LINE"}, "geometry": {"type": "LineString", "coordinates": [[-54.99749697612554, -10.246232438713616], [-54.99743603204487, -10.246309978730187]]}}, {"type": "Feature", "properties": {"layer": "0 - Linhas Quadras", "dxf_type": "LINE"}, "geometry": {"type": "LineString", "coordinates": [[-54.99715718251966, -10.245842152924086], [-54.997199228757076, -10.245804620761648]]}}, {"type": "Feature", "properties": {"layer": "0 - Linhas Quadras", "dxf_type": "LINE"}, "geometry": {"type": "LineString", "coordinates": [[-54.997199228757076, -10.245804620761648], [-54.99753065739794, -10.24618676034974]]}}, {"type": "Feature", "properties": {"layer": "0 - Linhas Quadras", "dxf_type": "LINE"}, "geometry": {"type": "LineString", "coordinates": [[-54.99753065739794, -10.24618676034974], [-54.99749697612554, -10.246232438713616]]}}, {"type": "Feature", "properties": {"layer": "0 - Linhas Quadras", "dxf_type": "LINE"}, "geometry": {"type": "LineString", "coordinates": [[-54.997404601376, -10.245887669321563], [-54.99727079311962, -10.245740700533291]]}}, {"type": "Feature", "properties": {"layer": "0 - Linhas Quadras", "dxf_type": "LINE"}, "geometry": {"type": "LineString", "coordinates": [[-54.997339823514004, -10.24567904346326], [-54.99747309011856, -10.245827252686166]]}}, {"type": "Feature", "properties": {"layer": "0 - Linhas Quadras", "dxf_type": "LINE"}, "geometry": {"type": "LineString", "coordinates": [[-54.997407850769, -10.245618282309122], [-54.99754149532561, -10.24576690963847]]}}, {"type": "Feature", "properties": {"layer": "0 - Linhas Quadras", "dxf_type": "LINE"}, "geometry": {"type": "LineString", "coordinates": [[-54.99747681778591, -10.245556681756554], [-54.99761084389982, -10.245705734445423]]}}, {"type": "Feature", "properties": {"layer": "0 - Linhas Quadras", "dxf_type": "LINE"}, "geometry": {"type": "LineString", "coordinates": [[-54.9975454809992, -10.245495352297688], [-54.99767988777488, -10.245644827628748]]}}, {"type": "Feature", "properties": {"layer": "0 - Linhas Quadras", "dxf_type": "LINE"}, "geometry": {"type": "LineString", "coordinates": [[-54.997622320379556, -10.245428194967346], [-54.99775641268931, -10.24557732122517]]}}, {"type": "Feature", "properties": {"layer": "0 - Linhas Quadras", "dxf_type": "LINE"}, "geometry": {"type": "LineString", "coordinates": [[-54.997622320379556, -10.245428194967346], [-54.99779160090177, -10.245280244823833]]}}, {"type": "Feature", "properties": {"layer": "0 - Linhas Quadras", "dxf_type": "LINE"}, "geometry": {"type": "LineString", "coordinates": [[-54.99803771956748, -10.245065137092249], [-54.998221836876986, -10.245261377280436]]}}, {"type": "Feature", "properties": {"layer": "0 - Linhas Quadras", "dxf_type": "LINE"}, "geometry": {"type": "LineString", "coordinates": [[-54.997952961977425, -10.245139215041489], [-54.99813906097684, -10.245337567292196]]}}, {"type": "Feature", "properties": {"layer": "0 - Linhas Quadras", "dxf_type": "LINE"}, "geometry": {"type": "LineString", "coordinates": [[-54.99820241920317, -10.244934070860946], [-54.998391814484485, -10.245085915613613]]}}, {"type": "Feature", "properties": {"layer": "0 - Linhas Quadras", "dxf_type": "LINE"}, "geometry": {"type": "LineString", "coordinates": [[-54.998391814484485, -10.245085915613613], [-54.99832913028509, -10.245162618983008]]}}, {"type": "Feature", "properties": {"layer": "0 - Linhas Quadras", "dxf_type": "LINE"}, "geometry": {"type": "LineString", "coordinates": [[-54.99798474168687, -10.244255981109061], [-54.998188839148334, -10.244555923954918]]}}, {"type": "Feature", "properties": {"layer": "0 - Linhas Quadras", "dxf_type": "LINE"}, "geometry": {"type": "LineString", "coordinates": [[-54.998188839148334, -10.244555923954918], [-54.99835015462402, -10.244418579789729]]}}, {"type": "Feature", "properties": {"layer": "0 - Linhas Quadras", "dxf_type": "LINE"}, "geometry": {"type": "LineString", "coordinates": [[-54.99835015462402, -10.244418579789729], [-54.998129238680825, -10.244140429217662]]}}, {"type": "Feature", "properties": {"layer": "0 - Linhas Quadras", "dxf_type": "LINE"}, "geometry": {"type": "LineString", "coordinates": [[-54.998129238680825, -10.244140429217662], [-54.99798474168687, -10.244255981109061]]}}, {"type": "Feature", "properties": {"layer": "0 - Linhas Quadras", "dxf_type": "LINE"}, "geometry": {"type": "LineString", "coordinates": [[-54.99805698974012, -10.244198205171157], [-54.998269496900214, -10.2444872523377]]}}, {"type": "Feature", "properties": {"layer": "0 - Linhas Quadras", "dxf_type": "LINE"}, "geometry": {"type": "LineString", "coordinates": [[-54.998129238680825, -10.244140429217662], [-54.99819787277103, -10.244081922310963]]}}, {"type": "Feature", "properties": {"layer": "0 - Linhas Quadras", "dxf_type": "LINE"}, "geometry": {"type": "LineString", "coordinates": [[-54.99819787277103, -10.244081922310963], [-54.99836850496933, -10.244320196729108]]}}, {"type": "Feature", "properties": {"layer": "0 - Linhas Quadras", "dxf_type": "LINE"}, "geometry": {"type": "LineString", "coordinates": [[-54.99836850496933, -10.244320196729108], [-54.99830890200778, -10.244366639462177]]}}, {"type": "Feature", "properties": {"layer": "0 - Linhas Quadras", "dxf_type": "LINE"}, "geometry": {"type": "LineString", "coordinates": [[-54.99819787277103, -10.244081922310963], [-54.99823642780283, -10.244056185443275]]}}, {"type": "Feature", "properties": {"layer": "0 - Linhas Quadras", "dxf_type": "LINE"}, "geometry": {"type": "LineString", "coordinates": [[-54.99823642780283, -10.244056185443275], [-54.998405109501626, -10.24428970404512]]}}, {"type": "Feature", "properties": {"layer": "0 - Linhas Quadras", "dxf_type": "LINE"}, "geometry": {"type": "LineString", "coordinates": [[-54.998405109501626, -10.24428970404512], [-54.99836850496933, -10.244320196729108]]}}, {"type": "Feature", "properties": {"layer": "0 - Linhas Quadras", "dxf_type": "LINE"}, "geometry": {"type": "LineString", "coordinates": [[-54.998405109501626, -10.24428970404512], [-54.9984463983005, -10.244255309932916]]}}, {"type": "Feature", "properties": {"layer": "0 - Linhas Quadras", "dxf_type": "LINE"}, "geometry": {"type": "LineString", "coordinates": [[-54.9984463983005, -10.244255309932916], [-54.998280213848055, -10.244027259191379]]}}, {"type": "Feature", "properties": {"layer": "0 - Linhas Quadras", "dxf_type": "LINE"}, "geometry": {"type": "LineString", "coordinates": [[-54.998280213848055, -10.244027259191379], [-54.99823642780283, -10.244056185443275]]}}, {"type": "Feature", "properties": {"layer": "0 - Linhas Quadras", "dxf_type": "LINE"}, "geometry": {"type": "LineString", "coordinates": [[-54.998280213848055, -10.244027259191379], [-54.998351170493805, -10.24398038467145]]}}, {"type": "Feature", "properties": {"layer": "0 - Linhas Quadras", "dxf_type": "LINE"}, "geometry": {"type": "LineString", "coordinates": [[-54.998351170493805, -10.24398038467145], [-54.99851536798774, -10.244203674839305]]}}, {"type": "Feature", "properties": {"layer": "0 - Linhas Quadras", "dxf_type": "LINE"}, "geometry": {"type": "LineString", "coordinates": [[-54.99851536798774, -10.244203674839305], [-54.998445283564536, -10.244253779959035]]}}, {"type": "Feature", "properties": {"layer": "0 - Linhas Quadras", "dxf_type": "LINE"}, "geometry": {"type": "LineString", "coordinates": [[-54.99851536798774, -10.244203674839305], [-54.99855981805788, -10.244171897141664]]}}, {"type": "Feature", "properties": {"layer": "0 - Linhas Quadras", "dxf_type": "LINE"}, "geometry": {"type": "LineString", "coordinates": [[-54.99855981805788, -10.244171897141664], [-54.99839635926504, -10.243950430235152]]}}, {"type": "Feature", "properties": {"layer": "0 - Linhas Quadras", "dxf_type": "LINE"}, "geometry": {"type": "LineString", "coordinates": [[-54.99839635926504, -10.243950430235152], [-54.998351170493805, -10.24398038467145]]}}, {"type": "Feature", "properties": {"layer": "0 - Linhas Quadras", "dxf_type": "LINE"}, "geometry": {"type": "LineString", "coordinates": [[-54.99839635926504, -10.243950430235152], [-54.998437527589516, -10.243919811063046]]}}, {"type": "Feature", "properties": {"layer": "0 - Linhas Quadras", "dxf_type": "LINE"}, "geometry": {"type": "LineString", "coordinates": [[-54.998437527589516, -10.243919811063046], [-54.998421136798065, -10.243898191353999]]}}, {"type": "Feature", "properties": {"layer": "0 - Linhas Quadras", "dxf_type": "LINE"}, "geometry": {"type": "LineString", "coordinates": [[-54.998421136798065, -10.243898191353999], [-54.99853756905851, -10.243798615049409]]}}, {"type": "Feature", "properties": {"layer": "0 - Linhas Quadras", "dxf_type": "LINE"}, "geometry": {"type": "LineString", "coordinates": [[-54.99853756905851, -10.243798615049409], [-54.998542198257354, -10.243803926075326]]}}, {"type": "Feature", "properties": {"layer": "0 - Linhas Quadras", "dxf_type": "LINE"}, "geometry": {"type": "LineString", "coordinates": [[-54.998542198257354, -10.243803926075326], [-54.99865027366711, -10.243717879730005]]}}, {"type": "Feature", "properties": {"layer": "0 - Linhas Quadras", "dxf_type": "LINE"}, "geometry": {"type": "LineString", "coordinates": [[-54.99865027366711, -10.243717879730005], [-54.998644416193734, -10.243710662001291]]}}, {"type": "Feature", "properties": {"layer": "0 - Linhas Quadras", "dxf_type": "LINE"}, "geometry": {"type": "LineString", "coordinates": [[-54.998644416193734, -10.243710662001291], [-54.998785249921674, -10.243598534742638]]}}, {"type": "Feature", "properties": {"layer": "0 - Linhas Quadras", "dxf_type": "LINE"}, "geometry": {"type": "LineString", "coordinates": [[-54.998785249921674, -10.243598534742638], [-54.99888249615715, -10.243536350317308]]}}, {"type": "Feature", "properties": {"layer": "0 - Linhas Quadras", "dxf_type": "LINE"}, "geometry": {"type": "LineString", "coordinates": [[-54.998905540059376, -10.243901845530111], [-54.99870965415064, -10.243658721843431]]}}, {"type": "Feature", "properties": {"layer": "0 - Linhas Quadras", "dxf_type": "LINE"}, "geometry": {"type": "LineString", "coordinates": [[-54.998905540059376, -10.243901845530111], [-54.998676200640965, -10.244072106263443]]}}, {"type": "Feature", "properties": {"layer": "0 - Linhas Quadras", "dxf_type": "LINE"}, "geometry": {"type": "LineString", "coordinates": [[-54.998676200640965, -10.244072106263443], [-54.998684800394884, -10.244083561292676]]}}, {"type": "Feature", "properties": {"layer": "0 - Linhas Quadras", "dxf_type": "LINE"}, "geometry": {"type": "LineString", "coordinates": [[-54.998684800394884, -10.244083561292676], [-54.99855981805788, -10.244171897141664]]}}, {"type": "Feature", "properties": {"layer": "0 - Linhas Quadras", "dxf_type": "LINE"}, "geometry": {"type": "LineString", "coordinates": [[-54.998676200640965, -10.244072106263443], [-54.99848040488401, -10.243847504404771]]}}, {"type": "Feature", "properties": {"layer": "0 - Linhas Quadras", "dxf_type": "LINE"}, "geometry": {"type": "LineString", "coordinates": [[-54.998437527589516, -10.243919811063046], [-54.998599125124414, -10.244144115661893]]}}, {"type": "Feature", "properties": {"layer": "0 - Linhas Quadras", "dxf_type": "LINE"}, "geometry": {"type": "LineString", "coordinates": [[-54.998542198257354, -10.243803926075326], [-54.99872557653063, -10.24403574071002]]}}, {"type": "Feature", "properties": {"layer": "0 - Linhas Quadras", "dxf_type": "LINE"}, "geometry": {"type": "LineString", "coordinates": [[-54.99865027366711, -10.243717879730005], [-54.998830750796614, -10.243958278193483]]}}, {"type": "Feature", "properties": {"layer": "0 - Linhas Quadras", "dxf_type": "LINE"}, "geometry": {"type": "LineString", "coordinates": [[-54.99670369775503, -10.246131141273965], [-54.99625157005111, -10.245551268887414]]}}, {"type": "Feature", "properties": {"layer": "0 - Linhas Quadras", "dxf_type": "LINE"}, "geometry": {"type": "LineString", "coordinates": [[-54.99645552296828, -10.245407561154865], [-54.99669812171217, -10.245215828258742]]}}, {"type": "Feature", "properties": {"layer": "0 - Linhas Quadras", "dxf_type": "LINE"}, "geometry": {"type": "LineString", "coordinates": [[-54.99669812171217, -10.245215828258742], [-54.997043318262115, -10.244953118471217]]}}, {"type": "Feature", "properties": {"layer": "0 - Linhas Quadras", "dxf_type": "LINE"}, "geometry": {"type": "LineString", "coordinates": [[-54.997043318262115, -10.244953118471217], [-54.997410666878814, -10.244686504121418]]}}, {"type": "Feature", "properties": {"layer": "0 - Linhas Quadras", "dxf_type": "LINE"}, "geometry": {"type": "LineString", "coordinates": [[-54.997410666878814, -10.244686504121418], [-54.997723807959076, -10.244434668099107]]}}, {"type": "Feature", "properties": {"layer": "0 - Linhas Quadras", "dxf_type": "LINE"}, "geometry": {"type": "LineString", "coordinates": [[-54.997723807959076, -10.244434668099107], [-54.9978826252611, -10.244313387794703]]}}, {"type": "Feature", "properties": {"layer": "0 - Linhas Quadras", "dxf_type": "LINE"}, "geometry": {"type": "LineString", "coordinates": [[-54.9978826252611, -10.244313387794703], [-54.998155695081174, -10.244805270554208]]}}, {"type": "Feature", "properties": {"layer": "0 - Linhas Quadras", "dxf_type": "LINE"}, "geometry": {"type": "LineString", "coordinates": [[-54.998155695081174, -10.244805270554208], [-54.99800842379086, -10.24495827203638]]}}, {"type": "Feature", "properties": {"layer": "0 - Linhas Quadras", "dxf_type": "LINE"}, "geometry": {"type": "LineString", "coordinates": [[-54.99800842379086, -10.24495827203638], [-54.99778442966556, -10.24515957300262]]}}, {"type": "Feature", "properties": {"layer": "0 - Linhas Quadras", "dxf_type": "LINE"}, "geometry": {"type": "LineString", "coordinates": [[-54.99778442966556, -10.24515957300262], [-54.99721548260106, -10.245653165564422]]}}, {"type": "Feature", "properties": {"layer": "0 - Linhas Quadras", "dxf_type": "LINE"}, "geometry": {"type": "LineString", "coordinates": [[-54.99721548260106, -10.245653165564422], [-54.997224282512335, -10.245663115927082]]}}, {"type": "Feature", "properties": {"layer": "0 - Linhas Quadras", "dxf_type": "LINE"}, "geometry": {"type": "LineString", "coordinates": [[-54.997224282512335, -10.245663115927082], [-54.99712904245958, -10.245745741591607]]}}, {"type": "Feature", "properties": {"layer": "0 - Linhas Quadras", "dxf_type": "LINE"}, "geometry": {"type": "LineString", "coordinates": [[-54.99712904245958, -10.245745741591607], [-54.997013526170534, -10.245852297481472]]}}, {"type": "Feature", "properties": {"layer": "0 - Linhas Quadras", "dxf_type": "LINE"}, "geometry": {"type": "LineString", "coordinates": [[-54.997013526170534, -10.245852297481472], [-54.996925679415945, -10.24592833473001]]}}, {"type": "Feature", "properties": {"layer": "0 - Linhas Quadras", "dxf_type": "LINE"}, "geometry": {"type": "LineString", "coordinates": [[-54.996925679415945, -10.24592833473001], [-54.996937386752684, -10.245940344976688]]}}, {"type": "Feature", "properties": {"layer": "0 - Linhas Quadras", "dxf_type": "LINE"}, "geometry": {"type": "LineString", "coordinates": [[-54.996937386752684, -10.245940344976688], [-54.99670369775503, -10.246131141273965]]}}, {"type": "Feature", "properties": {"layer": "0 - Linhas Quadras", "dxf_type": "LINE"}, "geometry": {"type": "LineString", "coordinates": [[-54.99631804851423, -10.245636529836467], [-54.99651765232894, -10.245496830374925]]}}, {"type": "Feature", "properties": {"layer": "0 - Linhas Quadras", "dxf_type": "LINE"}, "geometry": {"type": "LineString", "coordinates": [[-54.99651765232894, -10.245496830374925], [-54.99645552296828, -10.245407561154865]]}}, {"type": "Feature", "properties": {"layer": "0 - Linhas Quadras", "dxf_type": "LINE"}, "geometry": {"type": "LineString", "coordinates": [[-54.99648907659282, -10.245381043472587], [-54.99671890551376, -10.24566507664829]]}}, {"type": "Feature", "properties": {"layer": "0 - Linhas Quadras", "dxf_type": "LINE"}, "geometry": {"type": "LineString", "coordinates": [[-54.99671890551376, -10.24566507664829], [-54.996676251327756, -10.24569841531377]]}}, {"type": "Feature", "properties": {"layer": "0 - Linhas Quadras", "dxf_type": "LINE"}, "geometry": {"type": "LineString", "coordinates": [[-54.996676251327756, -10.24569841531377], [-54.99651636536265, -10.245497730885756]]}}, {"type": "Feature", "properties": {"layer": "0 - Linhas Quadras", "dxf_type": "LINE"}, "geometry": {"type": "LineString", "coordinates": [[-54.996566056215855, -10.245320203903319], [-54.99679383822231, -10.245597112352762]]}}, {"type": "Feature", "properties": {"layer": "0 - Linhas Quadras", "dxf_type": "LINE"}, "geometry": {"type": "LineString", "coordinates": [[-54.99679383822231, -10.245597112352762], [-54.99671890551376, -10.24566507664829]]}}, {"type": "Feature", "properties": {"layer": "0 - Linhas Quadras", "dxf_type": "LINE"}, "geometry": {"type": "LineString", "coordinates": [[-54.996636740378676, -10.24526434047839], [-54.99685904299791, -10.245540682709555]]}}, {"type": "Feature", "properties": {"layer": "0 - Linhas Quadras", "dxf_type": "LINE"}, "geometry": {"type": "LineString", "coordinates": [[-54.99685904299791, -10.245540682709555], [-54.996791954365925, -10.245594822859072]]}}, {"type": "Feature", "properties": {"layer": "0 - Linhas Quadras", "dxf_type": "LINE"}, "geometry": {"type": "LineString", "coordinates": [[-54.99668707169699, -10.245224561662178], [-54.99689112107539, -10.245475634317033]]}}, {"type": "Feature", "properties": {"layer": "0 - Linhas Quadras", "dxf_type": "LINE"}, "geometry": {"type": "LineString", "coordinates": [[-54.99689112107539, -10.245475634317033], [-54.99683949231222, -10.24551637959582]]}}, {"type": "Feature", "properties": {"layer": "0 - Linhas Quadras", "dxf_type": "LINE"}, "geometry": {"type": "LineString", "coordinates": [[-54.99675321391997, -10.24517390121655], [-54.99695642909413, -10.245416854179062]]}}, {"type": "Feature", "properties": {"layer": "0 - Linhas Quadras", "dxf_type": "LINE"}, "geometry": {"type": "LineString", "coordinates": [[-54.99695642909413, -10.245416854179062], [-54.99689112107539, -10.245475634317033]]}}, {"type": "Feature", "properties": {"layer": "0 - Linhas Quadras", "dxf_type": "LINE"}, "geometry": {"type": "LineString", "coordinates": [[-54.996822918445886, -10.24512085284519], [-54.99701944864839, -10.245346676823123]]}}, {"type": "Feature", "properties": {"layer": "0 - Linhas Quadras", "dxf_type": "LINE"}, "geometry": {"type": "LineString", "coordinates": [[-54.99701944864839, -10.245346676823123], [-54.99695642909413, -10.245416854179062]]}}, {"type": "Feature", "properties": {"layer": "0 - Linhas Quadras", "dxf_type": "LINE"}, "geometry": {"type": "LineString", "coordinates": [[-54.99688779680383, -10.245071477186036], [-54.997074969525606, -10.24529156593705]]}}, {"type": "Feature", "properties": {"layer": "0 - Linhas Quadras", "dxf_type": "LINE"}, "geometry": {"type": "LineString", "coordinates": [[-54.997074969525606, -10.24529156593705], [-54.997015600552146, -10.245342254625559]]}}, {"type": "Feature", "properties": {"layer": "0 - Linhas Quadras", "dxf_type": "LINE"}, "geometry": {"type": "LineString", "coordinates": [[-54.99695405613677, -10.245021050621025], [-54.997159212707984, -10.245261070449482]]}}, {"type": "Feature", "properties": {"layer": "0 - Linhas Quadras", "dxf_type": "LINE"}, "geometry": {"type": "LineString", "coordinates": [[-54.997159212707984, -10.245261070449482], [-54.99709473746143, -10.245315136390726]]}}, {"type": "Feature", "properties": {"layer": "0 - Linhas Quadras", "dxf_type": "LINE"}, "geometry": {"type": "LineString", "coordinates": [[-54.99709473746143, -10.245315136390726], [-54.997074969525606, -10.24529156593705]]}}, {"type": "Feature", "properties": {"layer": "0 - Linhas Quadras", "dxf_type": "LINE"}, "geometry": {"type": "LineString", "coordinates": [[-54.997159212707984, -10.245261070449482], [-54.99719911485035, -10.245229686201466]]}}, {"type": "Feature", "properties": {"layer": "0 - Linhas Quadras", "dxf_type": "LINE"}, "geometry": {"type": "LineString", "coordinates": [[-54.997043318262115, -10.244953118471217], [-54.99724318428298, -10.245197962434538]]}}, {"type": "Feature", "properties": {"layer": "0 - Linhas Quadras", "dxf_type": "LINE"}, "geometry": {"type": "LineString", "coordinates": [[-54.99724318428298, -10.245197962434538], [-54.99719911485035, -10.245229686201466]]}}, {"type": "Feature", "properties": {"layer": "0 - Linhas Quadras", "dxf_type": "LINE"}, "geometry": {"type": "LineString", "coordinates": [[-54.99711872062551, -10.244898393091585], [-54.99731625555547, -10.245133695304958]]}}, {"type": "Feature", "properties": {"layer": "0 - Linhas Quadras", "dxf_type": "LINE"}, "geometry": {"type": "LineString", "coordinates": [[-54.99731625555547, -10.245133695304958], [-54.997240345991884, -10.245194484732258]]}}, {"type": "Feature", "properties": {"layer": "0 - Linhas Quadras", "dxf_type": "LINE"}, "geometry": {"type": "LineString", "coordinates": [[-54.99718882208536, -10.244847514671239], [-54.99738572148055, -10.245078228233679]]}}, {"type": "Feature", "properties": {"layer": "0 - Linhas Quadras", "dxf_type": "LINE"}, "geometry": {"type": "LineString", "coordinates": [[-54.99738572148055, -10.245078228233679], [-54.99731625555547, -10.245133695304958]]}}, {"type": "Feature", "properties": {"layer": "0 - Linhas Quadras", "dxf_type": "LINE"}, "geometry": {"type": "LineString", "coordinates": [[-54.997247398558535, -10.244805000644988], [-54.99743153807484, -10.245039454652815]]}}, {"type": "Feature", "properties": {"layer": "0 - Linhas Quadras", "dxf_type": "LINE"}, "geometry": {"type": "LineString", "coordinates": [[-54.99743153807484, -10.245039454652815], [-54.997383934954065, -10.245076134590075]]}}, {"type": "Feature", "properties": {"layer": "0 - Linhas Quadras", "dxf_type": "LINE"}, "geometry": {"type": "LineString", "coordinates": [[-54.997321741042455, -10.244751045145733], [-54.99750645928846, -10.244976908179975]]}}, {"type": "Feature", "properties": {"layer": "0 - Linhas Quadras", "dxf_type": "LINE"}, "geometry": {"type": "LineString", "coordinates": [[-54.99750645928846, -10.244976908179975], [-54.99743153807484, -10.245039454652815]]}}, {"type": "Feature", "properties": {"layer": "0 - Linhas Quadras", "dxf_type": "LINE"}, "geometry": {"type": "LineString", "coordinates": [[-54.997410666878814, -10.244686504121418], [-54.99758751090406, -10.244902230829009]]}}, {"type": "Feature", "properties": {"layer": "0 - Linhas Quadras", "dxf_type": "LINE"}, "geometry": {"type": "LineString", "coordinates": [[-54.99758751090406, -10.244902230829009], [-54.99750645928846, -10.244976908179975]]}}, {"type": "Feature", "properties": {"layer": "0 - Linhas Quadras", "dxf_type": "LINE"}, "geometry": {"type": "LineString", "coordinates": [[-54.997481238640226, -10.244629748497134], [-54.99766520116504, -10.244844733503077]]}}, {"type": "Feature", "properties": {"layer": "0 - Linhas Quadras", "dxf_type": "LINE"}, "geometry": {"type": "LineString", "coordinates": [[-54.99766520116504, -10.244844733503077], [-54.99758751090406, -10.244902230829009]]}}, {"type": "Feature", "properties": {"layer": "0 - Linhas Quadras", "dxf_type": "LINE"}, "geometry": {"type": "LineString", "coordinates": [[-54.99755310276854, -10.244571954069524], [-54.997730503558074, -10.244783318186473]]}}, {"type": "Feature", "properties": {"layer": "0 - Linhas Quadras", "dxf_type": "LINE"}, "geometry": {"type": "LineString", "coordinates": [[-54.997730503558074, -10.244783318186473], [-54.99766520116504, -10.244844733503077]]}}, {"type": "Feature", "properties": {"layer": "0 - Linhas Quadras", "dxf_type": "LINE"}, "geometry": {"type": "LineString", "coordinates": [[-54.99759016762293, -10.24454214498683], [-54.99776146196291, -10.244748449280587]]}}, {"type": "Feature", "properties": {"layer": "0 - Linhas Quadras", "dxf_type": "LINE"}, "geometry": {"type": "LineString", "coordinates": [[-54.99776146196291, -10.244748449280587], [-54.997730503558074, -10.244783318186473]]}}, {"type": "Feature", "properties": {"layer": "0 - Linhas Quadras", "dxf_type": "LINE"}, "geometry": {"type": "LineString", "coordinates": [[-54.99762755533732, -10.244512076653216], [-54.99779107007839, -10.244713228563867]]}}, {"type": "Feature", "properties": {"layer": "0 - Linhas Quadras", "dxf_type": "LINE"}, "geometry": {"type": "LineString", "coordinates": [[-54.99779107007839, -10.244713228563867], [-54.99776146196291, -10.244748449280587]]}}, {"type": "Feature", "properties": {"layer": "0 - Linhas Quadras", "dxf_type": "LINE"}, "geometry": {"type": "LineString", "coordinates": [[-54.997723807959076, -10.244434668099107], [-54.99790755685166, -10.24464866457929]]}}, {"type": "Feature", "properties": {"layer": "0 - Linhas Quadras", "dxf_type": "LINE"}, "geometry": {"type": "LineString", "coordinates": [[-54.99790755685166, -10.24464866457929], [-54.99781604081034, -10.244725756150524]]}}, {"type": "Feature", "properties": {"layer": "0 - Linhas Quadras", "dxf_type": "LINE"}, "geometry": {"type": "LineString", "coordinates": [[-54.99781604081034, -10.244725756150524], [-54.99779107007839, -10.244713228563867]]}}, {"type": "Feature", "properties": {"layer": "0 - Linhas Quadras", "dxf_type": "LINE"}, "geometry": {"type": "LineString", "coordinates": [[-54.997723807959076, -10.244434668099107], [-54.997993056849594, -10.244748238489308]]}}, {"type": "Feature", "properties": {"layer": "0 - Linhas Quadras", "dxf_type": "LINE"}, "geometry": {"type": "LineString", "coordinates": [[-54.997993056849594, -10.244748238489308], [-54.99808146917246, -10.244671567057058]]}}, {"type": "Feature", "properties": {"layer": "0 - Linhas Quadras", "dxf_type": "LINE"}, "geometry": {"type": "LineString", "coordinates": [[-54.99781604081034, -10.244725756150524], [-54.99800842379086, -10.24495827203638]]}}, {"type": "Feature", "properties": {"layer": "0 - Linhas Quadras", "dxf_type": "LINE"}, "geometry": {"type": "LineString", "coordinates": [[-54.997993056849594, -10.244748238489308], [-54.997898289291406, -10.24482516271979]]}}, {"type": "Feature", "properties": {"layer": "0 - Linhas Quadras", "dxf_type": "LINE"}, "geometry": {"type": "LineString", "coordinates": [[-54.99793410848134, -10.245025059064076], [-54.997730503558074, -10.244783318186473]]}}, {"type": "Feature", "properties": {"layer": "0 - Linhas Quadras", "dxf_type": "LINE"}, "geometry": {"type": "LineString", "coordinates": [[-54.997855323507174, -10.245095861791368], [-54.99766520116504, -10.244844733503077]]}}, {"type": "Feature", "properties": {"layer": "0 - Linhas Quadras", "dxf_type": "LINE"}, "geometry": {"type": "LineString", "coordinates": [[-54.99778442966556, -10.24515957300262], [-54.9975782408095, -10.244910771849597]]}}, {"type": "Feature", "properties": {"layer": "0 - Linhas Quadras", "dxf_type": "LINE"}, "geometry": {"type": "LineString", "coordinates": [[-54.99771893518409, -10.245216393395692], [-54.99750645928846, -10.244976908179975]]}}, {"type": "Feature", "properties": {"layer": "0 - Linhas Quadras", "dxf_type": "LINE"}, "geometry": {"type": "LineString", "coordinates": [[-54.99766821514218, -10.245260395842593], [-54.997454056182676, -10.245020656169451]]}}, {"type": "Feature", "properties": {"layer": "0 - Linhas Quadras", "dxf_type": "LINE"}, "geometry": {"type": "LineString", "coordinates": [[-54.99738572148055, -10.245078228233679], [-54.99759523015702, -10.245323714470866]]}}, {"type": "Feature", "properties": {"layer": "0 - Linhas Quadras", "dxf_type": "LINE"}, "geometry": {"type": "LineString", "coordinates": [[-54.99731625555547, -10.245133695304958], [-54.9975278297307, -10.245382188099281]]}}, {"type": "Feature", "properties": {"layer": "0 - Linhas Quadras", "dxf_type": "LINE"}, "geometry": {"type": "LineString", "coordinates": [[-54.99743254029149, -10.245464856064146], [-54.99721071090767, -10.245221339405308]]}}, {"type": "Feature", "properties": {"layer": "0 - Linhas Quadras", "dxf_type": "LINE"}, "geometry": {"type": "LineString", "coordinates": [[-54.99736138401356, -10.245526588654881], [-54.99713858488642, -10.245278368288476]]}}, {"type": "Feature", "properties": {"layer": "0 - Linhas Quadras", "dxf_type": "LINE"}, "geometry": {"type": "LineString", "coordinates": [[-54.99729839539082, -10.245581234165712], [-54.997058521834134, -10.245305608283518]]}}, {"type": "Feature", "properties": {"layer": "0 - Linhas Quadras", "dxf_type": "LINE"}, "geometry": {"type": "LineString", "coordinates": [[-54.99721548260106, -10.245653165564422], [-54.99698166136753, -10.245388755729422]]}}, {"type": "Feature", "properties": {"layer": "0 - Linhas Quadras", "dxf_type": "LINE"}, "geometry": {"type": "LineString", "coordinates": [[-54.997144543711585, -10.24573229361923], [-54.99690883281874, -10.245459692493668]]}}, {"type": "Feature", "properties": {"layer": "0 - Linhas Quadras", "dxf_type": "LINE"}, "geometry": {"type": "LineString", "coordinates": [[-54.99707702966561, -10.245793719537685], [-54.99685904299791, -10.245540682709555]]}}, {"type": "Feature", "properties": {"layer": "0 - Linhas Quadras", "dxf_type": "LINE"}, "geometry": {"type": "LineString", "coordinates": [[-54.99700670195698, -10.245858204149961], [-54.99679383822231, -10.245597112352762]]}}, {"type": "Feature", "properties": {"layer": "0 - Linhas Quadras", "dxf_type": "LINE"}, "geometry": {"type": "LineString", "coordinates": [[-54.99670319346947, -10.245677357238446], [-54.996925679415945, -10.24592833473001]]}}, {"type": "Feature", "properties": {"layer": "0 - Linhas Quadras", "dxf_type": "LINE"}, "geometry": {"type": "LineString", "coordinates": [[-54.99687411968545, -10.245870172294694], [-54.99663990699686, -10.246049327318445]]}}, {"type": "Feature", "properties": {"layer": "0 - Linhas Quadras", "dxf_type": "LINE"}, "geometry": {"type": "LineString", "coordinates": [[-54.99680635633001, -10.245793730312148], [-54.99657725515858, -10.245968974786582]]}}, {"type": "Feature", "properties": {"layer": "0 - Linhas Quadras", "dxf_type": "LINE"}, "geometry": {"type": "LineString", "coordinates": [[-54.996740938227234, -10.245719934996087], [-54.996516773415664, -10.245891403433433]]}}, {"type": "Feature", "properties": {"layer": "0 - Linhas Quadras", "dxf_type": "LINE"}, "geometry": {"type": "LineString", "coordinates": [[-54.996676251327756, -10.24569841531377], [-54.99647240548169, -10.245834500144083]]}}, {"type": "Feature", "properties": {"layer": "0 - Linhas Quadras", "dxf_type": "LINE"}, "geometry": {"type": "LineString", "coordinates": [[-54.99662254309285, -10.245631001523574], [-54.996423684795204, -10.245772012708466]]}}, {"type": "Feature", "properties": {"layer": "0 - Linhas Quadras", "dxf_type": "LINE"}, "geometry": {"type": "LineString", "coordinates": [[-54.99658119097227, -10.245579098354158], [-54.996388306709086, -10.245726640116214]]}}, {"type": "Feature", "properties": {"layer": "0 - Linhas Quadras", "dxf_type": "LINE"}, "geometry": {"type": "LineString", "coordinates": [[-54.99654459804246, -10.24553316780276], [-54.996352202576546, -10.245680334718482]]}}, {"type": "Feature", "properties": {"layer": "0 - Linhas Quadras", "dxf_type": "LINE"}, "geometry": {"type": "LineString", "coordinates": [[-54.996962555149494, -10.245896415743669], [-54.996748872175424, -10.245637896859208]]}}, {"type": "Feature", "properties": {"layer": "0 - Linhas Quadras", "dxf_type": "LINE"}, "geometry": {"type": "LineString", "coordinates": [[-54.99472315207928, -10.246618321241465], [-54.9947224971703, -10.24664148651967]]}}, {"type": "Feature", "properties": {"layer": "0 - Linhas Quadras", "dxf_type": "LINE"}, "geometry": {"type": "LineString", "coordinates": [[-54.9947224971703, -10.24664148651967], [-54.99479415951758, -10.246722891051535]]}}, {"type": "Feature", "properties": {"layer": "0 - Linhas Quadras", "dxf_type": "LINE"}, "geometry": {"type": "LineString", "coordinates": [[-54.99472315207928, -10.246618321241465], [-54.99479102829257, -10.246554250578576]]}}, {"type": "Feature", "properties": {"layer": "0 - Linhas Quadras", "dxf_type": "LINE"}, "geometry": {"type": "LineString", "coordinates": [[-54.99479102829257, -10.246554250578576], [-54.99492572947281, -10.246716373663784]]}}, {"type": "Feature", "properties": {"layer": "0 - Linhas Quadras", "dxf_type": "LINE"}, "geometry": {"type": "LineString", "coordinates": [[-54.994848905952495, -10.246778992600648], [-54.99479415951758, -10.246722891051535]]}}, {"type": "Feature", "properties": {"layer": "0 - Linhas Quadras", "dxf_type": "LINE"}, "geometry": {"type": "LineString", "coordinates": [[-54.99479102829257, -10.246554250578576], [-54.99484064505096, -10.246513808764412]]}}, {"type": "Feature", "properties": {"layer": "0 - Linhas Quadras", "dxf_type": "LINE"}, "geometry": {"type": "LineString", "coordinates": [[-54.99484064505096, -10.246513808764412], [-54.99498125359029, -10.24668769213381]]}}, {"type": "Feature", "properties": {"layer": "0 - Linhas Quadras", "dxf_type": "LINE"}, "geometry": {"type": "LineString", "coordinates": [[-54.995036169480734, -10.246755602631502], [-54.99498696858613, -10.246794635112131]]}}, {"type": "Feature", "properties": {"layer": "0 - Linhas Quadras", "dxf_type": "LINE"}, "geometry": {"type": "LineString", "coordinates": [[-54.99493281557393, -10.24672543037722], [-54.99492572947281, -10.246716373663784]]}}, {"type": "Feature", "properties": {"layer": "0 - Linhas Quadras", "dxf_type": "LINE"}, "geometry": {"type": "LineString", "coordinates": [[-54.99488256609703, -10.246812646244658], [-54.994848905952495, -10.246778992600648]]}}, {"type": "Feature", "properties": {"layer": "0 - Linhas Quadras", "dxf_type": "LINE"}, "geometry": {"type": "LineString", "coordinates": [[-54.99484064505096, -10.246513808764412], [-54.99490741878027, -10.246460769055549]]}}, {"type": "Feature", "properties": {"layer": "0 - Linhas Quadras", "dxf_type": "LINE"}, "geometry": {"type": "LineString", "coordinates": [[-54.99490741878027, -10.246460769055549], [-54.99510403331707, -10.246697417255856]]}}, {"type": "Feature", "properties": {"layer": "0 - Linhas Quadras", "dxf_type": "LINE"}, "geometry": {"type": "LineString", "coordinates": [[-54.99510403331707, -10.246697417255856], [-54.995036169480734, -10.246755602631502]]}}, {"type": "Feature", "properties": {"layer": "0 - Linhas Quadras", "dxf_type": "LINE"}, "geometry": {"type": "LineString", "coordinates": [[-54.99490741878027, -10.246460769055549], [-54.99496952211497, -10.246411440949277]]}}, {"type": "Feature", "properties": {"layer": "0 - Linhas Quadras", "dxf_type": "LINE"}, "geometry": {"type": "LineString", "coordinates": [[-54.99496952211497, -10.246411440949277], [-54.995321089140106, -10.246807879218931]]}}, {"type": "Feature", "properties": {"layer": "0 - Linhas Quadras", "dxf_type": "LINE"}, "geometry": {"type": "LineString", "coordinates": [[-54.995321089140106, -10.246807879218931], [-54.99525339705305, -10.246883311627048]]}}, {"type": "Feature", "properties": {"layer": "0 - Linhas Quadras", "dxf_type": "LINE"}, "geometry": {"type": "LineString", "coordinates": [[-54.99525339705305, -10.246883311627048], [-54.99510344998334, -10.246697880081566]]}}, {"type": "Feature", "properties": {"layer": "0 - Linhas Quadras", "dxf_type": "LINE"}, "geometry": {"type": "LineString", "coordinates": [[-54.99496952211497, -10.246411440949277], [-54.995017011135026, -10.246376286572657]]}}, {"type": "Feature", "properties": {"layer": "0 - Linhas Quadras", "dxf_type": "LINE"}, "geometry": {"type": "LineString", "coordinates": [[-54.995017011135026, -10.246376286572657], [-54.995357255490994, -10.246750347981775]]}}, {"type": "Feature", "properties": {"layer": "0 - Linhas Quadras", "dxf_type": "LINE"}, "geometry": {"type": "LineString", "coordinates": [[-54.995357255490994, -10.246750347981775], [-54.995321089140106, -10.246807879218931]]}}, {"type": "Feature", "properties": {"layer": "0 - Linhas Quadras", "dxf_type": "LINE"}, "geometry": {"type": "LineString", "coordinates": [[-54.995017011135026, -10.246376286572657], [-54.995061233291416, -10.246343550818699]]}}, {"type": "Feature", "properties": {"layer": "0 - Linhas Quadras", "dxf_type": "LINE"}, "geometry": {"type": "LineString", "coordinates": [[-54.995061233291416, -10.246343550818699], [-54.99540408264561, -10.24669461710915]]}}, {"type": "Feature", "properties": {"layer": "0 - Linhas Quadras", "dxf_type": "LINE"}, "geometry": {"type": "LineString", "coordinates": [[-54.99540408264561, -10.24669461710915], [-54.995357255490994, -10.246750347981775]]}}, {"type": "Feature", "properties": {"layer": "0 - Linhas Quadras", "dxf_type": "LINE"}, "geometry": {"type": "LineString", "coordinates": [[-54.995061233291416, -10.246343550818699], [-54.99510087377542, -10.246314207238887]]}}, {"type": "Feature", "properties": {"layer": "0 - Linhas Quadras", "dxf_type": "LINE"}, "geometry": {"type": "LineString", "coordinates": [[-54.99510087377542, -10.246314207238887], [-54.99544312998452, -10.246665994777818]]}}, {"type": "Feature", "properties": {"layer": "0 - Linhas Quadras", "dxf_type": "LINE"}, "geometry": {"type": "LineString", "coordinates": [[-54.99544312998452, -10.246665994777818], [-54.99540408264561, -10.24669461710915]]}}, {"type": "Feature", "properties": {"layer": "0 - Linhas Quadras", "dxf_type": "LINE"}, "geometry": {"type": "LineString", "coordinates": [[-54.99510087377542, -10.246314207238887], [-54.99513579922029, -10.246280872683256]]}}, {"type": "Feature", "properties": {"layer": "0 - Linhas Quadras", "dxf_type": "LINE"}, "geometry": {"type": "LineString", "coordinates": [[-54.99513579922029, -10.246280872683256], [-54.995364044768884, -10.246475621990848]]}}, {"type": "Feature", "properties": {"layer": "0 - Linhas Quadras", "dxf_type": "LINE"}, "geometry": {"type": "LineString", "coordinates": [[-54.995514504790606, -10.246604000128793], [-54.99544312998452, -10.246665994777818]]}}, {"type": "Feature", "properties": {"layer": "0 - Linhas Quadras", "dxf_type": "LINE"}, "geometry": {"type": "LineString", "coordinates": [[-54.99513579922029, -10.246280872683256], [-54.99520876944467, -10.246226536921974]]}}, {"type": "Feature", "properties": {"layer": "0 - Linhas Quadras", "dxf_type": "LINE"}, "geometry": {"type": "LineString", "coordinates": [[-54.99557486552075, -10.246560540258015], [-54.995514504790606, -10.246604000128793]]}}, {"type": "Feature", "properties": {"layer": "0 - Linhas Quadras", "dxf_type": "LINE"}, "geometry": {"type": "LineString", "coordinates": [[-54.99520876944467, -10.246226536921974], [-54.99525827233285, -10.246189675660407]]}}, {"type": "Feature", "properties": {"layer": "0 - Linhas Quadras", "dxf_type": "LINE"}, "geometry": {"type": "LineString", "coordinates": [[-54.99525827233285, -10.246189675660407], [-54.99531872461742, -10.246146013914432]]}}, {"type": "Feature", "properties": {"layer": "0 - Linhas Quadras", "dxf_type": "LINE"}, "geometry": {"type": "LineString", "coordinates": [[-54.99531872461742, -10.246146013914432], [-54.99559851293881, -10.24654054940394]]}}, {"type": "Feature", "properties": {"layer": "0 - Linhas Quadras", "dxf_type": "LINE"}, "geometry": {"type": "LineString", "coordinates": [[-54.99559851293881, -10.24654054940394], [-54.99557477311929, -10.246560431217587]]}}, {"type": "Feature", "properties": {"layer": "0 - Linhas Quadras", "dxf_type": "LINE"}, "geometry": {"type": "LineString", "coordinates": [[-54.99532823192194, -10.246159420760183], [-54.995370110941785, -10.24613458795496]]}}, {"type": "Feature", "properties": {"layer": "0 - Linhas Quadras", "dxf_type": "LINE"}, "geometry": {"type": "LineString", "coordinates": [[-54.995370110941785, -10.24613458795496], [-54.99562518293398, -10.24652491510737]]}}, {"type": "Feature", "properties": {"layer": "0 - Linhas Quadras", "dxf_type": "LINE"}, "geometry": {"type": "LineString", "coordinates": [[-54.99562518293398, -10.24652491510737], [-54.99559851293881, -10.24654054940394]]}}, {"type": "Feature", "properties": {"layer": "0 - Linhas Quadras", "dxf_type": "LINE"}, "geometry": {"type": "LineString", "coordinates": [[-54.995370110941785, -10.24613458795496], [-54.99546827168835, -10.246076381394484]]}}, {"type": "Feature", "properties": {"layer": "0 - Linhas Quadras", "dxf_type": "LINE"}, "geometry": {"type": "LineString", "coordinates": [[-54.99546827168835, -10.246076381394484], [-54.99571121156298, -10.246478309641478]]}}, {"type": "Feature", "properties": {"layer": "0 - Linhas Quadras", "dxf_type": "LINE"}, "geometry": {"type": "LineString", "coordinates": [[-54.99571121156298, -10.246478309641478], [-54.99562518293398, -10.24652491510737]]}}, {"type": "Feature", "properties": {"layer": "0 - Linhas Quadras", "dxf_type": "LINE"}, "geometry": {"type": "LineString", "coordinates": [[-54.99498696858613, -10.246794635112131], [-54.99491188637786, -10.246854197797123]]}}, {"type": "Feature", "properties": {"layer": "0 - Linhas Quadras", "dxf_type": "LINE"}, "geometry": {"type": "LineString", "coordinates": [[-54.99491188637786, -10.246854197797123], [-54.99488256609703, -10.246812646244658]]}}, {"type": "Feature", "properties": {"layer": "0 - Linhas Quadras", "dxf_type": "LINE"}, "geometry": {"type": "LineString", "coordinates": [[-54.99546827168835, -10.246076381394484], [-54.99556374660831, -10.2460197672178]]}}, {"type": "Feature", "properties": {"layer": "0 - Linhas Quadras", "dxf_type": "LINE"}, "geometry": {"type": "LineString", "coordinates": [[-54.99556374660831, -10.2460197672178], [-54.99580995083066, -10.246427097487851]]}}, {"type": "Feature", "properties": {"layer": "0 - Linhas Quadras", "dxf_type": "LINE"}, "geometry": {"type": "LineString", "coordinates": [[-54.99580995083066, -10.246427097487851], [-54.99571121156298, -10.246478309641478]]}}, {"type": "Feature", "properties": {"layer": "0 - Linhas Quadras", "dxf_type": "LINE"}, "geometry": {"type": "LineString", "coordinates": [[-54.99556374660831, -10.2460197672178], [-54.99566314118226, -10.24596082878457]]}}, {"type": "Feature", "properties": {"layer": "0 - Linhas Quadras", "dxf_type": "LINE"}, "geometry": {"type": "LineString", "coordinates": [[-54.99566314118226, -10.24596082878457], [-54.995856405649505, -10.246235131403118]]}}, {"type": "Feature", "properties": {"layer": "0 - Linhas Quadras", "dxf_type": "LINE"}, "geometry": {"type": "LineString", "coordinates": [[-54.99566314118226, -10.24596082878457], [-54.99571466565717, -10.245923640025422]]}}, {"type": "Feature", "properties": {"layer": "0 - Linhas Quadras", "dxf_type": "LINE"}, "geometry": {"type": "LineString", "coordinates": [[-54.99571466565717, -10.245923640025422], [-54.99599746701043, -10.24632397258254]]}}, {"type": "Feature", "properties": {"layer": "0 - Linhas Quadras", "dxf_type": "LINE"}, "geometry": {"type": "LineString", "coordinates": [[-54.99599746701043, -10.24632397258254], [-54.995948671407156, -10.246357789399221]]}}, {"type": "Feature", "properties": {"layer": "0 - Linhas Quadras", "dxf_type": "LINE"}, "geometry": {"type": "LineString", "coordinates": [[-54.995940345943126, -10.246361948541693], [-54.995856405649505, -10.246235131403118]]}}, {"type": "Feature", "properties": {"layer": "0 - Linhas Quadras", "dxf_type": "LINE"}, "geometry": {"type": "LineString", "coordinates": [[-54.99580995083066, -10.246427097487851], [-54.995948671407156, -10.246357789399221]]}}, {"type": "Feature", "properties": {"layer": "0 - Linhas Quadras", "dxf_type": "LINE"}, "geometry": {"type": "LineString", "coordinates": [[-54.99571466565717, -10.245923640025422], [-54.99575219558487, -10.245896552176639]]}}, {"type": "Feature", "properties": {"layer": "0 - Linhas Quadras", "dxf_type": "LINE"}, "geometry": {"type": "LineString", "coordinates": [[-54.99575219558487, -10.245896552176639], [-54.995948947435444, -10.246144243084267]]}}, {"type": "Feature", "properties": {"layer": "0 - Linhas Quadras", "dxf_type": "LINE"}, "geometry": {"type": "LineString", "coordinates": [[-54.995948947435444, -10.246144243084267], [-54.99589628469583, -10.246180739688032]]}}, {"type": "Feature", "properties": {"layer": "0 - Linhas Quadras", "dxf_type": "LINE"}, "geometry": {"type": "LineString", "coordinates": [[-54.99575219558487, -10.245896552176639], [-54.99580134602952, -10.245858249593496]]}}, {"type": "Feature", "properties": {"layer": "0 - Linhas Quadras", "dxf_type": "LINE"}, "geometry": {"type": "LineString", "coordinates": [[-54.99580134602952, -10.245858249593496], [-54.99599409399162, -10.246100900830516]]}}, {"type": "Feature", "properties": {"layer": "0 - Linhas Quadras", "dxf_type": "LINE"}, "geometry": {"type": "LineString", "coordinates": [[-54.99599409399162, -10.246100900830516], [-54.99594494352711, -10.24613920253568]]}}, {"type": "Feature", "properties": {"layer": "0 - Linhas Quadras", "dxf_type": "LINE"}, "geometry": {"type": "LineString", "coordinates": [[-54.99580134602952, -10.245858249593496], [-54.99584119700697, -10.245827195167946]]}}, {"type": "Feature", "properties": {"layer": "0 - Linhas Quadras", "dxf_type": "LINE"}, "geometry": {"type": "LineString", "coordinates": [[-54.99584119700697, -10.245827195167946], [-54.996031093723595, -10.246066256505861]]}}, {"type": "Feature", "properties": {"layer": "0 - Linhas Quadras", "dxf_type": "LINE"}, "geometry": {"type": "LineString", "coordinates": [[-54.996031093723595, -10.246066256505861], [-54.99599409399162, -10.246100900830516]]}}, {"type": "Feature", "properties": {"layer": "0 - Linhas Quadras", "dxf_type": "LINE"}, "geometry": {"type": "LineString", "coordinates": [[-54.99584731966186, -10.245834903598718], [-54.99594912115571, -10.245752364926393]]}}, {"type": "Feature", "properties": {"layer": "0 - Linhas Quadras", "dxf_type": "LINE"}, "geometry": {"type": "LineString", "coordinates": [[-54.99594912115571, -10.245752364926393], [-54.996140165431946, -10.2459835284816]]}}, {"type": "Feature", "properties": {"layer": "0 - Linhas Quadras", "dxf_type": "LINE"}, "geometry": {"type": "LineString", "coordinates": [[-54.996140165431946, -10.2459835284816], [-54.99645359873743, -10.246376410528264]]}}, {"type": "Feature", "properties": {"layer": "0 - Linhas Quadras", "dxf_type": "LINE"}, "geometry": {"type": "LineString", "coordinates": [[-54.996031093723595, -10.246066256505861], [-54.996334974168754, -10.246459204504406]]}}, {"type": "Feature", "properties": {"layer": "0 - Linhas Quadras", "dxf_type": "LINE"}, "geometry": {"type": "LineString", "coordinates": [[-54.996334974168754, -10.246459204504406], [-54.99645359873743, -10.246376410528264]]}}, {"type": "Feature", "properties": {"layer": "0 - Linhas Quadras", "dxf_type": "LINE"}, "geometry": {"type": "LineString", "coordinates": [[-54.99594912115571, -10.245752364926393], [-54.996052055228624, -10.245685064285077]]}}, {"type": "Feature", "properties": {"layer": "0 - Linhas Quadras", "dxf_type": "LINE"}, "geometry": {"type": "LineString", "coordinates": [[-54.996052055228624, -10.245685064285077], [-54.996227233878535, -10.245934654977757]]}}, {"type": "Feature", "properties": {"layer": "0 - Linhas Quadras", "dxf_type": "LINE"}, "geometry": {"type": "LineString", "coordinates": [[-54.996257446568706, -10.245977701592926], [-54.99618238448725, -10.246036449439568]]}}, {"type": "Feature", "properties": {"layer": "0 - Linhas Quadras", "dxf_type": "LINE"}, "geometry": {"type": "LineString", "coordinates": [[-54.996052055228624, -10.245685064285077], [-54.99612006449296, -10.245638236394813]]}}, {"type": "Feature", "properties": {"layer": "0 - Linhas Quadras", "dxf_type": "LINE"}, "geometry": {"type": "LineString", "coordinates": [[-54.99612006449296, -10.245638236394813], [-54.99629327133854, -10.24588501726275]]}}, {"type": "Feature", "properties": {"layer": "0 - Linhas Quadras", "dxf_type": "LINE"}, "geometry": {"type": "LineString", "coordinates": [[-54.99632324252906, -10.245927719797509], [-54.996257446568706, -10.245977701592926]]}}, {"type": "Feature", "properties": {"layer": "0 - Linhas Quadras", "dxf_type": "LINE"}, "geometry": {"type": "LineString", "coordinates": [[-54.99612006449296, -10.245638236394813], [-54.99617845699872, -10.245598029196083]]}}, {"type": "Feature", "properties": {"layer": "0 - Linhas Quadras", "dxf_type": "LINE"}, "geometry": {"type": "LineString", "coordinates": [[-54.99617845699872, -10.245598029196083], [-54.996373586143044, -10.245894868795501]]}}, {"type": "Feature", "properties": {"layer": "0 - Linhas Quadras", "dxf_type": "LINE"}, "geometry": {"type": "LineString", "coordinates": [[-54.996373586143044, -10.245894868795501], [-54.99632324252906, -10.245927719797509]]}}, {"type": "Feature", "properties": {"layer": "0 - Linhas Quadras", "dxf_type": "LINE"}, "geometry": {"type": "LineString", "coordinates": [[-54.996373586143044, -10.245894868795501], [-54.996381871054496, -10.245889462879479]]}}, {"type": "Feature", "properties": {"layer": "0 - Linhas Quadras", "dxf_type": "LINE"}, "geometry": {"type": "LineString", "coordinates": [[-54.996381871054496, -10.245889462879479], [-54.996415378794694, -10.245939839813497]]}}, {"type": "Feature", "properties": {"layer": "0 - Linhas Quadras", "dxf_type": "LINE"}, "geometry": {"type": "LineString", "coordinates": [[-54.996415378794694, -10.245939839813497], [-54.99622449671207, -10.246089235955424]]}}, {"type": "Feature", "properties": {"layer": "0 - Linhas Quadras", "dxf_type": "LINE"}, "geometry": {"type": "LineString", "coordinates": [[-54.996415378794694, -10.245939839813497], [-54.99645679564464, -10.245991754252689]]}}, {"type": "Feature", "properties": {"layer": "0 - Linhas Quadras", "dxf_type": "LINE"}, "geometry": {"type": "LineString", "coordinates": [[-54.99645679564464, -10.245991754252689], [-54.996471880108075, -10.246010662370258]]}}, {"type": "Feature", "properties": {"layer": "0 - Linhas Quadras", "dxf_type": "LINE"}, "geometry": {"type": "LineString", "coordinates": [[-54.99634269099151, -10.245847870553675], [-54.99614843068184, -10.245993888665483]]}}, {"type": "Feature", "properties": {"layer": "0 - Linhas Quadras", "dxf_type": "LINE"}, "geometry": {"type": "LineString", "coordinates": [[-54.996415378794694, -10.245939839813497], [-54.996471880108075, -10.246010662370258]]}}, {"type": "Feature", "properties": {"layer": "0 - Linhas Quadras", "dxf_type": "LINE"}, "geometry": {"type": "LineString", "coordinates": [[-54.996471880108075, -10.246010662370258], [-54.9962809970841, -10.246160058536155]]}}, {"type": "Feature", "properties": {"layer": "0 - Linhas Quadras", "dxf_type": "LINE"}, "geometry": {"type": "LineString", "coordinates": [[-54.996471880108075, -10.246010662370258], [-54.99652570391157, -10.24609062425126]]}}, {"type": "Feature", "properties": {"layer": "0 - Linhas Quadras", "dxf_type": "LINE"}, "geometry": {"type": "LineString", "coordinates": [[-54.99652570391157, -10.24609062425126], [-54.99633178659391, -10.246223722097724]]}}, {"type": "Feature", "properties": {"layer": "0 - Linhas Quadras", "dxf_type": "LINE"}, "geometry": {"type": "LineString", "coordinates": [[-54.99652570391157, -10.24609062425126], [-54.99656735403139, -10.24615015566825]]}}, {"type": "Feature", "properties": {"layer": "0 - Linhas Quadras", "dxf_type": "LINE"}, "geometry": {"type": "LineString", "coordinates": [[-54.99656735403139, -10.24615015566825], [-54.996377432069295, -10.246280937002824]]}}, {"type": "Feature", "properties": {"layer": "0 - Linhas Quadras", "dxf_type": "LINE"}, "geometry": {"type": "LineString", "coordinates": [[-54.99656735403139, -10.24615015566825], [-54.99662591624782, -10.246222261827164]]}}, {"type": "Feature", "properties": {"layer": "0 - Linhas Quadras", "dxf_type": "LINE"}, "geometry": {"type": "LineString", "coordinates": [[-54.99662591624782, -10.246222261827164], [-54.9966260459864, -10.246247806575672]]}}, {"type": "Feature", "properties": {"layer": "0 - Linhas Quadras", "dxf_type": "LINE"}, "geometry": {"type": "LineString", "coordinates": [[-54.9966260459864, -10.246247806575672], [-54.99645359873743, -10.246376410528264]]}}, {"type": "Feature", "properties": {"layer": "0 - Linhas Quadras", "dxf_type": "LINE"}, "geometry": {"type": "LineString", "coordinates": [[-54.996334974168754, -10.246459204504406], [-54.9962183808129, -10.246540580037522]]}}, {"type": "Feature", "properties": {"layer": "0 - Linhas Quadras", "dxf_type": "LINE"}, "geometry": {"type": "LineString", "coordinates": [[-54.9962183808129, -10.246540580037522], [-54.99605313496929, -10.24629750362291]]}}, {"type": "Feature", "properties": {"layer": "0 - Linhas Quadras", "dxf_type": "LINE"}, "geometry": {"type": "LineString", "coordinates": [[-54.9962183808129, -10.246540580037522], [-54.99615704702858, -10.246587569286707]]}}, {"type": "Feature", "properties": {"layer": "0 - Linhas Quadras", "dxf_type": "LINE"}, "geometry": {"type": "LineString", "coordinates": [[-54.99615704702858, -10.246587569286707], [-54.9959860479133, -10.246331886529921]]}}, {"type": "Feature", "properties": {"layer": "0 - Linhas Quadras", "dxf_type": "LINE"}, "geometry": {"type": "LineString", "coordinates": [[-54.99605313496929, -10.24629750362291], [-54.99599746701043, -10.24632397258254]]}}, {"type": "Feature", "properties": {"layer": "0 - Linhas Quadras", "dxf_type": "LINE"}, "geometry": {"type": "LineString", "coordinates": [[-54.99615704702858, -10.246587569286707], [-54.996103390437476, -10.246629430893853]]}}, {"type": "Feature", "properties": {"layer": "0 - Linhas Quadras", "dxf_type": "LINE"}, "geometry": {"type": "LineString", "coordinates": [[-54.996103390437476, -10.246629430893853], [-54.995924813737886, -10.246369708771594]]}}, {"type": "Feature", "properties": {"layer": "0 - Linhas Quadras", "dxf_type": "LINE"}, "geometry": {"type": "LineString", "coordinates": [[-54.996103390437476, -10.246629430893853], [-54.996060376006696, -10.246662990489108]]}}, {"type": "Feature", "properties": {"layer": "0 - Linhas Quadras", "dxf_type": "LINE"}, "geometry": {"type": "LineString", "coordinates": [[-54.996060376006696, -10.246662990489108], [-54.99587931112823, -10.246392443000472]]}}, {"type": "Feature", "properties": {"layer": "0 - Linhas Quadras", "dxf_type": "LINE"}, "geometry": {"type": "LineString", "coordinates": [[-54.996060376006696, -10.246662990489108], [-54.99601321979735, -10.246698633393175]]}}, {"type": "Feature", "properties": {"layer": "0 - Linhas Quadras", "dxf_type": "LINE"}, "geometry": {"type": "LineString", "coordinates": [[-54.99601321979735, -10.246698633393175], [-54.995950775816965, -10.246745830880837]]}}, {"type": "Feature", "properties": {"layer": "0 - Linhas Quadras", "dxf_type": "LINE"}, "geometry": {"type": "LineString", "coordinates": [[-54.995950775816965, -10.246745830880837], [-54.995788222716335, -10.246438367403183]]}}, {"type": "Feature", "properties": {"layer": "0 - Linhas Quadras", "dxf_type": "LINE"}, "geometry": {"type": "LineString", "coordinates": [[-54.995950775816965, -10.246745830880837], [-54.995881855233556, -10.246797924740322]]}}, {"type": "Feature", "properties": {"layer": "0 - Linhas Quadras", "dxf_type": "LINE"}, "geometry": {"type": "LineString", "coordinates": [[-54.995881855233556, -10.246797924740322], [-54.995712519039834, -10.246477631626334]]}}, {"type": "Feature", "properties": {"layer": "0 - Linhas Quadras", "dxf_type": "LINE"}, "geometry": {"type": "LineString", "coordinates": [[-54.995881855233556, -10.246797924740322], [-54.99580518070786, -10.24685587880677]]}}, {"type": "Feature", "properties": {"layer": "0 - Linhas Quadras", "dxf_type": "LINE"}, "geometry": {"type": "LineString", "coordinates": [[-54.99580518070786, -10.24685587880677], [-54.99562518293398, -10.24652491510737]]}}, {"type": "Feature", "properties": {"layer": "0 - Linhas Quadras", "dxf_type": "LINE"}, "geometry": {"type": "LineString", "coordinates": [[-54.99580518070786, -10.24685587880677], [-54.99574783128287, -10.246893286542042]]}}, {"type": "Feature", "properties": {"layer": "0 - Linhas Quadras", "dxf_type": "LINE"}, "geometry": {"type": "LineString", "coordinates": [[-54.99574783128287, -10.246893286542042], [-54.99556967204825, -10.246564279395928]]}}, {"type": "Feature", "properties": {"layer": "0 - Linhas Quadras", "dxf_type": "LINE"}, "geometry": {"type": "LineString", "coordinates": [[-54.99574783128287, -10.246893286542042], [-54.99566328090316, -10.246962553399479]]}}, {"type": "Feature", "properties": {"layer": "0 - Linhas Quadras", "dxf_type": "LINE"}, "geometry": {"type": "LineString", "coordinates": [[-54.99566328090316, -10.246962553399479], [-54.99544312998452, -10.246665994777818]]}}, {"type": "Feature", "properties": {"layer": "0 - Linhas Quadras", "dxf_type": "LINE"}, "geometry": {"type": "LineString", "coordinates": [[-54.99566328090316, -10.246962553399479], [-54.99562359341103, -10.24700067383489]]}}, {"type": "Feature", "properties": {"layer": "0 - Linhas Quadras", "dxf_type": "LINE"}, "geometry": {"type": "LineString", "coordinates": [[-54.99562359341103, -10.24700067383489], [-54.99538438888975, -10.24671805547931]]}}, {"type": "Feature", "properties": {"layer": "0 - Linhas Quadras", "dxf_type": "LINE"}, "geometry": {"type": "LineString", "coordinates": [[-54.99561673944987, -10.246992575816888], [-54.99558308003128, -10.247024123939797]]}}, {"type": "Feature", "properties": {"layer": "0 - Linhas Quadras", "dxf_type": "LINE"}, "geometry": {"type": "LineString", "coordinates": [[-54.99558308003128, -10.247024123939797], [-54.99535084781763, -10.246760540860812]]}}, {"type": "Feature", "properties": {"layer": "0 - Linhas Quadras", "dxf_type": "LINE"}, "geometry": {"type": "LineString", "coordinates": [[-54.99558308003128, -10.247024123939797], [-54.995548405657026, -10.247054093878614]]}}, {"type": "Feature", "properties": {"layer": "0 - Linhas Quadras", "dxf_type": "LINE"}, "geometry": {"type": "LineString", "coordinates": [[-54.995548405657026, -10.247054093878614], [-54.995321089140106, -10.246807879218931]]}}, {"type": "Feature", "properties": {"layer": "0 - Linhas Quadras", "dxf_type": "LINE"}, "geometry": {"type": "LineString", "coordinates": [[-54.995548405657026, -10.247054093878614], [-54.99551354075142, -10.247086643334779]]}}, {"type": "Feature", "properties": {"layer": "0 - Linhas Quadras", "dxf_type": "LINE"}, "geometry": {"type": "LineString", "coordinates": [[-54.99551354075142, -10.247086643334779], [-54.995387353024526, -10.246952230216278]]}}, {"type": "Feature", "properties": {"layer": "0 - Linhas Quadras", "dxf_type": "LINE"}, "geometry": {"type": "LineString", "coordinates": [[-54.99551354075142, -10.247086643334779], [-54.9954405100289, -10.247149556981638]]}}, {"type": "Feature", "properties": {"layer": "0 - Linhas Quadras", "dxf_type": "LINE"}, "geometry": {"type": "LineString", "coordinates": [[-54.9954405100289, -10.247149556981638], [-54.995321106905074, -10.247003645308924]]}}, {"type": "Feature", "properties": {"layer": "0 - Linhas Quadras", "dxf_type": "LINE"}, "geometry": {"type": "LineString", "coordinates": [[-54.995321106905074, -10.247003645308924], [-54.9953656271268, -10.246969091768289]]}}, {"type": "Feature", "properties": {"layer": "0 - Linhas Quadras", "dxf_type": "LINE"}, "geometry": {"type": "LineString", "coordinates": [[-54.995387353024526, -10.246952230216278], [-54.99529217750901, -10.246840096567858]]}}, {"type": "Feature", "properties": {"layer": "0 - Linhas Quadras", "dxf_type": "LINE"}, "geometry": {"type": "LineString", "coordinates": [[-54.9954405100289, -10.247149556981638], [-54.99540651336435, -10.247178854946041]]}}, {"type": "Feature", "properties": {"layer": "0 - Linhas Quadras", "dxf_type": "LINE"}, "geometry": {"type": "LineString", "coordinates": [[-54.99528468026035, -10.247028248671421], [-54.995321106905074, -10.247003645308924]]}}, {"type": "Feature", "properties": {"layer": "0 - Linhas Quadras", "dxf_type": "LINE"}, "geometry": {"type": "LineString", "coordinates": [[-54.99540651336435, -10.247178854946041], [-54.99536329153411, -10.247213155261575]]}}, {"type": "Feature", "properties": {"layer": "0 - Linhas Quadras", "dxf_type": "LINE"}, "geometry": {"type": "LineString", "coordinates": [[-54.99536329153411, -10.247213155261575], [-54.995265078396216, -10.247291098529336]]}}, {"type": "Feature", "properties": {"layer": "0 - Linhas Quadras", "dxf_type": "LINE"}, "geometry": {"type": "LineString", "coordinates": [[-54.995265078396216, -10.247291098529336], [-54.99521368764283, -10.247227571211793]]}}, {"type": "Feature", "properties": {"layer": "0 - Linhas Quadras", "dxf_type": "LINE"}, "geometry": {"type": "LineString", "coordinates": [[-54.99521368764283, -10.247227571211793], [-54.99539510656238, -10.247094073554512]]}}, {"type": "Feature", "properties": {"layer": "0 - Linhas Quadras", "dxf_type": "LINE"}, "geometry": {"type": "LineString", "coordinates": [[-54.99521368764283, -10.247227571211793], [-54.99518050917592, -10.247183338346794]]}}, {"type": "Feature", "properties": {"layer": "0 - Linhas Quadras", "dxf_type": "LINE"}, "geometry": {"type": "LineString", "coordinates": [[-54.99518050917592, -10.247183338346794], [-54.99536133631484, -10.24705280553553]]}}, {"type": "Feature", "properties": {"layer": "0 - Linhas Quadras", "dxf_type": "LINE"}, "geometry": {"type": "LineString", "coordinates": [[-54.99518050917592, -10.247183338346794], [-54.99513949865284, -10.247142295923464]]}}, {"type": "Feature", "properties": {"layer": "0 - Linhas Quadras", "dxf_type": "LINE"}, "geometry": {"type": "LineString", "coordinates": [[-54.99513949865284, -10.247142295923464], [-54.99528468026035, -10.247028248671421]]}}, {"type": "Feature", "properties": {"layer": "0 - Linhas Quadras", "dxf_type": "LINE"}, "geometry": {"type": "LineString", "coordinates": [[-54.99506109054505, -10.247052976668437], [-54.99513949865284, -10.247142295923464]]}}, {"type": "Feature", "properties": {"layer": "0 - Linhas Quadras", "dxf_type": "LINE"}, "geometry": {"type": "LineString", "coordinates": [[-54.99506109054505, -10.247052976668437], [-54.995269558140855, -10.246888317788603]]}}, {"type": "Feature", "properties": {"layer": "0 - Linhas Quadras", "dxf_type": "LINE"}, "geometry": {"type": "LineString", "coordinates": [[-54.995269558140855, -10.246888317788603], [-54.9953656271268, -10.246969091768289]]}}, {"type": "Feature", "properties": {"layer": "0 - Linhas Quadras", "dxf_type": "LINE"}, "geometry": {"type": "LineString", "coordinates": [[-54.995269558140855, -10.246888317788603], [-54.99525778646043, -10.246878420459966]]}}, {"type": "Feature", "properties": {"layer": "0 - Linhas Quadras", "dxf_type": "LINE"}, "geometry": {"type": "LineString", "coordinates": [[-54.99506109054505, -10.247052976668437], [-54.99491188637786, -10.246854197797123]]}}, {"type": "Feature", "properties": {"layer": "0 - Linhas Quadras", "dxf_type": "LINE"}, "geometry": {"type": "LineString", "coordinates": [[-54.995022240063626, -10.247001218008501], [-54.99522114404785, -10.246843426015369]]}}, {"type": "Feature", "properties": {"layer": "0 - Linhas Quadras", "dxf_type": "LINE"}, "geometry": {"type": "LineString", "coordinates": [[-54.995166400166745, -10.246775727213985], [-54.994964552194865, -10.24692436146469]]}}, {"type": "Feature", "properties": {"layer": "0 - Linhas Quadras", "dxf_type": "LINE"}, "geometry": {"type": "LineString", "coordinates": [[-54.99377094158973, -10.24726545631855], [-54.9937226483895, -10.247314375830864]]}}, {"type": "Feature", "properties": {"layer": "0 - Linhas Quadras", "dxf_type": "LINE"}, "geometry": {"type": "LineString", "coordinates": [[-54.9937226483895, -10.247314375830864], [-54.99381406221372, -10.247402907861817]]}}, {"type": "Feature", "properties": {"layer": "0 - Linhas Quadras", "dxf_type": "LINE"}, "geometry": {"type": "LineString", "coordinates": [[-54.99381406221372, -10.247402907861817], [-54.99386234531765, -10.247353998216829]]}}, {"type": "Feature", "properties": {"layer": "0 - Linhas Quadras", "dxf_type": "LINE"}, "geometry": {"type": "LineString", "coordinates": [[-54.99377094158973, -10.24726545631855], [-54.993834739052, -10.247327242603914]]}}, {"type": "Feature", "properties": {"layer": "0 - Linhas Quadras", "dxf_type": "LINE"}, "geometry": {"type": "LineString", "coordinates": [[-54.99377094158973, -10.24726545631855], [-54.99385170637888, -10.247183643757877]]}}, {"type": "Feature", "properties": {"layer": "0 - Linhas Quadras", "dxf_type": "LINE"}, "geometry": {"type": "LineString", "coordinates": [[-54.99385170637888, -10.247183643757877], [-54.99391920783862, -10.247246641544333]]}}, {"type": "Feature", "properties": {"layer": "0 - Linhas Quadras", "dxf_type": "LINE"}, "geometry": {"type": "LineString", "coordinates": [[-54.99386949207731, -10.247294080719794], [-54.993834739052, -10.247327242603914]]}}, {"type": "Feature", "properties": {"layer": "0 - Linhas Quadras", "dxf_type": "LINE"}, "geometry": {"type": "LineString", "coordinates": [[-54.99385170637888, -10.247183643757877], [-54.99389615048281, -10.247140759446085]]}}, {"type": "Feature", "properties": {"layer": "0 - Linhas Quadras", "dxf_type": "LINE"}, "geometry": {"type": "LineString", "coordinates": [[-54.99389615048281, -10.247140759446085], [-54.99398710798128, -10.247242933302658]]}}, {"type": "Feature", "properties": {"layer": "0 - Linhas Quadras", "dxf_type": "LINE"}, "geometry": {"type": "LineString", "coordinates": [[-54.993987059048735, -10.247242877861485], [-54.99395008279959, -10.247276781718426]]}}, {"type": "Feature", "properties": {"layer": "0 - Linhas Quadras", "dxf_type": "LINE"}, "geometry": {"type": "LineString", "coordinates": [[-54.99395008279959, -10.247276781718426], [-54.99391920783862, -10.247246641544333]]}}, {"type": "Feature", "properties": {"layer": "0 - Linhas Quadras", "dxf_type": "LINE"}, "geometry": {"type": "LineString", "coordinates": [[-54.99389615048281, -10.247140759446085], [-54.9939358427037, -10.247109025495645]]}}, {"type": "Feature", "properties": {"layer": "0 - Linhas Quadras", "dxf_type": "LINE"}, "geometry": {"type": "LineString", "coordinates": [[-54.9939358427037, -10.247109025495645], [-54.994057924529976, -10.247245949236417]]}}, {"type": "Feature", "properties": {"layer": "0 - Linhas Quadras", "dxf_type": "LINE"}, "geometry": {"type": "LineString", "coordinates": [[-54.994057924529976, -10.247245949236417], [-54.99401958441447, -10.247279484924924]]}}, {"type": "Feature", "properties": {"layer": "0 - Linhas Quadras", "dxf_type": "LINE"}, "geometry": {"type": "LineString", "coordinates": [[-54.99401958441447, -10.247279484924924], [-54.99398706086252, -10.247242879680519]]}}, {"type": "Feature", "properties": {"layer": "0 - Linhas Quadras", "dxf_type": "LINE"}, "geometry": {"type": "LineString", "coordinates": [[-54.9939358427037, -10.247109025495645], [-54.993980298133565, -10.247070140185404]]}}, {"type": "Feature", "properties": {"layer": "0 - Linhas Quadras", "dxf_type": "LINE"}, "geometry": {"type": "LineString", "coordinates": [[-54.993980298133565, -10.247070140185404], [-54.99409651942563, -10.247200490585113]]}}, {"type": "Feature", "properties": {"layer": "0 - Linhas Quadras", "dxf_type": "LINE"}, "geometry": {"type": "LineString", "coordinates": [[-54.99409651942563, -10.247200490585113], [-54.994052063985606, -10.247239375910214]]}}, {"type": "Feature", "properties": {"layer": "0 - Linhas Quadras", "dxf_type": "LINE"}, "geometry": {"type": "LineString", "coordinates": [[-54.993980298133565, -10.247070140185404], [-54.99400081989999, -10.247052190219938]]}}, {"type": "Feature", "properties": {"layer": "0 - Linhas Quadras", "dxf_type": "LINE"}, "geometry": {"type": "LineString", "coordinates": [[-54.99416152917765, -10.24727340524046], [-54.994124600436116, -10.247305706760791]]}}, {"type": "Feature", "properties": {"layer": "0 - Linhas Quadras", "dxf_type": "LINE"}, "geometry": {"type": "LineString", "coordinates": [[-54.994124600436116, -10.247305706760791], [-54.994057924529976, -10.247245949236417]]}}, {"type": "Feature", "properties": {"layer": "0 - Linhas Quadras", "dxf_type": "LINE"}, "geometry": {"type": "LineString", "coordinates": [[-54.99419450344322, -10.24725054969482], [-54.99416152917765, -10.24727340524046]]}}, {"type": "Feature", "properties": {"layer": "0 - Linhas Quadras", "dxf_type": "LINE"}, "geometry": {"type": "LineString", "coordinates": [[-54.99416518803401, -10.247147011717216], [-54.99418858853042, -10.247192844823372]]}}, {"type": "Feature", "properties": {"layer": "0 - Linhas Quadras", "dxf_type": "LINE"}, "geometry": {"type": "LineString", "coordinates": [[-54.99421198812572, -10.247238677019503], [-54.99419535908414, -10.247251627929558]]}}, {"type": "Feature", "properties": {"layer": "0 - Linhas Quadras", "dxf_type": "LINE"}, "geometry": {"type": "LineString", "coordinates": [[-54.99400081989999, -10.247052190219938], [-54.99406181073278, -10.247013204464386]]}}, {"type": "Feature", "properties": {"layer": "0 - Linhas Quadras", "dxf_type": "LINE"}, "geometry": {"type": "LineString", "coordinates": [[-54.99406181073278, -10.247013204464386], [-54.99412181792487, -10.247091561490747]]}}, {"type": "Feature", "properties": {"layer": "0 - Linhas Quadras", "dxf_type": "LINE"}, "geometry": {"type": "LineString", "coordinates": [[-54.99412181792487, -10.247091561490747], [-54.99416518803401, -10.247147011717216]]}}, {"type": "Feature", "properties": {"layer": "0 - Linhas Quadras", "dxf_type": "LINE"}, "geometry": {"type": "LineString", "coordinates": [[-54.99406181073278, -10.247013204464386], [-54.9941308296513, -10.246964673111986]]}}, {"type": "Feature", "properties": {"layer": "0 - Linhas Quadras", "dxf_type": "LINE"}, "geometry": {"type": "LineString", "coordinates": [[-54.9941308296513, -10.246964673111986], [-54.99424163725915, -10.247116509711145]]}}, {"type": "Feature", "properties": {"layer": "0 - Linhas Quadras", "dxf_type": "LINE"}, "geometry": {"type": "LineString", "coordinates": [[-54.99427122844208, -10.24715705691785], [-54.9942820573081, -10.247171895622085]]}}, {"type": "Feature", "properties": {"layer": "0 - Linhas Quadras", "dxf_type": "LINE"}, "geometry": {"type": "LineString", "coordinates": [[-54.994362055972324, -10.247392945171276], [-54.99421198812572, -10.247238677019503]]}}, {"type": "Feature", "properties": {"layer": "0 - Linhas Quadras", "dxf_type": "LINE"}, "geometry": {"type": "LineString", "coordinates": [[-54.9941308296513, -10.246964673111986], [-54.994195882185984, -10.246930816833471]]}}, {"type": "Feature", "properties": {"layer": "0 - Linhas Quadras", "dxf_type": "LINE"}, "geometry": {"type": "LineString", "coordinates": [[-54.994195882185984, -10.246930816833471], [-54.99425677873404, -10.246899124191833]]}}, {"type": "Feature", "properties": {"layer": "0 - Linhas Quadras", "dxf_type": "LINE"}, "geometry": {"type": "LineString", "coordinates": [[-54.99425677873404, -10.246899124191833], [-54.994371320473086, -10.247118776996674]]}}, {"type": "Feature", "properties": {"layer": "0 - Linhas Quadras", "dxf_type": "LINE"}, "geometry": {"type": "LineString", "coordinates": [[-54.99444900229015, -10.24732411925807], [-54.9944874060389, -10.247291053943345]]}}, {"type": "Feature", "properties": {"layer": "0 - Linhas Quadras", "dxf_type": "LINE"}, "geometry": {"type": "LineString", "coordinates": [[-54.99386949207731, -10.247294080719794], [-54.993899035229994, -10.247323833031789]]}}, {"type": "Feature", "properties": {"layer": "0 - Linhas Quadras", "dxf_type": "LINE"}, "geometry": {"type": "LineString", "coordinates": [[-54.993899035229994, -10.247323833031789], [-54.99386234531765, -10.247353998216829]]}}, {"type": "Feature", "properties": {"layer": "0 - Linhas Quadras", "dxf_type": "LINE"}, "geometry": {"type": "LineString", "coordinates": [[-54.99386949207731, -10.247294080719794], [-54.99381008864556, -10.247225801579086]]}}, {"type": "Feature", "properties": {"layer": "0 - Linhas Quadras", "dxf_type": "LINE"}, "geometry": {"type": "LineString", "coordinates": [[-54.993899035229994, -10.247323833031789], [-54.99395008279959, -10.247276781718426]]}}, {"type": "Feature", "properties": {"layer": "0 - Linhas Quadras", "dxf_type": "LINE"}, "geometry": {"type": "LineString", "coordinates": [[-54.99401958441447, -10.247279484924924], [-54.9938615518498, -10.247434859005963]]}}, {"type": "Feature", "properties": {"layer": "0 - Linhas Quadras", "dxf_type": "LINE"}, "geometry": {"type": "LineString", "coordinates": [[-54.9938615518498, -10.247434859005963], [-54.99381406221372, -10.247402907861817]]}}, {"type": "Feature", "properties": {"layer": "0 - Linhas Quadras", "dxf_type": "LINE"}, "geometry": {"type": "LineString", "coordinates": [[-54.9940776228535, -10.247179297237176], [-54.99414812697877, -10.247125198763019]]}}, {"type": "Feature", "properties": {"layer": "0 - Linhas Quadras", "dxf_type": "LINE"}, "geometry": {"type": "LineString", "coordinates": [[-54.99406181073278, -10.247013204464386], [-54.994095555281504, -10.247055915086781]]}}, {"type": "Feature", "properties": {"layer": "0 - Linhas Quadras", "dxf_type": "LINE"}, "geometry": {"type": "LineString", "coordinates": [[-54.994095555281504, -10.247055915086781], [-54.99401847548289, -10.247112959525065]]}}, {"type": "Feature", "properties": {"layer": "0 - Linhas Quadras", "dxf_type": "LINE"}, "geometry": {"type": "LineString", "coordinates": [[-54.99412181792487, -10.247091561490747], [-54.99404849774579, -10.247146631470677]]}}, {"type": "Feature", "properties": {"layer": "0 - Linhas Quadras", "dxf_type": "LINE"}, "geometry": {"type": "LineString", "coordinates": [[-54.99454722437233, -10.24709807422047], [-54.99460009040155, -10.247201548681716]]}}, {"type": "Feature", "properties": {"layer": "0 - Linhas Quadras", "dxf_type": "LINE"}, "geometry": {"type": "LineString", "coordinates": [[-54.99460009040155, -10.247201548681716], [-54.994362055972324, -10.247392945171276]]}}, {"type": "Feature", "properties": {"layer": "0 - Linhas Quadras", "dxf_type": "LINE"}, "geometry": {"type": "LineString", "coordinates": [[-54.9942640169672, -10.246913009699705], [-54.99436714022013, -10.24686260609359]]}}, {"type": "Feature", "properties": {"layer": "0 - Linhas Quadras", "dxf_type": "LINE"}, "geometry": {"type": "LineString", "coordinates": [[-54.99436714022013, -10.24686260609359], [-54.99445579404217, -10.2470549453414]]}}, {"type": "Feature", "properties": {"layer": "0 - Linhas Quadras", "dxf_type": "LINE"}, "geometry": {"type": "LineString", "coordinates": [[-54.99431557859998, -10.246887807449587], [-54.99440337416905, -10.247078608360447]]}}, {"type": "Feature", "properties": {"layer": "0 - Linhas Quadras", "dxf_type": "LINE"}, "geometry": {"type": "LineString", "coordinates": [[-54.99436714022013, -10.24686260609359], [-54.99445303719257, -10.246823764885583]]}}, {"type": "Feature", "properties": {"layer": "0 - Linhas Quadras", "dxf_type": "LINE"}, "geometry": {"type": "LineString", "coordinates": [[-54.99445303719257, -10.246823764885583], [-54.99454171536335, -10.247016158503367]]}}, {"type": "Feature", "properties": {"layer": "0 - Linhas Quadras", "dxf_type": "LINE"}, "geometry": {"type": "LineString", "coordinates": [[-54.99445783416797, -10.246834170597024], [-54.994491946061665, -10.246815286627]]}}, {"type": "Feature", "properties": {"layer": "0 - Linhas Quadras", "dxf_type": "LINE"}, "geometry": {"type": "LineString", "coordinates": [[-54.994491946061665, -10.246815286627], [-54.99460844209633, -10.24698063026761]]}}, {"type": "Feature", "properties": {"layer": "0 - Linhas Quadras", "dxf_type": "LINE"}, "geometry": {"type": "LineString", "coordinates": [[-54.99450099962291, -10.246828136590404], [-54.994610387268004, -10.24675940837883]]}}, {"type": "Feature", "properties": {"layer": "0 - Linhas Quadras", "dxf_type": "LINE"}, "geometry": {"type": "LineString", "coordinates": [[-54.994610387268004, -10.24675940837883], [-54.99471681006546, -10.246909776942953]]}}, {"type": "Feature", "properties": {"layer": "0 - Linhas Quadras", "dxf_type": "LINE"}, "geometry": {"type": "LineString", "coordinates": [[-54.99471681006546, -10.246909776942953], [-54.99480053401048, -10.246851645199149]]}}, {"type": "Feature", "properties": {"layer": "0 - Linhas Quadras", "dxf_type": "LINE"}, "geometry": {"type": "LineString", "coordinates": [[-54.99480053401048, -10.246851645199149], [-54.99490172664414, -10.24699462444059]]}}, {"type": "Feature", "properties": {"layer": "0 - Linhas Quadras", "dxf_type": "LINE"}, "geometry": {"type": "LineString", "coordinates": [[-54.99490172664414, -10.24699462444059], [-54.99460009040155, -10.247201548681716]]}}, {"type": "Feature", "properties": {"layer": "0 - Linhas Quadras", "dxf_type": "LINE"}, "geometry": {"type": "LineString", "coordinates": [[-54.99480053401048, -10.246851645199149], [-54.99470500503, -10.246716668046348]]}}, {"type": "Feature", "properties": {"layer": "0 - Linhas Quadras", "dxf_type": "LINE"}, "geometry": {"type": "LineString", "coordinates": [[-54.99470500503, -10.246716668046348], [-54.994610387268004, -10.24675940837883]]}}, {"type": "Feature", "properties": {"layer": "0 - Linhas Quadras", "dxf_type": "LINE"}, "geometry": {"type": "LineString", "coordinates": [[-54.99455569345082, -10.246793772490374], [-54.99467015395947, -10.246944526012099]]}}, {"type": "Feature", "properties": {"layer": "0 - Linhas Quadras", "dxf_type": "LINE"}, "geometry": {"type": "LineString", "coordinates": [[-54.99467015395947, -10.246944526012099], [-54.99471681006546, -10.246909776942953]]}}, {"type": "Feature", "properties": {"layer": "0 - Linhas Quadras", "dxf_type": "LINE"}, "geometry": {"type": "LineString", "coordinates": [[-54.994657696605096, -10.246738038671399], [-54.99475867204152, -10.246880711074489]]}}, {"type": "Feature", "properties": {"layer": "0 - Linhas Quadras", "dxf_type": "LINE"}, "geometry": {"type": "LineString", "coordinates": [[-54.9948913400627, -10.247001750161868], [-54.99492025490158, -10.2470434872312]]}}, {"type": "Feature", "properties": {"layer": "0 - Linhas Quadras", "dxf_type": "LINE"}, "geometry": {"type": "LineString", "coordinates": [[-54.99492025490158, -10.2470434872312], [-54.99462334263009, -10.24724528375592]]}}, {"type": "Feature", "properties": {"layer": "0 - Linhas Quadras", "dxf_type": "LINE"}, "geometry": {"type": "LineString", "coordinates": [[-54.99462334263009, -10.24724528375592], [-54.99460009040155, -10.247201548681716]]}}, {"type": "Feature", "properties": {"layer": "0 - Linhas Quadras", "dxf_type": "LINE"}, "geometry": {"type": "LineString", "coordinates": [[-54.99492025490158, -10.2470434872312], [-54.99496791090722, -10.247112275867993]]}}, {"type": "Feature", "properties": {"layer": "0 - Linhas Quadras", "dxf_type": "LINE"}, "geometry": {"type": "LineString", "coordinates": [[-54.99466938050819, -10.24731755610295], [-54.99462334263009, -10.24724528375592]]}}, {"type": "Feature", "properties": {"layer": "0 - Linhas Quadras", "dxf_type": "LINE"}, "geometry": {"type": "LineString", "coordinates": [[-54.99496791090722, -10.247112275867993], [-54.99502310979759, -10.247175681171228]]}}, {"type": "Feature", "properties": {"layer": "0 - Linhas Quadras", "dxf_type": "LINE"}, "geometry": {"type": "LineString", "coordinates": [[-54.99502310979759, -10.247175681171228], [-54.99471274676784, -10.247380169833246]]}}, {"type": "Feature", "properties": {"layer": "0 - Linhas Quadras", "dxf_type": "LINE"}, "geometry": {"type": "LineString", "coordinates": [[-54.99471274676784, -10.247380169833246], [-54.99466902945437, -10.247317797995898]]}}, {"type": "Feature", "properties": {"layer": "0 - Linhas Quadras", "dxf_type": "LINE"}, "geometry": {"type": "LineString", "coordinates": [[-54.99492025490158, -10.2470434872312], [-54.994953354451404, -10.247091263903995]]}}, {"type": "Feature", "properties": {"layer": "0 - Linhas Quadras", "dxf_type": "LINE"}, "geometry": {"type": "LineString", "coordinates": [[-54.99490172664414, -10.24699462444059], [-54.9948723911062, -10.246953175838355]]}}, {"type": "Feature", "properties": {"layer": "0 - Linhas Quadras", "dxf_type": "LINE"}, "geometry": {"type": "LineString", "coordinates": [[-54.9948723911062, -10.246953175838355], [-54.99457608923995, -10.247154570235443]]}}, {"type": "Feature", "properties": {"layer": "0 - Linhas Quadras", "dxf_type": "LINE"}, "geometry": {"type": "LineString", "coordinates": [[-54.99496791090722, -10.247112275867993], [-54.99466938050819, -10.24731755610295]]}}, {"type": "Feature", "properties": {"layer": "0 - Linhas Quadras", "dxf_type": "LINE"}, "geometry": {"type": "LineString", "coordinates": [[-54.99502310979759, -10.247175681171228], [-54.99508047512738, -10.247241575673767]]}}, {"type": "Feature", "properties": {"layer": "0 - Linhas Quadras", "dxf_type": "LINE"}, "geometry": {"type": "LineString", "coordinates": [[-54.99508047512738, -10.247241575673767], [-54.9947508484092, -10.24743737274781]]}}, {"type": "Feature", "properties": {"layer": "0 - Linhas Quadras", "dxf_type": "LINE"}, "geometry": {"type": "LineString", "coordinates": [[-54.9947508484092, -10.24743737274781], [-54.99471252774544, -10.247380314013363]]}}, {"type": "Feature", "properties": {"layer": "0 - Linhas Quadras", "dxf_type": "LINE"}, "geometry": {"type": "LineString", "coordinates": [[-54.99508047512738, -10.247241575673767], [-54.99516458852007, -10.247358109243772]]}}, {"type": "Feature", "properties": {"layer": "0 - Linhas Quadras", "dxf_type": "LINE"}, "geometry": {"type": "LineString", "coordinates": [[-54.99516458852007, -10.247358109243772], [-54.99484721187807, -10.247584077128717]]}}, {"type": "Feature", "properties": {"layer": "0 - Linhas Quadras", "dxf_type": "LINE"}, "geometry": {"type": "LineString", "coordinates": [[-54.99484721187807, -10.247584077128717], [-54.9947508484092, -10.24743737274781]]}}, {"type": "Feature", "properties": {"layer": "0 - Linhas Quadras", "dxf_type": "LINE"}, "geometry": {"type": "LineString", "coordinates": [[-54.99512253181654, -10.247299842460121], [-54.99478763069341, -10.247493370728511]]}}, {"type": "Feature", "properties": {"layer": "0 - Linhas Quadras", "dxf_type": "LINE"}, "geometry": {"type": "LineString", "coordinates": [[-54.994362055972324, -10.247392945171276], [-54.99449435102343, -10.24751829021725]]}}, {"type": "Feature", "properties": {"layer": "0 - Linhas Quadras", "dxf_type": "LINE"}, "geometry": {"type": "LineString", "coordinates": [[-54.99449435102343, -10.24751829021725], [-54.994228916967366, -10.247717191776145]]}}, {"type": "Feature", "properties": {"layer": "0 - Linhas Quadras", "dxf_type": "LINE"}, "geometry": {"type": "LineString", "coordinates": [[-54.994228916967366, -10.247717191776145], [-54.99445808099485, -10.247886518344714]]}}, {"type": "Feature", "properties": {"layer": "0 - Linhas Quadras", "dxf_type": "LINE"}, "geometry": {"type": "LineString", "coordinates": [[-54.99445808099485, -10.247886518344714], [-54.994860883440225, -10.247604890201496]]}}, {"type": "Feature", "properties": {"layer": "0 - Linhas Quadras", "dxf_type": "LINE"}, "geometry": {"type": "LineString", "coordinates": [[-54.994860883440225, -10.247604890201496], [-54.99484721187807, -10.247584077128717]]}}, {"type": "Feature", "properties": {"layer": "0 - Linhas Quadras", "dxf_type": "LINE"}, "geometry": {"type": "LineString", "coordinates": [[-54.994362055972324, -10.247392945171276], [-54.99411939361207, -10.247624634989204]]}}, {"type": "Feature", "properties": {"layer": "0 - Linhas Quadras", "dxf_type": "LINE"}, "geometry": {"type": "LineString", "coordinates": [[-54.99411939361207, -10.247624634989204], [-54.994228916967366, -10.247717191776145]]}}, {"type": "Feature", "properties": {"layer": "0 - Linhas Quadras", "dxf_type": "LINE"}, "geometry": {"type": "LineString", "coordinates": [[-54.99432335839799, -10.247353165247189], [-54.99405896978604, -10.247603934700827]]}}, {"type": "Feature", "properties": {"layer": "0 - Linhas Quadras", "dxf_type": "LINE"}, "geometry": {"type": "LineString", "coordinates": [[-54.99405896978604, -10.247603934700827], [-54.99410559242559, -10.247638072477107]]}}, {"type": "Feature", "properties": {"layer": "0 - Linhas Quadras", "dxf_type": "LINE"}, "geometry": {"type": "LineString", "coordinates": [[-54.99410559242559, -10.247638072477107], [-54.99411939361207, -10.247624634989204]]}}, {"type": "Feature", "properties": {"layer": "0 - Linhas Quadras", "dxf_type": "LINE"}, "geometry": {"type": "LineString", "coordinates": [[-54.99429215698213, -10.247321089598694], [-54.99402263462849, -10.24756871152741]]}}, {"type": "Feature", "properties": {"layer": "0 - Linhas Quadras", "dxf_type": "LINE"}, "geometry": {"type": "LineString", "coordinates": [[-54.99402263462849, -10.24756871152741], [-54.99405896978604, -10.247603934700827]]}}, {"type": "Feature", "properties": {"layer": "0 - Linhas Quadras", "dxf_type": "LINE"}, "geometry": {"type": "LineString", "coordinates": [[-54.994124600436116, -10.247305706760791], [-54.99393918291596, -10.24749721064488]]}}, {"type": "Feature", "properties": {"layer": "0 - Linhas Quadras", "dxf_type": "LINE"}, "geometry": {"type": "LineString", "coordinates": [[-54.99393918291596, -10.24749721064488], [-54.99402263462849, -10.24756871152741]]}}, {"type": "Feature", "properties": {"layer": "0 - Linhas Quadras", "dxf_type": "LINE"}, "geometry": {"type": "LineString", "coordinates": [[-54.99398090922655, -10.247532960638846], [-54.99425134306432, -10.247279133525964]]}}, {"type": "Feature", "properties": {"layer": "0 - Linhas Quadras", "dxf_type": "LINE"}, "geometry": {"type": "LineString", "coordinates": [[-54.99409126247986, -10.24727582799974], [-54.9939051533475, -10.247465857820197]]}}, {"type": "Feature", "properties": {"layer": "0 - Linhas Quadras", "dxf_type": "LINE"}, "geometry": {"type": "LineString", "coordinates": [[-54.9939051533475, -10.247465857820197], [-54.99393918291596, -10.24749721064488]]}}, {"type": "Feature", "properties": {"layer": "0 - Linhas Quadras", "dxf_type": "LINE"}, "geometry": {"type": "LineString", "coordinates": [[-54.9939051533475, -10.247465857820197], [-54.9938615518498, -10.247434859005963]]}}, {"type": "Feature", "properties": {"layer": "0 - Linhas Quadras", "dxf_type": "LINE"}, "geometry": {"type": "LineString", "coordinates": [[-54.99407129655415, -10.247257933691346], [-54.99418858853042, -10.247192844823372]]}}, {"type": "Feature", "properties": {"layer": "0 - Linhas Quadras", "dxf_type": "LINE"}, "geometry": {"type": "LineString", "coordinates": [[-54.99418858853042, -10.247192844823372], [-54.99427122844208, -10.24715705691785]]}}, {"type": "Feature", "properties": {"layer": "0 - Linhas Quadras", "dxf_type": "LINE"}, "geometry": {"type": "LineString", "coordinates": [[-54.99427122844208, -10.24715705691785], [-54.99429312440365, -10.247185277771013]]}}, {"type": "Feature", "properties": {"layer": "0 - Linhas Quadras", "dxf_type": "LINE"}, "geometry": {"type": "LineString", "coordinates": [[-54.99429312440365, -10.247185277771013], [-54.99421198812572, -10.247238677019503]]}}, {"type": "Feature", "properties": {"layer": "0 - Linhas Quadras", "dxf_type": "LINE"}, "geometry": {"type": "LineString", "coordinates": [[-54.99432078146438, -10.24712488750889], [-54.99428734251435, -10.247083786865007]]}}, {"type": "Feature", "properties": {"layer": "0 - Linhas Quadras", "dxf_type": "LINE"}, "geometry": {"type": "LineString", "coordinates": [[-54.99428734251435, -10.247083786865007], [-54.99424163725915, -10.247116509711145]]}}, {"type": "Feature", "properties": {"layer": "0 - Linhas Quadras", "dxf_type": "LINE"}, "geometry": {"type": "LineString", "coordinates": [[-54.99292025040224, -10.246641528640716], [-54.99299580128372, -10.24656626193891]]}}, {"type": "Feature", "properties": {"layer": "0 - Linhas Quadras", "dxf_type": "LINE"}, "geometry": {"type": "LineString", "coordinates": [[-54.99299580128372, -10.24656626193891], [-54.99301842483874, -10.246565852942917]]}}, {"type": "Feature", "properties": {"layer": "0 - Linhas Quadras", "dxf_type": "LINE"}, "geometry": {"type": "LineString", "coordinates": [[-54.99301842483874, -10.246565852942917], [-54.993119863525536, -10.246462499419415]]}}, {"type": "Feature", "properties": {"layer": "0 - Linhas Quadras", "dxf_type": "LINE"}, "geometry": {"type": "LineString", "coordinates": [[-54.993119863525536, -10.246462499419415], [-54.99320011535514, -10.246539770290953]]}}, {"type": "Feature", "properties": {"layer": "0 - Linhas Quadras", "dxf_type": "LINE"}, "geometry": {"type": "LineString", "coordinates": [[-54.99320011535514, -10.246539770290953], [-54.99302008417793, -10.246737507787415]]}}, {"type": "Feature", "properties": {"layer": "0 - Linhas Quadras", "dxf_type": "LINE"}, "geometry": {"type": "LineString", "coordinates": [[-54.99302008417793, -10.246737507787415], [-54.99292025040224, -10.246641528640716]]}}, {"type": "Feature", "properties": {"layer": "0 - Linhas Quadras", "dxf_type": "LINE"}, "geometry": {"type": "LineString", "coordinates": [[-54.993119863525536, -10.246462499419415], [-54.99306829135081, -10.246516206550785]]}}, {"type": "Feature", "properties": {"layer": "0 - Linhas Quadras", "dxf_type": "LINE"}, "geometry": {"type": "LineString", "coordinates": [[-54.99306829135081, -10.246516206550785], [-54.99310856044314, -10.246552174504435]]}}, {"type": "Feature", "properties": {"layer": "0 - Linhas Quadras", "dxf_type": "LINE"}, "geometry": {"type": "LineString", "coordinates": [[-54.99301842483874, -10.246565852942917], [-54.99305861044428, -10.246601745361891]]}}, {"type": "Feature", "properties": {"layer": "0 - Linhas Quadras", "dxf_type": "LINE"}, "geometry": {"type": "LineString", "coordinates": [[-54.993119863525536, -10.246462499419415], [-54.99316805970889, -10.24641230666843]]}}, {"type": "Feature", "properties": {"layer": "0 - Linhas Quadras", "dxf_type": "LINE"}, "geometry": {"type": "LineString", "coordinates": [[-54.993311525753214, -10.246650973254054], [-54.993194244079234, -10.246546218771499]]}}, {"type": "Feature", "properties": {"layer": "0 - Linhas Quadras", "dxf_type": "LINE"}, "geometry": {"type": "LineString", "coordinates": [[-54.993227902861996, -10.24657628216908], [-54.993054009080986, -10.24676124811328]]}}, {"type": "Feature", "properties": {"layer": "0 - Linhas Quadras", "dxf_type": "LINE"}, "geometry": {"type": "LineString", "coordinates": [[-54.993054009080986, -10.24676124811328], [-54.99302008417793, -10.246737507787415]]}}, {"type": "Feature", "properties": {"layer": "0 - Linhas Quadras", "dxf_type": "LINE"}, "geometry": {"type": "LineString", "coordinates": [[-54.99326806218033, -10.246612150902447], [-54.99309256178655, -10.246798486332105]]}}, {"type": "Feature", "properties": {"layer": "0 - Linhas Quadras", "dxf_type": "LINE"}, "geometry": {"type": "LineString", "coordinates": [[-54.99309256178655, -10.246798486332105], [-54.993053162894896, -10.246762148617284]]}}, {"type": "Feature", "properties": {"layer": "0 - Linhas Quadras", "dxf_type": "LINE"}, "geometry": {"type": "LineString", "coordinates": [[-54.993311525753214, -10.246650973254054], [-54.993133251440476, -10.246834484003427]]}}, {"type": "Feature", "properties": {"layer": "0 - Linhas Quadras", "dxf_type": "LINE"}, "geometry": {"type": "LineString", "coordinates": [[-54.993133251440476, -10.246834484003427], [-54.99309256178655, -10.246798486332105]]}}, {"type": "Feature", "properties": {"layer": "0 - Linhas Quadras", "dxf_type": "LINE"}, "geometry": {"type": "LineString", "coordinates": [[-54.99336707200182, -10.246700585269254], [-54.993196487002464, -10.246878355717516]]}}, {"type": "Feature", "properties": {"layer": "0 - Linhas Quadras", "dxf_type": "LINE"}, "geometry": {"type": "LineString", "coordinates": [[-54.993196487002464, -10.246878355717516], [-54.99314152129164, -10.24682597131635]]}}, {"type": "Feature", "properties": {"layer": "0 - Linhas Quadras", "dxf_type": "LINE"}, "geometry": {"type": "LineString", "coordinates": [[-54.99315998897916, -10.246501134853965], [-54.99297016773597, -10.24668951867131]]}}, {"type": "Feature", "properties": {"layer": "0 - Linhas Quadras", "dxf_type": "LINE"}, "geometry": {"type": "LineString", "coordinates": [[-54.99336959058705, -10.246527453866234], [-54.993281527869186, -10.246624179346446]]}}, {"type": "Feature", "properties": {"layer": "0 - Linhas Quadras", "dxf_type": "LINE"}, "geometry": {"type": "LineString", "coordinates": [[-54.99336959058705, -10.246527453866234], [-54.99345885644227, -10.246607183858416]]}}, {"type": "Feature", "properties": {"layer": "0 - Linhas Quadras", "dxf_type": "LINE"}, "geometry": {"type": "LineString", "coordinates": [[-54.99345885644227, -10.246607183858416], [-54.99336707200182, -10.246700585269254]]}}, {"type": "Feature", "properties": {"layer": "0 - Linhas Quadras", "dxf_type": "LINE"}, "geometry": {"type": "LineString", "coordinates": [[-54.99316805970889, -10.24641230666843], [-54.99333297988521, -10.246567666569849]]}}, {"type": "Feature", "properties": {"layer": "0 - Linhas Quadras", "dxf_type": "LINE"}, "geometry": {"type": "LineString", "coordinates": [[-54.99345885644227, -10.246607183858416], [-54.993395203717995, -10.24667195820398]]}}, {"type": "Feature", "properties": {"layer": "0 - Linhas Quadras", "dxf_type": "LINE"}, "geometry": {"type": "LineString", "coordinates": [[-54.993395203717995, -10.24667195820398], [-54.9933085188415, -10.246594532855065]]}}, {"type": "Feature", "properties": {"layer": "0 - Linhas Quadras", "dxf_type": "LINE"}, "geometry": {"type": "LineString", "coordinates": [[-54.99326982564663, -10.246693897927079], [-54.99332429004189, -10.246745169196934]]}}, {"type": "Feature", "properties": {"layer": "0 - Linhas Quadras", "dxf_type": "LINE"}, "geometry": {"type": "LineString", "coordinates": [[-54.99336959058705, -10.246527453866234], [-54.99321388432648, -10.246363221032253]]}}, {"type": "Feature", "properties": {"layer": "0 - Linhas Quadras", "dxf_type": "LINE"}, "geometry": {"type": "LineString", "coordinates": [[-54.99321388432648, -10.246363221032253], [-54.99316265780818, -10.246408702831632]]}}, {"type": "Feature", "properties": {"layer": "0 - Linhas Quadras", "dxf_type": "LINE"}, "geometry": {"type": "LineString", "coordinates": [[-54.99316265780818, -10.246408702831632], [-54.99316731101977, -10.246413086649527]]}}, {"type": "Feature", "properties": {"layer": "0 - Linhas Quadras", "dxf_type": "LINE"}, "geometry": {"type": "LineString", "coordinates": [[-54.99321846898302, -10.24636805729053], [-54.99328933120287, -10.246296629426483]]}}, {"type": "Feature", "properties": {"layer": "0 - Linhas Quadras", "dxf_type": "LINE"}, "geometry": {"type": "LineString", "coordinates": [[-54.99328933120287, -10.246296629426483], [-54.993381827747825, -10.246396501552626]]}}, {"type": "Feature", "properties": {"layer": "0 - Linhas Quadras", "dxf_type": "LINE"}, "geometry": {"type": "LineString", "coordinates": [[-54.993381827747825, -10.246396501552626], [-54.99330855572268, -10.246463076775326]]}}, {"type": "Feature", "properties": {"layer": "0 - Linhas Quadras", "dxf_type": "LINE"}, "geometry": {"type": "LineString", "coordinates": [[-54.99345885644227, -10.246607183858416], [-54.993486395717525, -10.246579158752047]]}}, {"type": "Feature", "properties": {"layer": "0 - Linhas Quadras", "dxf_type": "LINE"}, "geometry": {"type": "LineString", "coordinates": [[-54.993486395717525, -10.246579158752047], [-54.99333827060011, -10.246436077503397]]}}, {"type": "Feature", "properties": {"layer": "0 - Linhas Quadras", "dxf_type": "LINE"}, "geometry": {"type": "LineString", "coordinates": [[-54.993486395717525, -10.246579158752047], [-54.993523287111486, -10.24654161703908]]}}, {"type": "Feature", "properties": {"layer": "0 - Linhas Quadras", "dxf_type": "LINE"}, "geometry": {"type": "LineString", "coordinates": [[-54.993523287111486, -10.24654161703908], [-54.993381827747825, -10.246396501552626]]}}, {"type": "Feature", "properties": {"layer": "0 - Linhas Quadras", "dxf_type": "LINE"}, "geometry": {"type": "LineString", "coordinates": [[-54.993523287111486, -10.24654161703908], [-54.993560227525606, -10.246506291133198]]}}, {"type": "Feature", "properties": {"layer": "0 - Linhas Quadras", "dxf_type": "LINE"}, "geometry": {"type": "LineString", "coordinates": [[-54.993560227525606, -10.246506291133198], [-54.99342383332248, -10.246366371933178]]}}, {"type": "Feature", "properties": {"layer": "0 - Linhas Quadras", "dxf_type": "LINE"}, "geometry": {"type": "LineString", "coordinates": [[-54.99342383332248, -10.246366371933178], [-54.993381827747825, -10.246396501552626]]}}, {"type": "Feature", "properties": {"layer": "0 - Linhas Quadras", "dxf_type": "LINE"}, "geometry": {"type": "LineString", "coordinates": [[-54.99342383332248, -10.246366371933178], [-54.99348931168705, -10.246307031459544]]}}, {"type": "Feature", "properties": {"layer": "0 - Linhas Quadras", "dxf_type": "LINE"}, "geometry": {"type": "LineString", "coordinates": [[-54.99348931168705, -10.246307031459544], [-54.99361637944607, -10.24642990567951]]}}, {"type": "Feature", "properties": {"layer": "0 - Linhas Quadras", "dxf_type": "LINE"}, "geometry": {"type": "LineString", "coordinates": [[-54.99361637944607, -10.24642990567951], [-54.993548782375065, -10.24649454996354]]}}, {"type": "Feature", "properties": {"layer": "0 - Linhas Quadras", "dxf_type": "LINE"}, "geometry": {"type": "LineString", "coordinates": [[-54.9934565729669, -10.246336701249488], [-54.99358258091113, -10.246462228275904]]}}, {"type": "Feature", "properties": {"layer": "0 - Linhas Quadras", "dxf_type": "LINE"}, "geometry": {"type": "LineString", "coordinates": [[-54.99361637944607, -10.24642990567951], [-54.99375334551395, -10.24629892229026]]}}, {"type": "Feature", "properties": {"layer": "0 - Linhas Quadras", "dxf_type": "LINE"}, "geometry": {"type": "LineString", "coordinates": [[-54.99375334551395, -10.24629892229026], [-54.99361968426956, -10.246181533096362]]}}, {"type": "Feature", "properties": {"layer": "0 - Linhas Quadras", "dxf_type": "LINE"}, "geometry": {"type": "LineString", "coordinates": [[-54.99361968426956, -10.246181533096362], [-54.99348931168705, -10.246307031459544]]}}, {"type": "Feature", "properties": {"layer": "0 - Linhas Quadras", "dxf_type": "LINE"}, "geometry": {"type": "LineString", "coordinates": [[-54.9936803030204, -10.246368773938316], [-54.99355065955984, -10.246247977325705]]}}, {"type": "Feature", "properties": {"layer": "0 - Linhas Quadras", "dxf_type": "LINE"}, "geometry": {"type": "LineString", "coordinates": [[-54.99375334551395, -10.24629892229026], [-54.99380013090925, -10.24625580203314]]}}, {"type": "Feature", "properties": {"layer": "0 - Linhas Quadras", "dxf_type": "LINE"}, "geometry": {"type": "LineString", "coordinates": [[-54.99380013090925, -10.24625580203314], [-54.99367189995664, -10.246129670204358]]}}, {"type": "Feature", "properties": {"layer": "0 - Linhas Quadras", "dxf_type": "LINE"}, "geometry": {"type": "LineString", "coordinates": [[-54.99367189995664, -10.246129670204358], [-54.99361968426956, -10.246181533096362]]}}, {"type": "Feature", "properties": {"layer": "0 - Linhas Quadras", "dxf_type": "LINE"}, "geometry": {"type": "LineString", "coordinates": [[-54.99380013090925, -10.24625580203314], [-54.9938392528214, -10.246216783469858]]}}, {"type": "Feature", "properties": {"layer": "0 - Linhas Quadras", "dxf_type": "LINE"}, "geometry": {"type": "LineString", "coordinates": [[-54.9938392528214, -10.246216783469858], [-54.9937067758967, -10.246096531671315]]}}, {"type": "Feature", "properties": {"layer": "0 - Linhas Quadras", "dxf_type": "LINE"}, "geometry": {"type": "LineString", "coordinates": [[-54.9937067758967, -10.246096531671315], [-54.99367189995664, -10.246129670204358]]}}, {"type": "Feature", "properties": {"layer": "0 - Linhas Quadras", "dxf_type": "LINE"}, "geometry": {"type": "LineString", "coordinates": [[-54.9938392528214, -10.246216783469858], [-54.993869234902654, -10.246188644133067]]}}, {"type": "Feature", "properties": {"layer": "0 - Linhas Quadras", "dxf_type": "LINE"}, "geometry": {"type": "LineString", "coordinates": [[-54.993869234902654, -10.246188644133067], [-54.993747066782454, -10.24606187632788]]}}, {"type": "Feature", "properties": {"layer": "0 - Linhas Quadras", "dxf_type": "LINE"}, "geometry": {"type": "LineString", "coordinates": [[-54.993747066782454, -10.24606187632788], [-54.9937067758967, -10.246096531671315]]}}, {"type": "Feature", "properties": {"layer": "0 - Linhas Quadras", "dxf_type": "LINE"}, "geometry": {"type": "LineString", "coordinates": [[-54.993869234902654, -10.246188644133067], [-54.99391206949193, -10.246148146153049]]}}, {"type": "Feature", "properties": {"layer": "0 - Linhas Quadras", "dxf_type": "LINE"}, "geometry": {"type": "LineString", "coordinates": [[-54.99391206949193, -10.246148146153049], [-54.99379198222615, -10.246023538018232]]}}, {"type": "Feature", "properties": {"layer": "0 - Linhas Quadras", "dxf_type": "LINE"}, "geometry": {"type": "LineString", "coordinates": [[-54.99379198222615, -10.246023538018232], [-54.993747066782454, -10.24606187632788]]}}, {"type": "Feature", "properties": {"layer": "0 - Linhas Quadras", "dxf_type": "LINE"}, "geometry": {"type": "LineString", "coordinates": [[-54.99391206949193, -10.246148146153049], [-54.994012478612184, -10.246056213289298]]}}, {"type": "Feature", "properties": {"layer": "0 - Linhas Quadras", "dxf_type": "LINE"}, "geometry": {"type": "LineString", "coordinates": [[-54.994012478612184, -10.246056213289298], [-54.993880167966175, -10.245923596944941]]}}, {"type": "Feature", "properties": {"layer": "0 - Linhas Quadras", "dxf_type": "LINE"}, "geometry": {"type": "LineString", "coordinates": [[-54.993880167966175, -10.245923596944941], [-54.99378233089698, -10.246014613699954]]}}, {"type": "Feature", "properties": {"layer": "0 - Linhas Quadras", "dxf_type": "LINE"}, "geometry": {"type": "LineString", "coordinates": [[-54.99378233089698, -10.246014613699954], [-54.99379089952718, -10.246024462375091]]}}, {"type": "Feature", "properties": {"layer": "0 - Linhas Quadras", "dxf_type": "LINE"}, "geometry": {"type": "LineString", "coordinates": [[-54.994061307655926, -10.246014484071969], [-54.994012478612184, -10.246056213289298]]}}, {"type": "Feature", "properties": {"layer": "0 - Linhas Quadras", "dxf_type": "LINE"}, "geometry": {"type": "LineString", "coordinates": [[-54.99406232000572, -10.245995725816972], [-54.99394133004243, -10.245866926106757]]}}, {"type": "Feature", "properties": {"layer": "0 - Linhas Quadras", "dxf_type": "LINE"}, "geometry": {"type": "LineString", "coordinates": [[-54.99394133004243, -10.245866926106757], [-54.993880167966175, -10.245923596944941]]}}, {"type": "Feature", "properties": {"layer": "0 - Linhas Quadras", "dxf_type": "LINE"}, "geometry": {"type": "LineString", "coordinates": [[-54.994061307655926, -10.246014484071969], [-54.99406232000572, -10.245995725816972]]}}, {"type": "Feature", "properties": {"layer": "0 - Linhas Quadras", "dxf_type": "LINE"}, "geometry": {"type": "LineString", "coordinates": [[-54.99335866308531, -10.246231124527005], [-54.9934565729669, -10.246336701249488]]}}, {"type": "Feature", "properties": {"layer": "0 - Linhas Quadras", "dxf_type": "LINE"}, "geometry": {"type": "LineString", "coordinates": [[-54.99335866308531, -10.246231124527005], [-54.99328933120287, -10.246296629426483]]}}, {"type": "Feature", "properties": {"layer": "0 - Linhas Quadras", "dxf_type": "LINE"}, "geometry": {"type": "LineString", "coordinates": [[-54.99335866308531, -10.246231124527005], [-54.993391488065626, -10.246199783025217]]}}, {"type": "Feature", "properties": {"layer": "0 - Linhas Quadras", "dxf_type": "LINE"}, "geometry": {"type": "LineString", "coordinates": [[-54.993391488065626, -10.246199783025217], [-54.99348931168705, -10.246307031459544]]}}, {"type": "Feature", "properties": {"layer": "0 - Linhas Quadras", "dxf_type": "LINE"}, "geometry": {"type": "LineString", "coordinates": [[-54.993391488065626, -10.246199783025217], [-54.99343945024944, -10.246153987252967]]}}, {"type": "Feature", "properties": {"layer": "0 - Linhas Quadras", "dxf_type": "LINE"}, "geometry": {"type": "LineString", "coordinates": [[-54.99343945024944, -10.246153987252967], [-54.99354089660788, -10.246257374790043]]}}, {"type": "Feature", "properties": {"layer": "0 - Linhas Quadras", "dxf_type": "LINE"}, "geometry": {"type": "LineString", "coordinates": [[-54.99343945024944, -10.246153987252967], [-54.99348101202779, -10.246108373424896]]}}, {"type": "Feature", "properties": {"layer": "0 - Linhas Quadras", "dxf_type": "LINE"}, "geometry": {"type": "LineString", "coordinates": [[-54.99348101202779, -10.246108373424896], [-54.99358528669577, -10.246214643835819]]}}, {"type": "Feature", "properties": {"layer": "0 - Linhas Quadras", "dxf_type": "LINE"}, "geometry": {"type": "LineString", "coordinates": [[-54.99348101202779, -10.246108373424896], [-54.993522272957236, -10.246068654912838]]}}, {"type": "Feature", "properties": {"layer": "0 - Linhas Quadras", "dxf_type": "LINE"}, "geometry": {"type": "LineString", "coordinates": [[-54.993522272957236, -10.246068654912838], [-54.99362809454429, -10.246173179443984]]}}, {"type": "Feature", "properties": {"layer": "0 - Linhas Quadras", "dxf_type": "LINE"}, "geometry": {"type": "LineString", "coordinates": [[-54.993522272957236, -10.246068654912838], [-54.99356314457195, -10.246029310925678]]}}, {"type": "Feature", "properties": {"layer": "0 - Linhas Quadras", "dxf_type": "LINE"}, "geometry": {"type": "LineString", "coordinates": [[-54.99356314457195, -10.246029310925678], [-54.99366833582345, -10.246133211463492]]}}, {"type": "Feature", "properties": {"layer": "0 - Linhas Quadras", "dxf_type": "LINE"}, "geometry": {"type": "LineString", "coordinates": [[-54.9935755356973, -10.24604154966394], [-54.99365922486927, -10.245962962259759]]}}, {"type": "Feature", "properties": {"layer": "0 - Linhas Quadras", "dxf_type": "LINE"}, "geometry": {"type": "LineString", "coordinates": [[-54.99365922486927, -10.245962962259759], [-54.993747066782454, -10.24606187632788]]}}, {"type": "Feature", "properties": {"layer": "0 - Linhas Quadras", "dxf_type": "LINE"}, "geometry": {"type": "LineString", "coordinates": [[-54.99370112879057, -10.245923010858247], [-54.99365922486927, -10.245962962259759]]}}, {"type": "Feature", "properties": {"layer": "0 - Linhas Quadras", "dxf_type": "LINE"}, "geometry": {"type": "LineString", "coordinates": [[-54.99370112879057, -10.245923010858247], [-54.99378233089698, -10.246014613699954]]}}, {"type": "Feature", "properties": {"layer": "0 - Linhas Quadras", "dxf_type": "LINE"}, "geometry": {"type": "LineString", "coordinates": [[-54.99394133004243, -10.245866926106757], [-54.9938631508151, -10.245787892903088]]}}, {"type": "Feature", "properties": {"layer": "0 - Linhas Quadras", "dxf_type": "LINE"}, "geometry": {"type": "LineString", "coordinates": [[-54.9938631508151, -10.245787892903088], [-54.9938438906707, -10.24578824046797]]}}, {"type": "Feature", "properties": {"layer": "0 - Linhas Quadras", "dxf_type": "LINE"}, "geometry": {"type": "LineString", "coordinates": [[-54.9938438906707, -10.24578824046797], [-54.99370112879057, -10.245923010858247]]}}, {"type": "Feature", "properties": {"layer": "0 - Linhas Quadras", "dxf_type": "LINE"}, "geometry": {"type": "LineString", "coordinates": [[-54.99339469212314, -10.247054197881813], [-54.993271307001834, -10.246945482702278]]}}, {"type": "Feature", "properties": {"layer": "0 - Linhas Quadras", "dxf_type": "LINE"}, "geometry": {"type": "LineString", "coordinates": [[-54.993271307001834, -10.246945482702278], [-54.99344270587466, -10.246762085810976]]}}, {"type": "Feature", "properties": {"layer": "0 - Linhas Quadras", "dxf_type": "LINE"}, "geometry": {"type": "LineString", "coordinates": [[-54.99344270587466, -10.246762085810976], [-54.993558425072436, -10.246868039129687]]}}, {"type": "Feature", "properties": {"layer": "0 - Linhas Quadras", "dxf_type": "LINE"}, "geometry": {"type": "LineString", "coordinates": [[-54.993558425072436, -10.246868039129687], [-54.99339469212314, -10.247054197881813]]}}, {"type": "Feature", "properties": {"layer": "0 - Linhas Quadras", "dxf_type": "LINE"}, "geometry": {"type": "LineString", "coordinates": [[-54.99344270587466, -10.246762085810976], [-54.99348576130764, -10.246715954232712]]}}, {"type": "Feature", "properties": {"layer": "0 - Linhas Quadras", "dxf_type": "LINE"}, "geometry": {"type": "LineString", "coordinates": [[-54.99348576130764, -10.246715954232712], [-54.99382809273013, -10.24702939663876]]}}, {"type": "Feature", "properties": {"layer": "0 - Linhas Quadras", "dxf_type": "LINE"}, "geometry": {"type": "LineString", "coordinates": [[-54.99382809273013, -10.24702939663876], [-54.99373143112392, -10.247132965179347]]}}, {"type": "Feature", "properties": {"layer": "0 - Linhas Quadras", "dxf_type": "LINE"}, "geometry": {"type": "LineString", "coordinates": [[-54.99373143112392, -10.247132965179347], [-54.99357731551239, -10.247008117956335]]}}, {"type": "Feature", "properties": {"layer": "0 - Linhas Quadras", "dxf_type": "LINE"}, "geometry": {"type": "LineString", "coordinates": [[-54.99357731551239, -10.247008117956335], [-54.99360567486513, -10.246973774075714]]}}, {"type": "Feature", "properties": {"layer": "0 - Linhas Quadras", "dxf_type": "LINE"}, "geometry": {"type": "LineString", "coordinates": [[-54.99360567486513, -10.246973774075714], [-54.99352593991759, -10.246904973486439]]}}, {"type": "Feature", "properties": {"layer": "0 - Linhas Quadras", "dxf_type": "LINE"}, "geometry": {"type": "LineString", "coordinates": [[-54.99339469212314, -10.247054197881813], [-54.99334949502864, -10.247013409647563]]}}, {"type": "Feature", "properties": {"layer": "0 - Linhas Quadras", "dxf_type": "LINE"}, "geometry": {"type": "LineString", "coordinates": [[-54.99334949502864, -10.247013409647563], [-54.993518925557794, -10.246831872584101]]}}, {"type": "Feature", "properties": {"layer": "0 - Linhas Quadras", "dxf_type": "LINE"}, "geometry": {"type": "LineString", "coordinates": [[-54.99348576130764, -10.246715954232712], [-54.99353788450648, -10.246665321049413]]}}, {"type": "Feature", "properties": {"layer": "0 - Linhas Quadras", "dxf_type": "LINE"}, "geometry": {"type": "LineString", "coordinates": [[-54.99369885201523, -10.246828295457746], [-54.993656863022046, -10.246868981197787]]}}, {"type": "Feature", "properties": {"layer": "0 - Linhas Quadras", "dxf_type": "LINE"}, "geometry": {"type": "LineString", "coordinates": [[-54.99353788450648, -10.246665321049413], [-54.993568507391636, -10.246635574018049]]}}, {"type": "Feature", "properties": {"layer": "0 - Linhas Quadras", "dxf_type": "LINE"}, "geometry": {"type": "LineString", "coordinates": [[-54.993746921244245, -10.246782033888271], [-54.99369885201523, -10.246828295457746]]}}, {"type": "Feature", "properties": {"layer": "0 - Linhas Quadras", "dxf_type": "LINE"}, "geometry": {"type": "LineString", "coordinates": [[-54.993568507391636, -10.246635574018049], [-54.99359891489057, -10.246603941881864]]}}, {"type": "Feature", "properties": {"layer": "0 - Linhas Quadras", "dxf_type": "LINE"}, "geometry": {"type": "LineString", "coordinates": [[-54.99359891489057, -10.246603941881864], [-54.993746921244245, -10.246782033888271]]}}, {"type": "Feature", "properties": {"layer": "0 - Linhas Quadras", "dxf_type": "LINE"}, "geometry": {"type": "LineString", "coordinates": [[-54.993746921244245, -10.246782033888271], [-54.99391890685355, -10.246988977865644]]}}, {"type": "Feature", "properties": {"layer": "0 - Linhas Quadras", "dxf_type": "LINE"}, "geometry": {"type": "LineString", "coordinates": [[-54.99391890685355, -10.246988977865644], [-54.99384777314334, -10.247046974630482]]}}, {"type": "Feature", "properties": {"layer": "0 - Linhas Quadras", "dxf_type": "LINE"}, "geometry": {"type": "LineString", "coordinates": [[-54.99384777314334, -10.247046974630482], [-54.99382809273013, -10.24702939663876]]}}, {"type": "Feature", "properties": {"layer": "0 - Linhas Quadras", "dxf_type": "LINE"}, "geometry": {"type": "LineString", "coordinates": [[-54.99353788450648, -10.246665321049413], [-54.99388701413391, -10.247017913506209]]}}, {"type": "Feature", "properties": {"layer": "0 - Linhas Quadras", "dxf_type": "LINE"}, "geometry": {"type": "LineString", "coordinates": [[-54.993723313256694, -10.246486332198199], [-54.99359891489057, -10.246603941881864]]}}, {"type": "Feature", "properties": {"layer": "0 - Linhas Quadras", "dxf_type": "LINE"}, "geometry": {"type": "LineString", "coordinates": [[-54.993723313256694, -10.246486332198199], [-54.99387000731688, -10.246701850139257]]}}, {"type": "Feature", "properties": {"layer": "0 - Linhas Quadras", "dxf_type": "LINE"}, "geometry": {"type": "LineString", "coordinates": [[-54.99387000731688, -10.246701850139257], [-54.993813701814, -10.246738529051225]]}}, {"type": "Feature", "properties": {"layer": "0 - Linhas Quadras", "dxf_type": "LINE"}, "geometry": {"type": "LineString", "coordinates": [[-54.993813701814, -10.246738529051225], [-54.993961198404165, -10.246960400172386]]}}, {"type": "Feature", "properties": {"layer": "0 - Linhas Quadras", "dxf_type": "LINE"}, "geometry": {"type": "LineString", "coordinates": [[-54.993961198404165, -10.246960400172386], [-54.993918369736036, -10.246988331862784]]}}, {"type": "Feature", "properties": {"layer": "0 - Linhas Quadras", "dxf_type": "LINE"}, "geometry": {"type": "LineString", "coordinates": [[-54.993723313256694, -10.246486332198199], [-54.99378285870731, -10.246430036509183]]}}, {"type": "Feature", "properties": {"layer": "0 - Linhas Quadras", "dxf_type": "LINE"}, "geometry": {"type": "LineString", "coordinates": [[-54.99378285870731, -10.246430036509183], [-54.99393310961622, -10.246655072069634]]}}, {"type": "Feature", "properties": {"layer": "0 - Linhas Quadras", "dxf_type": "LINE"}, "geometry": {"type": "LineString", "coordinates": [[-54.99393310961622, -10.246655072069634], [-54.99386783529258, -10.246698658547444]]}}, {"type": "Feature", "properties": {"layer": "0 - Linhas Quadras", "dxf_type": "LINE"}, "geometry": {"type": "LineString", "coordinates": [[-54.99378285870731, -10.246430036509183], [-54.993838196596684, -10.246377719208542]]}}, {"type": "Feature", "properties": {"layer": "0 - Linhas Quadras", "dxf_type": "LINE"}, "geometry": {"type": "LineString", "coordinates": [[-54.993838196596684, -10.246377719208542], [-54.9940176575323, -10.246604073045015]]}}, {"type": "Feature", "properties": {"layer": "0 - Linhas Quadras", "dxf_type": "LINE"}, "geometry": {"type": "LineString", "coordinates": [[-54.9940176575323, -10.246604073045015], [-54.99393310961622, -10.246655072069634]]}}, {"type": "Feature", "properties": {"layer": "0 - Linhas Quadras", "dxf_type": "LINE"}, "geometry": {"type": "LineString", "coordinates": [[-54.993838196596684, -10.246377719208542], [-54.993833036653186, -10.246369163386994]]}}, {"type": "Feature", "properties": {"layer": "0 - Linhas Quadras", "dxf_type": "LINE"}, "geometry": {"type": "LineString", "coordinates": [[-54.993833036653186, -10.246369163386994], [-54.99389900282033, -10.246314381590064]]}}, {"type": "Feature", "properties": {"layer": "0 - Linhas Quadras", "dxf_type": "LINE"}, "geometry": {"type": "LineString", "coordinates": [[-54.99389900282033, -10.246314381590064], [-54.994005095840286, -10.246443832433746]]}}, {"type": "Feature", "properties": {"layer": "0 - Linhas Quadras", "dxf_type": "LINE"}, "geometry": {"type": "LineString", "coordinates": [[-54.994005095840286, -10.246443832433746], [-54.99399506456234, -10.246453668466767]]}}, {"type": "Feature", "properties": {"layer": "0 - Linhas Quadras", "dxf_type": "LINE"}, "geometry": {"type": "LineString", "coordinates": [[-54.99399506456234, -10.246453668466767], [-54.99406425125547, -10.246573727592395]]}}, {"type": "Feature", "properties": {"layer": "0 - Linhas Quadras", "dxf_type": "LINE"}, "geometry": {"type": "LineString", "coordinates": [[-54.99406425125547, -10.246573727592395], [-54.99401307061569, -10.24659828766402]]}}, {"type": "Feature", "properties": {"layer": "0 - Linhas Quadras", "dxf_type": "LINE"}, "geometry": {"type": "LineString", "coordinates": [[-54.99389900282033, -10.246314381590064], [-54.99394532321081, -10.246277139350529]]}}, {"type": "Feature", "properties": {"layer": "0 - Linhas Quadras", "dxf_type": "LINE"}, "geometry": {"type": "LineString", "coordinates": [[-54.99394532321081, -10.246277139350529], [-54.994123301746306, -10.246481061313418]]}}, {"type": "Feature", "properties": {"layer": "0 - Linhas Quadras", "dxf_type": "LINE"}, "geometry": {"type": "LineString", "coordinates": [[-54.994123301746306, -10.246481061313418], [-54.994043869616235, -10.246538359734759]]}}, {"type": "Feature", "properties": {"layer": "0 - Linhas Quadras", "dxf_type": "LINE"}, "geometry": {"type": "LineString", "coordinates": [[-54.99394532321081, -10.246277139350529], [-54.99402595897101, -10.246208096491104]]}}, {"type": "Feature", "properties": {"layer": "0 - Linhas Quadras", "dxf_type": "LINE"}, "geometry": {"type": "LineString", "coordinates": [[-54.99402595897101, -10.246208096491104], [-54.99420805479157, -10.246416735170305]]}}, {"type": "Feature", "properties": {"layer": "0 - Linhas Quadras", "dxf_type": "LINE"}, "geometry": {"type": "LineString", "coordinates": [[-54.99420805479157, -10.246416735170305], [-54.994123301746306, -10.246481061313418]]}}, {"type": "Feature", "properties": {"layer": "0 - Linhas Quadras", "dxf_type": "LINE"}, "geometry": {"type": "LineString", "coordinates": [[-54.99434592047981, -10.246298958808381], [-54.9941648989145, -10.2460994356449]]}}, {"type": "Feature", "properties": {"layer": "0 - Linhas Quadras", "dxf_type": "LINE"}, "geometry": {"type": "LineString", "coordinates": [[-54.9941648989145, -10.2460994356449], [-54.994143326057966, -10.24609980330273]]}}, {"type": "Feature", "properties": {"layer": "0 - Linhas Quadras", "dxf_type": "LINE"}, "geometry": {"type": "LineString", "coordinates": [[-54.994143326057966, -10.24609980330273], [-54.99402203395682, -10.246202561062242]]}}, {"type": "Feature", "properties": {"layer": "0 - Linhas Quadras", "dxf_type": "LINE"}, "geometry": {"type": "LineString", "coordinates": [[-54.99402203395682, -10.246202561062242], [-54.99402595897101, -10.246208096491104]]}}, {"type": "Feature", "properties": {"layer": "0 - Linhas Quadras", "dxf_type": "LINE"}, "geometry": {"type": "LineString", "coordinates": [[-54.99434592047981, -10.246298958808381], [-54.994208188892536, -10.246416888760475]]}}, {"type": "Feature", "properties": {"layer": "0 - Linhas Quadras", "dxf_type": "LINE"}, "geometry": {"type": "LineString", "coordinates": [[-54.9942909369548, -10.246238356020784], [-54.99414990859934, -10.246350113519426]]}}, {"type": "Feature", "properties": {"layer": "0 - Linhas Quadras", "dxf_type": "LINE"}, "geometry": {"type": "LineString", "coordinates": [[-54.99434592047981, -10.246298958808381], [-54.99447471785987, -10.246446530423615]]}}, {"type": "Feature", "properties": {"layer": "0 - Linhas Quadras", "dxf_type": "LINE"}, "geometry": {"type": "LineString", "coordinates": [[-54.99447471785987, -10.246446530423615], [-54.994294319269486, -10.246561617369359]]}}, {"type": "Feature", "properties": {"layer": "0 - Linhas Quadras", "dxf_type": "LINE"}, "geometry": {"type": "LineString", "coordinates": [[-54.99439616836511, -10.246356530448947], [-54.9942515649792, -10.246478780343791]]}}, {"type": "Feature", "properties": {"layer": "0 - Linhas Quadras", "dxf_type": "LINE"}, "geometry": {"type": "LineString", "coordinates": [[-54.9942515649792, -10.246478780343791], [-54.994195164204946, -10.246518865629323]]}}, {"type": "Feature", "properties": {"layer": "0 - Linhas Quadras", "dxf_type": "LINE"}, "geometry": {"type": "LineString", "coordinates": [[-54.99444244216772, -10.246409549823193], [-54.99427933418599, -10.246534474155617]]}}, {"type": "Feature", "properties": {"layer": "0 - Linhas Quadras", "dxf_type": "LINE"}, "geometry": {"type": "LineString", "coordinates": [[-54.99447471785987, -10.246446530423615], [-54.994526173602175, -10.24650548617671]]}}, {"type": "Feature", "properties": {"layer": "0 - Linhas Quadras", "dxf_type": "LINE"}, "geometry": {"type": "LineString", "coordinates": [[-54.994526173602175, -10.24650548617671], [-54.99461042064341, -10.246602014151275]]}}, {"type": "Feature", "properties": {"layer": "0 - Linhas Quadras", "dxf_type": "LINE"}, "geometry": {"type": "LineString", "coordinates": [[-54.99461042064341, -10.246602014151275], [-54.99455010526786, -10.24665014465915]]}}, {"type": "Feature", "properties": {"layer": "0 - Linhas Quadras", "dxf_type": "LINE"}, "geometry": {"type": "LineString", "coordinates": [[-54.99455010526786, -10.24665014465915], [-54.99442954835926, -10.246475346258908]]}}, {"type": "Feature", "properties": {"layer": "0 - Linhas Quadras", "dxf_type": "LINE"}, "geometry": {"type": "LineString", "coordinates": [[-54.99444244216772, -10.246409549823193], [-54.99424298116406, -10.246562317505242]]}}, {"type": "Feature", "properties": {"layer": "0 - Linhas Quadras", "dxf_type": "LINE"}, "geometry": {"type": "LineString", "coordinates": [[-54.994195164204946, -10.246518865629323], [-54.99417750422232, -10.24653394976598]]}}, {"type": "Feature", "properties": {"layer": "0 - Linhas Quadras", "dxf_type": "LINE"}, "geometry": {"type": "LineString", "coordinates": [[-54.99417750422232, -10.24653394976598], [-54.99413167206046, -10.246474707778374]]}}, {"type": "Feature", "properties": {"layer": "0 - Linhas Quadras", "dxf_type": "LINE"}, "geometry": {"type": "LineString", "coordinates": [[-54.99425624963898, -10.246589021669344], [-54.994294319269486, -10.246561617369359]]}}, {"type": "Feature", "properties": {"layer": "0 - Linhas Quadras", "dxf_type": "LINE"}, "geometry": {"type": "LineString", "coordinates": [[-54.99455010526786, -10.24665014465915], [-54.99442483849462, -10.24671722013677]]}}, {"type": "Feature", "properties": {"layer": "0 - Linhas Quadras", "dxf_type": "LINE"}, "geometry": {"type": "LineString", "coordinates": [[-54.99442483849462, -10.24671722013677], [-54.99434957625324, -10.2465263655076]]}}, {"type": "Feature", "properties": {"layer": "0 - Linhas Quadras", "dxf_type": "LINE"}, "geometry": {"type": "LineString", "coordinates": [[-54.99449583725644, -10.246679203563202], [-54.994388286830585, -10.246501669681253]]}}, {"type": "Feature", "properties": {"layer": "0 - Linhas Quadras", "dxf_type": "LINE"}, "geometry": {"type": "LineString", "coordinates": [[-54.99461042064341, -10.246602014151275], [-54.994574887604315, -10.24663036789279]]}}, {"type": "Feature", "properties": {"layer": "0 - Linhas Quadras", "dxf_type": "LINE"}, "geometry": {"type": "LineString", "coordinates": [[-54.99425624963898, -10.246589021669344], [-54.99421454627315, -10.24650509014858]]}}, {"type": "Feature", "properties": {"layer": "0 - Linhas Quadras", "dxf_type": "LINE"}, "geometry": {"type": "LineString", "coordinates": [[-54.994294319269486, -10.246561617369359], [-54.99437253783936, -10.246743847854917]]}}, {"type": "Feature", "properties": {"layer": "0 - Linhas Quadras", "dxf_type": "LINE"}, "geometry": {"type": "LineString", "coordinates": [[-54.99437253783936, -10.246743847854917], [-54.99442483849462, -10.24671722013677]]}}, {"type": "Feature", "properties": {"layer": "0 - Linhas Quadras", "dxf_type": "LINE"}, "geometry": {"type": "LineString", "coordinates": [[-54.99425624963898, -10.246589021669344], [-54.99433265489647, -10.246760938076402]]}}, {"type": "Feature", "properties": {"layer": "0 - Linhas Quadras", "dxf_type": "LINE"}, "geometry": {"type": "LineString", "coordinates": [[-54.99433265489647, -10.246760938076402], [-54.99437264486172, -10.246744098901486]]}}, {"type": "Feature", "properties": {"layer": "0 - Linhas Quadras", "dxf_type": "LINE"}, "geometry": {"type": "LineString", "coordinates": [[-54.99417750422232, -10.24653394976598], [-54.99429259966782, -10.246780898083374]]}}, {"type": "Feature", "properties": {"layer": "0 - Linhas Quadras", "dxf_type": "LINE"}, "geometry": {"type": "LineString", "coordinates": [[-54.99429259966782, -10.246780898083374], [-54.994333584482455, -10.24676302825494]]}}, {"type": "Feature", "properties": {"layer": "0 - Linhas Quadras", "dxf_type": "LINE"}, "geometry": {"type": "LineString", "coordinates": [[-54.99405831228275, -10.246576577163399], [-54.99419928158491, -10.246825933222683]]}}, {"type": "Feature", "properties": {"layer": "0 - Linhas Quadras", "dxf_type": "LINE"}, "geometry": {"type": "LineString", "coordinates": [[-54.99419928158491, -10.246825933222683], [-54.99429350913403, -10.246782849837867]]}}, {"type": "Feature", "properties": {"layer": "0 - Linhas Quadras", "dxf_type": "LINE"}, "geometry": {"type": "LineString", "coordinates": [[-54.99408912712755, -10.246505713686053], [-54.99424639490584, -10.246804391531496]]}}, {"type": "Feature", "properties": {"layer": "0 - Linhas Quadras", "dxf_type": "LINE"}, "geometry": {"type": "LineString", "coordinates": [[-54.99386783529258, -10.246698658547444], [-54.994010198839845, -10.246926124879597]]}}, {"type": "Feature", "properties": {"layer": "0 - Linhas Quadras", "dxf_type": "LINE"}, "geometry": {"type": "LineString", "coordinates": [[-54.994010198839845, -10.246926124879597], [-54.993961198404165, -10.246960400172386]]}}, {"type": "Feature", "properties": {"layer": "0 - Linhas Quadras", "dxf_type": "LINE"}, "geometry": {"type": "LineString", "coordinates": [[-54.99404414379975, -10.246903751701211], [-54.994010198839845, -10.246926124879597]]}}, {"type": "Feature", "properties": {"layer": "0 - Linhas Quadras", "dxf_type": "LINE"}, "geometry": {"type": "LineString", "coordinates": [[-54.99404414379975, -10.246903751701211], [-54.993896456508814, -10.246679546413851]]}}, {"type": "Feature", "properties": {"layer": "0 - Linhas Quadras", "dxf_type": "LINE"}, "geometry": {"type": "LineString", "coordinates": [[-54.99397538358015, -10.246629572108786], [-54.99411902719687, -10.246863194774837]]}}, {"type": "Feature", "properties": {"layer": "0 - Linhas Quadras", "dxf_type": "LINE"}, "geometry": {"type": "LineString", "coordinates": [[-54.99411902719687, -10.246863194774837], [-54.99404414379975, -10.246903751701211]]}}, {"type": "Feature", "properties": {"layer": "0 - Linhas Quadras", "dxf_type": "LINE"}, "geometry": {"type": "LineString", "coordinates": [[-54.99393310961622, -10.246655072069634], [-54.99408158549755, -10.246883473692582]]}}, {"type": "Feature", "properties": {"layer": "0 - Linhas Quadras", "dxf_type": "LINE"}, "geometry": {"type": "LineString", "coordinates": [[-54.9940176575323, -10.246604073045015], [-54.99415060665021, -10.24684401228993]]}}, {"type": "Feature", "properties": {"layer": "0 - Linhas Quadras", "dxf_type": "LINE"}, "geometry": {"type": "LineString", "coordinates": [[-54.99415060665021, -10.24684401228993], [-54.99411896758059, -10.246863096783446]]}}, {"type": "Feature", "properties": {"layer": "0 - Linhas Quadras", "dxf_type": "LINE"}, "geometry": {"type": "LineString", "coordinates": [[-54.99419928158491, -10.246825933222683], [-54.99415729795539, -10.246850975810524]]}}, {"type": "Feature", "properties": {"layer": "0 - Linhas Quadras", "dxf_type": "LINE"}, "geometry": {"type": "LineString", "coordinates": [[-54.99415729795539, -10.246850975810524], [-54.99415060665021, -10.24684401228993]]}}, {"type": "Feature", "properties": {"layer": "0 - Linhas Quadras", "dxf_type": "LINE"}, "geometry": {"type": "LineString", "coordinates": [[-54.99357731551239, -10.247008117956335], [-54.99347388999076, -10.24713336858549]]}}, {"type": "Feature", "properties": {"layer": "0 - Linhas Quadras", "dxf_type": "LINE"}, "geometry": {"type": "LineString", "coordinates": [[-54.99347388999076, -10.24713336858549], [-54.99364412785763, -10.247271275798141]]}}, {"type": "Feature", "properties": {"layer": "0 - Linhas Quadras", "dxf_type": "LINE"}, "geometry": {"type": "LineString", "coordinates": [[-54.99364412785763, -10.247271275798141], [-54.99374655466583, -10.247147234721021]]}}, {"type": "Feature", "properties": {"layer": "0 - Linhas Quadras", "dxf_type": "LINE"}, "geometry": {"type": "LineString", "coordinates": [[-54.99374655466583, -10.247147234721021], [-54.99373143112392, -10.247132965179347]]}}, {"type": "Feature", "properties": {"layer": "0 - Linhas Quadras", "dxf_type": "LINE"}, "geometry": {"type": "LineString", "coordinates": [[-54.99339469212314, -10.247054197881813], [-54.99347388999076, -10.24713336858549]]}}, {"type": "Feature", "properties": {"layer": "0 - Linhas Quadras", "dxf_type": "LINE"}, "geometry": {"type": "LineString", "coordinates": [[-54.9935658073841, -10.246939374234689], [-54.99343429059859, -10.247093782780409]]}}, {"type": "Feature", "properties": {"layer": "0 - Linhas Quadras", "dxf_type": "LINE"}, "geometry": {"type": "LineString", "coordinates": [[-54.99347388999076, -10.24713336858549], [-54.99350921073264, -10.247161981492512]]}}, {"type": "Feature", "properties": {"layer": "0 - Linhas Quadras", "dxf_type": "LINE"}, "geometry": {"type": "LineString", "coordinates": [[-54.99355485995674, -10.247106700167201], [-54.993612636254035, -10.247036730851443]]}}, {"type": "Feature", "properties": {"layer": "0 - Linhas Quadras", "dxf_type": "LINE"}, "geometry": {"type": "LineString", "coordinates": [[-54.993612636254035, -10.247036730851443], [-54.99357797011151, -10.24707871280203]]}}, {"type": "Feature", "properties": {"layer": "0 - Linhas Quadras", "dxf_type": "LINE"}, "geometry": {"type": "LineString", "coordinates": [[-54.99357797011151, -10.24707871280203], [-54.99371288723588, -10.247188007077407]]}}, {"type": "Feature", "properties": {"layer": "0 - Linhas Quadras", "dxf_type": "LINE"}, "geometry": {"type": "LineString", "coordinates": [[-54.99357797011151, -10.24707871280203], [-54.99355485995674, -10.247106700167201]]}}, {"type": "Feature", "properties": {"layer": "0 - Linhas Quadras", "dxf_type": "LINE"}, "geometry": {"type": "LineString", "coordinates": [[-54.99360567486513, -10.246973774075714], [-54.99376108573329, -10.247101191895357]]}}, {"type": "Feature", "properties": {"layer": "0 - Linhas Quadras", "dxf_type": "LINE"}, "geometry": {"type": "LineString", "coordinates": [[-54.99371288723588, -10.247188007077407], [-54.99368111054412, -10.247226489716441]]}}, {"type": "Feature", "properties": {"layer": "0 - Linhas Quadras", "dxf_type": "LINE"}, "geometry": {"type": "LineString", "coordinates": [[-54.99368111054412, -10.247226489716441], [-54.99354818908498, -10.247116506303508]]}}, {"type": "Feature", "properties": {"layer": "0 - Linhas Quadras", "dxf_type": "LINE"}, "geometry": {"type": "LineString", "coordinates": [[-54.99354818908498, -10.247116506303508], [-54.99355485995674, -10.247106700167201]]}}, {"type": "Feature", "properties": {"layer": "0 - Linhas Quadras", "dxf_type": "LINE"}, "geometry": {"type": "LineString", "coordinates": [[-54.9925338692605, -10.24627983790187], [-54.99246118229047, -10.246210836589084]]}}, {"type": "Feature", "properties": {"layer": "0 - Linhas Quadras", "dxf_type": "LINE"}, "geometry": {"type": "LineString", "coordinates": [[-54.99246118229047, -10.246210836589084], [-54.992661741288146, -10.246021575680539]]}}, {"type": "Feature", "properties": {"layer": "0 - Linhas Quadras", "dxf_type": "LINE"}, "geometry": {"type": "LineString", "coordinates": [[-54.992661741288146, -10.246021575680539], [-54.99272062109669, -10.246082787576842]]}}, {"type": "Feature", "properties": {"layer": "0 - Linhas Quadras", "dxf_type": "LINE"}, "geometry": {"type": "LineString", "coordinates": [[-54.99272062109669, -10.246082787576842], [-54.9925338692605, -10.24627983790187]]}}, {"type": "Feature", "properties": {"layer": "0 - Linhas Quadras", "dxf_type": "LINE"}, "geometry": {"type": "LineString", "coordinates": [[-54.99269917447945, -10.246060491917616], [-54.99249752531239, -10.246245337695921]]}}, {"type": "Feature", "properties": {"layer": "0 - Linhas Quadras", "dxf_type": "LINE"}, "geometry": {"type": "LineString", "coordinates": [[-54.99266464629209, -10.246024595539115], [-54.99274838442552, -10.245949131758298]]}}, {"type": "Feature", "properties": {"layer": "0 - Linhas Quadras", "dxf_type": "LINE"}, "geometry": {"type": "LineString", "coordinates": [[-54.99274838442552, -10.245949131758298], [-54.992916743860334, -10.246126668126104]]}}, {"type": "Feature", "properties": {"layer": "0 - Linhas Quadras", "dxf_type": "LINE"}, "geometry": {"type": "LineString", "coordinates": [[-54.992916743860334, -10.246126668126104], [-54.992848051691894, -10.246190575121549]]}}, {"type": "Feature", "properties": {"layer": "0 - Linhas Quadras", "dxf_type": "LINE"}, "geometry": {"type": "LineString", "coordinates": [[-54.992848051691894, -10.246190575121549], [-54.99272062109669, -10.246082787576842]]}}, {"type": "Feature", "properties": {"layer": "0 - Linhas Quadras", "dxf_type": "LINE"}, "geometry": {"type": "LineString", "coordinates": [[-54.99274838442552, -10.245949131758298], [-54.99279810175164, -10.245904325873784]]}}, {"type": "Feature", "properties": {"layer": "0 - Linhas Quadras", "dxf_type": "LINE"}, "geometry": {"type": "LineString", "coordinates": [[-54.99279810175164, -10.245904325873784], [-54.99297545900704, -10.24607919606512]]}}, {"type": "Feature", "properties": {"layer": "0 - Linhas Quadras", "dxf_type": "LINE"}, "geometry": {"type": "LineString", "coordinates": [[-54.99297545900704, -10.24607919606512], [-54.992916743860334, -10.246126668126104]]}}, {"type": "Feature", "properties": {"layer": "0 - Linhas Quadras", "dxf_type": "LINE"}, "geometry": {"type": "LineString", "coordinates": [[-54.99279810175164, -10.245904325873784], [-54.992833316615155, -10.245872589712164]]}}, {"type": "Feature", "properties": {"layer": "0 - Linhas Quadras", "dxf_type": "LINE"}, "geometry": {"type": "LineString", "coordinates": [[-54.992833316615155, -10.245872589712164], [-54.99300021896784, -10.24605427778898]]}}, {"type": "Feature", "properties": {"layer": "0 - Linhas Quadras", "dxf_type": "LINE"}, "geometry": {"type": "LineString", "coordinates": [[-54.99300021896784, -10.24605427778898], [-54.99297531660836, -10.246079055982154]]}}, {"type": "Feature", "properties": {"layer": "0 - Linhas Quadras", "dxf_type": "LINE"}, "geometry": {"type": "LineString", "coordinates": [[-54.9928503905305, -10.245891174886848], [-54.99292457080277, -10.245825860912447]]}}, {"type": "Feature", "properties": {"layer": "0 - Linhas Quadras", "dxf_type": "LINE"}, "geometry": {"type": "LineString", "coordinates": [[-54.99292457080277, -10.245825860912447], [-54.99308143077638, -10.24598347971741]]}}, {"type": "Feature", "properties": {"layer": "0 - Linhas Quadras", "dxf_type": "LINE"}, "geometry": {"type": "LineString", "coordinates": [[-54.99308143077638, -10.24598347971741], [-54.99300021896784, -10.24605427778898]]}}, {"type": "Feature", "properties": {"layer": "0 - Linhas Quadras", "dxf_type": "LINE"}, "geometry": {"type": "LineString", "coordinates": [[-54.99292457080277, -10.245825860912447], [-54.99298197186449, -10.245775320954188]]}}, {"type": "Feature", "properties": {"layer": "0 - Linhas Quadras", "dxf_type": "LINE"}, "geometry": {"type": "LineString", "coordinates": [[-54.99298197186449, -10.245775320954188], [-54.99312642760962, -10.24593627635972]]}}, {"type": "Feature", "properties": {"layer": "0 - Linhas Quadras", "dxf_type": "LINE"}, "geometry": {"type": "LineString", "coordinates": [[-54.99312642760962, -10.24593627635972], [-54.99308143077638, -10.24598347971741]]}}, {"type": "Feature", "properties": {"layer": "0 - Linhas Quadras", "dxf_type": "LINE"}, "geometry": {"type": "LineString", "coordinates": [[-54.99298197186449, -10.245775320954188], [-54.99296520791157, -10.245756641884126]]}}, {"type": "Feature", "properties": {"layer": "0 - Linhas Quadras", "dxf_type": "LINE"}, "geometry": {"type": "LineString", "coordinates": [[-54.99296520791157, -10.245756641884126], [-54.99320942537181, -10.245541614428886]]}}, {"type": "Feature", "properties": {"layer": "0 - Linhas Quadras", "dxf_type": "LINE"}, "geometry": {"type": "LineString", "coordinates": [[-54.99320942537181, -10.245541614428886], [-54.993400195863735, -10.245723082659762]]}}, {"type": "Feature", "properties": {"layer": "0 - Linhas Quadras", "dxf_type": "LINE"}, "geometry": {"type": "LineString", "coordinates": [[-54.993400195863735, -10.245723082659762], [-54.993259906068666, -10.245854962884863]]}}, {"type": "Feature", "properties": {"layer": "0 - Linhas Quadras", "dxf_type": "LINE"}, "geometry": {"type": "LineString", "coordinates": [[-54.993259906068666, -10.245854962884863], [-54.99312642760962, -10.24593627635972]]}}, {"type": "Feature", "properties": {"layer": "0 - Linhas Quadras", "dxf_type": "LINE"}, "geometry": {"type": "LineString", "coordinates": [[-54.99313087790994, -10.245610773025085], [-54.99332168302361, -10.245796888571956]]}}, {"type": "Feature", "properties": {"layer": "0 - Linhas Quadras", "dxf_type": "LINE"}, "geometry": {"type": "LineString", "coordinates": [[-54.99306868927218, -10.245665529179496], [-54.99325480358623, -10.245859759228159]]}}, {"type": "Feature", "properties": {"layer": "0 - Linhas Quadras", "dxf_type": "LINE"}, "geometry": {"type": "LineString", "coordinates": [[-54.993017070654396, -10.245710977820453], [-54.99319316639054, -10.245895619627985]]}}, {"type": "Feature", "properties": {"layer": "0 - Linhas Quadras", "dxf_type": "LINE"}, "geometry": {"type": "LineString", "coordinates": [[-54.99320942537181, -10.245541614428886], [-54.99329925862709, -10.245462518163187]]}}, {"type": "Feature", "properties": {"layer": "0 - Linhas Quadras", "dxf_type": "LINE"}, "geometry": {"type": "LineString", "coordinates": [[-54.99329925862709, -10.245462518163187], [-54.99344302931186, -10.24562271081538]]}}, {"type": "Feature", "properties": {"layer": "0 - Linhas Quadras", "dxf_type": "LINE"}, "geometry": {"type": "LineString", "coordinates": [[-54.99344302931186, -10.24562271081538], [-54.99336501259152, -10.245689614755065]]}}, {"type": "Feature", "properties": {"layer": "0 - Linhas Quadras", "dxf_type": "LINE"}, "geometry": {"type": "LineString", "coordinates": [[-54.99325434200205, -10.245502066752188], [-54.99340402095567, -10.245656162788368]]}}, {"type": "Feature", "properties": {"layer": "0 - Linhas Quadras", "dxf_type": "LINE"}, "geometry": {"type": "LineString", "coordinates": [[-54.993585855148766, -10.245499667494487], [-54.99345546930923, -10.245356507842036]]}}, {"type": "Feature", "properties": {"layer": "0 - Linhas Quadras", "dxf_type": "LINE"}, "geometry": {"type": "LineString", "coordinates": [[-54.99345546930923, -10.245356507842036], [-54.993418846588895, -10.245356882905062]]}}, {"type": "Feature", "properties": {"layer": "0 - Linhas Quadras", "dxf_type": "LINE"}, "geometry": {"type": "LineString", "coordinates": [[-54.993418846588895, -10.245356882905062], [-54.99329925862709, -10.245462518163187]]}}, {"type": "Feature", "properties": {"layer": "0 - Linhas Quadras", "dxf_type": "LINE"}, "geometry": {"type": "LineString", "coordinates": [[-54.993585855148766, -10.245499667494487], [-54.99344302931186, -10.24562271081538]]}}, {"type": "Feature", "properties": {"layer": "0 - Linhas Quadras", "dxf_type": "LINE"}, "geometry": {"type": "LineString", "coordinates": [[-54.99353628951554, -10.245445246537452], [-54.99339522686828, -10.245569448700754]]}}, {"type": "Feature", "properties": {"layer": "0 - Linhas Quadras", "dxf_type": "LINE"}, "geometry": {"type": "LineString", "coordinates": [[-54.99334791113387, -10.24541954235958], [-54.99339053602593, -10.2454650159721]]}}, {"type": "Feature", "properties": {"layer": "0 - Linhas Quadras", "dxf_type": "LINE"}, "geometry": {"type": "LineString", "coordinates": [[-54.99339053602593, -10.2454650159721], [-54.99348082174907, -10.245384344190308]]}}, {"type": "Feature", "properties": {"layer": "0 - Linhas Quadras", "dxf_type": "LINE"}, "geometry": {"type": "LineString", "coordinates": [[-54.99339053602593, -10.2454650159721], [-54.993446287454006, -10.245524491889517]]}}, {"type": "Feature", "properties": {"layer": "0 - Linhas Quadras", "dxf_type": "LINE"}, "geometry": {"type": "LineString", "coordinates": [[-54.993585855148766, -10.245499667494487], [-54.993652851760274, -10.245573226276798]]}}, {"type": "Feature", "properties": {"layer": "0 - Linhas Quadras", "dxf_type": "LINE"}, "geometry": {"type": "LineString", "coordinates": [[-54.993652851760274, -10.245573226276798], [-54.993440642780925, -10.245762837280859]]}}, {"type": "Feature", "properties": {"layer": "0 - Linhas Quadras", "dxf_type": "LINE"}, "geometry": {"type": "LineString", "coordinates": [[-54.993440642780925, -10.245762837280859], [-54.993400195863735, -10.245723082659762]]}}, {"type": "Feature", "properties": {"layer": "0 - Linhas Quadras", "dxf_type": "LINE"}, "geometry": {"type": "LineString", "coordinates": [[-54.993652851760274, -10.245573226276798], [-54.99375328825981, -10.245683502607257]]}}, {"type": "Feature", "properties": {"layer": "0 - Linhas Quadras", "dxf_type": "LINE"}, "geometry": {"type": "LineString", "coordinates": [[-54.99375328825981, -10.245683502607257], [-54.993753572021014, -10.245710640974929]]}}, {"type": "Feature", "properties": {"layer": "0 - Linhas Quadras", "dxf_type": "LINE"}, "geometry": {"type": "LineString", "coordinates": [[-54.993753572021014, -10.245710640974929], [-54.99369393308648, -10.245764413263753]]}}, {"type": "Feature", "properties": {"layer": "0 - Linhas Quadras", "dxf_type": "LINE"}, "geometry": {"type": "LineString", "coordinates": [[-54.99369393308648, -10.245764413263753], [-54.99357168682696, -10.245645747698317]]}}, {"type": "Feature", "properties": {"layer": "0 - Linhas Quadras", "dxf_type": "LINE"}, "geometry": {"type": "LineString", "coordinates": [[-54.99348507671469, -10.245723134735002], [-54.9936026077073, -10.245840024853957]]}}, {"type": "Feature", "properties": {"layer": "0 - Linhas Quadras", "dxf_type": "LINE"}, "geometry": {"type": "LineString", "coordinates": [[-54.9936026077073, -10.245840024853957], [-54.99369393308648, -10.245764413263753]]}}, {"type": "Feature", "properties": {"layer": "0 - Linhas Quadras", "dxf_type": "LINE"}, "geometry": {"type": "LineString", "coordinates": [[-54.993440642780925, -10.245762837280859], [-54.99356110015635, -10.245881235139352]]}}, {"type": "Feature", "properties": {"layer": "0 - Linhas Quadras", "dxf_type": "LINE"}, "geometry": {"type": "LineString", "coordinates": [[-54.99356110015635, -10.245881235139352], [-54.9936026077073, -10.245840024853957]]}}, {"type": "Feature", "properties": {"layer": "0 - Linhas Quadras", "dxf_type": "LINE"}, "geometry": {"type": "LineString", "coordinates": [[-54.99349126171969, -10.245945027663714], [-54.99356110015635, -10.245881235139352]]}}, {"type": "Feature", "properties": {"layer": "0 - Linhas Quadras", "dxf_type": "LINE"}, "geometry": {"type": "LineString", "coordinates": [[-54.99333711348347, -10.245782383690958], [-54.99349126171969, -10.245945027663714]]}}, {"type": "Feature", "properties": {"layer": "0 - Linhas Quadras", "dxf_type": "LINE"}, "geometry": {"type": "LineString", "coordinates": [[-54.99326378939088, -10.245851312418536], [-54.99342294418906, -10.24601337898985]]}}, {"type": "Feature", "properties": {"layer": "0 - Linhas Quadras", "dxf_type": "LINE"}, "geometry": {"type": "LineString", "coordinates": [[-54.99342294418906, -10.24601337898985], [-54.99349126171969, -10.245945027663714]]}}, {"type": "Feature", "properties": {"layer": "0 - Linhas Quadras", "dxf_type": "LINE"}, "geometry": {"type": "LineString", "coordinates": [[-54.99333711348347, -10.245782383690958], [-54.993294750393446, -10.245822207465254]]}}, {"type": "Feature", "properties": {"layer": "0 - Linhas Quadras", "dxf_type": "LINE"}, "geometry": {"type": "LineString", "coordinates": [[-54.993294750393446, -10.245822207465254], [-54.99345599261936, -10.245980314173973]]}}, {"type": "Feature", "properties": {"layer": "0 - Linhas Quadras", "dxf_type": "LINE"}, "geometry": {"type": "LineString", "coordinates": [[-54.99342294418906, -10.24601337898985], [-54.99329847215431, -10.246123282194622]]}}, {"type": "Feature", "properties": {"layer": "0 - Linhas Quadras", "dxf_type": "LINE"}, "geometry": {"type": "LineString", "coordinates": [[-54.99329847215431, -10.246123282194622], [-54.99312008506598, -10.245942928929376]]}}, {"type": "Feature", "properties": {"layer": "0 - Linhas Quadras", "dxf_type": "LINE"}, "geometry": {"type": "LineString", "coordinates": [[-54.99329847215431, -10.246123282194622], [-54.993025587929644, -10.246388075173678]]}}, {"type": "Feature", "properties": {"layer": "0 - Linhas Quadras", "dxf_type": "LINE"}, "geometry": {"type": "LineString", "coordinates": [[-54.993025587929644, -10.246388075173678], [-54.992848051691894, -10.246190575121549]]}}, {"type": "Feature", "properties": {"layer": "0 - Linhas Quadras", "dxf_type": "LINE"}, "geometry": {"type": "LineString", "coordinates": [[-54.993060260655, -10.246001934533478], [-54.993238166199276, -10.246181800356592]]}}, {"type": "Feature", "properties": {"layer": "0 - Linhas Quadras", "dxf_type": "LINE"}, "geometry": {"type": "LineString", "coordinates": [[-54.99318917729838, -10.246229336129513], [-54.993005898129, -10.246048627190634]]}}, {"type": "Feature", "properties": {"layer": "0 - Linhas Quadras", "dxf_type": "LINE"}, "geometry": {"type": "LineString", "coordinates": [[-54.99314216989998, -10.246274949734902], [-54.992960871488485, -10.24609099074966]]}}, {"type": "Feature", "properties": {"layer": "0 - Linhas Quadras", "dxf_type": "LINE"}, "geometry": {"type": "LineString", "coordinates": [[-54.993025587929644, -10.246388075173678], [-54.99282903231899, -10.246561411341764]]}}, {"type": "Feature", "properties": {"layer": "0 - Linhas Quadras", "dxf_type": "LINE"}, "geometry": {"type": "LineString", "coordinates": [[-54.99282903231899, -10.246561411341764], [-54.9925338692605, -10.24627983790187]]}}, {"type": "Feature", "properties": {"layer": "0 - Linhas Quadras", "dxf_type": "LINE"}, "geometry": {"type": "LineString", "coordinates": [[-54.99297777226925, -10.24633488160783], [-54.99278021763309, -10.24651484454908]]}}, {"type": "Feature", "properties": {"layer": "0 - Linhas Quadras", "dxf_type": "LINE"}, "geometry": {"type": "LineString", "coordinates": [[-54.99290779018438, -10.246257031421859], [-54.99271184988915, -10.246449623926479]]}}, {"type": "Feature", "properties": {"layer": "0 - Linhas Quadras", "dxf_type": "LINE"}, "geometry": {"type": "LineString", "coordinates": [[-54.99278021763309, -10.24651484454908], [-54.99274012174408, -10.246476595232364]]}}, {"type": "Feature", "properties": {"layer": "0 - Linhas Quadras", "dxf_type": "LINE"}, "geometry": {"type": "LineString", "coordinates": [[-54.99274012174408, -10.246476595232364], [-54.99293681978387, -10.246289325154798]]}}, {"type": "Feature", "properties": {"layer": "0 - Linhas Quadras", "dxf_type": "LINE"}, "geometry": {"type": "LineString", "coordinates": [[-54.99286797781726, -10.246212741164594], [-54.99267334881695, -10.246412895807673]]}}, {"type": "Feature", "properties": {"layer": "0 - Linhas Quadras", "dxf_type": "LINE"}, "geometry": {"type": "LineString", "coordinates": [[-54.99282835739041, -10.24617391628976], [-54.99263320941174, -10.2463746046332]]}}, {"type": "Feature", "properties": {"layer": "0 - Linhas Quadras", "dxf_type": "LINE"}, "geometry": {"type": "LineString", "coordinates": [[-54.99279382632349, -10.24614470801116], [-54.9926005614013, -10.246343459109442]]}}, {"type": "Feature", "properties": {"layer": "0 - Linhas Quadras", "dxf_type": "LINE"}, "geometry": {"type": "LineString", "coordinates": [[-54.9927608012649, -10.246116774518086], [-54.99256933763894, -10.246313673740046]]}}, {"type": "Feature", "properties": {"layer": "0 - Linhas Quadras", "dxf_type": "LINE"}, "geometry": {"type": "LineString", "coordinates": [[-54.9930140900587, -10.244868383230747], [-54.99287466803098, -10.244984671540237]]}}, {"type": "Feature", "properties": {"layer": "0 - Linhas Quadras", "dxf_type": "LINE"}, "geometry": {"type": "LineString", "coordinates": [[-54.99287466803098, -10.244984671540237], [-54.99295145470055, -10.244920625538223]]}}, {"type": "Feature", "properties": {"layer": "0 - Linhas Quadras", "dxf_type": "LINE"}, "geometry": {"type": "LineString", "coordinates": [[-54.9930140900587, -10.244868383230747], [-54.993364825713996, -10.245248200982285]]}}, {"type": "Feature", "properties": {"layer": "0 - Linhas Quadras", "dxf_type": "LINE"}, "geometry": {"type": "LineString", "coordinates": [[-54.993364825713996, -10.245248200982285], [-54.99322638351898, -10.245369745453958]]}}, {"type": "Feature", "properties": {"layer": "0 - Linhas Quadras", "dxf_type": "LINE"}, "geometry": {"type": "LineString", "coordinates": [[-54.99322638351898, -10.245369745453958], [-54.99287466803098, -10.244984671540237]]}}, {"type": "Feature", "properties": {"layer": "0 - Linhas Quadras", "dxf_type": "LINE"}, "geometry": {"type": "LineString", "coordinates": [[-54.99300229590422, -10.245201445905064], [-54.993177835487955, -10.245045705607883]]}}, {"type": "Feature", "properties": {"layer": "0 - Linhas Quadras", "dxf_type": "LINE"}, "geometry": {"type": "LineString", "coordinates": [[-54.99295145470055, -10.244920625538223], [-54.99311231472058, -10.245102543745016]]}}, {"type": "Feature", "properties": {"layer": "0 - Linhas Quadras", "dxf_type": "LINE"}, "geometry": {"type": "LineString", "coordinates": [[-54.99311231472058, -10.245102543745016], [-54.99329517837489, -10.245309346176123]]}}, {"type": "Feature", "properties": {"layer": "0 - Linhas Quadras", "dxf_type": "LINE"}, "geometry": {"type": "LineString", "coordinates": [[-54.99287466803098, -10.244984671540237], [-54.99283557744218, -10.245017275968051]]}}, {"type": "Feature", "properties": {"layer": "0 - Linhas Quadras", "dxf_type": "LINE"}, "geometry": {"type": "LineString", "coordinates": [[-54.99283557744218, -10.245017275968051], [-54.99300229590422, -10.245201445905064]]}}, {"type": "Feature", "properties": {"layer": "0 - Linhas Quadras", "dxf_type": "LINE"}, "geometry": {"type": "LineString", "coordinates": [[-54.99283557744218, -10.245017275968051], [-54.992800651042565, -10.24504640702256]]}}, {"type": "Feature", "properties": {"layer": "0 - Linhas Quadras", "dxf_type": "LINE"}, "geometry": {"type": "LineString", "coordinates": [[-54.992800651042565, -10.24504640702256], [-54.99297107924493, -10.245232028977528]]}}, {"type": "Feature", "properties": {"layer": "0 - Linhas Quadras", "dxf_type": "LINE"}, "geometry": {"type": "LineString", "coordinates": [[-54.99300229590422, -10.245201445905064], [-54.99293859811357, -10.24526385164995]]}}, {"type": "Feature", "properties": {"layer": "0 - Linhas Quadras", "dxf_type": "LINE"}, "geometry": {"type": "LineString", "coordinates": [[-54.992800651042565, -10.24504640702256], [-54.992740581656136, -10.245096509267675]]}}, {"type": "Feature", "properties": {"layer": "0 - Linhas Quadras", "dxf_type": "LINE"}, "geometry": {"type": "LineString", "coordinates": [[-54.992740581656136, -10.245096509267675], [-54.99291474810493, -10.245290073580883]]}}, {"type": "Feature", "properties": {"layer": "0 - Linhas Quadras", "dxf_type": "LINE"}, "geometry": {"type": "LineString", "coordinates": [[-54.99291474810493, -10.245290073580883], [-54.99293859811357, -10.24526385164995]]}}, {"type": "Feature", "properties": {"layer": "0 - Linhas Quadras", "dxf_type": "LINE"}, "geometry": {"type": "LineString", "coordinates": [[-54.992740581656136, -10.245096509267675], [-54.99268850693772, -10.24514135665455]]}}, {"type": "Feature", "properties": {"layer": "0 - Linhas Quadras", "dxf_type": "LINE"}, "geometry": {"type": "LineString", "coordinates": [[-54.99268850693772, -10.24514135665455], [-54.99285759269297, -10.245332047699039]]}}, {"type": "Feature", "properties": {"layer": "0 - Linhas Quadras", "dxf_type": "LINE"}, "geometry": {"type": "LineString", "coordinates": [[-54.99285869242293, -10.245333202468064], [-54.99291474810493, -10.245290073580883]]}}, {"type": "Feature", "properties": {"layer": "0 - Linhas Quadras", "dxf_type": "LINE"}, "geometry": {"type": "LineString", "coordinates": [[-54.99268850693772, -10.24514135665455], [-54.992611693899995, -10.245205370774054]]}}, {"type": "Feature", "properties": {"layer": "0 - Linhas Quadras", "dxf_type": "LINE"}, "geometry": {"type": "LineString", "coordinates": [[-54.992611693899995, -10.245205370774054], [-54.99278170521246, -10.24539806071539]]}}, {"type": "Feature", "properties": {"layer": "0 - Linhas Quadras", "dxf_type": "LINE"}, "geometry": {"type": "LineString", "coordinates": [[-54.99278170521246, -10.24539806071539], [-54.99285759269297, -10.245332047699039]]}}, {"type": "Feature", "properties": {"layer": "0 - Linhas Quadras", "dxf_type": "LINE"}, "geometry": {"type": "LineString", "coordinates": [[-54.992611693899995, -10.245205370774054], [-54.99255582927775, -10.245251925738952]]}}, {"type": "Feature", "properties": {"layer": "0 - Linhas Quadras", "dxf_type": "LINE"}, "geometry": {"type": "LineString", "coordinates": [[-54.99255582927775, -10.245251925738952], [-54.992726167275094, -10.24544548729618]]}}, {"type": "Feature", "properties": {"layer": "0 - Linhas Quadras", "dxf_type": "LINE"}, "geometry": {"type": "LineString", "coordinates": [[-54.992726167275094, -10.24544548729618], [-54.99278170521246, -10.24539806071539]]}}, {"type": "Feature", "properties": {"layer": "0 - Linhas Quadras", "dxf_type": "LINE"}, "geometry": {"type": "LineString", "coordinates": [[-54.99255582927775, -10.245251925738952], [-54.99247901528161, -10.245315938907012]]}}, {"type": "Feature", "properties": {"layer": "0 - Linhas Quadras", "dxf_type": "LINE"}, "geometry": {"type": "LineString", "coordinates": [[-54.99247901528161, -10.245315938907012], [-54.99265696543592, -10.245506005943957]]}}, {"type": "Feature", "properties": {"layer": "0 - Linhas Quadras", "dxf_type": "LINE"}, "geometry": {"type": "LineString", "coordinates": [[-54.99265696543592, -10.245506005943957], [-54.992726167275094, -10.24544548729618]]}}, {"type": "Feature", "properties": {"layer": "0 - Linhas Quadras", "dxf_type": "LINE"}, "geometry": {"type": "LineString", "coordinates": [[-54.99265696543592, -10.245506005943957], [-54.99244619276653, -10.245683539650075]]}}, {"type": "Feature", "properties": {"layer": "0 - Linhas Quadras", "dxf_type": "LINE"}, "geometry": {"type": "LineString", "coordinates": [[-54.99244619276653, -10.245683539650075], [-54.992429785002024, -10.245692804747431]]}}, {"type": "Feature", "properties": {"layer": "0 - Linhas Quadras", "dxf_type": "LINE"}, "geometry": {"type": "LineString", "coordinates": [[-54.992429785002024, -10.245692804747431], [-54.99217231993665, -10.245909793436853]]}}, {"type": "Feature", "properties": {"layer": "0 - Linhas Quadras", "dxf_type": "LINE"}, "geometry": {"type": "LineString", "coordinates": [[-54.99247901528161, -10.245315938907012], [-54.99240354708648, -10.24538173475775]]}}, {"type": "Feature", "properties": {"layer": "0 - Linhas Quadras", "dxf_type": "LINE"}, "geometry": {"type": "LineString", "coordinates": [[-54.99240354708648, -10.24538173475775], [-54.99257688431394, -10.245572761334161]]}}, {"type": "Feature", "properties": {"layer": "0 - Linhas Quadras", "dxf_type": "LINE"}, "geometry": {"type": "LineString", "coordinates": [[-54.992331208035864, -10.245444802895552], [-54.99250081013701, -10.245637534738785]]}}, {"type": "Feature", "properties": {"layer": "0 - Linhas Quadras", "dxf_type": "LINE"}, "geometry": {"type": "LineString", "coordinates": [[-54.99240354708648, -10.24538173475775], [-54.99233089995647, -10.24544445207966]]}}, {"type": "Feature", "properties": {"layer": "0 - Linhas Quadras", "dxf_type": "LINE"}, "geometry": {"type": "LineString", "coordinates": [[-54.99233089995647, -10.24544445207966], [-54.99219330886553, -10.245563234377187]]}}, {"type": "Feature", "properties": {"layer": "0 - Linhas Quadras", "dxf_type": "LINE"}, "geometry": {"type": "LineString", "coordinates": [[-54.99219330886553, -10.245563234377187], [-54.99236401181482, -10.245748237335267]]}}, {"type": "Feature", "properties": {"layer": "0 - Linhas Quadras", "dxf_type": "LINE"}, "geometry": {"type": "LineString", "coordinates": [[-54.99219330886553, -10.245563234377187], [-54.992003476900955, -10.245727117716141]]}}, {"type": "Feature", "properties": {"layer": "0 - Linhas Quadras", "dxf_type": "LINE"}, "geometry": {"type": "LineString", "coordinates": [[-54.992003476900955, -10.245727117716141], [-54.99217231993665, -10.245909793436853]]}}, {"type": "Feature", "properties": {"layer": "0 - Linhas Quadras", "dxf_type": "LINE"}, "geometry": {"type": "LineString", "coordinates": [[-54.99210851758693, -10.24584076378793], [-54.992306802618636, -10.245686236649037]]}}, {"type": "Feature", "properties": {"layer": "0 - Linhas Quadras", "dxf_type": "LINE"}, "geometry": {"type": "LineString", "coordinates": [[-54.992244680615606, -10.24561891044937], [-54.992054556448714, -10.245782382535928]]}}, {"type": "Feature", "properties": {"layer": "0 - Linhas Quadras", "dxf_type": "LINE"}, "geometry": {"type": "LineString", "coordinates": [[-54.992381962302986, -10.245733108998591], [-54.99257358642806, -10.245932281683599]]}}, {"type": "Feature", "properties": {"layer": "0 - Linhas Quadras", "dxf_type": "LINE"}, "geometry": {"type": "LineString", "coordinates": [[-54.99257358642806, -10.245932281683599], [-54.99236579169661, -10.24610959954743]]}}, {"type": "Feature", "properties": {"layer": "0 - Linhas Quadras", "dxf_type": "LINE"}, "geometry": {"type": "LineString", "coordinates": [[-54.99236579169661, -10.24610959954743], [-54.99217231993665, -10.245909793436853]]}}, {"type": "Feature", "properties": {"layer": "0 - Linhas Quadras", "dxf_type": "LINE"}, "geometry": {"type": "LineString", "coordinates": [[-54.992471379974326, -10.245826049106894], [-54.99225901751559, -10.245999329810452]]}}, {"type": "Feature", "properties": {"layer": "0 - Linhas Quadras", "dxf_type": "LINE"}, "geometry": {"type": "LineString", "coordinates": [[-54.992424792038946, -10.245777625829], [-54.9922105806771, -10.245949306896295]]}}, {"type": "Feature", "properties": {"layer": "0 - Linhas Quadras", "dxf_type": "LINE"}, "geometry": {"type": "LineString", "coordinates": [[-54.99322638351898, -10.245369745453958], [-54.99289557189969, -10.245646729978846]]}}, {"type": "Feature", "properties": {"layer": "0 - Linhas Quadras", "dxf_type": "LINE"}, "geometry": {"type": "LineString", "coordinates": [[-54.99289557189969, -10.245646729978846], [-54.99257358642806, -10.245932281683599]]}}, {"type": "Feature", "properties": {"layer": "0 - Linhas Quadras", "dxf_type": "LINE"}, "geometry": {"type": "LineString", "coordinates": [[-54.99319112703028, -10.245399265005602], [-54.99301137596807, -10.245193390175647]]}}, {"type": "Feature", "properties": {"layer": "0 - Linhas Quadras", "dxf_type": "LINE"}, "geometry": {"type": "LineString", "coordinates": [[-54.993124510419776, -10.24545504239483], [-54.99295129047267, -10.245251417034067]]}}, {"type": "Feature", "properties": {"layer": "0 - Linhas Quadras", "dxf_type": "LINE"}, "geometry": {"type": "LineString", "coordinates": [[-54.99291474810493, -10.245290073580883], [-54.993082836377575, -10.245489935895323]]}}, {"type": "Feature", "properties": {"layer": "0 - Linhas Quadras", "dxf_type": "LINE"}, "geometry": {"type": "LineString", "coordinates": [[-54.99285759269297, -10.245332047699039], [-54.993041124711844, -10.245524860793692]]}}, {"type": "Feature", "properties": {"layer": "0 - Linhas Quadras", "dxf_type": "LINE"}, "geometry": {"type": "LineString", "coordinates": [[-54.993041124711844, -10.245524860793692], [-54.99299930845181, -10.245559872719516]]}}, {"type": "Feature", "properties": {"layer": "0 - Linhas Quadras", "dxf_type": "LINE"}, "geometry": {"type": "LineString", "coordinates": [[-54.99299930845181, -10.245559872719516], [-54.992818022445235, -10.245366469650769]]}}, {"type": "Feature", "properties": {"layer": "0 - Linhas Quadras", "dxf_type": "LINE"}, "geometry": {"type": "LineString", "coordinates": [[-54.99299930845181, -10.245559872719516], [-54.992950522342824, -10.245600720707646]]}}, {"type": "Feature", "properties": {"layer": "0 - Linhas Quadras", "dxf_type": "LINE"}, "geometry": {"type": "LineString", "coordinates": [[-54.992950522342824, -10.245600720707646], [-54.992767825541975, -10.2454099140018]]}}, {"type": "Feature", "properties": {"layer": "0 - Linhas Quadras", "dxf_type": "LINE"}, "geometry": {"type": "LineString", "coordinates": [[-54.992950522342824, -10.245600720707646], [-54.99290173622174, -10.245641568685977]]}}, {"type": "Feature", "properties": {"layer": "0 - Linhas Quadras", "dxf_type": "LINE"}, "geometry": {"type": "LineString", "coordinates": [[-54.99290173622174, -10.245641568685977], [-54.992726167275094, -10.24544548729618]]}}, {"type": "Feature", "properties": {"layer": "0 - Linhas Quadras", "dxf_type": "LINE"}, "geometry": {"type": "LineString", "coordinates": [[-54.99286078977091, -10.245677576655424], [-54.9926844971497, -10.245481928273973]]}}, {"type": "Feature", "properties": {"layer": "0 - Linhas Quadras", "dxf_type": "LINE"}, "geometry": {"type": "LineString", "coordinates": [[-54.99281782235904, -10.245715682794534], [-54.99263594331747, -10.245523713201754]]}}, {"type": "Feature", "properties": {"layer": "0 - Linhas Quadras", "dxf_type": "LINE"}, "geometry": {"type": "LineString", "coordinates": [[-54.99277502105785, -10.245753639900801], [-54.99259095948869, -10.24556160257292]]}}, {"type": "Feature", "properties": {"layer": "0 - Linhas Quadras", "dxf_type": "LINE"}, "geometry": {"type": "LineString", "coordinates": [[-54.99274196608135, -10.245782955135963], [-54.99255644313042, -10.245590675554531]]}}, {"type": "Feature", "properties": {"layer": "0 - Linhas Quadras", "dxf_type": "LINE"}, "geometry": {"type": "LineString", "coordinates": [[-54.99269064541919, -10.245828468826845], [-54.99250404699125, -10.245634808616838]]}}, {"type": "Feature", "properties": {"layer": "0 - Linhas Quadras", "dxf_type": "LINE"}, "geometry": {"type": "LineString", "coordinates": [[-54.99244619276653, -10.245683539650075], [-54.99263193054838, -10.245880539987043]]}}, {"type": "Feature", "properties": {"layer": "0 - Linhas Quadras", "dxf_type": "LINE"}, "geometry": {"type": "LineString", "coordinates": [[-54.99213655494051, -10.243854548523897], [-54.99210981682858, -10.243854493682974]]}}, {"type": "Feature", "properties": {"layer": "0 - Linhas Quadras", "dxf_type": "LINE"}, "geometry": {"type": "LineString", "coordinates": [[-54.99210981682858, -10.243854493682974], [-54.991996828619214, -10.243943542540261]]}}, {"type": "Feature", "properties": {"layer": "0 - Linhas Quadras", "dxf_type": "LINE"}, "geometry": {"type": "LineString", "coordinates": [[-54.991996828619214, -10.243943542540261], [-54.992328849749995, -10.24430425135685]]}}, {"type": "Feature", "properties": {"layer": "0 - Linhas Quadras", "dxf_type": "LINE"}, "geometry": {"type": "LineString", "coordinates": [[-54.992328849749995, -10.24430425135685], [-54.99243198622417, -10.24421784609115]]}}, {"type": "Feature", "properties": {"layer": "0 - Linhas Quadras", "dxf_type": "LINE"}, "geometry": {"type": "LineString", "coordinates": [[-54.99243198622417, -10.24421784609115], [-54.99243201401483, -10.244204585748713]]}}, {"type": "Feature", "properties": {"layer": "0 - Linhas Quadras", "dxf_type": "LINE"}, "geometry": {"type": "LineString", "coordinates": [[-54.99243201401483, -10.244204585748713], [-54.99213655494051, -10.243854548523897]]}}, {"type": "Feature", "properties": {"layer": "0 - Linhas Quadras", "dxf_type": "LINE"}, "geometry": {"type": "LineString", "coordinates": [[-54.991996828619214, -10.243943542540261], [-54.99166927357543, -10.244221475254394]]}}, {"type": "Feature", "properties": {"layer": "0 - Linhas Quadras", "dxf_type": "LINE"}, "geometry": {"type": "LineString", "coordinates": [[-54.99166927357543, -10.244221475254394], [-54.991243011536966, -10.24455862452334]]}}, {"type": "Feature", "properties": {"layer": "0 - Linhas Quadras", "dxf_type": "LINE"}, "geometry": {"type": "LineString", "coordinates": [[-54.991243011536966, -10.24455862452334], [-54.991095071744574, -10.244689119586882]]}}, {"type": "Feature", "properties": {"layer": "0 - Linhas Quadras", "dxf_type": "LINE"}, "geometry": {"type": "LineString", "coordinates": [[-54.991095071744574, -10.244689119586882], [-54.991021404641096, -10.244754100943505]]}}, {"type": "Feature", "properties": {"layer": "0 - Linhas Quadras", "dxf_type": "LINE"}, "geometry": {"type": "LineString", "coordinates": [[-54.991021404641096, -10.244754100943505], [-54.99102129164009, -10.244807683704506]]}}, {"type": "Feature", "properties": {"layer": "0 - Linhas Quadras", "dxf_type": "LINE"}, "geometry": {"type": "LineString", "coordinates": [[-54.99102129164009, -10.244807683704506], [-54.991403437561026, -10.24518776683132]]}}, {"type": "Feature", "properties": {"layer": "0 - Linhas Quadras", "dxf_type": "LINE"}, "geometry": {"type": "LineString", "coordinates": [[-54.991403437561026, -10.24518776683132], [-54.99169951563944, -10.244895723429057]]}}, {"type": "Feature", "properties": {"layer": "0 - Linhas Quadras", "dxf_type": "LINE"}, "geometry": {"type": "LineString", "coordinates": [[-54.99169951563944, -10.244895723429057], [-54.99188917278781, -10.244732138316094]]}}, {"type": "Feature", "properties": {"layer": "0 - Linhas Quadras", "dxf_type": "LINE"}, "geometry": {"type": "LineString", "coordinates": [[-54.99188917278781, -10.244732138316094], [-54.99208881088331, -10.244535220264446]]}}, {"type": "Feature", "properties": {"layer": "0 - Linhas Quadras", "dxf_type": "LINE"}, "geometry": {"type": "LineString", "coordinates": [[-54.99208881088331, -10.244535220264446], [-54.992256279242675, -10.244398624474401]]}}, {"type": "Feature", "properties": {"layer": "0 - Linhas Quadras", "dxf_type": "LINE"}, "geometry": {"type": "LineString", "coordinates": [[-54.992256279242675, -10.244398624474401], [-54.99233976827431, -10.244316272223372]]}}, {"type": "Feature", "properties": {"layer": "0 - Linhas Quadras", "dxf_type": "LINE"}, "geometry": {"type": "LineString", "coordinates": [[-54.99233976827431, -10.244316272223372], [-54.992328849749995, -10.24430425135685]]}}, {"type": "Feature", "properties": {"layer": "0 - Linhas Quadras", "dxf_type": "LINE"}, "geometry": {"type": "LineString", "coordinates": [[-54.99203472554243, -10.243913675133536], [-54.992160213903574, -10.24406540931636]]}}, {"type": "Feature", "properties": {"layer": "0 - Linhas Quadras", "dxf_type": "LINE"}, "geometry": {"type": "LineString", "coordinates": [[-54.992160213903574, -10.24406540931636], [-54.99213080479963, -10.244089094814536]]}}, {"type": "Feature", "properties": {"layer": "0 - Linhas Quadras", "dxf_type": "LINE"}, "geometry": {"type": "LineString", "coordinates": [[-54.992160213903574, -10.24406540931636], [-54.992250078066036, -10.24398904243289]]}}, {"type": "Feature", "properties": {"layer": "0 - Linhas Quadras", "dxf_type": "LINE"}, "geometry": {"type": "LineString", "coordinates": [[-54.99233387030415, -10.244088312256785], [-54.99222174207496, -10.2441878890354]]}}, {"type": "Feature", "properties": {"layer": "0 - Linhas Quadras", "dxf_type": "LINE"}, "geometry": {"type": "LineString", "coordinates": [[-54.99199668585311, -10.244173091315012], [-54.99211540854416, -10.2440723685033]]}}, {"type": "Feature", "properties": {"layer": "0 - Linhas Quadras", "dxf_type": "LINE"}, "geometry": {"type": "LineString", "coordinates": [[-54.99199668585311, -10.244173091315012], [-54.99187456428656, -10.244047284224683]]}}, {"type": "Feature", "properties": {"layer": "0 - Linhas Quadras", "dxf_type": "LINE"}, "geometry": {"type": "LineString", "coordinates": [[-54.99204456873645, -10.24413246746707], [-54.99192751000219, -10.244002359172711]]}}, {"type": "Feature", "properties": {"layer": "0 - Linhas Quadras", "dxf_type": "LINE"}, "geometry": {"type": "LineString", "coordinates": [[-54.99199668585311, -10.244173091315012], [-54.99190600305419, -10.2442500252322]]}}, {"type": "Feature", "properties": {"layer": "0 - Linhas Quadras", "dxf_type": "LINE"}, "geometry": {"type": "LineString", "coordinates": [[-54.99190600305419, -10.2442500252322], [-54.99179156465028, -10.244117710336116]]}}, {"type": "Feature", "properties": {"layer": "0 - Linhas Quadras", "dxf_type": "LINE"}, "geometry": {"type": "LineString", "coordinates": [[-54.99166927357543, -10.244221475254394], [-54.99180516539086, -10.24436874247365]]}}, {"type": "Feature", "properties": {"layer": "0 - Linhas Quadras", "dxf_type": "LINE"}, "geometry": {"type": "LineString", "coordinates": [[-54.99180516539086, -10.24436874247365], [-54.991871378288494, -10.244308802114457]]}}, {"type": "Feature", "properties": {"layer": "0 - Linhas Quadras", "dxf_type": "LINE"}, "geometry": {"type": "LineString", "coordinates": [[-54.991871378288494, -10.244308802114457], [-54.99174227516908, -10.244159533090356]]}}, {"type": "Feature", "properties": {"layer": "0 - Linhas Quadras", "dxf_type": "LINE"}, "geometry": {"type": "LineString", "coordinates": [[-54.99190600305419, -10.2442500252322], [-54.991856713566506, -10.24429184709855]]}}, {"type": "Feature", "properties": {"layer": "0 - Linhas Quadras", "dxf_type": "LINE"}, "geometry": {"type": "LineString", "coordinates": [[-54.99157302888778, -10.244297600045478], [-54.99170239300686, -10.244439905135225]]}}, {"type": "Feature", "properties": {"layer": "0 - Linhas Quadras", "dxf_type": "LINE"}, "geometry": {"type": "LineString", "coordinates": [[-54.99170239300686, -10.244439905135225], [-54.99179416775878, -10.244356824150815]]}}, {"type": "Feature", "properties": {"layer": "0 - Linhas Quadras", "dxf_type": "LINE"}, "geometry": {"type": "LineString", "coordinates": [[-54.99150227339231, -10.244353563044896], [-54.9916603882217, -10.244528056284121]]}}, {"type": "Feature", "properties": {"layer": "0 - Linhas Quadras", "dxf_type": "LINE"}, "geometry": {"type": "LineString", "coordinates": [[-54.9916603882217, -10.244528056284121], [-54.99173011206313, -10.24446607400348]]}}, {"type": "Feature", "properties": {"layer": "0 - Linhas Quadras", "dxf_type": "LINE"}, "geometry": {"type": "LineString", "coordinates": [[-54.99173011206313, -10.24446607400348], [-54.99170239300686, -10.244439905135225]]}}, {"type": "Feature", "properties": {"layer": "0 - Linhas Quadras", "dxf_type": "LINE"}, "geometry": {"type": "LineString", "coordinates": [[-54.9916603882217, -10.244528056284121], [-54.99158591135446, -10.244594263030592]]}}, {"type": "Feature", "properties": {"layer": "0 - Linhas Quadras", "dxf_type": "LINE"}, "geometry": {"type": "LineString", "coordinates": [[-54.99158591135446, -10.244594263030592], [-54.99141562779222, -10.24442209539128]]}}, {"type": "Feature", "properties": {"layer": "0 - Linhas Quadras", "dxf_type": "LINE"}, "geometry": {"type": "LineString", "coordinates": [[-54.99131106145472, -10.244504800730986], [-54.99149225186975, -10.244686775541204]]}}, {"type": "Feature", "properties": {"layer": "0 - Linhas Quadras", "dxf_type": "LINE"}, "geometry": {"type": "LineString", "coordinates": [[-54.99149225186975, -10.244686775541204], [-54.99158591135446, -10.244594263030592]]}}, {"type": "Feature", "properties": {"layer": "0 - Linhas Quadras", "dxf_type": "LINE"}, "geometry": {"type": "LineString", "coordinates": [[-54.99141562779222, -10.24442209539128], [-54.991365709568676, -10.24446157755248]]}}, {"type": "Feature", "properties": {"layer": "0 - Linhas Quadras", "dxf_type": "LINE"}, "geometry": {"type": "LineString", "coordinates": [[-54.991365709568676, -10.24446157755248], [-54.991542485830976, -10.244637156948041]]}}, {"type": "Feature", "properties": {"layer": "0 - Linhas Quadras", "dxf_type": "LINE"}, "geometry": {"type": "LineString", "coordinates": [[-54.99149225186975, -10.244686775541204], [-54.991414215263724, -10.244757987845622]]}}, {"type": "Feature", "properties": {"layer": "0 - Linhas Quadras", "dxf_type": "LINE"}, "geometry": {"type": "LineString", "coordinates": [[-54.991414215263724, -10.244757987845622], [-54.99123852303483, -10.244562583981503]]}}, {"type": "Feature", "properties": {"layer": "0 - Linhas Quadras", "dxf_type": "LINE"}, "geometry": {"type": "LineString", "coordinates": [[-54.991414215263724, -10.244757987845622], [-54.99133415086121, -10.244828611799017]]}}, {"type": "Feature", "properties": {"layer": "0 - Linhas Quadras", "dxf_type": "LINE"}, "geometry": {"type": "LineString", "coordinates": [[-54.99133415086121, -10.244828611799017], [-54.991153048785726, -10.244637978801434]]}}, {"type": "Feature", "properties": {"layer": "0 - Linhas Quadras", "dxf_type": "LINE"}, "geometry": {"type": "LineString", "coordinates": [[-54.99133415086121, -10.244828611799017], [-54.99127552865396, -10.244880321714241]]}}, {"type": "Feature", "properties": {"layer": "0 - Linhas Quadras", "dxf_type": "LINE"}, "geometry": {"type": "LineString", "coordinates": [[-54.99127552865396, -10.244880321714241], [-54.991095071744574, -10.244689119586882]]}}, {"type": "Feature", "properties": {"layer": "0 - Linhas Quadras", "dxf_type": "LINE"}, "geometry": {"type": "LineString", "coordinates": [[-54.991021404641096, -10.244754100943505], [-54.99103913566805, -10.244738459707035]]}}, {"type": "Feature", "properties": {"layer": "0 - Linhas Quadras", "dxf_type": "LINE"}, "geometry": {"type": "LineString", "coordinates": [[-54.99127552865396, -10.244880321714241], [-54.99118454946048, -10.2449700602627]]}}, {"type": "Feature", "properties": {"layer": "0 - Linhas Quadras", "dxf_type": "LINE"}, "geometry": {"type": "LineString", "coordinates": [[-54.99118454946048, -10.2449700602627], [-54.991216881462286, -10.244938169076638]]}}, {"type": "Feature", "properties": {"layer": "0 - Linhas Quadras", "dxf_type": "LINE"}, "geometry": {"type": "LineString", "coordinates": [[-54.991216881462286, -10.244938169076638], [-54.99103913566805, -10.244738459707035]]}}, {"type": "Feature", "properties": {"layer": "0 - Linhas Quadras", "dxf_type": "LINE"}, "geometry": {"type": "LineString", "coordinates": [[-54.99118454946048, -10.2449700602627], [-54.99125956009835, -10.244896072381218]]}}, {"type": "Feature", "properties": {"layer": "0 - Linhas Quadras", "dxf_type": "LINE"}, "geometry": {"type": "LineString", "coordinates": [[-54.99125956009835, -10.244896072381218], [-54.991474020110346, -10.245118146401731]]}}, {"type": "Feature", "properties": {"layer": "0 - Linhas Quadras", "dxf_type": "LINE"}, "geometry": {"type": "LineString", "coordinates": [[-54.991309815110284, -10.244850077782317], [-54.99152275044082, -10.245070079606025]]}}, {"type": "Feature", "properties": {"layer": "0 - Linhas Quadras", "dxf_type": "LINE"}, "geometry": {"type": "LineString", "coordinates": [[-54.99136202620788, -10.244804022944587], [-54.991576360666414, -10.245017200647515]]}}, {"type": "Feature", "properties": {"layer": "0 - Linhas Quadras", "dxf_type": "LINE"}, "geometry": {"type": "LineString", "coordinates": [[-54.99149225186975, -10.244686775541204], [-54.99169951563944, -10.244895723429057]]}}, {"type": "Feature", "properties": {"layer": "0 - Linhas Quadras", "dxf_type": "LINE"}, "geometry": {"type": "LineString", "coordinates": [[-54.991576360666414, -10.245017200647515], [-54.99162843844074, -10.244966521390499]]}}, {"type": "Feature", "properties": {"layer": "0 - Linhas Quadras", "dxf_type": "LINE"}, "geometry": {"type": "LineString", "coordinates": [[-54.99162843844074, -10.244966521390499], [-54.9914198905362, -10.244752809097772]]}}, {"type": "Feature", "properties": {"layer": "0 - Linhas Quadras", "dxf_type": "LINE"}, "geometry": {"type": "LineString", "coordinates": [[-54.99179758241738, -10.244811138345838], [-54.99158591135446, -10.244594263030592]]}}, {"type": "Feature", "properties": {"layer": "0 - Linhas Quadras", "dxf_type": "LINE"}, "geometry": {"type": "LineString", "coordinates": [[-54.99173011206313, -10.24446607400348], [-54.99193403414658, -10.244687888295122]]}}, {"type": "Feature", "properties": {"layer": "0 - Linhas Quadras", "dxf_type": "LINE"}, "geometry": {"type": "LineString", "coordinates": [[-54.991863895879916, -10.244753941121827], [-54.991646422891364, -10.24454047123156]]}}, {"type": "Feature", "properties": {"layer": "0 - Linhas Quadras", "dxf_type": "LINE"}, "geometry": {"type": "LineString", "coordinates": [[-54.99202360714413, -10.244599535545632], [-54.99180814928147, -10.2443660419123]]}}, {"type": "Feature", "properties": {"layer": "0 - Linhas Quadras", "dxf_type": "LINE"}, "geometry": {"type": "LineString", "coordinates": [[-54.991871378288494, -10.244308802114457], [-54.99208881088331, -10.244535220264446]]}}, {"type": "Feature", "properties": {"layer": "0 - Linhas Quadras", "dxf_type": "LINE"}, "geometry": {"type": "LineString", "coordinates": [[-54.99215862890326, -10.244478273294776], [-54.99193429349582, -10.244226023710578]]}}, {"type": "Feature", "properties": {"layer": "0 - Linhas Quadras", "dxf_type": "LINE"}, "geometry": {"type": "LineString", "coordinates": [[-54.99199668585311, -10.244173091315012], [-54.992233582964445, -10.244417136714235]]}}, {"type": "Feature", "properties": {"layer": "0 - Linhas Quadras", "dxf_type": "LINE"}, "geometry": {"type": "LineString", "coordinates": [[-54.992031312585944, -10.244143714432413], [-54.992259460268016, -10.244395486724242]]}}, {"type": "Feature", "properties": {"layer": "0 - Linhas Quadras", "dxf_type": "LINE"}, "geometry": {"type": "LineString", "coordinates": [[-54.99713409965379, -10.242885725236885], [-54.9970138383718, -10.242980177503936]]}}, {"type": "Feature", "properties": {"layer": "0 - Linhas Quadras", "dxf_type": "LINE"}, "geometry": {"type": "LineString", "coordinates": [[-54.9970138383718, -10.242980177503936], [-54.99701388273363, -10.242996222409841]]}}, {"type": "Feature", "properties": {"layer": "0 - Linhas Quadras", "dxf_type": "LINE"}, "geometry": {"type": "LineString", "coordinates": [[-54.99701388273363, -10.242996222409841], [-54.99709413113067, -10.243092274940727]]}}, {"type": "Feature", "properties": {"layer": "0 - Linhas Quadras", "dxf_type": "LINE"}, "geometry": {"type": "LineString", "coordinates": [[-54.9972268099762, -10.242993510584117], [-54.99713409965379, -10.242885725236885]]}}, {"type": "Feature", "properties": {"layer": "0 - Linhas Quadras", "dxf_type": "LINE"}, "geometry": {"type": "LineString", "coordinates": [[-54.997231007732154, -10.24281097018987], [-54.99713409965379, -10.242885725236885]]}}, {"type": "Feature", "properties": {"layer": "0 - Linhas Quadras", "dxf_type": "LINE"}, "geometry": {"type": "LineString", "coordinates": [[-54.99713409965379, -10.242885725236885], [-54.99720609889051, -10.24283018513254]]}}, {"type": "Feature", "properties": {"layer": "0 - Linhas Quadras", "dxf_type": "LINE"}, "geometry": {"type": "LineString", "coordinates": [[-54.99729679500766, -10.242933188957242], [-54.9972268099762, -10.242993510584117]]}}, {"type": "Feature", "properties": {"layer": "0 - Linhas Quadras", "dxf_type": "LINE"}, "geometry": {"type": "LineString", "coordinates": [[-54.997231007732154, -10.24281097018987], [-54.99732138040271, -10.242913018377223]]}}, {"type": "Feature", "properties": {"layer": "0 - Linhas Quadras", "dxf_type": "LINE"}, "geometry": {"type": "LineString", "coordinates": [[-54.99732138040271, -10.242913018377223], [-54.99729679500766, -10.242933188957242]]}}, {"type": "Feature", "properties": {"layer": "0 - Linhas Quadras", "dxf_type": "LINE"}, "geometry": {"type": "LineString", "coordinates": [[-54.997231007732154, -10.24281097018987], [-54.99730914139052, -10.24274308680337]]}}, {"type": "Feature", "properties": {"layer": "0 - Linhas Quadras", "dxf_type": "LINE"}, "geometry": {"type": "LineString", "coordinates": [[-54.99730914139052, -10.24274308680337], [-54.99741572296329, -10.242863438903152]]}}, {"type": "Feature", "properties": {"layer": "0 - Linhas Quadras", "dxf_type": "LINE"}, "geometry": {"type": "LineString", "coordinates": [[-54.99741572296329, -10.242863438903152], [-54.99733745846776, -10.242929628459764]]}}, {"type": "Feature", "properties": {"layer": "0 - Linhas Quadras", "dxf_type": "LINE"}, "geometry": {"type": "LineString", "coordinates": [[-54.99733745846776, -10.242929628459764], [-54.99732138040271, -10.242913018377223]]}}, {"type": "Feature", "properties": {"layer": "0 - Linhas Quadras", "dxf_type": "LINE"}, "geometry": {"type": "LineString", "coordinates": [[-54.99730914139052, -10.24274308680337], [-54.99739561513703, -10.24267668656872]]}}, {"type": "Feature", "properties": {"layer": "0 - Linhas Quadras", "dxf_type": "LINE"}, "geometry": {"type": "LineString", "coordinates": [[-54.99739561513703, -10.24267668656872], [-54.99750565109422, -10.242799922640286]]}}, {"type": "Feature", "properties": {"layer": "0 - Linhas Quadras", "dxf_type": "LINE"}, "geometry": {"type": "LineString", "coordinates": [[-54.99750565109422, -10.242799922640286], [-54.99741572296329, -10.242863438903152]]}}, {"type": "Feature", "properties": {"layer": "0 - Linhas Quadras", "dxf_type": "LINE"}, "geometry": {"type": "LineString", "coordinates": [[-54.99750565109422, -10.242799922640286], [-54.99759175763709, -10.242729211989232]]}}, {"type": "Feature", "properties": {"layer": "0 - Linhas Quadras", "dxf_type": "LINE"}, "geometry": {"type": "LineString", "coordinates": [[-54.99759175763709, -10.242729211989232], [-54.99748296220667, -10.24261043269431]]}}, {"type": "Feature", "properties": {"layer": "0 - Linhas Quadras", "dxf_type": "LINE"}, "geometry": {"type": "LineString", "coordinates": [[-54.99748296220667, -10.24261043269431], [-54.99739561513703, -10.24267668656872]]}}, {"type": "Feature", "properties": {"layer": "0 - Linhas Quadras", "dxf_type": "LINE"}, "geometry": {"type": "LineString", "coordinates": [[-54.99756033256731, -10.242547388652042], [-54.99748296220667, -10.24261043269431]]}}, {"type": "Feature", "properties": {"layer": "0 - Linhas Quadras", "dxf_type": "LINE"}, "geometry": {"type": "LineString", "coordinates": [[-54.99756033256731, -10.242547388652042], [-54.99765938373976, -10.242673643929397]]}}, {"type": "Feature", "properties": {"layer": "0 - Linhas Quadras", "dxf_type": "LINE"}, "geometry": {"type": "LineString", "coordinates": [[-54.99765938373976, -10.242673643929397], [-54.99759175763709, -10.242729211989232]]}}, {"type": "Feature", "properties": {"layer": "0 - Linhas Quadras", "dxf_type": "LINE"}, "geometry": {"type": "LineString", "coordinates": [[-54.997622519700634, -10.242496586933342], [-54.99755889575606, -10.242545557494944]]}}, {"type": "Feature", "properties": {"layer": "0 - Linhas Quadras", "dxf_type": "LINE"}, "geometry": {"type": "LineString", "coordinates": [[-54.997622519700634, -10.242496586933342], [-54.99773725647689, -10.242623905071225]]}}, {"type": "Feature", "properties": {"layer": "0 - Linhas Quadras", "dxf_type": "LINE"}, "geometry": {"type": "LineString", "coordinates": [[-54.99773725647689, -10.242623905071225], [-54.99766503527962, -10.242680514198016]]}}, {"type": "Feature", "properties": {"layer": "0 - Linhas Quadras", "dxf_type": "LINE"}, "geometry": {"type": "LineString", "coordinates": [[-54.99766503527962, -10.242680514198016], [-54.99765938373976, -10.242673643929397]]}}, {"type": "Feature", "properties": {"layer": "0 - Linhas Quadras", "dxf_type": "LINE"}, "geometry": {"type": "LineString", "coordinates": [[-54.997622519700634, -10.242496586933342], [-54.99765731880129, -10.242465821050311]]}}, {"type": "Feature", "properties": {"layer": "0 - Linhas Quadras", "dxf_type": "LINE"}, "geometry": {"type": "LineString", "coordinates": [[-54.99765731880129, -10.242465821050311], [-54.99776318065873, -10.242599801585467]]}}, {"type": "Feature", "properties": {"layer": "0 - Linhas Quadras", "dxf_type": "LINE"}, "geometry": {"type": "LineString", "coordinates": [[-54.99776318065873, -10.242599801585467], [-54.99773666376866, -10.242623246077224]]}}, {"type": "Feature", "properties": {"layer": "0 - Linhas Quadras", "dxf_type": "LINE"}, "geometry": {"type": "LineString", "coordinates": [[-54.997945078583356, -10.242505850487346], [-54.99782718938248, -10.24234424978794]]}}, {"type": "Feature", "properties": {"layer": "0 - Linhas Quadras", "dxf_type": "LINE"}, "geometry": {"type": "LineString", "coordinates": [[-54.99782718938248, -10.24234424978794], [-54.99765731880129, -10.242465821050311]]}}, {"type": "Feature", "properties": {"layer": "0 - Linhas Quadras", "dxf_type": "LINE"}, "geometry": {"type": "LineString", "coordinates": [[-54.997945078583356, -10.242505850487346], [-54.99777759414293, -10.242625718136704]]}}, {"type": "Feature", "properties": {"layer": "0 - Linhas Quadras", "dxf_type": "LINE"}, "geometry": {"type": "LineString", "coordinates": [[-54.9977805459916, -10.242623605764734], [-54.99776318065873, -10.242599801585467]]}}, {"type": "Feature", "properties": {"layer": "0 - Linhas Quadras", "dxf_type": "LINE"}, "geometry": {"type": "LineString", "coordinates": [[-54.997945078583356, -10.242505850487346], [-54.997999376960905, -10.242580282104328]]}}, {"type": "Feature", "properties": {"layer": "0 - Linhas Quadras", "dxf_type": "LINE"}, "geometry": {"type": "LineString", "coordinates": [[-54.997999376960905, -10.242580282104328], [-54.99784633000863, -10.242707988007243]]}}, {"type": "Feature", "properties": {"layer": "0 - Linhas Quadras", "dxf_type": "LINE"}, "geometry": {"type": "LineString", "coordinates": [[-54.99784633000863, -10.242707988007243], [-54.9977805459916, -10.242623605764734]]}}, {"type": "Feature", "properties": {"layer": "0 - Linhas Quadras", "dxf_type": "LINE"}, "geometry": {"type": "LineString", "coordinates": [[-54.99788613396892, -10.242425050140353], [-54.997719393943164, -10.242544384512819]]}}, {"type": "Feature", "properties": {"layer": "0 - Linhas Quadras", "dxf_type": "LINE"}, "geometry": {"type": "LineString", "coordinates": [[-54.997715387805314, -10.24264104619858], [-54.99779857427888, -10.242742443491387]]}}, {"type": "Feature", "properties": {"layer": "0 - Linhas Quadras", "dxf_type": "LINE"}, "geometry": {"type": "LineString", "coordinates": [[-54.99779857427888, -10.242742443491387], [-54.99784633000863, -10.242707988007243]]}}, {"type": "Feature", "properties": {"layer": "0 - Linhas Quadras", "dxf_type": "LINE"}, "geometry": {"type": "LineString", "coordinates": [[-54.99779857427888, -10.242742443491387], [-54.99775397243989, -10.242783452848537]]}}, {"type": "Feature", "properties": {"layer": "0 - Linhas Quadras", "dxf_type": "LINE"}, "geometry": {"type": "LineString", "coordinates": [[-54.99775397243989, -10.242783452848537], [-54.99766503527962, -10.242680514198016]]}}, {"type": "Feature", "properties": {"layer": "0 - Linhas Quadras", "dxf_type": "LINE"}, "geometry": {"type": "LineString", "coordinates": [[-54.99775397243989, -10.242783452848537], [-54.9977134460915, -10.242820713412799]]}}, {"type": "Feature", "properties": {"layer": "0 - Linhas Quadras", "dxf_type": "LINE"}, "geometry": {"type": "LineString", "coordinates": [[-54.9977134460915, -10.242820713412799], [-54.99761578728676, -10.242709467321697]]}}, {"type": "Feature", "properties": {"layer": "0 - Linhas Quadras", "dxf_type": "LINE"}, "geometry": {"type": "LineString", "coordinates": [[-54.9977134460915, -10.242820713412799], [-54.997673316256595, -10.242857611226803]]}}, {"type": "Feature", "properties": {"layer": "0 - Linhas Quadras", "dxf_type": "LINE"}, "geometry": {"type": "LineString", "coordinates": [[-54.997673316256595, -10.242857611226803], [-54.997572580754834, -10.242744960463625]]}}, {"type": "Feature", "properties": {"layer": "0 - Linhas Quadras", "dxf_type": "LINE"}, "geometry": {"type": "LineString", "coordinates": [[-54.997673316256595, -10.242857611226803], [-54.997576015666326, -10.242930209955881]]}}, {"type": "Feature", "properties": {"layer": "0 - Linhas Quadras", "dxf_type": "LINE"}, "geometry": {"type": "LineString", "coordinates": [[-54.997576015666326, -10.242930209955881], [-54.99748388934009, -10.24281529271631]]}}, {"type": "Feature", "properties": {"layer": "0 - Linhas Quadras", "dxf_type": "LINE"}, "geometry": {"type": "LineString", "coordinates": [[-54.997576015666326, -10.242930209955881], [-54.997495539859486, -10.242993503324763]]}}, {"type": "Feature", "properties": {"layer": "0 - Linhas Quadras", "dxf_type": "LINE"}, "geometry": {"type": "LineString", "coordinates": [[-54.997495539859486, -10.242993503324763], [-54.997403220503564, -10.242874011928558]]}}, {"type": "Feature", "properties": {"layer": "0 - Linhas Quadras", "dxf_type": "LINE"}, "geometry": {"type": "LineString", "coordinates": [[-54.997495539859486, -10.242993503324763], [-54.99741991500834, -10.243065442738734]]}}, {"type": "Feature", "properties": {"layer": "0 - Linhas Quadras", "dxf_type": "LINE"}, "geometry": {"type": "LineString", "coordinates": [[-54.99741991500834, -10.243065442738734], [-54.99729679500766, -10.242933188957242]]}}, {"type": "Feature", "properties": {"layer": "0 - Linhas Quadras", "dxf_type": "LINE"}, "geometry": {"type": "LineString", "coordinates": [[-54.99741991500834, -10.243065442738734], [-54.99734140318951, -10.243137148310234]]}}, {"type": "Feature", "properties": {"layer": "0 - Linhas Quadras", "dxf_type": "LINE"}, "geometry": {"type": "LineString", "coordinates": [[-54.99734140318951, -10.243137148310234], [-54.9972268099762, -10.242993510584117]]}}, {"type": "Feature", "properties": {"layer": "0 - Linhas Quadras", "dxf_type": "LINE"}, "geometry": {"type": "LineString", "coordinates": [[-54.99734140318951, -10.243137148310234], [-54.99721646478584, -10.243234935336217]]}}, {"type": "Feature", "properties": {"layer": "0 - Linhas Quadras", "dxf_type": "LINE"}, "geometry": {"type": "LineString", "coordinates": [[-54.99721646478584, -10.243234935336217], [-54.99719882282205, -10.243234991185997]]}}, {"type": "Feature", "properties": {"layer": "0 - Linhas Quadras", "dxf_type": "LINE"}, "geometry": {"type": "LineString", "coordinates": [[-54.99719882282205, -10.243234991185997], [-54.99709413113067, -10.243092274940727]]}}, {"type": "Feature", "properties": {"layer": "0 - Linhas Quadras", "dxf_type": "LINE"}, "geometry": {"type": "LineString", "coordinates": [[-54.99734140318951, -10.243137148310234], [-54.99725653330531, -10.243030767156968]]}}, {"type": "Feature", "properties": {"layer": "0 - Linhas Quadras", "dxf_type": "LINE"}, "geometry": {"type": "LineString", "coordinates": [[-54.99725653330531, -10.243030767156968], [-54.99712071326565, -10.243128512436938]]}}, {"type": "Feature", "properties": {"layer": "0 - Linhas Quadras", "dxf_type": "LINE"}, "geometry": {"type": "LineString", "coordinates": [[-54.99719692214572, -10.242958763190892], [-54.99706512923516, -10.243057561919084]]}}, {"type": "Feature", "properties": {"layer": "0 - Linhas Quadras", "dxf_type": "LINE"}, "geometry": {"type": "LineString", "coordinates": [[-54.99730916213155, -10.24331762227282], [-54.99735292828944, -10.243375877596902]]}}, {"type": "Feature", "properties": {"layer": "0 - Linhas Quadras", "dxf_type": "LINE"}, "geometry": {"type": "LineString", "coordinates": [[-54.99735292828944, -10.243375877596902], [-54.99754040024997, -10.24322461808167]]}}, {"type": "Feature", "properties": {"layer": "0 - Linhas Quadras", "dxf_type": "LINE"}, "geometry": {"type": "LineString", "coordinates": [[-54.99754040024997, -10.24322461808167], [-54.99749031744589, -10.243169344790209]]}}, {"type": "Feature", "properties": {"layer": "0 - Linhas Quadras", "dxf_type": "LINE"}, "geometry": {"type": "LineString", "coordinates": [[-54.99749031744589, -10.243169344790209], [-54.99730916213155, -10.24331762227282]]}}, {"type": "Feature", "properties": {"layer": "0 - Linhas Quadras", "dxf_type": "LINE"}, "geometry": {"type": "LineString", "coordinates": [[-54.99749031744589, -10.243169344790209], [-54.997544714548845, -10.24312482079238]]}}, {"type": "Feature", "properties": {"layer": "0 - Linhas Quadras", "dxf_type": "LINE"}, "geometry": {"type": "LineString", "coordinates": [[-54.997544714548845, -10.24312482079238], [-54.997738493279556, -10.243337785243636]]}}, {"type": "Feature", "properties": {"layer": "0 - Linhas Quadras", "dxf_type": "LINE"}, "geometry": {"type": "LineString", "coordinates": [[-54.99754040024997, -10.24322461808167], [-54.997604157142206, -10.243291592798522]]}}, {"type": "Feature", "properties": {"layer": "0 - Linhas Quadras", "dxf_type": "LINE"}, "geometry": {"type": "LineString", "coordinates": [[-54.997544714548845, -10.24312482079238], [-54.99758555144124, -10.243088692076979]]}}, {"type": "Feature", "properties": {"layer": "0 - Linhas Quadras", "dxf_type": "LINE"}, "geometry": {"type": "LineString", "coordinates": [[-54.99758555144124, -10.243088692076979], [-54.9978358911202, -10.243351782941938]]}}, {"type": "Feature", "properties": {"layer": "0 - Linhas Quadras", "dxf_type": "LINE"}, "geometry": {"type": "LineString", "coordinates": [[-54.9978358911202, -10.243351782941938], [-54.99779737515087, -10.243387737962845]]}}, {"type": "Feature", "properties": {"layer": "0 - Linhas Quadras", "dxf_type": "LINE"}, "geometry": {"type": "LineString", "coordinates": [[-54.99779737515087, -10.243387737962845], [-54.997738493279556, -10.243337785243636]]}}, {"type": "Feature", "properties": {"layer": "0 - Linhas Quadras", "dxf_type": "LINE"}, "geometry": {"type": "LineString", "coordinates": [[-54.99758555144124, -10.243088692076979], [-54.99762141348832, -10.24305521465978]]}}, {"type": "Feature", "properties": {"layer": "0 - Linhas Quadras", "dxf_type": "LINE"}, "geometry": {"type": "LineString", "coordinates": [[-54.99762141348832, -10.24305521465978], [-54.99786604460762, -10.243323573666643]]}}, {"type": "Feature", "properties": {"layer": "0 - Linhas Quadras", "dxf_type": "LINE"}, "geometry": {"type": "LineString", "coordinates": [[-54.99786604460762, -10.243323573666643], [-54.99783586029696, -10.243351750210902]]}}, {"type": "Feature", "properties": {"layer": "0 - Linhas Quadras", "dxf_type": "LINE"}, "geometry": {"type": "LineString", "coordinates": [[-54.99762141348832, -10.24305521465978], [-54.99769098956977, -10.242995193232867]]}}, {"type": "Feature", "properties": {"layer": "0 - Linhas Quadras", "dxf_type": "LINE"}, "geometry": {"type": "LineString", "coordinates": [[-54.99769098956977, -10.242995193232867], [-54.99793006931076, -10.243270970858164]]}}, {"type": "Feature", "properties": {"layer": "0 - Linhas Quadras", "dxf_type": "LINE"}, "geometry": {"type": "LineString", "coordinates": [[-54.99793540111333, -10.243382444791097], [-54.99786604460762, -10.243323573666643]]}}, {"type": "Feature", "properties": {"layer": "0 - Linhas Quadras", "dxf_type": "LINE"}, "geometry": {"type": "LineString", "coordinates": [[-54.99769098956977, -10.242995193232867], [-54.99776276874849, -10.24293937413253]]}}, {"type": "Feature", "properties": {"layer": "0 - Linhas Quadras", "dxf_type": "LINE"}, "geometry": {"type": "LineString", "coordinates": [[-54.99776276874849, -10.24293937413253], [-54.99799553145417, -10.243217188223968]]}}, {"type": "Feature", "properties": {"layer": "0 - Linhas Quadras", "dxf_type": "LINE"}, "geometry": {"type": "LineString", "coordinates": [[-54.99776276874849, -10.24293937413253], [-54.99784000326104, -10.24287820754555]]}}, {"type": "Feature", "properties": {"layer": "0 - Linhas Quadras", "dxf_type": "LINE"}, "geometry": {"type": "LineString", "coordinates": [[-54.99784000326104, -10.24287820754555], [-54.998063187856665, -10.243161601291694]]}}, {"type": "Feature", "properties": {"layer": "0 - Linhas Quadras", "dxf_type": "LINE"}, "geometry": {"type": "LineString", "coordinates": [[-54.99823617339297, -10.242939691823132], [-54.998011085224306, -10.243095442334564]]}}, {"type": "Feature", "properties": {"layer": "0 - Linhas Quadras", "dxf_type": "LINE"}, "geometry": {"type": "LineString", "coordinates": [[-54.99827920687468, -10.243012637620952], [-54.998063187856665, -10.243161601291694]]}}, {"type": "Feature", "properties": {"layer": "0 - Linhas Quadras", "dxf_type": "LINE"}, "geometry": {"type": "LineString", "coordinates": [[-54.99823617339297, -10.242939691823132], [-54.99827920687468, -10.243012637620952]]}}, {"type": "Feature", "properties": {"layer": "0 - Linhas Quadras", "dxf_type": "LINE"}, "geometry": {"type": "LineString", "coordinates": [[-54.998063187856665, -10.243161601291694], [-54.99786604460762, -10.243323573666643]]}}, {"type": "Feature", "properties": {"layer": "0 - Linhas Quadras", "dxf_type": "LINE"}, "geometry": {"type": "LineString", "coordinates": [[-54.99827920687468, -10.243012637620952], [-54.99833582203551, -10.243091218018705]]}}, {"type": "Feature", "properties": {"layer": "0 - Linhas Quadras", "dxf_type": "LINE"}, "geometry": {"type": "LineString", "coordinates": [[-54.99833582203551, -10.243091218018705], [-54.9981225003626, -10.243235864014766]]}}, {"type": "Feature", "properties": {"layer": "0 - Linhas Quadras", "dxf_type": "LINE"}, "geometry": {"type": "LineString", "coordinates": [[-54.9981225003626, -10.243235864014766], [-54.99793540111333, -10.243382444791097]]}}, {"type": "Feature", "properties": {"layer": "0 - Linhas Quadras", "dxf_type": "LINE"}, "geometry": {"type": "LineString", "coordinates": [[-54.99784000326104, -10.24287820754555], [-54.998080181140985, -10.24267463033899]]}}, {"type": "Feature", "properties": {"layer": "0 - Linhas Quadras", "dxf_type": "LINE"}, "geometry": {"type": "LineString", "coordinates": [[-54.998080181140985, -10.24267463033899], [-54.99809933257607, -10.242674858521184]]}}, {"type": "Feature", "properties": {"layer": "0 - Linhas Quadras", "dxf_type": "LINE"}, "geometry": {"type": "LineString", "coordinates": [[-54.99809933257607, -10.242674858521184], [-54.998250904571435, -10.24293083999285]]}}, {"type": "Feature", "properties": {"layer": "0 - Linhas Quadras", "dxf_type": "LINE"}, "geometry": {"type": "LineString", "coordinates": [[-54.998250904571435, -10.24293083999285], [-54.99823617339297, -10.242939691823132]]}}, {"type": "Feature", "properties": {"layer": "0 - Linhas Quadras", "dxf_type": "LINE"}, "geometry": {"type": "LineString", "coordinates": [[-54.99784000326104, -10.24287820754555], [-54.997937074327204, -10.24279592900157]]}}, {"type": "Feature", "properties": {"layer": "0 - Linhas Quadras", "dxf_type": "LINE"}, "geometry": {"type": "LineString", "coordinates": [[-54.99792305420337, -10.242807813338716], [-54.99809720962265, -10.243035848106073]]}}, {"type": "Feature", "properties": {"layer": "0 - Linhas Quadras", "dxf_type": "LINE"}, "geometry": {"type": "LineString", "coordinates": [[-54.99801991879902, -10.24272570885172], [-54.9981787922999, -10.242979396852455]]}}, {"type": "Feature", "properties": {"layer": "0 - Linhas Quadras", "dxf_type": "LINE"}, "geometry": {"type": "LineString", "coordinates": [[-54.99833582203551, -10.243091218018705], [-54.99837714006938, -10.243148566894945]]}}, {"type": "Feature", "properties": {"layer": "0 - Linhas Quadras", "dxf_type": "LINE"}, "geometry": {"type": "LineString", "coordinates": [[-54.99837714006938, -10.243148566894945], [-54.99797212478106, -10.243420056276042]]}}, {"type": "Feature", "properties": {"layer": "0 - Linhas Quadras", "dxf_type": "LINE"}, "geometry": {"type": "LineString", "coordinates": [[-54.99797212478106, -10.243420056276042], [-54.99793540111333, -10.243382444791097]]}}, {"type": "Feature", "properties": {"layer": "0 - Linhas Quadras", "dxf_type": "LINE"}, "geometry": {"type": "LineString", "coordinates": [[-54.99837714006938, -10.243148566894945], [-54.998427965537886, -10.243222953595618]]}}, {"type": "Feature", "properties": {"layer": "0 - Linhas Quadras", "dxf_type": "LINE"}, "geometry": {"type": "LineString", "coordinates": [[-54.998427965537886, -10.243222953595618], [-54.998024534900786, -10.243474160608505]]}}, {"type": "Feature", "properties": {"layer": "0 - Linhas Quadras", "dxf_type": "LINE"}, "geometry": {"type": "LineString", "coordinates": [[-54.998024534900786, -10.243474160608505], [-54.99797212478106, -10.243420056276042]]}}, {"type": "Feature", "properties": {"layer": "0 - Linhas Quadras", "dxf_type": "LINE"}, "geometry": {"type": "LineString", "coordinates": [[-54.99847226591601, -10.243298934420904], [-54.998522841749384, -10.243389987931533]]}}, {"type": "Feature", "properties": {"layer": "0 - Linhas Quadras", "dxf_type": "LINE"}, "geometry": {"type": "LineString", "coordinates": [[-54.998522841749384, -10.243389987931533], [-54.99834098225724, -10.24348908736942]]}}, {"type": "Feature", "properties": {"layer": "0 - Linhas Quadras", "dxf_type": "LINE"}, "geometry": {"type": "LineString", "coordinates": [[-54.99834098225724, -10.24348908736942], [-54.998290210624866, -10.243414264388457]]}}, {"type": "Feature", "properties": {"layer": "0 - Linhas Quadras", "dxf_type": "LINE"}, "geometry": {"type": "LineString", "coordinates": [[-54.998290210624866, -10.243414264388457], [-54.99847226591601, -10.243298934420904]]}}, {"type": "Feature", "properties": {"layer": "0 - Linhas Quadras", "dxf_type": "LINE"}, "geometry": {"type": "LineString", "coordinates": [[-54.998427965537886, -10.243222953595618], [-54.99847226591601, -10.243298934420904]]}}, {"type": "Feature", "properties": {"layer": "0 - Linhas Quadras", "dxf_type": "LINE"}, "geometry": {"type": "LineString", "coordinates": [[-54.998024534900786, -10.243474160608505], [-54.99808420706803, -10.243535762496538]]}}, {"type": "Feature", "properties": {"layer": "0 - Linhas Quadras", "dxf_type": "LINE"}, "geometry": {"type": "LineString", "coordinates": [[-54.99808420706803, -10.243535762496538], [-54.998290210624866, -10.243414264388457]]}}, {"type": "Feature", "properties": {"layer": "0 - Linhas Quadras", "dxf_type": "LINE"}, "geometry": {"type": "LineString", "coordinates": [[-54.998522841749384, -10.243389987931533], [-54.99861291122169, -10.243569258915244]]}}, {"type": "Feature", "properties": {"layer": "0 - Linhas Quadras", "dxf_type": "LINE"}, "geometry": {"type": "LineString", "coordinates": [[-54.99861291122169, -10.243569258915244], [-54.99854123013994, -10.243617726291221]]}}, {"type": "Feature", "properties": {"layer": "0 - Linhas Quadras", "dxf_type": "LINE"}, "geometry": {"type": "LineString", "coordinates": [[-54.99854123013994, -10.243617726291221], [-54.99842682096243, -10.243442311653713]]}}, {"type": "Feature", "properties": {"layer": "0 - Linhas Quadras", "dxf_type": "LINE"}, "geometry": {"type": "LineString", "coordinates": [[-54.99854123013994, -10.243617726291221], [-54.998455045455486, -10.243676001426316]]}}, {"type": "Feature", "properties": {"layer": "0 - Linhas Quadras", "dxf_type": "LINE"}, "geometry": {"type": "LineString", "coordinates": [[-54.998455045455486, -10.243676001426316], [-54.99834098225724, -10.24348908736942]]}}, {"type": "Feature", "properties": {"layer": "0 - Linhas Quadras", "dxf_type": "LINE"}, "geometry": {"type": "LineString", "coordinates": [[-54.998455045455486, -10.243676001426316], [-54.99839069997207, -10.243719509795495]]}}, {"type": "Feature", "properties": {"layer": "0 - Linhas Quadras", "dxf_type": "LINE"}, "geometry": {"type": "LineString", "coordinates": [[-54.99839069997207, -10.243719509795495], [-54.998178907626695, -10.243479909077257]]}}, {"type": "Feature", "properties": {"layer": "0 - Linhas Quadras", "dxf_type": "LINE"}, "geometry": {"type": "LineString", "coordinates": [[-54.99808420706803, -10.243535762496538], [-54.99834870730496, -10.24378827760328]]}}, {"type": "Feature", "properties": {"layer": "0 - Linhas Quadras", "dxf_type": "LINE"}, "geometry": {"type": "LineString", "coordinates": [[-54.99834870730496, -10.24378827760328], [-54.99839990446414, -10.243735667146794]]}}, {"type": "Feature", "properties": {"layer": "0 - Linhas Quadras", "dxf_type": "LINE"}, "geometry": {"type": "LineString", "coordinates": [[-54.99839990446414, -10.243735667146794], [-54.99838938204699, -10.243720401086305]]}}, {"type": "Feature", "properties": {"layer": "0 - Linhas Quadras", "dxf_type": "LINE"}, "geometry": {"type": "LineString", "coordinates": [[-54.99815534671977, -10.243603678379635], [-54.998098297671596, -10.243650363703239]]}}, {"type": "Feature", "properties": {"layer": "0 - Linhas Quadras", "dxf_type": "LINE"}, "geometry": {"type": "LineString", "coordinates": [[-54.998098297671596, -10.243650363703239], [-54.99828067881301, -10.243847731984058]]}}, {"type": "Feature", "properties": {"layer": "0 - Linhas Quadras", "dxf_type": "LINE"}, "geometry": {"type": "LineString", "coordinates": [[-54.99828067881301, -10.243847731984058], [-54.99834870730496, -10.24378827760328]]}}, {"type": "Feature", "properties": {"layer": "0 - Linhas Quadras", "dxf_type": "LINE"}, "geometry": {"type": "LineString", "coordinates": [[-54.998098297671596, -10.243650363703239], [-54.99804141692657, -10.243701929428775]]}}, {"type": "Feature", "properties": {"layer": "0 - Linhas Quadras", "dxf_type": "LINE"}, "geometry": {"type": "LineString", "coordinates": [[-54.99804141692657, -10.243701929428775], [-54.99821338529637, -10.243899277924045]]}}, {"type": "Feature", "properties": {"layer": "0 - Linhas Quadras", "dxf_type": "LINE"}, "geometry": {"type": "LineString", "coordinates": [[-54.99821338529637, -10.243899277924045], [-54.99827592173856, -10.243842584681937]]}}, {"type": "Feature", "properties": {"layer": "0 - Linhas Quadras", "dxf_type": "LINE"}, "geometry": {"type": "LineString", "coordinates": [[-54.99805070247028, -10.24371258510354], [-54.99792856750233, -10.243830584213102]]}}, {"type": "Feature", "properties": {"layer": "0 - Linhas Quadras", "dxf_type": "LINE"}, "geometry": {"type": "LineString", "coordinates": [[-54.99792856750233, -10.243830584213102], [-54.998090023587515, -10.24401395756272]]}}, {"type": "Feature", "properties": {"layer": "0 - Linhas Quadras", "dxf_type": "LINE"}, "geometry": {"type": "LineString", "coordinates": [[-54.998090023587515, -10.24401395756272], [-54.99821338529637, -10.243899277924045]]}}, {"type": "Feature", "properties": {"layer": "0 - Linhas Quadras", "dxf_type": "LINE"}, "geometry": {"type": "LineString", "coordinates": [[-54.99799384254697, -10.243767518964054], [-54.99815836153739, -10.243950429349646]]}}, {"type": "Feature", "properties": {"layer": "0 - Linhas Quadras", "dxf_type": "LINE"}, "geometry": {"type": "LineString", "coordinates": [[-54.99793975546844, -10.243386904442463], [-54.9975713899771, -10.243671761905375]]}}, {"type": "Feature", "properties": {"layer": "0 - Linhas Quadras", "dxf_type": "LINE"}, "geometry": {"type": "LineString", "coordinates": [[-54.9975713899771, -10.243671761905375], [-54.99791044438595, -10.244117393267826]]}}, {"type": "Feature", "properties": {"layer": "0 - Linhas Quadras", "dxf_type": "LINE"}, "geometry": {"type": "LineString", "coordinates": [[-54.99791044438595, -10.244117393267826], [-54.99807951223879, -10.244002018903887]]}}, {"type": "Feature", "properties": {"layer": "0 - Linhas Quadras", "dxf_type": "LINE"}, "geometry": {"type": "LineString", "coordinates": [[-54.99737479470776, -10.243358234816263], [-54.99743048215155, -10.24342944898073]]}}, {"type": "Feature", "properties": {"layer": "0 - Linhas Quadras", "dxf_type": "LINE"}, "geometry": {"type": "LineString", "coordinates": [[-54.99743048215155, -10.24342944898073], [-54.997604157142206, -10.243291592798522]]}}, {"type": "Feature", "properties": {"layer": "0 - Linhas Quadras", "dxf_type": "LINE"}, "geometry": {"type": "LineString", "coordinates": [[-54.99737479470776, -10.243358234816263], [-54.99740217670304, -10.24339325150538]]}}, {"type": "Feature", "properties": {"layer": "0 - Linhas Quadras", "dxf_type": "LINE"}, "geometry": {"type": "LineString", "coordinates": [[-54.99740217670304, -10.24339325150538], [-54.99757124649527, -10.243257021155994]]}}, {"type": "Feature", "properties": {"layer": "0 - Linhas Quadras", "dxf_type": "LINE"}, "geometry": {"type": "LineString", "coordinates": [[-54.99743048215155, -10.24342944898073], [-54.997477129794405, -10.243489103235925]]}}, {"type": "Feature", "properties": {"layer": "0 - Linhas Quadras", "dxf_type": "LINE"}, "geometry": {"type": "LineString", "coordinates": [[-54.997477129794405, -10.243489103235925], [-54.99765615416926, -10.243346213483552]]}}, {"type": "Feature", "properties": {"layer": "0 - Linhas Quadras", "dxf_type": "LINE"}, "geometry": {"type": "LineString", "coordinates": [[-54.997477129794405, -10.243489103235925], [-54.99753836785387, -10.243564374033008]]}}, {"type": "Feature", "properties": {"layer": "0 - Linhas Quadras", "dxf_type": "LINE"}, "geometry": {"type": "LineString", "coordinates": [[-54.99753836785387, -10.243564374033008], [-54.99772316016587, -10.243414760230252]]}}, {"type": "Feature", "properties": {"layer": "0 - Linhas Quadras", "dxf_type": "LINE"}, "geometry": {"type": "LineString", "coordinates": [[-54.99765615416926, -10.243346213483552], [-54.997656571744415, -10.243345840926857]]}}, {"type": "Feature", "properties": {"layer": "0 - Linhas Quadras", "dxf_type": "LINE"}, "geometry": {"type": "LineString", "coordinates": [[-54.99772316016587, -10.243414760230252], [-54.997604157142206, -10.243291592798522]]}}, {"type": "Feature", "properties": {"layer": "0 - Linhas Quadras", "dxf_type": "LINE"}, "geometry": {"type": "LineString", "coordinates": [[-54.99753836785387, -10.243564374033008], [-54.99760346416931, -10.24364695872531]]}}, {"type": "Feature", "properties": {"layer": "0 - Linhas Quadras", "dxf_type": "LINE"}, "geometry": {"type": "LineString", "coordinates": [[-54.99772316016587, -10.243414760230252], [-54.99782567421007, -10.243475124552772]]}}, {"type": "Feature", "properties": {"layer": "0 - Linhas Quadras", "dxf_type": "LINE"}, "geometry": {"type": "LineString", "coordinates": [[-54.994460327464886, -10.245977702308547], [-54.994385381937974, -10.245893077608155]]}}, {"type": "Feature", "properties": {"layer": "0 - Linhas Quadras", "dxf_type": "LINE"}, "geometry": {"type": "LineString", "coordinates": [[-54.994385381937974, -10.245893077608155], [-54.99421949778333, -10.246037201294504]]}}, {"type": "Feature", "properties": {"layer": "0 - Linhas Quadras", "dxf_type": "LINE"}, "geometry": {"type": "LineString", "coordinates": [[-54.994275933505655, -10.246121848315925], [-54.99420902672784, -10.246046298832393]]}}, {"type": "Feature", "properties": {"layer": "0 - Linhas Quadras", "dxf_type": "LINE"}, "geometry": {"type": "LineString", "coordinates": [[-54.99420902672784, -10.246046298832393], [-54.99421949778333, -10.246037201294504]]}}, {"type": "Feature", "properties": {"layer": "0 - Linhas Quadras", "dxf_type": "LINE"}, "geometry": {"type": "LineString", "coordinates": [[-54.994460327464886, -10.245977702308547], [-54.994275933505655, -10.246121848315925]]}}, {"type": "Feature", "properties": {"layer": "0 - Linhas Quadras", "dxf_type": "LINE"}, "geometry": {"type": "LineString", "coordinates": [[-54.994385381937974, -10.245893077608155], [-54.994432902179014, -10.245851791302973]]}}, {"type": "Feature", "properties": {"layer": "0 - Linhas Quadras", "dxf_type": "LINE"}, "geometry": {"type": "LineString", "coordinates": [[-54.994432902179014, -10.245851791302973], [-54.99461943409672, -10.246069180882758]]}}, {"type": "Feature", "properties": {"layer": "0 - Linhas Quadras", "dxf_type": "LINE"}, "geometry": {"type": "LineString", "coordinates": [[-54.99457404296718, -10.246109886471672], [-54.994460327464886, -10.245977702308547]]}}, {"type": "Feature", "properties": {"layer": "0 - Linhas Quadras", "dxf_type": "LINE"}, "geometry": {"type": "LineString", "coordinates": [[-54.99457404296718, -10.246109886471672], [-54.994818659129905, -10.246394229837918]]}}, {"type": "Feature", "properties": {"layer": "0 - Linhas Quadras", "dxf_type": "LINE"}, "geometry": {"type": "LineString", "coordinates": [[-54.994818659129905, -10.246394229837918], [-54.99485174084605, -10.246366310188684]]}}, {"type": "Feature", "properties": {"layer": "0 - Linhas Quadras", "dxf_type": "LINE"}, "geometry": {"type": "LineString", "coordinates": [[-54.99485174084605, -10.246366310188684], [-54.99461963236567, -10.246069434299992]]}}, {"type": "Feature", "properties": {"layer": "0 - Linhas Quadras", "dxf_type": "LINE"}, "geometry": {"type": "LineString", "coordinates": [[-54.994432902179014, -10.245851791302973], [-54.994482696292515, -10.245808528581508]]}}, {"type": "Feature", "properties": {"layer": "0 - Linhas Quadras", "dxf_type": "LINE"}, "geometry": {"type": "LineString", "coordinates": [[-54.994482696292515, -10.245808528581508], [-54.994678169978556, -10.246030134046084]]}}, {"type": "Feature", "properties": {"layer": "0 - Linhas Quadras", "dxf_type": "LINE"}, "geometry": {"type": "LineString", "coordinates": [[-54.994482696292515, -10.245808528581508], [-54.99452988800431, -10.245767526773667]]}}, {"type": "Feature", "properties": {"layer": "0 - Linhas Quadras", "dxf_type": "LINE"}, "geometry": {"type": "LineString", "coordinates": [[-54.99452988800431, -10.245767526773667], [-54.99471708691889, -10.246000326856413]]}}, {"type": "Feature", "properties": {"layer": "0 - Linhas Quadras", "dxf_type": "LINE"}, "geometry": {"type": "LineString", "coordinates": [[-54.99452988800431, -10.245767526773667], [-54.994521356929035, -10.245756927187884]]}}, {"type": "Feature", "properties": {"layer": "0 - Linhas Quadras", "dxf_type": "LINE"}, "geometry": {"type": "LineString", "coordinates": [[-54.994521356929035, -10.245756927187884], [-54.994569669632405, -10.24571877783242]]}}, {"type": "Feature", "properties": {"layer": "0 - Linhas Quadras", "dxf_type": "LINE"}, "geometry": {"type": "LineString", "coordinates": [[-54.994569669632405, -10.24571877783242], [-54.994773714453714, -10.245956955285815]]}}, {"type": "Feature", "properties": {"layer": "0 - Linhas Quadras", "dxf_type": "LINE"}, "geometry": {"type": "LineString", "coordinates": [[-54.994634932805894, -10.245665887022811], [-54.994569669632405, -10.24571877783242]]}}, {"type": "Feature", "properties": {"layer": "0 - Linhas Quadras", "dxf_type": "LINE"}, "geometry": {"type": "LineString", "coordinates": [[-54.994634932805894, -10.245665887022811], [-54.99483598079428, -10.245909264293276]]}}, {"type": "Feature", "properties": {"layer": "0 - Linhas Quadras", "dxf_type": "LINE"}, "geometry": {"type": "LineString", "coordinates": [[-54.99483598079428, -10.245909264293276], [-54.99457404296718, -10.246109886471672]]}}, {"type": "Feature", "properties": {"layer": "0 - Linhas Quadras", "dxf_type": "LINE"}, "geometry": {"type": "LineString", "coordinates": [[-54.994634932805894, -10.245665887022811], [-54.994698436598384, -10.245614422578592]]}}, {"type": "Feature", "properties": {"layer": "0 - Linhas Quadras", "dxf_type": "LINE"}, "geometry": {"type": "LineString", "coordinates": [[-54.994698436598384, -10.245614422578592], [-54.99512475103011, -10.246130493190108]]}}, {"type": "Feature", "properties": {"layer": "0 - Linhas Quadras", "dxf_type": "LINE"}, "geometry": {"type": "LineString", "coordinates": [[-54.99512475103011, -10.246130493190108], [-54.99506140677848, -10.246181828529371]]}}, {"type": "Feature", "properties": {"layer": "0 - Linhas Quadras", "dxf_type": "LINE"}, "geometry": {"type": "LineString", "coordinates": [[-54.99506140677848, -10.246181828529371], [-54.99483598079428, -10.245909264293276]]}}, {"type": "Feature", "properties": {"layer": "0 - Linhas Quadras", "dxf_type": "LINE"}, "geometry": {"type": "LineString", "coordinates": [[-54.99483598079428, -10.245909264293276], [-54.99489948461802, -10.245857799813514]]}}, {"type": "Feature", "properties": {"layer": "0 - Linhas Quadras", "dxf_type": "LINE"}, "geometry": {"type": "LineString", "coordinates": [[-54.994698436598384, -10.245614422578592], [-54.99468221064254, -10.245594780606568]]}}, {"type": "Feature", "properties": {"layer": "0 - Linhas Quadras", "dxf_type": "LINE"}, "geometry": {"type": "LineString", "coordinates": [[-54.99468221064254, -10.245594780606568], [-54.99484214226645, -10.245454001455613]]}}, {"type": "Feature", "properties": {"layer": "0 - Linhas Quadras", "dxf_type": "LINE"}, "geometry": {"type": "LineString", "coordinates": [[-54.99468221064254, -10.245594780606568], [-54.9947845323508, -10.245504713169487]]}}, {"type": "Feature", "properties": {"layer": "0 - Linhas Quadras", "dxf_type": "LINE"}, "geometry": {"type": "LineString", "coordinates": [[-54.9947845323508, -10.245504713169487], [-54.99493749244062, -10.245685901329821]]}}, {"type": "Feature", "properties": {"layer": "0 - Linhas Quadras", "dxf_type": "LINE"}, "geometry": {"type": "LineString", "coordinates": [[-54.99493749244062, -10.245685901329821], [-54.99483060913679, -10.245774422990223]]}}, {"type": "Feature", "properties": {"layer": "0 - Linhas Quadras", "dxf_type": "LINE"}, "geometry": {"type": "LineString", "coordinates": [[-54.994997627897824, -10.245646606332892], [-54.99493749244062, -10.245685901329821]]}}, {"type": "Feature", "properties": {"layer": "0 - Linhas Quadras", "dxf_type": "LINE"}, "geometry": {"type": "LineString", "coordinates": [[-54.99484214226645, -10.245454001455613], [-54.99489326867146, -10.245408997777533]]}}, {"type": "Feature", "properties": {"layer": "0 - Linhas Quadras", "dxf_type": "LINE"}, "geometry": {"type": "LineString", "coordinates": [[-54.99489326867146, -10.245408997777533], [-54.99506814205658, -10.245603896136352]]}}, {"type": "Feature", "properties": {"layer": "0 - Linhas Quadras", "dxf_type": "LINE"}, "geometry": {"type": "LineString", "coordinates": [[-54.99506814205658, -10.245603896136352], [-54.994997627897824, -10.245646606332892]]}}, {"type": "Feature", "properties": {"layer": "0 - Linhas Quadras", "dxf_type": "LINE"}, "geometry": {"type": "LineString", "coordinates": [[-54.994773714453714, -10.245956955285815], [-54.99499478655352, -10.24623020770847]]}}, {"type": "Feature", "properties": {"layer": "0 - Linhas Quadras", "dxf_type": "LINE"}, "geometry": {"type": "LineString", "coordinates": [[-54.99499478655352, -10.24623020770847], [-54.99506140677848, -10.246181828529371]]}}, {"type": "Feature", "properties": {"layer": "0 - Linhas Quadras", "dxf_type": "LINE"}, "geometry": {"type": "LineString", "coordinates": [[-54.99474519756306, -10.245978797102092], [-54.99497495426769, -10.246249698677296]]}}, {"type": "Feature", "properties": {"layer": "0 - Linhas Quadras", "dxf_type": "LINE"}, "geometry": {"type": "LineString", "coordinates": [[-54.99497495426769, -10.246249698677296], [-54.99499478655352, -10.24623020770847]]}}, {"type": "Feature", "properties": {"layer": "0 - Linhas Quadras", "dxf_type": "LINE"}, "geometry": {"type": "LineString", "coordinates": [[-54.99471248434489, -10.246003851780479], [-54.99493170500581, -10.24628605701224]]}}, {"type": "Feature", "properties": {"layer": "0 - Linhas Quadras", "dxf_type": "LINE"}, "geometry": {"type": "LineString", "coordinates": [[-54.99493170500581, -10.24628605701224], [-54.9949751399712, -10.24624991857178]]}}, {"type": "Feature", "properties": {"layer": "0 - Linhas Quadras", "dxf_type": "LINE"}, "geometry": {"type": "LineString", "coordinates": [[-54.994678169978556, -10.246030134046084], [-54.994904661401705, -10.24631539059013]]}}, {"type": "Feature", "properties": {"layer": "0 - Linhas Quadras", "dxf_type": "LINE"}, "geometry": {"type": "LineString", "coordinates": [[-54.994904661401705, -10.24631539059013], [-54.99493170500581, -10.24628605701224]]}}, {"type": "Feature", "properties": {"layer": "0 - Linhas Quadras", "dxf_type": "LINE"}, "geometry": {"type": "LineString", "coordinates": [[-54.99485174084605, -10.246366310188684], [-54.994904661401705, -10.24631539059013]]}}, {"type": "Feature", "properties": {"layer": "0 - Linhas Quadras", "dxf_type": "LINE"}, "geometry": {"type": "LineString", "coordinates": [[-54.994818659129905, -10.246394229837918], [-54.994750712082485, -10.246451575804521]]}}, {"type": "Feature", "properties": {"layer": "0 - Linhas Quadras", "dxf_type": "LINE"}, "geometry": {"type": "LineString", "coordinates": [[-54.995527368581364, -10.24485134927079], [-54.99530476934043, -10.24504209090895]]}}, {"type": "Feature", "properties": {"layer": "0 - Linhas Quadras", "dxf_type": "LINE"}, "geometry": {"type": "LineString", "coordinates": [[-54.99530476934043, -10.24504209090895], [-54.99540531048691, -10.245150322779095]]}}, {"type": "Feature", "properties": {"layer": "0 - Linhas Quadras", "dxf_type": "LINE"}, "geometry": {"type": "LineString", "coordinates": [[-54.99540531048691, -10.245150322779095], [-54.99563968046388, -10.244980809943513]]}}, {"type": "Feature", "properties": {"layer": "0 - Linhas Quadras", "dxf_type": "LINE"}, "geometry": {"type": "LineString", "coordinates": [[-54.99563968046388, -10.244980809943513], [-54.9955269318265, -10.244851723513484]]}}, {"type": "Feature", "properties": {"layer": "0 - Linhas Quadras", "dxf_type": "LINE"}, "geometry": {"type": "LineString", "coordinates": [[-54.99563968046388, -10.244980809943513], [-54.99559191491407, -10.244926122843198]]}}, {"type": "Feature", "properties": {"layer": "0 - Linhas Quadras", "dxf_type": "LINE"}, "geometry": {"type": "LineString", "coordinates": [[-54.99559191491407, -10.244926122843198], [-54.99535503990527, -10.245096206846377]]}}, {"type": "Feature", "properties": {"layer": "0 - Linhas Quadras", "dxf_type": "LINE"}, "geometry": {"type": "LineString", "coordinates": [[-54.99563968046388, -10.244980809943513], [-54.995706155030376, -10.245056916924677]]}}, {"type": "Feature", "properties": {"layer": "0 - Linhas Quadras", "dxf_type": "LINE"}, "geometry": {"type": "LineString", "coordinates": [[-54.995706155030376, -10.245056916924677], [-54.99549244404578, -10.24524004279787]]}}, {"type": "Feature", "properties": {"layer": "0 - Linhas Quadras", "dxf_type": "LINE"}, "geometry": {"type": "LineString", "coordinates": [[-54.99549244404578, -10.24524004279787], [-54.99540531048691, -10.245150322779095]]}}, {"type": "Feature", "properties": {"layer": "0 - Linhas Quadras", "dxf_type": "LINE"}, "geometry": {"type": "LineString", "coordinates": [[-54.99569565638632, -10.245065914019303], [-54.995738390697746, -10.245111749620552]]}}, {"type": "Feature", "properties": {"layer": "0 - Linhas Quadras", "dxf_type": "LINE"}, "geometry": {"type": "LineString", "coordinates": [[-54.995738390697746, -10.245111749620552], [-54.995532859889266, -10.245286815959219]]}}, {"type": "Feature", "properties": {"layer": "0 - Linhas Quadras", "dxf_type": "LINE"}, "geometry": {"type": "LineString", "coordinates": [[-54.995532859889266, -10.245286815959219], [-54.99549219355456, -10.245240257290735]]}}, {"type": "Feature", "properties": {"layer": "0 - Linhas Quadras", "dxf_type": "LINE"}, "geometry": {"type": "LineString", "coordinates": [[-54.995944535862535, -10.245344308851351], [-54.99576372553421, -10.245483407891836]]}}, {"type": "Feature", "properties": {"layer": "0 - Linhas Quadras", "dxf_type": "LINE"}, "geometry": {"type": "LineString", "coordinates": [[-54.99576372553421, -10.245483407891836], [-54.995650311427696, -10.245338779845934]]}}, {"type": "Feature", "properties": {"layer": "0 - Linhas Quadras", "dxf_type": "LINE"}, "geometry": {"type": "LineString", "coordinates": [[-54.995650311427696, -10.245338779845934], [-54.995818726914244, -10.245209215854963]]}}, {"type": "Feature", "properties": {"layer": "0 - Linhas Quadras", "dxf_type": "LINE"}, "geometry": {"type": "LineString", "coordinates": [[-54.995818726914244, -10.245209215854963], [-54.995944535862535, -10.245344308851351]]}}, {"type": "Feature", "properties": {"layer": "0 - Linhas Quadras", "dxf_type": "LINE"}, "geometry": {"type": "LineString", "coordinates": [[-54.995901824482004, -10.24529844538643], [-54.995731300156685, -10.245442057829438]]}}, {"type": "Feature", "properties": {"layer": "0 - Linhas Quadras", "dxf_type": "LINE"}, "geometry": {"type": "LineString", "coordinates": [[-54.995864700751724, -10.24525858225124], [-54.99569704596239, -10.24539837612183]]}}, {"type": "Feature", "properties": {"layer": "0 - Linhas Quadras", "dxf_type": "LINE"}, "geometry": {"type": "LineString", "coordinates": [[-54.995738390697746, -10.245111749620552], [-54.995818726914244, -10.245209215854963]]}}, {"type": "Feature", "properties": {"layer": "0 - Linhas Quadras", "dxf_type": "LINE"}, "geometry": {"type": "LineString", "coordinates": [[-54.995532859889266, -10.245286815959219], [-54.99560647267331, -10.245371095950935]]}}, {"type": "Feature", "properties": {"layer": "0 - Linhas Quadras", "dxf_type": "LINE"}, "geometry": {"type": "LineString", "coordinates": [[-54.99560647267331, -10.245371095950935], [-54.995650311427696, -10.245338779845934]]}}, {"type": "Feature", "properties": {"layer": "0 - Linhas Quadras", "dxf_type": "LINE"}, "geometry": {"type": "LineString", "coordinates": [[-54.99577409910245, -10.24515507148469], [-54.99556966627655, -10.245328955956289]]}}, {"type": "Feature", "properties": {"layer": "0 - Linhas Quadras", "dxf_type": "LINE"}, "geometry": {"type": "LineString", "coordinates": [[-54.99576372553421, -10.245483407891836], [-54.99589760907702, -10.24567547339792]]}}, {"type": "Feature", "properties": {"layer": "0 - Linhas Quadras", "dxf_type": "LINE"}, "geometry": {"type": "LineString", "coordinates": [[-54.99589760907702, -10.24567547339792], [-54.99609698847844, -10.245539126402281]]}}, {"type": "Feature", "properties": {"layer": "0 - Linhas Quadras", "dxf_type": "LINE"}, "geometry": {"type": "LineString", "coordinates": [[-54.99609698847844, -10.245539126402281], [-54.995944535862535, -10.245344308851351]]}}, {"type": "Feature", "properties": {"layer": "0 - Linhas Quadras", "dxf_type": "LINE"}, "geometry": {"type": "LineString", "coordinates": [[-54.99590992104895, -10.245370938341734], [-54.99604970173914, -10.245571463800399]]}}, {"type": "Feature", "properties": {"layer": "0 - Linhas Quadras", "dxf_type": "LINE"}, "geometry": {"type": "LineString", "coordinates": [[-54.996007747487006, -10.245600155098012], [-54.99587439743521, -10.24539826728416]]}}, {"type": "Feature", "properties": {"layer": "0 - Linhas Quadras", "dxf_type": "LINE"}, "geometry": {"type": "LineString", "coordinates": [[-54.99596772074052, -10.245627527697488], [-54.99583210234739, -10.245430805360302]]}}, {"type": "Feature", "properties": {"layer": "0 - Linhas Quadras", "dxf_type": "LINE"}, "geometry": {"type": "LineString", "coordinates": [[-54.995615117748265, -10.24536472327032], [-54.99585404763457, -10.245707658364903]]}}, {"type": "Feature", "properties": {"layer": "0 - Linhas Quadras", "dxf_type": "LINE"}, "geometry": {"type": "LineString", "coordinates": [[-54.99585404763457, -10.245707658364903], [-54.99589760907702, -10.24567547339792]]}}, {"type": "Feature", "properties": {"layer": "0 - Linhas Quadras", "dxf_type": "LINE"}, "geometry": {"type": "LineString", "coordinates": [[-54.995532859889266, -10.245286815959219], [-54.99549726728901, -10.24531713279724]]}}, {"type": "Feature", "properties": {"layer": "0 - Linhas Quadras", "dxf_type": "LINE"}, "geometry": {"type": "LineString", "coordinates": [[-54.99549726728901, -10.24531713279724], [-54.99555545450008, -10.24541268721863]]}}, {"type": "Feature", "properties": {"layer": "0 - Linhas Quadras", "dxf_type": "LINE"}, "geometry": {"type": "LineString", "coordinates": [[-54.99555545450008, -10.24541268721863], [-54.99578141696111, -10.245758970076762]]}}, {"type": "Feature", "properties": {"layer": "0 - Linhas Quadras", "dxf_type": "LINE"}, "geometry": {"type": "LineString", "coordinates": [[-54.99578141696111, -10.245758970076762], [-54.995854835424254, -10.24570878770088]]}}, {"type": "Feature", "properties": {"layer": "0 - Linhas Quadras", "dxf_type": "LINE"}, "geometry": {"type": "LineString", "coordinates": [[-54.99555545450008, -10.24541268721863], [-54.99558425446598, -10.245388915374775]]}}, {"type": "Feature", "properties": {"layer": "0 - Linhas Quadras", "dxf_type": "LINE"}, "geometry": {"type": "LineString", "coordinates": [[-54.99558425446598, -10.245388915374775], [-54.99581400125737, -10.2457366985558]]}}, {"type": "Feature", "properties": {"layer": "0 - Linhas Quadras", "dxf_type": "LINE"}, "geometry": {"type": "LineString", "coordinates": [[-54.99549726728901, -10.24531713279724], [-54.9954504294563, -10.245347161542547]]}}, {"type": "Feature", "properties": {"layer": "0 - Linhas Quadras", "dxf_type": "LINE"}, "geometry": {"type": "LineString", "coordinates": [[-54.9954504294563, -10.245347161542547], [-54.9957350573344, -10.245784779583278]]}}, {"type": "Feature", "properties": {"layer": "0 - Linhas Quadras", "dxf_type": "LINE"}, "geometry": {"type": "LineString", "coordinates": [[-54.9957350573344, -10.245784779583278], [-54.9957796362567, -10.245756241908152]]}}, {"type": "Feature", "properties": {"layer": "0 - Linhas Quadras", "dxf_type": "LINE"}, "geometry": {"type": "LineString", "coordinates": [[-54.99530476934043, -10.24504209090895], [-54.995256125930695, -10.245086422101021]]}}, {"type": "Feature", "properties": {"layer": "0 - Linhas Quadras", "dxf_type": "LINE"}, "geometry": {"type": "LineString", "coordinates": [[-54.995256125930695, -10.245086422101021], [-54.99547384837366, -10.245332147170963]]}}, {"type": "Feature", "properties": {"layer": "0 - Linhas Quadras", "dxf_type": "LINE"}, "geometry": {"type": "LineString", "coordinates": [[-54.995256125930695, -10.245086422101021], [-54.99521350675313, -10.245128124766826]]}}, {"type": "Feature", "properties": {"layer": "0 - Linhas Quadras", "dxf_type": "LINE"}, "geometry": {"type": "LineString", "coordinates": [[-54.99521350675313, -10.245128124766826], [-54.99538748104771, -10.245384775178879]]}}, {"type": "Feature", "properties": {"layer": "0 - Linhas Quadras", "dxf_type": "LINE"}, "geometry": {"type": "LineString", "coordinates": [[-54.99538748104771, -10.245384775178879], [-54.9954504294563, -10.245347161542547]]}}, {"type": "Feature", "properties": {"layer": "0 - Linhas Quadras", "dxf_type": "LINE"}, "geometry": {"type": "LineString", "coordinates": [[-54.995080349752286, -10.245241451763059], [-54.99521896015076, -10.245136168952074]]}}, {"type": "Feature", "properties": {"layer": "0 - Linhas Quadras", "dxf_type": "LINE"}, "geometry": {"type": "LineString", "coordinates": [[-54.99514965495954, -10.245188810819162], [-54.99535656363882, -10.245456052220561]]}}, {"type": "Feature", "properties": {"layer": "0 - Linhas Quadras", "dxf_type": "LINE"}, "geometry": {"type": "LineString", "coordinates": [[-54.99535656363882, -10.245456052220561], [-54.99528328323124, -10.24551171309896]]}}, {"type": "Feature", "properties": {"layer": "0 - Linhas Quadras", "dxf_type": "LINE"}, "geometry": {"type": "LineString", "coordinates": [[-54.99528328323124, -10.24551171309896], [-54.995080349752286, -10.245241451763059]]}}, {"type": "Feature", "properties": {"layer": "0 - Linhas Quadras", "dxf_type": "LINE"}, "geometry": {"type": "LineString", "coordinates": [[-54.9957350573344, -10.245784779583278], [-54.995580385777444, -10.245876101913513]]}}, {"type": "Feature", "properties": {"layer": "0 - Linhas Quadras", "dxf_type": "LINE"}, "geometry": {"type": "LineString", "coordinates": [[-54.995580385777444, -10.245876101913513], [-54.99541548256525, -10.245616390746058]]}}, {"type": "Feature", "properties": {"layer": "0 - Linhas Quadras", "dxf_type": "LINE"}, "geometry": {"type": "LineString", "coordinates": [[-54.99538748104771, -10.245384775178879], [-54.995680475788525, -10.245817005951656]]}}, {"type": "Feature", "properties": {"layer": "0 - Linhas Quadras", "dxf_type": "LINE"}, "geometry": {"type": "LineString", "coordinates": [[-54.995680475788525, -10.245817005951656], [-54.99562625697164, -10.24584901850791]]}}, {"type": "Feature", "properties": {"layer": "0 - Linhas Quadras", "dxf_type": "LINE"}, "geometry": {"type": "LineString", "coordinates": [[-54.99562625697164, -10.24584901850791], [-54.995457828927755, -10.245586449117107]]}}, {"type": "Feature", "properties": {"layer": "0 - Linhas Quadras", "dxf_type": "LINE"}, "geometry": {"type": "LineString", "coordinates": [[-54.99514965495954, -10.245188810819162], [-54.99535656363882, -10.245456052220561]]}}, {"type": "Feature", "properties": {"layer": "0 - Linhas Quadras", "dxf_type": "LINE"}, "geometry": {"type": "LineString", "coordinates": [[-54.995502687918346, -10.2455547314005], [-54.995457828927755, -10.245586449117107]]}}, {"type": "Feature", "properties": {"layer": "0 - Linhas Quadras", "dxf_type": "LINE"}, "geometry": {"type": "LineString", "coordinates": [[-54.99483731704462, -10.245458249051275], [-54.994997627897824, -10.245646606332892]]}}, {"type": "Feature", "properties": {"layer": "0 - Linhas Quadras", "dxf_type": "LINE"}, "geometry": {"type": "LineString", "coordinates": [[-54.99489326867146, -10.245408997777533], [-54.99495727393654, -10.24535265698807]]}}, {"type": "Feature", "properties": {"layer": "0 - Linhas Quadras", "dxf_type": "LINE"}, "geometry": {"type": "LineString", "coordinates": [[-54.99495727393654, -10.24535265698807], [-54.99513943279598, -10.245555674978954]]}}, {"type": "Feature", "properties": {"layer": "0 - Linhas Quadras", "dxf_type": "LINE"}, "geometry": {"type": "LineString", "coordinates": [[-54.995080349752286, -10.245241451763059], [-54.99495727393654, -10.24535265698807]]}}, {"type": "Feature", "properties": {"layer": "0 - Linhas Quadras", "dxf_type": "LINE"}, "geometry": {"type": "LineString", "coordinates": [[-54.99513943279598, -10.245555674978954], [-54.99516836073095, -10.245587915488803]]}}, {"type": "Feature", "properties": {"layer": "0 - Linhas Quadras", "dxf_type": "LINE"}, "geometry": {"type": "LineString", "coordinates": [[-54.99516836073095, -10.245587915488803], [-54.99528328323124, -10.24551171309896]]}}, {"type": "Feature", "properties": {"layer": "0 - Linhas Quadras", "dxf_type": "LINE"}, "geometry": {"type": "LineString", "coordinates": [[-54.99506814205658, -10.245603896136352], [-54.9951423636561, -10.24555894084518]]}}, {"type": "Feature", "properties": {"layer": "0 - Linhas Quadras", "dxf_type": "LINE"}, "geometry": {"type": "LineString", "coordinates": [[-54.99535656363882, -10.245456052220561], [-54.995411177250745, -10.245419733139558]]}}, {"type": "Feature", "properties": {"layer": "0 - Linhas Quadras", "dxf_type": "LINE"}, "geometry": {"type": "LineString", "coordinates": [[-54.99541548256525, -10.245616390746058], [-54.99532763074337, -10.245478028935073]]}}, {"type": "Feature", "properties": {"layer": "0 - Linhas Quadras", "dxf_type": "LINE"}, "geometry": {"type": "LineString", "coordinates": [[-54.995580385777444, -10.245876101913513], [-54.99550628423279, -10.24593026358423]]}}, {"type": "Feature", "properties": {"layer": "0 - Linhas Quadras", "dxf_type": "LINE"}, "geometry": {"type": "LineString", "coordinates": [[-54.99550628423279, -10.24593026358423], [-54.99525066372744, -10.245533342562629]]}}, {"type": "Feature", "properties": {"layer": "0 - Linhas Quadras", "dxf_type": "LINE"}, "geometry": {"type": "LineString", "coordinates": [[-54.99550021978338, -10.245920846190556], [-54.995322234525645, -10.246022175656513]]}}, {"type": "Feature", "properties": {"layer": "0 - Linhas Quadras", "dxf_type": "LINE"}, "geometry": {"type": "LineString", "coordinates": [[-54.995322234525645, -10.246022175656513], [-54.99506814205658, -10.245603896136352]]}}, {"type": "Feature", "properties": {"layer": "0 - Linhas Quadras", "dxf_type": "LINE"}, "geometry": {"type": "LineString", "coordinates": [[-54.995322234525645, -10.246022175656513], [-54.995267786575745, -10.246054624224646]]}}, {"type": "Feature", "properties": {"layer": "0 - Linhas Quadras", "dxf_type": "LINE"}, "geometry": {"type": "LineString", "coordinates": [[-54.995267786575745, -10.246054624224646], [-54.99499650534177, -10.245647338817431]]}}, {"type": "Feature", "properties": {"layer": "0 - Linhas Quadras", "dxf_type": "LINE"}, "geometry": {"type": "LineString", "coordinates": [[-54.995267786575745, -10.246054624224646], [-54.99522465270131, -10.246080330602206]]}}, {"type": "Feature", "properties": {"layer": "0 - Linhas Quadras", "dxf_type": "LINE"}, "geometry": {"type": "LineString", "coordinates": [[-54.99522465270131, -10.246080330602206], [-54.99493749244062, -10.245685901329821]]}}, {"type": "Feature", "properties": {"layer": "0 - Linhas Quadras", "dxf_type": "LINE"}, "geometry": {"type": "LineString", "coordinates": [[-54.994884050795875, -10.24573016216588], [-54.99518557312937, -10.246111332745189]]}}, {"type": "Feature", "properties": {"layer": "0 - Linhas Quadras", "dxf_type": "LINE"}, "geometry": {"type": "LineString", "coordinates": [[-54.99518557312937, -10.246111332745189], [-54.99522613295843, -10.246082363612285]]}}, {"type": "Feature", "properties": {"layer": "0 - Linhas Quadras", "dxf_type": "LINE"}, "geometry": {"type": "LineString", "coordinates": [[-54.99517146126521, -10.246093493591484], [-54.99512475103011, -10.246130493190108]]}}, {"type": "Feature", "properties": {"layer": "0 - Linhas Quadras", "dxf_type": "LINE"}, "geometry": {"type": "LineString", "coordinates": [[-54.994750712082485, -10.246451575804521], [-54.99458925514071, -10.246263896463555]]}}, {"type": "Feature", "properties": {"layer": "0 - Linhas Quadras", "dxf_type": "LINE"}, "geometry": {"type": "LineString", "coordinates": [[-54.99458925514071, -10.246263896463555], [-54.99465720124583, -10.246206551426283]]}}, {"type": "Feature", "properties": {"layer": "0 - Linhas Quadras", "dxf_type": "LINE"}, "geometry": {"type": "LineString", "coordinates": [[-54.99461940293807, -10.246298940377708], [-54.99476145535574, -10.246464062864845]]}}, {"type": "Feature", "properties": {"layer": "0 - Linhas Quadras", "dxf_type": "LINE"}, "geometry": {"type": "LineString", "coordinates": [[-54.99476145535574, -10.246464062864845], [-54.994650691112255, -10.246557543783954]]}}, {"type": "Feature", "properties": {"layer": "0 - Linhas Quadras", "dxf_type": "LINE"}, "geometry": {"type": "LineString", "coordinates": [[-54.994650691112255, -10.246557543783954], [-54.99462517126634, -10.246557458659597]]}}, {"type": "Feature", "properties": {"layer": "0 - Linhas Quadras", "dxf_type": "LINE"}, "geometry": {"type": "LineString", "coordinates": [[-54.99462517126634, -10.246557458659597], [-54.99450999601946, -10.24641995674744]]}}, {"type": "Feature", "properties": {"layer": "0 - Linhas Quadras", "dxf_type": "LINE"}, "geometry": {"type": "LineString", "coordinates": [[-54.99450999601946, -10.24641995674744], [-54.994510052367325, -10.246403450584623]]}}, {"type": "Feature", "properties": {"layer": "0 - Linhas Quadras", "dxf_type": "LINE"}, "geometry": {"type": "LineString", "coordinates": [[-54.994510052367325, -10.246403450584623], [-54.99462549391989, -10.246306021310627]]}}, {"type": "Feature", "properties": {"layer": "0 - Linhas Quadras", "dxf_type": "LINE"}, "geometry": {"type": "LineString", "coordinates": [[-54.99476145535574, -10.246464062864845], [-54.99473367025689, -10.246487512742256]]}}, {"type": "Feature", "properties": {"layer": "0 - Linhas Quadras", "dxf_type": "LINE"}, "geometry": {"type": "LineString", "coordinates": [[-54.994275933505655, -10.246121848315925], [-54.994510052367325, -10.246403450584623]]}}, {"type": "Feature", "properties": {"layer": "0 - Linhas Quadras", "dxf_type": "LINE"}, "geometry": {"type": "LineString", "coordinates": [[-54.99476145535574, -10.246464062864845], [-54.99473367025689, -10.246487512742256]]}}, {"type": "Feature", "properties": {"layer": "0 - Linhas Quadras", "dxf_type": "LINE"}, "geometry": {"type": "LineString", "coordinates": [[-54.99471604079459, -10.246502391007423], [-54.99458008028484, -10.246344349441344]]}}, {"type": "Feature", "properties": {"layer": "0 - Linhas Quadras", "dxf_type": "LINE"}, "geometry": {"type": "LineString", "coordinates": [[-54.99458925514071, -10.246263896463555], [-54.99447734525306, -10.24636410899482]]}}, {"type": "Feature", "properties": {"layer": "0 - Linhas Quadras", "dxf_type": "LINE"}, "geometry": {"type": "LineString", "coordinates": [[-54.99443789111119, -10.246316652853322], [-54.99461340106101, -10.24615563720757]]}}, {"type": "Feature", "properties": {"layer": "0 - Linhas Quadras", "dxf_type": "LINE"}, "geometry": {"type": "LineString", "coordinates": [[-54.99457404296718, -10.246109886471672], [-54.99439299334299, -10.246262649464935]]}}, {"type": "Feature", "properties": {"layer": "0 - Linhas Quadras", "dxf_type": "LINE"}, "geometry": {"type": "LineString", "coordinates": [[-54.99560506511586, -10.244754848301966], [-54.99583427169149, -10.244564477047048]]}}, {"type": "Feature", "properties": {"layer": "0 - Linhas Quadras", "dxf_type": "LINE"}, "geometry": {"type": "LineString", "coordinates": [[-54.99583427169149, -10.244564477047048], [-54.99597889609213, -10.244774753111257]]}}, {"type": "Feature", "properties": {"layer": "0 - Linhas Quadras", "dxf_type": "LINE"}, "geometry": {"type": "LineString", "coordinates": [[-54.99597889609213, -10.244774753111257], [-54.995768809105144, -10.244942536701792]]}}, {"type": "Feature", "properties": {"layer": "0 - Linhas Quadras", "dxf_type": "LINE"}, "geometry": {"type": "LineString", "coordinates": [[-54.995768809105144, -10.244942536701792], [-54.99560821041871, -10.244764942809729]]}}, {"type": "Feature", "properties": {"layer": "0 - Linhas Quadras", "dxf_type": "LINE"}, "geometry": {"type": "LineString", "coordinates": [[-54.99583427169149, -10.244564477047048], [-54.996100163800946, -10.244343634485173]]}}, {"type": "Feature", "properties": {"layer": "0 - Linhas Quadras", "dxf_type": "LINE"}, "geometry": {"type": "LineString", "coordinates": [[-54.996100163800946, -10.244343634485173], [-54.996225166095854, -10.24452866408352]]}}, {"type": "Feature", "properties": {"layer": "0 - Linhas Quadras", "dxf_type": "LINE"}, "geometry": {"type": "LineString", "coordinates": [[-54.996225166095854, -10.24452866408352], [-54.99626353680303, -10.244629918425906]]}}, {"type": "Feature", "properties": {"layer": "0 - Linhas Quadras", "dxf_type": "LINE"}, "geometry": {"type": "LineString", "coordinates": [[-54.99626353680303, -10.244629918425906], [-54.99620509755696, -10.244664670216427]]}}, {"type": "Feature", "properties": {"layer": "0 - Linhas Quadras", "dxf_type": "LINE"}, "geometry": {"type": "LineString", "coordinates": [[-54.99620509755696, -10.244664670216427], [-54.99610025565914, -10.244491705679275]]}}, {"type": "Feature", "properties": {"layer": "0 - Linhas Quadras", "dxf_type": "LINE"}, "geometry": {"type": "LineString", "coordinates": [[-54.99610025565914, -10.244491705679275], [-54.99603965411417, -10.244393892935186]]}}, {"type": "Feature", "properties": {"layer": "0 - Linhas Quadras", "dxf_type": "LINE"}, "geometry": {"type": "LineString", "coordinates": [[-54.99626353680303, -10.244629918425906], [-54.996361928011844, -10.244859471213784]]}}, {"type": "Feature", "properties": {"layer": "0 - Linhas Quadras", "dxf_type": "LINE"}, "geometry": {"type": "LineString", "coordinates": [[-54.996361928011844, -10.244859471213784], [-54.996149064589865, -10.24500828361603]]}}, {"type": "Feature", "properties": {"layer": "0 - Linhas Quadras", "dxf_type": "LINE"}, "geometry": {"type": "LineString", "coordinates": [[-54.996149064589865, -10.24500828361603], [-54.99597889609213, -10.244774753111257]]}}, {"type": "Feature", "properties": {"layer": "0 - Linhas Quadras", "dxf_type": "LINE"}, "geometry": {"type": "LineString", "coordinates": [[-54.996100163800946, -10.244343634485173], [-54.996245747317204, -10.24422271644306]]}}, {"type": "Feature", "properties": {"layer": "0 - Linhas Quadras", "dxf_type": "LINE"}, "geometry": {"type": "LineString", "coordinates": [[-54.996245747317204, -10.24422271644306], [-54.996420233259656, -10.244550845399509]]}}, {"type": "Feature", "properties": {"layer": "0 - Linhas Quadras", "dxf_type": "LINE"}, "geometry": {"type": "LineString", "coordinates": [[-54.996420233259656, -10.244550845399509], [-54.99651336333738, -10.244749893600272]]}}, {"type": "Feature", "properties": {"layer": "0 - Linhas Quadras", "dxf_type": "LINE"}, "geometry": {"type": "LineString", "coordinates": [[-54.99651336333738, -10.244749893600272], [-54.996361928011844, -10.244859471213784]]}}, {"type": "Feature", "properties": {"layer": "0 - Linhas Quadras", "dxf_type": "LINE"}, "geometry": {"type": "LineString", "coordinates": [[-54.99617295556958, -10.244283175926933], [-54.99629894962508, -10.244497449891295]]}}, {"type": "Feature", "properties": {"layer": "0 - Linhas Quadras", "dxf_type": "LINE"}, "geometry": {"type": "LineString", "coordinates": [[-54.99629894962508, -10.244497449891295], [-54.99643764568967, -10.244804681966471]]}}, {"type": "Feature", "properties": {"layer": "0 - Linhas Quadras", "dxf_type": "LINE"}, "geometry": {"type": "LineString", "coordinates": [[-54.996245747317204, -10.24422271644306], [-54.99631626272242, -10.244172033294296]]}}, {"type": "Feature", "properties": {"layer": "0 - Linhas Quadras", "dxf_type": "LINE"}, "geometry": {"type": "LineString", "coordinates": [[-54.99631626272242, -10.244172033294296], [-54.99642654527546, -10.244366851986133]]}}, {"type": "Feature", "properties": {"layer": "0 - Linhas Quadras", "dxf_type": "LINE"}, "geometry": {"type": "LineString", "coordinates": [[-54.99642654527546, -10.244366851986133], [-54.99649651499758, -10.244489202441267]]}}, {"type": "Feature", "properties": {"layer": "0 - Linhas Quadras", "dxf_type": "LINE"}, "geometry": {"type": "LineString", "coordinates": [[-54.99641739390374, -10.244545505605531], [-54.99649651499758, -10.244489202441267]]}}, {"type": "Feature", "properties": {"layer": "0 - Linhas Quadras", "dxf_type": "LINE"}, "geometry": {"type": "LineString", "coordinates": [[-54.99631626272242, -10.244172033294296], [-54.99648605921249, -10.244023544636862]]}}, {"type": "Feature", "properties": {"layer": "0 - Linhas Quadras", "dxf_type": "LINE"}, "geometry": {"type": "LineString", "coordinates": [[-54.99648605921249, -10.244023544636862], [-54.996606617416354, -10.244211310015796]]}}, {"type": "Feature", "properties": {"layer": "0 - Linhas Quadras", "dxf_type": "LINE"}, "geometry": {"type": "LineString", "coordinates": [[-54.996606617416354, -10.244211310015796], [-54.996691460649, -10.244356515571267]]}}, {"type": "Feature", "properties": {"layer": "0 - Linhas Quadras", "dxf_type": "LINE"}, "geometry": {"type": "LineString", "coordinates": [[-54.996691460649, -10.244356515571267], [-54.996480861348054, -10.244461831016922]]}}, {"type": "Feature", "properties": {"layer": "0 - Linhas Quadras", "dxf_type": "LINE"}, "geometry": {"type": "LineString", "coordinates": [[-54.99648605921249, -10.244023544636862], [-54.99656948629634, -10.243959322480531]]}}, {"type": "Feature", "properties": {"layer": "0 - Linhas Quadras", "dxf_type": "LINE"}, "geometry": {"type": "LineString", "coordinates": [[-54.99656948629634, -10.243959322480531], [-54.996771128375606, -10.244299765536567]]}}, {"type": "Feature", "properties": {"layer": "0 - Linhas Quadras", "dxf_type": "LINE"}, "geometry": {"type": "LineString", "coordinates": [[-54.996771128375606, -10.244299765536567], [-54.996691460649, -10.244356515571267]]}}, {"type": "Feature", "properties": {"layer": "0 - Linhas Quadras", "dxf_type": "LINE"}, "geometry": {"type": "LineString", "coordinates": [[-54.996731294512784, -10.244328141009], [-54.996620348897075, -10.244132354721371]]}}, {"type": "Feature", "properties": {"layer": "0 - Linhas Quadras", "dxf_type": "LINE"}, "geometry": {"type": "LineString", "coordinates": [[-54.996620348897075, -10.244132354721371], [-54.99652777276125, -10.243991433110258]]}}, {"type": "Feature", "properties": {"layer": "0 - Linhas Quadras", "dxf_type": "LINE"}, "geometry": {"type": "LineString", "coordinates": [[-54.99656948629634, -10.243959322480531], [-54.99664130646825, -10.243907066319084]]}}, {"type": "Feature", "properties": {"layer": "0 - Linhas Quadras", "dxf_type": "LINE"}, "geometry": {"type": "LineString", "coordinates": [[-54.99664130646825, -10.243907066319084], [-54.99663158202567, -10.243895972216645]]}}, {"type": "Feature", "properties": {"layer": "0 - Linhas Quadras", "dxf_type": "LINE"}, "geometry": {"type": "LineString", "coordinates": [[-54.99663158202567, -10.243895972216645], [-54.9967043843536, -10.243833364941134]]}}, {"type": "Feature", "properties": {"layer": "0 - Linhas Quadras", "dxf_type": "LINE"}, "geometry": {"type": "LineString", "coordinates": [[-54.9967043843536, -10.243833364941134], [-54.996953751282014, -10.24418008772863]]}}, {"type": "Feature", "properties": {"layer": "0 - Linhas Quadras", "dxf_type": "LINE"}, "geometry": {"type": "LineString", "coordinates": [[-54.996953751282014, -10.24418008772863], [-54.99684593967325, -10.244256158423207]]}}, {"type": "Feature", "properties": {"layer": "0 - Linhas Quadras", "dxf_type": "LINE"}, "geometry": {"type": "LineString", "coordinates": [[-54.99684593967325, -10.244256158423207], [-54.99677106786889, -10.244299663924414]]}}, {"type": "Feature", "properties": {"layer": "0 - Linhas Quadras", "dxf_type": "LINE"}, "geometry": {"type": "LineString", "coordinates": [[-54.99686449036569, -10.244243069114953], [-54.99664130646825, -10.243907066319084]]}}, {"type": "Feature", "properties": {"layer": "0 - Linhas Quadras", "dxf_type": "LINE"}, "geometry": {"type": "LineString", "coordinates": [[-54.997060563088034, -10.244113825624567], [-54.99678084232244, -10.243769342929136]]}}, {"type": "Feature", "properties": {"layer": "0 - Linhas Quadras", "dxf_type": "LINE"}, "geometry": {"type": "LineString", "coordinates": [[-54.99678084232244, -10.243769342929136], [-54.9967043843536, -10.243833364941134]]}}, {"type": "Feature", "properties": {"layer": "0 - Linhas Quadras", "dxf_type": "LINE"}, "geometry": {"type": "LineString", "coordinates": [[-54.996953751282014, -10.24418008772863], [-54.997060563088034, -10.244113825624567]]}}, {"type": "Feature", "properties": {"layer": "0 - Linhas Quadras", "dxf_type": "LINE"}, "geometry": {"type": "LineString", "coordinates": [[-54.9969192783166, -10.243851075212586], [-54.99682169041253, -10.24373857828921]]}}, {"type": "Feature", "properties": {"layer": "0 - Linhas Quadras", "dxf_type": "LINE"}, "geometry": {"type": "LineString", "coordinates": [[-54.99682169041253, -10.24373857828921], [-54.996781718042975, -10.243770421280852]]}}, {"type": "Feature", "properties": {"layer": "0 - Linhas Quadras", "dxf_type": "LINE"}, "geometry": {"type": "LineString", "coordinates": [[-54.9969192783166, -10.243851075212586], [-54.99710440000365, -10.244080299801894]]}}, {"type": "Feature", "properties": {"layer": "0 - Linhas Quadras", "dxf_type": "LINE"}, "geometry": {"type": "LineString", "coordinates": [[-54.99710440000365, -10.244080299801894], [-54.997060563088034, -10.244113825624567]]}}, {"type": "Feature", "properties": {"layer": "0 - Linhas Quadras", "dxf_type": "LINE"}, "geometry": {"type": "LineString", "coordinates": [[-54.99682169041253, -10.24373857828921], [-54.996865116939695, -10.243703983335982]]}}, {"type": "Feature", "properties": {"layer": "0 - Linhas Quadras", "dxf_type": "LINE"}, "geometry": {"type": "LineString", "coordinates": [[-54.996865116939695, -10.243703983335982], [-54.99715842549456, -10.244047176608722]]}}, {"type": "Feature", "properties": {"layer": "0 - Linhas Quadras", "dxf_type": "LINE"}, "geometry": {"type": "LineString", "coordinates": [[-54.99715842549456, -10.244047176608722], [-54.99710440000365, -10.244080299801894]]}}, {"type": "Feature", "properties": {"layer": "0 - Linhas Quadras", "dxf_type": "LINE"}, "geometry": {"type": "LineString", "coordinates": [[-54.996865116939695, -10.243703983335982], [-54.996928814676004, -10.24365000208153]]}}, {"type": "Feature", "properties": {"layer": "0 - Linhas Quadras", "dxf_type": "LINE"}, "geometry": {"type": "LineString", "coordinates": [[-54.996928814676004, -10.24365000208153], [-54.99722542762859, -10.243993372938215]]}}, {"type": "Feature", "properties": {"layer": "0 - Linhas Quadras", "dxf_type": "LINE"}, "geometry": {"type": "LineString", "coordinates": [[-54.99722542762859, -10.243993372938215], [-54.997159607766, -10.24404855966235]]}}, {"type": "Feature", "properties": {"layer": "0 - Linhas Quadras", "dxf_type": "LINE"}, "geometry": {"type": "LineString", "coordinates": [[-54.996928814676004, -10.24365000208153], [-54.997000610162765, -10.243589158396189]]}}, {"type": "Feature", "properties": {"layer": "0 - Linhas Quadras", "dxf_type": "LINE"}, "geometry": {"type": "LineString", "coordinates": [[-54.997000610162765, -10.243589158396189], [-54.99715072364785, -10.243762935775946]]}}, {"type": "Feature", "properties": {"layer": "0 - Linhas Quadras", "dxf_type": "LINE"}, "geometry": {"type": "LineString", "coordinates": [[-54.99715072364785, -10.243762935775946], [-54.99729044745083, -10.24394147516412]]}}, {"type": "Feature", "properties": {"layer": "0 - Linhas Quadras", "dxf_type": "LINE"}, "geometry": {"type": "LineString", "coordinates": [[-54.99729044745083, -10.24394147516412], [-54.99722542762859, -10.243993372938215]]}}, {"type": "Feature", "properties": {"layer": "0 - Linhas Quadras", "dxf_type": "LINE"}, "geometry": {"type": "LineString", "coordinates": [[-54.997000610162765, -10.243589158396189], [-54.99706928891006, -10.24353095573589]]}}, {"type": "Feature", "properties": {"layer": "0 - Linhas Quadras", "dxf_type": "LINE"}, "geometry": {"type": "LineString", "coordinates": [[-54.99706928891006, -10.24353095573589], [-54.99725181903083, -10.24374226026237]]}}, {"type": "Feature", "properties": {"layer": "0 - Linhas Quadras", "dxf_type": "LINE"}, "geometry": {"type": "LineString", "coordinates": [[-54.99725181903083, -10.24374226026237], [-54.99718139855941, -10.243802131718647]]}}, {"type": "Feature", "properties": {"layer": "0 - Linhas Quadras", "dxf_type": "LINE"}, "geometry": {"type": "LineString", "coordinates": [[-54.99706928891006, -10.24353095573589], [-54.997110894336146, -10.2434956968889]]}}, {"type": "Feature", "properties": {"layer": "0 - Linhas Quadras", "dxf_type": "LINE"}, "geometry": {"type": "LineString", "coordinates": [[-54.997110894336146, -10.2434956968889], [-54.99711997417498, -10.243489253613003]]}}, {"type": "Feature", "properties": {"layer": "0 - Linhas Quadras", "dxf_type": "LINE"}, "geometry": {"type": "LineString", "coordinates": [[-54.99711997417498, -10.243489253613003], [-54.99729832658546, -10.243710847951233]]}}, {"type": "Feature", "properties": {"layer": "0 - Linhas Quadras", "dxf_type": "LINE"}, "geometry": {"type": "LineString", "coordinates": [[-54.99729832658546, -10.243710847951233], [-54.99725181903083, -10.24374226026237]]}}, {"type": "Feature", "properties": {"layer": "0 - Linhas Quadras", "dxf_type": "LINE"}, "geometry": {"type": "LineString", "coordinates": [[-54.99711997417498, -10.243489253613003], [-54.997229507237996, -10.243402763903633]]}}, {"type": "Feature", "properties": {"layer": "0 - Linhas Quadras", "dxf_type": "LINE"}, "geometry": {"type": "LineString", "coordinates": [[-54.997229507237996, -10.243402763903633], [-54.99730840682366, -10.243494330971005]]}}, {"type": "Feature", "properties": {"layer": "0 - Linhas Quadras", "dxf_type": "LINE"}, "geometry": {"type": "LineString", "coordinates": [[-54.99730840682366, -10.243494330971005], [-54.99719569305251, -10.243583331193271]]}}, {"type": "Feature", "properties": {"layer": "0 - Linhas Quadras", "dxf_type": "LINE"}, "geometry": {"type": "LineString", "coordinates": [[-54.99730840682366, -10.243494330971005], [-54.99735929271339, -10.243553385830255]]}}, {"type": "Feature", "properties": {"layer": "0 - Linhas Quadras", "dxf_type": "LINE"}, "geometry": {"type": "LineString", "coordinates": [[-54.99735929271339, -10.243553385830255], [-54.99724452816602, -10.243644005921887]]}}, {"type": "Feature", "properties": {"layer": "0 - Linhas Quadras", "dxf_type": "LINE"}, "geometry": {"type": "LineString", "coordinates": [[-54.99735929271339, -10.243553385830255], [-54.99741079830876, -10.243617379017994]]}}, {"type": "Feature", "properties": {"layer": "0 - Linhas Quadras", "dxf_type": "LINE"}, "geometry": {"type": "LineString", "coordinates": [[-54.99741079830876, -10.243617379017994], [-54.99729832658546, -10.243710847951233]]}}, {"type": "Feature", "properties": {"layer": "0 - Linhas Quadras", "dxf_type": "LINE"}, "geometry": {"type": "LineString", "coordinates": [[-54.99738992206663, -10.24363472869796], [-54.99745060228267, -10.243708874307904]]}}, {"type": "Feature", "properties": {"layer": "0 - Linhas Quadras", "dxf_type": "LINE"}, "geometry": {"type": "LineString", "coordinates": [[-54.99745060228267, -10.243708874307904], [-54.99723976256527, -10.243876709634716]]}}, {"type": "Feature", "properties": {"layer": "0 - Linhas Quadras", "dxf_type": "LINE"}, "geometry": {"type": "LineString", "coordinates": [[-54.99729044745083, -10.24394147516412], [-54.99731234898757, -10.243968394212052]]}}, {"type": "Feature", "properties": {"layer": "0 - Linhas Quadras", "dxf_type": "LINE"}, "geometry": {"type": "LineString", "coordinates": [[-54.99731234898757, -10.243968394212052], [-54.99751327774215, -10.24379359183034]]}}, {"type": "Feature", "properties": {"layer": "0 - Linhas Quadras", "dxf_type": "LINE"}, "geometry": {"type": "LineString", "coordinates": [[-54.99751327774215, -10.24379359183034], [-54.99744691791898, -10.243711807444816]]}}, {"type": "Feature", "properties": {"layer": "0 - Linhas Quadras", "dxf_type": "LINE"}, "geometry": {"type": "LineString", "coordinates": [[-54.99744691791898, -10.243711807444816], [-54.99748121850281, -10.243754081859732]]}}, {"type": "Feature", "properties": {"layer": "0 - Linhas Quadras", "dxf_type": "LINE"}, "geometry": {"type": "LineString", "coordinates": [[-54.99748121850281, -10.243754081859732], [-54.99727552191956, -10.243922402652586]]}}, {"type": "Feature", "properties": {"layer": "0 - Linhas Quadras", "dxf_type": "LINE"}, "geometry": {"type": "LineString", "coordinates": [[-54.99751327774215, -10.24379359183034], [-54.997553132414815, -10.243842709700806]]}}, {"type": "Feature", "properties": {"layer": "0 - Linhas Quadras", "dxf_type": "LINE"}, "geometry": {"type": "LineString", "coordinates": [[-54.997553132414815, -10.243842709700806], [-54.99734904685547, -10.244005167669597]]}}, {"type": "Feature", "properties": {"layer": "0 - Linhas Quadras", "dxf_type": "LINE"}, "geometry": {"type": "LineString", "coordinates": [[-54.99764281732606, -10.243961040518856], [-54.99744422235183, -10.24412140361618]]}}, {"type": "Feature", "properties": {"layer": "0 - Linhas Quadras", "dxf_type": "LINE"}, "geometry": {"type": "LineString", "coordinates": [[-54.99764281732606, -10.243961040518856], [-54.997553132414815, -10.243842709700806]]}}, {"type": "Feature", "properties": {"layer": "0 - Linhas Quadras", "dxf_type": "LINE"}, "geometry": {"type": "LineString", "coordinates": [[-54.997553132414815, -10.243842709700806], [-54.99761175565622, -10.243920057880562]]}}, {"type": "Feature", "properties": {"layer": "0 - Linhas Quadras", "dxf_type": "LINE"}, "geometry": {"type": "LineString", "coordinates": [[-54.99764281732606, -10.243961040518856], [-54.99760446587827, -10.24391043953497]]}}, {"type": "Feature", "properties": {"layer": "0 - Linhas Quadras", "dxf_type": "LINE"}, "geometry": {"type": "LineString", "coordinates": [[-54.99715846294058, -10.244716164808871], [-54.99723513154987, -10.244656267709344]]}}, {"type": "Feature", "properties": {"layer": "0 - Linhas Quadras", "dxf_type": "LINE"}, "geometry": {"type": "LineString", "coordinates": [[-54.99764281732606, -10.243961040518856], [-54.99768116969225, -10.244011642409898]]}}, {"type": "Feature", "properties": {"layer": "0 - Linhas Quadras", "dxf_type": "LINE"}, "geometry": {"type": "LineString", "coordinates": [[-54.99768116969225, -10.244011642409898], [-54.99748378422188, -10.24417108284055]]}}, {"type": "Feature", "properties": {"layer": "0 - Linhas Quadras", "dxf_type": "LINE"}, "geometry": {"type": "LineString", "coordinates": [[-54.99768116969225, -10.244011642409898], [-54.997745062102496, -10.244097180029938]]}}, {"type": "Feature", "properties": {"layer": "0 - Linhas Quadras", "dxf_type": "LINE"}, "geometry": {"type": "LineString", "coordinates": [[-54.995768809105144, -10.244942536701792], [-54.99581295202686, -10.244991350360872]]}}, {"type": "Feature", "properties": {"layer": "0 - Linhas Quadras", "dxf_type": "LINE"}, "geometry": {"type": "LineString", "coordinates": [[-54.99581295202686, -10.244991350360872], [-54.99601433385938, -10.244823385632284]]}}, {"type": "Feature", "properties": {"layer": "0 - Linhas Quadras", "dxf_type": "LINE"}, "geometry": {"type": "LineString", "coordinates": [[-54.99581295202686, -10.244991350360872], [-54.99580154482896, -10.245000864325963]]}}, {"type": "Feature", "properties": {"layer": "0 - Linhas Quadras", "dxf_type": "LINE"}, "geometry": {"type": "LineString", "coordinates": [[-54.99580154482896, -10.245000864325963], [-54.99583887218839, -10.24504477015367]]}}, {"type": "Feature", "properties": {"layer": "0 - Linhas Quadras", "dxf_type": "LINE"}, "geometry": {"type": "LineString", "coordinates": [[-54.99583887218839, -10.24504477015367], [-54.99604782991097, -10.244869354074456]]}}, {"type": "Feature", "properties": {"layer": "0 - Linhas Quadras", "dxf_type": "LINE"}, "geometry": {"type": "LineString", "coordinates": [[-54.99583887218839, -10.24504477015367], [-54.99582835176704, -10.245053602605251]]}}, {"type": "Feature", "properties": {"layer": "0 - Linhas Quadras", "dxf_type": "LINE"}, "geometry": {"type": "LineString", "coordinates": [[-54.99582835176704, -10.245053602605251], [-54.99585790142683, -10.245088136526777]]}}, {"type": "Feature", "properties": {"layer": "0 - Linhas Quadras", "dxf_type": "LINE"}, "geometry": {"type": "LineString", "coordinates": [[-54.99585790142683, -10.245088136526777], [-54.99607499683238, -10.244906635677513]]}}, {"type": "Feature", "properties": {"layer": "0 - Linhas Quadras", "dxf_type": "LINE"}, "geometry": {"type": "LineString", "coordinates": [[-54.996342448918334, -10.245340651938573], [-54.99628821905216, -10.245271454173523]]}}, {"type": "Feature", "properties": {"layer": "0 - Linhas Quadras", "dxf_type": "LINE"}, "geometry": {"type": "LineString", "coordinates": [[-54.99628821905216, -10.245271454173523], [-54.996093503375825, -10.245421160225249]]}}, {"type": "Feature", "properties": {"layer": "0 - Linhas Quadras", "dxf_type": "LINE"}, "geometry": {"type": "LineString", "coordinates": [[-54.996093503375825, -10.245421160225249], [-54.99614818408151, -10.245490932981046]]}}, {"type": "Feature", "properties": {"layer": "0 - Linhas Quadras", "dxf_type": "LINE"}, "geometry": {"type": "LineString", "coordinates": [[-54.99614818408151, -10.245490932981046], [-54.996342448918334, -10.245340651938573]]}}, {"type": "Feature", "properties": {"layer": "0 - Linhas Quadras", "dxf_type": "LINE"}, "geometry": {"type": "LineString", "coordinates": [[-54.996101110248254, -10.245415311733], [-54.99603079589796, -10.245327335231549]]}}, {"type": "Feature", "properties": {"layer": "0 - Linhas Quadras", "dxf_type": "LINE"}, "geometry": {"type": "LineString", "coordinates": [[-54.99603079589796, -10.245327335231549], [-54.99622106646876, -10.245187318076267]]}}, {"type": "Feature", "properties": {"layer": "0 - Linhas Quadras", "dxf_type": "LINE"}, "geometry": {"type": "LineString", "coordinates": [[-54.99622106646876, -10.245187318076267], [-54.99628821905216, -10.245271454173523]]}}, {"type": "Feature", "properties": {"layer": "0 - Linhas Quadras", "dxf_type": "LINE"}, "geometry": {"type": "LineString", "coordinates": [[-54.99603079589796, -10.245327335231549], [-54.99597951889771, -10.245251960146176]]}}, {"type": "Feature", "properties": {"layer": "0 - Linhas Quadras", "dxf_type": "LINE"}, "geometry": {"type": "LineString", "coordinates": [[-54.99597951889771, -10.245251960146176], [-54.99616739486274, -10.24511221389614]]}}, {"type": "Feature", "properties": {"layer": "0 - Linhas Quadras", "dxf_type": "LINE"}, "geometry": {"type": "LineString", "coordinates": [[-54.99616739486274, -10.24511221389614], [-54.99622106646876, -10.245187318076267]]}}, {"type": "Feature", "properties": {"layer": "0 - Linhas Quadras", "dxf_type": "LINE"}, "geometry": {"type": "LineString", "coordinates": [[-54.99585790142683, -10.245088136526777], [-54.99597951889771, -10.245251960146176]]}}, {"type": "Feature", "properties": {"layer": "0 - Linhas Quadras", "dxf_type": "LINE"}, "geometry": {"type": "LineString", "coordinates": [[-54.996149064589865, -10.24500828361603], [-54.99617513639063, -10.245037867892714]]}}, {"type": "Feature", "properties": {"layer": "0 - Linhas Quadras", "dxf_type": "LINE"}, "geometry": {"type": "LineString", "coordinates": [[-54.99617513639063, -10.245037867892714], [-54.996165093295836, -10.245046551440058]]}}, {"type": "Feature", "properties": {"layer": "0 - Linhas Quadras", "dxf_type": "LINE"}, "geometry": {"type": "LineString", "coordinates": [[-54.996165093295836, -10.245046551440058], [-54.99620109652506, -10.24508740556778]]}}, {"type": "Feature", "properties": {"layer": "0 - Linhas Quadras", "dxf_type": "LINE"}, "geometry": {"type": "LineString", "coordinates": [[-54.99620109652506, -10.24508740556778], [-54.99616739486274, -10.24511221389614]]}}, {"type": "Feature", "properties": {"layer": "0 - Linhas Quadras", "dxf_type": "LINE"}, "geometry": {"type": "LineString", "coordinates": [[-54.995879878196746, -10.245117738967075], [-54.99610309208406, -10.244945193012374]]}}, {"type": "Feature", "properties": {"layer": "0 - Linhas Quadras", "dxf_type": "LINE"}, "geometry": {"type": "LineString", "coordinates": [[-54.9959187106067, -10.245170047890257], [-54.99614287387882, -10.244999787456274]]}}, {"type": "Feature", "properties": {"layer": "0 - Linhas Quadras", "dxf_type": "LINE"}, "geometry": {"type": "LineString", "coordinates": [[-54.996342448918334, -10.245340651938573], [-54.9964659171889, -10.245248701163984]]}}, {"type": "Feature", "properties": {"layer": "0 - Linhas Quadras", "dxf_type": "LINE"}, "geometry": {"type": "LineString", "coordinates": [[-54.9964659171889, -10.245248701163984], [-54.996234424658034, -10.244948608502284]]}}, {"type": "Feature", "properties": {"layer": "0 - Linhas Quadras", "dxf_type": "LINE"}, "geometry": {"type": "LineString", "coordinates": [[-54.996342448918334, -10.245340651938573], [-54.99642946776538, -10.245274797850037]]}}, {"type": "Feature", "properties": {"layer": "0 - Linhas Quadras", "dxf_type": "LINE"}, "geometry": {"type": "LineString", "coordinates": [[-54.99642946776538, -10.245274797850037], [-54.996199892163766, -10.24497275004538]]}}, {"type": "Feature", "properties": {"layer": "0 - Linhas Quadras", "dxf_type": "LINE"}, "geometry": {"type": "LineString", "coordinates": [[-54.9964659171889, -10.245248701163984], [-54.99662287707043, -10.245131806876618]]}}, {"type": "Feature", "properties": {"layer": "0 - Linhas Quadras", "dxf_type": "LINE"}, "geometry": {"type": "LineString", "coordinates": [[-54.99662287707043, -10.245131806876618], [-54.996390975230625, -10.244838453245379]]}}, {"type": "Feature", "properties": {"layer": "0 - Linhas Quadras", "dxf_type": "LINE"}, "geometry": {"type": "LineString", "coordinates": [[-54.9964659171889, -10.245248701163984], [-54.99654542361396, -10.245189489764284]]}}, {"type": "Feature", "properties": {"layer": "0 - Linhas Quadras", "dxf_type": "LINE"}, "geometry": {"type": "LineString", "coordinates": [[-54.99654542361396, -10.245189489764284], [-54.996316670876205, -10.244891110700742]]}}, {"type": "Feature", "properties": {"layer": "0 - Linhas Quadras", "dxf_type": "LINE"}, "geometry": {"type": "LineString", "coordinates": [[-54.99662287707043, -10.245131806876618], [-54.996802886813654, -10.244997747109274]]}}, {"type": "Feature", "properties": {"layer": "0 - Linhas Quadras", "dxf_type": "LINE"}, "geometry": {"type": "LineString", "coordinates": [[-54.996802886813654, -10.244997747109274], [-54.99661825062434, -10.244672895697379]]}}, {"type": "Feature", "properties": {"layer": "0 - Linhas Quadras", "dxf_type": "LINE"}, "geometry": {"type": "LineString", "coordinates": [[-54.99661825062434, -10.244672895697379], [-54.99651336333738, -10.244749893600272]]}}, {"type": "Feature", "properties": {"layer": "0 - Linhas Quadras", "dxf_type": "LINE"}, "geometry": {"type": "LineString", "coordinates": [[-54.99662287707043, -10.245131806876618], [-54.99674177168054, -10.245043262688588]]}}, {"type": "Feature", "properties": {"layer": "0 - Linhas Quadras", "dxf_type": "LINE"}, "geometry": {"type": "LineString", "coordinates": [[-54.99674177168054, -10.245043262688588], [-54.99651336333738, -10.244749893600272]]}}, {"type": "Feature", "properties": {"layer": "0 - Linhas Quadras", "dxf_type": "LINE"}, "geometry": {"type": "LineString", "coordinates": [[-54.99661825062434, -10.244672895697379], [-54.996688385104136, -10.2446214101575]]}}, {"type": "Feature", "properties": {"layer": "0 - Linhas Quadras", "dxf_type": "LINE"}, "geometry": {"type": "LineString", "coordinates": [[-54.996688385104136, -10.2446214101575], [-54.99687899331781, -10.244938586968777]]}}, {"type": "Feature", "properties": {"layer": "0 - Linhas Quadras", "dxf_type": "LINE"}, "geometry": {"type": "LineString", "coordinates": [[-54.99687899331781, -10.244938586968777], [-54.996802886813654, -10.244997747109274]]}}, {"type": "Feature", "properties": {"layer": "0 - Linhas Quadras", "dxf_type": "LINE"}, "geometry": {"type": "LineString", "coordinates": [[-54.99695055410561, -10.24487549837118], [-54.99687899331781, -10.244938586968777]]}}, {"type": "Feature", "properties": {"layer": "0 - Linhas Quadras", "dxf_type": "LINE"}, "geometry": {"type": "LineString", "coordinates": [[-54.99695055410561, -10.24487549837118], [-54.9966765126018, -10.24436399020338]]}}, {"type": "Feature", "properties": {"layer": "0 - Linhas Quadras", "dxf_type": "LINE"}, "geometry": {"type": "LineString", "coordinates": [[-54.99695055410561, -10.24487549837118], [-54.99715846294058, -10.244716164808871]]}}, {"type": "Feature", "properties": {"layer": "0 - Linhas Quadras", "dxf_type": "LINE"}, "geometry": {"type": "LineString", "coordinates": [[-54.99708162176772, -10.244775052947636], [-54.99685192242793, -10.244397021034992]]}}, {"type": "Feature", "properties": {"layer": "0 - Linhas Quadras", "dxf_type": "LINE"}, "geometry": {"type": "LineString", "coordinates": [[-54.99685192242793, -10.244397021034992], [-54.996828464481816, -10.24441100391494]]}}, {"type": "Feature", "properties": {"layer": "0 - Linhas Quadras", "dxf_type": "LINE"}, "geometry": {"type": "LineString", "coordinates": [[-54.996828464481816, -10.24441100391494], [-54.99677106786889, -10.244299663924414]]}}, {"type": "Feature", "properties": {"layer": "0 - Linhas Quadras", "dxf_type": "LINE"}, "geometry": {"type": "LineString", "coordinates": [[-54.99708162176772, -10.244775052947636], [-54.99715846294058, -10.244716164808871]]}}, {"type": "Feature", "properties": {"layer": "0 - Linhas Quadras", "dxf_type": "LINE"}, "geometry": {"type": "LineString", "coordinates": [[-54.99715846294058, -10.244716164808871], [-54.99684593967325, -10.244256158423207]]}}, {"type": "Feature", "properties": {"layer": "0 - Linhas Quadras", "dxf_type": "LINE"}, "geometry": {"type": "LineString", "coordinates": [[-54.99715846294058, -10.244716164808871], [-54.99723513154987, -10.244656267709344]]}}, {"type": "Feature", "properties": {"layer": "0 - Linhas Quadras", "dxf_type": "LINE"}, "geometry": {"type": "LineString", "coordinates": [[-54.99723513154987, -10.244656267709344], [-54.996920860181866, -10.244203295791491]]}}, {"type": "Feature", "properties": {"layer": "0 - Linhas Quadras", "dxf_type": "LINE"}, "geometry": {"type": "LineString", "coordinates": [[-54.99744552940763, -10.24448753488213], [-54.9971201300676, -10.244070656028281]]}}, {"type": "Feature", "properties": {"layer": "0 - Linhas Quadras", "dxf_type": "LINE"}, "geometry": {"type": "LineString", "coordinates": [[-54.99732412672237, -10.244584896187398], [-54.99700715718722, -10.244146957134015]]}}, {"type": "Feature", "properties": {"layer": "0 - Linhas Quadras", "dxf_type": "LINE"}, "geometry": {"type": "LineString", "coordinates": [[-54.99715846294058, -10.244716164808871], [-54.996985236064745, -10.244461191100513]]}}, {"type": "Feature", "properties": {"layer": "0 - Linhas Quadras", "dxf_type": "LINE"}, "geometry": {"type": "LineString", "coordinates": [[-54.99699461317117, -10.244474992114469], [-54.99692464236975, -10.244516701914856]]}}, {"type": "Feature", "properties": {"layer": "0 - Linhas Quadras", "dxf_type": "LINE"}, "geometry": {"type": "LineString", "coordinates": [[-54.99409563812434, -10.24555790289451], [-54.993937877584344, -10.245702986822117]]}}, {"type": "Feature", "properties": {"layer": "0 - Linhas Quadras", "dxf_type": "LINE"}, "geometry": {"type": "LineString", "coordinates": [[-54.993937877584344, -10.245702986822117], [-54.99393799928284, -10.245718459992842]]}}, {"type": "Feature", "properties": {"layer": "0 - Linhas Quadras", "dxf_type": "LINE"}, "geometry": {"type": "LineString", "coordinates": [[-54.99393799928284, -10.245718459992842], [-54.99400243967688, -10.245797841378595]]}}, {"type": "Feature", "properties": {"layer": "0 - Linhas Quadras", "dxf_type": "LINE"}, "geometry": {"type": "LineString", "coordinates": [[-54.99400243967688, -10.245797841378595], [-54.99417653197029, -10.2456338116662]]}}, {"type": "Feature", "properties": {"layer": "0 - Linhas Quadras", "dxf_type": "LINE"}, "geometry": {"type": "LineString", "coordinates": [[-54.99417653197029, -10.2456338116662], [-54.99409563812434, -10.24555790289451]]}}, {"type": "Feature", "properties": {"layer": "0 - Linhas Quadras", "dxf_type": "LINE"}, "geometry": {"type": "LineString", "coordinates": [[-54.99409563812434, -10.24555790289451], [-54.99406888712676, -10.245582504370711]]}}, {"type": "Feature", "properties": {"layer": "0 - Linhas Quadras", "dxf_type": "LINE"}, "geometry": {"type": "LineString", "coordinates": [[-54.99406146755937, -10.245589328390597], [-54.99413855486997, -10.24566959408615]]}}, {"type": "Feature", "properties": {"layer": "0 - Linhas Quadras", "dxf_type": "LINE"}, "geometry": {"type": "LineString", "coordinates": [[-54.99409563812434, -10.24555790289451], [-54.99417987670073, -10.245480434136034]]}}, {"type": "Feature", "properties": {"layer": "0 - Linhas Quadras", "dxf_type": "LINE"}, "geometry": {"type": "LineString", "coordinates": [[-54.99417987670073, -10.245480434136034], [-54.994416349570066, -10.245718657250032]]}}, {"type": "Feature", "properties": {"layer": "0 - Linhas Quadras", "dxf_type": "LINE"}, "geometry": {"type": "LineString", "coordinates": [[-54.994416349570066, -10.245718657250032], [-54.994354173015964, -10.24577920699435]]}}, {"type": "Feature", "properties": {"layer": "0 - Linhas Quadras", "dxf_type": "LINE"}, "geometry": {"type": "LineString", "coordinates": [[-54.994354173015964, -10.24577920699435], [-54.99417653197029, -10.2456338116662]]}}, {"type": "Feature", "properties": {"layer": "0 - Linhas Quadras", "dxf_type": "LINE"}, "geometry": {"type": "LineString", "coordinates": [[-54.99417987670073, -10.245480434136034], [-54.99431190793242, -10.245339675665829]]}}, {"type": "Feature", "properties": {"layer": "0 - Linhas Quadras", "dxf_type": "LINE"}, "geometry": {"type": "LineString", "coordinates": [[-54.99452213182626, -10.245623394735633], [-54.994416349570066, -10.245718657250032]]}}, {"type": "Feature", "properties": {"layer": "0 - Linhas Quadras", "dxf_type": "LINE"}, "geometry": {"type": "LineString", "coordinates": [[-54.99431190793242, -10.245339675665829], [-54.99451117461569, -10.245157871721664]]}}, {"type": "Feature", "properties": {"layer": "0 - Linhas Quadras", "dxf_type": "LINE"}, "geometry": {"type": "LineString", "coordinates": [[-54.99451117461569, -10.245157871721664], [-54.994762121322445, -10.245402382972408]]}}, {"type": "Feature", "properties": {"layer": "0 - Linhas Quadras", "dxf_type": "LINE"}, "geometry": {"type": "LineString", "coordinates": [[-54.994762121322445, -10.245402382972408], [-54.99452213182626, -10.245623394735633]]}}, {"type": "Feature", "properties": {"layer": "0 - Linhas Quadras", "dxf_type": "LINE"}, "geometry": {"type": "LineString", "coordinates": [[-54.99463134771473, -10.245055188122008], [-54.994866066452154, -10.24530752929793]]}}, {"type": "Feature", "properties": {"layer": "0 - Linhas Quadras", "dxf_type": "LINE"}, "geometry": {"type": "LineString", "coordinates": [[-54.99486532021411, -10.245308210771864], [-54.994762121322445, -10.245402382972408]]}}, {"type": "Feature", "properties": {"layer": "0 - Linhas Quadras", "dxf_type": "LINE"}, "geometry": {"type": "LineString", "coordinates": [[-54.99463134771473, -10.245055188122008], [-54.99451117461569, -10.245157871721664]]}}, {"type": "Feature", "properties": {"layer": "0 - Linhas Quadras", "dxf_type": "LINE"}, "geometry": {"type": "LineString", "coordinates": [[-54.994762121322445, -10.245402382972408], [-54.99485685278834, -10.2453159376966]]}}, {"type": "Feature", "properties": {"layer": "0 - Linhas Quadras", "dxf_type": "LINE"}, "geometry": {"type": "LineString", "coordinates": [[-54.99477308375831, -10.245207566882709], [-54.99466663108045, -10.245309340851868]]}}, {"type": "Feature", "properties": {"layer": "0 - Linhas Quadras", "dxf_type": "LINE"}, "geometry": {"type": "LineString", "coordinates": [[-54.99486532021411, -10.245308210771864], [-54.99493734792774, -10.245242482520553]]}}, {"type": "Feature", "properties": {"layer": "0 - Linhas Quadras", "dxf_type": "LINE"}, "geometry": {"type": "LineString", "coordinates": [[-54.99493734792774, -10.245242482520553], [-54.99468955161079, -10.24499737255144]]}}, {"type": "Feature", "properties": {"layer": "0 - Linhas Quadras", "dxf_type": "LINE"}, "geometry": {"type": "LineString", "coordinates": [[-54.99468955161079, -10.24499737255144], [-54.99462898179351, -10.245052644355342]]}}, {"type": "Feature", "properties": {"layer": "0 - Linhas Quadras", "dxf_type": "LINE"}, "geometry": {"type": "LineString", "coordinates": [[-54.99462898179351, -10.245052644355342], [-54.99463134771473, -10.245055188122008]]}}, {"type": "Feature", "properties": {"layer": "0 - Linhas Quadras", "dxf_type": "LINE"}, "geometry": {"type": "LineString", "coordinates": [[-54.99480252298931, -10.245109118854431], [-54.99473706913406, -10.245168847620628]]}}, {"type": "Feature", "properties": {"layer": "0 - Linhas Quadras", "dxf_type": "LINE"}, "geometry": {"type": "LineString", "coordinates": [[-54.99468955161079, -10.24499737255144], [-54.99474995074918, -10.244943552281626]]}}, {"type": "Feature", "properties": {"layer": "0 - Linhas Quadras", "dxf_type": "LINE"}, "geometry": {"type": "LineString", "coordinates": [[-54.99474995074918, -10.244943552281626], [-54.994978274663985, -10.245182278838408]]}}, {"type": "Feature", "properties": {"layer": "0 - Linhas Quadras", "dxf_type": "LINE"}, "geometry": {"type": "LineString", "coordinates": [[-54.994978274663985, -10.245182278838408], [-54.994927447420004, -10.245232689836625]]}}, {"type": "Feature", "properties": {"layer": "0 - Linhas Quadras", "dxf_type": "LINE"}, "geometry": {"type": "LineString", "coordinates": [[-54.99474995074918, -10.244943552281626], [-54.994868667510865, -10.244837765457174]]}}, {"type": "Feature", "properties": {"layer": "0 - Linhas Quadras", "dxf_type": "LINE"}, "geometry": {"type": "LineString", "coordinates": [[-54.994868667510865, -10.244837765457174], [-54.99509626719738, -10.245088342403168]]}}, {"type": "Feature", "properties": {"layer": "0 - Linhas Quadras", "dxf_type": "LINE"}, "geometry": {"type": "LineString", "coordinates": [[-54.99509626719738, -10.245088342403168], [-54.994978274663985, -10.245182278838408]]}}, {"type": "Feature", "properties": {"layer": "0 - Linhas Quadras", "dxf_type": "LINE"}, "geometry": {"type": "LineString", "coordinates": [[-54.99474995074918, -10.244943552281626], [-54.9948096532961, -10.244890352310184]]}}, {"type": "Feature", "properties": {"layer": "0 - Linhas Quadras", "dxf_type": "LINE"}, "geometry": {"type": "LineString", "coordinates": [[-54.9948096532961, -10.244890352310184], [-54.995037270939015, -10.24513531062787]]}}, {"type": "Feature", "properties": {"layer": "0 - Linhas Quadras", "dxf_type": "LINE"}, "geometry": {"type": "LineString", "coordinates": [[-54.994868667510865, -10.244837765457174], [-54.99493465111259, -10.244778968241148]]}}, {"type": "Feature", "properties": {"layer": "0 - Linhas Quadras", "dxf_type": "LINE"}, "geometry": {"type": "LineString", "coordinates": [[-54.99493465111259, -10.244778968241148], [-54.99504443603548, -10.244908662065315]]}}, {"type": "Feature", "properties": {"layer": "0 - Linhas Quadras", "dxf_type": "LINE"}, "geometry": {"type": "LineString", "coordinates": [[-54.99504443603548, -10.244908662065315], [-54.994980260371115, -10.244960625052213]]}}, {"type": "Feature", "properties": {"layer": "0 - Linhas Quadras", "dxf_type": "LINE"}, "geometry": {"type": "LineString", "coordinates": [[-54.99493465111259, -10.244778968241148], [-54.995012903776995, -10.244703047750058]]}}, {"type": "Feature", "properties": {"layer": "0 - Linhas Quadras", "dxf_type": "LINE"}, "geometry": {"type": "LineString", "coordinates": [[-54.995012903776995, -10.244703047750058], [-54.9951249585041, -10.244841287665391]]}}, {"type": "Feature", "properties": {"layer": "0 - Linhas Quadras", "dxf_type": "LINE"}, "geometry": {"type": "LineString", "coordinates": [[-54.9951249585041, -10.244841287665391], [-54.99504418510435, -10.244908365839281]]}}, {"type": "Feature", "properties": {"layer": "0 - Linhas Quadras", "dxf_type": "LINE"}, "geometry": {"type": "LineString", "coordinates": [[-54.995012903776995, -10.244703047750058], [-54.99504977358998, -10.244667277340591]]}}, {"type": "Feature", "properties": {"layer": "0 - Linhas Quadras", "dxf_type": "LINE"}, "geometry": {"type": "LineString", "coordinates": [[-54.99504977358998, -10.244667277340591], [-54.99517002170939, -10.244801893326905]]}}, {"type": "Feature", "properties": {"layer": "0 - Linhas Quadras", "dxf_type": "LINE"}, "geometry": {"type": "LineString", "coordinates": [[-54.99517002170939, -10.244801893326905], [-54.9951249585041, -10.244841287665391]]}}, {"type": "Feature", "properties": {"layer": "0 - Linhas Quadras", "dxf_type": "LINE"}, "geometry": {"type": "LineString", "coordinates": [[-54.99517002170939, -10.244801893326905], [-54.995388432869596, -10.24462523345114]]}}, {"type": "Feature", "properties": {"layer": "0 - Linhas Quadras", "dxf_type": "LINE"}, "geometry": {"type": "LineString", "coordinates": [[-54.995388432869596, -10.24462523345114], [-54.99526817825852, -10.244482493952875]]}}, {"type": "Feature", "properties": {"layer": "0 - Linhas Quadras", "dxf_type": "LINE"}, "geometry": {"type": "LineString", "coordinates": [[-54.99526817825852, -10.244482493952875], [-54.99525397826677, -10.244482604352823]]}}, {"type": "Feature", "properties": {"layer": "0 - Linhas Quadras", "dxf_type": "LINE"}, "geometry": {"type": "LineString", "coordinates": [[-54.99525397826677, -10.244482604352823], [-54.99504977358998, -10.244667277340591]]}}, {"type": "Feature", "properties": {"layer": "0 - Linhas Quadras", "dxf_type": "LINE"}, "geometry": {"type": "LineString", "coordinates": [[-54.995098482716415, -10.244623226793014], [-54.995215476314776, -10.244765128190728]]}}, {"type": "Feature", "properties": {"layer": "0 - Linhas Quadras", "dxf_type": "LINE"}, "geometry": {"type": "LineString", "coordinates": [[-54.995174589895434, -10.244554398747924], [-54.99529727697582, -10.244698963832299]]}}, {"type": "Feature", "properties": {"layer": "0 - Linhas Quadras", "dxf_type": "LINE"}, "geometry": {"type": "LineString", "coordinates": [[-54.995388432869596, -10.24462523345114], [-54.995478850695335, -10.244747351284303]]}}, {"type": "Feature", "properties": {"layer": "0 - Linhas Quadras", "dxf_type": "LINE"}, "geometry": {"type": "LineString", "coordinates": [[-54.995478850695335, -10.244747351284303], [-54.99539623566852, -10.244824749134331]]}}, {"type": "Feature", "properties": {"layer": "0 - Linhas Quadras", "dxf_type": "LINE"}, "geometry": {"type": "LineString", "coordinates": [[-54.99539623566852, -10.244824749134331], [-54.99528694480287, -10.244707321059712]]}}, {"type": "Feature", "properties": {"layer": "0 - Linhas Quadras", "dxf_type": "LINE"}, "geometry": {"type": "LineString", "coordinates": [[-54.99539623566852, -10.244824749134331], [-54.995323294660324, -10.244893084226739]]}}, {"type": "Feature", "properties": {"layer": "0 - Linhas Quadras", "dxf_type": "LINE"}, "geometry": {"type": "LineString", "coordinates": [[-54.995323294660324, -10.244893084226739], [-54.99520807666289, -10.244771113528378]]}}, {"type": "Feature", "properties": {"layer": "0 - Linhas Quadras", "dxf_type": "LINE"}, "geometry": {"type": "LineString", "coordinates": [[-54.995323294660324, -10.244893084226739], [-54.99520927321601, -10.244998751952046]]}}, {"type": "Feature", "properties": {"layer": "0 - Linhas Quadras", "dxf_type": "LINE"}, "geometry": {"type": "LineString", "coordinates": [[-54.99520927321601, -10.244998751952046], [-54.99508885148206, -10.244871272261468]]}}, {"type": "Feature", "properties": {"layer": "0 - Linhas Quadras", "dxf_type": "LINE"}, "geometry": {"type": "LineString", "coordinates": [[-54.99503831227594, -10.244913620275819], [-54.99515006462593, -10.245041175782756]]}}, {"type": "Feature", "properties": {"layer": "0 - Linhas Quadras", "dxf_type": "LINE"}, "geometry": {"type": "LineString", "coordinates": [[-54.99515006462593, -10.245041175782756], [-54.99517338097518, -10.245021134088832]]}}, {"type": "Feature", "properties": {"layer": "0 - Linhas Quadras", "dxf_type": "LINE"}, "geometry": {"type": "LineString", "coordinates": [[-54.99517338097518, -10.245021134088832], [-54.99517968749999, -10.24502833294473]]}}, {"type": "Feature", "properties": {"layer": "0 - Linhas Quadras", "dxf_type": "LINE"}, "geometry": {"type": "LineString", "coordinates": [[-54.99517968749999, -10.24502833294473], [-54.99520927321601, -10.244998751952046]]}}, {"type": "Feature", "properties": {"layer": "0 - Linhas Quadras", "dxf_type": "LINE"}, "geometry": {"type": "LineString", "coordinates": [[-54.99515006462593, -10.245041175782756], [-54.99509579408836, -10.24508782153829]]}}, {"type": "Feature", "properties": {"layer": "0 - Linhas Quadras", "dxf_type": "LINE"}, "geometry": {"type": "LineString", "coordinates": [[-54.994354173015964, -10.24577920699435], [-54.99415259176103, -10.245966469710071]]}}, {"type": "Feature", "properties": {"layer": "0 - Linhas Quadras", "dxf_type": "LINE"}, "geometry": {"type": "LineString", "coordinates": [[-54.99415259176103, -10.245966469710071], [-54.994065883258024, -10.245884230131464]]}}, {"type": "Feature", "properties": {"layer": "0 - Linhas Quadras", "dxf_type": "LINE"}, "geometry": {"type": "LineString", "coordinates": [[-54.994065883258024, -10.245884230131464], [-54.99400243967688, -10.245797841378595]]}}, {"type": "Feature", "properties": {"layer": "0 - Linhas Quadras", "dxf_type": "LINE"}, "geometry": {"type": "LineString", "coordinates": [[-54.994065883258024, -10.245884230131464], [-54.994256198168756, -10.245699017652008]]}}, {"type": "Feature", "properties": {"layer": "0 - Linhas Quadras", "dxf_type": "LINE"}, "geometry": {"type": "LineString", "coordinates": [[-54.995335880768934, -10.244426068270323], [-54.99533662775356, -10.244442982545412]]}}, {"type": "Feature", "properties": {"layer": "0 - Linhas Quadras", "dxf_type": "LINE"}, "geometry": {"type": "LineString", "coordinates": [[-54.99549534939347, -10.244285772987089], [-54.995335880768934, -10.244426068270323]]}}, {"type": "Feature", "properties": {"layer": "0 - Linhas Quadras", "dxf_type": "LINE"}, "geometry": {"type": "LineString", "coordinates": [[-54.99549534939347, -10.244285772987089], [-54.995610483248704, -10.24441416090324]]}}, {"type": "Feature", "properties": {"layer": "0 - Linhas Quadras", "dxf_type": "LINE"}, "geometry": {"type": "LineString", "coordinates": [[-54.995610483248704, -10.24441416090324], [-54.99544196346962, -10.244562419126513]]}}, {"type": "Feature", "properties": {"layer": "0 - Linhas Quadras", "dxf_type": "LINE"}, "geometry": {"type": "LineString", "coordinates": [[-54.99544196346962, -10.244562419126513], [-54.99533662775356, -10.244442982545412]]}}, {"type": "Feature", "properties": {"layer": "0 - Linhas Quadras", "dxf_type": "LINE"}, "geometry": {"type": "LineString", "coordinates": [[-54.99549534939347, -10.244285772987089], [-54.99558648136673, -10.244206382010459]]}}, {"type": "Feature", "properties": {"layer": "0 - Linhas Quadras", "dxf_type": "LINE"}, "geometry": {"type": "LineString", "coordinates": [[-54.99558648136673, -10.244206382010459], [-54.99570986672028, -10.244329740721213]]}}, {"type": "Feature", "properties": {"layer": "0 - Linhas Quadras", "dxf_type": "LINE"}, "geometry": {"type": "LineString", "coordinates": [[-54.99570986672028, -10.244329740721213], [-54.995610483248704, -10.24441416090324]]}}, {"type": "Feature", "properties": {"layer": "0 - Linhas Quadras", "dxf_type": "LINE"}, "geometry": {"type": "LineString", "coordinates": [[-54.99570986672028, -10.244329740721213], [-54.995782153478615, -10.244253222779234]]}}, {"type": "Feature", "properties": {"layer": "0 - Linhas Quadras", "dxf_type": "LINE"}, "geometry": {"type": "LineString", "coordinates": [[-54.995782153478615, -10.244253222779234], [-54.99583483374676, -10.244201389392645]]}}, {"type": "Feature", "properties": {"layer": "0 - Linhas Quadras", "dxf_type": "LINE"}, "geometry": {"type": "LineString", "coordinates": [[-54.99583483374676, -10.244201389392645], [-54.99572606359025, -10.24407530601013]]}}, {"type": "Feature", "properties": {"layer": "0 - Linhas Quadras", "dxf_type": "LINE"}, "geometry": {"type": "LineString", "coordinates": [[-54.99572606359025, -10.24407530601013], [-54.99558648136673, -10.244206382010459]]}}, {"type": "Feature", "properties": {"layer": "0 - Linhas Quadras", "dxf_type": "LINE"}, "geometry": {"type": "LineString", "coordinates": [[-54.99558648136673, -10.244206382010459], [-54.99565436299656, -10.24414263738178]]}}, {"type": "Feature", "properties": {"layer": "0 - Linhas Quadras", "dxf_type": "LINE"}, "geometry": {"type": "LineString", "coordinates": [[-54.99565436299656, -10.24414263738178], [-54.99577228182699, -10.24426367273439]]}}, {"type": "Feature", "properties": {"layer": "0 - Linhas Quadras", "dxf_type": "LINE"}, "geometry": {"type": "LineString", "coordinates": [[-54.99572606359025, -10.24407530601013], [-54.99576416013267, -10.244040789561122]]}}, {"type": "Feature", "properties": {"layer": "0 - Linhas Quadras", "dxf_type": "LINE"}, "geometry": {"type": "LineString", "coordinates": [[-54.99576416013267, -10.244040789561122], [-54.99587414528035, -10.244167260972292]]}}, {"type": "Feature", "properties": {"layer": "0 - Linhas Quadras", "dxf_type": "LINE"}, "geometry": {"type": "LineString", "coordinates": [[-54.99587414528035, -10.244167260972292], [-54.99583440610704, -10.244200894118931]]}}, {"type": "Feature", "properties": {"layer": "0 - Linhas Quadras", "dxf_type": "LINE"}, "geometry": {"type": "LineString", "coordinates": [[-54.99587414528035, -10.244167260972292], [-54.99590897496252, -10.24413778362178]]}}, {"type": "Feature", "properties": {"layer": "0 - Linhas Quadras", "dxf_type": "LINE"}, "geometry": {"type": "LineString", "coordinates": [[-54.99590897496252, -10.24413778362178], [-54.99579554020368, -10.244012319621012]]}}, {"type": "Feature", "properties": {"layer": "0 - Linhas Quadras", "dxf_type": "LINE"}, "geometry": {"type": "LineString", "coordinates": [[-54.99579554020368, -10.244012319621012], [-54.99576416013267, -10.244040789561122]]}}, {"type": "Feature", "properties": {"layer": "0 - Linhas Quadras", "dxf_type": "LINE"}, "geometry": {"type": "LineString", "coordinates": [[-54.99579554020368, -10.244012319621012], [-54.99578976067494, -10.244006070432969]]}}, {"type": "Feature", "properties": {"layer": "0 - Linhas Quadras", "dxf_type": "LINE"}, "geometry": {"type": "LineString", "coordinates": [[-54.99578976067494, -10.244006070432969], [-54.995856758486156, -10.24394528335528]]}}, {"type": "Feature", "properties": {"layer": "0 - Linhas Quadras", "dxf_type": "LINE"}, "geometry": {"type": "LineString", "coordinates": [[-54.995856758486156, -10.24394528335528], [-54.995979861759125, -10.244078394453323]]}}, {"type": "Feature", "properties": {"layer": "0 - Linhas Quadras", "dxf_type": "LINE"}, "geometry": {"type": "LineString", "coordinates": [[-54.995979861759125, -10.244078394453323], [-54.99590897496252, -10.24413778362178]]}}, {"type": "Feature", "properties": {"layer": "0 - Linhas Quadras", "dxf_type": "LINE"}, "geometry": {"type": "LineString", "coordinates": [[-54.995856758486156, -10.24394528335528], [-54.9959272668431, -10.243888019692179]]}}, {"type": "Feature", "properties": {"layer": "0 - Linhas Quadras", "dxf_type": "LINE"}, "geometry": {"type": "LineString", "coordinates": [[-54.9959272668431, -10.243888019692179], [-54.99604285667231, -10.244022866087615]]}}, {"type": "Feature", "properties": {"layer": "0 - Linhas Quadras", "dxf_type": "LINE"}, "geometry": {"type": "LineString", "coordinates": [[-54.99604285667231, -10.244022866087615], [-54.99597989846084, -10.24407836304226]]}}, {"type": "Feature", "properties": {"layer": "0 - Linhas Quadras", "dxf_type": "LINE"}, "geometry": {"type": "LineString", "coordinates": [[-54.9959272668431, -10.243888019692179], [-54.995996591636995, -10.243829720954263]]}}, {"type": "Feature", "properties": {"layer": "0 - Linhas Quadras", "dxf_type": "LINE"}, "geometry": {"type": "LineString", "coordinates": [[-54.995996591636995, -10.243829720954263], [-54.996104807907365, -10.24396495486092]]}}, {"type": "Feature", "properties": {"layer": "0 - Linhas Quadras", "dxf_type": "LINE"}, "geometry": {"type": "LineString", "coordinates": [[-54.996104807907365, -10.24396495486092], [-54.99604285667231, -10.244022866087615]]}}, {"type": "Feature", "properties": {"layer": "0 - Linhas Quadras", "dxf_type": "LINE"}, "geometry": {"type": "LineString", "coordinates": [[-54.995996591636995, -10.243829720954263], [-54.99605920246834, -10.243777068296827]]}}, {"type": "Feature", "properties": {"layer": "0 - Linhas Quadras", "dxf_type": "LINE"}, "geometry": {"type": "LineString", "coordinates": [[-54.99606271576725, -10.243774056386515], [-54.99617568826168, -10.243903383526794]]}}, {"type": "Feature", "properties": {"layer": "0 - Linhas Quadras", "dxf_type": "LINE"}, "geometry": {"type": "LineString", "coordinates": [[-54.99617568826168, -10.243903383526794], [-54.996104807907365, -10.24396495486092]]}}, {"type": "Feature", "properties": {"layer": "0 - Linhas Quadras", "dxf_type": "LINE"}, "geometry": {"type": "LineString", "coordinates": [[-54.9961309244552, -10.24371560248837], [-54.99605920246834, -10.243777068296827]]}}, {"type": "Feature", "properties": {"layer": "0 - Linhas Quadras", "dxf_type": "LINE"}, "geometry": {"type": "LineString", "coordinates": [[-54.9961309244552, -10.24371560248837], [-54.996249449497434, -10.243851286763503]]}}, {"type": "Feature", "properties": {"layer": "0 - Linhas Quadras", "dxf_type": "LINE"}, "geometry": {"type": "LineString", "coordinates": [[-54.996249449497434, -10.243851286763503], [-54.99617568826168, -10.243903383526794]]}}, {"type": "Feature", "properties": {"layer": "0 - Linhas Quadras", "dxf_type": "LINE"}, "geometry": {"type": "LineString", "coordinates": [[-54.9961309244552, -10.24371560248837], [-54.99619910743051, -10.243657170106793]]}}, {"type": "Feature", "properties": {"layer": "0 - Linhas Quadras", "dxf_type": "LINE"}, "geometry": {"type": "LineString", "coordinates": [[-54.99619910743051, -10.243657170106793], [-54.996319970179414, -10.243788561573822]]}}, {"type": "Feature", "properties": {"layer": "0 - Linhas Quadras", "dxf_type": "LINE"}, "geometry": {"type": "LineString", "coordinates": [[-54.996319970179414, -10.243788561573822], [-54.996249449497434, -10.243851286763503]]}}, {"type": "Feature", "properties": {"layer": "0 - Linhas Quadras", "dxf_type": "LINE"}, "geometry": {"type": "LineString", "coordinates": [[-54.99626797504117, -10.243600012840313], [-54.99619910743051, -10.243657170106793]]}}, {"type": "Feature", "properties": {"layer": "0 - Linhas Quadras", "dxf_type": "LINE"}, "geometry": {"type": "LineString", "coordinates": [[-54.99626797504117, -10.243600012840313], [-54.9963877892373, -10.243726461500552]]}}, {"type": "Feature", "properties": {"layer": "0 - Linhas Quadras", "dxf_type": "LINE"}, "geometry": {"type": "LineString", "coordinates": [[-54.9963877892373, -10.243726461500552], [-54.996319970179414, -10.243788561573822]]}}, {"type": "Feature", "properties": {"layer": "0 - Linhas Quadras", "dxf_type": "LINE"}, "geometry": {"type": "LineString", "coordinates": [[-54.99626797504117, -10.243600012840313], [-54.99633789362527, -10.243535497773552]]}}, {"type": "Feature", "properties": {"layer": "0 - Linhas Quadras", "dxf_type": "LINE"}, "geometry": {"type": "LineString", "coordinates": [[-54.99633789362527, -10.243535497773552], [-54.99646157296109, -10.243666995131905]]}}, {"type": "Feature", "properties": {"layer": "0 - Linhas Quadras", "dxf_type": "LINE"}, "geometry": {"type": "LineString", "coordinates": [[-54.99646157296109, -10.243666995131905], [-54.9963877892373, -10.243726461500552]]}}, {"type": "Feature", "properties": {"layer": "0 - Linhas Quadras", "dxf_type": "LINE"}, "geometry": {"type": "LineString", "coordinates": [[-54.99633789362527, -10.243535497773552], [-54.99640428825876, -10.243474234075492]]}}, {"type": "Feature", "properties": {"layer": "0 - Linhas Quadras", "dxf_type": "LINE"}, "geometry": {"type": "LineString", "coordinates": [[-54.99640428825876, -10.243474234075492], [-54.99652711416609, -10.243610260227216]]}}, {"type": "Feature", "properties": {"layer": "0 - Linhas Quadras", "dxf_type": "LINE"}, "geometry": {"type": "LineString", "coordinates": [[-54.99652711416609, -10.243610260227216], [-54.99646157296109, -10.243666995131905]]}}, {"type": "Feature", "properties": {"layer": "0 - Linhas Quadras", "dxf_type": "LINE"}, "geometry": {"type": "LineString", "coordinates": [[-54.99640428825876, -10.243474234075492], [-54.996442655114876, -10.243440247075556]]}}, {"type": "Feature", "properties": {"layer": "0 - Linhas Quadras", "dxf_type": "LINE"}, "geometry": {"type": "LineString", "coordinates": [[-54.996442655114876, -10.243440247075556], [-54.99656312554745, -10.243573664441984]]}}, {"type": "Feature", "properties": {"layer": "0 - Linhas Quadras", "dxf_type": "LINE"}, "geometry": {"type": "LineString", "coordinates": [[-54.99656312554745, -10.243573664441984], [-54.99652711416609, -10.243610260227216]]}}, {"type": "Feature", "properties": {"layer": "0 - Linhas Quadras", "dxf_type": "LINE"}, "geometry": {"type": "LineString", "coordinates": [[-54.996442655114876, -10.243440247075556], [-54.99647065535563, -10.243409359018235]]}}, {"type": "Feature", "properties": {"layer": "0 - Linhas Quadras", "dxf_type": "LINE"}, "geometry": {"type": "LineString", "coordinates": [[-54.99647065535563, -10.243409359018235], [-54.996593428192, -10.243550931288746]]}}, {"type": "Feature", "properties": {"layer": "0 - Linhas Quadras", "dxf_type": "LINE"}, "geometry": {"type": "LineString", "coordinates": [[-54.996593428192, -10.243550931288746], [-54.99656312554745, -10.243573664441984]]}}, {"type": "Feature", "properties": {"layer": "0 - Linhas Quadras", "dxf_type": "LINE"}, "geometry": {"type": "LineString", "coordinates": [[-54.99647065535563, -10.243409359018235], [-54.99654244657583, -10.243353554782347]]}}, {"type": "Feature", "properties": {"layer": "0 - Linhas Quadras", "dxf_type": "LINE"}, "geometry": {"type": "LineString", "coordinates": [[-54.99654244657583, -10.243353554782347], [-54.99666548124749, -10.24348874965835]]}}, {"type": "Feature", "properties": {"layer": "0 - Linhas Quadras", "dxf_type": "LINE"}, "geometry": {"type": "LineString", "coordinates": [[-54.99666548124749, -10.24348874965835], [-54.996592988756255, -10.243550425096208]]}}, {"type": "Feature", "properties": {"layer": "0 - Linhas Quadras", "dxf_type": "LINE"}, "geometry": {"type": "LineString", "coordinates": [[-54.99654244657583, -10.243353554782347], [-54.99661503839831, -10.243297126328315]]}}, {"type": "Feature", "properties": {"layer": "0 - Linhas Quadras", "dxf_type": "LINE"}, "geometry": {"type": "LineString", "coordinates": [[-54.99661503839831, -10.243297126328315], [-54.9967402183639, -10.243428730455733]]}}, {"type": "Feature", "properties": {"layer": "0 - Linhas Quadras", "dxf_type": "LINE"}, "geometry": {"type": "LineString", "coordinates": [[-54.9967402183639, -10.243428730455733], [-54.99666548124749, -10.24348874965835]]}}, {"type": "Feature", "properties": {"layer": "0 - Linhas Quadras", "dxf_type": "LINE"}, "geometry": {"type": "LineString", "coordinates": [[-54.99688710108754, -10.243293517231146], [-54.99677898720202, -10.243161419900499]]}}, {"type": "Feature", "properties": {"layer": "0 - Linhas Quadras", "dxf_type": "LINE"}, "geometry": {"type": "LineString", "coordinates": [[-54.99677898720202, -10.243161419900499], [-54.99661503839831, -10.243297126328315]]}}, {"type": "Feature", "properties": {"layer": "0 - Linhas Quadras", "dxf_type": "LINE"}, "geometry": {"type": "LineString", "coordinates": [[-54.99688710108754, -10.243293517231146], [-54.9967402183639, -10.243428730455733]]}}, {"type": "Feature", "properties": {"layer": "0 - Linhas Quadras", "dxf_type": "LINE"}, "geometry": {"type": "LineString", "coordinates": [[-54.99677898720202, -10.243161419900499], [-54.99693106580316, -10.243042539984186]]}}, {"type": "Feature", "properties": {"layer": "0 - Linhas Quadras", "dxf_type": "LINE"}, "geometry": {"type": "LineString", "coordinates": [[-54.99693106580316, -10.243042539984186], [-54.99713284602822, -10.243297468011246]]}}, {"type": "Feature", "properties": {"layer": "0 - Linhas Quadras", "dxf_type": "LINE"}, "geometry": {"type": "LineString", "coordinates": [[-54.99713284602822, -10.243297468011246], [-54.99713195611172, -10.243306208888724]]}}, {"type": "Feature", "properties": {"layer": "0 - Linhas Quadras", "dxf_type": "LINE"}, "geometry": {"type": "LineString", "coordinates": [[-54.99713195611172, -10.243306208888724], [-54.99703857608981, -10.243387487523055]]}}, {"type": "Feature", "properties": {"layer": "0 - Linhas Quadras", "dxf_type": "LINE"}, "geometry": {"type": "LineString", "coordinates": [[-54.99703857608981, -10.243387487523055], [-54.99692971878565, -10.243259532844808]]}}, {"type": "Feature", "properties": {"layer": "0 - Linhas Quadras", "dxf_type": "LINE"}, "geometry": {"type": "LineString", "coordinates": [[-54.99692971878565, -10.243259532844808], [-54.996887217923906, -10.243293658962894]]}}, {"type": "Feature", "properties": {"layer": "0 - Linhas Quadras", "dxf_type": "LINE"}, "geometry": {"type": "LineString", "coordinates": [[-54.99700979425039, -10.243142005422323], [-54.99686092755867, -10.243261536096727]]}}, {"type": "Feature", "properties": {"layer": "0 - Linhas Quadras", "dxf_type": "LINE"}, "geometry": {"type": "LineString", "coordinates": [[-54.99700979425039, -10.243142005422323], [-54.997066098987176, -10.243213141173817]]}}, {"type": "Feature", "properties": {"layer": "0 - Linhas Quadras", "dxf_type": "LINE"}, "geometry": {"type": "LineString", "coordinates": [[-54.997066098987176, -10.243213141173817], [-54.99696326775376, -10.243298967961508]]}}, {"type": "Feature", "properties": {"layer": "0 - Linhas Quadras", "dxf_type": "LINE"}, "geometry": {"type": "LineString", "coordinates": [[-54.99703857608981, -10.243387487523055], [-54.99682076903858, -10.243580117651796]]}}, {"type": "Feature", "properties": {"layer": "0 - Linhas Quadras", "dxf_type": "LINE"}, "geometry": {"type": "LineString", "coordinates": [[-54.99682076903858, -10.243580117651796], [-54.99670653571374, -10.243455779823904]]}}, {"type": "Feature", "properties": {"layer": "0 - Linhas Quadras", "dxf_type": "LINE"}, "geometry": {"type": "LineString", "coordinates": [[-54.99677445747394, -10.243397211901108], [-54.99688674375521, -10.243521769115866]]}}, {"type": "Feature", "properties": {"layer": "0 - Linhas Quadras", "dxf_type": "LINE"}, "geometry": {"type": "LineString", "coordinates": [[-54.996847825405325, -10.243329672631436], [-54.99696582784978, -10.24345182715529]]}}, {"type": "Feature", "properties": {"layer": "0 - Linhas Quadras", "dxf_type": "LINE"}, "geometry": {"type": "LineString", "coordinates": [[-54.99682076903858, -10.243580117651796], [-54.99675123809763, -10.243642788512586]]}}, {"type": "Feature", "properties": {"layer": "0 - Linhas Quadras", "dxf_type": "LINE"}, "geometry": {"type": "LineString", "coordinates": [[-54.99675123809763, -10.243642788512586], [-54.996637959612634, -10.24351216433835]]}}, {"type": "Feature", "properties": {"layer": "0 - Linhas Quadras", "dxf_type": "LINE"}, "geometry": {"type": "LineString", "coordinates": [[-54.99675123809763, -10.243642788512586], [-54.996615915275456, -10.243764758982387]]}}, {"type": "Feature", "properties": {"layer": "0 - Linhas Quadras", "dxf_type": "LINE"}, "geometry": {"type": "LineString", "coordinates": [[-54.996615915275456, -10.243764758982387], [-54.99650017168407, -10.243633582644383]]}}, {"type": "Feature", "properties": {"layer": "0 - Linhas Quadras", "dxf_type": "LINE"}, "geometry": {"type": "LineString", "coordinates": [[-54.99675123809763, -10.243642788512586], [-54.99668374190759, -10.243703624271857]]}}, {"type": "Feature", "properties": {"layer": "0 - Linhas Quadras", "dxf_type": "LINE"}, "geometry": {"type": "LineString", "coordinates": [[-54.99668374190759, -10.243703624271857], [-54.99656312554745, -10.243573664441984]]}}, {"type": "Feature", "properties": {"layer": "0 - Linhas Quadras", "dxf_type": "LINE"}, "geometry": {"type": "LineString", "coordinates": [[-54.99643542303107, -10.243688071658202], [-54.996546361295174, -10.243816991142781]]}}, {"type": "Feature", "properties": {"layer": "0 - Linhas Quadras", "dxf_type": "LINE"}, "geometry": {"type": "LineString", "coordinates": [[-54.996546361295174, -10.243816991142781], [-54.996612634978746, -10.243761041726753]]}}, {"type": "Feature", "properties": {"layer": "0 - Linhas Quadras", "dxf_type": "LINE"}, "geometry": {"type": "LineString", "coordinates": [[-54.996546361295174, -10.243816991142781], [-54.996477732431885, -10.243874929120727]]}}, {"type": "Feature", "properties": {"layer": "0 - Linhas Quadras", "dxf_type": "LINE"}, "geometry": {"type": "LineString", "coordinates": [[-54.996477732431885, -10.243874929120727], [-54.99636624916104, -10.243746186136578]]}}, {"type": "Feature", "properties": {"layer": "0 - Linhas Quadras", "dxf_type": "LINE"}, "geometry": {"type": "LineString", "coordinates": [[-54.996477732431885, -10.243874929120727], [-54.99640886155254, -10.24394277077195]]}}, {"type": "Feature", "properties": {"layer": "0 - Linhas Quadras", "dxf_type": "LINE"}, "geometry": {"type": "LineString", "coordinates": [[-54.99640886155254, -10.24394277077195], [-54.996291781913, -10.243813634420148]]}}, {"type": "Feature", "properties": {"layer": "0 - Linhas Quadras", "dxf_type": "LINE"}, "geometry": {"type": "LineString", "coordinates": [[-54.99644329653958, -10.243908849946083], [-54.99632593094447, -10.243783103361483]]}}, {"type": "Feature", "properties": {"layer": "0 - Linhas Quadras", "dxf_type": "LINE"}, "geometry": {"type": "LineString", "coordinates": [[-54.99640886155254, -10.24394277077195], [-54.99634278728078, -10.244001540695693]]}}, {"type": "Feature", "properties": {"layer": "0 - Linhas Quadras", "dxf_type": "LINE"}, "geometry": {"type": "LineString", "coordinates": [[-54.99634278728078, -10.244001540695693], [-54.99622823120362, -10.243866273200512]]}}, {"type": "Feature", "properties": {"layer": "0 - Linhas Quadras", "dxf_type": "LINE"}, "geometry": {"type": "LineString", "coordinates": [[-54.99661503839831, -10.243297126328315], [-54.99657874203668, -10.243325340103237]]}}, {"type": "Feature", "properties": {"layer": "0 - Linhas Quadras", "dxf_type": "LINE"}, "geometry": {"type": "LineString", "coordinates": [[-54.99657874203668, -10.243325340103237], [-54.996697474357354, -10.243463057521478]]}}, {"type": "Feature", "properties": {"layer": "0 - Linhas Quadras", "dxf_type": "LINE"}, "geometry": {"type": "LineString", "coordinates": [[-54.99634278728078, -10.244001540695693], [-54.99627401758955, -10.244062708367156]]}}, {"type": "Feature", "properties": {"layer": "0 - Linhas Quadras", "dxf_type": "LINE"}, "geometry": {"type": "LineString", "coordinates": [[-54.99627401758955, -10.244062708367156], [-54.99615688355585, -10.243919718118386]]}}, {"type": "Feature", "properties": {"layer": "0 - Linhas Quadras", "dxf_type": "LINE"}, "geometry": {"type": "LineString", "coordinates": [[-54.99627401758955, -10.244062708367156], [-54.99620526713873, -10.244123859866972]]}}, {"type": "Feature", "properties": {"layer": "0 - Linhas Quadras", "dxf_type": "LINE"}, "geometry": {"type": "LineString", "coordinates": [[-54.99620526713873, -10.244123859866972], [-54.99608804339366, -10.243980625887344]]}}, {"type": "Feature", "properties": {"layer": "0 - Linhas Quadras", "dxf_type": "LINE"}, "geometry": {"type": "LineString", "coordinates": [[-54.99602287577775, -10.244040479700953], [-54.99613689563105, -10.24418192317185]]}}, {"type": "Feature", "properties": {"layer": "0 - Linhas Quadras", "dxf_type": "LINE"}, "geometry": {"type": "LineString", "coordinates": [[-54.99613689563105, -10.24418192317185], [-54.99620526713873, -10.244123859866972]]}}, {"type": "Feature", "properties": {"layer": "0 - Linhas Quadras", "dxf_type": "LINE"}, "geometry": {"type": "LineString", "coordinates": [[-54.99613689563105, -10.24418192317185], [-54.99607248205975, -10.244244784466575]]}}, {"type": "Feature", "properties": {"layer": "0 - Linhas Quadras", "dxf_type": "LINE"}, "geometry": {"type": "LineString", "coordinates": [[-54.99607248205975, -10.244244784466575], [-54.9959468183867, -10.244106077691452]]}}, {"type": "Feature", "properties": {"layer": "0 - Linhas Quadras", "dxf_type": "LINE"}, "geometry": {"type": "LineString", "coordinates": [[-54.99607248205975, -10.244244784466575], [-54.99601461522898, -10.244299413398235]]}}, {"type": "Feature", "properties": {"layer": "0 - Linhas Quadras", "dxf_type": "LINE"}, "geometry": {"type": "LineString", "coordinates": [[-54.99601461522898, -10.244299413398235], [-54.995884783555226, -10.244158257494416]]}}, {"type": "Feature", "properties": {"layer": "0 - Linhas Quadras", "dxf_type": "LINE"}, "geometry": {"type": "LineString", "coordinates": [[-54.99601461522898, -10.244299413398235], [-54.99593711576489, -10.2443725764506]]}}, {"type": "Feature", "properties": {"layer": "0 - Linhas Quadras", "dxf_type": "LINE"}, "geometry": {"type": "LineString", "coordinates": [[-54.99593711576489, -10.2443725764506], [-54.995804276841, -10.24423145531096]]}}, {"type": "Feature", "properties": {"layer": "0 - Linhas Quadras", "dxf_type": "LINE"}, "geometry": {"type": "LineString", "coordinates": [[-54.99593711576489, -10.2443725764506], [-54.995823447712944, -10.244477545200882]]}}, {"type": "Feature", "properties": {"layer": "0 - Linhas Quadras", "dxf_type": "LINE"}, "geometry": {"type": "LineString", "coordinates": [[-54.995823447712944, -10.244477545200882], [-54.99570157245582, -10.244336786283133]]}}, {"type": "Feature", "properties": {"layer": "0 - Linhas Quadras", "dxf_type": "LINE"}, "geometry": {"type": "LineString", "coordinates": [[-54.995823447712944, -10.244477545200882], [-54.99574953881424, -10.244540326180639]]}}, {"type": "Feature", "properties": {"layer": "0 - Linhas Quadras", "dxf_type": "LINE"}, "geometry": {"type": "LineString", "coordinates": [[-54.99574953881424, -10.244540326180639], [-54.99562469910994, -10.244402085367117]]}}, {"type": "Feature", "properties": {"layer": "0 - Linhas Quadras", "dxf_type": "LINE"}, "geometry": {"type": "LineString", "coordinates": [[-54.99574953881424, -10.244540326180639], [-54.995567748423696, -10.244701413377484]]}}, {"type": "Feature", "properties": {"layer": "0 - Linhas Quadras", "dxf_type": "LINE"}, "geometry": {"type": "LineString", "coordinates": [[-54.995567748423696, -10.244701413377484], [-54.99555521330937, -10.244701478010168]]}}, {"type": "Feature", "properties": {"layer": "0 - Linhas Quadras", "dxf_type": "LINE"}, "geometry": {"type": "LineString", "coordinates": [[-54.99555521330937, -10.244701478010168], [-54.99544196346962, -10.244562419126513]]}}, {"type": "Feature", "properties": {"layer": "0 - Linhas Quadras", "dxf_type": "LINE"}, "geometry": {"type": "LineString", "coordinates": [[-54.99549858838049, -10.244631948119128], [-54.995687118945995, -10.244471206229386]]}}, {"type": "Feature", "properties": {"layer": "0 - Linhas Quadras", "dxf_type": "LINE"}, "geometry": {"type": "LineString", "coordinates": [[-54.99565864318232, -10.24462087024546], [-54.995596052643926, -10.244548849443266]]}}, {"type": "Feature", "properties": {"layer": "0 - Linhas Quadras", "dxf_type": "LINE"}, "geometry": {"type": "LineString", "coordinates": [[-54.99669744927203, -10.242576651686539], [-54.99676982002686, -10.242677620075602]]}}, {"type": "Feature", "properties": {"layer": "0 - Linhas Quadras", "dxf_type": "LINE"}, "geometry": {"type": "LineString", "coordinates": [[-54.99676982002686, -10.242677620075602], [-54.996860612875096, -10.242614469093175]]}}, {"type": "Feature", "properties": {"layer": "0 - Linhas Quadras", "dxf_type": "LINE"}, "geometry": {"type": "LineString", "coordinates": [[-54.996860612875096, -10.242614469093175], [-54.996800449400894, -10.242509674590421]]}}, {"type": "Feature", "properties": {"layer": "0 - Linhas Quadras", "dxf_type": "LINE"}, "geometry": {"type": "LineString", "coordinates": [[-54.996800449400894, -10.242509674590421], [-54.99669744927203, -10.242576651686539]]}}, {"type": "Feature", "properties": {"layer": "0 - Linhas Quadras", "dxf_type": "LINE"}, "geometry": {"type": "LineString", "coordinates": [[-54.996800449400894, -10.242509674590421], [-54.996869150650554, -10.242465000182118]]}}, {"type": "Feature", "properties": {"layer": "0 - Linhas Quadras", "dxf_type": "LINE"}, "geometry": {"type": "LineString", "coordinates": [[-54.996869150650554, -10.242465000182118], [-54.99692266755736, -10.242569662436571]]}}, {"type": "Feature", "properties": {"layer": "0 - Linhas Quadras", "dxf_type": "LINE"}, "geometry": {"type": "LineString", "coordinates": [[-54.99692266755736, -10.242569662436571], [-54.996860612875096, -10.242614469093175]]}}, {"type": "Feature", "properties": {"layer": "0 - Linhas Quadras", "dxf_type": "LINE"}, "geometry": {"type": "LineString", "coordinates": [[-54.996869150650554, -10.242465000182118], [-54.99696897851671, -10.242409357654239]]}}, {"type": "Feature", "properties": {"layer": "0 - Linhas Quadras", "dxf_type": "LINE"}, "geometry": {"type": "LineString", "coordinates": [[-54.99696897851671, -10.242409357654239], [-54.99707355585565, -10.242578681971244]]}}, {"type": "Feature", "properties": {"layer": "0 - Linhas Quadras", "dxf_type": "LINE"}, "geometry": {"type": "LineString", "coordinates": [[-54.99707355585565, -10.242578681971244], [-54.99696914169, -10.242641947981577]]}}, {"type": "Feature", "properties": {"layer": "0 - Linhas Quadras", "dxf_type": "LINE"}, "geometry": {"type": "LineString", "coordinates": [[-54.99696914169, -10.242641947981577], [-54.99692266755736, -10.242569662436571]]}}, {"type": "Feature", "properties": {"layer": "0 - Linhas Quadras", "dxf_type": "LINE"}, "geometry": {"type": "LineString", "coordinates": [[-54.99696897851671, -10.242409357654239], [-54.9970470410642, -10.242381861163832]]}}, {"type": "Feature", "properties": {"layer": "0 - Linhas Quadras", "dxf_type": "LINE"}, "geometry": {"type": "LineString", "coordinates": [[-54.9970470410642, -10.242381861163832], [-54.997143145559434, -10.242528404130617]]}}, {"type": "Feature", "properties": {"layer": "0 - Linhas Quadras", "dxf_type": "LINE"}, "geometry": {"type": "LineString", "coordinates": [[-54.997143145559434, -10.242528404130617], [-54.99707355585565, -10.242578681971244]]}}, {"type": "Feature", "properties": {"layer": "0 - Linhas Quadras", "dxf_type": "LINE"}, "geometry": {"type": "LineString", "coordinates": [[-54.9970470410642, -10.242381861163832], [-54.99715411339079, -10.24232457918097]]}}, {"type": "Feature", "properties": {"layer": "0 - Linhas Quadras", "dxf_type": "LINE"}, "geometry": {"type": "LineString", "coordinates": [[-54.99715411339079, -10.24232457918097], [-54.99726280676646, -10.24247818788476]]}}, {"type": "Feature", "properties": {"layer": "0 - Linhas Quadras", "dxf_type": "LINE"}, "geometry": {"type": "LineString", "coordinates": [[-54.99726280676646, -10.24247818788476], [-54.997143145559434, -10.242528404130617]]}}, {"type": "Feature", "properties": {"layer": "0 - Linhas Quadras", "dxf_type": "LINE"}, "geometry": {"type": "LineString", "coordinates": [[-54.99715411339079, -10.24232457918097], [-54.99724752420591, -10.242280201489505]]}}, {"type": "Feature", "properties": {"layer": "0 - Linhas Quadras", "dxf_type": "LINE"}, "geometry": {"type": "LineString", "coordinates": [[-54.99724752420591, -10.242280201489505], [-54.99734113956147, -10.242422906388496]]}}, {"type": "Feature", "properties": {"layer": "0 - Linhas Quadras", "dxf_type": "LINE"}, "geometry": {"type": "LineString", "coordinates": [[-54.99734113956147, -10.242422906388496], [-54.99726280676646, -10.24247818788476]]}}, {"type": "Feature", "properties": {"layer": "0 - Linhas Quadras", "dxf_type": "LINE"}, "geometry": {"type": "LineString", "coordinates": [[-54.99724752420591, -10.242280201489505], [-54.99735449201178, -10.242229383642238]]}}, {"type": "Feature", "properties": {"layer": "0 - Linhas Quadras", "dxf_type": "LINE"}, "geometry": {"type": "LineString", "coordinates": [[-54.99735449201178, -10.242229383642238], [-54.997433387352395, -10.242346022730436]]}}, {"type": "Feature", "properties": {"layer": "0 - Linhas Quadras", "dxf_type": "LINE"}, "geometry": {"type": "LineString", "coordinates": [[-54.997433387352395, -10.242346022730436], [-54.99734113956147, -10.242422906388496]]}}, {"type": "Feature", "properties": {"layer": "0 - Linhas Quadras", "dxf_type": "LINE"}, "geometry": {"type": "LineString", "coordinates": [[-54.99724752420591, -10.242280201489505], [-54.99730512253786, -10.242252838318336]]}}, {"type": "Feature", "properties": {"layer": "0 - Linhas Quadras", "dxf_type": "LINE"}, "geometry": {"type": "LineString", "coordinates": [[-54.99730512253786, -10.242252838318336], [-54.99739154269206, -10.242380898726136]]}}, {"type": "Feature", "properties": {"layer": "0 - Linhas Quadras", "dxf_type": "LINE"}, "geometry": {"type": "LineString", "coordinates": [[-54.99735449201178, -10.242229383642238], [-54.99739804494614, -10.242211970213374]]}}, {"type": "Feature", "properties": {"layer": "0 - Linhas Quadras", "dxf_type": "LINE"}, "geometry": {"type": "LineString", "coordinates": [[-54.997469980352115, -10.242320535075438], [-54.997433387352395, -10.242346022730436]]}}, {"type": "Feature", "properties": {"layer": "0 - Linhas Quadras", "dxf_type": "LINE"}, "geometry": {"type": "LineString", "coordinates": [[-54.99739804494614, -10.242211970213374], [-54.99748960836653, -10.242163412168972]]}}, {"type": "Feature", "properties": {"layer": "0 - Linhas Quadras", "dxf_type": "LINE"}, "geometry": {"type": "LineString", "coordinates": [[-54.997555005757164, -10.242264729774718], [-54.997469732645584, -10.242320161133676]]}}, {"type": "Feature", "properties": {"layer": "0 - Linhas Quadras", "dxf_type": "LINE"}, "geometry": {"type": "LineString", "coordinates": [[-54.99761234220062, -10.242221510116046], [-54.997701963478804, -10.242161335479254]]}}, {"type": "Feature", "properties": {"layer": "0 - Linhas Quadras", "dxf_type": "LINE"}, "geometry": {"type": "LineString", "coordinates": [[-54.997701963478804, -10.242161335479254], [-54.997645692691655, -10.242079116143177]]}}, {"type": "Feature", "properties": {"layer": "0 - Linhas Quadras", "dxf_type": "LINE"}, "geometry": {"type": "LineString", "coordinates": [[-54.997645692691655, -10.242079116143177], [-54.99754877106568, -10.242127438767465]]}}, {"type": "Feature", "properties": {"layer": "0 - Linhas Quadras", "dxf_type": "LINE"}, "geometry": {"type": "LineString", "coordinates": [[-54.99754877106568, -10.242127438767465], [-54.99748960836653, -10.242163412168972]]}}, {"type": "Feature", "properties": {"layer": "0 - Linhas Quadras", "dxf_type": "LINE"}, "geometry": {"type": "LineString", "coordinates": [[-54.99761234220062, -10.242221510116046], [-54.997555005757164, -10.242264729774718]]}}, {"type": "Feature", "properties": {"layer": "0 - Linhas Quadras", "dxf_type": "LINE"}, "geometry": {"type": "LineString", "coordinates": [[-54.997455751203425, -10.242181367110547], [-54.997524239519294, -10.242284729447375]]}}, {"type": "Feature", "properties": {"layer": "0 - Linhas Quadras", "dxf_type": "LINE"}, "geometry": {"type": "LineString", "coordinates": [[-54.997701963478804, -10.242161335479254], [-54.99773536484217, -10.242202917327898]]}}, {"type": "Feature", "properties": {"layer": "0 - Linhas Quadras", "dxf_type": "LINE"}, "geometry": {"type": "LineString", "coordinates": [[-54.99773536484217, -10.242202917327898], [-54.99764255016449, -10.242276062591527]]}}, {"type": "Feature", "properties": {"layer": "0 - Linhas Quadras", "dxf_type": "LINE"}, "geometry": {"type": "LineString", "coordinates": [[-54.99764255016449, -10.242276062591527], [-54.997604929634, -10.242227097722488]]}}, {"type": "Feature", "properties": {"layer": "0 - Linhas Quadras", "dxf_type": "LINE"}, "geometry": {"type": "LineString", "coordinates": [[-54.99773536484217, -10.242202917327898], [-54.997761722105956, -10.242235728422804]]}}, {"type": "Feature", "properties": {"layer": "0 - Linhas Quadras", "dxf_type": "LINE"}, "geometry": {"type": "LineString", "coordinates": [[-54.997761722105956, -10.242235728422804], [-54.9977626255028, -10.242254790498086]]}}, {"type": "Feature", "properties": {"layer": "0 - Linhas Quadras", "dxf_type": "LINE"}, "geometry": {"type": "LineString", "coordinates": [[-54.9977626255028, -10.242254790498086], [-54.99767805747158, -10.242325115685555]]}}, {"type": "Feature", "properties": {"layer": "0 - Linhas Quadras", "dxf_type": "LINE"}, "geometry": {"type": "LineString", "coordinates": [[-54.99767805747158, -10.242325115685555], [-54.99764255016449, -10.242276062591527]]}}, {"type": "Feature", "properties": {"layer": "0 - Linhas Quadras", "dxf_type": "LINE"}, "geometry": {"type": "LineString", "coordinates": [[-54.997604929634, -10.242227097722488], [-54.997544698079636, -10.24212991574675]]}}, {"type": "Feature", "properties": {"layer": "0 - Linhas Quadras", "dxf_type": "LINE"}, "geometry": {"type": "LineString", "coordinates": [[-54.99751236920477, -10.24229244545772], [-54.997597197438914, -10.242388151841224]]}}, {"type": "Feature", "properties": {"layer": "0 - Linhas Quadras", "dxf_type": "LINE"}, "geometry": {"type": "LineString", "coordinates": [[-54.997597197438914, -10.242388151841224], [-54.99767805747158, -10.242325115685555]]}}, {"type": "Feature", "properties": {"layer": "0 - Linhas Quadras", "dxf_type": "LINE"}, "geometry": {"type": "LineString", "coordinates": [[-54.99767805747158, -10.242325115685555], [-54.99764220191105, -10.242353068387079]]}}, {"type": "Feature", "properties": {"layer": "0 - Linhas Quadras", "dxf_type": "LINE"}, "geometry": {"type": "LineString", "coordinates": [[-54.997597197438914, -10.242388151841224], [-54.99755396294883, -10.242421855048661]]}}, {"type": "Feature", "properties": {"layer": "0 - Linhas Quadras", "dxf_type": "LINE"}, "geometry": {"type": "LineString", "coordinates": [[-54.99755396294883, -10.242421855048661], [-54.997469732645584, -10.242320161133676]]}}, {"type": "Feature", "properties": {"layer": "0 - Linhas Quadras", "dxf_type": "LINE"}, "geometry": {"type": "LineString", "coordinates": [[-54.99755396294883, -10.242421855048661], [-54.99747741569715, -10.242493346807002]]}}, {"type": "Feature", "properties": {"layer": "0 - Linhas Quadras", "dxf_type": "LINE"}, "geometry": {"type": "LineString", "coordinates": [[-54.99676982002686, -10.242677620075602], [-54.99694596628658, -10.24289147235692]]}}, {"type": "Feature", "properties": {"layer": "0 - Linhas Quadras", "dxf_type": "LINE"}, "geometry": {"type": "LineString", "coordinates": [[-54.99694596628658, -10.24289147235692], [-54.997090494893335, -10.242795673595682]]}}, {"type": "Feature", "properties": {"layer": "0 - Linhas Quadras", "dxf_type": "LINE"}, "geometry": {"type": "LineString", "coordinates": [[-54.997090494893335, -10.242795673595682], [-54.99696914169, -10.242641947981577]]}}, {"type": "Feature", "properties": {"layer": "0 - Linhas Quadras", "dxf_type": "LINE"}, "geometry": {"type": "LineString", "coordinates": [[-54.9968868239591, -10.242819669198111], [-54.99702497526798, -10.242712675864466]]}}, {"type": "Feature", "properties": {"layer": "0 - Linhas Quadras", "dxf_type": "LINE"}, "geometry": {"type": "LineString", "coordinates": [[-54.99683696962081, -10.242759142740745], [-54.99696914169, -10.242641947981577]]}}, {"type": "Feature", "properties": {"layer": "0 - Linhas Quadras", "dxf_type": "LINE"}, "geometry": {"type": "LineString", "coordinates": [[-54.997422395931345, -10.242355183194803], [-54.99751014468447, -10.24246277971224]]}}, {"type": "Feature", "properties": {"layer": "0 - Linhas Quadras", "dxf_type": "LINE"}, "geometry": {"type": "LineString", "coordinates": [[-54.99734113956147, -10.242422906388496], [-54.99743380795951, -10.242531987635113]]}}, {"type": "Feature", "properties": {"layer": "0 - Linhas Quadras", "dxf_type": "LINE"}, "geometry": {"type": "LineString", "coordinates": [[-54.99743380795951, -10.242531987635113], [-54.99747741569715, -10.242493346807002]]}}, {"type": "Feature", "properties": {"layer": "0 - Linhas Quadras", "dxf_type": "LINE"}, "geometry": {"type": "LineString", "coordinates": [[-54.99743380795951, -10.242531987635113], [-54.99734345561468, -10.242605814136942]]}}, {"type": "Feature", "properties": {"layer": "0 - Linhas Quadras", "dxf_type": "LINE"}, "geometry": {"type": "LineString", "coordinates": [[-54.99734345561468, -10.242605814136942], [-54.997247236860375, -10.24248472136436]]}}, {"type": "Feature", "properties": {"layer": "0 - Linhas Quadras", "dxf_type": "LINE"}, "geometry": {"type": "LineString", "coordinates": [[-54.997143145559434, -10.242528404130617], [-54.997259848711195, -10.242676667566881]]}}, {"type": "Feature", "properties": {"layer": "0 - Linhas Quadras", "dxf_type": "LINE"}, "geometry": {"type": "LineString", "coordinates": [[-54.997259848711195, -10.242676667566881], [-54.99734345561468, -10.242605814136942]]}}, {"type": "Feature", "properties": {"layer": "0 - Linhas Quadras", "dxf_type": "LINE"}, "geometry": {"type": "LineString", "coordinates": [[-54.997259848711195, -10.242676667566881], [-54.99718163385079, -10.242742950498855]]}}, {"type": "Feature", "properties": {"layer": "0 - Linhas Quadras", "dxf_type": "LINE"}, "geometry": {"type": "LineString", "coordinates": [[-54.99718163385079, -10.242742950498855], [-54.997090494893335, -10.242795673595682]]}}, {"type": "Feature", "properties": {"layer": "0 - Linhas Quadras", "dxf_type": "LINE"}, "geometry": {"type": "LineString", "coordinates": [[-54.99705946363885, -10.242587220403946], [-54.997188765475926, -10.242736907406023]]}}, {"type": "Feature", "properties": {"layer": "0 - Linhas Quadras", "dxf_type": "LINE"}, "geometry": {"type": "LineString", "coordinates": [[-54.99637733401472, -10.242180366663359], [-54.996537438102784, -10.242056615358628]]}}, {"type": "Feature", "properties": {"layer": "0 - Linhas Quadras", "dxf_type": "LINE"}, "geometry": {"type": "LineString", "coordinates": [[-54.996537438102784, -10.242056615358628], [-54.996665106790694, -10.242198752807223]]}}, {"type": "Feature", "properties": {"layer": "0 - Linhas Quadras", "dxf_type": "LINE"}, "geometry": {"type": "LineString", "coordinates": [[-54.996665106790694, -10.242198752807223], [-54.996508362963404, -10.242336875550071]]}}, {"type": "Feature", "properties": {"layer": "0 - Linhas Quadras", "dxf_type": "LINE"}, "geometry": {"type": "LineString", "coordinates": [[-54.996508362963404, -10.242336875550071], [-54.99637733401472, -10.242180366663359]]}}, {"type": "Feature", "properties": {"layer": "0 - Linhas Quadras", "dxf_type": "LINE"}, "geometry": {"type": "LineString", "coordinates": [[-54.99659812450975, -10.242124179619049], [-54.9964394227024, -10.242254529187635]]}}, {"type": "Feature", "properties": {"layer": "0 - Linhas Quadras", "dxf_type": "LINE"}, "geometry": {"type": "LineString", "coordinates": [[-54.996537438102784, -10.242056615358628], [-54.99661422768044, -10.2419972614002]]}}, {"type": "Feature", "properties": {"layer": "0 - Linhas Quadras", "dxf_type": "LINE"}, "geometry": {"type": "LineString", "coordinates": [[-54.99661422768044, -10.2419972614002], [-54.996760437875764, -10.242182838063611]]}}, {"type": "Feature", "properties": {"layer": "0 - Linhas Quadras", "dxf_type": "LINE"}, "geometry": {"type": "LineString", "coordinates": [[-54.996760437875764, -10.242182838063611], [-54.99669543068349, -10.242235541259447]]}}, {"type": "Feature", "properties": {"layer": "0 - Linhas Quadras", "dxf_type": "LINE"}, "geometry": {"type": "LineString", "coordinates": [[-54.99669543068349, -10.242235541259447], [-54.996663588032256, -10.242200090295908]]}}, {"type": "Feature", "properties": {"layer": "0 - Linhas Quadras", "dxf_type": "LINE"}, "geometry": {"type": "LineString", "coordinates": [[-54.99661422768044, -10.2419972614002], [-54.9968301171616, -10.241829039788172]]}}, {"type": "Feature", "properties": {"layer": "0 - Linhas Quadras", "dxf_type": "LINE"}, "geometry": {"type": "LineString", "coordinates": [[-54.9968301171616, -10.241829039788172], [-54.99697488900854, -10.242051709928653]]}}, {"type": "Feature", "properties": {"layer": "0 - Linhas Quadras", "dxf_type": "LINE"}, "geometry": {"type": "LineString", "coordinates": [[-54.99697488900854, -10.242051709928653], [-54.99689504884002, -10.242104489942133]]}}, {"type": "Feature", "properties": {"layer": "0 - Linhas Quadras", "dxf_type": "LINE"}, "geometry": {"type": "LineString", "coordinates": [[-54.99689504884002, -10.242104489942133], [-54.996760437875764, -10.242182838063611]]}}, {"type": "Feature", "properties": {"layer": "0 - Linhas Quadras", "dxf_type": "LINE"}, "geometry": {"type": "LineString", "coordinates": [[-54.99661422768044, -10.2419972614002], [-54.996671607294175, -10.241952550714938]]}}, {"type": "Feature", "properties": {"layer": "0 - Linhas Quadras", "dxf_type": "LINE"}, "geometry": {"type": "LineString", "coordinates": [[-54.996671607294175, -10.241952550714938], [-54.99682774381873, -10.2421436644662]]}}, {"type": "Feature", "properties": {"layer": "0 - Linhas Quadras", "dxf_type": "LINE"}, "geometry": {"type": "LineString", "coordinates": [[-54.996671607294175, -10.241952550714938], [-54.996736159451096, -10.241902251856743]]}}, {"type": "Feature", "properties": {"layer": "0 - Linhas Quadras", "dxf_type": "LINE"}, "geometry": {"type": "LineString", "coordinates": [[-54.996736159451096, -10.241902251856743], [-54.99689504884002, -10.242104489942133]]}}, {"type": "Feature", "properties": {"layer": "0 - Linhas Quadras", "dxf_type": "LINE"}, "geometry": {"type": "LineString", "coordinates": [[-54.9968301171616, -10.241829039788172], [-54.99690189685595, -10.24177310877096]]}}, {"type": "Feature", "properties": {"layer": "0 - Linhas Quadras", "dxf_type": "LINE"}, "geometry": {"type": "LineString", "coordinates": [[-54.99690189685595, -10.24177310877096], [-54.9970477428938, -10.242002462780217]]}}, {"type": "Feature", "properties": {"layer": "0 - Linhas Quadras", "dxf_type": "LINE"}, "geometry": {"type": "LineString", "coordinates": [[-54.9970477428938, -10.242002462780217], [-54.99697488900854, -10.242051709928653]]}}, {"type": "Feature", "properties": {"layer": "0 - Linhas Quadras", "dxf_type": "LINE"}, "geometry": {"type": "LineString", "coordinates": [[-54.99690189685595, -10.24177310877096], [-54.99697029594599, -10.241724784213346]]}}, {"type": "Feature", "properties": {"layer": "0 - Linhas Quadras", "dxf_type": "LINE"}, "geometry": {"type": "LineString", "coordinates": [[-54.99697029594599, -10.241724784213346], [-54.997129165926346, -10.241945394314072]]}}, {"type": "Feature", "properties": {"layer": "0 - Linhas Quadras", "dxf_type": "LINE"}, "geometry": {"type": "LineString", "coordinates": [[-54.997129165926346, -10.241945394314072], [-54.9970477428938, -10.242002462780217]]}}, {"type": "Feature", "properties": {"layer": "0 - Linhas Quadras", "dxf_type": "LINE"}, "geometry": {"type": "LineString", "coordinates": [[-54.99697029594599, -10.241724784213346], [-54.99701105260378, -10.241693706174235]]}}, {"type": "Feature", "properties": {"layer": "0 - Linhas Quadras", "dxf_type": "LINE"}, "geometry": {"type": "LineString", "coordinates": [[-54.99701105260378, -10.241693706174235], [-54.997171070559425, -10.241919275018585]]}}, {"type": "Feature", "properties": {"layer": "0 - Linhas Quadras", "dxf_type": "LINE"}, "geometry": {"type": "LineString", "coordinates": [[-54.997171070559425, -10.241919275018585], [-54.997129165926346, -10.241945394314072]]}}, {"type": "Feature", "properties": {"layer": "0 - Linhas Quadras", "dxf_type": "LINE"}, "geometry": {"type": "LineString", "coordinates": [[-54.99701105260378, -10.241693706174235], [-54.99704219184007, -10.241669961177394]]}}, {"type": "Feature", "properties": {"layer": "0 - Linhas Quadras", "dxf_type": "LINE"}, "geometry": {"type": "LineString", "coordinates": [[-54.99704219184007, -10.241669961177394], [-54.99718658579406, -10.241855736193925]]}}, {"type": "Feature", "properties": {"layer": "0 - Linhas Quadras", "dxf_type": "LINE"}, "geometry": {"type": "LineString", "coordinates": [[-54.99718658579406, -10.241855736193925], [-54.99721068737491, -10.24188674546654]]}}, {"type": "Feature", "properties": {"layer": "0 - Linhas Quadras", "dxf_type": "LINE"}, "geometry": {"type": "LineString", "coordinates": [[-54.99721068737491, -10.24188674546654], [-54.997171070559425, -10.241919275018585]]}}, {"type": "Feature", "properties": {"layer": "0 - Linhas Quadras", "dxf_type": "LINE"}, "geometry": {"type": "LineString", "coordinates": [[-54.99728689715333, -10.24162852916939], [-54.997214652466255, -10.241541059060308]]}}, {"type": "Feature", "properties": {"layer": "0 - Linhas Quadras", "dxf_type": "LINE"}, "geometry": {"type": "LineString", "coordinates": [[-54.997214652466255, -10.241541059060308], [-54.99704219184007, -10.241669961177394]]}}, {"type": "Feature", "properties": {"layer": "0 - Linhas Quadras", "dxf_type": "LINE"}, "geometry": {"type": "LineString", "coordinates": [[-54.99728689715333, -10.24162852916939], [-54.997125321992044, -10.241776916438432]]}}, {"type": "Feature", "properties": {"layer": "0 - Linhas Quadras", "dxf_type": "LINE"}, "geometry": {"type": "LineString", "coordinates": [[-54.99728689715333, -10.24162852916939], [-54.99733068045879, -10.241675301123813]]}}, {"type": "Feature", "properties": {"layer": "0 - Linhas Quadras", "dxf_type": "LINE"}, "geometry": {"type": "LineString", "coordinates": [[-54.99733068045879, -10.241675301123813], [-54.99716122585394, -10.241823109283386]]}}, {"type": "Feature", "properties": {"layer": "0 - Linhas Quadras", "dxf_type": "LINE"}, "geometry": {"type": "LineString", "coordinates": [[-54.99733068045879, -10.241675301123813], [-54.99736173973919, -10.241710234678383]]}}, {"type": "Feature", "properties": {"layer": "0 - Linhas Quadras", "dxf_type": "LINE"}, "geometry": {"type": "LineString", "coordinates": [[-54.99736173973919, -10.241710234678383], [-54.99718658579406, -10.241855736193925]]}}, {"type": "Feature", "properties": {"layer": "0 - Linhas Quadras", "dxf_type": "LINE"}, "geometry": {"type": "LineString", "coordinates": [[-54.99736173973919, -10.241710234678383], [-54.99741496155408, -10.241773090403422]]}}, {"type": "Feature", "properties": {"layer": "0 - Linhas Quadras", "dxf_type": "LINE"}, "geometry": {"type": "LineString", "coordinates": [[-54.99741496155408, -10.241773090403422], [-54.997249702186615, -10.24190650144274]]}}, {"type": "Feature", "properties": {"layer": "0 - Linhas Quadras", "dxf_type": "LINE"}, "geometry": {"type": "LineString", "coordinates": [[-54.997249702186615, -10.24190650144274], [-54.997221191231205, -10.241877765500936]]}}, {"type": "Feature", "properties": {"layer": "0 - Linhas Quadras", "dxf_type": "LINE"}, "geometry": {"type": "LineString", "coordinates": [[-54.997221191231205, -10.241877765500936], [-54.997210212996514, -10.241886136012601]]}}, {"type": "Feature", "properties": {"layer": "0 - Linhas Quadras", "dxf_type": "LINE"}, "geometry": {"type": "LineString", "coordinates": [[-54.99741496155408, -10.241773090403422], [-54.997475874971286, -10.241847116262461]]}}, {"type": "Feature", "properties": {"layer": "0 - Linhas Quadras", "dxf_type": "LINE"}, "geometry": {"type": "LineString", "coordinates": [[-54.997475874971286, -10.241847116262461], [-54.99731259988639, -10.241966667040945]]}}, {"type": "Feature", "properties": {"layer": "0 - Linhas Quadras", "dxf_type": "LINE"}, "geometry": {"type": "LineString", "coordinates": [[-54.99730551973286, -10.241970038460432], [-54.997249702186615, -10.24190650144274]]}}, {"type": "Feature", "properties": {"layer": "0 - Linhas Quadras", "dxf_type": "LINE"}, "geometry": {"type": "LineString", "coordinates": [[-54.997475874971286, -10.241847116262461], [-54.99755383105773, -10.241951568260417]]}}, {"type": "Feature", "properties": {"layer": "0 - Linhas Quadras", "dxf_type": "LINE"}, "geometry": {"type": "LineString", "coordinates": [[-54.99755383105773, -10.241951568260417], [-54.9975541222571, -10.241978891135183]]}}, {"type": "Feature", "properties": {"layer": "0 - Linhas Quadras", "dxf_type": "LINE"}, "geometry": {"type": "LineString", "coordinates": [[-54.9975541222571, -10.241978891135183], [-54.997483880147094, -10.24202758231225]]}}, {"type": "Feature", "properties": {"layer": "0 - Linhas Quadras", "dxf_type": "LINE"}, "geometry": {"type": "LineString", "coordinates": [[-54.99734921941286, -10.2419398544048], [-54.997430068229946, -10.24206062107469]]}}, {"type": "Feature", "properties": {"layer": "0 - Linhas Quadras", "dxf_type": "LINE"}, "geometry": {"type": "LineString", "coordinates": [[-54.997430068229946, -10.24206062107469], [-54.997483880147094, -10.24202758231225]]}}, {"type": "Feature", "properties": {"layer": "0 - Linhas Quadras", "dxf_type": "LINE"}, "geometry": {"type": "LineString", "coordinates": [[-54.997430068229946, -10.24206062107469], [-54.99738357438552, -10.242089167198007]]}}, {"type": "Feature", "properties": {"layer": "0 - Linhas Quadras", "dxf_type": "LINE"}, "geometry": {"type": "LineString", "coordinates": [[-54.99738357438552, -10.242089167198007], [-54.99730551973286, -10.241970038460432]]}}, {"type": "Feature", "properties": {"layer": "0 - Linhas Quadras", "dxf_type": "LINE"}, "geometry": {"type": "LineString", "coordinates": [[-54.99731259988639, -10.241966667040945], [-54.99730551973286, -10.241970038460432]]}}, {"type": "Feature", "properties": {"layer": "0 - Linhas Quadras", "dxf_type": "LINE"}, "geometry": {"type": "LineString", "coordinates": [[-54.99738357438552, -10.242089167198007], [-54.9973082387663, -10.242135421620889]]}}, {"type": "Feature", "properties": {"layer": "0 - Linhas Quadras", "dxf_type": "LINE"}, "geometry": {"type": "LineString", "coordinates": [[-54.9973082387663, -10.242135421620889], [-54.99721720068971, -10.24198995303743]]}}, {"type": "Feature", "properties": {"layer": "0 - Linhas Quadras", "dxf_type": "LINE"}, "geometry": {"type": "LineString", "coordinates": [[-54.99721720068971, -10.24198995303743], [-54.99717194826684, -10.241918728127168]]}}, {"type": "Feature", "properties": {"layer": "0 - Linhas Quadras", "dxf_type": "LINE"}, "geometry": {"type": "LineString", "coordinates": [[-54.997394237899535, -10.24190689166778], [-54.997483880147094, -10.24202758231225]]}}, {"type": "Feature", "properties": {"layer": "0 - Linhas Quadras", "dxf_type": "LINE"}, "geometry": {"type": "LineString", "coordinates": [[-54.9973082387663, -10.242135421620889], [-54.99715056194744, -10.242206910815554]]}}, {"type": "Feature", "properties": {"layer": "0 - Linhas Quadras", "dxf_type": "LINE"}, "geometry": {"type": "LineString", "coordinates": [[-54.99715056194744, -10.242206910815554], [-54.9970477428938, -10.242002462780217]]}}, {"type": "Feature", "properties": {"layer": "0 - Linhas Quadras", "dxf_type": "LINE"}, "geometry": {"type": "LineString", "coordinates": [[-54.9973082387663, -10.242135421620889], [-54.997233557704526, -10.242169280939972]]}}, {"type": "Feature", "properties": {"layer": "0 - Linhas Quadras", "dxf_type": "LINE"}, "geometry": {"type": "LineString", "coordinates": [[-54.997233557704526, -10.242169280939972], [-54.99710882299921, -10.241959653150776]]}}, {"type": "Feature", "properties": {"layer": "0 - Linhas Quadras", "dxf_type": "LINE"}, "geometry": {"type": "LineString", "coordinates": [[-54.99715056194744, -10.242206910815554], [-54.99699621094819, -10.24227689096811]]}}, {"type": "Feature", "properties": {"layer": "0 - Linhas Quadras", "dxf_type": "LINE"}, "geometry": {"type": "LineString", "coordinates": [[-54.99699621094819, -10.24227689096811], [-54.99690950608837, -10.242094932328774]]}}, {"type": "Feature", "properties": {"layer": "0 - Linhas Quadras", "dxf_type": "LINE"}, "geometry": {"type": "LineString", "coordinates": [[-54.99707338691117, -10.242241900905448], [-54.99697488900854, -10.242051709928653]]}}, {"type": "Feature", "properties": {"layer": "0 - Linhas Quadras", "dxf_type": "LINE"}, "geometry": {"type": "LineString", "coordinates": [[-54.99699621094819, -10.24227689096811], [-54.99690912232999, -10.242316375721021]]}}, {"type": "Feature", "properties": {"layer": "0 - Linhas Quadras", "dxf_type": "LINE"}, "geometry": {"type": "LineString", "coordinates": [[-54.99690912232999, -10.242316375721021], [-54.99682774381873, -10.2421436644662]]}}, {"type": "Feature", "properties": {"layer": "0 - Linhas Quadras", "dxf_type": "LINE"}, "geometry": {"type": "LineString", "coordinates": [[-54.99690912232999, -10.242316375721021], [-54.996841979779475, -10.242346817537358]]}}, {"type": "Feature", "properties": {"layer": "0 - Linhas Quadras", "dxf_type": "LINE"}, "geometry": {"type": "LineString", "coordinates": [[-54.996841979779475, -10.242346817537358], [-54.996743999412686, -10.24219616547724]]}}, {"type": "Feature", "properties": {"layer": "0 - Linhas Quadras", "dxf_type": "LINE"}, "geometry": {"type": "LineString", "coordinates": [[-54.996841979779475, -10.242346817537358], [-54.99677279364007, -10.242390961970084]]}}, {"type": "Feature", "properties": {"layer": "0 - Linhas Quadras", "dxf_type": "LINE"}, "geometry": {"type": "LineString", "coordinates": [[-54.99677279364007, -10.242390961970084], [-54.996647961736215, -10.242213861109693]]}}, {"type": "Feature", "properties": {"layer": "0 - Linhas Quadras", "dxf_type": "LINE"}, "geometry": {"type": "LineString", "coordinates": [[-54.99677279364007, -10.242390961970084], [-54.996631255508575, -10.24248883816782]]}}, {"type": "Feature", "properties": {"layer": "0 - Linhas Quadras", "dxf_type": "LINE"}, "geometry": {"type": "LineString", "coordinates": [[-54.996631255508575, -10.24248883816782], [-54.996622998712255, -10.242489056668555]]}}, {"type": "Feature", "properties": {"layer": "0 - Linhas Quadras", "dxf_type": "LINE"}, "geometry": {"type": "LineString", "coordinates": [[-54.996622998712255, -10.242489056668555], [-54.99657169485968, -10.242424524111467]]}}, {"type": "Feature", "properties": {"layer": "0 - Linhas Quadras", "dxf_type": "LINE"}, "geometry": {"type": "LineString", "coordinates": [[-54.99657169485968, -10.242424524111467], [-54.996508362963404, -10.242336875550071]]}}, {"type": "Feature", "properties": {"layer": "0 - Linhas Quadras", "dxf_type": "LINE"}, "geometry": {"type": "LineString", "coordinates": [[-54.99657169485968, -10.242424524111467], [-54.99671877050133, -10.24231431909804]]}}, {"type": "Feature", "properties": {"layer": "0 - Linhas Quadras", "dxf_type": "LINE"}, "geometry": {"type": "LineString", "coordinates": [[-54.99615576735042, -10.241741874422798], [-54.99605711509691, -10.241616035297298]]}}, {"type": "Feature", "properties": {"layer": "0 - Linhas Quadras", "dxf_type": "LINE"}, "geometry": {"type": "LineString", "coordinates": [[-54.99605711509691, -10.241616035297298], [-54.99599623242168, -10.241662859348287]]}}, {"type": "Feature", "properties": {"layer": "0 - Linhas Quadras", "dxf_type": "LINE"}, "geometry": {"type": "LineString", "coordinates": [[-54.99599623242168, -10.241662859348287], [-54.99599645906626, -10.241689251666264]]}}, {"type": "Feature", "properties": {"layer": "0 - Linhas Quadras", "dxf_type": "LINE"}, "geometry": {"type": "LineString", "coordinates": [[-54.99599645906626, -10.241689251666264], [-54.99607763553047, -10.241800471550345]]}}, {"type": "Feature", "properties": {"layer": "0 - Linhas Quadras", "dxf_type": "LINE"}, "geometry": {"type": "LineString", "coordinates": [[-54.99605711509691, -10.241616035297298], [-54.99613971385208, -10.241557034519557]]}}, {"type": "Feature", "properties": {"layer": "0 - Linhas Quadras", "dxf_type": "LINE"}, "geometry": {"type": "LineString", "coordinates": [[-54.99613971385208, -10.241557034519557], [-54.99630150638759, -10.241767585985214]]}}, {"type": "Feature", "properties": {"layer": "0 - Linhas Quadras", "dxf_type": "LINE"}, "geometry": {"type": "LineString", "coordinates": [[-54.99630150638759, -10.241767585985214], [-54.9962212618604, -10.24182807921833]]}}, {"type": "Feature", "properties": {"layer": "0 - Linhas Quadras", "dxf_type": "LINE"}, "geometry": {"type": "LineString", "coordinates": [[-54.9962212618604, -10.24182807921833], [-54.99615576735042, -10.241741874422798]]}}, {"type": "Feature", "properties": {"layer": "0 - Linhas Quadras", "dxf_type": "LINE"}, "geometry": {"type": "LineString", "coordinates": [[-54.99613971385208, -10.241557034519557], [-54.99621793984134, -10.241501158750578]]}}, {"type": "Feature", "properties": {"layer": "0 - Linhas Quadras", "dxf_type": "LINE"}, "geometry": {"type": "LineString", "coordinates": [[-54.99621793984134, -10.241501158750578], [-54.99637241775913, -10.241713331949498]]}}, {"type": "Feature", "properties": {"layer": "0 - Linhas Quadras", "dxf_type": "LINE"}, "geometry": {"type": "LineString", "coordinates": [[-54.99637241775913, -10.241713331949498], [-54.99630150638759, -10.241767585985214]]}}, {"type": "Feature", "properties": {"layer": "0 - Linhas Quadras", "dxf_type": "LINE"}, "geometry": {"type": "LineString", "coordinates": [[-54.99621793984134, -10.241501158750578], [-54.99629887795861, -10.241451983271684]]}}, {"type": "Feature", "properties": {"layer": "0 - Linhas Quadras", "dxf_type": "LINE"}, "geometry": {"type": "LineString", "coordinates": [[-54.99629887795861, -10.241451983271684], [-54.996452310117675, -10.241658482399837]]}}, {"type": "Feature", "properties": {"layer": "0 - Linhas Quadras", "dxf_type": "LINE"}, "geometry": {"type": "LineString", "coordinates": [[-54.996452310117675, -10.241658482399837], [-54.99637241775913, -10.241713331949498]]}}, {"type": "Feature", "properties": {"layer": "0 - Linhas Quadras", "dxf_type": "LINE"}, "geometry": {"type": "LineString", "coordinates": [[-54.99629887795861, -10.241451983271684], [-54.99636195307403, -10.24141366139351]]}}, {"type": "Feature", "properties": {"layer": "0 - Linhas Quadras", "dxf_type": "LINE"}, "geometry": {"type": "LineString", "coordinates": [[-54.996508520111846, -10.241611965723454], [-54.996452310117675, -10.241658482399837]]}}, {"type": "Feature", "properties": {"layer": "0 - Linhas Quadras", "dxf_type": "LINE"}, "geometry": {"type": "LineString", "coordinates": [[-54.996669393672626, -10.24118348764741], [-54.9968185532131, -10.241395363957675]]}}, {"type": "Feature", "properties": {"layer": "0 - Linhas Quadras", "dxf_type": "LINE"}, "geometry": {"type": "LineString", "coordinates": [[-54.9968185532131, -10.241395363957675], [-54.99674652431022, -10.241452046403232]]}}, {"type": "Feature", "properties": {"layer": "0 - Linhas Quadras", "dxf_type": "LINE"}, "geometry": {"type": "LineString", "coordinates": [[-54.99674652431022, -10.241452046403232], [-54.996593525198286, -10.241244867601026]]}}, {"type": "Feature", "properties": {"layer": "0 - Linhas Quadras", "dxf_type": "LINE"}, "geometry": {"type": "LineString", "coordinates": [[-54.996593525198286, -10.241244867601026], [-54.996669393672626, -10.24118348764741]]}}, {"type": "Feature", "properties": {"layer": "0 - Linhas Quadras", "dxf_type": "LINE"}, "geometry": {"type": "LineString", "coordinates": [[-54.99651658540095, -10.241301435677979], [-54.99659392154798, -10.241245404260997]]}}, {"type": "Feature", "properties": {"layer": "0 - Linhas Quadras", "dxf_type": "LINE"}, "geometry": {"type": "LineString", "coordinates": [[-54.99651658540095, -10.241301435677979], [-54.99666239892619, -10.241510459446529]]}}, {"type": "Feature", "properties": {"layer": "0 - Linhas Quadras", "dxf_type": "LINE"}, "geometry": {"type": "LineString", "coordinates": [[-54.99666239892619, -10.241510459446529], [-54.99674530358659, -10.241450393744119]]}}, {"type": "Feature", "properties": {"layer": "0 - Linhas Quadras", "dxf_type": "LINE"}, "geometry": {"type": "LineString", "coordinates": [[-54.99651658540095, -10.241301435677979], [-54.99636190420414, -10.241413596009997]]}}, {"type": "Feature", "properties": {"layer": "0 - Linhas Quadras", "dxf_type": "LINE"}, "geometry": {"type": "LineString", "coordinates": [[-54.99666239892619, -10.241510459446529], [-54.996508520111846, -10.241611965723454]]}}, {"type": "Feature", "properties": {"layer": "0 - Linhas Quadras", "dxf_type": "LINE"}, "geometry": {"type": "LineString", "coordinates": [[-54.99636190420414, -10.241413596009997], [-54.9964429032121, -10.24135486278281]]}}, {"type": "Feature", "properties": {"layer": "0 - Linhas Quadras", "dxf_type": "LINE"}, "geometry": {"type": "LineString", "coordinates": [[-54.9964429032121, -10.24135486278281], [-54.996585459074, -10.241561212593679]]}}, {"type": "Feature", "properties": {"layer": "0 - Linhas Quadras", "dxf_type": "LINE"}, "geometry": {"type": "LineString", "coordinates": [[-54.996669393672626, -10.24118348764741], [-54.99675933514801, -10.241117632255603]]}}, {"type": "Feature", "properties": {"layer": "0 - Linhas Quadras", "dxf_type": "LINE"}, "geometry": {"type": "LineString", "coordinates": [[-54.996808895315816, -10.24107976666321], [-54.99675933514801, -10.241117632255603]]}}, {"type": "Feature", "properties": {"layer": "0 - Linhas Quadras", "dxf_type": "LINE"}, "geometry": {"type": "LineString", "coordinates": [[-54.996808895315816, -10.24107976666321], [-54.99695909042441, -10.241294598797614]]}}, {"type": "Feature", "properties": {"layer": "0 - Linhas Quadras", "dxf_type": "LINE"}, "geometry": {"type": "LineString", "coordinates": [[-54.99695909042441, -10.241294598797614], [-54.9968185532131, -10.241395363957675]]}}, {"type": "Feature", "properties": {"layer": "0 - Linhas Quadras", "dxf_type": "LINE"}, "geometry": {"type": "LineString", "coordinates": [[-54.99695909042441, -10.241294598797614], [-54.99704909568826, -10.241230065249082]]}}, {"type": "Feature", "properties": {"layer": "0 - Linhas Quadras", "dxf_type": "LINE"}, "geometry": {"type": "LineString", "coordinates": [[-54.99704909568826, -10.241230065249082], [-54.996908890559645, -10.241031112427779]]}}, {"type": "Feature", "properties": {"layer": "0 - Linhas Quadras", "dxf_type": "LINE"}, "geometry": {"type": "LineString", "coordinates": [[-54.996908890559645, -10.241031112427779], [-54.99687945306624, -10.241031359578377]]}}, {"type": "Feature", "properties": {"layer": "0 - Linhas Quadras", "dxf_type": "LINE"}, "geometry": {"type": "LineString", "coordinates": [[-54.99687945306624, -10.241031359578377], [-54.996808895315816, -10.24107976666321]]}}, {"type": "Feature", "properties": {"layer": "0 - Linhas Quadras", "dxf_type": "LINE"}, "geometry": {"type": "LineString", "coordinates": [[-54.99704909568826, -10.241230065249082], [-54.99718015867543, -10.241435827938458]]}}, {"type": "Feature", "properties": {"layer": "0 - Linhas Quadras", "dxf_type": "LINE"}, "geometry": {"type": "LineString", "coordinates": [[-54.99718015867543, -10.241435827938458], [-54.99718025356742, -10.241446879887015]]}}, {"type": "Feature", "properties": {"layer": "0 - Linhas Quadras", "dxf_type": "LINE"}, "geometry": {"type": "LineString", "coordinates": [[-54.99718025356742, -10.241446879887015], [-54.9971123891341, -10.241499455333786]]}}, {"type": "Feature", "properties": {"layer": "0 - Linhas Quadras", "dxf_type": "LINE"}, "geometry": {"type": "LineString", "coordinates": [[-54.9971123891341, -10.241499455333786], [-54.99697543476449, -10.241282880669464]]}}, {"type": "Feature", "properties": {"layer": "0 - Linhas Quadras", "dxf_type": "LINE"}, "geometry": {"type": "LineString", "coordinates": [[-54.9971123891341, -10.241499455333786], [-54.9970450079686, -10.241551656802626]]}}, {"type": "Feature", "properties": {"layer": "0 - Linhas Quadras", "dxf_type": "LINE"}, "geometry": {"type": "LineString", "coordinates": [[-54.9970450079686, -10.241551656802626], [-54.99689773930045, -10.241338588178166]]}}, {"type": "Feature", "properties": {"layer": "0 - Linhas Quadras", "dxf_type": "LINE"}, "geometry": {"type": "LineString", "coordinates": [[-54.9962212618604, -10.24182807921833], [-54.996141505719926, -10.241887527788961]]}}, {"type": "Feature", "properties": {"layer": "0 - Linhas Quadras", "dxf_type": "LINE"}, "geometry": {"type": "LineString", "coordinates": [[-54.996141505719926, -10.241887527788961], [-54.99607763553047, -10.241800471550345]]}}, {"type": "Feature", "properties": {"layer": "0 - Linhas Quadras", "dxf_type": "LINE"}, "geometry": {"type": "LineString", "coordinates": [[-54.9962212618604, -10.24182807921833], [-54.99626889927576, -10.241890779558272]]}}, {"type": "Feature", "properties": {"layer": "0 - Linhas Quadras", "dxf_type": "LINE"}, "geometry": {"type": "LineString", "coordinates": [[-54.99626889927576, -10.241890779558272], [-54.99618603576766, -10.241952543824171]]}}, {"type": "Feature", "properties": {"layer": "0 - Linhas Quadras", "dxf_type": "LINE"}, "geometry": {"type": "LineString", "coordinates": [[-54.99618603576766, -10.241952543824171], [-54.996141505719926, -10.241887527788961]]}}, {"type": "Feature", "properties": {"layer": "0 - Linhas Quadras", "dxf_type": "LINE"}, "geometry": {"type": "LineString", "coordinates": [[-54.99626889927576, -10.241890779558272], [-54.99639079197908, -10.242051214852376]]}}, {"type": "Feature", "properties": {"layer": "0 - Linhas Quadras", "dxf_type": "LINE"}, "geometry": {"type": "LineString", "coordinates": [[-54.99639079197908, -10.242051214852376], [-54.99633138263674, -10.24209549716676]]}}, {"type": "Feature", "properties": {"layer": "0 - Linhas Quadras", "dxf_type": "LINE"}, "geometry": {"type": "LineString", "coordinates": [[-54.99633138263674, -10.24209549716676], [-54.99630578914429, -10.242095711888632]]}}, {"type": "Feature", "properties": {"layer": "0 - Linhas Quadras", "dxf_type": "LINE"}, "geometry": {"type": "LineString", "coordinates": [[-54.99630578914429, -10.242095711888632], [-54.99618603576766, -10.241952543824171]]}}, {"type": "Feature", "properties": {"layer": "0 - Linhas Quadras", "dxf_type": "LINE"}, "geometry": {"type": "LineString", "coordinates": [[-54.9970450079686, -10.241551656802626], [-54.99697148888216, -10.241608613048415]]}}, {"type": "Feature", "properties": {"layer": "0 - Linhas Quadras", "dxf_type": "LINE"}, "geometry": {"type": "LineString", "coordinates": [[-54.99697148888216, -10.241608613048415], [-54.9968185532131, -10.241395363957675]]}}, {"type": "Feature", "properties": {"layer": "0 - Linhas Quadras", "dxf_type": "LINE"}, "geometry": {"type": "LineString", "coordinates": [[-54.99697148888216, -10.241608613048415], [-54.99689683401454, -10.24166113938166]]}}, {"type": "Feature", "properties": {"layer": "0 - Linhas Quadras", "dxf_type": "LINE"}, "geometry": {"type": "LineString", "coordinates": [[-54.99689683401454, -10.24166113938166], [-54.99674652431022, -10.241452046403232]]}}, {"type": "Feature", "properties": {"layer": "0 - Linhas Quadras", "dxf_type": "LINE"}, "geometry": {"type": "LineString", "coordinates": [[-54.99666239892619, -10.241510459446529], [-54.996818890560945, -10.24171417423116]]}}, {"type": "Feature", "properties": {"layer": "0 - Linhas Quadras", "dxf_type": "LINE"}, "geometry": {"type": "LineString", "coordinates": [[-54.996818890560945, -10.24171417423116], [-54.99689683401454, -10.24166113938166]]}}, {"type": "Feature", "properties": {"layer": "0 - Linhas Quadras", "dxf_type": "LINE"}, "geometry": {"type": "LineString", "coordinates": [[-54.996585459074, -10.241561212593679], [-54.99674253195789, -10.241767259496264]]}}, {"type": "Feature", "properties": {"layer": "0 - Linhas Quadras", "dxf_type": "LINE"}, "geometry": {"type": "LineString", "coordinates": [[-54.99674253195789, -10.241767259496264], [-54.996816718972575, -10.241711347846582]]}}, {"type": "Feature", "properties": {"layer": "0 - Linhas Quadras", "dxf_type": "LINE"}, "geometry": {"type": "LineString", "coordinates": [[-54.99674253195789, -10.241767259496264], [-54.99667389059375, -10.241818990294428]]}}, {"type": "Feature", "properties": {"layer": "0 - Linhas Quadras", "dxf_type": "LINE"}, "geometry": {"type": "LineString", "coordinates": [[-54.99667389059375, -10.241818990294428], [-54.99651272546618, -10.241609191278327]]}}, {"type": "Feature", "properties": {"layer": "0 - Linhas Quadras", "dxf_type": "LINE"}, "geometry": {"type": "LineString", "coordinates": [[-54.99667389059375, -10.241818990294428], [-54.996605390615684, -10.241882791122173]]}}, {"type": "Feature", "properties": {"layer": "0 - Linhas Quadras", "dxf_type": "LINE"}, "geometry": {"type": "LineString", "coordinates": [[-54.996605390615684, -10.241882791122173], [-54.99644467247289, -10.241663726005244]]}}, {"type": "Feature", "properties": {"layer": "0 - Linhas Quadras", "dxf_type": "LINE"}, "geometry": {"type": "LineString", "coordinates": [[-54.996605390615684, -10.241882791122173], [-54.9965322806064, -10.241942012277859]]}}, {"type": "Feature", "properties": {"layer": "0 - Linhas Quadras", "dxf_type": "LINE"}, "geometry": {"type": "LineString", "coordinates": [[-54.9965322806064, -10.241942012277859], [-54.99636563923508, -10.241718517571089]]}}, {"type": "Feature", "properties": {"layer": "0 - Linhas Quadras", "dxf_type": "LINE"}, "geometry": {"type": "LineString", "coordinates": [[-54.99646499126324, -10.241995839409185], [-54.9965322806064, -10.241942012277859]]}}, {"type": "Feature", "properties": {"layer": "0 - Linhas Quadras", "dxf_type": "LINE"}, "geometry": {"type": "LineString", "coordinates": [[-54.99646499126324, -10.241995839409185], [-54.996390758492204, -10.242051170353852]]}}, {"type": "Feature", "properties": {"layer": "0 - Linhas Quadras", "dxf_type": "LINE"}, "geometry": {"type": "LineString", "coordinates": [[-54.99646499126324, -10.241995839409185], [-54.996293964530786, -10.241773270386618]]}}, {"type": "Feature", "properties": {"layer": "0 - Linhas Quadras", "dxf_type": "LINE"}, "geometry": {"type": "LineString", "coordinates": [[-54.99550093936635, -10.241029985463001], [-54.99560120809889, -10.240945221652623]]}}, {"type": "Feature", "properties": {"layer": "0 - Linhas Quadras", "dxf_type": "LINE"}, "geometry": {"type": "LineString", "coordinates": [[-54.99560120809889, -10.240945221652623], [-54.99583287482583, -10.241248217755963]]}}, {"type": "Feature", "properties": {"layer": "0 - Linhas Quadras", "dxf_type": "LINE"}, "geometry": {"type": "LineString", "coordinates": [[-54.99583287482583, -10.241248217755963], [-54.99570828926773, -10.241325217126136]]}}, {"type": "Feature", "properties": {"layer": "0 - Linhas Quadras", "dxf_type": "LINE"}, "geometry": {"type": "LineString", "coordinates": [[-54.99570828926773, -10.241325217126136], [-54.99550080492911, -10.241049786859662]]}}, {"type": "Feature", "properties": {"layer": "0 - Linhas Quadras", "dxf_type": "LINE"}, "geometry": {"type": "LineString", "coordinates": [[-54.99550080492911, -10.241049786859662], [-54.99550093936635, -10.241029985463001]]}}, {"type": "Feature", "properties": {"layer": "0 - Linhas Quadras", "dxf_type": "LINE"}, "geometry": {"type": "LineString", "coordinates": [[-54.99560120809889, -10.240945221652623], [-54.99564485810087, -10.240912479422207]]}}, {"type": "Feature", "properties": {"layer": "0 - Linhas Quadras", "dxf_type": "LINE"}, "geometry": {"type": "LineString", "coordinates": [[-54.99564485810087, -10.240912479422207], [-54.9957119885925, -10.24086212342817]]}}, {"type": "Feature", "properties": {"layer": "0 - Linhas Quadras", "dxf_type": "LINE"}, "geometry": {"type": "LineString", "coordinates": [[-54.995948593073784, -10.241171576778004], [-54.99583287482583, -10.241248217755963]]}}, {"type": "Feature", "properties": {"layer": "0 - Linhas Quadras", "dxf_type": "LINE"}, "geometry": {"type": "LineString", "coordinates": [[-54.9957119885925, -10.24086212342817], [-54.99581522461636, -10.2407846842223]]}}, {"type": "Feature", "properties": {"layer": "0 - Linhas Quadras", "dxf_type": "LINE"}, "geometry": {"type": "LineString", "coordinates": [[-54.99581522461636, -10.2407846842223], [-54.99605334677318, -10.241109547890092]]}}, {"type": "Feature", "properties": {"layer": "0 - Linhas Quadras", "dxf_type": "LINE"}, "geometry": {"type": "LineString", "coordinates": [[-54.99605334677318, -10.241109547890092], [-54.995948593073784, -10.241171576778004]]}}, {"type": "Feature", "properties": {"layer": "0 - Linhas Quadras", "dxf_type": "LINE"}, "geometry": {"type": "LineString", "coordinates": [[-54.99581522461636, -10.2407846842223], [-54.995887904669466, -10.240717749188018]]}}, {"type": "Feature", "properties": {"layer": "0 - Linhas Quadras", "dxf_type": "LINE"}, "geometry": {"type": "LineString", "coordinates": [[-54.995887904669466, -10.240717749188018], [-54.99612565573855, -10.241045472340565]]}}, {"type": "Feature", "properties": {"layer": "0 - Linhas Quadras", "dxf_type": "LINE"}, "geometry": {"type": "LineString", "coordinates": [[-54.99605334677318, -10.241109547890092], [-54.99613204227631, -10.241054020314538]]}}, {"type": "Feature", "properties": {"layer": "0 - Linhas Quadras", "dxf_type": "LINE"}, "geometry": {"type": "LineString", "coordinates": [[-54.99613204227631, -10.241054020314538], [-54.99612565573855, -10.241045472340565]]}}, {"type": "Feature", "properties": {"layer": "0 - Linhas Quadras", "dxf_type": "LINE"}, "geometry": {"type": "LineString", "coordinates": [[-54.995887904669466, -10.240717749188018], [-54.99595694964858, -10.240657814307236]]}}, {"type": "Feature", "properties": {"layer": "0 - Linhas Quadras", "dxf_type": "LINE"}, "geometry": {"type": "LineString", "coordinates": [[-54.99595694964858, -10.240657814307236], [-54.99622689841055, -10.241018785011313]]}}, {"type": "Feature", "properties": {"layer": "0 - Linhas Quadras", "dxf_type": "LINE"}, "geometry": {"type": "LineString", "coordinates": [[-54.99622689841055, -10.241018785011313], [-54.99614772873952, -10.241076870505792]]}}, {"type": "Feature", "properties": {"layer": "0 - Linhas Quadras", "dxf_type": "LINE"}, "geometry": {"type": "LineString", "coordinates": [[-54.99614772873952, -10.241076870505792], [-54.99613154635891, -10.241054370692682]]}}, {"type": "Feature", "properties": {"layer": "0 - Linhas Quadras", "dxf_type": "LINE"}, "geometry": {"type": "LineString", "coordinates": [[-54.9961194374782, -10.24053015927149], [-54.99620060743371, -10.240464513921664]]}}, {"type": "Feature", "properties": {"layer": "0 - Linhas Quadras", "dxf_type": "LINE"}, "geometry": {"type": "LineString", "coordinates": [[-54.99620060743371, -10.240464513921664], [-54.996493182977495, -10.240853310989793]]}}, {"type": "Feature", "properties": {"layer": "0 - Linhas Quadras", "dxf_type": "LINE"}, "geometry": {"type": "LineString", "coordinates": [[-54.996493182977495, -10.240853310989793], [-54.99638667070166, -10.240915363566836]]}}, {"type": "Feature", "properties": {"layer": "0 - Linhas Quadras", "dxf_type": "LINE"}, "geometry": {"type": "LineString", "coordinates": [[-54.99638667070166, -10.240915363566836], [-54.9961194374782, -10.24053015927149]]}}, {"type": "Feature", "properties": {"layer": "0 - Linhas Quadras", "dxf_type": "LINE"}, "geometry": {"type": "LineString", "coordinates": [[-54.99595694964858, -10.240657814307236], [-54.996047441880286, -10.240585192124113]]}}, {"type": "Feature", "properties": {"layer": "0 - Linhas Quadras", "dxf_type": "LINE"}, "geometry": {"type": "LineString", "coordinates": [[-54.996047441880286, -10.240585192124113], [-54.996307369260634, -10.240970026047522]]}}, {"type": "Feature", "properties": {"layer": "0 - Linhas Quadras", "dxf_type": "LINE"}, "geometry": {"type": "LineString", "coordinates": [[-54.996307369260634, -10.240970026047522], [-54.99622689841055, -10.241018785011313]]}}, {"type": "Feature", "properties": {"layer": "0 - Linhas Quadras", "dxf_type": "LINE"}, "geometry": {"type": "LineString", "coordinates": [[-54.99638667070166, -10.240915363566836], [-54.99630638278509, -10.240968565558351]]}}, {"type": "Feature", "properties": {"layer": "0 - Linhas Quadras", "dxf_type": "LINE"}, "geometry": {"type": "LineString", "coordinates": [[-54.9961194374782, -10.24053015927149], [-54.996047441880286, -10.240585192124113]]}}, {"type": "Feature", "properties": {"layer": "0 - Linhas Quadras", "dxf_type": "LINE"}, "geometry": {"type": "LineString", "coordinates": [[-54.99620060743371, -10.240464513921664], [-54.99628611781724, -10.240395358235341]]}}, {"type": "Feature", "properties": {"layer": "0 - Linhas Quadras", "dxf_type": "LINE"}, "geometry": {"type": "LineString", "coordinates": [[-54.99628611781724, -10.240395358235341], [-54.996480873760135, -10.240644322332496]]}}, {"type": "Feature", "properties": {"layer": "0 - Linhas Quadras", "dxf_type": "LINE"}, "geometry": {"type": "LineString", "coordinates": [[-54.996480873760135, -10.240644322332496], [-54.99638768696719, -10.240713119824903]]}}, {"type": "Feature", "properties": {"layer": "0 - Linhas Quadras", "dxf_type": "LINE"}, "geometry": {"type": "LineString", "coordinates": [[-54.99628611781724, -10.240395358235341], [-54.99637500160924, -10.240327143494065]]}}, {"type": "Feature", "properties": {"layer": "0 - Linhas Quadras", "dxf_type": "LINE"}, "geometry": {"type": "LineString", "coordinates": [[-54.99637500160924, -10.240327143494065], [-54.996568735476544, -10.240574801406984]]}}, {"type": "Feature", "properties": {"layer": "0 - Linhas Quadras", "dxf_type": "LINE"}, "geometry": {"type": "LineString", "coordinates": [[-54.996568735476544, -10.240574801406984], [-54.996480873760135, -10.240644322332496]]}}, {"type": "Feature", "properties": {"layer": "0 - Linhas Quadras", "dxf_type": "LINE"}, "geometry": {"type": "LineString", "coordinates": [[-54.996568735476544, -10.240574801406984], [-54.99662696831489, -10.24064924291508]]}}, {"type": "Feature", "properties": {"layer": "0 - Linhas Quadras", "dxf_type": "LINE"}, "geometry": {"type": "LineString", "coordinates": [[-54.99662696831489, -10.24064924291508], [-54.99643574952409, -10.240776989702937]]}}, {"type": "Feature", "properties": {"layer": "0 - Linhas Quadras", "dxf_type": "LINE"}, "geometry": {"type": "LineString", "coordinates": [[-54.99662696831489, -10.24064924291508], [-54.99669506831461, -10.240749250283667]]}}, {"type": "Feature", "properties": {"layer": "0 - Linhas Quadras", "dxf_type": "LINE"}, "geometry": {"type": "LineString", "coordinates": [[-54.99669506831461, -10.240749250283667], [-54.996516167210295, -10.240885222752535]]}}, {"type": "Feature", "properties": {"layer": "0 - Linhas Quadras", "dxf_type": "LINE"}, "geometry": {"type": "LineString", "coordinates": [[-54.996516167210295, -10.240885222752535], [-54.99649198582824, -10.24085400867484]]}}, {"type": "Feature", "properties": {"layer": "0 - Linhas Quadras", "dxf_type": "LINE"}, "geometry": {"type": "LineString", "coordinates": [[-54.99635716309732, -10.240934917125516], [-54.996519117051456, -10.241166403400706]]}}, {"type": "Feature", "properties": {"layer": "0 - Linhas Quadras", "dxf_type": "LINE"}, "geometry": {"type": "LineString", "coordinates": [[-54.996519117051456, -10.241166403400706], [-54.996828698602386, -10.240957106070832]]}}, {"type": "Feature", "properties": {"layer": "0 - Linhas Quadras", "dxf_type": "LINE"}, "geometry": {"type": "LineString", "coordinates": [[-54.996828698602386, -10.240957106070832], [-54.99682883596936, -10.240936824693312]]}}, {"type": "Feature", "properties": {"layer": "0 - Linhas Quadras", "dxf_type": "LINE"}, "geometry": {"type": "LineString", "coordinates": [[-54.99682883596936, -10.240936824693312], [-54.99669506831461, -10.240749250283667]]}}, {"type": "Feature", "properties": {"layer": "0 - Linhas Quadras", "dxf_type": "LINE"}, "geometry": {"type": "LineString", "coordinates": [[-54.99629352628617, -10.240978413229621], [-54.9964612996099, -10.24120775964006]]}}, {"type": "Feature", "properties": {"layer": "0 - Linhas Quadras", "dxf_type": "LINE"}, "geometry": {"type": "LineString", "coordinates": [[-54.9964612996099, -10.24120775964006], [-54.996519117051456, -10.241166403400706]]}}, {"type": "Feature", "properties": {"layer": "0 - Linhas Quadras", "dxf_type": "LINE"}, "geometry": {"type": "LineString", "coordinates": [[-54.9964612996099, -10.24120775964006], [-54.99597592628274, -10.241522625325794]]}}, {"type": "Feature", "properties": {"layer": "0 - Linhas Quadras", "dxf_type": "LINE"}, "geometry": {"type": "LineString", "coordinates": [[-54.99597592628274, -10.241522625325794], [-54.995900743712454, -10.241570376345273]]}}, {"type": "Feature", "properties": {"layer": "0 - Linhas Quadras", "dxf_type": "LINE"}, "geometry": {"type": "LineString", "coordinates": [[-54.995900743712454, -10.241570376345273], [-54.99570828926773, -10.241325217126136]]}}, {"type": "Feature", "properties": {"layer": "0 - Linhas Quadras", "dxf_type": "LINE"}, "geometry": {"type": "LineString", "coordinates": [[-54.99597592628274, -10.241522625325794], [-54.99581879989826, -10.241256916240914]]}}, {"type": "Feature", "properties": {"layer": "0 - Linhas Quadras", "dxf_type": "LINE"}, "geometry": {"type": "LineString", "coordinates": [[-54.995897634090745, -10.241205327077774], [-54.996058055593174, -10.241469347119441]]}}, {"type": "Feature", "properties": {"layer": "0 - Linhas Quadras", "dxf_type": "LINE"}, "geometry": {"type": "LineString", "coordinates": [[-54.99613797284335, -10.241417504245032], [-54.99596763229214, -10.24116030286763]]}}, {"type": "Feature", "properties": {"layer": "0 - Linhas Quadras", "dxf_type": "LINE"}, "geometry": {"type": "LineString", "coordinates": [[-54.99621861305899, -10.241365192145059], [-54.99605334677318, -10.241109547890092]]}}, {"type": "Feature", "properties": {"layer": "0 - Linhas Quadras", "dxf_type": "LINE"}, "geometry": {"type": "LineString", "coordinates": [[-54.9963015129249, -10.241311415124489], [-54.99614772873952, -10.241076870505792]]}}, {"type": "Feature", "properties": {"layer": "0 - Linhas Quadras", "dxf_type": "LINE"}, "geometry": {"type": "LineString", "coordinates": [[-54.99621136556589, -10.241030180879157], [-54.996368563856116, -10.241267918371415]]}}, {"type": "Feature", "properties": {"layer": "0 - Linhas Quadras", "dxf_type": "LINE"}, "geometry": {"type": "LineString", "coordinates": [[-54.99661246717805, -10.242625818576817], [-54.99640996975487, -10.242777576129454]]}}, {"type": "Feature", "properties": {"layer": "0 - Linhas Quadras", "dxf_type": "LINE"}, "geometry": {"type": "LineString", "coordinates": [[-54.99514382777006, -10.243816642200104], [-54.99497836301543, -10.24394582911762]]}}, {"type": "Feature", "properties": {"layer": "0 - Linhas Quadras", "dxf_type": "LINE"}, "geometry": {"type": "LineString", "coordinates": [[-54.99497836301543, -10.24394582911762], [-54.99497852191246, -10.243963960962168]]}}, {"type": "Feature", "properties": {"layer": "0 - Linhas Quadras", "dxf_type": "LINE"}, "geometry": {"type": "LineString", "coordinates": [[-54.99497852191246, -10.243963960962168], [-54.99504256574691, -10.244047489591182]]}}, {"type": "Feature", "properties": {"layer": "0 - Linhas Quadras", "dxf_type": "LINE"}, "geometry": {"type": "LineString", "coordinates": [[-54.99504256574691, -10.244047489591182], [-54.995158737919944, -10.243960106102854]]}}, {"type": "Feature", "properties": {"layer": "0 - Linhas Quadras", "dxf_type": "LINE"}, "geometry": {"type": "LineString", "coordinates": [[-54.99526498120675, -10.243953256836136], [-54.99514382777006, -10.243816642200104]]}}, {"type": "Feature", "properties": {"layer": "0 - Linhas Quadras", "dxf_type": "LINE"}, "geometry": {"type": "LineString", "coordinates": [[-54.995158737919944, -10.243960106102854], [-54.995082605274746, -10.243864441920486]]}}, {"type": "Feature", "properties": {"layer": "0 - Linhas Quadras", "dxf_type": "LINE"}, "geometry": {"type": "LineString", "coordinates": [[-54.99526498120675, -10.243953256836136], [-54.99527561711286, -10.243965250569858]]}}, {"type": "Feature", "properties": {"layer": "0 - Linhas Quadras", "dxf_type": "LINE"}, "geometry": {"type": "LineString", "coordinates": [[-54.99527561711286, -10.243965250569858], [-54.99510628843015, -10.24411256989843]]}}, {"type": "Feature", "properties": {"layer": "0 - Linhas Quadras", "dxf_type": "LINE"}, "geometry": {"type": "LineString", "coordinates": [[-54.99510628843015, -10.24411256989843], [-54.99504256574691, -10.244047489591182]]}}, {"type": "Feature", "properties": {"layer": "0 - Linhas Quadras", "dxf_type": "LINE"}, "geometry": {"type": "LineString", "coordinates": [[-54.99521171913576, -10.244020842798045], [-54.995158737919944, -10.243960106102854]]}}, {"type": "Feature", "properties": {"layer": "0 - Linhas Quadras", "dxf_type": "LINE"}, "geometry": {"type": "LineString", "coordinates": [[-54.99514382777006, -10.243816642200104], [-54.99521838500085, -10.243758431054486]]}}, {"type": "Feature", "properties": {"layer": "0 - Linhas Quadras", "dxf_type": "LINE"}, "geometry": {"type": "LineString", "coordinates": [[-54.99521838500085, -10.243758431054486], [-54.99534395747432, -10.243916220167094]]}}, {"type": "Feature", "properties": {"layer": "0 - Linhas Quadras", "dxf_type": "LINE"}, "geometry": {"type": "LineString", "coordinates": [[-54.99534395747432, -10.243916220167094], [-54.99527561711286, -10.243965250569858]]}}, {"type": "Feature", "properties": {"layer": "0 - Linhas Quadras", "dxf_type": "LINE"}, "geometry": {"type": "LineString", "coordinates": [[-54.99521838500085, -10.243758431054486], [-54.9952951221662, -10.243698518586983]]}}, {"type": "Feature", "properties": {"layer": "0 - Linhas Quadras", "dxf_type": "LINE"}, "geometry": {"type": "LineString", "coordinates": [[-54.9952951221662, -10.243698518586983], [-54.99542145743315, -10.243867371862716]]}}, {"type": "Feature", "properties": {"layer": "0 - Linhas Quadras", "dxf_type": "LINE"}, "geometry": {"type": "LineString", "coordinates": [[-54.99542145743315, -10.243867371862716], [-54.99534395747432, -10.243916220167094]]}}, {"type": "Feature", "properties": {"layer": "0 - Linhas Quadras", "dxf_type": "LINE"}, "geometry": {"type": "LineString", "coordinates": [[-54.9952951221662, -10.243698518586983], [-54.995425253956846, -10.243584758713778]]}}, {"type": "Feature", "properties": {"layer": "0 - Linhas Quadras", "dxf_type": "LINE"}, "geometry": {"type": "LineString", "coordinates": [[-54.995425253956846, -10.243584758713778], [-54.99557327305081, -10.243767665117918]]}}, {"type": "Feature", "properties": {"layer": "0 - Linhas Quadras", "dxf_type": "LINE"}, "geometry": {"type": "LineString", "coordinates": [[-54.99557327305081, -10.243767665117918], [-54.99542145743315, -10.243867371862716]]}}, {"type": "Feature", "properties": {"layer": "0 - Linhas Quadras", "dxf_type": "LINE"}, "geometry": {"type": "LineString", "coordinates": [[-54.9952951221662, -10.243698518586983], [-54.995360188070016, -10.243641639111136]]}}, {"type": "Feature", "properties": {"layer": "0 - Linhas Quadras", "dxf_type": "LINE"}, "geometry": {"type": "LineString", "coordinates": [[-54.995360188070016, -10.243641639111136], [-54.99549736570918, -10.243817518504322]]}}, {"type": "Feature", "properties": {"layer": "0 - Linhas Quadras", "dxf_type": "LINE"}, "geometry": {"type": "LineString", "coordinates": [[-54.995425253956846, -10.243584758713778], [-54.995498536435385, -10.24352069667193]]}}, {"type": "Feature", "properties": {"layer": "0 - Linhas Quadras", "dxf_type": "LINE"}, "geometry": {"type": "LineString", "coordinates": [[-54.995498536435385, -10.24352069667193], [-54.99564990450842, -10.243712658392868]]}}, {"type": "Feature", "properties": {"layer": "0 - Linhas Quadras", "dxf_type": "LINE"}, "geometry": {"type": "LineString", "coordinates": [[-54.99564990450842, -10.243712658392868], [-54.99557327305081, -10.243767665117918]]}}, {"type": "Feature", "properties": {"layer": "0 - Linhas Quadras", "dxf_type": "LINE"}, "geometry": {"type": "LineString", "coordinates": [[-54.995498536435385, -10.24352069667193], [-54.99564307505152, -10.243408882154432]]}}, {"type": "Feature", "properties": {"layer": "0 - Linhas Quadras", "dxf_type": "LINE"}, "geometry": {"type": "LineString", "coordinates": [[-54.99564307505152, -10.243408882154432], [-54.99579100705888, -10.243577628893185]]}}, {"type": "Feature", "properties": {"layer": "0 - Linhas Quadras", "dxf_type": "LINE"}, "geometry": {"type": "LineString", "coordinates": [[-54.99579100705888, -10.243577628893185], [-54.99564990450842, -10.243712658392868]]}}, {"type": "Feature", "properties": {"layer": "0 - Linhas Quadras", "dxf_type": "LINE"}, "geometry": {"type": "LineString", "coordinates": [[-54.99572571346017, -10.243640112290537], [-54.99557080575836, -10.24346478897177]]}}, {"type": "Feature", "properties": {"layer": "0 - Linhas Quadras", "dxf_type": "LINE"}, "geometry": {"type": "LineString", "coordinates": [[-54.99564307505152, -10.243408882154432], [-54.99570684205595, -10.243350572709401]]}}, {"type": "Feature", "properties": {"layer": "0 - Linhas Quadras", "dxf_type": "LINE"}, "geometry": {"type": "LineString", "coordinates": [[-54.99570684205595, -10.243350572709401], [-54.99584771878321, -10.243529185634348]]}}, {"type": "Feature", "properties": {"layer": "0 - Linhas Quadras", "dxf_type": "LINE"}, "geometry": {"type": "LineString", "coordinates": [[-54.99584771878321, -10.243529185634348], [-54.99579096706835, -10.243573099995952]]}}, {"type": "Feature", "properties": {"layer": "0 - Linhas Quadras", "dxf_type": "LINE"}, "geometry": {"type": "LineString", "coordinates": [[-54.99584771878321, -10.243529185634348], [-54.99654922923891, -10.242954212784293]]}}, {"type": "Feature", "properties": {"layer": "0 - Linhas Quadras", "dxf_type": "LINE"}, "geometry": {"type": "LineString", "coordinates": [[-54.99654922923891, -10.242954212784293], [-54.99640996975487, -10.242777576129454]]}}, {"type": "Feature", "properties": {"layer": "0 - Linhas Quadras", "dxf_type": "LINE"}, "geometry": {"type": "LineString", "coordinates": [[-54.99640996975487, -10.242777576129454], [-54.996048667730214, -10.243061541523094]]}}, {"type": "Feature", "properties": {"layer": "0 - Linhas Quadras", "dxf_type": "LINE"}, "geometry": {"type": "LineString", "coordinates": [[-54.996048667730214, -10.243061541523094], [-54.99570684205595, -10.243350572709401]]}}, {"type": "Feature", "properties": {"layer": "0 - Linhas Quadras", "dxf_type": "LINE"}, "geometry": {"type": "LineString", "coordinates": [[-54.995916219567235, -10.243473041292404], [-54.99577032532501, -10.243296894100256]]}}, {"type": "Feature", "properties": {"layer": "0 - Linhas Quadras", "dxf_type": "LINE"}, "geometry": {"type": "LineString", "coordinates": [[-54.99598800345833, -10.243414205398874], [-54.995831839661044, -10.243244880114737]]}}, {"type": "Feature", "properties": {"layer": "0 - Linhas Quadras", "dxf_type": "LINE"}, "geometry": {"type": "LineString", "coordinates": [[-54.99591392571147, -10.243175473081923], [-54.99606241821887, -10.243353214476775]]}}, {"type": "Feature", "properties": {"layer": "0 - Linhas Quadras", "dxf_type": "LINE"}, "geometry": {"type": "LineString", "coordinates": [[-54.9959827596518, -10.243117270722916], [-54.99613809978851, -10.243291184596957]]}}, {"type": "Feature", "properties": {"layer": "0 - Linhas Quadras", "dxf_type": "LINE"}, "geometry": {"type": "LineString", "coordinates": [[-54.99605186944808, -10.243059024848469], [-54.99620887546106, -10.243233174034337]]}}, {"type": "Feature", "properties": {"layer": "0 - Linhas Quadras", "dxf_type": "LINE"}, "geometry": {"type": "LineString", "coordinates": [[-54.996122151274314, -10.243003787199957], [-54.99627114928837, -10.243182133635289]]}}, {"type": "Feature", "properties": {"layer": "0 - Linhas Quadras", "dxf_type": "LINE"}, "geometry": {"type": "LineString", "coordinates": [[-54.996341938665275, -10.243124113175718], [-54.99619786892626, -10.242944277646084]]}}, {"type": "Feature", "properties": {"layer": "0 - Linhas Quadras", "dxf_type": "LINE"}, "geometry": {"type": "LineString", "coordinates": [[-54.996282582721626, -10.24287769607445], [-54.99641443791756, -10.24306469130447]]}}, {"type": "Feature", "properties": {"layer": "0 - Linhas Quadras", "dxf_type": "LINE"}, "geometry": {"type": "LineString", "coordinates": [[-54.99648561802609, -10.243006350510804], [-54.99634392609117, -10.24282948370949]]}}, {"type": "Feature", "properties": {"layer": "0 - Linhas Quadras", "dxf_type": "LINE"}, "geometry": {"type": "LineString", "coordinates": [[-54.99674426415563, -10.242803360108056], [-54.99661003275916, -10.242627642157528]]}}, {"type": "Feature", "properties": {"layer": "0 - Linhas Quadras", "dxf_type": "LINE"}, "geometry": {"type": "LineString", "coordinates": [[-54.99640996975487, -10.242777576129454], [-54.99649002156964, -10.242717582475874]]}}, {"type": "Feature", "properties": {"layer": "0 - Linhas Quadras", "dxf_type": "LINE"}, "geometry": {"type": "LineString", "coordinates": [[-54.99674426415563, -10.242803360108056], [-54.99686702633403, -10.2429640637215]]}}, {"type": "Feature", "properties": {"layer": "0 - Linhas Quadras", "dxf_type": "LINE"}, "geometry": {"type": "LineString", "coordinates": [[-54.99686702633403, -10.2429640637215], [-54.99668925230066, -10.243119000066903]]}}, {"type": "Feature", "properties": {"layer": "0 - Linhas Quadras", "dxf_type": "LINE"}, "geometry": {"type": "LineString", "coordinates": [[-54.99668925230066, -10.243119000066903], [-54.996550625409526, -10.242953068885003]]}}, {"type": "Feature", "properties": {"layer": "0 - Linhas Quadras", "dxf_type": "LINE"}, "geometry": {"type": "LineString", "coordinates": [[-54.99668925230066, -10.243119000066903], [-54.996619718212365, -10.243177101565882]]}}, {"type": "Feature", "properties": {"layer": "0 - Linhas Quadras", "dxf_type": "LINE"}, "geometry": {"type": "LineString", "coordinates": [[-54.996619718212365, -10.243177101565882], [-54.99648561802609, -10.243006350510804]]}}, {"type": "Feature", "properties": {"layer": "0 - Linhas Quadras", "dxf_type": "LINE"}, "geometry": {"type": "LineString", "coordinates": [[-54.996619718212365, -10.243177101565882], [-54.99646866080056, -10.243293488248439]]}}, {"type": "Feature", "properties": {"layer": "0 - Linhas Quadras", "dxf_type": "LINE"}, "geometry": {"type": "LineString", "coordinates": [[-54.99646866080056, -10.243293488248439], [-54.996341938665275, -10.243124113175718]]}}, {"type": "Feature", "properties": {"layer": "0 - Linhas Quadras", "dxf_type": "LINE"}, "geometry": {"type": "LineString", "coordinates": [[-54.99641443791756, -10.24306469130447], [-54.99654418951675, -10.243235295370596]]}}, {"type": "Feature", "properties": {"layer": "0 - Linhas Quadras", "dxf_type": "LINE"}, "geometry": {"type": "LineString", "coordinates": [[-54.99646866080056, -10.243293488248439], [-54.99632899757474, -10.243401095651281]]}}, {"type": "Feature", "properties": {"layer": "0 - Linhas Quadras", "dxf_type": "LINE"}, "geometry": {"type": "LineString", "coordinates": [[-54.99632899757474, -10.243401095651281], [-54.99619690522316, -10.243242985564406]]}}, {"type": "Feature", "properties": {"layer": "0 - Linhas Quadras", "dxf_type": "LINE"}, "geometry": {"type": "LineString", "coordinates": [[-54.996398829652314, -10.243347292414436], [-54.99626503528511, -10.243187145270566]]}}, {"type": "Feature", "properties": {"layer": "0 - Linhas Quadras", "dxf_type": "LINE"}, "geometry": {"type": "LineString", "coordinates": [[-54.99632899757474, -10.243401095651281], [-54.99626190304108, -10.243464819114095]]}}, {"type": "Feature", "properties": {"layer": "0 - Linhas Quadras", "dxf_type": "LINE"}, "geometry": {"type": "LineString", "coordinates": [[-54.99626190304108, -10.243464819114095], [-54.99612045128153, -10.243305648871605]]}}, {"type": "Feature", "properties": {"layer": "0 - Linhas Quadras", "dxf_type": "LINE"}, "geometry": {"type": "LineString", "coordinates": [[-54.99626190304108, -10.243464819114095], [-54.99619339347573, -10.24352454844311]]}}, {"type": "Feature", "properties": {"layer": "0 - Linhas Quadras", "dxf_type": "LINE"}, "geometry": {"type": "LineString", "coordinates": [[-54.99619339347573, -10.24352454844311], [-54.99605024616168, -10.243363191077634]]}}, {"type": "Feature", "properties": {"layer": "0 - Linhas Quadras", "dxf_type": "LINE"}, "geometry": {"type": "LineString", "coordinates": [[-54.99619339347573, -10.24352454844311], [-54.99612080660899, -10.243587723686812]]}}, {"type": "Feature", "properties": {"layer": "0 - Linhas Quadras", "dxf_type": "LINE"}, "geometry": {"type": "LineString", "coordinates": [[-54.99612080660899, -10.243587723686812], [-54.99598800345833, -10.243414205398874]]}}, {"type": "Feature", "properties": {"layer": "0 - Linhas Quadras", "dxf_type": "LINE"}, "geometry": {"type": "LineString", "coordinates": [[-54.99612080660899, -10.243587723686812], [-54.99605210585556, -10.243647516880033]]}}, {"type": "Feature", "properties": {"layer": "0 - Linhas Quadras", "dxf_type": "LINE"}, "geometry": {"type": "LineString", "coordinates": [[-54.99605210585556, -10.243647516880033], [-54.995906097736075, -10.243481337476155]]}}, {"type": "Feature", "properties": {"layer": "0 - Linhas Quadras", "dxf_type": "LINE"}, "geometry": {"type": "LineString", "coordinates": [[-54.99605210585556, -10.243647516880033], [-54.9959862671553, -10.243704818405329]]}}, {"type": "Feature", "properties": {"layer": "0 - Linhas Quadras", "dxf_type": "LINE"}, "geometry": {"type": "LineString", "coordinates": [[-54.9959862671553, -10.243704818405329], [-54.99583667455613, -10.243537731939828]]}}, {"type": "Feature", "properties": {"layer": "0 - Linhas Quadras", "dxf_type": "LINE"}, "geometry": {"type": "LineString", "coordinates": [[-54.995270298703424, -10.24395925370021], [-54.99544619015038, -10.24417957362155]]}}, {"type": "Feature", "properties": {"layer": "0 - Linhas Quadras", "dxf_type": "LINE"}, "geometry": {"type": "LineString", "coordinates": [[-54.99544619015038, -10.24417957362155], [-54.99528148449576, -10.244326195687133]]}}, {"type": "Feature", "properties": {"layer": "0 - Linhas Quadras", "dxf_type": "LINE"}, "geometry": {"type": "LineString", "coordinates": [[-54.99528148449576, -10.244326195687133], [-54.99510628843015, -10.24411256989843]]}}, {"type": "Feature", "properties": {"layer": "0 - Linhas Quadras", "dxf_type": "LINE"}, "geometry": {"type": "LineString", "coordinates": [[-54.995339390480105, -10.24404579725601], [-54.99516113748445, -10.244179449424625]]}}, {"type": "Feature", "properties": {"layer": "0 - Linhas Quadras", "dxf_type": "LINE"}, "geometry": {"type": "LineString", "coordinates": [[-54.99653485429813, -10.242935979775146], [-54.99656086302811, -10.242836670556438]]}}, {"type": "Feature", "properties": {"layer": "0 - Linhas Quadras", "dxf_type": "LINE"}, "geometry": {"type": "LineString", "coordinates": [[-54.99656086302811, -10.242836670556438], [-54.9964772204308, -10.242727176480413]]}}, {"type": "Feature", "properties": {"layer": "0 - Linhas Quadras", "dxf_type": "LINE"}, "geometry": {"type": "LineString", "coordinates": [[-54.99656086302811, -10.242836670556438], [-54.99669929646933, -10.242744493512232]]}}, {"type": "Feature", "properties": {"layer": "0 - Linhas Quadras", "dxf_type": "LINE"}, "geometry": {"type": "LineString", "coordinates": [[-54.996550625409526, -10.242953068885003], [-54.996746493580076, -10.242806278146707]]}}, {"type": "Feature", "properties": {"layer": "0 - Linhas Quadras", "dxf_type": "LINE"}, "geometry": {"type": "LineString", "coordinates": [[-54.99680564523019, -10.242883711917829], [-54.99661988267552, -10.243035967695773]]}}, {"type": "Feature", "properties": {"layer": "0 - Linhas Quadras", "dxf_type": "LINE"}, "geometry": {"type": "LineString", "coordinates": [[-54.9959862671553, -10.243704818405329], [-54.99584662038218, -10.243827475039287]]}}, {"type": "Feature", "properties": {"layer": "0 - Linhas Quadras", "dxf_type": "LINE"}, "geometry": {"type": "LineString", "coordinates": [[-54.99584662038218, -10.243827475039287], [-54.99570601225946, -10.243658965983494]]}}, {"type": "Feature", "properties": {"layer": "0 - Linhas Quadras", "dxf_type": "LINE"}, "geometry": {"type": "LineString", "coordinates": [[-54.995916443325584, -10.243766146729655], [-54.99576473023442, -10.24360277493861]]}}, {"type": "Feature", "properties": {"layer": "0 - Linhas Quadras", "dxf_type": "LINE"}, "geometry": {"type": "LineString", "coordinates": [[-54.99584662038218, -10.243827475039287], [-54.99579040430304, -10.243887076647539]]}}, {"type": "Feature", "properties": {"layer": "0 - Linhas Quadras", "dxf_type": "LINE"}, "geometry": {"type": "LineString", "coordinates": [[-54.99579040430304, -10.243887076647539], [-54.99564990450842, -10.243712658392868]]}}, {"type": "Feature", "properties": {"layer": "0 - Linhas Quadras", "dxf_type": "LINE"}, "geometry": {"type": "LineString", "coordinates": [[-54.99579040430304, -10.243887076647539], [-54.99570889145532, -10.243951494778827]]}}, {"type": "Feature", "properties": {"layer": "0 - Linhas Quadras", "dxf_type": "LINE"}, "geometry": {"type": "LineString", "coordinates": [[-54.99570889145532, -10.243951494778827], [-54.99557327305081, -10.243767665117918]]}}, {"type": "Feature", "properties": {"layer": "0 - Linhas Quadras", "dxf_type": "LINE"}, "geometry": {"type": "LineString", "coordinates": [[-54.99549736570918, -10.243817518504322], [-54.99564426294771, -10.244005860500446]]}}, {"type": "Feature", "properties": {"layer": "0 - Linhas Quadras", "dxf_type": "LINE"}, "geometry": {"type": "LineString", "coordinates": [[-54.99564426294771, -10.244005860500446], [-54.99570889145532, -10.243951494778827]]}}, {"type": "Feature", "properties": {"layer": "0 - Linhas Quadras", "dxf_type": "LINE"}, "geometry": {"type": "LineString", "coordinates": [[-54.99564426294771, -10.244005860500446], [-54.99544619015038, -10.24417957362155]]}}, {"type": "Feature", "properties": {"layer": "0 - Linhas Quadras", "dxf_type": "LINE"}, "geometry": {"type": "LineString", "coordinates": [[-54.99551353220959, -10.244120513439853], [-54.99534395747432, -10.243916220167094]]}}, {"type": "Feature", "properties": {"layer": "0 - Linhas Quadras", "dxf_type": "LINE"}, "geometry": {"type": "LineString", "coordinates": [[-54.99542145743315, -10.243867371862716], [-54.99557863788626, -10.244063415426197]]}}, {"type": "Feature", "properties": {"layer": "0 - Linhas Quadras", "dxf_type": "LINE"}, "geometry": {"type": "LineString", "coordinates": [[-54.99540359722754, -10.244126220962018], [-54.9952383647118, -10.244273617132112]]}}, {"type": "Feature", "properties": {"layer": "0 - Linhas Quadras", "dxf_type": "LINE"}, "geometry": {"type": "LineString", "coordinates": [[-54.99532098098839, -10.244199919061353], [-54.99536671630456, -10.244250321721827]]}}, {"type": "Feature", "properties": {"layer": "0 - Linhas Quadras", "dxf_type": "LINE"}, "geometry": {"type": "LineString", "coordinates": [[-54.9948794820264, -10.243564564297888], [-54.99474973939801, -10.243667350900209]]}}, {"type": "Feature", "properties": {"layer": "0 - Linhas Quadras", "dxf_type": "LINE"}, "geometry": {"type": "LineString", "coordinates": [[-54.99474973939801, -10.243667350900209], [-54.994649251543855, -10.243556403892969]]}}, {"type": "Feature", "properties": {"layer": "0 - Linhas Quadras", "dxf_type": "LINE"}, "geometry": {"type": "LineString", "coordinates": [[-54.994649251543855, -10.243556403892969], [-54.994649194548956, -10.243520758292783]]}}, {"type": "Feature", "properties": {"layer": "0 - Linhas Quadras", "dxf_type": "LINE"}, "geometry": {"type": "LineString", "coordinates": [[-54.994649194548956, -10.243520758292783], [-54.99477199049142, -10.24343145426614]]}}, {"type": "Feature", "properties": {"layer": "0 - Linhas Quadras", "dxf_type": "LINE"}, "geometry": {"type": "LineString", "coordinates": [[-54.99474973939801, -10.243667350900209], [-54.99478532321492, -10.24370663875485]]}}, {"type": "Feature", "properties": {"layer": "0 - Linhas Quadras", "dxf_type": "LINE"}, "geometry": {"type": "LineString", "coordinates": [[-54.99478532321492, -10.24370663875485], [-54.994917504574474, -10.243592780576785]]}}, {"type": "Feature", "properties": {"layer": "0 - Linhas Quadras", "dxf_type": "LINE"}, "geometry": {"type": "LineString", "coordinates": [[-54.994917504574474, -10.243592780576785], [-54.994959537774044, -10.243556574666957]]}}, {"type": "Feature", "properties": {"layer": "0 - Linhas Quadras", "dxf_type": "LINE"}, "geometry": {"type": "LineString", "coordinates": [[-54.994959537774044, -10.243556574666957], [-54.99482743948504, -10.243391540963104]]}}, {"type": "Feature", "properties": {"layer": "0 - Linhas Quadras", "dxf_type": "LINE"}, "geometry": {"type": "LineString", "coordinates": [[-54.99482743948504, -10.243391540963104], [-54.99477199049142, -10.24343145426614]]}}, {"type": "Feature", "properties": {"layer": "0 - Linhas Quadras", "dxf_type": "LINE"}, "geometry": {"type": "LineString", "coordinates": [[-54.99482743948504, -10.243391540963104], [-54.994904783293826, -10.243335869910698]]}}, {"type": "Feature", "properties": {"layer": "0 - Linhas Quadras", "dxf_type": "LINE"}, "geometry": {"type": "LineString", "coordinates": [[-54.994904783293826, -10.243335869910698], [-54.9950378158952, -10.243497164399397]]}}, {"type": "Feature", "properties": {"layer": "0 - Linhas Quadras", "dxf_type": "LINE"}, "geometry": {"type": "LineString", "coordinates": [[-54.9950378158952, -10.243497164399397], [-54.994959537774044, -10.243556574666957]]}}, {"type": "Feature", "properties": {"layer": "0 - Linhas Quadras", "dxf_type": "LINE"}, "geometry": {"type": "LineString", "coordinates": [[-54.994904783293826, -10.243335869910698], [-54.994975068321054, -10.243280739241671]]}}, {"type": "Feature", "properties": {"layer": "0 - Linhas Quadras", "dxf_type": "LINE"}, "geometry": {"type": "LineString", "coordinates": [[-54.994975068321054, -10.243280739241671], [-54.99511041062669, -10.2434371170517]]}}, {"type": "Feature", "properties": {"layer": "0 - Linhas Quadras", "dxf_type": "LINE"}, "geometry": {"type": "LineString", "coordinates": [[-54.99511041062669, -10.2434371170517], [-54.995037170134516, -10.243496380332859]]}}, {"type": "Feature", "properties": {"layer": "0 - Linhas Quadras", "dxf_type": "LINE"}, "geometry": {"type": "LineString", "coordinates": [[-54.994975068321054, -10.243280739241671], [-54.9950309644991, -10.243236896591172]]}}, {"type": "Feature", "properties": {"layer": "0 - Linhas Quadras", "dxf_type": "LINE"}, "geometry": {"type": "LineString", "coordinates": [[-54.9950309644991, -10.243236896591172], [-54.99515709269916, -10.243394652091675]]}}, {"type": "Feature", "properties": {"layer": "0 - Linhas Quadras", "dxf_type": "LINE"}, "geometry": {"type": "LineString", "coordinates": [[-54.99515709269916, -10.243394652091675], [-54.995109000851436, -10.243435487626986]]}}, {"type": "Feature", "properties": {"layer": "0 - Linhas Quadras", "dxf_type": "LINE"}, "geometry": {"type": "LineString", "coordinates": [[-54.9950309644991, -10.243236896591172], [-54.995089492823695, -10.243190988425457]]}}, {"type": "Feature", "properties": {"layer": "0 - Linhas Quadras", "dxf_type": "LINE"}, "geometry": {"type": "LineString", "coordinates": [[-54.995089492823695, -10.243190988425457], [-54.99521396671605, -10.243346674571406]]}}, {"type": "Feature", "properties": {"layer": "0 - Linhas Quadras", "dxf_type": "LINE"}, "geometry": {"type": "LineString", "coordinates": [[-54.99521396671605, -10.243346674571406], [-54.99515709269916, -10.243394652091675]]}}, {"type": "Feature", "properties": {"layer": "0 - Linhas Quadras", "dxf_type": "LINE"}, "geometry": {"type": "LineString", "coordinates": [[-54.995089492823695, -10.243190988425457], [-54.995203335815035, -10.243101692259756]]}}, {"type": "Feature", "properties": {"layer": "0 - Linhas Quadras", "dxf_type": "LINE"}, "geometry": {"type": "LineString", "coordinates": [[-54.995203335815035, -10.243101692259756], [-54.99532493663371, -10.24325378383383]]}}, {"type": "Feature", "properties": {"layer": "0 - Linhas Quadras", "dxf_type": "LINE"}, "geometry": {"type": "LineString", "coordinates": [[-54.99532493663371, -10.24325378383383], [-54.99521396671605, -10.243346674571406]]}}, {"type": "Feature", "properties": {"layer": "0 - Linhas Quadras", "dxf_type": "LINE"}, "geometry": {"type": "LineString", "coordinates": [[-54.995089492823695, -10.243190988425457], [-54.99516031980612, -10.243135433490652]]}}, {"type": "Feature", "properties": {"layer": "0 - Linhas Quadras", "dxf_type": "LINE"}, "geometry": {"type": "LineString", "coordinates": [[-54.995203335815035, -10.243101692259756], [-54.99527773999438, -10.243050086888248]]}}, {"type": "Feature", "properties": {"layer": "0 - Linhas Quadras", "dxf_type": "LINE"}, "geometry": {"type": "LineString", "coordinates": [[-54.995268208259084, -10.243056698163404], [-54.995392229176254, -10.243208378888644]]}}, {"type": "Feature", "properties": {"layer": "0 - Linhas Quadras", "dxf_type": "LINE"}, "geometry": {"type": "LineString", "coordinates": [[-54.995392229176254, -10.243208378888644], [-54.99532493663371, -10.24325378383383]]}}, {"type": "Feature", "properties": {"layer": "0 - Linhas Quadras", "dxf_type": "LINE"}, "geometry": {"type": "LineString", "coordinates": [[-54.99527773999438, -10.243050086888248], [-54.99534887188187, -10.243000751860052]]}}, {"type": "Feature", "properties": {"layer": "0 - Linhas Quadras", "dxf_type": "LINE"}, "geometry": {"type": "LineString", "coordinates": [[-54.99534887188187, -10.243000751860052], [-54.99547462978762, -10.243149484728772]]}}, {"type": "Feature", "properties": {"layer": "0 - Linhas Quadras", "dxf_type": "LINE"}, "geometry": {"type": "LineString", "coordinates": [[-54.99547462978762, -10.243149484728772], [-54.995392229176254, -10.243208378888644]]}}, {"type": "Feature", "properties": {"layer": "0 - Linhas Quadras", "dxf_type": "LINE"}, "geometry": {"type": "LineString", "coordinates": [[-54.99534887188187, -10.243000751860052], [-54.995425979316735, -10.242942585269683]]}}, {"type": "Feature", "properties": {"layer": "0 - Linhas Quadras", "dxf_type": "LINE"}, "geometry": {"type": "LineString", "coordinates": [[-54.995425979316735, -10.242942585269683], [-54.99555218734032, -10.2430901277088]]}}, {"type": "Feature", "properties": {"layer": "0 - Linhas Quadras", "dxf_type": "LINE"}, "geometry": {"type": "LineString", "coordinates": [[-54.99555218734032, -10.2430901277088], [-54.99547462978762, -10.243149484728772]]}}, {"type": "Feature", "properties": {"layer": "0 - Linhas Quadras", "dxf_type": "LINE"}, "geometry": {"type": "LineString", "coordinates": [[-54.995425979316735, -10.242942585269683], [-54.99548919208174, -10.242889537786084]]}}, {"type": "Feature", "properties": {"layer": "0 - Linhas Quadras", "dxf_type": "LINE"}, "geometry": {"type": "LineString", "coordinates": [[-54.99548919208174, -10.242889537786084], [-54.99561858597177, -10.243034620382156]]}}, {"type": "Feature", "properties": {"layer": "0 - Linhas Quadras", "dxf_type": "LINE"}, "geometry": {"type": "LineString", "coordinates": [[-54.99561858597177, -10.243034620382156], [-54.99555218734032, -10.2430901277088]]}}, {"type": "Feature", "properties": {"layer": "0 - Linhas Quadras", "dxf_type": "LINE"}, "geometry": {"type": "LineString", "coordinates": [[-54.99548919208174, -10.242889537786084], [-54.99556482758469, -10.242823358751695]]}}, {"type": "Feature", "properties": {"layer": "0 - Linhas Quadras", "dxf_type": "LINE"}, "geometry": {"type": "LineString", "coordinates": [[-54.99556482758469, -10.242823358751695], [-54.9956866313584, -10.242981803317605]]}}, {"type": "Feature", "properties": {"layer": "0 - Linhas Quadras", "dxf_type": "LINE"}, "geometry": {"type": "LineString", "coordinates": [[-54.9956866313584, -10.242981803317605], [-54.99561858597177, -10.243034620382156]]}}, {"type": "Feature", "properties": {"layer": "0 - Linhas Quadras", "dxf_type": "LINE"}, "geometry": {"type": "LineString", "coordinates": [[-54.99556482758469, -10.242823358751695], [-54.99563306061571, -10.242771897827275]]}}, {"type": "Feature", "properties": {"layer": "0 - Linhas Quadras", "dxf_type": "LINE"}, "geometry": {"type": "LineString", "coordinates": [[-54.99563306061571, -10.242771897827275], [-54.99576331197335, -10.242920533550421]]}}, {"type": "Feature", "properties": {"layer": "0 - Linhas Quadras", "dxf_type": "LINE"}, "geometry": {"type": "LineString", "coordinates": [[-54.99576331197335, -10.242920533550421], [-54.99568495762829, -10.242979626299103]]}}, {"type": "Feature", "properties": {"layer": "0 - Linhas Quadras", "dxf_type": "LINE"}, "geometry": {"type": "LineString", "coordinates": [[-54.99563306061571, -10.242771897827275], [-54.99570521558635, -10.242712659304814]]}}, {"type": "Feature", "properties": {"layer": "0 - Linhas Quadras", "dxf_type": "LINE"}, "geometry": {"type": "LineString", "coordinates": [[-54.99570524819467, -10.242712698374465], [-54.99582997649122, -10.24286394761842]]}}, {"type": "Feature", "properties": {"layer": "0 - Linhas Quadras", "dxf_type": "LINE"}, "geometry": {"type": "LineString", "coordinates": [[-54.99582997649122, -10.24286394761842], [-54.99576367532452, -10.242920947978588]]}}, {"type": "Feature", "properties": {"layer": "0 - Linhas Quadras", "dxf_type": "LINE"}, "geometry": {"type": "LineString", "coordinates": [[-54.994968201100654, -10.243650521166016], [-54.99483866080341, -10.243773236909874]]}}, {"type": "Feature", "properties": {"layer": "0 - Linhas Quadras", "dxf_type": "LINE"}, "geometry": {"type": "LineString", "coordinates": [[-54.99483866080341, -10.243773236909874], [-54.99478532321492, -10.24370663875485]]}}, {"type": "Feature", "properties": {"layer": "0 - Linhas Quadras", "dxf_type": "LINE"}, "geometry": {"type": "LineString", "coordinates": [[-54.99504237343254, -10.24373499808611], [-54.99500771751944, -10.243764849728883]]}}, {"type": "Feature", "properties": {"layer": "0 - Linhas Quadras", "dxf_type": "LINE"}, "geometry": {"type": "LineString", "coordinates": [[-54.99500771751944, -10.243764849728883], [-54.99491635448377, -10.24384354761644]]}}, {"type": "Feature", "properties": {"layer": "0 - Linhas Quadras", "dxf_type": "LINE"}, "geometry": {"type": "LineString", "coordinates": [[-54.99491635448377, -10.24384354761644], [-54.99490382424923, -10.243843567968044]]}}, {"type": "Feature", "properties": {"layer": "0 - Linhas Quadras", "dxf_type": "LINE"}, "geometry": {"type": "LineString", "coordinates": [[-54.99490382424923, -10.243843567968044], [-54.994838774895456, -10.243773379529202]]}}, {"type": "Feature", "properties": {"layer": "0 - Linhas Quadras", "dxf_type": "LINE"}, "geometry": {"type": "LineString", "coordinates": [[-54.99504237343254, -10.24373499808611], [-54.99517137992523, -10.24362387446315]]}}, {"type": "Feature", "properties": {"layer": "0 - Linhas Quadras", "dxf_type": "LINE"}, "geometry": {"type": "LineString", "coordinates": [[-54.99511041062669, -10.2434371170517], [-54.99523293276851, -10.243578680950614]]}}, {"type": "Feature", "properties": {"layer": "0 - Linhas Quadras", "dxf_type": "LINE"}, "geometry": {"type": "LineString", "coordinates": [[-54.99523293276851, -10.243578680950614], [-54.99517137992523, -10.24362387446315]]}}, {"type": "Feature", "properties": {"layer": "0 - Linhas Quadras", "dxf_type": "LINE"}, "geometry": {"type": "LineString", "coordinates": [[-54.9951705345649, -10.243383313013311], [-54.995301776872004, -10.243524992121587]]}}, {"type": "Feature", "properties": {"layer": "0 - Linhas Quadras", "dxf_type": "LINE"}, "geometry": {"type": "LineString", "coordinates": [[-54.995301776872004, -10.243524992121587], [-54.99523293276851, -10.243578680950614]]}}, {"type": "Feature", "properties": {"layer": "0 - Linhas Quadras", "dxf_type": "LINE"}, "geometry": {"type": "LineString", "coordinates": [[-54.99570524819467, -10.242712698374465], [-54.99586901322075, -10.242589096613937]]}}, {"type": "Feature", "properties": {"layer": "0 - Linhas Quadras", "dxf_type": "LINE"}, "geometry": {"type": "LineString", "coordinates": [[-54.99596043095273, -10.242753358568661], [-54.99582997649122, -10.24286394761842]]}}, {"type": "Feature", "properties": {"layer": "0 - Linhas Quadras", "dxf_type": "LINE"}, "geometry": {"type": "LineString", "coordinates": [[-54.99570521558635, -10.242712659304814], [-54.995792335995176, -10.242646938772884]]}}, {"type": "Feature", "properties": {"layer": "0 - Linhas Quadras", "dxf_type": "LINE"}, "geometry": {"type": "LineString", "coordinates": [[-54.995301776872004, -10.243524992121587], [-54.995372213033676, -10.243470062964676]]}}, {"type": "Feature", "properties": {"layer": "0 - Linhas Quadras", "dxf_type": "LINE"}, "geometry": {"type": "LineString", "coordinates": [[-54.995372213033676, -10.243470062964676], [-54.9952448649346, -10.243320811331925]]}}, {"type": "Feature", "properties": {"layer": "0 - Linhas Quadras", "dxf_type": "LINE"}, "geometry": {"type": "LineString", "coordinates": [[-54.995372213033676, -10.243470062964676], [-54.995447111341484, -10.243407367680117]]}}, {"type": "Feature", "properties": {"layer": "0 - Linhas Quadras", "dxf_type": "LINE"}, "geometry": {"type": "LineString", "coordinates": [[-54.995447111341484, -10.243407367680117], [-54.99532493663371, -10.24325378383383]]}}, {"type": "Feature", "properties": {"layer": "0 - Linhas Quadras", "dxf_type": "LINE"}, "geometry": {"type": "LineString", "coordinates": [[-54.995392229176254, -10.243208378888644], [-54.995508258773384, -10.243350286832024]]}}, {"type": "Feature", "properties": {"layer": "0 - Linhas Quadras", "dxf_type": "LINE"}, "geometry": {"type": "LineString", "coordinates": [[-54.995508258773384, -10.243350286832024], [-54.995447111341484, -10.243407367680117]]}}, {"type": "Feature", "properties": {"layer": "0 - Linhas Quadras", "dxf_type": "LINE"}, "geometry": {"type": "LineString", "coordinates": [[-54.99547462978762, -10.243149484728772], [-54.995584991225556, -10.243290954555624]]}}, {"type": "Feature", "properties": {"layer": "0 - Linhas Quadras", "dxf_type": "LINE"}, "geometry": {"type": "LineString", "coordinates": [[-54.995584991225556, -10.243290954555624], [-54.995508258773384, -10.243350286832024]]}}, {"type": "Feature", "properties": {"layer": "0 - Linhas Quadras", "dxf_type": "LINE"}, "geometry": {"type": "LineString", "coordinates": [[-54.995584991225556, -10.243290954555624], [-54.99566165303611, -10.243231676959459]]}}, {"type": "Feature", "properties": {"layer": "0 - Linhas Quadras", "dxf_type": "LINE"}, "geometry": {"type": "LineString", "coordinates": [[-54.99566165303611, -10.243231676959459], [-54.995550877845275, -10.243091129317587]]}}, {"type": "Feature", "properties": {"layer": "0 - Linhas Quadras", "dxf_type": "LINE"}, "geometry": {"type": "LineString", "coordinates": [[-54.99561858597177, -10.243034620382156], [-54.995729721251905, -10.243175087965847]]}}, {"type": "Feature", "properties": {"layer": "0 - Linhas Quadras", "dxf_type": "LINE"}, "geometry": {"type": "LineString", "coordinates": [[-54.995729721251905, -10.243175087965847], [-54.99566165303611, -10.243231676959459]]}}, {"type": "Feature", "properties": {"layer": "0 - Linhas Quadras", "dxf_type": "LINE"}, "geometry": {"type": "LineString", "coordinates": [[-54.9956866313584, -10.242981803317605], [-54.99580438301222, -10.243121987153618]]}}, {"type": "Feature", "properties": {"layer": "0 - Linhas Quadras", "dxf_type": "LINE"}, "geometry": {"type": "LineString", "coordinates": [[-54.99580438301222, -10.243121987153618], [-54.995729721251905, -10.243175087965847]]}}, {"type": "Feature", "properties": {"layer": "0 - Linhas Quadras", "dxf_type": "LINE"}, "geometry": {"type": "LineString", "coordinates": [[-54.99580438301222, -10.243121987153618], [-54.99587649629089, -10.243060970330623]]}}, {"type": "Feature", "properties": {"layer": "0 - Linhas Quadras", "dxf_type": "LINE"}, "geometry": {"type": "LineString", "coordinates": [[-54.99587649629089, -10.243060970330623], [-54.99576367532452, -10.242920947978588]]}}, {"type": "Feature", "properties": {"layer": "0 - Linhas Quadras", "dxf_type": "LINE"}, "geometry": {"type": "LineString", "coordinates": [[-54.99582997649122, -10.24286394761842], [-54.995953168757346, -10.243006516944341]]}}, {"type": "Feature", "properties": {"layer": "0 - Linhas Quadras", "dxf_type": "LINE"}, "geometry": {"type": "LineString", "coordinates": [[-54.995953168757346, -10.243006516944341], [-54.99587649629089, -10.243060970330623]]}}, {"type": "Feature", "properties": {"layer": "0 - Linhas Quadras", "dxf_type": "LINE"}, "geometry": {"type": "LineString", "coordinates": [[-54.996473682120524, -10.242481618539736], [-54.99632263629907, -10.2425967949284]]}}, {"type": "Feature", "properties": {"layer": "0 - Linhas Quadras", "dxf_type": "LINE"}, "geometry": {"type": "LineString", "coordinates": [[-54.99632263629907, -10.2425967949284], [-54.99638288152525, -10.242674306899728]]}}, {"type": "Feature", "properties": {"layer": "0 - Linhas Quadras", "dxf_type": "LINE"}, "geometry": {"type": "LineString", "coordinates": [[-54.99638288152525, -10.242674306899728], [-54.99652136849658, -10.242575633764297]]}}, {"type": "Feature", "properties": {"layer": "0 - Linhas Quadras", "dxf_type": "LINE"}, "geometry": {"type": "LineString", "coordinates": [[-54.99652136849658, -10.242575633764297], [-54.99652817284538, -10.242546575702251]]}}, {"type": "Feature", "properties": {"layer": "0 - Linhas Quadras", "dxf_type": "LINE"}, "geometry": {"type": "LineString", "coordinates": [[-54.99652817284538, -10.242546575702251], [-54.996473682120524, -10.242481618539736]]}}, {"type": "Feature", "properties": {"layer": "0 - Linhas Quadras", "dxf_type": "LINE"}, "geometry": {"type": "LineString", "coordinates": [[-54.996473682120524, -10.242481618539736], [-54.99641913707163, -10.242416595954774]]}}, {"type": "Feature", "properties": {"layer": "0 - Linhas Quadras", "dxf_type": "LINE"}, "geometry": {"type": "LineString", "coordinates": [[-54.99641913707163, -10.242416595954774], [-54.996278196905386, -10.242532586654052]]}}, {"type": "Feature", "properties": {"layer": "0 - Linhas Quadras", "dxf_type": "LINE"}, "geometry": {"type": "LineString", "coordinates": [[-54.996278196905386, -10.242532586654052], [-54.99632263629907, -10.2425967949284]]}}, {"type": "Feature", "properties": {"layer": "0 - Linhas Quadras", "dxf_type": "LINE"}, "geometry": {"type": "LineString", "coordinates": [[-54.995089492823695, -10.243190988425457], [-54.99513241805365, -10.243157318056912]]}}, {"type": "Feature", "properties": {"layer": "0 - Linhas Quadras", "dxf_type": "LINE"}, "geometry": {"type": "LineString", "coordinates": [[-54.99513241805365, -10.243157318056912], [-54.995260645700334, -10.243307601087755]]}}, {"type": "Feature", "properties": {"layer": "0 - Linhas Quadras", "dxf_type": "LINE"}, "geometry": {"type": "LineString", "coordinates": [[-54.99577065903824, -10.242663329771867], [-54.99589579643031, -10.242808151010655]]}}, {"type": "Feature", "properties": {"layer": "0 - Linhas Quadras", "dxf_type": "LINE"}, "geometry": {"type": "LineString", "coordinates": [[-54.996278196905386, -10.242532586654052], [-54.99616863510416, -10.242369848158981]]}}, {"type": "Feature", "properties": {"layer": "0 - Linhas Quadras", "dxf_type": "LINE"}, "geometry": {"type": "LineString", "coordinates": [[-54.99616863510416, -10.242369848158981], [-54.996072340044634, -10.242433450435605]]}}, {"type": "Feature", "properties": {"layer": "0 - Linhas Quadras", "dxf_type": "LINE"}, "geometry": {"type": "LineString", "coordinates": [[-54.996072340044634, -10.242433450435605], [-54.9962012042992, -10.242591832582148]]}}, {"type": "Feature", "properties": {"layer": "0 - Linhas Quadras", "dxf_type": "LINE"}, "geometry": {"type": "LineString", "coordinates": [[-54.9962012042992, -10.242591832582148], [-54.996281478061704, -10.242537327155958]]}}, {"type": "Feature", "properties": {"layer": "0 - Linhas Quadras", "dxf_type": "LINE"}, "geometry": {"type": "LineString", "coordinates": [[-54.99616863510416, -10.242369848158981], [-54.9963251664228, -10.242255557125496]]}}, {"type": "Feature", "properties": {"layer": "0 - Linhas Quadras", "dxf_type": "LINE"}, "geometry": {"type": "LineString", "coordinates": [[-54.9963251664228, -10.242255557125496], [-54.99643847353127, -10.242397383802599]]}}, {"type": "Feature", "properties": {"layer": "0 - Linhas Quadras", "dxf_type": "LINE"}, "geometry": {"type": "LineString", "coordinates": [[-54.99643847353127, -10.242397383802599], [-54.996417500252434, -10.242414644243805]]}}, {"type": "Feature", "properties": {"layer": "0 - Linhas Quadras", "dxf_type": "LINE"}, "geometry": {"type": "LineString", "coordinates": [[-54.996238256648006, -10.242319013909515], [-54.99634866745716, -10.242474591317402]]}}, {"type": "Feature", "properties": {"layer": "0 - Linhas Quadras", "dxf_type": "LINE"}, "geometry": {"type": "LineString", "coordinates": [[-54.99583843651606, -10.242612175125073], [-54.99596043095273, -10.242753358568661]]}}, {"type": "Feature", "properties": {"layer": "0 - Linhas Quadras", "dxf_type": "LINE"}, "geometry": {"type": "LineString", "coordinates": [[-54.99586901322075, -10.242589096613937], [-54.996072340044634, -10.242433450435605]]}}, {"type": "Feature", "properties": {"layer": "0 - Linhas Quadras", "dxf_type": "LINE"}, "geometry": {"type": "LineString", "coordinates": [[-54.99596043095273, -10.242753358568661], [-54.99598279511246, -10.242779241012776]]}}, {"type": "Feature", "properties": {"layer": "0 - Linhas Quadras", "dxf_type": "LINE"}, "geometry": {"type": "LineString", "coordinates": [[-54.99598279511246, -10.242779241012776], [-54.99607814755774, -10.242702712309303]]}}, {"type": "Feature", "properties": {"layer": "0 - Linhas Quadras", "dxf_type": "LINE"}, "geometry": {"type": "LineString", "coordinates": [[-54.99607814755774, -10.242702712309303], [-54.99608812694892, -10.242671177197057]]}}, {"type": "Feature", "properties": {"layer": "0 - Linhas Quadras", "dxf_type": "LINE"}, "geometry": {"type": "LineString", "coordinates": [[-54.99608812694892, -10.242671177197057], [-54.9962012042992, -10.242591832582148]]}}, {"type": "Feature", "properties": {"layer": "0 - Linhas Quadras", "dxf_type": "LINE"}, "geometry": {"type": "LineString", "coordinates": [[-54.99592180391469, -10.242548685799763], [-54.99605983415477, -10.242717410220719]]}}, {"type": "Feature", "properties": {"layer": "0 - Linhas Quadras", "dxf_type": "LINE"}, "geometry": {"type": "LineString", "coordinates": [[-54.996006558963344, -10.242483805726382], [-54.996128493263676, -10.24264285205871]]}}, {"type": "Feature", "properties": {"layer": "0 - Linhas Quadras", "dxf_type": "LINE"}, "geometry": {"type": "LineString", "coordinates": [[-54.9962012042992, -10.242591832582148], [-54.996314210451914, -10.242730725132363]]}}, {"type": "Feature", "properties": {"layer": "0 - Linhas Quadras", "dxf_type": "LINE"}, "geometry": {"type": "LineString", "coordinates": [[-54.996314210451914, -10.242730725132363], [-54.99638288152525, -10.242674306899728]]}}, {"type": "Feature", "properties": {"layer": "0 - Linhas Quadras", "dxf_type": "LINE"}, "geometry": {"type": "LineString", "coordinates": [[-54.996128493263676, -10.24264285205871], [-54.99624114586874, -10.24278979097936]]}}, {"type": "Feature", "properties": {"layer": "0 - Linhas Quadras", "dxf_type": "LINE"}, "geometry": {"type": "LineString", "coordinates": [[-54.99624114586874, -10.24278979097936], [-54.99631457813385, -10.242731176647522]]}}, {"type": "Feature", "properties": {"layer": "0 - Linhas Quadras", "dxf_type": "LINE"}, "geometry": {"type": "LineString", "coordinates": [[-54.99624114586874, -10.24278979097936], [-54.9961697543518, -10.242846777245937]]}}, {"type": "Feature", "properties": {"layer": "0 - Linhas Quadras", "dxf_type": "LINE"}, "geometry": {"type": "LineString", "coordinates": [[-54.9961697543518, -10.242846777245937], [-54.99606619605837, -10.242712304300069]]}}, {"type": "Feature", "properties": {"layer": "0 - Linhas Quadras", "dxf_type": "LINE"}, "geometry": {"type": "LineString", "coordinates": [[-54.99598279511246, -10.242779241012776], [-54.996089028562494, -10.242902183762567]]}}, {"type": "Feature", "properties": {"layer": "0 - Linhas Quadras", "dxf_type": "LINE"}, "geometry": {"type": "LineString", "coordinates": [[-54.996089028562494, -10.242902183762567], [-54.9961697543518, -10.242846777245937]]}}, {"type": "Feature", "properties": {"layer": "0 - Linhas Quadras", "dxf_type": "LINE"}, "geometry": {"type": "LineString", "coordinates": [[-54.996089028562494, -10.242902183762567], [-54.995953168757346, -10.243006516944341]]}}, {"type": "Feature", "properties": {"layer": "0 - Linhas Quadras", "dxf_type": "LINE"}, "geometry": {"type": "LineString", "coordinates": [[-54.99589579643031, -10.242808151010655], [-54.99602109866765, -10.242954350814696]]}}, {"type": "Feature", "properties": {"layer": "0 - Linhas Quadras", "dxf_type": "LINE"}, "geometry": {"type": "LineString", "coordinates": [[-54.99496564028936, -10.24355194263781], [-54.99509019654962, -10.243693803864986]]}}, {"type": "Feature", "properties": {"layer": "0 - Linhas Quadras", "dxf_type": "LINE"}, "geometry": {"type": "LineString", "coordinates": [[-54.9948794820264, -10.243564564297888], [-54.99493256666308, -10.243522878270541]]}}, {"type": "Feature", "properties": {"layer": "0 - Linhas Quadras", "dxf_type": "LINE"}, "geometry": {"type": "LineString", "coordinates": [[-54.99433565219645, -10.242838531206589], [-54.99451185093104, -10.243072780935751]]}}, {"type": "Feature", "properties": {"layer": "0 - Linhas Quadras", "dxf_type": "LINE"}, "geometry": {"type": "LineString", "coordinates": [[-54.99451185093104, -10.243072780935751], [-54.99436639068033, -10.243183979074681]]}}, {"type": "Feature", "properties": {"layer": "0 - Linhas Quadras", "dxf_type": "LINE"}, "geometry": {"type": "LineString", "coordinates": [[-54.99436639068033, -10.243183979074681], [-54.99419495504973, -10.242961027847022]]}}, {"type": "Feature", "properties": {"layer": "0 - Linhas Quadras", "dxf_type": "LINE"}, "geometry": {"type": "LineString", "coordinates": [[-54.99419495504973, -10.242961027847022], [-54.99433565219645, -10.242838531206589]]}}, {"type": "Feature", "properties": {"layer": "0 - Linhas Quadras", "dxf_type": "LINE"}, "geometry": {"type": "LineString", "coordinates": [[-54.99426416348607, -10.242900771789586], [-54.99443485212395, -10.2431316430578]]}}, {"type": "Feature", "properties": {"layer": "0 - Linhas Quadras", "dxf_type": "LINE"}, "geometry": {"type": "LineString", "coordinates": [[-54.99433565219645, -10.242838531206589], [-54.99441516234975, -10.242781422828148]]}}, {"type": "Feature", "properties": {"layer": "0 - Linhas Quadras", "dxf_type": "LINE"}, "geometry": {"type": "LineString", "coordinates": [[-54.99441516234975, -10.242781422828148], [-54.99459004049258, -10.243021058979966]]}}, {"type": "Feature", "properties": {"layer": "0 - Linhas Quadras", "dxf_type": "LINE"}, "geometry": {"type": "LineString", "coordinates": [[-54.99459004049258, -10.243021058979966], [-54.99451185093104, -10.243072780935751]]}}, {"type": "Feature", "properties": {"layer": "0 - Linhas Quadras", "dxf_type": "LINE"}, "geometry": {"type": "LineString", "coordinates": [[-54.99459004049258, -10.243021058979966], [-54.9946653979932, -10.242965162398862]]}}, {"type": "Feature", "properties": {"layer": "0 - Linhas Quadras", "dxf_type": "LINE"}, "geometry": {"type": "LineString", "coordinates": [[-54.9946653979932, -10.242965162398862], [-54.994488685485855, -10.242733218189153]]}}, {"type": "Feature", "properties": {"layer": "0 - Linhas Quadras", "dxf_type": "LINE"}, "geometry": {"type": "LineString", "coordinates": [[-54.994488685485855, -10.242733218189153], [-54.99441516234975, -10.242781422828148]]}}, {"type": "Feature", "properties": {"layer": "0 - Linhas Quadras", "dxf_type": "LINE"}, "geometry": {"type": "LineString", "coordinates": [[-54.994488685485855, -10.242733218189153], [-54.9945614980695, -10.24267899987567]]}}, {"type": "Feature", "properties": {"layer": "0 - Linhas Quadras", "dxf_type": "LINE"}, "geometry": {"type": "LineString", "coordinates": [[-54.9945614980695, -10.24267899987567], [-54.994724324943675, -10.242913763624546]]}}, {"type": "Feature", "properties": {"layer": "0 - Linhas Quadras", "dxf_type": "LINE"}, "geometry": {"type": "LineString", "coordinates": [[-54.994724324943675, -10.242913763624546], [-54.9946653979932, -10.242965162398862]]}}, {"type": "Feature", "properties": {"layer": "0 - Linhas Quadras", "dxf_type": "LINE"}, "geometry": {"type": "LineString", "coordinates": [[-54.9945614980695, -10.24267899987567], [-54.99465790511698, -10.24260721198841]]}}, {"type": "Feature", "properties": {"layer": "0 - Linhas Quadras", "dxf_type": "LINE"}, "geometry": {"type": "LineString", "coordinates": [[-54.99465790511698, -10.24260721198841], [-54.994831189117576, -10.242835516576319]]}}, {"type": "Feature", "properties": {"layer": "0 - Linhas Quadras", "dxf_type": "LINE"}, "geometry": {"type": "LineString", "coordinates": [[-54.994831189117576, -10.242835516576319], [-54.994724324943675, -10.242913763624546]]}}, {"type": "Feature", "properties": {"layer": "0 - Linhas Quadras", "dxf_type": "LINE"}, "geometry": {"type": "LineString", "coordinates": [[-54.99478610335477, -10.242868528184278], [-54.99462101655388, -10.242634680660148]]}}, {"type": "Feature", "properties": {"layer": "0 - Linhas Quadras", "dxf_type": "LINE"}, "geometry": {"type": "LineString", "coordinates": [[-54.99465790511698, -10.24260721198841], [-54.99474849184797, -10.242547860485953]]}}, {"type": "Feature", "properties": {"layer": "0 - Linhas Quadras", "dxf_type": "LINE"}, "geometry": {"type": "LineString", "coordinates": [[-54.99474849184797, -10.242547860485953], [-54.99490707872573, -10.24277277328395]]}}, {"type": "Feature", "properties": {"layer": "0 - Linhas Quadras", "dxf_type": "LINE"}, "geometry": {"type": "LineString", "coordinates": [[-54.99490707872573, -10.24277277328395], [-54.994831189117576, -10.242835516576319]]}}, {"type": "Feature", "properties": {"layer": "0 - Linhas Quadras", "dxf_type": "LINE"}, "geometry": {"type": "LineString", "coordinates": [[-54.99474849184797, -10.242547860485953], [-54.99483552917362, -10.24249188942706]]}}, {"type": "Feature", "properties": {"layer": "0 - Linhas Quadras", "dxf_type": "LINE"}, "geometry": {"type": "LineString", "coordinates": [[-54.99483552917362, -10.24249188942706], [-54.99499517336994, -10.242716146133949]]}}, {"type": "Feature", "properties": {"layer": "0 - Linhas Quadras", "dxf_type": "LINE"}, "geometry": {"type": "LineString", "coordinates": [[-54.99499517336994, -10.242716146133949], [-54.99490707872573, -10.24277277328395]]}}, {"type": "Feature", "properties": {"layer": "0 - Linhas Quadras", "dxf_type": "LINE"}, "geometry": {"type": "LineString", "coordinates": [[-54.99483552917362, -10.24249188942706], [-54.994910971288455, -10.242439200393111]]}}, {"type": "Feature", "properties": {"layer": "0 - Linhas Quadras", "dxf_type": "LINE"}, "geometry": {"type": "LineString", "coordinates": [[-54.994910971288455, -10.242439200393111], [-54.99507992314796, -10.242657798957579]]}}, {"type": "Feature", "properties": {"layer": "0 - Linhas Quadras", "dxf_type": "LINE"}, "geometry": {"type": "LineString", "coordinates": [[-54.99507992314796, -10.242657798957579], [-54.99499517336994, -10.242716146133949]]}}, {"type": "Feature", "properties": {"layer": "0 - Linhas Quadras", "dxf_type": "LINE"}, "geometry": {"type": "LineString", "coordinates": [[-54.994910971288455, -10.242439200393111], [-54.994988587017346, -10.242382765327534]]}}, {"type": "Feature", "properties": {"layer": "0 - Linhas Quadras", "dxf_type": "LINE"}, "geometry": {"type": "LineString", "coordinates": [[-54.994988587017346, -10.242382765327534], [-54.99515699009526, -10.24260998660092]]}}, {"type": "Feature", "properties": {"layer": "0 - Linhas Quadras", "dxf_type": "LINE"}, "geometry": {"type": "LineString", "coordinates": [[-54.99515699009526, -10.24260998660092], [-54.99507992314796, -10.242657798957579]]}}, {"type": "Feature", "properties": {"layer": "0 - Linhas Quadras", "dxf_type": "LINE"}, "geometry": {"type": "LineString", "coordinates": [[-54.994988587017346, -10.242382765327534], [-54.995070304715945, -10.242324612767192]]}}, {"type": "Feature", "properties": {"layer": "0 - Linhas Quadras", "dxf_type": "LINE"}, "geometry": {"type": "LineString", "coordinates": [[-54.995070304715945, -10.242324612767192], [-54.995245312109134, -10.24254301447593]]}}, {"type": "Feature", "properties": {"layer": "0 - Linhas Quadras", "dxf_type": "LINE"}, "geometry": {"type": "LineString", "coordinates": [[-54.995245312109134, -10.24254301447593], [-54.99515699009526, -10.24260998660092]]}}, {"type": "Feature", "properties": {"layer": "0 - Linhas Quadras", "dxf_type": "LINE"}, "geometry": {"type": "LineString", "coordinates": [[-54.995070304715945, -10.242324612767192], [-54.99515287951177, -10.242265848989934]]}}, {"type": "Feature", "properties": {"layer": "0 - Linhas Quadras", "dxf_type": "LINE"}, "geometry": {"type": "LineString", "coordinates": [[-54.99515287951177, -10.242265848989934], [-54.995322589958356, -10.242481673464066]]}}, {"type": "Feature", "properties": {"layer": "0 - Linhas Quadras", "dxf_type": "LINE"}, "geometry": {"type": "LineString", "coordinates": [[-54.995322589958356, -10.242481673464066], [-54.99524502235341, -10.242542652024671]]}}, {"type": "Feature", "properties": {"layer": "0 - Linhas Quadras", "dxf_type": "LINE"}, "geometry": {"type": "LineString", "coordinates": [[-54.99515287951177, -10.242265848989934], [-54.99525640151109, -10.242185987520141]]}}, {"type": "Feature", "properties": {"layer": "0 - Linhas Quadras", "dxf_type": "LINE"}, "geometry": {"type": "LineString", "coordinates": [[-54.99525640151109, -10.242185987520141], [-54.99543378802458, -10.242397292649729]]}}, {"type": "Feature", "properties": {"layer": "0 - Linhas Quadras", "dxf_type": "LINE"}, "geometry": {"type": "LineString", "coordinates": [[-54.99543378802458, -10.242397292649729], [-54.995322589958356, -10.242481673464066]]}}, {"type": "Feature", "properties": {"layer": "0 - Linhas Quadras", "dxf_type": "LINE"}, "geometry": {"type": "LineString", "coordinates": [[-54.99525640151109, -10.242185987520141], [-54.99534375347861, -10.242126680948495]]}}, {"type": "Feature", "properties": {"layer": "0 - Linhas Quadras", "dxf_type": "LINE"}, "geometry": {"type": "LineString", "coordinates": [[-54.99534375347861, -10.242126680948495], [-54.99551578348745, -10.242343145146759]]}}, {"type": "Feature", "properties": {"layer": "0 - Linhas Quadras", "dxf_type": "LINE"}, "geometry": {"type": "LineString", "coordinates": [[-54.99551578348745, -10.242343145146759], [-54.99543378802458, -10.242397292649729]]}}, {"type": "Feature", "properties": {"layer": "0 - Linhas Quadras", "dxf_type": "LINE"}, "geometry": {"type": "LineString", "coordinates": [[-54.99551578348745, -10.242343145146759], [-54.995596886334894, -10.242289588704576]]}}, {"type": "Feature", "properties": {"layer": "0 - Linhas Quadras", "dxf_type": "LINE"}, "geometry": {"type": "LineString", "coordinates": [[-54.995596886334894, -10.242289588704576], [-54.99541372185605, -10.242070035904176]]}}, {"type": "Feature", "properties": {"layer": "0 - Linhas Quadras", "dxf_type": "LINE"}, "geometry": {"type": "LineString", "coordinates": [[-54.99541372185605, -10.242070035904176], [-54.99534375347861, -10.242126680948495]]}}, {"type": "Feature", "properties": {"layer": "0 - Linhas Quadras", "dxf_type": "LINE"}, "geometry": {"type": "LineString", "coordinates": [[-54.99541372185605, -10.242070035904176], [-54.995489461909344, -10.24201681341328]]}}, {"type": "Feature", "properties": {"layer": "0 - Linhas Quadras", "dxf_type": "LINE"}, "geometry": {"type": "LineString", "coordinates": [[-54.995489461909344, -10.24201681341328], [-54.995674960963136, -10.242246954647964]]}}, {"type": "Feature", "properties": {"layer": "0 - Linhas Quadras", "dxf_type": "LINE"}, "geometry": {"type": "LineString", "coordinates": [[-54.995674960963136, -10.242246954647964], [-54.995596886334894, -10.242289588704576]]}}, {"type": "Feature", "properties": {"layer": "0 - Linhas Quadras", "dxf_type": "LINE"}, "geometry": {"type": "LineString", "coordinates": [[-54.995489461909344, -10.24201681341328], [-54.995565622681546, -10.241963295198765]]}}, {"type": "Feature", "properties": {"layer": "0 - Linhas Quadras", "dxf_type": "LINE"}, "geometry": {"type": "LineString", "coordinates": [[-54.995565622681546, -10.241963295198765], [-54.99575180950891, -10.2421946573134]]}}, {"type": "Feature", "properties": {"layer": "0 - Linhas Quadras", "dxf_type": "LINE"}, "geometry": {"type": "LineString", "coordinates": [[-54.99575180950891, -10.2421946573134], [-54.995674960963136, -10.242246954647964]]}}, {"type": "Feature", "properties": {"layer": "0 - Linhas Quadras", "dxf_type": "LINE"}, "geometry": {"type": "LineString", "coordinates": [[-54.995565622681546, -10.241963295198765], [-54.995647845228525, -10.241905517980346]]}}, {"type": "Feature", "properties": {"layer": "0 - Linhas Quadras", "dxf_type": "LINE"}, "geometry": {"type": "LineString", "coordinates": [[-54.995647845228525, -10.241905517980346], [-54.99583287427804, -10.242140323189663]]}}, {"type": "Feature", "properties": {"layer": "0 - Linhas Quadras", "dxf_type": "LINE"}, "geometry": {"type": "LineString", "coordinates": [[-54.99583287427804, -10.242140323189663], [-54.99575180950891, -10.2421946573134]]}}, {"type": "Feature", "properties": {"layer": "0 - Linhas Quadras", "dxf_type": "LINE"}, "geometry": {"type": "LineString", "coordinates": [[-54.995647845228525, -10.241905517980346], [-54.995783485470874, -10.24181020374071]]}}, {"type": "Feature", "properties": {"layer": "0 - Linhas Quadras", "dxf_type": "LINE"}, "geometry": {"type": "LineString", "coordinates": [[-54.995783485470874, -10.24181020374071], [-54.995970167512716, -10.242038294789468]]}}, {"type": "Feature", "properties": {"layer": "0 - Linhas Quadras", "dxf_type": "LINE"}, "geometry": {"type": "LineString", "coordinates": [[-54.995970167512716, -10.242038294789468], [-54.99583287427804, -10.242140323189663]]}}, {"type": "Feature", "properties": {"layer": "0 - Linhas Quadras", "dxf_type": "LINE"}, "geometry": {"type": "LineString", "coordinates": [[-54.995647845228525, -10.241905517980346], [-54.99572227531856, -10.24185321567467]]}}, {"type": "Feature", "properties": {"layer": "0 - Linhas Quadras", "dxf_type": "LINE"}, "geometry": {"type": "LineString", "coordinates": [[-54.99572227531856, -10.24185321567467], [-54.995910682869045, -10.242082499719126]]}}, {"type": "Feature", "properties": {"layer": "0 - Linhas Quadras", "dxf_type": "LINE"}, "geometry": {"type": "LineString", "coordinates": [[-54.995783485470874, -10.24181020374071], [-54.99588817317027, -10.241736639591632]]}}, {"type": "Feature", "properties": {"layer": "0 - Linhas Quadras", "dxf_type": "LINE"}, "geometry": {"type": "LineString", "coordinates": [[-54.99588817317027, -10.241736639591632], [-54.99605269235073, -10.241936454002923]]}}, {"type": "Feature", "properties": {"layer": "0 - Linhas Quadras", "dxf_type": "LINE"}, "geometry": {"type": "LineString", "coordinates": [[-54.99605269235073, -10.241936454002923], [-54.995952596947745, -10.242016826821969]]}}, {"type": "Feature", "properties": {"layer": "0 - Linhas Quadras", "dxf_type": "LINE"}, "geometry": {"type": "LineString", "coordinates": [[-54.99605269235073, -10.241936454002923], [-54.99610816900587, -10.24199130781084]]}}, {"type": "Feature", "properties": {"layer": "0 - Linhas Quadras", "dxf_type": "LINE"}, "geometry": {"type": "LineString", "coordinates": [[-54.99610816900587, -10.24199130781084], [-54.996002468752636, -10.242076561637033]]}}, {"type": "Feature", "properties": {"layer": "0 - Linhas Quadras", "dxf_type": "LINE"}, "geometry": {"type": "LineString", "coordinates": [[-54.996002468752636, -10.242076561637033], [-54.995970167512716, -10.242038294789468]]}}, {"type": "Feature", "properties": {"layer": "0 - Linhas Quadras", "dxf_type": "LINE"}, "geometry": {"type": "LineString", "coordinates": [[-54.996002468752636, -10.242076561637033], [-54.99613726860176, -10.24224479695637]]}}, {"type": "Feature", "properties": {"layer": "0 - Linhas Quadras", "dxf_type": "LINE"}, "geometry": {"type": "LineString", "coordinates": [[-54.99613726860176, -10.24224479695637], [-54.996241555687725, -10.242162818333876]]}}, {"type": "Feature", "properties": {"layer": "0 - Linhas Quadras", "dxf_type": "LINE"}, "geometry": {"type": "LineString", "coordinates": [[-54.996241555687725, -10.242162818333876], [-54.99610816900587, -10.24199130781084]]}}, {"type": "Feature", "properties": {"layer": "0 - Linhas Quadras", "dxf_type": "LINE"}, "geometry": {"type": "LineString", "coordinates": [[-54.99613726860176, -10.24224479695637], [-54.99606479404352, -10.24230176841133]]}}, {"type": "Feature", "properties": {"layer": "0 - Linhas Quadras", "dxf_type": "LINE"}, "geometry": {"type": "LineString", "coordinates": [[-54.99606479404352, -10.24230176841133], [-54.995898666193796, -10.24209142963452]]}}, {"type": "Feature", "properties": {"layer": "0 - Linhas Quadras", "dxf_type": "LINE"}, "geometry": {"type": "LineString", "coordinates": [[-54.99606479404352, -10.24230176841133], [-54.99599923280693, -10.242353305583283]]}}, {"type": "Feature", "properties": {"layer": "0 - Linhas Quadras", "dxf_type": "LINE"}, "geometry": {"type": "LineString", "coordinates": [[-54.99599923280693, -10.242353305583283], [-54.99583287427804, -10.242140323189663]]}}, {"type": "Feature", "properties": {"layer": "0 - Linhas Quadras", "dxf_type": "LINE"}, "geometry": {"type": "LineString", "coordinates": [[-54.99575180950891, -10.2421946573134], [-54.99592336042209, -10.242407831737639]]}}, {"type": "Feature", "properties": {"layer": "0 - Linhas Quadras", "dxf_type": "LINE"}, "geometry": {"type": "LineString", "coordinates": [[-54.99592336042209, -10.242407831737639], [-54.99599923280693, -10.242353305583283]]}}, {"type": "Feature", "properties": {"layer": "0 - Linhas Quadras", "dxf_type": "LINE"}, "geometry": {"type": "LineString", "coordinates": [[-54.995674960963136, -10.242246954647964], [-54.9958477255763, -10.242461295416698]]}}, {"type": "Feature", "properties": {"layer": "0 - Linhas Quadras", "dxf_type": "LINE"}, "geometry": {"type": "LineString", "coordinates": [[-54.9958477255763, -10.242461295416698], [-54.99592336042209, -10.242407831737639]]}}, {"type": "Feature", "properties": {"layer": "0 - Linhas Quadras", "dxf_type": "LINE"}, "geometry": {"type": "LineString", "coordinates": [[-54.995596886334894, -10.242289588704576], [-54.99577220686353, -10.242520674152976]]}}, {"type": "Feature", "properties": {"layer": "0 - Linhas Quadras", "dxf_type": "LINE"}, "geometry": {"type": "LineString", "coordinates": [[-54.99577220686353, -10.242520674152976], [-54.99584755895824, -10.242461088295498]]}}, {"type": "Feature", "properties": {"layer": "0 - Linhas Quadras", "dxf_type": "LINE"}, "geometry": {"type": "LineString", "coordinates": [[-54.995699796140165, -10.242581700890979], [-54.99577220686353, -10.242520674152976]]}}, {"type": "Feature", "properties": {"layer": "0 - Linhas Quadras", "dxf_type": "LINE"}, "geometry": {"type": "LineString", "coordinates": [[-54.995699796140165, -10.242581700890979], [-54.99550976635775, -10.242347119663235]]}}, {"type": "Feature", "properties": {"layer": "0 - Linhas Quadras", "dxf_type": "LINE"}, "geometry": {"type": "LineString", "coordinates": [[-54.995699796140165, -10.242581700890979], [-54.995631467008785, -10.242636991165696]]}}, {"type": "Feature", "properties": {"layer": "0 - Linhas Quadras", "dxf_type": "LINE"}, "geometry": {"type": "LineString", "coordinates": [[-54.995631467008785, -10.242636991165696], [-54.99543378802458, -10.242397292649729]]}}, {"type": "Feature", "properties": {"layer": "0 - Linhas Quadras", "dxf_type": "LINE"}, "geometry": {"type": "LineString", "coordinates": [[-54.995631467008785, -10.242636991165696], [-54.995422658258896, -10.242805934252427]]}}, {"type": "Feature", "properties": {"layer": "0 - Linhas Quadras", "dxf_type": "LINE"}, "geometry": {"type": "LineString", "coordinates": [[-54.995422658258896, -10.242805934252427], [-54.9952290037291, -10.242555380826426]]}}, {"type": "Feature", "properties": {"layer": "0 - Linhas Quadras", "dxf_type": "LINE"}, "geometry": {"type": "LineString", "coordinates": [[-54.995631467008785, -10.242636991165696], [-54.99556785815417, -10.242688456193665]]}}, {"type": "Feature", "properties": {"layer": "0 - Linhas Quadras", "dxf_type": "LINE"}, "geometry": {"type": "LineString", "coordinates": [[-54.99556785815417, -10.242688456193665], [-54.995376357795124, -10.24244087285379]]}}, {"type": "Feature", "properties": {"layer": "0 - Linhas Quadras", "dxf_type": "LINE"}, "geometry": {"type": "LineString", "coordinates": [[-54.9952905241732, -10.242506881418132], [-54.995481541387406, -10.242758293550619]]}}, {"type": "Feature", "properties": {"layer": "0 - Linhas Quadras", "dxf_type": "LINE"}, "geometry": {"type": "LineString", "coordinates": [[-54.995422658258896, -10.242805934252427], [-54.99527086886803, -10.242919261466714]]}}, {"type": "Feature", "properties": {"layer": "0 - Linhas Quadras", "dxf_type": "LINE"}, "geometry": {"type": "LineString", "coordinates": [[-54.99527086886803, -10.242919261466714], [-54.99507992314796, -10.242657798957579]]}}, {"type": "Feature", "properties": {"layer": "0 - Linhas Quadras", "dxf_type": "LINE"}, "geometry": {"type": "LineString", "coordinates": [[-54.99515699009526, -10.24260998660092], [-54.99534833836159, -10.242861422537636]]}}, {"type": "Feature", "properties": {"layer": "0 - Linhas Quadras", "dxf_type": "LINE"}, "geometry": {"type": "LineString", "coordinates": [[-54.99527086886803, -10.242919261466714], [-54.99520538295586, -10.242966179852537]]}}, {"type": "Feature", "properties": {"layer": "0 - Linhas Quadras", "dxf_type": "LINE"}, "geometry": {"type": "LineString", "coordinates": [[-54.99520538295586, -10.242966179852537], [-54.9950105561748, -10.242705555721646]]}}, {"type": "Feature", "properties": {"layer": "0 - Linhas Quadras", "dxf_type": "LINE"}, "geometry": {"type": "LineString", "coordinates": [[-54.99520538295586, -10.242966179852537], [-54.99512737634731, -10.24301087692]]}}, {"type": "Feature", "properties": {"layer": "0 - Linhas Quadras", "dxf_type": "LINE"}, "geometry": {"type": "LineString", "coordinates": [[-54.99512737634731, -10.24301087692], [-54.99493938220565, -10.24275200871647]]}}, {"type": "Feature", "properties": {"layer": "0 - Linhas Quadras", "dxf_type": "LINE"}, "geometry": {"type": "LineString", "coordinates": [[-54.995119994281865, -10.243000711997809], [-54.99504240908296, -10.243055749794511]]}}, {"type": "Feature", "properties": {"layer": "0 - Linhas Quadras", "dxf_type": "LINE"}, "geometry": {"type": "LineString", "coordinates": [[-54.99504240908296, -10.243055749794511], [-54.994859041455165, -10.242812489172294]]}}, {"type": "Feature", "properties": {"layer": "0 - Linhas Quadras", "dxf_type": "LINE"}, "geometry": {"type": "LineString", "coordinates": [[-54.99436639068033, -10.243183979074681], [-54.99435467991663, -10.243190688964482]]}}, {"type": "Feature", "properties": {"layer": "0 - Linhas Quadras", "dxf_type": "LINE"}, "geometry": {"type": "LineString", "coordinates": [[-54.99435467991663, -10.243190688964482], [-54.99453376524173, -10.243423800405205]]}}, {"type": "Feature", "properties": {"layer": "0 - Linhas Quadras", "dxf_type": "LINE"}, "geometry": {"type": "LineString", "coordinates": [[-54.99453376524173, -10.243423800405205], [-54.99458507691644, -10.243385127121256]]}}, {"type": "Feature", "properties": {"layer": "0 - Linhas Quadras", "dxf_type": "LINE"}, "geometry": {"type": "LineString", "coordinates": [[-54.99458507691644, -10.243385127121256], [-54.99441705198163, -10.243145251182254]]}}, {"type": "Feature", "properties": {"layer": "0 - Linhas Quadras", "dxf_type": "LINE"}, "geometry": {"type": "LineString", "coordinates": [[-54.99454225212965, -10.243052670876189], [-54.99472694499673, -10.24329167241348]]}}, {"type": "Feature", "properties": {"layer": "0 - Linhas Quadras", "dxf_type": "LINE"}, "geometry": {"type": "LineString", "coordinates": [[-54.99472694499673, -10.24329167241348], [-54.99459251816946, -10.24339298832256]]}}, {"type": "Feature", "properties": {"layer": "0 - Linhas Quadras", "dxf_type": "LINE"}, "geometry": {"type": "LineString", "coordinates": [[-54.99459251816946, -10.24339298832256], [-54.99458507691644, -10.243385127121256]]}}, {"type": "Feature", "properties": {"layer": "0 - Linhas Quadras", "dxf_type": "LINE"}, "geometry": {"type": "LineString", "coordinates": [[-54.99504240908296, -10.243055749794511], [-54.99496076571095, -10.243116126416364]]}}, {"type": "Feature", "properties": {"layer": "0 - Linhas Quadras", "dxf_type": "LINE"}, "geometry": {"type": "LineString", "coordinates": [[-54.99496076571095, -10.243116126416364], [-54.99477955171833, -10.242873326475937]]}}, {"type": "Feature", "properties": {"layer": "0 - Linhas Quadras", "dxf_type": "LINE"}, "geometry": {"type": "LineString", "coordinates": [[-54.99496076571095, -10.243116126416364], [-54.99487254103308, -10.243181369819437]]}}, {"type": "Feature", "properties": {"layer": "0 - Linhas Quadras", "dxf_type": "LINE"}, "geometry": {"type": "LineString", "coordinates": [[-54.99487254103308, -10.243181369819437], [-54.99469012921719, -10.242943590965917]]}}, {"type": "Feature", "properties": {"layer": "0 - Linhas Quadras", "dxf_type": "LINE"}, "geometry": {"type": "LineString", "coordinates": [[-54.99577220686353, -10.242520674152976], [-54.99573745522552, -10.242549962178815]]}}, {"type": "Feature", "properties": {"layer": "0 - Linhas Quadras", "dxf_type": "LINE"}, "geometry": {"type": "LineString", "coordinates": [[-54.99573745522552, -10.242549962178815], [-54.99555487278917, -10.242317332344548]]}}, {"type": "Feature", "properties": {"layer": "0 - Linhas Quadras", "dxf_type": "LINE"}, "geometry": {"type": "LineString", "coordinates": [[-54.99487254103308, -10.243181369819437], [-54.99472694499673, -10.24329167241348]]}}, {"type": "Feature", "properties": {"layer": "0 - Linhas Quadras", "dxf_type": "LINE"}, "geometry": {"type": "LineString", "coordinates": [[-54.99487254103308, -10.243181369819437], [-54.99480005525716, -10.243236284417208]]}}, {"type": "Feature", "properties": {"layer": "0 - Linhas Quadras", "dxf_type": "LINE"}, "geometry": {"type": "LineString", "coordinates": [[-54.99480005525716, -10.243236284417208], [-54.99462033790105, -10.242998585419729]]}}, {"type": "Feature", "properties": {"layer": "0 - Linhas Quadras", "dxf_type": "LINE"}, "geometry": {"type": "LineString", "coordinates": [[-54.993504622444085, -10.245267605062574], [-54.99360942059626, -10.245179506694237]]}}, {"type": "Feature", "properties": {"layer": "0 - Linhas Quadras", "dxf_type": "LINE"}, "geometry": {"type": "LineString", "coordinates": [[-54.993504622444085, -10.245267605062574], [-54.99350478267723, -10.245273759041957]]}}, {"type": "Feature", "properties": {"layer": "0 - Linhas Quadras", "dxf_type": "LINE"}, "geometry": {"type": "LineString", "coordinates": [[-54.99350478267723, -10.245273759041957], [-54.99362702754496, -10.245405678790464]]}}, {"type": "Feature", "properties": {"layer": "0 - Linhas Quadras", "dxf_type": "LINE"}, "geometry": {"type": "LineString", "coordinates": [[-54.99362702754496, -10.245405678790464], [-54.99373827438819, -10.245307836139714]]}}, {"type": "Feature", "properties": {"layer": "0 - Linhas Quadras", "dxf_type": "LINE"}, "geometry": {"type": "LineString", "coordinates": [[-54.99373827438819, -10.245307836139714], [-54.99360942059626, -10.245179506694237]]}}, {"type": "Feature", "properties": {"layer": "0 - Linhas Quadras", "dxf_type": "LINE"}, "geometry": {"type": "LineString", "coordinates": [[-54.99360942059626, -10.245179506694237], [-54.993658998776276, -10.245130669188605]]}}, {"type": "Feature", "properties": {"layer": "0 - Linhas Quadras", "dxf_type": "LINE"}, "geometry": {"type": "LineString", "coordinates": [[-54.993658998776276, -10.245130669188605], [-54.993781950763356, -10.2452701626813]]}}, {"type": "Feature", "properties": {"layer": "0 - Linhas Quadras", "dxf_type": "LINE"}, "geometry": {"type": "LineString", "coordinates": [[-54.993781950763356, -10.2452701626813], [-54.99373827438819, -10.245307836139714]]}}, {"type": "Feature", "properties": {"layer": "0 - Linhas Quadras", "dxf_type": "LINE"}, "geometry": {"type": "LineString", "coordinates": [[-54.993658998776276, -10.245130669188605], [-54.9937099367152, -10.245086621806761]]}}, {"type": "Feature", "properties": {"layer": "0 - Linhas Quadras", "dxf_type": "LINE"}, "geometry": {"type": "LineString", "coordinates": [[-54.9937099367152, -10.245086621806761], [-54.993873436889714, -10.245272117472464]]}}, {"type": "Feature", "properties": {"layer": "0 - Linhas Quadras", "dxf_type": "LINE"}, "geometry": {"type": "LineString", "coordinates": [[-54.993873436889714, -10.245272117472464], [-54.99382450481566, -10.245314429976853]]}}, {"type": "Feature", "properties": {"layer": "0 - Linhas Quadras", "dxf_type": "LINE"}, "geometry": {"type": "LineString", "coordinates": [[-54.99382450481566, -10.245314429976853], [-54.993781950763356, -10.2452701626813]]}}, {"type": "Feature", "properties": {"layer": "0 - Linhas Quadras", "dxf_type": "LINE"}, "geometry": {"type": "LineString", "coordinates": [[-54.9937099367152, -10.245086621806761], [-54.993772219866784, -10.245036826789395]]}}, {"type": "Feature", "properties": {"layer": "0 - Linhas Quadras", "dxf_type": "LINE"}, "geometry": {"type": "LineString", "coordinates": [[-54.993772219866784, -10.245036826789395], [-54.99393519086445, -10.245219112048217]]}}, {"type": "Feature", "properties": {"layer": "0 - Linhas Quadras", "dxf_type": "LINE"}, "geometry": {"type": "LineString", "coordinates": [[-54.99393519086445, -10.245219112048217], [-54.993873436889714, -10.245272117472464]]}}, {"type": "Feature", "properties": {"layer": "0 - Linhas Quadras", "dxf_type": "LINE"}, "geometry": {"type": "LineString", "coordinates": [[-54.993772219866784, -10.245036826789395], [-54.993858033720116, -10.244963532187544]]}}, {"type": "Feature", "properties": {"layer": "0 - Linhas Quadras", "dxf_type": "LINE"}, "geometry": {"type": "LineString", "coordinates": [[-54.993858033720116, -10.244963532187544], [-54.99401335500654, -10.245141936674584]]}}, {"type": "Feature", "properties": {"layer": "0 - Linhas Quadras", "dxf_type": "LINE"}, "geometry": {"type": "LineString", "coordinates": [[-54.99401335500654, -10.245141936674584], [-54.99393519086445, -10.245219112048217]]}}, {"type": "Feature", "properties": {"layer": "0 - Linhas Quadras", "dxf_type": "LINE"}, "geometry": {"type": "LineString", "coordinates": [[-54.993858033720116, -10.244963532187544], [-54.99397768455537, -10.244861336460666]]}}, {"type": "Feature", "properties": {"layer": "0 - Linhas Quadras", "dxf_type": "LINE"}, "geometry": {"type": "LineString", "coordinates": [[-54.99397768455537, -10.244861336460666], [-54.994132455904285, -10.245039108372215]]}}, {"type": "Feature", "properties": {"layer": "0 - Linhas Quadras", "dxf_type": "LINE"}, "geometry": {"type": "LineString", "coordinates": [[-54.994132455904285, -10.245039108372215], [-54.99401335500654, -10.245141936674584]]}}, {"type": "Feature", "properties": {"layer": "0 - Linhas Quadras", "dxf_type": "LINE"}, "geometry": {"type": "LineString", "coordinates": [[-54.994089162798325, -10.244766120951386], [-54.99424235400392, -10.244942077933773]]}}, {"type": "Feature", "properties": {"layer": "0 - Linhas Quadras", "dxf_type": "LINE"}, "geometry": {"type": "LineString", "coordinates": [[-54.99424235400392, -10.244942077933773], [-54.994132455904285, -10.245039108372215]]}}, {"type": "Feature", "properties": {"layer": "0 - Linhas Quadras", "dxf_type": "LINE"}, "geometry": {"type": "LineString", "coordinates": [[-54.994089162798325, -10.244766120951386], [-54.99408503114275, -10.244761375182154]]}}, {"type": "Feature", "properties": {"layer": "0 - Linhas Quadras", "dxf_type": "LINE"}, "geometry": {"type": "LineString", "coordinates": [[-54.99408503114275, -10.244761375182154], [-54.99397768455537, -10.244861336460666]]}}, {"type": "Feature", "properties": {"layer": "0 - Linhas Quadras", "dxf_type": "LINE"}, "geometry": {"type": "LineString", "coordinates": [[-54.99408503114275, -10.244761375182154], [-54.99413935296255, -10.244710791542735]]}}, {"type": "Feature", "properties": {"layer": "0 - Linhas Quadras", "dxf_type": "LINE"}, "geometry": {"type": "LineString", "coordinates": [[-54.99413935296255, -10.244710791542735], [-54.994303329299655, -10.244893877377532]]}}, {"type": "Feature", "properties": {"layer": "0 - Linhas Quadras", "dxf_type": "LINE"}, "geometry": {"type": "LineString", "coordinates": [[-54.994303329299655, -10.244893877377532], [-54.99424235400392, -10.244942077933773]]}}, {"type": "Feature", "properties": {"layer": "0 - Linhas Quadras", "dxf_type": "LINE"}, "geometry": {"type": "LineString", "coordinates": [[-54.99413935296255, -10.244710791542735], [-54.994186801814074, -10.244666606831968]]}}, {"type": "Feature", "properties": {"layer": "0 - Linhas Quadras", "dxf_type": "LINE"}, "geometry": {"type": "LineString", "coordinates": [[-54.994186801814074, -10.244666606831968], [-54.99435327934726, -10.244850318221271]]}}, {"type": "Feature", "properties": {"layer": "0 - Linhas Quadras", "dxf_type": "LINE"}, "geometry": {"type": "LineString", "coordinates": [[-54.99435327934726, -10.244850318221271], [-54.994303329299655, -10.244893877377532]]}}, {"type": "Feature", "properties": {"layer": "0 - Linhas Quadras", "dxf_type": "LINE"}, "geometry": {"type": "LineString", "coordinates": [[-54.994186801814074, -10.244666606831968], [-54.994252025635866, -10.24460862222833]]}}, {"type": "Feature", "properties": {"layer": "0 - Linhas Quadras", "dxf_type": "LINE"}, "geometry": {"type": "LineString", "coordinates": [[-54.994252025635866, -10.24460862222833], [-54.99442306407893, -10.244790790706222]]}}, {"type": "Feature", "properties": {"layer": "0 - Linhas Quadras", "dxf_type": "LINE"}, "geometry": {"type": "LineString", "coordinates": [[-54.99442306407893, -10.244790790706222], [-54.99435327934726, -10.244850318221271]]}}, {"type": "Feature", "properties": {"layer": "0 - Linhas Quadras", "dxf_type": "LINE"}, "geometry": {"type": "LineString", "coordinates": [[-54.994252025635866, -10.24460862222833], [-54.994351593426515, -10.244527310455743]]}}, {"type": "Feature", "properties": {"layer": "0 - Linhas Quadras", "dxf_type": "LINE"}, "geometry": {"type": "LineString", "coordinates": [[-54.994351593426515, -10.244527310455743], [-54.99450533214345, -10.24471199715828]]}}, {"type": "Feature", "properties": {"layer": "0 - Linhas Quadras", "dxf_type": "LINE"}, "geometry": {"type": "LineString", "coordinates": [[-54.99450533214345, -10.24471199715828], [-54.99442154653971, -10.244789173268297]]}}, {"type": "Feature", "properties": {"layer": "0 - Linhas Quadras", "dxf_type": "LINE"}, "geometry": {"type": "LineString", "coordinates": [[-54.99480916975646, -10.244126030161196], [-54.9949120077073, -10.244039691733143]]}}, {"type": "Feature", "properties": {"layer": "0 - Linhas Quadras", "dxf_type": "LINE"}, "geometry": {"type": "LineString", "coordinates": [[-54.9949120077073, -10.244039691733143], [-54.99503907503551, -10.244188174353768]]}}, {"type": "Feature", "properties": {"layer": "0 - Linhas Quadras", "dxf_type": "LINE"}, "geometry": {"type": "LineString", "coordinates": [[-54.99503907503551, -10.244188174353768], [-54.994938041679355, -10.244272998127835]]}}, {"type": "Feature", "properties": {"layer": "0 - Linhas Quadras", "dxf_type": "LINE"}, "geometry": {"type": "LineString", "coordinates": [[-54.994938041679355, -10.244272998127835], [-54.99480916975646, -10.244126030161196]]}}, {"type": "Feature", "properties": {"layer": "0 - Linhas Quadras", "dxf_type": "LINE"}, "geometry": {"type": "LineString", "coordinates": [[-54.99499946561335, -10.24431947874592], [-54.99507912727934, -10.244259806763273]]}}, {"type": "Feature", "properties": {"layer": "0 - Linhas Quadras", "dxf_type": "LINE"}, "geometry": {"type": "LineString", "coordinates": [[-54.99507912727934, -10.244259806763273], [-54.995026710550405, -10.24419855557834]]}}, {"type": "Feature", "properties": {"layer": "0 - Linhas Quadras", "dxf_type": "LINE"}, "geometry": {"type": "LineString", "coordinates": [[-54.994938041679355, -10.244272998127835], [-54.994966156030195, -10.244339409092186]]}}, {"type": "Feature", "properties": {"layer": "0 - Linhas Quadras", "dxf_type": "LINE"}, "geometry": {"type": "LineString", "coordinates": [[-54.99491404426827, -10.244372790441787], [-54.99474409461909, -10.244178976468469]]}}, {"type": "Feature", "properties": {"layer": "0 - Linhas Quadras", "dxf_type": "LINE"}, "geometry": {"type": "LineString", "coordinates": [[-54.99474409461909, -10.244178976468469], [-54.99480914865363, -10.244126048109486]]}}, {"type": "Feature", "properties": {"layer": "0 - Linhas Quadras", "dxf_type": "LINE"}, "geometry": {"type": "LineString", "coordinates": [[-54.994351593426515, -10.244527310455743], [-54.99440631616137, -10.244482620085767]]}}, {"type": "Feature", "properties": {"layer": "0 - Linhas Quadras", "dxf_type": "LINE"}, "geometry": {"type": "LineString", "coordinates": [[-54.99440631616137, -10.244482620085767], [-54.994559952842174, -10.244641155683176]]}}, {"type": "Feature", "properties": {"layer": "0 - Linhas Quadras", "dxf_type": "LINE"}, "geometry": {"type": "LineString", "coordinates": [[-54.994559952842174, -10.244641155683176], [-54.99449233165013, -10.244696379455496]]}}, {"type": "Feature", "properties": {"layer": "0 - Linhas Quadras", "dxf_type": "LINE"}, "geometry": {"type": "LineString", "coordinates": [[-54.994559952842174, -10.244641155683176], [-54.99457379856831, -10.244655442601047]]}}, {"type": "Feature", "properties": {"layer": "0 - Linhas Quadras", "dxf_type": "LINE"}, "geometry": {"type": "LineString", "coordinates": [[-54.99457379856831, -10.244655442601047], [-54.99466560857728, -10.244579444026929]]}}, {"type": "Feature", "properties": {"layer": "0 - Linhas Quadras", "dxf_type": "LINE"}, "geometry": {"type": "LineString", "coordinates": [[-54.99466560857728, -10.244579444026929], [-54.99450346770914, -10.244397902736559]]}}, {"type": "Feature", "properties": {"layer": "0 - Linhas Quadras", "dxf_type": "LINE"}, "geometry": {"type": "LineString", "coordinates": [[-54.99450346770914, -10.244397902736559], [-54.99440631616137, -10.244482620085767]]}}, {"type": "Feature", "properties": {"layer": "0 - Linhas Quadras", "dxf_type": "LINE"}, "geometry": {"type": "LineString", "coordinates": [[-54.99491404426827, -10.244372790441787], [-54.99466560857728, -10.244579444026929]]}}, {"type": "Feature", "properties": {"layer": "0 - Linhas Quadras", "dxf_type": "LINE"}, "geometry": {"type": "LineString", "coordinates": [[-54.99474409461909, -10.244178976468469], [-54.99450346770914, -10.244397902736559]]}}, {"type": "Feature", "properties": {"layer": "0 - Linhas Quadras", "dxf_type": "LINE"}, "geometry": {"type": "LineString", "coordinates": [[-54.99467177560248, -10.244244773426669], [-54.99484203242665, -10.244432691240494]]}}, {"type": "Feature", "properties": {"layer": "0 - Linhas Quadras", "dxf_type": "LINE"}, "geometry": {"type": "LineString", "coordinates": [[-54.99477226912658, -10.24449072120944], [-54.99460257176686, -10.244307736800922]]}}, {"type": "Feature", "properties": {"layer": "0 - Linhas Quadras", "dxf_type": "LINE"}, "geometry": {"type": "LineString", "coordinates": [[-54.99455849615736, -10.24434783678866], [-54.99472405569299, -10.244530827335064]]}}, {"type": "Feature", "properties": {"layer": "0 - Linhas Quadras", "dxf_type": "LINE"}, "geometry": {"type": "LineString", "coordinates": [[-54.99507912727934, -10.244259806763273], [-54.995198800363255, -10.244399647454475]]}}, {"type": "Feature", "properties": {"layer": "0 - Linhas Quadras", "dxf_type": "LINE"}, "geometry": {"type": "LineString", "coordinates": [[-54.995198800363255, -10.244399647454475], [-54.99512811607893, -10.24446613344725]]}}, {"type": "Feature", "properties": {"layer": "0 - Linhas Quadras", "dxf_type": "LINE"}, "geometry": {"type": "LineString", "coordinates": [[-54.99512811607893, -10.24446613344725], [-54.99499946561335, -10.24431947874592]]}}, {"type": "Feature", "properties": {"layer": "0 - Linhas Quadras", "dxf_type": "LINE"}, "geometry": {"type": "LineString", "coordinates": [[-54.99507958531817, -10.244507365772366], [-54.99512784967967, -10.244465829894565]]}}, {"type": "Feature", "properties": {"layer": "0 - Linhas Quadras", "dxf_type": "LINE"}, "geometry": {"type": "LineString", "coordinates": [[-54.99507958531817, -10.244507365772366], [-54.995010578258594, -10.244566754535722]]}}, {"type": "Feature", "properties": {"layer": "0 - Linhas Quadras", "dxf_type": "LINE"}, "geometry": {"type": "LineString", "coordinates": [[-54.99382450481566, -10.245314429976853], [-54.99380245664855, -10.245333496817778]]}}, {"type": "Feature", "properties": {"layer": "0 - Linhas Quadras", "dxf_type": "LINE"}, "geometry": {"type": "LineString", "coordinates": [[-54.99380245664855, -10.245333496817778], [-54.99396017577639, -10.24551243319467]]}}, {"type": "Feature", "properties": {"layer": "0 - Linhas Quadras", "dxf_type": "LINE"}, "geometry": {"type": "LineString", "coordinates": [[-54.99362702754496, -10.245405678790464], [-54.99382616741913, -10.245620579360176]]}}, {"type": "Feature", "properties": {"layer": "0 - Linhas Quadras", "dxf_type": "LINE"}, "geometry": {"type": "LineString", "coordinates": [[-54.99396017577639, -10.24551243319467], [-54.9938447647153, -10.245621727309217]]}}, {"type": "Feature", "properties": {"layer": "0 - Linhas Quadras", "dxf_type": "LINE"}, "geometry": {"type": "LineString", "coordinates": [[-54.9938447647153, -10.245621727309217], [-54.99382616741913, -10.245620579360176]]}}, {"type": "Feature", "properties": {"layer": "0 - Linhas Quadras", "dxf_type": "LINE"}, "geometry": {"type": "LineString", "coordinates": [[-54.99373202079115, -10.245518981546654], [-54.99386476861497, -10.245404191953154]]}}, {"type": "Feature", "properties": {"layer": "0 - Linhas Quadras", "dxf_type": "LINE"}, "geometry": {"type": "LineString", "coordinates": [[-54.99393519086445, -10.245219112048217], [-54.994092885930385, -10.245395496446585]]}}, {"type": "Feature", "properties": {"layer": "0 - Linhas Quadras", "dxf_type": "LINE"}, "geometry": {"type": "LineString", "coordinates": [[-54.994092885930385, -10.245395496446585], [-54.99395908477178, -10.245511196225536]]}}, {"type": "Feature", "properties": {"layer": "0 - Linhas Quadras", "dxf_type": "LINE"}, "geometry": {"type": "LineString", "coordinates": [[-54.994092885930385, -10.245395496446585], [-54.99417023062105, -10.245328615260755]]}}, {"type": "Feature", "properties": {"layer": "0 - Linhas Quadras", "dxf_type": "LINE"}, "geometry": {"type": "LineString", "coordinates": [[-54.99417023062105, -10.245328615260755], [-54.99401335500654, -10.245141936674584]]}}, {"type": "Feature", "properties": {"layer": "0 - Linhas Quadras", "dxf_type": "LINE"}, "geometry": {"type": "LineString", "coordinates": [[-54.99417023062105, -10.245328615260755], [-54.99424928023663, -10.2452634439414]]}}, {"type": "Feature", "properties": {"layer": "0 - Linhas Quadras", "dxf_type": "LINE"}, "geometry": {"type": "LineString", "coordinates": [[-54.99424928023663, -10.2452634439414], [-54.9940866533136, -10.24507865254486]]}}, {"type": "Feature", "properties": {"layer": "0 - Linhas Quadras", "dxf_type": "LINE"}, "geometry": {"type": "LineString", "coordinates": [[-54.99424928023663, -10.2452634439414], [-54.99441298646858, -10.245106686169425]]}}, {"type": "Feature", "properties": {"layer": "0 - Linhas Quadras", "dxf_type": "LINE"}, "geometry": {"type": "LineString", "coordinates": [[-54.99441298646858, -10.245106686169425], [-54.99449852952839, -10.245024773524028]]}}, {"type": "Feature", "properties": {"layer": "0 - Linhas Quadras", "dxf_type": "LINE"}, "geometry": {"type": "LineString", "coordinates": [[-54.99449852952839, -10.245024773524028], [-54.99435327934726, -10.244850318221271]]}}, {"type": "Feature", "properties": {"layer": "0 - Linhas Quadras", "dxf_type": "LINE"}, "geometry": {"type": "LineString", "coordinates": [[-54.995010578258594, -10.244566754535722], [-54.99449852952839, -10.245024773524028]]}}, {"type": "Feature", "properties": {"layer": "0 - Linhas Quadras", "dxf_type": "LINE"}, "geometry": {"type": "LineString", "coordinates": [[-54.99456592617644, -10.244964489129703], [-54.994418373657766, -10.244794791453698]]}}, {"type": "Feature", "properties": {"layer": "0 - Linhas Quadras", "dxf_type": "LINE"}, "geometry": {"type": "LineString", "coordinates": [[-54.99463585219022, -10.244901940628038], [-54.99447968986276, -10.244735616637357]]}}, {"type": "Feature", "properties": {"layer": "0 - Linhas Quadras", "dxf_type": "LINE"}, "geometry": {"type": "LineString", "coordinates": [[-54.99472198785409, -10.244824894656187], [-54.99457379856831, -10.244655442601047]]}}, {"type": "Feature", "properties": {"layer": "0 - Linhas Quadras", "dxf_type": "LINE"}, "geometry": {"type": "LineString", "coordinates": [[-54.994788138090115, -10.244765724278594], [-54.994642768458995, -10.244598350584988]]}}, {"type": "Feature", "properties": {"layer": "0 - Linhas Quadras", "dxf_type": "LINE"}, "geometry": {"type": "LineString", "coordinates": [[-54.99470797262746, -10.244544204705889], [-54.99485522902151, -10.244705711805944]]}}, {"type": "Feature", "properties": {"layer": "0 - Linhas Quadras", "dxf_type": "LINE"}, "geometry": {"type": "LineString", "coordinates": [[-54.994936015815334, -10.244633449767285], [-54.99479138055094, -10.244474824299791]]}}, {"type": "Feature", "properties": {"layer": "0 - Linhas Quadras", "dxf_type": "LINE"}, "geometry": {"type": "LineString", "coordinates": [[-54.99424928023663, -10.2452634439414], [-54.994334574565656, -10.245181769359982]]}}, {"type": "Feature", "properties": {"layer": "0 - Linhas Quadras", "dxf_type": "LINE"}, "geometry": {"type": "LineString", "coordinates": [[-54.994334574565656, -10.245181769359982], [-54.99417354070971, -10.24500283439635]]}}, {"type": "Feature", "properties": {"layer": "0 - Linhas Quadras", "dxf_type": "LINE"}, "geometry": {"type": "LineString", "coordinates": [[-54.994334574565656, -10.245181769359982], [-54.994419869758126, -10.245100095656982]]}}, {"type": "Feature", "properties": {"layer": "0 - Linhas Quadras", "dxf_type": "LINE"}, "geometry": {"type": "LineString", "coordinates": [[-54.994419869758126, -10.245100095656982], [-54.994259536266014, -10.24492849585744]]}}, {"type": "Feature", "properties": {"layer": "0 - Linhas Quadras", "dxf_type": "LINE"}, "geometry": {"type": "LineString", "coordinates": [[-54.994860233774936, -10.244417551622654], [-54.99500269827818, -10.244573803534513]]}}, {"type": "Feature", "properties": {"layer": "0 - Linhas Quadras", "dxf_type": "LINE"}, "geometry": {"type": "LineString", "coordinates": [[-54.993090219500544, -10.244793764485577], [-54.99327824897403, -10.245003807702872]]}}, {"type": "Feature", "properties": {"layer": "0 - Linhas Quadras", "dxf_type": "LINE"}, "geometry": {"type": "LineString", "coordinates": [[-54.99327824897403, -10.245003807702872], [-54.99340286360833, -10.244894367203935]]}}, {"type": "Feature", "properties": {"layer": "0 - Linhas Quadras", "dxf_type": "LINE"}, "geometry": {"type": "LineString", "coordinates": [[-54.99340286360833, -10.244894367203935], [-54.993199157383316, -10.244697217535796]]}}, {"type": "Feature", "properties": {"layer": "0 - Linhas Quadras", "dxf_type": "LINE"}, "geometry": {"type": "LineString", "coordinates": [[-54.993199157383316, -10.244697217535796], [-54.993089780880155, -10.244793274564648]]}}, {"type": "Feature", "properties": {"layer": "0 - Linhas Quadras", "dxf_type": "LINE"}, "geometry": {"type": "LineString", "coordinates": [[-54.993089780880155, -10.244793274564648], [-54.99316489212469, -10.244727309071832]]}}, {"type": "Feature", "properties": {"layer": "0 - Linhas Quadras", "dxf_type": "LINE"}, "geometry": {"type": "LineString", "coordinates": [[-54.99327824897403, -10.245003807702872], [-54.993353360240356, -10.244937843073174]]}}, {"type": "Feature", "properties": {"layer": "0 - Linhas Quadras", "dxf_type": "LINE"}, "geometry": {"type": "LineString", "coordinates": [[-54.993353360240356, -10.244937843073174], [-54.99316489212469, -10.244727309071832]]}}, {"type": "Feature", "properties": {"layer": "0 - Linhas Quadras", "dxf_type": "LINE"}, "geometry": {"type": "LineString", "coordinates": [[-54.993199157383316, -10.244697217535796], [-54.99324128283475, -10.24466438681956]]}}, {"type": "Feature", "properties": {"layer": "0 - Linhas Quadras", "dxf_type": "LINE"}, "geometry": {"type": "LineString", "coordinates": [[-54.99324128283475, -10.24466438681956], [-54.993429802133676, -10.244870271325915]]}}, {"type": "Feature", "properties": {"layer": "0 - Linhas Quadras", "dxf_type": "LINE"}, "geometry": {"type": "LineString", "coordinates": [[-54.993429802133676, -10.244870271325915], [-54.99340286360833, -10.244894367203935]]}}, {"type": "Feature", "properties": {"layer": "0 - Linhas Quadras", "dxf_type": "LINE"}, "geometry": {"type": "LineString", "coordinates": [[-54.99324128283475, -10.24466438681956], [-54.99329926004493, -10.244612304605726]]}}, {"type": "Feature", "properties": {"layer": "0 - Linhas Quadras", "dxf_type": "LINE"}, "geometry": {"type": "LineString", "coordinates": [[-54.99329926004493, -10.244612304605726], [-54.9934878917608, -10.244818310899426]]}}, {"type": "Feature", "properties": {"layer": "0 - Linhas Quadras", "dxf_type": "LINE"}, "geometry": {"type": "LineString", "coordinates": [[-54.9934878917608, -10.244818310899426], [-54.993429913618364, -10.24487039313941]]}}, {"type": "Feature", "properties": {"layer": "0 - Linhas Quadras", "dxf_type": "LINE"}, "geometry": {"type": "LineString", "coordinates": [[-54.99329926004493, -10.244612304605726], [-54.99336009891629, -10.24455765301829]]}}, {"type": "Feature", "properties": {"layer": "0 - Linhas Quadras", "dxf_type": "LINE"}, "geometry": {"type": "LineString", "coordinates": [[-54.99336009891629, -10.24455765301829], [-54.99351726854219, -10.244743766859063]]}}, {"type": "Feature", "properties": {"layer": "0 - Linhas Quadras", "dxf_type": "LINE"}, "geometry": {"type": "LineString", "coordinates": [[-54.99351726854219, -10.244743766859063], [-54.993463697684675, -10.244791889113301]]}}, {"type": "Feature", "properties": {"layer": "0 - Linhas Quadras", "dxf_type": "LINE"}, "geometry": {"type": "LineString", "coordinates": [[-54.99336009891629, -10.24455765301829], [-54.993431248054485, -10.244498708148882]]}}, {"type": "Feature", "properties": {"layer": "0 - Linhas Quadras", "dxf_type": "LINE"}, "geometry": {"type": "LineString", "coordinates": [[-54.993431248054485, -10.244498708148882], [-54.99360810751794, -10.244708138086878]]}}, {"type": "Feature", "properties": {"layer": "0 - Linhas Quadras", "dxf_type": "LINE"}, "geometry": {"type": "LineString", "coordinates": [[-54.99360810751794, -10.244708138086878], [-54.99353756840832, -10.244766578753042]]}}, {"type": "Feature", "properties": {"layer": "0 - Linhas Quadras", "dxf_type": "LINE"}, "geometry": {"type": "LineString", "coordinates": [[-54.99353756840832, -10.244766578753042], [-54.99351726854219, -10.244743766859063]]}}, {"type": "Feature", "properties": {"layer": "0 - Linhas Quadras", "dxf_type": "LINE"}, "geometry": {"type": "LineString", "coordinates": [[-54.99344643843513, -10.244516695920874], [-54.99352236418827, -10.244455132921702]]}}, {"type": "Feature", "properties": {"layer": "0 - Linhas Quadras", "dxf_type": "LINE"}, "geometry": {"type": "LineString", "coordinates": [[-54.99352236418827, -10.244455132921702], [-54.99368118634092, -10.244641871557288]]}}, {"type": "Feature", "properties": {"layer": "0 - Linhas Quadras", "dxf_type": "LINE"}, "geometry": {"type": "LineString", "coordinates": [[-54.99368118634092, -10.244641871557288], [-54.99360810751794, -10.244708138086878]]}}, {"type": "Feature", "properties": {"layer": "0 - Linhas Quadras", "dxf_type": "LINE"}, "geometry": {"type": "LineString", "coordinates": [[-54.99352236418827, -10.244455132921702], [-54.99362011205956, -10.244373573339468]]}}, {"type": "Feature", "properties": {"layer": "0 - Linhas Quadras", "dxf_type": "LINE"}, "geometry": {"type": "LineString", "coordinates": [[-54.99362011205956, -10.244373573339468], [-54.99377260647031, -10.244552871577412]]}}, {"type": "Feature", "properties": {"layer": "0 - Linhas Quadras", "dxf_type": "LINE"}, "geometry": {"type": "LineString", "coordinates": [[-54.99377260647031, -10.244552871577412], [-54.99367067507491, -10.244629512459731]]}}, {"type": "Feature", "properties": {"layer": "0 - Linhas Quadras", "dxf_type": "LINE"}, "geometry": {"type": "LineString", "coordinates": [[-54.9937171183952, -10.244594593141406], [-54.993566900551635, -10.244417971880821]]}}, {"type": "Feature", "properties": {"layer": "0 - Linhas Quadras", "dxf_type": "LINE"}, "geometry": {"type": "LineString", "coordinates": [[-54.99362011205956, -10.244373573339468], [-54.993794854585815, -10.244215153844587]]}}, {"type": "Feature", "properties": {"layer": "0 - Linhas Quadras", "dxf_type": "LINE"}, "geometry": {"type": "LineString", "coordinates": [[-54.993794854585815, -10.244215153844587], [-54.99394473609278, -10.24438954386204]]}}, {"type": "Feature", "properties": {"layer": "0 - Linhas Quadras", "dxf_type": "LINE"}, "geometry": {"type": "LineString", "coordinates": [[-54.99394473609278, -10.24438954386204], [-54.99377260647031, -10.244552871577412]]}}, {"type": "Feature", "properties": {"layer": "0 - Linhas Quadras", "dxf_type": "LINE"}, "geometry": {"type": "LineString", "coordinates": [[-54.99362011205956, -10.244373573339468], [-54.99372916645613, -10.244274705603058]]}}, {"type": "Feature", "properties": {"layer": "0 - Linhas Quadras", "dxf_type": "LINE"}, "geometry": {"type": "LineString", "coordinates": [[-54.99372916645613, -10.244274705603058], [-54.993879035874414, -10.244451885075257]]}}, {"type": "Feature", "properties": {"layer": "0 - Linhas Quadras", "dxf_type": "LINE"}, "geometry": {"type": "LineString", "coordinates": [[-54.99372916645613, -10.244274705603058], [-54.99376484573326, -10.24424236019853]]}}, {"type": "Feature", "properties": {"layer": "0 - Linhas Quadras", "dxf_type": "LINE"}, "geometry": {"type": "LineString", "coordinates": [[-54.99376484573326, -10.24424236019853], [-54.993913085010725, -10.244419576600945]]}}, {"type": "Feature", "properties": {"layer": "0 - Linhas Quadras", "dxf_type": "LINE"}, "geometry": {"type": "LineString", "coordinates": [[-54.993794854585815, -10.244215153844587], [-54.99390039526592, -10.244126164094675]]}}, {"type": "Feature", "properties": {"layer": "0 - Linhas Quadras", "dxf_type": "LINE"}, "geometry": {"type": "LineString", "coordinates": [[-54.99390039526592, -10.244126164094675], [-54.99404486357522, -10.244294256493998]]}}, {"type": "Feature", "properties": {"layer": "0 - Linhas Quadras", "dxf_type": "LINE"}, "geometry": {"type": "LineString", "coordinates": [[-54.99404486357522, -10.244294256493998], [-54.99394473609278, -10.24438954386204]]}}, {"type": "Feature", "properties": {"layer": "0 - Linhas Quadras", "dxf_type": "LINE"}, "geometry": {"type": "LineString", "coordinates": [[-54.99390039526592, -10.244126164094675], [-54.99396571019776, -10.24407109162891]]}}, {"type": "Feature", "properties": {"layer": "0 - Linhas Quadras", "dxf_type": "LINE"}, "geometry": {"type": "LineString", "coordinates": [[-54.99396571019776, -10.24407109162891], [-54.99411754658466, -10.244236191379082]]}}, {"type": "Feature", "properties": {"layer": "0 - Linhas Quadras", "dxf_type": "LINE"}, "geometry": {"type": "LineString", "coordinates": [[-54.99411754658466, -10.244236191379082], [-54.99404486357522, -10.244294256493998]]}}, {"type": "Feature", "properties": {"layer": "0 - Linhas Quadras", "dxf_type": "LINE"}, "geometry": {"type": "LineString", "coordinates": [[-54.99396571019776, -10.24407109162891], [-54.994028814433165, -10.244014041285336]]}}, {"type": "Feature", "properties": {"layer": "0 - Linhas Quadras", "dxf_type": "LINE"}, "geometry": {"type": "LineString", "coordinates": [[-54.994028814433165, -10.244014041285336], [-54.99418345559167, -10.244181849285022]]}}, {"type": "Feature", "properties": {"layer": "0 - Linhas Quadras", "dxf_type": "LINE"}, "geometry": {"type": "LineString", "coordinates": [[-54.99418345559167, -10.244181849285022], [-54.99411754658466, -10.244236191379082]]}}, {"type": "Feature", "properties": {"layer": "0 - Linhas Quadras", "dxf_type": "LINE"}, "geometry": {"type": "LineString", "coordinates": [[-54.994028814433165, -10.244014041285336], [-54.994067514574866, -10.243979053329175]]}}, {"type": "Feature", "properties": {"layer": "0 - Linhas Quadras", "dxf_type": "LINE"}, "geometry": {"type": "LineString", "coordinates": [[-54.994067514574866, -10.243979053329175], [-54.99422888956759, -10.244154167669976]]}}, {"type": "Feature", "properties": {"layer": "0 - Linhas Quadras", "dxf_type": "LINE"}, "geometry": {"type": "LineString", "coordinates": [[-54.99422888956759, -10.244154167669976], [-54.994200572786234, -10.244179768299217]]}}, {"type": "Feature", "properties": {"layer": "0 - Linhas Quadras", "dxf_type": "LINE"}, "geometry": {"type": "LineString", "coordinates": [[-54.994200572786234, -10.244179768299217], [-54.99418345559167, -10.244181849285022]]}}, {"type": "Feature", "properties": {"layer": "0 - Linhas Quadras", "dxf_type": "LINE"}, "geometry": {"type": "LineString", "coordinates": [[-54.994067514574866, -10.243979053329175], [-54.99413569465021, -10.243918092271773]]}}, {"type": "Feature", "properties": {"layer": "0 - Linhas Quadras", "dxf_type": "LINE"}, "geometry": {"type": "LineString", "coordinates": [[-54.99413569465021, -10.243918092271773], [-54.99412437066678, -10.24390566670906]]}}, {"type": "Feature", "properties": {"layer": "0 - Linhas Quadras", "dxf_type": "LINE"}, "geometry": {"type": "LineString", "coordinates": [[-54.99412437066678, -10.24390566670906], [-54.99429346777039, -10.24410348364247]]}}, {"type": "Feature", "properties": {"layer": "0 - Linhas Quadras", "dxf_type": "LINE"}, "geometry": {"type": "LineString", "coordinates": [[-54.99429346777039, -10.24410348364247], [-54.99422888956759, -10.244154167669976]]}}, {"type": "Feature", "properties": {"layer": "0 - Linhas Quadras", "dxf_type": "LINE"}, "geometry": {"type": "LineString", "coordinates": [[-54.99412437066678, -10.24390566670906], [-54.99427080852518, -10.243795812593403]]}}, {"type": "Feature", "properties": {"layer": "0 - Linhas Quadras", "dxf_type": "LINE"}, "geometry": {"type": "LineString", "coordinates": [[-54.99427080852518, -10.243795812593403], [-54.9944304497166, -10.244004585414276]]}}, {"type": "Feature", "properties": {"layer": "0 - Linhas Quadras", "dxf_type": "LINE"}, "geometry": {"type": "LineString", "coordinates": [[-54.9944304497166, -10.244004585414276], [-54.99429346777039, -10.24410348364247]]}}, {"type": "Feature", "properties": {"layer": "0 - Linhas Quadras", "dxf_type": "LINE"}, "geometry": {"type": "LineString", "coordinates": [[-54.99412437066678, -10.24390566670906], [-54.994194208874916, -10.24385327599987]]}}, {"type": "Feature", "properties": {"layer": "0 - Linhas Quadras", "dxf_type": "LINE"}, "geometry": {"type": "LineString", "coordinates": [[-54.994194208874916, -10.24385327599987], [-54.99435737765226, -10.244057342200861]]}}, {"type": "Feature", "properties": {"layer": "0 - Linhas Quadras", "dxf_type": "LINE"}, "geometry": {"type": "LineString", "coordinates": [[-54.99427080852518, -10.243795812593403], [-54.99441968441567, -10.243684128526944]]}}, {"type": "Feature", "properties": {"layer": "0 - Linhas Quadras", "dxf_type": "LINE"}, "geometry": {"type": "LineString", "coordinates": [[-54.99441968441567, -10.243684128526944], [-54.99469971728739, -10.244033362098882]]}}, {"type": "Feature", "properties": {"layer": "0 - Linhas Quadras", "dxf_type": "LINE"}, "geometry": {"type": "LineString", "coordinates": [[-54.99469971728739, -10.244033362098882], [-54.99480360515567, -10.243940422511995]]}}, {"type": "Feature", "properties": {"layer": "0 - Linhas Quadras", "dxf_type": "LINE"}, "geometry": {"type": "LineString", "coordinates": [[-54.99480360515567, -10.243940422511995], [-54.994803365159726, -10.24392285331228]]}}, {"type": "Feature", "properties": {"layer": "0 - Linhas Quadras", "dxf_type": "LINE"}, "geometry": {"type": "LineString", "coordinates": [[-54.994803365159726, -10.24392285331228], [-54.99454468916842, -10.243608876138099]]}}, {"type": "Feature", "properties": {"layer": "0 - Linhas Quadras", "dxf_type": "LINE"}, "geometry": {"type": "LineString", "coordinates": [[-54.99454468916842, -10.243608876138099], [-54.99452266884717, -10.243609170586454]]}}, {"type": "Feature", "properties": {"layer": "0 - Linhas Quadras", "dxf_type": "LINE"}, "geometry": {"type": "LineString", "coordinates": [[-54.99452266884717, -10.243609170586454], [-54.99441968441567, -10.243684128526944]]}}, {"type": "Feature", "properties": {"layer": "0 - Linhas Quadras", "dxf_type": "LINE"}, "geometry": {"type": "LineString", "coordinates": [[-54.9944304497166, -10.244004585414276], [-54.99457265542478, -10.243874901931024]]}}, {"type": "Feature", "properties": {"layer": "0 - Linhas Quadras", "dxf_type": "LINE"}, "geometry": {"type": "LineString", "coordinates": [[-54.994348976103794, -10.243737172890311], [-54.99450516532143, -10.24393644947878]]}}, {"type": "Feature", "properties": {"layer": "0 - Linhas Quadras", "dxf_type": "LINE"}, "geometry": {"type": "LineString", "coordinates": [[-54.99450516532143, -10.24393644947878], [-54.99462991838212, -10.244095616760069]]}}, {"type": "Feature", "properties": {"layer": "0 - Linhas Quadras", "dxf_type": "LINE"}, "geometry": {"type": "LineString", "coordinates": [[-54.99462991838212, -10.244095616760069], [-54.99469971728739, -10.244033362098882]]}}, {"type": "Feature", "properties": {"layer": "0 - Linhas Quadras", "dxf_type": "LINE"}, "geometry": {"type": "LineString", "coordinates": [[-54.99469971728739, -10.244033362098882], [-54.99460720419126, -10.243917987123261]]}}, {"type": "Feature", "properties": {"layer": "0 - Linhas Quadras", "dxf_type": "LINE"}, "geometry": {"type": "LineString", "coordinates": [[-54.99460720419126, -10.243917987123261], [-54.99471960991232, -10.243821192443058]]}}, {"type": "Feature", "properties": {"layer": "0 - Linhas Quadras", "dxf_type": "LINE"}, "geometry": {"type": "LineString", "coordinates": [[-54.99460720419126, -10.243917987123261], [-54.994650592657024, -10.243880625376308]]}}, {"type": "Feature", "properties": {"layer": "0 - Linhas Quadras", "dxf_type": "LINE"}, "geometry": {"type": "LineString", "coordinates": [[-54.994755163441, -10.243983758771805], [-54.99465859116467, -10.243873737109263]]}}, {"type": "Feature", "properties": {"layer": "0 - Linhas Quadras", "dxf_type": "LINE"}, "geometry": {"type": "LineString", "coordinates": [[-54.99471960991232, -10.243821192443058], [-54.9947138406256, -10.243814189432744]]}}, {"type": "Feature", "properties": {"layer": "0 - Linhas Quadras", "dxf_type": "LINE"}, "geometry": {"type": "LineString", "coordinates": [[-54.99471960991232, -10.243821192443058], [-54.99463306426613, -10.243716144531314]]}}, {"type": "Feature", "properties": {"layer": "0 - Linhas Quadras", "dxf_type": "LINE"}, "geometry": {"type": "LineString", "coordinates": [[-54.99463306426613, -10.243716144531314], [-54.994520522621514, -10.243809885802328]]}}, {"type": "Feature", "properties": {"layer": "0 - Linhas Quadras", "dxf_type": "LINE"}, "geometry": {"type": "LineString", "coordinates": [[-54.99462991838212, -10.244095616760069], [-54.994563113170734, -10.24415520069954]]}}, {"type": "Feature", "properties": {"layer": "0 - Linhas Quadras", "dxf_type": "LINE"}, "geometry": {"type": "LineString", "coordinates": [[-54.994563113170734, -10.24415520069954], [-54.99442523513336, -10.244008349719158]]}}, {"type": "Feature", "properties": {"layer": "0 - Linhas Quadras", "dxf_type": "LINE"}, "geometry": {"type": "LineString", "coordinates": [[-54.994563113170734, -10.24415520069954], [-54.99449724472733, -10.244215873296849]]}}, {"type": "Feature", "properties": {"layer": "0 - Linhas Quadras", "dxf_type": "LINE"}, "geometry": {"type": "LineString", "coordinates": [[-54.99449724472733, -10.244215873296849], [-54.99435737765226, -10.244057342200861]]}}, {"type": "Feature", "properties": {"layer": "0 - Linhas Quadras", "dxf_type": "LINE"}, "geometry": {"type": "LineString", "coordinates": [[-54.99449724472733, -10.244215873296849], [-54.99441969107154, -10.244287309102445]]}}, {"type": "Feature", "properties": {"layer": "0 - Linhas Quadras", "dxf_type": "LINE"}, "geometry": {"type": "LineString", "coordinates": [[-54.99441969107154, -10.244287309102445], [-54.99426819979489, -10.244123315278005]]}}, {"type": "Feature", "properties": {"layer": "0 - Linhas Quadras", "dxf_type": "LINE"}, "geometry": {"type": "LineString", "coordinates": [[-54.99441969107154, -10.244287309102445], [-54.994355461990715, -10.244346471377144]]}}, {"type": "Feature", "properties": {"layer": "0 - Linhas Quadras", "dxf_type": "LINE"}, "geometry": {"type": "LineString", "coordinates": [[-54.994355461990715, -10.244346471377144], [-54.994200572786234, -10.244179768299217]]}}, {"type": "Feature", "properties": {"layer": "0 - Linhas Quadras", "dxf_type": "LINE"}, "geometry": {"type": "LineString", "coordinates": [[-54.994355461990715, -10.244346471377144], [-54.99428165800787, -10.244414451979004]]}}, {"type": "Feature", "properties": {"layer": "0 - Linhas Quadras", "dxf_type": "LINE"}, "geometry": {"type": "LineString", "coordinates": [[-54.99428165800787, -10.244414451979004], [-54.99411754658466, -10.244236191379082]]}}, {"type": "Feature", "properties": {"layer": "0 - Linhas Quadras", "dxf_type": "LINE"}, "geometry": {"type": "LineString", "coordinates": [[-54.99353756840832, -10.244766578753042], [-54.99371007002547, -10.244938339788701]]}}, {"type": "Feature", "properties": {"layer": "0 - Linhas Quadras", "dxf_type": "LINE"}, "geometry": {"type": "LineString", "coordinates": [[-54.99371007002547, -10.244938339788701], [-54.99357462044838, -10.245071794913715]]}}, {"type": "Feature", "properties": {"layer": "0 - Linhas Quadras", "dxf_type": "LINE"}, "geometry": {"type": "LineString", "coordinates": [[-54.99357462044838, -10.245071794913715], [-54.99340286360833, -10.244894367203935]]}}, {"type": "Feature", "properties": {"layer": "0 - Linhas Quadras", "dxf_type": "LINE"}, "geometry": {"type": "LineString", "coordinates": [[-54.99327824897403, -10.245003807702872], [-54.99335349146584, -10.245087858605944]]}}, {"type": "Feature", "properties": {"layer": "0 - Linhas Quadras", "dxf_type": "LINE"}, "geometry": {"type": "LineString", "coordinates": [[-54.99335349146584, -10.245087858605944], [-54.993476803700204, -10.244970749310896]]}}, {"type": "Feature", "properties": {"layer": "0 - Linhas Quadras", "dxf_type": "LINE"}, "geometry": {"type": "LineString", "coordinates": [[-54.99335349146584, -10.245087858605944], [-54.99343126428195, -10.245168199153722]]}}, {"type": "Feature", "properties": {"layer": "0 - Linhas Quadras", "dxf_type": "LINE"}, "geometry": {"type": "LineString", "coordinates": [[-54.99343126428195, -10.245168199153722], [-54.9934534617546, -10.245167903181052]]}}, {"type": "Feature", "properties": {"layer": "0 - Linhas Quadras", "dxf_type": "LINE"}, "geometry": {"type": "LineString", "coordinates": [[-54.9934534617546, -10.245167903181052], [-54.9934632831909, -10.245167771264494]]}}, {"type": "Feature", "properties": {"layer": "0 - Linhas Quadras", "dxf_type": "LINE"}, "geometry": {"type": "LineString", "coordinates": [[-54.9934632831909, -10.245167771264494], [-54.99356969787465, -10.245066709806599]]}}, {"type": "Feature", "properties": {"layer": "0 - Linhas Quadras", "dxf_type": "LINE"}, "geometry": {"type": "LineString", "coordinates": [[-54.994268825851705, -10.244400512987989], [-54.99418092111859, -10.244483585219225]]}}, {"type": "Feature", "properties": {"layer": "0 - Linhas Quadras", "dxf_type": "LINE"}, "geometry": {"type": "LineString", "coordinates": [[-54.99418092111859, -10.244483585219225], [-54.99402011242207, -10.24431781092939]]}}, {"type": "Feature", "properties": {"layer": "0 - Linhas Quadras", "dxf_type": "LINE"}, "geometry": {"type": "LineString", "coordinates": [[-54.99418092111859, -10.244483585219225], [-54.994193508628626, -10.244497244296438]]}}, {"type": "Feature", "properties": {"layer": "0 - Linhas Quadras", "dxf_type": "LINE"}, "geometry": {"type": "LineString", "coordinates": [[-54.994193508628626, -10.244497244296438], [-54.99411420830805, -10.244568937691533]]}}, {"type": "Feature", "properties": {"layer": "0 - Linhas Quadras", "dxf_type": "LINE"}, "geometry": {"type": "LineString", "coordinates": [[-54.99411420830805, -10.244568937691533], [-54.99394263091858, -10.244391541193819]]}}, {"type": "Feature", "properties": {"layer": "0 - Linhas Quadras", "dxf_type": "LINE"}, "geometry": {"type": "LineString", "coordinates": [[-54.99411420830805, -10.244568937691533], [-54.99403010040145, -10.24464874482487]]}}, {"type": "Feature", "properties": {"layer": "0 - Linhas Quadras", "dxf_type": "LINE"}, "geometry": {"type": "LineString", "coordinates": [[-54.99403010040145, -10.24464874482487], [-54.99386596781235, -10.244464283977166]]}}, {"type": "Feature", "properties": {"layer": "0 - Linhas Quadras", "dxf_type": "LINE"}, "geometry": {"type": "LineString", "coordinates": [[-54.99403010040145, -10.24464874482487], [-54.99391200370219, -10.244751834214712]]}}, {"type": "Feature", "properties": {"layer": "0 - Linhas Quadras", "dxf_type": "LINE"}, "geometry": {"type": "LineString", "coordinates": [[-54.99391200370219, -10.244751834214712], [-54.99374534383559, -10.24457336969548]]}}, {"type": "Feature", "properties": {"layer": "0 - Linhas Quadras", "dxf_type": "LINE"}, "geometry": {"type": "LineString", "coordinates": [[-54.99391200370219, -10.244751834214712], [-54.99384411586051, -10.244814030837494]]}}, {"type": "Feature", "properties": {"layer": "0 - Linhas Quadras", "dxf_type": "LINE"}, "geometry": {"type": "LineString", "coordinates": [[-54.99384411586051, -10.244814030837494], [-54.99368118634092, -10.244641871557288]]}}, {"type": "Feature", "properties": {"layer": "0 - Linhas Quadras", "dxf_type": "LINE"}, "geometry": {"type": "LineString", "coordinates": [[-54.99384411586051, -10.244814030837494], [-54.993772303051934, -10.244879823424657]]}}, {"type": "Feature", "properties": {"layer": "0 - Linhas Quadras", "dxf_type": "LINE"}, "geometry": {"type": "LineString", "coordinates": [[-54.993772303051934, -10.244879823424657], [-54.99360810751794, -10.244708138086878]]}}, {"type": "Feature", "properties": {"layer": "0 - Linhas Quadras", "dxf_type": "LINE"}, "geometry": {"type": "LineString", "coordinates": [[-54.99384411586051, -10.244814030837494], [-54.993809948880774, -10.244845333407289]]}}, {"type": "Feature", "properties": {"layer": "0 - Linhas Quadras", "dxf_type": "LINE"}, "geometry": {"type": "LineString", "coordinates": [[-54.993809948880774, -10.244845333407289], [-54.9936489268436, -10.244671124038026]]}}, {"type": "Feature", "properties": {"layer": "0 - Linhas Quadras", "dxf_type": "LINE"}, "geometry": {"type": "LineString", "coordinates": [[-54.993772303051934, -10.244879823424657], [-54.99371007002547, -10.244938339788701]]}}, {"type": "Feature", "properties": {"layer": "0 - Linhas Quadras", "dxf_type": "LINE"}, "geometry": {"type": "LineString", "coordinates": [[-54.99371007002547, -10.244938339788701], [-54.99367124973043, -10.244976588277748]]}}, {"type": "Feature", "properties": {"layer": "0 - Linhas Quadras", "dxf_type": "LINE"}, "geometry": {"type": "LineString", "coordinates": [[-54.99367124973043, -10.244976588277748], [-54.993480778792986, -10.244776545620223]]}}, {"type": "Feature", "properties": {"layer": "0 - Linhas Quadras", "dxf_type": "LINE"}, "geometry": {"type": "LineString", "coordinates": [[-54.99281339999677, -10.244389941920513], [-54.99300745842651, -10.244226990595129]]}}, {"type": "Feature", "properties": {"layer": "0 - Linhas Quadras", "dxf_type": "LINE"}, "geometry": {"type": "LineString", "coordinates": [[-54.99300745842651, -10.244226990595129], [-54.9928450618907, -10.244037256675076]]}}, {"type": "Feature", "properties": {"layer": "0 - Linhas Quadras", "dxf_type": "LINE"}, "geometry": {"type": "LineString", "coordinates": [[-54.9928450618907, -10.244037256675076], [-54.992668306493876, -10.244191809750088]]}}, {"type": "Feature", "properties": {"layer": "0 - Linhas Quadras", "dxf_type": "LINE"}, "geometry": {"type": "LineString", "coordinates": [[-54.992668306493876, -10.244191809750088], [-54.99266810372951, -10.244224464439327]]}}, {"type": "Feature", "properties": {"layer": "0 - Linhas Quadras", "dxf_type": "LINE"}, "geometry": {"type": "LineString", "coordinates": [[-54.99266810372951, -10.244224464439327], [-54.99281339999677, -10.244389941920513]]}}, {"type": "Feature", "properties": {"layer": "0 - Linhas Quadras", "dxf_type": "LINE"}, "geometry": {"type": "LineString", "coordinates": [[-54.9928450618907, -10.244037256675076], [-54.99295578628791, -10.243940439678425]]}}, {"type": "Feature", "properties": {"layer": "0 - Linhas Quadras", "dxf_type": "LINE"}, "geometry": {"type": "LineString", "coordinates": [[-54.99295578628791, -10.243940439678425], [-54.993131658590784, -10.244178449268416]]}}, {"type": "Feature", "properties": {"layer": "0 - Linhas Quadras", "dxf_type": "LINE"}, "geometry": {"type": "LineString", "coordinates": [[-54.993131658590784, -10.244178449268416], [-54.9930337120012, -10.244258662431527]]}}, {"type": "Feature", "properties": {"layer": "0 - Linhas Quadras", "dxf_type": "LINE"}, "geometry": {"type": "LineString", "coordinates": [[-54.9930337120012, -10.244258662431527], [-54.99300696116186, -10.244227408752648]]}}, {"type": "Feature", "properties": {"layer": "0 - Linhas Quadras", "dxf_type": "LINE"}, "geometry": {"type": "LineString", "coordinates": [[-54.99295578628791, -10.243940439678425], [-54.99314423325071, -10.243775663801568]]}}, {"type": "Feature", "properties": {"layer": "0 - Linhas Quadras", "dxf_type": "LINE"}, "geometry": {"type": "LineString", "coordinates": [[-54.99314423325071, -10.243775663801568], [-54.993323583772096, -10.244032213397066]]}}, {"type": "Feature", "properties": {"layer": "0 - Linhas Quadras", "dxf_type": "LINE"}, "geometry": {"type": "LineString", "coordinates": [[-54.993323583772096, -10.244032213397066], [-54.993131658590784, -10.244178449268416]]}}, {"type": "Feature", "properties": {"layer": "0 - Linhas Quadras", "dxf_type": "LINE"}, "geometry": {"type": "LineString", "coordinates": [[-54.99295578628791, -10.243940439678425], [-54.99304472547577, -10.243862672073211]]}}, {"type": "Feature", "properties": {"layer": "0 - Linhas Quadras", "dxf_type": "LINE"}, "geometry": {"type": "LineString", "coordinates": [[-54.99304472547577, -10.243862672073211], [-54.99322116732666, -10.244110249523104]]}}, {"type": "Feature", "properties": {"layer": "0 - Linhas Quadras", "dxf_type": "LINE"}, "geometry": {"type": "LineString", "coordinates": [[-54.99314423325071, -10.243775663801568], [-54.99322250002955, -10.24370722741999]]}}, {"type": "Feature", "properties": {"layer": "0 - Linhas Quadras", "dxf_type": "LINE"}, "geometry": {"type": "LineString", "coordinates": [[-54.99322250002955, -10.24370722741999], [-54.993357846953096, -10.243883624999999]]}}, {"type": "Feature", "properties": {"layer": "0 - Linhas Quadras", "dxf_type": "LINE"}, "geometry": {"type": "LineString", "coordinates": [[-54.993357846953096, -10.243883624999999], [-54.993416041358124, -10.243959469692536]]}}, {"type": "Feature", "properties": {"layer": "0 - Linhas Quadras", "dxf_type": "LINE"}, "geometry": {"type": "LineString", "coordinates": [[-54.993416041358124, -10.243959469692536], [-54.993323583772096, -10.244032213397066]]}}, {"type": "Feature", "properties": {"layer": "0 - Linhas Quadras", "dxf_type": "LINE"}, "geometry": {"type": "LineString", "coordinates": [[-54.99322250002955, -10.24370722741999], [-54.993315061645625, -10.243634615440477]]}}, {"type": "Feature", "properties": {"layer": "0 - Linhas Quadras", "dxf_type": "LINE"}, "geometry": {"type": "LineString", "coordinates": [[-54.993315061645625, -10.243634615440477], [-54.99352230226312, -10.243875672116303]]}}, {"type": "Feature", "properties": {"layer": "0 - Linhas Quadras", "dxf_type": "LINE"}, "geometry": {"type": "LineString", "coordinates": [[-54.99352230226312, -10.243875672116303], [-54.993416041358124, -10.243959469692536]]}}, {"type": "Feature", "properties": {"layer": "0 - Linhas Quadras", "dxf_type": "LINE"}, "geometry": {"type": "LineString", "coordinates": [[-54.99331998291446, -10.243640339611146], [-54.993496808100616, -10.243502161023834]]}}, {"type": "Feature", "properties": {"layer": "0 - Linhas Quadras", "dxf_type": "LINE"}, "geometry": {"type": "LineString", "coordinates": [[-54.993496808100616, -10.243502161023834], [-54.99369124920011, -10.243732673015476]]}}, {"type": "Feature", "properties": {"layer": "0 - Linhas Quadras", "dxf_type": "LINE"}, "geometry": {"type": "LineString", "coordinates": [[-54.99369124920011, -10.243732673015476], [-54.99352205131152, -10.243875379505058]]}}, {"type": "Feature", "properties": {"layer": "0 - Linhas Quadras", "dxf_type": "LINE"}, "geometry": {"type": "LineString", "coordinates": [[-54.99340702535311, -10.243572321611248], [-54.99360640393533, -10.243804233560695]]}}, {"type": "Feature", "properties": {"layer": "0 - Linhas Quadras", "dxf_type": "LINE"}, "geometry": {"type": "LineString", "coordinates": [[-54.993496808100616, -10.243502161023834], [-54.99357729396871, -10.243439564899058]]}}, {"type": "Feature", "properties": {"layer": "0 - Linhas Quadras", "dxf_type": "LINE"}, "geometry": {"type": "LineString", "coordinates": [[-54.99357729396871, -10.243439564899058], [-54.993770945747286, -10.243671085272355]]}}, {"type": "Feature", "properties": {"layer": "0 - Linhas Quadras", "dxf_type": "LINE"}, "geometry": {"type": "LineString", "coordinates": [[-54.993770945747286, -10.243671085272355], [-54.99369124920011, -10.243732673015476]]}}, {"type": "Feature", "properties": {"layer": "0 - Linhas Quadras", "dxf_type": "LINE"}, "geometry": {"type": "LineString", "coordinates": [[-54.99357729396871, -10.243439564899058], [-54.99365946016618, -10.243372140426475]]}}, {"type": "Feature", "properties": {"layer": "0 - Linhas Quadras", "dxf_type": "LINE"}, "geometry": {"type": "LineString", "coordinates": [[-54.99365946016618, -10.243372140426475], [-54.99385278045985, -10.243603264600068]]}}, {"type": "Feature", "properties": {"layer": "0 - Linhas Quadras", "dxf_type": "LINE"}, "geometry": {"type": "LineString", "coordinates": [[-54.99385278045985, -10.243603264600068], [-54.993770945747286, -10.243671085272355]]}}, {"type": "Feature", "properties": {"layer": "0 - Linhas Quadras", "dxf_type": "LINE"}, "geometry": {"type": "LineString", "coordinates": [[-54.99365946016618, -10.243372140426475], [-54.993742914307475, -10.243314246683559]]}}, {"type": "Feature", "properties": {"layer": "0 - Linhas Quadras", "dxf_type": "LINE"}, "geometry": {"type": "LineString", "coordinates": [[-54.993742914307475, -10.243314246683559], [-54.993923035365114, -10.243548312994525]]}}, {"type": "Feature", "properties": {"layer": "0 - Linhas Quadras", "dxf_type": "LINE"}, "geometry": {"type": "LineString", "coordinates": [[-54.993923035365114, -10.243548312994525], [-54.99385278045985, -10.243603264600068]]}}, {"type": "Feature", "properties": {"layer": "0 - Linhas Quadras", "dxf_type": "LINE"}, "geometry": {"type": "LineString", "coordinates": [[-54.993742914307475, -10.243314246683559], [-54.99381400892199, -10.243260573898711]]}}, {"type": "Feature", "properties": {"layer": "0 - Linhas Quadras", "dxf_type": "LINE"}, "geometry": {"type": "LineString", "coordinates": [[-54.99381400892199, -10.243260573898711], [-54.99399123607103, -10.243490878278754]]}}, {"type": "Feature", "properties": {"layer": "0 - Linhas Quadras", "dxf_type": "LINE"}, "geometry": {"type": "LineString", "coordinates": [[-54.99399123607103, -10.243490878278754], [-54.993923035365114, -10.243548312994525]]}}, {"type": "Feature", "properties": {"layer": "0 - Linhas Quadras", "dxf_type": "LINE"}, "geometry": {"type": "LineString", "coordinates": [[-54.99381400892199, -10.243260573898711], [-54.993961247786096, -10.243149414140206]]}}, {"type": "Feature", "properties": {"layer": "0 - Linhas Quadras", "dxf_type": "LINE"}, "geometry": {"type": "LineString", "coordinates": [[-54.993961247786096, -10.243149414140206], [-54.99414235301151, -10.243371827636789]]}}, {"type": "Feature", "properties": {"layer": "0 - Linhas Quadras", "dxf_type": "LINE"}, "geometry": {"type": "LineString", "coordinates": [[-54.99414235301151, -10.243371827636789], [-54.99399123607103, -10.243490878278754]]}}, {"type": "Feature", "properties": {"layer": "0 - Linhas Quadras", "dxf_type": "LINE"}, "geometry": {"type": "LineString", "coordinates": [[-54.99399123607103, -10.243490878278754], [-54.99406265729777, -10.243434611392242]]}}, {"type": "Feature", "properties": {"layer": "0 - Linhas Quadras", "dxf_type": "LINE"}, "geometry": {"type": "LineString", "coordinates": [[-54.99406265729777, -10.243434611392242], [-54.99388223985805, -10.243209061876286]]}}, {"type": "Feature", "properties": {"layer": "0 - Linhas Quadras", "dxf_type": "LINE"}, "geometry": {"type": "LineString", "coordinates": [[-54.993961247786096, -10.243149414140206], [-54.994091890523755, -10.243050784218196]]}}, {"type": "Feature", "properties": {"layer": "0 - Linhas Quadras", "dxf_type": "LINE"}, "geometry": {"type": "LineString", "coordinates": [[-54.994091890523755, -10.243050784218196], [-54.99410464298917, -10.243053876560763]]}}, {"type": "Feature", "properties": {"layer": "0 - Linhas Quadras", "dxf_type": "LINE"}, "geometry": {"type": "LineString", "coordinates": [[-54.99410464298917, -10.243053876560763], [-54.99421634696256, -10.243191298218369]]}}, {"type": "Feature", "properties": {"layer": "0 - Linhas Quadras", "dxf_type": "LINE"}, "geometry": {"type": "LineString", "coordinates": [[-54.99421634696256, -10.243191298218369], [-54.99408245036644, -10.243298261250867]]}}, {"type": "Feature", "properties": {"layer": "0 - Linhas Quadras", "dxf_type": "LINE"}, "geometry": {"type": "LineString", "coordinates": [[-54.99414235301151, -10.243371827636789], [-54.99427561020597, -10.243266846553468]]}}, {"type": "Feature", "properties": {"layer": "0 - Linhas Quadras", "dxf_type": "LINE"}, "geometry": {"type": "LineString", "coordinates": [[-54.99427561020597, -10.243266846553468], [-54.99421634696256, -10.243191298218369]]}}, {"type": "Feature", "properties": {"layer": "0 - Linhas Quadras", "dxf_type": "LINE"}, "geometry": {"type": "LineString", "coordinates": [[-54.9930337120012, -10.244258662431527], [-54.99320626275009, -10.244478372427377]]}}, {"type": "Feature", "properties": {"layer": "0 - Linhas Quadras", "dxf_type": "LINE"}, "geometry": {"type": "LineString", "coordinates": [[-54.99320626275009, -10.244478372427377], [-54.99301597219936, -10.244634971766207]]}}, {"type": "Feature", "properties": {"layer": "0 - Linhas Quadras", "dxf_type": "LINE"}, "geometry": {"type": "LineString", "coordinates": [[-54.99301597219936, -10.244634971766207], [-54.99281339999677, -10.244389941920513]]}}, {"type": "Feature", "properties": {"layer": "0 - Linhas Quadras", "dxf_type": "LINE"}, "geometry": {"type": "LineString", "coordinates": [[-54.99284782258283, -10.244431578405463], [-54.99304441510891, -10.244272290024396]]}}, {"type": "Feature", "properties": {"layer": "0 - Linhas Quadras", "dxf_type": "LINE"}, "geometry": {"type": "LineString", "coordinates": [[-54.99284782258283, -10.244431578405463], [-54.99288249217138, -10.244473556287357]]}}, {"type": "Feature", "properties": {"layer": "0 - Linhas Quadras", "dxf_type": "LINE"}, "geometry": {"type": "LineString", "coordinates": [[-54.99288249217138, -10.244473556287357], [-54.99303120891372, -10.244350586575598]]}}, {"type": "Feature", "properties": {"layer": "0 - Linhas Quadras", "dxf_type": "LINE"}, "geometry": {"type": "LineString", "coordinates": [[-54.99303120891372, -10.244350586575598], [-54.99299776292805, -10.244310089652378]]}}, {"type": "Feature", "properties": {"layer": "0 - Linhas Quadras", "dxf_type": "LINE"}, "geometry": {"type": "LineString", "coordinates": [[-54.99288249217138, -10.244473556287357], [-54.9929205333575, -10.244519529520803]]}}, {"type": "Feature", "properties": {"layer": "0 - Linhas Quadras", "dxf_type": "LINE"}, "geometry": {"type": "LineString", "coordinates": [[-54.9929205333575, -10.244519529520803], [-54.9930702568839, -10.244397984259662]]}}, {"type": "Feature", "properties": {"layer": "0 - Linhas Quadras", "dxf_type": "LINE"}, "geometry": {"type": "LineString", "coordinates": [[-54.9930702568839, -10.244397984259662], [-54.99303067866544, -10.24435102531971]]}}, {"type": "Feature", "properties": {"layer": "0 - Linhas Quadras", "dxf_type": "LINE"}, "geometry": {"type": "LineString", "coordinates": [[-54.993125504899126, -10.244544831881742], [-54.993030618774235, -10.244430162314197]]}}, {"type": "Feature", "properties": {"layer": "0 - Linhas Quadras", "dxf_type": "LINE"}, "geometry": {"type": "LineString", "coordinates": [[-54.99307474649493, -10.2445866042098], [-54.99297957960541, -10.244471595733065]]}}, {"type": "Feature", "properties": {"layer": "0 - Linhas Quadras", "dxf_type": "LINE"}, "geometry": {"type": "LineString", "coordinates": [[-54.99320626275009, -10.244478372427377], [-54.99332548412297, -10.244372772837805]]}}, {"type": "Feature", "properties": {"layer": "0 - Linhas Quadras", "dxf_type": "LINE"}, "geometry": {"type": "LineString", "coordinates": [[-54.99332548412297, -10.244372772837805], [-54.99315047551262, -10.24416411172032]]}}, {"type": "Feature", "properties": {"layer": "0 - Linhas Quadras", "dxf_type": "LINE"}, "geometry": {"type": "LineString", "coordinates": [[-54.99320626275009, -10.244478372427377], [-54.993274288965765, -10.24441811842292]]}}, {"type": "Feature", "properties": {"layer": "0 - Linhas Quadras", "dxf_type": "LINE"}, "geometry": {"type": "LineString", "coordinates": [[-54.993274288965765, -10.24441811842292], [-54.99309754291242, -10.244206388591026]]}}, {"type": "Feature", "properties": {"layer": "0 - Linhas Quadras", "dxf_type": "LINE"}, "geometry": {"type": "LineString", "coordinates": [[-54.99332548412297, -10.244372772837805], [-54.99339722219889, -10.244316238745467]]}}, {"type": "Feature", "properties": {"layer": "0 - Linhas Quadras", "dxf_type": "LINE"}, "geometry": {"type": "LineString", "coordinates": [[-54.99339722219889, -10.244316238745467], [-54.99323930015797, -10.244096432924064]]}}, {"type": "Feature", "properties": {"layer": "0 - Linhas Quadras", "dxf_type": "LINE"}, "geometry": {"type": "LineString", "coordinates": [[-54.99339722219889, -10.244316238745467], [-54.99346651236258, -10.244261633859255]]}}, {"type": "Feature", "properties": {"layer": "0 - Linhas Quadras", "dxf_type": "LINE"}, "geometry": {"type": "LineString", "coordinates": [[-54.99346651236258, -10.244261633859255], [-54.99330143814096, -10.244049087606145]]}}, {"type": "Feature", "properties": {"layer": "0 - Linhas Quadras", "dxf_type": "LINE"}, "geometry": {"type": "LineString", "coordinates": [[-54.993374929332454, -10.243991815878541], [-54.993543357133895, -10.2442041179454]]}}, {"type": "Feature", "properties": {"layer": "0 - Linhas Quadras", "dxf_type": "LINE"}, "geometry": {"type": "LineString", "coordinates": [[-54.993543357133895, -10.2442041179454], [-54.99346701750703, -10.24426228418424]]}}, {"type": "Feature", "properties": {"layer": "0 - Linhas Quadras", "dxf_type": "LINE"}, "geometry": {"type": "LineString", "coordinates": [[-54.993543357133895, -10.2442041179454], [-54.99362303645968, -10.24414340696431]]}}, {"type": "Feature", "properties": {"layer": "0 - Linhas Quadras", "dxf_type": "LINE"}, "geometry": {"type": "LineString", "coordinates": [[-54.99362303645968, -10.24414340696431], [-54.99345223788741, -10.243930924885799]]}}, {"type": "Feature", "properties": {"layer": "0 - Linhas Quadras", "dxf_type": "LINE"}, "geometry": {"type": "LineString", "coordinates": [[-54.99352230226312, -10.243875672116303], [-54.9936943939573, -10.244089762081718]]}}, {"type": "Feature", "properties": {"layer": "0 - Linhas Quadras", "dxf_type": "LINE"}, "geometry": {"type": "LineString", "coordinates": [[-54.9936943939573, -10.244089762081718], [-54.99362303645968, -10.24414340696431]]}}, {"type": "Feature", "properties": {"layer": "0 - Linhas Quadras", "dxf_type": "LINE"}, "geometry": {"type": "LineString", "coordinates": [[-54.9936943939573, -10.244089762081718], [-54.99377823104324, -10.244026733743999]]}}, {"type": "Feature", "properties": {"layer": "0 - Linhas Quadras", "dxf_type": "LINE"}, "geometry": {"type": "LineString", "coordinates": [[-54.99377823104324, -10.244026733743999], [-54.99360012106609, -10.24380953334843]]}}, {"type": "Feature", "properties": {"layer": "0 - Linhas Quadras", "dxf_type": "LINE"}, "geometry": {"type": "LineString", "coordinates": [[-54.99377823104324, -10.244026733743999], [-54.99388114268612, -10.243943943129448]]}}, {"type": "Feature", "properties": {"layer": "0 - Linhas Quadras", "dxf_type": "LINE"}, "geometry": {"type": "LineString", "coordinates": [[-54.99388114268612, -10.243943943129448], [-54.99369124920011, -10.243732673015476]]}}, {"type": "Feature", "properties": {"layer": "0 - Linhas Quadras", "dxf_type": "LINE"}, "geometry": {"type": "LineString", "coordinates": [[-54.99388114268612, -10.243943943129448], [-54.9939501967094, -10.243885069239177]]}}, {"type": "Feature", "properties": {"layer": "0 - Linhas Quadras", "dxf_type": "LINE"}, "geometry": {"type": "LineString", "coordinates": [[-54.9939501967094, -10.243885069239177], [-54.99377508592671, -10.243667653319488]]}}, {"type": "Feature", "properties": {"layer": "0 - Linhas Quadras", "dxf_type": "LINE"}, "geometry": {"type": "LineString", "coordinates": [[-54.99385278045985, -10.243603264600068], [-54.99403198551661, -10.243828036543938]]}}, {"type": "Feature", "properties": {"layer": "0 - Linhas Quadras", "dxf_type": "LINE"}, "geometry": {"type": "LineString", "coordinates": [[-54.99403198551661, -10.243828036543938], [-54.9939501967094, -10.243885069239177]]}}, {"type": "Feature", "properties": {"layer": "0 - Linhas Quadras", "dxf_type": "LINE"}, "geometry": {"type": "LineString", "coordinates": [[-54.993923035365114, -10.243548312994525], [-54.99410683666571, -10.243780580553997]]}}, {"type": "Feature", "properties": {"layer": "0 - Linhas Quadras", "dxf_type": "LINE"}, "geometry": {"type": "LineString", "coordinates": [[-54.99410683666571, -10.243780580553997], [-54.99403198551661, -10.243828036543938]]}}, {"type": "Feature", "properties": {"layer": "0 - Linhas Quadras", "dxf_type": "LINE"}, "geometry": {"type": "LineString", "coordinates": [[-54.99410683666571, -10.243780580553997], [-54.9942597230118, -10.24367042543679]]}}, {"type": "Feature", "properties": {"layer": "0 - Linhas Quadras", "dxf_type": "LINE"}, "geometry": {"type": "LineString", "coordinates": [[-54.9942597230118, -10.24367042543679], [-54.994067376029186, -10.243430894652736]]}}, {"type": "Feature", "properties": {"layer": "0 - Linhas Quadras", "dxf_type": "LINE"}, "geometry": {"type": "LineString", "coordinates": [[-54.99418143991612, -10.24372682810427], [-54.993996600482625, -10.243486652096758]]}}, {"type": "Feature", "properties": {"layer": "0 - Linhas Quadras", "dxf_type": "LINE"}, "geometry": {"type": "LineString", "coordinates": [[-54.99433019236781, -10.243605745244556], [-54.99425221175308, -10.243661071422043]]}}, {"type": "Feature", "properties": {"layer": "0 - Linhas Quadras", "dxf_type": "LINE"}, "geometry": {"type": "LineString", "coordinates": [[-54.99433019236781, -10.243605745244556], [-54.99446045579274, -10.243513324599535]]}}, {"type": "Feature", "properties": {"layer": "0 - Linhas Quadras", "dxf_type": "LINE"}, "geometry": {"type": "LineString", "coordinates": [[-54.99446045579274, -10.243513324599535], [-54.99427561020597, -10.243266846553468]]}}, {"type": "Feature", "properties": {"layer": "0 - Linhas Quadras", "dxf_type": "LINE"}, "geometry": {"type": "LineString", "coordinates": [[-54.99431192902437, -10.243618703292148], [-54.994159587700466, -10.243432619627105]]}}, {"type": "Feature", "properties": {"layer": "0 - Linhas Quadras", "dxf_type": "LINE"}, "geometry": {"type": "LineString", "coordinates": [[-54.9943103365, -10.24347951486251], [-54.994242550721076, -10.243533958427964]]}}, {"type": "Feature", "properties": {"layer": "0 - Linhas Quadras", "dxf_type": "LINE"}, "geometry": {"type": "LineString", "coordinates": [[-54.9943103365, -10.24347951486251], [-54.994377402220756, -10.243572250578238]]}}, {"type": "Feature", "properties": {"layer": "0 - Linhas Quadras", "dxf_type": "LINE"}, "geometry": {"type": "LineString", "coordinates": [[-54.9943103365, -10.24347951486251], [-54.99439073762682, -10.243420361020085]]}}, {"type": "Feature", "properties": {"layer": "0 - Linhas Quadras", "dxf_type": "LINE"}, "geometry": {"type": "LineString", "coordinates": [[-54.994159587700466, -10.243432619627105], [-54.99412300849693, -10.243387066830463]]}}, {"type": "Feature", "properties": {"layer": "0 - Linhas Quadras", "dxf_type": "LINE"}, "geometry": {"type": "LineString", "coordinates": [[-54.99239856440765, -10.243900928571472], [-54.99224994286755, -10.243725762114229]]}}, {"type": "Feature", "properties": {"layer": "0 - Linhas Quadras", "dxf_type": "LINE"}, "geometry": {"type": "LineString", "coordinates": [[-54.99224994286755, -10.243725762114229], [-54.99236795867124, -10.24362682275214]]}}, {"type": "Feature", "properties": {"layer": "0 - Linhas Quadras", "dxf_type": "LINE"}, "geometry": {"type": "LineString", "coordinates": [[-54.99236795867124, -10.24362682275214], [-54.99251755558234, -10.24380188309568]]}}, {"type": "Feature", "properties": {"layer": "0 - Linhas Quadras", "dxf_type": "LINE"}, "geometry": {"type": "LineString", "coordinates": [[-54.99266154654724, -10.243985928108913], [-54.99254899981001, -10.244082419169665]]}}, {"type": "Feature", "properties": {"layer": "0 - Linhas Quadras", "dxf_type": "LINE"}, "geometry": {"type": "LineString", "coordinates": [[-54.99254899981001, -10.244082419169665], [-54.99239856440765, -10.243900928571472]]}}, {"type": "Feature", "properties": {"layer": "0 - Linhas Quadras", "dxf_type": "LINE"}, "geometry": {"type": "LineString", "coordinates": [[-54.99266154654724, -10.243985928108913], [-54.99252092384483, -10.243805825099429]]}}, {"type": "Feature", "properties": {"layer": "0 - Linhas Quadras", "dxf_type": "LINE"}, "geometry": {"type": "LineString", "coordinates": [[-54.99236795867124, -10.24362682275214], [-54.99245306102276, -10.243555475677201]]}}, {"type": "Feature", "properties": {"layer": "0 - Linhas Quadras", "dxf_type": "LINE"}, "geometry": {"type": "LineString", "coordinates": [[-54.99245306102276, -10.243555475677201], [-54.9926068936261, -10.24373426549808]]}}, {"type": "Feature", "properties": {"layer": "0 - Linhas Quadras", "dxf_type": "LINE"}, "geometry": {"type": "LineString", "coordinates": [[-54.9926068936261, -10.24373426549808], [-54.99252092384483, -10.243805825099429]]}}, {"type": "Feature", "properties": {"layer": "0 - Linhas Quadras", "dxf_type": "LINE"}, "geometry": {"type": "LineString", "coordinates": [[-54.99252092384483, -10.243805825099429], [-54.992517569344855, -10.243801871429685]]}}, {"type": "Feature", "properties": {"layer": "0 - Linhas Quadras", "dxf_type": "LINE"}, "geometry": {"type": "LineString", "coordinates": [[-54.99245306102276, -10.243555475677201], [-54.992535979804906, -10.243485960897344]]}}, {"type": "Feature", "properties": {"layer": "0 - Linhas Quadras", "dxf_type": "LINE"}, "geometry": {"type": "LineString", "coordinates": [[-54.992535979804906, -10.243485960897344], [-54.99269458176252, -10.243671559531002]]}}, {"type": "Feature", "properties": {"layer": "0 - Linhas Quadras", "dxf_type": "LINE"}, "geometry": {"type": "LineString", "coordinates": [[-54.99269458176252, -10.243671559531002], [-54.9926068936261, -10.24373426549808]]}}, {"type": "Feature", "properties": {"layer": "0 - Linhas Quadras", "dxf_type": "LINE"}, "geometry": {"type": "LineString", "coordinates": [[-54.9929809446629, -10.243728882257946], [-54.992719531677324, -10.243949398899678]]}}, {"type": "Feature", "properties": {"layer": "0 - Linhas Quadras", "dxf_type": "LINE"}, "geometry": {"type": "LineString", "coordinates": [[-54.992719531677324, -10.243949398899678], [-54.99270357114695, -10.243949245225487]]}}, {"type": "Feature", "properties": {"layer": "0 - Linhas Quadras", "dxf_type": "LINE"}, "geometry": {"type": "LineString", "coordinates": [[-54.99270357114695, -10.243949245225487], [-54.99265935116596, -10.243983116920562]]}}, {"type": "Feature", "properties": {"layer": "0 - Linhas Quadras", "dxf_type": "LINE"}, "geometry": {"type": "LineString", "coordinates": [[-54.9929809446629, -10.243728882257946], [-54.992830773608425, -10.243554232538337]]}}, {"type": "Feature", "properties": {"layer": "0 - Linhas Quadras", "dxf_type": "LINE"}, "geometry": {"type": "LineString", "coordinates": [[-54.992830773608425, -10.243554232538337], [-54.99269458176252, -10.243671559531002]]}}, {"type": "Feature", "properties": {"layer": "0 - Linhas Quadras", "dxf_type": "LINE"}, "geometry": {"type": "LineString", "coordinates": [[-54.99291315967365, -10.243786063474456], [-54.99276177892619, -10.243613670579474]]}}, {"type": "Feature", "properties": {"layer": "0 - Linhas Quadras", "dxf_type": "LINE"}, "geometry": {"type": "LineString", "coordinates": [[-54.99276331093713, -10.243912469221517], [-54.9926068936261, -10.24373426549808]]}}, {"type": "Feature", "properties": {"layer": "0 - Linhas Quadras", "dxf_type": "LINE"}, "geometry": {"type": "LineString", "coordinates": [[-54.99285003361565, -10.24383931335578], [-54.99269458176252, -10.243671559531002]]}}, {"type": "Feature", "properties": {"layer": "0 - Linhas Quadras", "dxf_type": "LINE"}, "geometry": {"type": "LineString", "coordinates": [[-54.99254123694004, -10.243492112897084], [-54.992683034842365, -10.243371020489958]]}}, {"type": "Feature", "properties": {"layer": "0 - Linhas Quadras", "dxf_type": "LINE"}, "geometry": {"type": "LineString", "coordinates": [[-54.992683034842365, -10.243371020489958], [-54.992830773608425, -10.243554232538337]]}}, {"type": "Feature", "properties": {"layer": "0 - Linhas Quadras", "dxf_type": "LINE"}, "geometry": {"type": "LineString", "coordinates": [[-54.99276177892619, -10.243613670579474], [-54.992607045412605, -10.243435913868458]]}}, {"type": "Feature", "properties": {"layer": "0 - Linhas Quadras", "dxf_type": "LINE"}, "geometry": {"type": "LineString", "coordinates": [[-54.992752534735224, -10.24331540464167], [-54.99268550515388, -10.243374083760795]]}}, {"type": "Feature", "properties": {"layer": "0 - Linhas Quadras", "dxf_type": "LINE"}, "geometry": {"type": "LineString", "coordinates": [[-54.993861913224954, -10.24271902195581], [-54.993735134769565, -10.242562653236018]]}}, {"type": "Feature", "properties": {"layer": "0 - Linhas Quadras", "dxf_type": "LINE"}, "geometry": {"type": "LineString", "coordinates": [[-54.993735134769565, -10.242562653236018], [-54.99372223498389, -10.24256252935558]]}}, {"type": "Feature", "properties": {"layer": "0 - Linhas Quadras", "dxf_type": "LINE"}, "geometry": {"type": "LineString", "coordinates": [[-54.993861913224954, -10.24271902195581], [-54.99379606673465, -10.242776822822954]]}}, {"type": "Feature", "properties": {"layer": "0 - Linhas Quadras", "dxf_type": "LINE"}, "geometry": {"type": "LineString", "coordinates": [[-54.99379606673465, -10.242776822822954], [-54.9936604555115, -10.24261256981597]]}}, {"type": "Feature", "properties": {"layer": "0 - Linhas Quadras", "dxf_type": "LINE"}, "geometry": {"type": "LineString", "coordinates": [[-54.99372223498389, -10.24256252935558], [-54.9936604555115, -10.24261256981597]]}}, {"type": "Feature", "properties": {"layer": "0 - Linhas Quadras", "dxf_type": "LINE"}, "geometry": {"type": "LineString", "coordinates": [[-54.99356495866123, -10.242670783373562], [-54.993707944900336, -10.2428425347498]]}}, {"type": "Feature", "properties": {"layer": "0 - Linhas Quadras", "dxf_type": "LINE"}, "geometry": {"type": "LineString", "coordinates": [[-54.993707944900336, -10.2428425347498], [-54.99376647271538, -10.242802812373611]]}}, {"type": "Feature", "properties": {"layer": "0 - Linhas Quadras", "dxf_type": "LINE"}, "geometry": {"type": "LineString", "coordinates": [[-54.99376647271538, -10.242802812373611], [-54.99379606673465, -10.242776822822954]]}}, {"type": "Feature", "properties": {"layer": "0 - Linhas Quadras", "dxf_type": "LINE"}, "geometry": {"type": "LineString", "coordinates": [[-54.993707944900336, -10.2428425347498], [-54.993648046880196, -10.242883186928466]]}}, {"type": "Feature", "properties": {"layer": "0 - Linhas Quadras", "dxf_type": "LINE"}, "geometry": {"type": "LineString", "coordinates": [[-54.993648046880196, -10.242883186928466], [-54.99350915923514, -10.242716358264024]]}}, {"type": "Feature", "properties": {"layer": "0 - Linhas Quadras", "dxf_type": "LINE"}, "geometry": {"type": "LineString", "coordinates": [[-54.99350915923514, -10.242716358264024], [-54.993650700166874, -10.242600754129924]]}}, {"type": "Feature", "properties": {"layer": "0 - Linhas Quadras", "dxf_type": "LINE"}, "geometry": {"type": "LineString", "coordinates": [[-54.993650700166874, -10.242600754129924], [-54.9936604555115, -10.24261256981597]]}}, {"type": "Feature", "properties": {"layer": "0 - Linhas Quadras", "dxf_type": "LINE"}, "geometry": {"type": "LineString", "coordinates": [[-54.993648046880196, -10.242883186928466], [-54.993571122184484, -10.242947811780091]]}}, {"type": "Feature", "properties": {"layer": "0 - Linhas Quadras", "dxf_type": "LINE"}, "geometry": {"type": "LineString", "coordinates": [[-54.993571122184484, -10.242947811780091], [-54.993427990747826, -10.242781161184173]]}}, {"type": "Feature", "properties": {"layer": "0 - Linhas Quadras", "dxf_type": "LINE"}, "geometry": {"type": "LineString", "coordinates": [[-54.993427990747826, -10.242781161184173], [-54.99350842013357, -10.242715470572428]]}}, {"type": "Feature", "properties": {"layer": "0 - Linhas Quadras", "dxf_type": "LINE"}, "geometry": {"type": "LineString", "coordinates": [[-54.993571122184484, -10.242947811780091], [-54.993495850669305, -10.243010473548985]]}}, {"type": "Feature", "properties": {"layer": "0 - Linhas Quadras", "dxf_type": "LINE"}, "geometry": {"type": "LineString", "coordinates": [[-54.993495850669305, -10.243010473548985], [-54.99335308883815, -10.242842230686584]]}}, {"type": "Feature", "properties": {"layer": "0 - Linhas Quadras", "dxf_type": "LINE"}, "geometry": {"type": "LineString", "coordinates": [[-54.99335308883815, -10.242842230686584], [-54.99342697243436, -10.242779976187247]]}}, {"type": "Feature", "properties": {"layer": "0 - Linhas Quadras", "dxf_type": "LINE"}, "geometry": {"type": "LineString", "coordinates": [[-54.99335308883815, -10.242842230686584], [-54.992752534735224, -10.24331540464167]]}}, {"type": "Feature", "properties": {"layer": "0 - Linhas Quadras", "dxf_type": "LINE"}, "geometry": {"type": "LineString", "coordinates": [[-54.993495850669305, -10.243010473548985], [-54.993453934269475, -10.243045368384182]]}}, {"type": "Feature", "properties": {"layer": "0 - Linhas Quadras", "dxf_type": "LINE"}, "geometry": {"type": "LineString", "coordinates": [[-54.993453934269475, -10.243045368384182], [-54.99340924372802, -10.243088213253403]]}}, {"type": "Feature", "properties": {"layer": "0 - Linhas Quadras", "dxf_type": "LINE"}, "geometry": {"type": "LineString", "coordinates": [[-54.99340924372802, -10.243088213253403], [-54.99326648971658, -10.24291046205868]]}}, {"type": "Feature", "properties": {"layer": "0 - Linhas Quadras", "dxf_type": "LINE"}, "geometry": {"type": "LineString", "coordinates": [[-54.99330910209648, -10.243125735305517], [-54.993186701323644, -10.242973326370974]]}}, {"type": "Feature", "properties": {"layer": "0 - Linhas Quadras", "dxf_type": "LINE"}, "geometry": {"type": "LineString", "coordinates": [[-54.992752534735224, -10.24331540464167], [-54.99291985818353, -10.24351034389703]]}}, {"type": "Feature", "properties": {"layer": "0 - Linhas Quadras", "dxf_type": "LINE"}, "geometry": {"type": "LineString", "coordinates": [[-54.99291985818353, -10.24351034389703], [-54.99284635186251, -10.24357235107594]]}}, {"type": "Feature", "properties": {"layer": "0 - Linhas Quadras", "dxf_type": "LINE"}, "geometry": {"type": "LineString", "coordinates": [[-54.99340924372802, -10.243088213253403], [-54.993434503912226, -10.243119666497703]]}}, {"type": "Feature", "properties": {"layer": "0 - Linhas Quadras", "dxf_type": "LINE"}, "geometry": {"type": "LineString", "coordinates": [[-54.99335329297542, -10.243183652873423], [-54.99330910209648, -10.243125735305517]]}}, {"type": "Feature", "properties": {"layer": "0 - Linhas Quadras", "dxf_type": "LINE"}, "geometry": {"type": "LineString", "coordinates": [[-54.99330910209648, -10.243125735305517], [-54.992880918914885, -10.243464977997725]]}}, {"type": "Feature", "properties": {"layer": "0 - Linhas Quadras", "dxf_type": "LINE"}, "geometry": {"type": "LineString", "coordinates": [[-54.99322603435146, -10.243191549664571], [-54.99310345431539, -10.243038917230948]]}}, {"type": "Feature", "properties": {"layer": "0 - Linhas Quadras", "dxf_type": "LINE"}, "geometry": {"type": "LineString", "coordinates": [[-54.993032623674246, -10.243094723826513], [-54.99314880074975, -10.243252739387396]]}}, {"type": "Feature", "properties": {"layer": "0 - Linhas Quadras", "dxf_type": "LINE"}, "geometry": {"type": "LineString", "coordinates": [[-54.99288630685161, -10.243210006159895], [-54.993009772289064, -10.243362889998659]]}}, {"type": "Feature", "properties": {"layer": "0 - Linhas Quadras", "dxf_type": "LINE"}, "geometry": {"type": "LineString", "coordinates": [[-54.992955336258575, -10.243155618490748], [-54.993078652304234, -10.243308316983983]]}}, {"type": "Feature", "properties": {"layer": "0 - Linhas Quadras", "dxf_type": "LINE"}, "geometry": {"type": "LineString", "coordinates": [[-54.993861913224954, -10.24271902195581], [-54.99402199843801, -10.242923974897188]]}}, {"type": "Feature", "properties": {"layer": "0 - Linhas Quadras", "dxf_type": "LINE"}, "geometry": {"type": "LineString", "coordinates": [[-54.99402199843801, -10.242923974897188], [-54.994021822721834, -10.242941904902219]]}}, {"type": "Feature", "properties": {"layer": "0 - Linhas Quadras", "dxf_type": "LINE"}, "geometry": {"type": "LineString", "coordinates": [[-54.994021822721834, -10.242941904902219], [-54.993950451946276, -10.242996118402099]]}}, {"type": "Feature", "properties": {"layer": "0 - Linhas Quadras", "dxf_type": "LINE"}, "geometry": {"type": "LineString", "coordinates": [[-54.993950451946276, -10.242996118402099], [-54.993786197168525, -10.242785490195011]]}}, {"type": "Feature", "properties": {"layer": "0 - Linhas Quadras", "dxf_type": "LINE"}, "geometry": {"type": "LineString", "coordinates": [[-54.993950451946276, -10.242996118402099], [-54.993882102094, -10.243048409800313]]}}, {"type": "Feature", "properties": {"layer": "0 - Linhas Quadras", "dxf_type": "LINE"}, "geometry": {"type": "LineString", "coordinates": [[-54.993882102094, -10.243048409800313], [-54.99371756190469, -10.242836008115935]]}}, {"type": "Feature", "properties": {"layer": "0 - Linhas Quadras", "dxf_type": "LINE"}, "geometry": {"type": "LineString", "coordinates": [[-54.993571122184484, -10.242947811780091], [-54.99373598282927, -10.24316163285585]]}}, {"type": "Feature", "properties": {"layer": "0 - Linhas Quadras", "dxf_type": "LINE"}, "geometry": {"type": "LineString", "coordinates": [[-54.99373598282927, -10.24316163285585], [-54.993882102094, -10.243048409800313]]}}, {"type": "Feature", "properties": {"layer": "0 - Linhas Quadras", "dxf_type": "LINE"}, "geometry": {"type": "LineString", "coordinates": [[-54.99373598282927, -10.24316163285585], [-54.99381562417173, -10.243101105031101]]}}, {"type": "Feature", "properties": {"layer": "0 - Linhas Quadras", "dxf_type": "LINE"}, "geometry": {"type": "LineString", "coordinates": [[-54.99381562417173, -10.243101105031101], [-54.993648046880196, -10.242883186928466]]}}, {"type": "Feature", "properties": {"layer": "0 - Linhas Quadras", "dxf_type": "LINE"}, "geometry": {"type": "LineString", "coordinates": [[-54.99251755558234, -10.24380188309568], [-54.99239856440765, -10.243900928571472]]}}, {"type": "Feature", "properties": {"layer": "0 - Linhas Quadras", "dxf_type": "LINE"}, "geometry": {"type": "LineString", "coordinates": [[-54.993434503912226, -10.243119666497703], [-54.99357121595181, -10.24328214929661]]}}, {"type": "Feature", "properties": {"layer": "0 - Linhas Quadras", "dxf_type": "LINE"}, "geometry": {"type": "LineString", "coordinates": [[-54.99357121595181, -10.24328214929661], [-54.99373598282927, -10.24316163285585]]}}, {"type": "Feature", "properties": {"layer": "0 - Linhas Quadras", "dxf_type": "LINE"}, "geometry": {"type": "LineString", "coordinates": [[-54.99373598282927, -10.24316163285585], [-54.9936515590179, -10.243223383076677]]}}, {"type": "Feature", "properties": {"layer": "0 - Linhas Quadras", "dxf_type": "LINE"}, "geometry": {"type": "LineString", "coordinates": [[-54.9936515590179, -10.243223383076677], [-54.9934883407612, -10.24301672572983]]}}, {"type": "Feature", "properties": {"layer": "0 - Linhas Quadras", "dxf_type": "LINE"}, "geometry": {"type": "LineString", "coordinates": [[-54.99291985818353, -10.24351034389703], [-54.99305685370745, -10.243669951461573]]}}, {"type": "Feature", "properties": {"layer": "0 - Linhas Quadras", "dxf_type": "LINE"}, "geometry": {"type": "LineString", "coordinates": [[-54.99305685370745, -10.243669951461573], [-54.9929809446629, -10.243728882257946]]}}, {"type": "Feature", "properties": {"layer": "0 - Linhas Quadras", "dxf_type": "LINE"}, "geometry": {"type": "LineString", "coordinates": [[-54.99305685370745, -10.243669951461573], [-54.99321685580286, -10.243545733318584]]}}, {"type": "Feature", "properties": {"layer": "0 - Linhas Quadras", "dxf_type": "LINE"}, "geometry": {"type": "LineString", "coordinates": [[-54.99295080694842, -10.243409606751392], [-54.993118780849194, -10.243621873593844]]}}, {"type": "Feature", "properties": {"layer": "0 - Linhas Quadras", "dxf_type": "LINE"}, "geometry": {"type": "LineString", "coordinates": [[-54.993471378623106, -10.24333367139069], [-54.99335329297542, -10.243183652873423]]}}, {"type": "Feature", "properties": {"layer": "0 - Linhas Quadras", "dxf_type": "LINE"}, "geometry": {"type": "LineString", "coordinates": [[-54.993471378623106, -10.24333367139069], [-54.9935558783717, -10.24326392018744]]}}, {"type": "Feature", "properties": {"layer": "0 - Linhas Quadras", "dxf_type": "LINE"}, "geometry": {"type": "LineString", "coordinates": [[-54.993471378623106, -10.24333367139069], [-54.993351245458435, -10.243432836806633]]}}, {"type": "Feature", "properties": {"layer": "0 - Linhas Quadras", "dxf_type": "LINE"}, "geometry": {"type": "LineString", "coordinates": [[-54.993351245458435, -10.243432836806633], [-54.99318356174604, -10.24322519903459]]}}, {"type": "Feature", "properties": {"layer": "0 - Linhas Quadras", "dxf_type": "LINE"}, "geometry": {"type": "LineString", "coordinates": [[-54.993351245458435, -10.243432836806633], [-54.99321685580286, -10.243545733318584]]}}, {"type": "Feature", "properties": {"layer": "0 - Linhas Quadras", "dxf_type": "LINE"}, "geometry": {"type": "LineString", "coordinates": [[-54.993351245458435, -10.243432836806633], [-54.99325450538709, -10.243514106086185]]}}, {"type": "Feature", "properties": {"layer": "0 - Linhas Quadras", "dxf_type": "LINE"}, "geometry": {"type": "LineString", "coordinates": [[-54.99325450538709, -10.243514106086185], [-54.99308454424702, -10.243303649345604]]}}, {"type": "Feature", "properties": {"layer": "0 - Linhas Quadras", "dxf_type": "LINE"}, "geometry": {"type": "LineString", "coordinates": [[-54.99325450538709, -10.243514106086185], [-54.99316194004749, -10.243587604776234]]}}, {"type": "Feature", "properties": {"layer": "0 - Linhas Quadras", "dxf_type": "LINE"}, "geometry": {"type": "LineString", "coordinates": [[-54.99316194004749, -10.243587604776234], [-54.992991900174395, -10.2433770489787]]}}, {"type": "Feature", "properties": {"layer": "0 - Linhas Quadras", "dxf_type": "LINE"}, "geometry": {"type": "LineString", "coordinates": [[-54.99330910209648, -10.243125735305517], [-54.99338889051507, -10.24306287096638]]}}, {"type": "Feature", "properties": {"layer": "0 - Linhas Quadras", "dxf_type": "LINE"}, "geometry": {"type": "LineString", "coordinates": [[-54.993888642459176, -10.242434143393218], [-54.99408199270736, -10.24264957909195]]}}, {"type": "Feature", "properties": {"layer": "0 - Linhas Quadras", "dxf_type": "LINE"}, "geometry": {"type": "LineString", "coordinates": [[-54.99408199270736, -10.24264957909195], [-54.993998373265676, -10.242723204699823]]}}, {"type": "Feature", "properties": {"layer": "0 - Linhas Quadras", "dxf_type": "LINE"}, "geometry": {"type": "LineString", "coordinates": [[-54.99381046736042, -10.242494752630863], [-54.993888642459176, -10.242434143393218]]}}, {"type": "Feature", "properties": {"layer": "0 - Linhas Quadras", "dxf_type": "LINE"}, "geometry": {"type": "LineString", "coordinates": [[-54.993888642459176, -10.242434143393218], [-54.99396497631302, -10.242366936801247]]}}, {"type": "Feature", "properties": {"layer": "0 - Linhas Quadras", "dxf_type": "LINE"}, "geometry": {"type": "LineString", "coordinates": [[-54.9939598684858, -10.242371433937786], [-54.99411709905774, -10.242546625668925]]}}, {"type": "Feature", "properties": {"layer": "0 - Linhas Quadras", "dxf_type": "LINE"}, "geometry": {"type": "LineString", "coordinates": [[-54.99411636399282, -10.242547272862023], [-54.9940458757359, -10.242609336981285]]}}, {"type": "Feature", "properties": {"layer": "0 - Linhas Quadras", "dxf_type": "LINE"}, "geometry": {"type": "LineString", "coordinates": [[-54.9939598684858, -10.242371433937786], [-54.99403730001459, -10.242304978021815]]}}, {"type": "Feature", "properties": {"layer": "0 - Linhas Quadras", "dxf_type": "LINE"}, "geometry": {"type": "LineString", "coordinates": [[-54.99403730001459, -10.242304978021815], [-54.99418471593979, -10.24248591506636]]}}, {"type": "Feature", "properties": {"layer": "0 - Linhas Quadras", "dxf_type": "LINE"}, "geometry": {"type": "LineString", "coordinates": [[-54.99418471593979, -10.24248591506636], [-54.994114997644935, -10.242547301494438]]}}, {"type": "Feature", "properties": {"layer": "0 - Linhas Quadras", "dxf_type": "LINE"}, "geometry": {"type": "LineString", "coordinates": [[-54.99403730001459, -10.242304978021815], [-54.99410634415374, -10.242245719794994]]}}, {"type": "Feature", "properties": {"layer": "0 - Linhas Quadras", "dxf_type": "LINE"}, "geometry": {"type": "LineString", "coordinates": [[-54.99410634415374, -10.242245719794994], [-54.99426556975014, -10.242427729390512]]}}, {"type": "Feature", "properties": {"layer": "0 - Linhas Quadras", "dxf_type": "LINE"}, "geometry": {"type": "LineString", "coordinates": [[-54.99426556975014, -10.242427729390512], [-54.99419126489261, -10.242486623460156]]}}, {"type": "Feature", "properties": {"layer": "0 - Linhas Quadras", "dxf_type": "LINE"}, "geometry": {"type": "LineString", "coordinates": [[-54.99419126489261, -10.242486623460156], [-54.994188018680276, -10.242483007636814]]}}, {"type": "Feature", "properties": {"layer": "0 - Linhas Quadras", "dxf_type": "LINE"}, "geometry": {"type": "LineString", "coordinates": [[-54.994188018680276, -10.242483007636814], [-54.99418471593979, -10.24248591506636]]}}, {"type": "Feature", "properties": {"layer": "0 - Linhas Quadras", "dxf_type": "LINE"}, "geometry": {"type": "LineString", "coordinates": [[-54.99410634415374, -10.242245719794994], [-54.99417531302255, -10.242186527070556]]}}, {"type": "Feature", "properties": {"layer": "0 - Linhas Quadras", "dxf_type": "LINE"}, "geometry": {"type": "LineString", "coordinates": [[-54.99417531302255, -10.242186527070556], [-54.994338345745156, -10.24237424216724]]}}, {"type": "Feature", "properties": {"layer": "0 - Linhas Quadras", "dxf_type": "LINE"}, "geometry": {"type": "LineString", "coordinates": [[-54.994338345745156, -10.24237424216724], [-54.99426556975014, -10.242427729390512]]}}, {"type": "Feature", "properties": {"layer": "0 - Linhas Quadras", "dxf_type": "LINE"}, "geometry": {"type": "LineString", "coordinates": [[-54.99417531302255, -10.242186527070556], [-54.994244281866465, -10.2421273343264]]}}, {"type": "Feature", "properties": {"layer": "0 - Linhas Quadras", "dxf_type": "LINE"}, "geometry": {"type": "LineString", "coordinates": [[-54.994244281866465, -10.2421273343264], [-54.99441398928911, -10.242312452913783]]}}, {"type": "Feature", "properties": {"layer": "0 - Linhas Quadras", "dxf_type": "LINE"}, "geometry": {"type": "LineString", "coordinates": [[-54.99441398928911, -10.242312452913783], [-54.99433846401764, -10.242374155216334]]}}, {"type": "Feature", "properties": {"layer": "0 - Linhas Quadras", "dxf_type": "LINE"}, "geometry": {"type": "LineString", "coordinates": [[-54.994244281866465, -10.2421273343264], [-54.99432535594226, -10.242054416956043]]}}, {"type": "Feature", "properties": {"layer": "0 - Linhas Quadras", "dxf_type": "LINE"}, "geometry": {"type": "LineString", "coordinates": [[-54.99432535594226, -10.242054416956043], [-54.99449057965449, -10.242249861370354]]}}, {"type": "Feature", "properties": {"layer": "0 - Linhas Quadras", "dxf_type": "LINE"}, "geometry": {"type": "LineString", "coordinates": [[-54.99449057965449, -10.242249861370354], [-54.99441398928911, -10.242312452913783]]}}, {"type": "Feature", "properties": {"layer": "0 - Linhas Quadras", "dxf_type": "LINE"}, "geometry": {"type": "LineString", "coordinates": [[-54.99432535594226, -10.242054416956043], [-54.9943941669853, -10.241992444540864]]}}, {"type": "Feature", "properties": {"layer": "0 - Linhas Quadras", "dxf_type": "LINE"}, "geometry": {"type": "LineString", "coordinates": [[-54.9943941669853, -10.241992444540864], [-54.994561283033896, -10.242193618801466]]}}, {"type": "Feature", "properties": {"layer": "0 - Linhas Quadras", "dxf_type": "LINE"}, "geometry": {"type": "LineString", "coordinates": [[-54.994561283033896, -10.242193618801466], [-54.99449057965449, -10.242249861370354]]}}, {"type": "Feature", "properties": {"layer": "0 - Linhas Quadras", "dxf_type": "LINE"}, "geometry": {"type": "LineString", "coordinates": [[-54.9943941669853, -10.241992444540864], [-54.994468439812835, -10.24192555410633]]}}, {"type": "Feature", "properties": {"layer": "0 - Linhas Quadras", "dxf_type": "LINE"}, "geometry": {"type": "LineString", "coordinates": [[-54.994468439812835, -10.24192555410633], [-54.99464682278085, -10.242132552177072]]}}, {"type": "Feature", "properties": {"layer": "0 - Linhas Quadras", "dxf_type": "LINE"}, "geometry": {"type": "LineString", "coordinates": [[-54.99464682278085, -10.242132552177072], [-54.994561283033896, -10.242193618801466]]}}, {"type": "Feature", "properties": {"layer": "0 - Linhas Quadras", "dxf_type": "LINE"}, "geometry": {"type": "LineString", "coordinates": [[-54.994468439812835, -10.24192555410633], [-54.99454479141871, -10.24186100225891]]}}, {"type": "Feature", "properties": {"layer": "0 - Linhas Quadras", "dxf_type": "LINE"}, "geometry": {"type": "LineString", "coordinates": [[-54.99454479141871, -10.24186100225891], [-54.994729661340685, -10.24207552747638]]}}, {"type": "Feature", "properties": {"layer": "0 - Linhas Quadras", "dxf_type": "LINE"}, "geometry": {"type": "LineString", "coordinates": [[-54.994729661340685, -10.24207552747638], [-54.99464682278085, -10.242132552177072]]}}, {"type": "Feature", "properties": {"layer": "0 - Linhas Quadras", "dxf_type": "LINE"}, "geometry": {"type": "LineString", "coordinates": [[-54.99454479141871, -10.24186100225891], [-54.994614202272246, -10.24180231923547]]}}, {"type": "Feature", "properties": {"layer": "0 - Linhas Quadras", "dxf_type": "LINE"}, "geometry": {"type": "LineString", "coordinates": [[-54.994614202272246, -10.24180231923547], [-54.99480336574062, -10.242021825286677]]}}, {"type": "Feature", "properties": {"layer": "0 - Linhas Quadras", "dxf_type": "LINE"}, "geometry": {"type": "LineString", "coordinates": [[-54.99480336574062, -10.242021825286677], [-54.994729661340685, -10.24207552747638]]}}, {"type": "Feature", "properties": {"layer": "0 - Linhas Quadras", "dxf_type": "LINE"}, "geometry": {"type": "LineString", "coordinates": [[-54.994614202272246, -10.24180231923547], [-54.99468465076415, -10.241742759459108]]}}, {"type": "Feature", "properties": {"layer": "0 - Linhas Quadras", "dxf_type": "LINE"}, "geometry": {"type": "LineString", "coordinates": [[-54.99468465076415, -10.241742759459108], [-54.99488288887103, -10.241967832637144]]}}, {"type": "Feature", "properties": {"layer": "0 - Linhas Quadras", "dxf_type": "LINE"}, "geometry": {"type": "LineString", "coordinates": [[-54.99488288887103, -10.241967832637144], [-54.99480336574062, -10.242021825286677]]}}, {"type": "Feature", "properties": {"layer": "0 - Linhas Quadras", "dxf_type": "LINE"}, "geometry": {"type": "LineString", "coordinates": [[-54.99468465076415, -10.241742759459108], [-54.99477246836084, -10.241666422404652]]}}, {"type": "Feature", "properties": {"layer": "0 - Linhas Quadras", "dxf_type": "LINE"}, "geometry": {"type": "LineString", "coordinates": [[-54.99477246836084, -10.241666422404652], [-54.99497087342787, -10.241890346773312]]}}, {"type": "Feature", "properties": {"layer": "0 - Linhas Quadras", "dxf_type": "LINE"}, "geometry": {"type": "LineString", "coordinates": [[-54.99497087342787, -10.241890346773312], [-54.994882159429665, -10.241967004666668]]}}, {"type": "Feature", "properties": {"layer": "0 - Linhas Quadras", "dxf_type": "LINE"}, "geometry": {"type": "LineString", "coordinates": [[-54.99472617835747, -10.241706660696693], [-54.994923794873905, -10.2419310276712]]}}, {"type": "Feature", "properties": {"layer": "0 - Linhas Quadras", "dxf_type": "LINE"}, "geometry": {"type": "LineString", "coordinates": [[-54.99477246836084, -10.241666422404652], [-54.994841058221525, -10.241606799599134]]}}, {"type": "Feature", "properties": {"layer": "0 - Linhas Quadras", "dxf_type": "LINE"}, "geometry": {"type": "LineString", "coordinates": [[-54.994841058221525, -10.241606799599134], [-54.99503914524857, -10.241830364918622]]}}, {"type": "Feature", "properties": {"layer": "0 - Linhas Quadras", "dxf_type": "LINE"}, "geometry": {"type": "LineString", "coordinates": [[-54.99503914524857, -10.241830364918622], [-54.99497087342787, -10.241890346773312]]}}, {"type": "Feature", "properties": {"layer": "0 - Linhas Quadras", "dxf_type": "LINE"}, "geometry": {"type": "LineString", "coordinates": [[-54.994841058221525, -10.241606799599134], [-54.99490964896977, -10.24154717677967]]}}, {"type": "Feature", "properties": {"layer": "0 - Linhas Quadras", "dxf_type": "LINE"}, "geometry": {"type": "LineString", "coordinates": [[-54.99490964896977, -10.24154717677967], [-54.995109527236266, -10.241776587015911]]}}, {"type": "Feature", "properties": {"layer": "0 - Linhas Quadras", "dxf_type": "LINE"}, "geometry": {"type": "LineString", "coordinates": [[-54.995109527236266, -10.241776587015911], [-54.99503914524857, -10.241830364918622]]}}, {"type": "Feature", "properties": {"layer": "0 - Linhas Quadras", "dxf_type": "LINE"}, "geometry": {"type": "LineString", "coordinates": [[-54.99490964896977, -10.24154717677967], [-54.994978238780426, -10.24148755393504]]}}, {"type": "Feature", "properties": {"layer": "0 - Linhas Quadras", "dxf_type": "LINE"}, "geometry": {"type": "LineString", "coordinates": [[-54.994978238780426, -10.24148755393504], [-54.994986221937616, -10.241480191896938]]}}, {"type": "Feature", "properties": {"layer": "0 - Linhas Quadras", "dxf_type": "LINE"}, "geometry": {"type": "LineString", "coordinates": [[-54.994986221937616, -10.241480191896938], [-54.99519282256744, -10.241716411195581]]}}, {"type": "Feature", "properties": {"layer": "0 - Linhas Quadras", "dxf_type": "LINE"}, "geometry": {"type": "LineString", "coordinates": [[-54.99519282256744, -10.241716411195581], [-54.995109527236266, -10.241776587015911]]}}, {"type": "Feature", "properties": {"layer": "0 - Linhas Quadras", "dxf_type": "LINE"}, "geometry": {"type": "LineString", "coordinates": [[-54.994986221937616, -10.241480191896938], [-54.99506319141972, -10.241414147705559]]}}, {"type": "Feature", "properties": {"layer": "0 - Linhas Quadras", "dxf_type": "LINE"}, "geometry": {"type": "LineString", "coordinates": [[-54.99506319141972, -10.241414147705559], [-54.99526827242547, -10.241656785381185]]}}, {"type": "Feature", "properties": {"layer": "0 - Linhas Quadras", "dxf_type": "LINE"}, "geometry": {"type": "LineString", "coordinates": [[-54.99526827242547, -10.241656785381185], [-54.99519282256744, -10.241716411195581]]}}, {"type": "Feature", "properties": {"layer": "0 - Linhas Quadras", "dxf_type": "LINE"}, "geometry": {"type": "LineString", "coordinates": [[-54.99526827242547, -10.241656785381185], [-54.995344565417064, -10.241589329543807]]}}, {"type": "Feature", "properties": {"layer": "0 - Linhas Quadras", "dxf_type": "LINE"}, "geometry": {"type": "LineString", "coordinates": [[-54.995344565417064, -10.241589329543807], [-54.99514217857429, -10.241349564915241]]}}, {"type": "Feature", "properties": {"layer": "0 - Linhas Quadras", "dxf_type": "LINE"}, "geometry": {"type": "LineString", "coordinates": [[-54.99514217857429, -10.241349564915241], [-54.99506319141972, -10.241414147705559]]}}, {"type": "Feature", "properties": {"layer": "0 - Linhas Quadras", "dxf_type": "LINE"}, "geometry": {"type": "LineString", "coordinates": [[-54.99514217857429, -10.241349564915241], [-54.99528295958702, -10.241234457736587]]}}, {"type": "Feature", "properties": {"layer": "0 - Linhas Quadras", "dxf_type": "LINE"}, "geometry": {"type": "LineString", "coordinates": [[-54.99528295958702, -10.241234457736587], [-54.99538162093571, -10.241350790528507]]}}, {"type": "Feature", "properties": {"layer": "0 - Linhas Quadras", "dxf_type": "LINE"}, "geometry": {"type": "LineString", "coordinates": [[-54.99538162093571, -10.241350790528507], [-54.99547659570684, -10.241483786080511]]}}, {"type": "Feature", "properties": {"layer": "0 - Linhas Quadras", "dxf_type": "LINE"}, "geometry": {"type": "LineString", "coordinates": [[-54.99547659570684, -10.241483786080511], [-54.995344565417064, -10.241589329543807]]}}, {"type": "Feature", "properties": {"layer": "0 - Linhas Quadras", "dxf_type": "LINE"}, "geometry": {"type": "LineString", "coordinates": [[-54.99514217857429, -10.241349564915241], [-54.99521205487528, -10.241291425136406]]}}, {"type": "Feature", "properties": {"layer": "0 - Linhas Quadras", "dxf_type": "LINE"}, "geometry": {"type": "LineString", "coordinates": [[-54.99521205487528, -10.241291425136406], [-54.9954113143395, -10.24153597117882]]}}, {"type": "Feature", "properties": {"layer": "0 - Linhas Quadras", "dxf_type": "LINE"}, "geometry": {"type": "LineString", "coordinates": [[-54.99547659570684, -10.241483786080511], [-54.995533408475225, -10.24143837067]]}}, {"type": "Feature", "properties": {"layer": "0 - Linhas Quadras", "dxf_type": "LINE"}, "geometry": {"type": "LineString", "coordinates": [[-54.995533408475225, -10.24143837067], [-54.99543181756569, -10.241301851539797]]}}, {"type": "Feature", "properties": {"layer": "0 - Linhas Quadras", "dxf_type": "LINE"}, "geometry": {"type": "LineString", "coordinates": [[-54.99543181756569, -10.241301851539797], [-54.99532323663371, -10.24117252881884]]}}, {"type": "Feature", "properties": {"layer": "0 - Linhas Quadras", "dxf_type": "LINE"}, "geometry": {"type": "LineString", "coordinates": [[-54.99532323663371, -10.24117252881884], [-54.99526889200893, -10.241217293219997]]}}, {"type": "Feature", "properties": {"layer": "0 - Linhas Quadras", "dxf_type": "LINE"}, "geometry": {"type": "LineString", "coordinates": [[-54.99526889200893, -10.241217293219997], [-54.9952831008547, -10.241234342001428]]}}, {"type": "Feature", "properties": {"layer": "0 - Linhas Quadras", "dxf_type": "LINE"}, "geometry": {"type": "LineString", "coordinates": [[-54.99532323663371, -10.24117252881884], [-54.99539424857747, -10.241115771756766]]}}, {"type": "Feature", "properties": {"layer": "0 - Linhas Quadras", "dxf_type": "LINE"}, "geometry": {"type": "LineString", "coordinates": [[-54.99532323663371, -10.24117252881884], [-54.995393401825794, -10.241114732450567]]}}, {"type": "Feature", "properties": {"layer": "0 - Linhas Quadras", "dxf_type": "LINE"}, "geometry": {"type": "LineString", "coordinates": [[-54.995393401825794, -10.241114732450567], [-54.99560632599341, -10.241376089691105]]}}, {"type": "Feature", "properties": {"layer": "0 - Linhas Quadras", "dxf_type": "LINE"}, "geometry": {"type": "LineString", "coordinates": [[-54.99560632599341, -10.241376089691105], [-54.99571292967045, -10.241494780883983]]}}, {"type": "Feature", "properties": {"layer": "0 - Linhas Quadras", "dxf_type": "LINE"}, "geometry": {"type": "LineString", "coordinates": [[-54.99571292967045, -10.241494780883983], [-54.99580318080924, -10.241618509173486]]}}, {"type": "Feature", "properties": {"layer": "0 - Linhas Quadras", "dxf_type": "LINE"}, "geometry": {"type": "LineString", "coordinates": [[-54.99580318080924, -10.241618509173486], [-54.995714122063326, -10.241682242747427]]}}, {"type": "Feature", "properties": {"layer": "0 - Linhas Quadras", "dxf_type": "LINE"}, "geometry": {"type": "LineString", "coordinates": [[-54.995714122063326, -10.241682242747427], [-54.995622482294785, -10.24155817233071]]}}, {"type": "Feature", "properties": {"layer": "0 - Linhas Quadras", "dxf_type": "LINE"}, "geometry": {"type": "LineString", "coordinates": [[-54.995622482294785, -10.24155817233071], [-54.995528235424345, -10.241442505867338]]}}, {"type": "Feature", "properties": {"layer": "0 - Linhas Quadras", "dxf_type": "LINE"}, "geometry": {"type": "LineString", "coordinates": [[-54.995622482294785, -10.24155817233071], [-54.99571228905864, -10.241493903746882]]}}, {"type": "Feature", "properties": {"layer": "0 - Linhas Quadras", "dxf_type": "LINE"}, "geometry": {"type": "LineString", "coordinates": [[-54.99557609467261, -10.241501241230939], [-54.995655717298646, -10.241431081401]]}}, {"type": "Feature", "properties": {"layer": "0 - Linhas Quadras", "dxf_type": "LINE"}, "geometry": {"type": "LineString", "coordinates": [[-54.99559295907367, -10.241359682469966], [-54.99552239962093, -10.241423577018715]]}}, {"type": "Feature", "properties": {"layer": "0 - Linhas Quadras", "dxf_type": "LINE"}, "geometry": {"type": "LineString", "coordinates": [[-54.995714122063326, -10.241682242747427], [-54.995637573819195, -10.241737022309762]]}}, {"type": "Feature", "properties": {"layer": "0 - Linhas Quadras", "dxf_type": "LINE"}, "geometry": {"type": "LineString", "coordinates": [[-54.995637573819195, -10.241737022309762], [-54.995453841610406, -10.241501975564349]]}}, {"type": "Feature", "properties": {"layer": "0 - Linhas Quadras", "dxf_type": "LINE"}, "geometry": {"type": "LineString", "coordinates": [[-54.99554288838144, -10.241803294611085], [-54.995637573819195, -10.241737022309762]]}}, {"type": "Feature", "properties": {"layer": "0 - Linhas Quadras", "dxf_type": "LINE"}, "geometry": {"type": "LineString", "coordinates": [[-54.99554288838144, -10.241803294611085], [-54.995370900306526, -10.241568277726742]]}}, {"type": "Feature", "properties": {"layer": "0 - Linhas Quadras", "dxf_type": "LINE"}, "geometry": {"type": "LineString", "coordinates": [[-54.99527713373802, -10.241648950574104], [-54.99544947759127, -10.241872071367439]]}}, {"type": "Feature", "properties": {"layer": "0 - Linhas Quadras", "dxf_type": "LINE"}, "geometry": {"type": "LineString", "coordinates": [[-54.99544947759127, -10.241872071367439], [-54.99554288838144, -10.241803294611085]]}}, {"type": "Feature", "properties": {"layer": "0 - Linhas Quadras", "dxf_type": "LINE"}, "geometry": {"type": "LineString", "coordinates": [[-54.99519282256744, -10.241716411195581], [-54.99536596227702, -10.241942565073908]]}}, {"type": "Feature", "properties": {"layer": "0 - Linhas Quadras", "dxf_type": "LINE"}, "geometry": {"type": "LineString", "coordinates": [[-54.99536596227702, -10.241942565073908], [-54.99544947759127, -10.241872071367439]]}}, {"type": "Feature", "properties": {"layer": "0 - Linhas Quadras", "dxf_type": "LINE"}, "geometry": {"type": "LineString", "coordinates": [[-54.99536596227702, -10.241942565073908], [-54.99526769741676, -10.242014659968028]]}}, {"type": "Feature", "properties": {"layer": "0 - Linhas Quadras", "dxf_type": "LINE"}, "geometry": {"type": "LineString", "coordinates": [[-54.99526769741676, -10.242014659968028], [-54.995092444345644, -10.241789640091753]]}}, {"type": "Feature", "properties": {"layer": "0 - Linhas Quadras", "dxf_type": "LINE"}, "geometry": {"type": "LineString", "coordinates": [[-54.99526769741676, -10.242014659968028], [-54.995185250209445, -10.24208290581617]]}}, {"type": "Feature", "properties": {"layer": "0 - Linhas Quadras", "dxf_type": "LINE"}, "geometry": {"type": "LineString", "coordinates": [[-54.995185250209445, -10.24208290581617], [-54.995016345763034, -10.241850396275488]]}}, {"type": "Feature", "properties": {"layer": "0 - Linhas Quadras", "dxf_type": "LINE"}, "geometry": {"type": "LineString", "coordinates": [[-54.99526769741676, -10.242014659968028], [-54.99522568166896, -10.242049437875242]]}}, {"type": "Feature", "properties": {"layer": "0 - Linhas Quadras", "dxf_type": "LINE"}, "geometry": {"type": "LineString", "coordinates": [[-54.99522568166896, -10.242049437875242], [-54.995054937913594, -10.241818298206084]]}}, {"type": "Feature", "properties": {"layer": "0 - Linhas Quadras", "dxf_type": "LINE"}, "geometry": {"type": "LineString", "coordinates": [[-54.995185250209445, -10.24208290581617], [-54.99511543706628, -10.242140692509846]]}}, {"type": "Feature", "properties": {"layer": "0 - Linhas Quadras", "dxf_type": "LINE"}, "geometry": {"type": "LineString", "coordinates": [[-54.99511543706628, -10.242140692509846], [-54.9949499020192, -10.241908467656891]]}}, {"type": "Feature", "properties": {"layer": "0 - Linhas Quadras", "dxf_type": "LINE"}, "geometry": {"type": "LineString", "coordinates": [[-54.99511543706628, -10.242140692509846], [-54.99504088741926, -10.242192826682237]]}}, {"type": "Feature", "properties": {"layer": "0 - Linhas Quadras", "dxf_type": "LINE"}, "geometry": {"type": "LineString", "coordinates": [[-54.99504088741926, -10.242192826682237], [-54.99487967557217, -10.241970014778206]]}}, {"type": "Feature", "properties": {"layer": "0 - Linhas Quadras", "dxf_type": "LINE"}, "geometry": {"type": "LineString", "coordinates": [[-54.99480336574062, -10.242021825286677], [-54.994970809909724, -10.24224547742866]]}}, {"type": "Feature", "properties": {"layer": "0 - Linhas Quadras", "dxf_type": "LINE"}, "geometry": {"type": "LineString", "coordinates": [[-54.994970809909724, -10.24224547742866], [-54.99504088741926, -10.242192826682237]]}}, {"type": "Feature", "properties": {"layer": "0 - Linhas Quadras", "dxf_type": "LINE"}, "geometry": {"type": "LineString", "coordinates": [[-54.994970809909724, -10.24224547742866], [-54.99490537207164, -10.242294640507446]]}}, {"type": "Feature", "properties": {"layer": "0 - Linhas Quadras", "dxf_type": "LINE"}, "geometry": {"type": "LineString", "coordinates": [[-54.99490537207164, -10.242294640507446], [-54.994729661340685, -10.24207552747638]]}}, {"type": "Feature", "properties": {"layer": "0 - Linhas Quadras", "dxf_type": "LINE"}, "geometry": {"type": "LineString", "coordinates": [[-54.99490537207164, -10.242294640507446], [-54.994826616660795, -10.242353811026003]]}}, {"type": "Feature", "properties": {"layer": "0 - Linhas Quadras", "dxf_type": "LINE"}, "geometry": {"type": "LineString", "coordinates": [[-54.994826616660795, -10.242353811026003], [-54.99465455312336, -10.24212723055205]]}}, {"type": "Feature", "properties": {"layer": "0 - Linhas Quadras", "dxf_type": "LINE"}, "geometry": {"type": "LineString", "coordinates": [[-54.994826616660795, -10.242353811026003], [-54.99468510272039, -10.24245924139591]]}}, {"type": "Feature", "properties": {"layer": "0 - Linhas Quadras", "dxf_type": "LINE"}, "geometry": {"type": "LineString", "coordinates": [[-54.99468510272039, -10.24245924139591], [-54.994505627985575, -10.242237890437309]]}}, {"type": "Feature", "properties": {"layer": "0 - Linhas Quadras", "dxf_type": "LINE"}, "geometry": {"type": "LineString", "coordinates": [[-54.994826616660795, -10.242353811026003], [-54.99475368574151, -10.242408145298066]]}}, {"type": "Feature", "properties": {"layer": "0 - Linhas Quadras", "dxf_type": "LINE"}, "geometry": {"type": "LineString", "coordinates": [[-54.99475368574151, -10.242408145298066], [-54.99457294367219, -10.242185294182995]]}}, {"type": "Feature", "properties": {"layer": "0 - Linhas Quadras", "dxf_type": "LINE"}, "geometry": {"type": "LineString", "coordinates": [[-54.99443554346178, -10.242294838250297], [-54.99461010864074, -10.242503948791878]]}}, {"type": "Feature", "properties": {"layer": "0 - Linhas Quadras", "dxf_type": "LINE"}, "geometry": {"type": "LineString", "coordinates": [[-54.99461010864074, -10.242503948791878], [-54.99467773489691, -10.24245015403087]]}}, {"type": "Feature", "properties": {"layer": "0 - Linhas Quadras", "dxf_type": "LINE"}, "geometry": {"type": "LineString", "coordinates": [[-54.99461010864074, -10.242503948791878], [-54.99451123368459, -10.242582600292693]]}}, {"type": "Feature", "properties": {"layer": "0 - Linhas Quadras", "dxf_type": "LINE"}, "geometry": {"type": "LineString", "coordinates": [[-54.99451123368459, -10.242582600292693], [-54.99433798058829, -10.242374550864085]]}}, {"type": "Feature", "properties": {"layer": "0 - Linhas Quadras", "dxf_type": "LINE"}, "geometry": {"type": "LineString", "coordinates": [[-54.99451123368459, -10.242582600292693], [-54.994366295855066, -10.242691015811172]]}}, {"type": "Feature", "properties": {"layer": "0 - Linhas Quadras", "dxf_type": "LINE"}, "geometry": {"type": "LineString", "coordinates": [[-54.994366295855066, -10.242691015811172], [-54.99419126489261, -10.242486623460156]]}}, {"type": "Feature", "properties": {"layer": "0 - Linhas Quadras", "dxf_type": "LINE"}, "geometry": {"type": "LineString", "coordinates": [[-54.9944419707788, -10.242634409845317], [-54.99426153693459, -10.242430926092489]]}}, {"type": "Feature", "properties": {"layer": "0 - Linhas Quadras", "dxf_type": "LINE"}, "geometry": {"type": "LineString", "coordinates": [[-54.99408199270736, -10.24264957909195], [-54.994217969893874, -10.242808501989606]]}}, {"type": "Feature", "properties": {"layer": "0 - Linhas Quadras", "dxf_type": "LINE"}, "geometry": {"type": "LineString", "coordinates": [[-54.994217969893874, -10.242808501989606], [-54.994366295855066, -10.242691015811172]]}}, {"type": "Feature", "properties": {"layer": "0 - Linhas Quadras", "dxf_type": "LINE"}, "geometry": {"type": "LineString", "coordinates": [[-54.994366295855066, -10.242691015811172], [-54.99429502426993, -10.24274746903417]]}}, {"type": "Feature", "properties": {"layer": "0 - Linhas Quadras", "dxf_type": "LINE"}, "geometry": {"type": "LineString", "coordinates": [[-54.99429502426993, -10.24274746903417], [-54.99411709905774, -10.242546625668925]]}}, {"type": "Feature", "properties": {"layer": "0 - Linhas Quadras", "dxf_type": "LINE"}, "geometry": {"type": "LineString", "coordinates": [[-54.994217969893874, -10.242808501989606], [-54.994133070909506, -10.242875748898392]]}}, {"type": "Feature", "properties": {"layer": "0 - Linhas Quadras", "dxf_type": "LINE"}, "geometry": {"type": "LineString", "coordinates": [[-54.994133070909506, -10.242875748898392], [-54.99402973874277, -10.242758153066838]]}}, {"type": "Feature", "properties": {"layer": "0 - Linhas Quadras", "dxf_type": "LINE"}, "geometry": {"type": "LineString", "coordinates": [[-54.99402973874277, -10.242758153066838], [-54.99411421722816, -10.242687240899198]]}}, {"type": "Feature", "properties": {"layer": "0 - Linhas Quadras", "dxf_type": "LINE"}, "geometry": {"type": "LineString", "coordinates": [[-54.99402973874277, -10.242758153066838], [-54.993998373265676, -10.242723204699823]]}}, {"type": "Feature", "properties": {"layer": "0 - Linhas Quadras", "dxf_type": "LINE"}, "geometry": {"type": "LineString", "coordinates": [[-54.99402818474526, -10.24258962450474], [-54.993944220310254, -10.242656725274577]]}}, {"type": "Feature", "properties": {"layer": "0 - Linhas Quadras", "dxf_type": "LINE"}, "geometry": {"type": "LineString", "coordinates": [[-54.993998373265676, -10.242723204699823], [-54.993944220310254, -10.242656725274577]]}}, {"type": "Feature", "properties": {"layer": "0 - Linhas Quadras", "dxf_type": "LINE"}, "geometry": {"type": "LineString", "coordinates": [[-54.993944220310254, -10.242656725274577], [-54.99381046736042, -10.242494752630863]]}}, {"type": "Feature", "properties": {"layer": "0 - Linhas Quadras", "dxf_type": "LINE"}, "geometry": {"type": "LineString", "coordinates": [[-54.99830890200778, -10.244366639462177], [-54.99835015462402, -10.244418579789729]]}}, {"type": "Feature", "properties": {"layer": "0 - Linhas Quadras", "dxf_type": "LINE"}, "geometry": {"type": "LineString", "coordinates": [[-54.997404601376, -10.245887669321563], [-54.99749762494553, -10.246007317055302]]}}, {"type": "Feature", "properties": {"layer": "0 - Linhas Quadras", "dxf_type": "LINE"}, "geometry": {"type": "LineString", "coordinates": [[-54.99742383884899, -10.246063597244817], [-54.99753065739794, -10.24618676034974]]}}, {"type": "Feature", "properties": {"layer": "0 - Linhas Quadras", "dxf_type": "LINE"}, "geometry": {"type": "LineString", "coordinates": [[-54.99731787332765, -10.24639840833122], [-54.997372133384175, -10.246467948768956]]}}, {"type": "Feature", "properties": {"layer": "0 - Linhas Quadras", "dxf_type": "LINE"}, "geometry": {"type": "LineString", "coordinates": [[-54.99636988867093, -10.247101982928594], [-54.9965188987564, -10.24698177038553]]}}, {"type": "Feature", "properties": {"layer": "0 - Linhas Quadras", "dxf_type": "LINE"}, "geometry": {"type": "LineString", "coordinates": [[-54.99402928932286, -10.250310415869931], [-54.99421303264704, -10.250130745998884]]}}, {"type": "Feature", "properties": {"layer": "0 - Linhas Quadras", "dxf_type": "LINE"}, "geometry": {"type": "LineString", "coordinates": [[-54.99421303264704, -10.250130745998884], [-54.9941068137531, -10.250024180609534]]}}, {"type": "Feature", "properties": {"layer": "0 - Linhas Quadras", "dxf_type": "LINE"}, "geometry": {"type": "LineString", "coordinates": [[-54.990056879370385, -10.24556485843844], [-54.99045983032553, -10.246060235105045]]}}, {"type": "Feature", "properties": {"layer": "0 - Linhas Quadras", "dxf_type": "LINE"}, "geometry": {"type": "LineString", "coordinates": [[-54.99513528501927, -10.248567465281287], [-54.99487643000373, -10.24881980973629]]}}, {"type": "Feature", "properties": {"layer": "0 - Linhas Quadras", "dxf_type": "LINE"}, "geometry": {"type": "LineString", "coordinates": [[-54.99148142388235, -10.247358784563605], [-54.991451998784584, -10.247324241122742]]}}, {"type": "Feature", "properties": {"layer": "0 - Linhas Quadras", "dxf_type": "LINE"}, "geometry": {"type": "LineString", "coordinates": [[-54.99169820421734, -10.247177623526621], [-54.99167418865949, -10.247150393699375]]}}, {"type": "Feature", "properties": {"layer": "0 - Linhas Quadras", "dxf_type": "LINE"}, "geometry": {"type": "LineString", "coordinates": [[-54.99167418865949, -10.247150393699375], [-54.991451998784584, -10.247324241122742]]}}, {"type": "Feature", "properties": {"layer": "0 - Linhas Quadras", "dxf_type": "LINE"}, "geometry": {"type": "LineString", "coordinates": [[-54.99221753873602, -10.248066155789372], [-54.99214824040833, -10.248119560653725]]}}, {"type": "Feature", "properties": {"layer": "0 - Linhas Quadras", "dxf_type": "LINE"}, "geometry": {"type": "LineString", "coordinates": [[-54.99214824040833, -10.248119560653725], [-54.99221715221348, -10.248206377641013]]}}, {"type": "Feature", "properties": {"layer": "0 - Linhas Quadras", "dxf_type": "LINE"}, "geometry": {"type": "LineString", "coordinates": [[-54.99221715221348, -10.248206377641013], [-54.99228619584308, -10.248154436444876]]}}, {"type": "Feature", "properties": {"layer": "0 - Linhas Quadras", "dxf_type": "LINE"}, "geometry": {"type": "LineString", "coordinates": [[-54.99228619584308, -10.248154436444876], [-54.99221753873602, -10.248066155789372]]}}, {"type": "Feature", "properties": {"layer": "0 - Linhas Quadras", "dxf_type": "LINE"}, "geometry": {"type": "LineString", "coordinates": [[-54.99221715221348, -10.248206377641013], [-54.992238975512635, -10.248236547918093]]}}, {"type": "Feature", "properties": {"layer": "0 - Linhas Quadras", "dxf_type": "LINE"}, "geometry": {"type": "LineString", "coordinates": [[-54.992238975512635, -10.248236547918093], [-54.9923099843516, -10.248187307116606]]}}, {"type": "Feature", "properties": {"layer": "0 - Linhas Quadras", "dxf_type": "LINE"}, "geometry": {"type": "LineString", "coordinates": [[-54.99228619584308, -10.248154436444876], [-54.992333771946434, -10.24822017868569]]}}, {"type": "Feature", "properties": {"layer": "0 - Linhas Quadras", "dxf_type": "LINE"}, "geometry": {"type": "LineString", "coordinates": [[-54.992238975512635, -10.248236547918093], [-54.992291347876964, -10.248320190298104]]}}, {"type": "Feature", "properties": {"layer": "0 - Linhas Quadras", "dxf_type": "LINE"}, "geometry": {"type": "LineString", "coordinates": [[-54.992291347876964, -10.248320190298104], [-54.99236817537506, -10.248271708566723]]}}, {"type": "Feature", "properties": {"layer": "0 - Linhas Quadras", "dxf_type": "LINE"}, "geometry": {"type": "LineString", "coordinates": [[-54.99236817537506, -10.248271708566723], [-54.992333771946434, -10.24822017868569]]}}, {"type": "Feature", "properties": {"layer": "0 - Linhas Quadras", "dxf_type": "LINE"}, "geometry": {"type": "LineString", "coordinates": [[-54.992291347876964, -10.248320190298104], [-54.99231639014574, -10.248357583798246]]}}, {"type": "Feature", "properties": {"layer": "0 - Linhas Quadras", "dxf_type": "LINE"}, "geometry": {"type": "LineString", "coordinates": [[-54.99231639014574, -10.248357583798246], [-54.992379106089274, -10.248318914627353]]}}, {"type": "Feature", "properties": {"layer": "0 - Linhas Quadras", "dxf_type": "LINE"}, "geometry": {"type": "LineString", "coordinates": [[-54.992379106089274, -10.248318914627353], [-54.9923552661895, -10.248279854498186]]}}, {"type": "Feature", "properties": {"layer": "0 - Linhas Quadras", "dxf_type": "LINE"}, "geometry": {"type": "LineString", "coordinates": [[-54.992379106089274, -10.248318914627353], [-54.992413826807315, -10.248387887608875]]}}, {"type": "Feature", "properties": {"layer": "0 - Linhas Quadras", "dxf_type": "LINE"}, "geometry": {"type": "LineString", "coordinates": [[-54.992413826807315, -10.248387887608875], [-54.9924632179253, -10.248463669144948]]}}, {"type": "Feature", "properties": {"layer": "0 - Linhas Quadras", "dxf_type": "LINE"}, "geometry": {"type": "LineString", "coordinates": [[-54.9924632179253, -10.248463669144948], [-54.99240618469334, -10.248499318181322]]}}, {"type": "Feature", "properties": {"layer": "0 - Linhas Quadras", "dxf_type": "LINE"}, "geometry": {"type": "LineString", "coordinates": [[-54.99231639014574, -10.248357583798246], [-54.99240618469334, -10.248499318181322]]}}, {"type": "Feature", "properties": {"layer": "0 - Linhas Quadras", "dxf_type": "LINE"}, "geometry": {"type": "LineString", "coordinates": [[-54.992413826807315, -10.248387887608875], [-54.99235719845122, -10.248421996147332]]}}, {"type": "Feature", "properties": {"layer": "0 - Linhas Quadras", "dxf_type": "LINE"}, "geometry": {"type": "LineString", "coordinates": [[-54.99768116969225, -10.244011642409898], [-54.997746301952525, -10.244098840940945]]}}, {"type": "Feature", "properties": {"layer": "0 - Linhas Quadras", "dxf_type": "LINE"}, "geometry": {"type": "LineString", "coordinates": [[-54.997541874632866, -10.244264113536696], [-54.997746301952525, -10.244098840940945]]}}, {"type": "Feature", "properties": {"layer": "0 - Linhas Quadras", "dxf_type": "LINE"}, "geometry": {"type": "LineString", "coordinates": [[-54.997745062102496, -10.244097180029938], [-54.997801016169156, -10.244185122005867]]}}, {"type": "Feature", "properties": {"layer": "0 - Linhas Quadras", "dxf_type": "LINE"}, "geometry": {"type": "LineString", "coordinates": [[-54.99779767548124, -10.244205125142713], [-54.99723513154987, -10.244656267709344]]}}, {"type": "Feature", "properties": {"layer": "0 - Linhas Quadras", "dxf_type": "LINE"}, "geometry": {"type": "LineString", "coordinates": [[-54.997553132414815, -10.243842709700806], [-54.997346844675555, -10.244006920371138]]}}, {"type": "Feature", "properties": {"layer": "0 - Linhas Quadras", "dxf_type": "LINE"}, "geometry": {"type": "LineString", "coordinates": [[-54.99764281732606, -10.243961040518856], [-54.99743763714581, -10.244126606714604]]}}, {"type": "Feature", "properties": {"layer": "0 - Linhas Quadras", "dxf_type": "LINE"}, "geometry": {"type": "LineString", "coordinates": [[-54.99743763714581, -10.244126606714604], [-54.997346844675555, -10.244006920371138]]}}, {"type": "Feature", "properties": {"layer": "0 - Linhas Quadras", "dxf_type": "LINE"}, "geometry": {"type": "LineString", "coordinates": [[-54.997346844675555, -10.244006920371138], [-54.99731613876354, -10.243965097445763]]}}, {"type": "Feature", "properties": {"layer": "0 - Linhas Quadras", "dxf_type": "LINE"}, "geometry": {"type": "LineString", "coordinates": [[-54.99768116969225, -10.244011642409898], [-54.99747607371781, -10.244177311289068]]}}, {"type": "Feature", "properties": {"layer": "0 - Linhas Quadras", "dxf_type": "LINE"}, "geometry": {"type": "LineString", "coordinates": [[-54.99747607371781, -10.244177311289068], [-54.99743763714581, -10.244126606714604]]}}, {"type": "Feature", "properties": {"layer": "0 - Linhas Quadras", "dxf_type": "LINE"}, "geometry": {"type": "LineString", "coordinates": [[-54.99743763714581, -10.244126606714604], [-54.99761078013552, -10.244355009783584]]}}, {"type": "Feature", "properties": {"layer": "0 - Linhas Quadras", "dxf_type": "LINE"}, "geometry": {"type": "LineString", "coordinates": [[-54.997553132414815, -10.243842709700806], [-54.99757833436441, -10.243875962059805]]}}, {"type": "Feature", "properties": {"layer": "0 - Linhas Quadras", "dxf_type": "LINE"}, "geometry": {"type": "LineString", "coordinates": [[-54.997346844675555, -10.244006920371138], [-54.99737206127383, -10.244040162891375]]}}, {"type": "Feature", "properties": {"layer": "0 - Linhas Quadras", "dxf_type": "LINE"}, "geometry": {"type": "LineString", "coordinates": [[-54.99757833436441, -10.243875962059805], [-54.99737206127383, -10.244040162891375]]}}, {"type": "Feature", "properties": {"layer": "0 - Linhas Quadras", "dxf_type": "LINE"}, "geometry": {"type": "LineString", "coordinates": [[-54.99480053401048, -10.246851645199149], [-54.99477434191619, -10.24681463706469]]}}, {"type": "Feature", "properties": {"layer": "0 - Linhas Quadras", "dxf_type": "LINE"}, "geometry": {"type": "LineString", "coordinates": [[-54.99467015395947, -10.246944526012099], [-54.99464272882774, -10.246908405143865]]}}, {"type": "Feature", "properties": {"layer": "0 - Linhas Quadras", "dxf_type": "LINE"}, "geometry": {"type": "LineString", "coordinates": [[-54.99477434191619, -10.24681463706469], [-54.994846893714744, -10.246917149131633]]}}, {"type": "Feature", "properties": {"layer": "0 - Linhas Quadras", "dxf_type": "LINE"}, "geometry": {"type": "LineString", "coordinates": [[-54.994491946061665, -10.246815286627], [-54.994646536024156, -10.247034697432033]]}}, {"type": "Feature", "properties": {"layer": "0 - Linhas Quadras", "dxf_type": "LINE"}, "geometry": {"type": "LineString", "coordinates": [[-54.99445303719257, -10.246823764885583], [-54.994572194891575, -10.247082192716071]]}}, {"type": "Feature", "properties": {"layer": "0 - Linhas Quadras", "dxf_type": "LINE"}, "geometry": {"type": "LineString", "coordinates": [[-54.99436714022013, -10.24686260609359], [-54.99448114558503, -10.24710994719556]]}}, {"type": "Feature", "properties": {"layer": "0 - Linhas Quadras", "dxf_type": "LINE"}, "geometry": {"type": "LineString", "coordinates": [[-54.99431557859998, -10.246887807449587], [-54.99441208918668, -10.247097546860426]]}}, {"type": "Feature", "properties": {"layer": "0 - Linhas Quadras", "dxf_type": "LINE"}, "geometry": {"type": "LineString", "coordinates": [[-54.99441208918668, -10.247097546860426], [-54.99442471430656, -10.247092036718078]]}}, {"type": "Feature", "properties": {"layer": "0 - Linhas Quadras", "dxf_type": "LINE"}, "geometry": {"type": "LineString", "coordinates": [[-54.99442471430656, -10.247092036718078], [-54.994436451677984, -10.247117977563176]]}}, {"type": "Feature", "properties": {"layer": "0 - Linhas Quadras", "dxf_type": "LINE"}, "geometry": {"type": "LineString", "coordinates": [[-54.99428734251435, -10.247083786865007], [-54.994332329878254, -10.247139081636151]]}}, {"type": "Feature", "properties": {"layer": "0 - Linhas Quadras", "dxf_type": "LINE"}, "geometry": {"type": "LineString", "coordinates": [[-54.99441208918668, -10.247097546860426], [-54.994332329878254, -10.247139081636151]]}}, {"type": "Feature", "properties": {"layer": "0 - Linhas Quadras", "dxf_type": "LINE"}, "geometry": {"type": "LineString", "coordinates": [[-54.99467015395947, -10.246944526012099], [-54.99461163241697, -10.246985158711066]]}}, {"type": "Feature", "properties": {"layer": "0 - Linhas Quadras", "dxf_type": "LINE"}, "geometry": {"type": "LineString", "coordinates": [[-54.99457608923995, -10.247154570235443], [-54.994547379693124, -10.247098046253281]]}}, {"type": "Feature", "properties": {"layer": "0 - Linhas Quadras", "dxf_type": "LINE"}, "geometry": {"type": "LineString", "coordinates": [[-54.994547379693124, -10.247098046253281], [-54.994646536024156, -10.247034697432033]]}}, {"type": "Feature", "properties": {"layer": "0 - Linhas Quadras", "dxf_type": "LINE"}, "geometry": {"type": "LineString", "coordinates": [[-54.994436451677984, -10.247117977563176], [-54.994547379693124, -10.247098046253281]]}}, {"type": "Feature", "properties": {"layer": "0 - Linhas Quadras", "dxf_type": "LINE"}, "geometry": {"type": "LineString", "coordinates": [[-54.9954405100289, -10.247149556981638], [-54.99548182529109, -10.247113964941333]]}}, {"type": "Feature", "properties": {"layer": "0 - Linhas Quadras", "dxf_type": "LINE"}, "geometry": {"type": "LineString", "coordinates": [[-54.99548182529109, -10.247113964941333], [-54.9953656271268, -10.246969091768289]]}}, {"type": "Feature", "properties": {"layer": "0 - Linhas Quadras", "dxf_type": "LINE"}, "geometry": {"type": "LineString", "coordinates": [[-54.999321662501764, -10.231185907546289], [-54.999222414738306, -10.231189383295305]]}}, {"type": "Feature", "properties": {"layer": "0 - Linhas Quadras", "dxf_type": "LINE"}, "geometry": {"type": "LineString", "coordinates": [[-54.999222414738306, -10.231189383295305], [-54.99899422550596, -10.230802385453929]]}}, {"type": "Feature", "properties": {"layer": "0 - Linhas Quadras", "dxf_type": "LINE"}, "geometry": {"type": "LineString", "coordinates": [[-54.99930390806262, -10.23074978128866], [-54.99927413713598, -10.230727939380776]]}}, {"type": "Feature", "properties": {"layer": "0 - Linhas Quadras", "dxf_type": "LINE"}, "geometry": {"type": "LineString", "coordinates": [[-54.99930390806262, -10.23074978128866], [-54.99956205073311, -10.230809299319167]]}}, {"type": "Feature", "properties": {"layer": "0 - Linhas Quadras", "dxf_type": "LINE"}, "geometry": {"type": "LineString", "coordinates": [[-54.99956205073311, -10.230809299319167], [-54.99961859303979, -10.230910826699473]]}}, {"type": "Feature", "properties": {"layer": "0 - Linhas Quadras", "dxf_type": "LINE"}, "geometry": {"type": "LineString", "coordinates": [[-54.99961859303979, -10.230910826699473], [-54.99948554646588, -10.231109957285685]]}}, {"type": "Feature", "properties": {"layer": "0 - Linhas Quadras", "dxf_type": "LINE"}, "geometry": {"type": "LineString", "coordinates": [[-54.99948554646588, -10.231109957285685], [-54.99948847148786, -10.231177378223968]]}}, {"type": "Feature", "properties": {"layer": "0 - Linhas Quadras", "dxf_type": "LINE"}, "geometry": {"type": "LineString", "coordinates": [[-54.99948847148786, -10.231177378223968], [-54.999321662501764, -10.231185907546289]]}}]}