{"type": "FeatureCollection", "name": "0_meio_fio_2", "crs": {"type": "name", "properties": {"name": "urn:ogc:def:crs:OGC:1.3:CRS84"}}, "properties": {"source": "8be78050_MAPA TRIBUTAÇÃO 2021 (1).dxf", "assumed_crs": "EPSG:4326", "local_crs": false, "note": "Coordenadas locais do desenho (sem CRS). Use base 'Só CAD' no mapa.", "extent": [4300.4554, 2373.7696, 8215.3349, 6186.7838], "georef": true, "transform": {"scale": 1, "rotation_deg": 0, "tx": 713717.6034368816, "ty": 8862616.121289995, "rmse_m": 0, "epsg": 31981}, "layer": "0 - MEIO FIO 2", "source_file": "8be78050_MAPA TRIBUTAÇÃO 2021 (1)_georef.geojson", "n_features": 751}, "features": [{"type": "Feature", "properties": {"layer": "0 - MEIO FIO 2", "dxf_type": "LINE"}, "geometry": {"type": "LineString", "coordinates": [[-54.98334902142776, -10.238140738549147], [-54.98300335006297, -10.237729684744346]]}}, {"type": "Feature", "properties": {"layer": "0 - MEIO FIO 2", "dxf_type": "LINE"}, "geometry": {"type": "LineString", "coordinates": [[-54.98275296143517, -10.23780422297717], [-54.982924352312, -10.238014574747936]]}}, {"type": "Feature", "properties": {"layer": "0 - MEIO FIO 2", "dxf_type": "LINE"}, "geometry": {"type": "LineString", "coordinates": [[-54.98978206603023, -10.2451672544072], [-54.9889684425269, -10.244197329913602]]}}, {"type": "Feature", "properties": {"layer": "0 - MEIO FIO 2", "dxf_type": "LINE"}, "geometry": {"type": "LineString", "coordinates": [[-54.98892420684976, -10.24418920034084], [-54.988723909486545, -10.244350795951911]]}}, {"type": "Feature", "properties": {"layer": "0 - MEIO FIO 2", "dxf_type": "LINE"}, "geometry": {"type": "LineString", "coordinates": [[-54.98952947977862, -10.245373528747306], [-54.98903357178147, -10.244772524732662]]}}, {"type": "Feature", "properties": {"layer": "0 - MEIO FIO 2", "dxf_type": "LINE"}, "geometry": {"type": "LineString", "coordinates": [[-54.98903357178147, -10.244772524732662], [-54.988718795316075, -10.244402886067526]]}}, {"type": "Feature", "properties": {"layer": "0 - MEIO FIO 2", "dxf_type": "LINE"}, "geometry": {"type": "LineString", "coordinates": [[-54.990752909449974, -10.244611600186769], [-54.99048354157503, -10.244285068502586]]}}, {"type": "Feature", "properties": {"layer": "0 - MEIO FIO 2", "dxf_type": "LINE"}, "geometry": {"type": "LineString", "coordinates": [[-54.99048354157503, -10.244285068502586], [-54.990234553112586, -10.243983242038443]]}}, {"type": "Feature", "properties": {"layer": "0 - MEIO FIO 2", "dxf_type": "LINE"}, "geometry": {"type": "LineString", "coordinates": [[-54.990234553112586, -10.243983242038443], [-54.98980163702039, -10.24346967516449]]}}, {"type": "Feature", "properties": {"layer": "0 - MEIO FIO 2", "dxf_type": "LINE"}, "geometry": {"type": "LineString", "coordinates": [[-54.98980163702039, -10.24346967516449], [-54.989698100417066, -10.243346849587693]]}}, {"type": "Feature", "properties": {"layer": "0 - MEIO FIO 2", "dxf_type": "LINE"}, "geometry": {"type": "LineString", "coordinates": [[-54.989698100417066, -10.243346849587693], [-54.989461288829126, -10.243054078504718]]}}, {"type": "Feature", "properties": {"layer": "0 - MEIO FIO 2", "dxf_type": "LINE"}, "geometry": {"type": "LineString", "coordinates": [[-54.98940456695841, -10.24305117601625], [-54.988895142661306, -10.243469148756182]]}}, {"type": "Feature", "properties": {"layer": "0 - MEIO FIO 2", "dxf_type": "LINE"}, "geometry": {"type": "LineString", "coordinates": [[-54.988895142661306, -10.243469148756182], [-54.988672177839796, -10.24364547548652]]}}, {"type": "Feature", "properties": {"layer": "0 - MEIO FIO 2", "dxf_type": "LINE"}, "geometry": {"type": "LineString", "coordinates": [[-54.98866130298384, -10.243704568782299], [-54.98997431193905, -10.245268434622337]]}}, {"type": "Feature", "properties": {"layer": "0 - MEIO FIO 2", "dxf_type": "LINE"}, "geometry": {"type": "LineString", "coordinates": [[-54.99074070377572, -10.244705982546568], [-54.99003884017802, -10.24528372655778]]}}, {"type": "Feature", "properties": {"layer": "0 - MEIO FIO 2", "dxf_type": "LINE"}, "geometry": {"type": "LineString", "coordinates": [[-54.98992878273041, -10.245358217815943], [-54.98986361686006, -10.245279024775073]]}}, {"type": "Feature", "properties": {"layer": "0 - MEIO FIO 2", "dxf_type": "LINE"}, "geometry": {"type": "LineString", "coordinates": [[-54.98992878273041, -10.245358217815943], [-54.989842160792875, -10.245427537989684]]}}, {"type": "Feature", "properties": {"layer": "0 - MEIO FIO 2", "dxf_type": "LINE"}, "geometry": {"type": "LineString", "coordinates": [[-54.989880175844625, -10.245680448272338], [-54.98972001687501, -10.245490989885175]]}}, {"type": "Feature", "properties": {"layer": "0 - MEIO FIO 2", "dxf_type": "LINE"}, "geometry": {"type": "LineString", "coordinates": [[-54.98961819095893, -10.245489051326789], [-54.98985974435749, -10.245774556406534]]}}, {"type": "Feature", "properties": {"layer": "0 - MEIO FIO 2", "dxf_type": "LINE"}, "geometry": {"type": "LineString", "coordinates": [[-54.98954100693102, -10.245564485118699], [-54.98977205414355, -10.245838145411312]]}}, {"type": "Feature", "properties": {"layer": "0 - MEIO FIO 2", "dxf_type": "LINE"}, "geometry": {"type": "LineString", "coordinates": [[-54.98951654148632, -10.245669038360045], [-54.989675418401795, -10.245851944538105]]}}, {"type": "Feature", "properties": {"layer": "0 - MEIO FIO 2", "dxf_type": "LINE"}, "geometry": {"type": "LineString", "coordinates": [[-54.990002226809935, -10.24575440140856], [-54.99019566783423, -10.245986042586027]]}}, {"type": "Feature", "properties": {"layer": "0 - MEIO FIO 2", "dxf_type": "LINE"}, "geometry": {"type": "LineString", "coordinates": [[-54.9899463157004, -10.245873714711179], [-54.99005274921208, -10.245996179530387]]}}, {"type": "Feature", "properties": {"layer": "0 - MEIO FIO 2", "dxf_type": "LINE"}, "geometry": {"type": "LineString", "coordinates": [[-54.989905613948785, -10.245986829861923], [-54.98986330405183, -10.245945760809164]]}}, {"type": "Feature", "properties": {"layer": "0 - MEIO FIO 2", "dxf_type": "LINE"}, "geometry": {"type": "LineString", "coordinates": [[-54.989711522120345, -10.245967200539814], [-54.98973133361864, -10.245989701378173]]}}, {"type": "Feature", "properties": {"layer": "0 - MEIO FIO 2", "dxf_type": "LINE"}, "geometry": {"type": "LineString", "coordinates": [[-54.98982746431029, -10.245933691521635], [-54.98974105211751, -10.24592525871927]]}}, {"type": "Feature", "properties": {"layer": "0 - MEIO FIO 2", "dxf_type": "LINE"}, "geometry": {"type": "LineString", "coordinates": [[-54.98944442466577, -10.245443870876981], [-54.988856443269604, -10.244740189634362]]}}, {"type": "Feature", "properties": {"layer": "0 - MEIO FIO 2", "dxf_type": "LINE"}, "geometry": {"type": "LineString", "coordinates": [[-54.988856443269604, -10.244740189634362], [-54.988628847264465, -10.24447187891565]]}}, {"type": "Feature", "properties": {"layer": "0 - MEIO FIO 2", "dxf_type": "LINE"}, "geometry": {"type": "LineString", "coordinates": [[-54.988628847264465, -10.24447187891565], [-54.988444814958996, -10.244254923487809]]}}, {"type": "Feature", "properties": {"layer": "0 - MEIO FIO 2", "dxf_type": "LINE"}, "geometry": {"type": "LineString", "coordinates": [[-54.988444814958996, -10.244254923487809], [-54.98813901141736, -10.243894412611057]]}}, {"type": "Feature", "properties": {"layer": "0 - MEIO FIO 2", "dxf_type": "LINE"}, "geometry": {"type": "LineString", "coordinates": [[-54.98813901141736, -10.243894412611057], [-54.98763055700192, -10.243274920486693]]}}, {"type": "Feature", "properties": {"layer": "0 - MEIO FIO 2", "dxf_type": "LINE"}, "geometry": {"type": "LineString", "coordinates": [[-54.98763055700192, -10.243274920486693], [-54.98721445005055, -10.242773675182454]]}}, {"type": "Feature", "properties": {"layer": "0 - MEIO FIO 2", "dxf_type": "LINE"}, "geometry": {"type": "LineString", "coordinates": [[-54.98938086296737, -10.245569129721417], [-54.988713743186224, -10.24477829106083]]}}, {"type": "Feature", "properties": {"layer": "0 - MEIO FIO 2", "dxf_type": "LINE"}, "geometry": {"type": "LineString", "coordinates": [[-54.988713743186224, -10.24477829106083], [-54.9870340362108, -10.242780323944551]]}}, {"type": "Feature", "properties": {"layer": "0 - MEIO FIO 2", "dxf_type": "LINE"}, "geometry": {"type": "LineString", "coordinates": [[-54.989451437070514, -10.245484274224806], [-54.98943989859774, -10.24555627683699]]}}, {"type": "Feature", "properties": {"layer": "0 - MEIO FIO 2", "dxf_type": "LINE"}, "geometry": {"type": "LineString", "coordinates": [[-54.98887970912022, -10.24409830002066], [-54.98850410963095, -10.24365840584582]]}}, {"type": "Feature", "properties": {"layer": "0 - MEIO FIO 2", "dxf_type": "LINE"}, "geometry": {"type": "LineString", "coordinates": [[-54.98850410963095, -10.24365840584582], [-54.98809736035483, -10.243166277391902]]}}, {"type": "Feature", "properties": {"layer": "0 - MEIO FIO 2", "dxf_type": "LINE"}, "geometry": {"type": "LineString", "coordinates": [[-54.98809736035483, -10.243166277391902], [-54.98776269877551, -10.242761367272399]]}}, {"type": "Feature", "properties": {"layer": "0 - MEIO FIO 2", "dxf_type": "LINE"}, "geometry": {"type": "LineString", "coordinates": [[-54.988624469310686, -10.244289270232374], [-54.98844808963649, -10.244075587346778]]}}, {"type": "Feature", "properties": {"layer": "0 - MEIO FIO 2", "dxf_type": "LINE"}, "geometry": {"type": "LineString", "coordinates": [[-54.98844808963649, -10.244075587346778], [-54.98819107052574, -10.243768447400578]]}}, {"type": "Feature", "properties": {"layer": "0 - MEIO FIO 2", "dxf_type": "LINE"}, "geometry": {"type": "LineString", "coordinates": [[-54.98819107052574, -10.243768447400578], [-54.987797500834375, -10.243298126757816]]}}, {"type": "Feature", "properties": {"layer": "0 - MEIO FIO 2", "dxf_type": "LINE"}, "geometry": {"type": "LineString", "coordinates": [[-54.987797500834375, -10.243298126757816], [-54.98747960758145, -10.24292000110653]]}}, {"type": "Feature", "properties": {"layer": "0 - MEIO FIO 2", "dxf_type": "LINE"}, "geometry": {"type": "LineString", "coordinates": [[-54.98747960758145, -10.24292000110653], [-54.987346601993714, -10.242754574428622]]}}, {"type": "Feature", "properties": {"layer": "0 - MEIO FIO 2", "dxf_type": "LINE"}, "geometry": {"type": "LineString", "coordinates": [[-54.988868022736405, -10.24413644179922], [-54.9886770905636, -10.244286312734447]]}}, {"type": "Feature", "properties": {"layer": "0 - MEIO FIO 2", "dxf_type": "LINE"}, "geometry": {"type": "LineString", "coordinates": [[-54.99083359704729, -10.244559979728402], [-54.99030401999235, -10.24393337735088]]}}, {"type": "Feature", "properties": {"layer": "0 - MEIO FIO 2", "dxf_type": "LINE"}, "geometry": {"type": "LineString", "coordinates": [[-54.99030401999235, -10.24393337735088], [-54.990012098358974, -10.24358797051562]]}}, {"type": "Feature", "properties": {"layer": "0 - MEIO FIO 2", "dxf_type": "LINE"}, "geometry": {"type": "LineString", "coordinates": [[-54.990012098358974, -10.24358797051562], [-54.98953206619776, -10.243006654514021]]}}, {"type": "Feature", "properties": {"layer": "0 - MEIO FIO 2", "dxf_type": "LINE"}, "geometry": {"type": "LineString", "coordinates": [[-54.98952450630363, -10.242950018822768], [-54.98973338034305, -10.24277488145044]]}}, {"type": "Feature", "properties": {"layer": "0 - MEIO FIO 2", "dxf_type": "LINE"}, "geometry": {"type": "LineString", "coordinates": [[-54.99121090892813, -10.244329350280916], [-54.9916413966382, -10.243967170436063]]}}, {"type": "Feature", "properties": {"layer": "0 - MEIO FIO 2", "dxf_type": "LINE"}, "geometry": {"type": "LineString", "coordinates": [[-54.99163394010065, -10.243890291167132], [-54.99150609187108, -10.24373670639896]]}}, {"type": "Feature", "properties": {"layer": "0 - MEIO FIO 2", "dxf_type": "LINE"}, "geometry": {"type": "LineString", "coordinates": [[-54.99150609187108, -10.24373670639896], [-54.99090352845207, -10.243017575451196]]}}, {"type": "Feature", "properties": {"layer": "0 - MEIO FIO 2", "dxf_type": "LINE"}, "geometry": {"type": "LineString", "coordinates": [[-54.99090352845207, -10.243017575451196], [-54.990719142988716, -10.242797537521486]]}}, {"type": "Feature", "properties": {"layer": "0 - MEIO FIO 2", "dxf_type": "LINE"}, "geometry": {"type": "LineString", "coordinates": [[-54.991713472087284, -10.243848228573146], [-54.991423373483556, -10.243502172329636]]}}, {"type": "Feature", "properties": {"layer": "0 - MEIO FIO 2", "dxf_type": "LINE"}, "geometry": {"type": "LineString", "coordinates": [[-54.991423373483556, -10.243502172329636], [-54.99113559977127, -10.24315888815916]]}}, {"type": "Feature", "properties": {"layer": "0 - MEIO FIO 2", "dxf_type": "LINE"}, "geometry": {"type": "LineString", "coordinates": [[-54.99113559977127, -10.24315888815916], [-54.99082425145785, -10.242787481862493]]}}, {"type": "Feature", "properties": {"layer": "0 - MEIO FIO 2", "dxf_type": "LINE"}, "geometry": {"type": "LineString", "coordinates": [[-54.9917935185668, -10.243839392720629], [-54.99192083168306, -10.243736615082712]]}}, {"type": "Feature", "properties": {"layer": "0 - MEIO FIO 2", "dxf_type": "LINE"}, "geometry": {"type": "LineString", "coordinates": [[-54.99192083168306, -10.243736615082712], [-54.99234685342934, -10.243392695437771]]}}, {"type": "Feature", "properties": {"layer": "0 - MEIO FIO 2", "dxf_type": "LINE"}, "geometry": {"type": "LineString", "coordinates": [[-54.992366195431266, -10.243321313846158], [-54.99221974214746, -10.243157653254716]]}}, {"type": "Feature", "properties": {"layer": "0 - MEIO FIO 2", "dxf_type": "LINE"}, "geometry": {"type": "LineString", "coordinates": [[-54.99221974214746, -10.243157653254716], [-54.992027097149524, -10.242924029584682]]}}, {"type": "Feature", "properties": {"layer": "0 - MEIO FIO 2", "dxf_type": "LINE"}, "geometry": {"type": "LineString", "coordinates": [[-54.98936915010437, -10.242988425713062], [-54.988623421295166, -10.24359304489503]]}}, {"type": "Feature", "properties": {"layer": "0 - MEIO FIO 2", "dxf_type": "LINE"}, "geometry": {"type": "LineString", "coordinates": [[-54.988560326379705, -10.243585554300756], [-54.98823702919055, -10.243195861750289]]}}, {"type": "Feature", "properties": {"layer": "0 - MEIO FIO 2", "dxf_type": "LINE"}, "geometry": {"type": "LineString", "coordinates": [[-54.98823702919055, -10.243195861750289], [-54.98791768475709, -10.242813769212662]]}}, {"type": "Feature", "properties": {"layer": "0 - MEIO FIO 2", "dxf_type": "LINE"}, "geometry": {"type": "LineString", "coordinates": [[-54.98936312886793, -10.242942073480616], [-54.989231981981995, -10.242782011894569]]}}, {"type": "Feature", "properties": {"layer": "0 - MEIO FIO 2", "dxf_type": "LINE"}, "geometry": {"type": "LineString", "coordinates": [[-54.98959967193668, -10.245987700307428], [-54.98951916207476, -10.245874673524364]]}}, {"type": "Feature", "properties": {"layer": "0 - MEIO FIO 2", "dxf_type": "LINE"}, "geometry": {"type": "LineString", "coordinates": [[-54.98951916207476, -10.245874673524364], [-54.98916203748412, -10.245453461254899]]}}, {"type": "Feature", "properties": {"layer": "0 - MEIO FIO 2", "dxf_type": "LINE"}, "geometry": {"type": "LineString", "coordinates": [[-54.98916203748412, -10.245453461254899], [-54.98865299121981, -10.244853061578047]]}}, {"type": "Feature", "properties": {"layer": "0 - MEIO FIO 2", "dxf_type": "LINE"}, "geometry": {"type": "LineString", "coordinates": [[-54.98865299121981, -10.244853061578047], [-54.98809169640517, -10.244181924699111]]}}, {"type": "Feature", "properties": {"layer": "0 - MEIO FIO 2", "dxf_type": "LINE"}, "geometry": {"type": "LineString", "coordinates": [[-54.98809169640517, -10.244181924699111], [-54.98796156663964, -10.244026327052355]]}}, {"type": "Feature", "properties": {"layer": "0 - MEIO FIO 2", "dxf_type": "LINE"}, "geometry": {"type": "LineString", "coordinates": [[-54.98796156663964, -10.244026327052355], [-54.987431712990634, -10.243392780082704]]}}, {"type": "Feature", "properties": {"layer": "0 - MEIO FIO 2", "dxf_type": "LINE"}, "geometry": {"type": "LineString", "coordinates": [[-54.987431712990634, -10.243392780082704], [-54.98712356232927, -10.243024322189957]]}}, {"type": "Feature", "properties": {"layer": "0 - MEIO FIO 2", "dxf_type": "LINE"}, "geometry": {"type": "LineString", "coordinates": [[-54.98712356232927, -10.243024322189957], [-54.98692287787172, -10.242784361485096]]}}, {"type": "Feature", "properties": {"layer": "0 - MEIO FIO 2", "dxf_type": "LINE"}, "geometry": {"type": "LineString", "coordinates": [[-54.99246339464239, -10.243294281123319], [-54.99269070147773, -10.243112022224356]]}}, {"type": "Feature", "properties": {"layer": "0 - MEIO FIO 2", "dxf_type": "LINE"}, "geometry": {"type": "LineString", "coordinates": [[-54.99269070147773, -10.243112022224356], [-54.992899108508304, -10.242944917296454]]}}, {"type": "Feature", "properties": {"layer": "0 - MEIO FIO 2", "dxf_type": "LINE"}, "geometry": {"type": "LineString", "coordinates": [[-54.992899108508304, -10.242944917296454], [-54.99302749924243, -10.242835238880126]]}}, {"type": "Feature", "properties": {"layer": "0 - MEIO FIO 2", "dxf_type": "LINE"}, "geometry": {"type": "LineString", "coordinates": [[-54.99241442227452, -10.243290535728166], [-54.99208677421878, -10.24289748296215]]}}, {"type": "Feature", "properties": {"layer": "0 - MEIO FIO 2", "dxf_type": "LINE"}, "geometry": {"type": "LineString", "coordinates": [[-54.99090924965994, -10.244568357439105], [-54.9916413966382, -10.243967170436063]]}}, {"type": "Feature", "properties": {"layer": "0 - MEIO FIO 2", "dxf_type": "LINE"}, "geometry": {"type": "LineString", "coordinates": [[-54.98987088946163, -10.245506207444985], [-54.98988511812651, -10.24552384682265]]}}, {"type": "Feature", "properties": {"layer": "0 - MEIO FIO 2", "dxf_type": "LINE"}, "geometry": {"type": "LineString", "coordinates": [[-54.98988511812651, -10.24552384682265], [-54.98991892536597, -10.245488579745711]]}}, {"type": "Feature", "properties": {"layer": "0 - MEIO FIO 2", "dxf_type": "LINE"}, "geometry": {"type": "LineString", "coordinates": [[-54.98987088946163, -10.245506207444985], [-54.98993418409265, -10.245462533654347]]}}, {"type": "Feature", "properties": {"layer": "0 - MEIO FIO 2", "dxf_type": "LINE"}, "geometry": {"type": "LineString", "coordinates": [[-54.98993418409265, -10.245462533654347], [-54.990070816125986, -10.245350784446838]]}}, {"type": "Feature", "properties": {"layer": "0 - MEIO FIO 2", "dxf_type": "LINE"}, "geometry": {"type": "LineString", "coordinates": [[-54.990070816125986, -10.245350784446838], [-54.99027786195494, -10.245181444263839]]}}, {"type": "Feature", "properties": {"layer": "0 - MEIO FIO 2", "dxf_type": "LINE"}, "geometry": {"type": "LineString", "coordinates": [[-54.99027786195494, -10.245181444263839], [-54.99050140861656, -10.244998607335592]]}}, {"type": "Feature", "properties": {"layer": "0 - MEIO FIO 2", "dxf_type": "LINE"}, "geometry": {"type": "LineString", "coordinates": [[-54.99050140861656, -10.244998607335592], [-54.990699349170306, -10.244835599420192]]}}, {"type": "Feature", "properties": {"layer": "0 - MEIO FIO 2", "dxf_type": "LINE"}, "geometry": {"type": "LineString", "coordinates": [[-54.990699349170306, -10.244835599420192], [-54.99076500150108, -10.244781534069189]]}}, {"type": "Feature", "properties": {"layer": "0 - MEIO FIO 2", "dxf_type": "LINE"}, "geometry": {"type": "LineString", "coordinates": [[-54.99076500150108, -10.244781534069189], [-54.99081113262366, -10.244710307367571]]}}, {"type": "Feature", "properties": {"layer": "0 - MEIO FIO 2", "dxf_type": "LINE"}, "geometry": {"type": "LineString", "coordinates": [[-54.99081113262366, -10.244710307367571], [-54.99084335644934, -10.244746730184563]]}}, {"type": "Feature", "properties": {"layer": "0 - MEIO FIO 2", "dxf_type": "LINE"}, "geometry": {"type": "LineString", "coordinates": [[-54.98991892536597, -10.245488579745711], [-54.99010843570353, -10.24533674053102]]}}, {"type": "Feature", "properties": {"layer": "0 - MEIO FIO 2", "dxf_type": "LINE"}, "geometry": {"type": "LineString", "coordinates": [[-54.99010843570353, -10.24533674053102], [-54.990344968356695, -10.245142997797842]]}}, {"type": "Feature", "properties": {"layer": "0 - MEIO FIO 2", "dxf_type": "LINE"}, "geometry": {"type": "LineString", "coordinates": [[-54.990344968356695, -10.245142997797842], [-54.990619216871245, -10.244915673223314]]}}, {"type": "Feature", "properties": {"layer": "0 - MEIO FIO 2", "dxf_type": "LINE"}, "geometry": {"type": "LineString", "coordinates": [[-54.990619216871245, -10.244915673223314], [-54.99077869080401, -10.244789908517653]]}}, {"type": "Feature", "properties": {"layer": "0 - MEIO FIO 2", "dxf_type": "LINE"}, "geometry": {"type": "LineString", "coordinates": [[-54.99077869080401, -10.244789908517653], [-54.99084335644934, -10.244746730184563]]}}, {"type": "Feature", "properties": {"layer": "0 - MEIO FIO 2", "dxf_type": "CIRCLE", "radius_m": 2.84}, "geometry": {"type": "Polygon", "coordinates": [[[-54.990856329040746, -10.244691553743703], [-54.99085685979542, -10.244686543885143], [-54.99085836578435, -10.244681733492142], [-54.99086079109731, -10.244677305714843], [-54.99086404157008, -10.244673431716087], [-54.99086799306018, -10.244670260779289], [-54.99087249331195, -10.244667913992728], [-54.99087736836153, -10.24466648157719], [-54.99088243259804, -10.244666019332602], [-54.99088749061711, -10.24466654412982], [-54.99089234815468, -10.244668036689967], [-54.990896817579525, -10.244670438906601], [-54.99090072881564, -10.244673658432877], [-54.990903930232015, -10.244677572302583], [-54.99090629957646, -10.244682029709645], [-54.99090774576089, -10.2446868583464], [-54.99090821244898, -10.24469187436904], [-54.99090768260764, -10.244696884233477], [-54.990906175701035, -10.244701695525068], [-54.99090375039407, -10.244706122398888], [-54.9909004999213, -10.24470999639808], [-54.990896548430875, -10.244713167335215], [-54.990892049091094, -10.244715514127673], [-54.99088717312817, -10.24471694653764], [-54.99088210889083, -10.244717408782147], [-54.990877050871, -10.244716883984696], [-54.990872194245405, -10.244715391429853], [-54.99086772390768, -10.244712989207144], [-54.99086381267157, -10.244709769680469], [-54.99086061125552, -10.24470585581039], [-54.99085824190596, -10.244701399306987], [-54.99085679664057, -10.244696569771902], [-54.990856329040746, -10.244691553743703]]]}}, {"type": "Feature", "properties": {"layer": "0 - MEIO FIO 2", "dxf_type": "LINE"}, "geometry": {"type": "LineString", "coordinates": [[-54.99096489222666, -10.244659208956946], [-54.99099561740309, -10.244612347085551]]}}, {"type": "Feature", "properties": {"layer": "0 - MEIO FIO 2", "dxf_type": "LINE"}, "geometry": {"type": "LineString", "coordinates": [[-54.99096489222666, -10.244659208956946], [-54.99094411794909, -10.24463611921377]]}}, {"type": "Feature", "properties": {"layer": "0 - MEIO FIO 2", "dxf_type": "LINE"}, "geometry": {"type": "LineString", "coordinates": [[-54.99094411794909, -10.24463611921377], [-54.99099342843084, -10.244597653902405]]}}, {"type": "Feature", "properties": {"layer": "0 - MEIO FIO 2", "dxf_type": "LINE"}, "geometry": {"type": "LineString", "coordinates": [[-54.99099342843084, -10.244597653902405], [-54.99116215957801, -10.244458700110854]]}}, {"type": "Feature", "properties": {"layer": "0 - MEIO FIO 2", "dxf_type": "LINE"}, "geometry": {"type": "LineString", "coordinates": [[-54.99116215957801, -10.244458700110854], [-54.9913479572322, -10.244305692640019]]}}, {"type": "Feature", "properties": {"layer": "0 - MEIO FIO 2", "dxf_type": "LINE"}, "geometry": {"type": "LineString", "coordinates": [[-54.9913479572322, -10.244305692640019], [-54.99154243059471, -10.244146351522888]]}}, {"type": "Feature", "properties": {"layer": "0 - MEIO FIO 2", "dxf_type": "LINE"}, "geometry": {"type": "LineString", "coordinates": [[-54.99154243059471, -10.244146351522888], [-54.991693147029444, -10.244022520751164]]}}, {"type": "Feature", "properties": {"layer": "0 - MEIO FIO 2", "dxf_type": "LINE"}, "geometry": {"type": "LineString", "coordinates": [[-54.991693147029444, -10.244022520751164], [-54.991840069835845, -10.243903153516417]]}}, {"type": "Feature", "properties": {"layer": "0 - MEIO FIO 2", "dxf_type": "LINE"}, "geometry": {"type": "LineString", "coordinates": [[-54.991840069835845, -10.243903153516417], [-54.99200208802995, -10.243765652770652]]}}, {"type": "Feature", "properties": {"layer": "0 - MEIO FIO 2", "dxf_type": "LINE"}, "geometry": {"type": "LineString", "coordinates": [[-54.99200208802995, -10.243765652770652], [-54.99203599749332, -10.243710745642591]]}}, {"type": "Feature", "properties": {"layer": "0 - MEIO FIO 2", "dxf_type": "LINE"}, "geometry": {"type": "LineString", "coordinates": [[-54.99203599749332, -10.243710745642591], [-54.99205716540247, -10.243734230052787]]}}, {"type": "Feature", "properties": {"layer": "0 - MEIO FIO 2", "dxf_type": "LINE"}, "geometry": {"type": "LineString", "coordinates": [[-54.99205716540247, -10.243734230052787], [-54.99193334206945, -10.243839191482685]]}}, {"type": "Feature", "properties": {"layer": "0 - MEIO FIO 2", "dxf_type": "LINE"}, "geometry": {"type": "LineString", "coordinates": [[-54.99193334206945, -10.243839191482685], [-54.99177289732888, -10.243970429597617]]}}, {"type": "Feature", "properties": {"layer": "0 - MEIO FIO 2", "dxf_type": "LINE"}, "geometry": {"type": "LineString", "coordinates": [[-54.99177289732888, -10.243970429597617], [-54.99142829108828, -10.244254136705575]]}}, {"type": "Feature", "properties": {"layer": "0 - MEIO FIO 2", "dxf_type": "LINE"}, "geometry": {"type": "LineString", "coordinates": [[-54.99142829108828, -10.244254136705575], [-54.991083397506934, -10.244536714366893]]}}, {"type": "Feature", "properties": {"layer": "0 - MEIO FIO 2", "dxf_type": "LINE"}, "geometry": {"type": "LineString", "coordinates": [[-54.991083397506934, -10.244536714366893], [-54.99099561740309, -10.244612347085551]]}}, {"type": "Feature", "properties": {"layer": "0 - MEIO FIO 2", "dxf_type": "CIRCLE", "radius_m": 2.78}, "geometry": {"type": "Polygon", "coordinates": [[[-54.99209517948031, -10.243675596994692], [-54.992095698605965, -10.243670691008955], [-54.99209717384023, -10.2436659780391], [-54.99209954926817, -10.243661642139546], [-54.99210273350977, -10.243657847259461], [-54.99210660334181, -10.24365474178475], [-54.99211101109514, -10.24365244321706], [-54.99211578646841, -10.243651039992793], [-54.99212074659483, -10.243650587025765], [-54.992125700633444, -10.243651101215885], [-54.99213045797086, -10.243652563307664], [-54.99213483644577, -10.243654916133128], [-54.99213866688336, -10.243658069159514], [-54.99214180310513, -10.24366190307057], [-54.992144123765364, -10.243666267970104], [-54.992145540467625, -10.243670998798743], [-54.992145997793166, -10.243675910814535], [-54.99214547866256, -10.243680817704359], [-54.992144002516284, -10.243685530668932], [-54.99214162708864, -10.243689866568891], [-54.992138442847036, -10.243693661449356], [-54.99213457301468, -10.24369676692441], [-54.99213016526079, -10.243699065492349], [-54.99212538988678, -10.24370046871668], [-54.99212042975957, -10.243700921683631], [-54.99211547572022, -10.243700407493288], [-54.99211071838224, -10.243698945401189], [-54.992106339907025, -10.243696592575306], [-54.99210250946944, -10.243693439548514], [-54.99209937324798, -10.243689605637138], [-54.99209705258831, -10.243685240737374], [-54.99209563679936, -10.24368050991427], [-54.99209517948031, -10.243675596994692]]]}}, {"type": "Feature", "properties": {"layer": "0 - MEIO FIO 2", "dxf_type": "LINE"}, "geometry": {"type": "LineString", "coordinates": [[-54.99218106709003, -10.24361825748536], [-54.99220295755787, -10.243642503834213]]}}, {"type": "Feature", "properties": {"layer": "0 - MEIO FIO 2", "dxf_type": "LINE"}, "geometry": {"type": "LineString", "coordinates": [[-54.99220295755787, -10.243642503834213], [-54.99224898659515, -10.243580022538314]]}}, {"type": "Feature", "properties": {"layer": "0 - MEIO FIO 2", "dxf_type": "LINE"}, "geometry": {"type": "LineString", "coordinates": [[-54.99224898659515, -10.243580022538314], [-54.99237115325115, -10.243481022018797]]}}, {"type": "Feature", "properties": {"layer": "0 - MEIO FIO 2", "dxf_type": "LINE"}, "geometry": {"type": "LineString", "coordinates": [[-54.99218106709003, -10.24361825748536], [-54.99236240378838, -10.243473096655709]]}}, {"type": "Feature", "properties": {"layer": "0 - MEIO FIO 2", "dxf_type": "LINE"}, "geometry": {"type": "LineString", "coordinates": [[-54.99236240378838, -10.243473096655709], [-54.99260165970112, -10.243276747196028]]}}, {"type": "Feature", "properties": {"layer": "0 - MEIO FIO 2", "dxf_type": "LINE"}, "geometry": {"type": "LineString", "coordinates": [[-54.99260165970112, -10.243276747196028], [-54.99287876466513, -10.243053568649824]]}}, {"type": "Feature", "properties": {"layer": "0 - MEIO FIO 2", "dxf_type": "LINE"}, "geometry": {"type": "LineString", "coordinates": [[-54.99287876466513, -10.243053568649824], [-54.99309250119512, -10.24287601731323]]}}, {"type": "Feature", "properties": {"layer": "0 - MEIO FIO 2", "dxf_type": "LINE"}, "geometry": {"type": "LineString", "coordinates": [[-54.99237115325115, -10.243481022018797], [-54.99277798946894, -10.243145946472328]]}}, {"type": "Feature", "properties": {"layer": "0 - MEIO FIO 2", "dxf_type": "LINE"}, "geometry": {"type": "LineString", "coordinates": [[-54.99277798946894, -10.243145946472328], [-54.99310024598809, -10.242883491727435]]}}, {"type": "Feature", "properties": {"layer": "0 - MEIO FIO 2", "dxf_type": "LINE"}, "geometry": {"type": "LineString", "coordinates": [[-54.99309250119512, -10.24287601731323], [-54.99317794767279, -10.242805036382684]]}}, {"type": "Feature", "properties": {"layer": "0 - MEIO FIO 2", "dxf_type": "LINE"}, "geometry": {"type": "LineString", "coordinates": [[-54.99310024598809, -10.242883491727435], [-54.99319486312642, -10.242806433384224]]}}, {"type": "Feature", "properties": {"layer": "0 - MEIO FIO 2", "dxf_type": "LINE"}, "geometry": {"type": "LineString", "coordinates": [[-54.99250581248453, -10.243464535222449], [-54.99296965391859, -10.243093567730476]]}}, {"type": "Feature", "properties": {"layer": "0 - MEIO FIO 2", "dxf_type": "LINE"}, "geometry": {"type": "LineString", "coordinates": [[-54.99296965391859, -10.243093567730476], [-54.993305874266866, -10.242804812570386]]}}, {"type": "Feature", "properties": {"layer": "0 - MEIO FIO 2", "dxf_type": "LINE"}, "geometry": {"type": "LineString", "coordinates": [[-54.990719142988716, -10.242797537521486], [-54.99034914762779, -10.242350580509415]]}}, {"type": "Feature", "properties": {"layer": "0 - MEIO FIO 2", "dxf_type": "LINE"}, "geometry": {"type": "LineString", "coordinates": [[-54.98973338034305, -10.24277488145044], [-54.99026306579706, -10.242336353226756]]}}, {"type": "Feature", "properties": {"layer": "0 - MEIO FIO 2", "dxf_type": "LINE"}, "geometry": {"type": "LineString", "coordinates": [[-54.99043752427343, -10.242319956808073], [-54.99082425145785, -10.242787481862493]]}}, {"type": "Feature", "properties": {"layer": "0 - MEIO FIO 2", "dxf_type": "LINE"}, "geometry": {"type": "LineString", "coordinates": [[-54.99044738676322, -10.242244761930902], [-54.990662757690195, -10.242076852796522]]}}, {"type": "Feature", "properties": {"layer": "0 - MEIO FIO 2", "dxf_type": "LINE"}, "geometry": {"type": "LineString", "coordinates": [[-54.990801731613246, -10.242029120360618], [-54.991181524074854, -10.242029118279465]]}}, {"type": "Feature", "properties": {"layer": "0 - MEIO FIO 2", "dxf_type": "LINE"}, "geometry": {"type": "LineString", "coordinates": [[-54.99133014854857, -10.242074900602926], [-54.992027097149524, -10.242924029584682]]}}, {"type": "Feature", "properties": {"layer": "0 - MEIO FIO 2", "dxf_type": "LINE"}, "geometry": {"type": "LineString", "coordinates": [[-54.99064874681131, -10.242013342699055], [-54.99038690054058, -10.242215197867324]]}}, {"type": "Feature", "properties": {"layer": "0 - MEIO FIO 2", "dxf_type": "LINE"}, "geometry": {"type": "LineString", "coordinates": [[-54.99036335829033, -10.242182147900468], [-54.99062109130294, -10.241986981648347]]}}, {"type": "Feature", "properties": {"layer": "0 - MEIO FIO 2", "dxf_type": "LINE"}, "geometry": {"type": "LineString", "coordinates": [[-54.9902348142939, -10.242210192135863], [-54.989982793827814, -10.241919524915204]]}}, {"type": "Feature", "properties": {"layer": "0 - MEIO FIO 2", "dxf_type": "LINE"}, "geometry": {"type": "LineString", "coordinates": [[-54.989982793827814, -10.241919524915204], [-54.98924034396525, -10.241036627715324]]}}, {"type": "Feature", "properties": {"layer": "0 - MEIO FIO 2", "dxf_type": "LINE"}, "geometry": {"type": "LineString", "coordinates": [[-54.98924034396525, -10.241036627715324], [-54.9889317534078, -10.240669661177638]]}}, {"type": "Feature", "properties": {"layer": "0 - MEIO FIO 2", "dxf_type": "LINE"}, "geometry": {"type": "LineString", "coordinates": [[-54.988847678682404, -10.240660109341489], [-54.98822892794332, -10.241163820182885]]}}, {"type": "Feature", "properties": {"layer": "0 - MEIO FIO 2", "dxf_type": "LINE"}, "geometry": {"type": "LineString", "coordinates": [[-54.98813810781553, -10.24134348162492], [-54.988558575430986, -10.24183994654351]]}}, {"type": "Feature", "properties": {"layer": "0 - MEIO FIO 2", "dxf_type": "LINE"}, "geometry": {"type": "LineString", "coordinates": [[-54.988558575430986, -10.24183994654351], [-54.98940675263554, -10.242858452305592]]}}, {"type": "Feature", "properties": {"layer": "0 - MEIO FIO 2", "dxf_type": "LINE"}, "geometry": {"type": "LineString", "coordinates": [[-54.989501674709246, -10.242881687810858], [-54.99021844060041, -10.242285057501793]]}}, {"type": "Feature", "properties": {"layer": "0 - MEIO FIO 2", "dxf_type": "LINE"}, "geometry": {"type": "LineString", "coordinates": [[-54.99064092274082, -10.241816332964476], [-54.990651172294946, -10.24131348519156]]}}, {"type": "Feature", "properties": {"layer": "0 - MEIO FIO 2", "dxf_type": "LINE"}, "geometry": {"type": "LineString", "coordinates": [[-54.99060038603552, -10.241924851148214], [-54.99033158011483, -10.242131521843453]]}}, {"type": "Feature", "properties": {"layer": "0 - MEIO FIO 2", "dxf_type": "LINE"}, "geometry": {"type": "LineString", "coordinates": [[-54.990264368924144, -10.242111816833095], [-54.98982987455417, -10.24160585707468]]}}, {"type": "Feature", "properties": {"layer": "0 - MEIO FIO 2", "dxf_type": "LINE"}, "geometry": {"type": "LineString", "coordinates": [[-54.98982987455417, -10.24160585707468], [-54.98934405699742, -10.241012870339022]]}}, {"type": "Feature", "properties": {"layer": "0 - MEIO FIO 2", "dxf_type": "LINE"}, "geometry": {"type": "LineString", "coordinates": [[-54.98934405699742, -10.241012870339022], [-54.989002016800356, -10.240619284547957]]}}, {"type": "Feature", "properties": {"layer": "0 - MEIO FIO 2", "dxf_type": "LINE"}, "geometry": {"type": "LineString", "coordinates": [[-54.989005600479175, -10.24053125867726], [-54.98935531390913, -10.240246158024734]]}}, {"type": "Feature", "properties": {"layer": "0 - MEIO FIO 2", "dxf_type": "LINE"}, "geometry": {"type": "LineString", "coordinates": [[-54.990691509888514, -10.24186735361785], [-54.99070774202201, -10.241279352874928]]}}, {"type": "Feature", "properties": {"layer": "0 - MEIO FIO 2", "dxf_type": "LINE"}, "geometry": {"type": "LineString", "coordinates": [[-54.99125446254965, -10.241973786120075], [-54.990785139984354, -10.241974431942847]]}}, {"type": "Feature", "properties": {"layer": "0 - MEIO FIO 2", "dxf_type": "LINE"}, "geometry": {"type": "LineString", "coordinates": [[-54.991468817606226, -10.24206906267744], [-54.99198017986322, -10.241650324851037]]}}, {"type": "Feature", "properties": {"layer": "0 - MEIO FIO 2", "dxf_type": "LINE"}, "geometry": {"type": "LineString", "coordinates": [[-54.992051738407, -10.24145910029956], [-54.99202823971858, -10.241588761802557]]}}, {"type": "Feature", "properties": {"layer": "0 - MEIO FIO 2", "dxf_type": "LINE"}, "geometry": {"type": "LineString", "coordinates": [[-54.99139263432265, -10.242060987449722], [-54.991345918556654, -10.242015574306668]]}}, {"type": "Feature", "properties": {"layer": "0 - MEIO FIO 2", "dxf_type": "LINE"}, "geometry": {"type": "LineString", "coordinates": [[-54.99072900081114, -10.241187940645865], [-54.99129568132246, -10.24071538355659]]}}, {"type": "Feature", "properties": {"layer": "0 - MEIO FIO 2", "dxf_type": "LINE"}, "geometry": {"type": "LineString", "coordinates": [[-54.991279756952004, -10.240587453729171], [-54.991013838464134, -10.240261997310983]]}}, {"type": "Feature", "properties": {"layer": "0 - MEIO FIO 2", "dxf_type": "LINE"}, "geometry": {"type": "LineString", "coordinates": [[-54.99262126891092, -10.240992779913258], [-54.992051738407, -10.24145910029956]]}}, {"type": "Feature", "properties": {"layer": "0 - MEIO FIO 2", "dxf_type": "LINE"}, "geometry": {"type": "LineString", "coordinates": [[-54.99140265790311, -10.240662738264222], [-54.992051738407, -10.24145910029956]]}}, {"type": "Feature", "properties": {"layer": "0 - MEIO FIO 2", "dxf_type": "LINE"}, "geometry": {"type": "LineString", "coordinates": [[-54.992655233689426, -10.240921170331388], [-54.992128432368716, -10.240307764842724]]}}, {"type": "Feature", "properties": {"layer": "0 - MEIO FIO 2", "dxf_type": "LINE"}, "geometry": {"type": "LineString", "coordinates": [[-54.992128432368716, -10.240307764842724], [-54.99185255916237, -10.239992639910968]]}}, {"type": "Feature", "properties": {"layer": "0 - MEIO FIO 2", "dxf_type": "LINE"}, "geometry": {"type": "LineString", "coordinates": [[-54.99185255916237, -10.239992639910968], [-54.99144089142417, -10.239522396120746]]}}, {"type": "Feature", "properties": {"layer": "0 - MEIO FIO 2", "dxf_type": "LINE"}, "geometry": {"type": "LineString", "coordinates": [[-54.99144089142417, -10.239522396120746], [-54.99099712759198, -10.238970614548906]]}}, {"type": "Feature", "properties": {"layer": "0 - MEIO FIO 2", "dxf_type": "LINE"}, "geometry": {"type": "LineString", "coordinates": [[-54.99092303949203, -10.238961375384271], [-54.990348346684875, -10.239429035116093]]}}, {"type": "Feature", "properties": {"layer": "0 - MEIO FIO 2", "dxf_type": "LINE"}, "geometry": {"type": "LineString", "coordinates": [[-54.99034894553238, -10.239475522884735], [-54.991013838464134, -10.240261997310983]]}}, {"type": "Feature", "properties": {"layer": "0 - MEIO FIO 2", "dxf_type": "LINE"}, "geometry": {"type": "LineString", "coordinates": [[-54.99272974265109, -10.240871723826002], [-54.99211723839819, -10.240153607113726]]}}, {"type": "Feature", "properties": {"layer": "0 - MEIO FIO 2", "dxf_type": "LINE"}, "geometry": {"type": "LineString", "coordinates": [[-54.99213178313528, -10.240070537114676], [-54.992849348210385, -10.239491755304806]]}}, {"type": "Feature", "properties": {"layer": "0 - MEIO FIO 2", "dxf_type": "LINE"}, "geometry": {"type": "LineString", "coordinates": [[-54.992849348210385, -10.239491755304806], [-54.993487416862116, -10.238977089738196]]}}, {"type": "Feature", "properties": {"layer": "0 - MEIO FIO 2", "dxf_type": "LINE"}, "geometry": {"type": "LineString", "coordinates": [[-54.99284847029454, -10.240893561317296], [-54.994665622339696, -10.23939466169918]]}}, {"type": "Feature", "properties": {"layer": "0 - MEIO FIO 2", "dxf_type": "LINE"}, "geometry": {"type": "LineString", "coordinates": [[-54.99468250586903, -10.239257191580093], [-54.994467248704254, -10.23900942464649]]}}, {"type": "Feature", "properties": {"layer": "0 - MEIO FIO 2", "dxf_type": "LINE"}, "geometry": {"type": "LineString", "coordinates": [[-54.99069067620162, -10.241135924631747], [-54.991184727411856, -10.240726023482612]]}}, {"type": "Feature", "properties": {"layer": "0 - MEIO FIO 2", "dxf_type": "LINE"}, "geometry": {"type": "LineString", "coordinates": [[-54.991209586153516, -10.24059837809273], [-54.99098463851648, -10.240331368165483]]}}, {"type": "Feature", "properties": {"layer": "0 - MEIO FIO 2", "dxf_type": "LINE"}, "geometry": {"type": "LineString", "coordinates": [[-54.99098463851648, -10.240331368165483], [-54.99065660931803, -10.23994200222357]]}}, {"type": "Feature", "properties": {"layer": "0 - MEIO FIO 2", "dxf_type": "LINE"}, "geometry": {"type": "LineString", "coordinates": [[-54.99065660931803, -10.23994200222357], [-54.99030411192852, -10.239523591121543]]}}, {"type": "Feature", "properties": {"layer": "0 - MEIO FIO 2", "dxf_type": "LINE"}, "geometry": {"type": "LineString", "coordinates": [[-54.99023889609363, -10.239518101821764], [-54.989678477241554, -10.239974143331555]]}}, {"type": "Feature", "properties": {"layer": "0 - MEIO FIO 2", "dxf_type": "LINE"}, "geometry": {"type": "LineString", "coordinates": [[-54.98968181097482, -10.240020348788581], [-54.99058852592364, -10.241111507760953]]}}, {"type": "Feature", "properties": {"layer": "0 - MEIO FIO 2", "dxf_type": "LINE"}, "geometry": {"type": "LineString", "coordinates": [[-54.988024450399635, -10.241342152077513], [-54.988476898046414, -10.241890429578238]]}}, {"type": "Feature", "properties": {"layer": "0 - MEIO FIO 2", "dxf_type": "LINE"}, "geometry": {"type": "LineString", "coordinates": [[-54.98729892467393, -10.24119390181459], [-54.9869637536468, -10.241467276421504]]}}, {"type": "Feature", "properties": {"layer": "0 - MEIO FIO 2", "dxf_type": "LINE"}, "geometry": {"type": "LineString", "coordinates": [[-54.9869644030688, -10.241656665681894], [-54.98721595202198, -10.24196208643869]]}}, {"type": "Feature", "properties": {"layer": "0 - MEIO FIO 2", "dxf_type": "CIRCLE", "radius_m": 9.53}, "geometry": {"type": "Polygon", "coordinates": [[[-54.98668943591212, -10.241529069475249], [-54.98669121189734, -10.24151228206436], [-54.986696260811335, -10.241496161216498], [-54.98670438710313, -10.241481325808317], [-54.98671528054724, -10.241468345194992], [-54.98672852001944, -10.241457719347434], [-54.98674359919675, -10.241449855509542], [-54.986759936664036, -10.241445057413864], [-54.98677690522995, -10.24144350738471], [-54.98679385382261, -10.241445267377651], [-54.98681012946511, -10.241450267364604], [-54.98682510822834, -10.241458317276381], [-54.98683821257529, -10.24146910620604], [-54.986848941361494, -10.24148222067297], [-54.986856879804705, -10.241497155531487], [-54.98686172488842, -10.241513337629979], [-54.986863288886695, -10.24153014571888], [-54.98686151291577, -10.241546932228523], [-54.98685646400262, -10.24156305398424], [-54.98684833771434, -10.241577889397107], [-54.98683744427017, -10.241590870015113], [-54.98682420479435, -10.241601495866682], [-54.9868091256104, -10.24160935970724], [-54.98679278813448, -10.241614157803898], [-54.98677581864667, -10.241615707826499], [-54.98675887095797, -10.24161394783658], [-54.98674259530892, -10.241608947845648], [-54.986727616542176, -10.241600897929201], [-54.986714512195284, -10.24159010899483], [-54.98670378341271, -10.241576994523923], [-54.98669584497613, -10.24156205966272], [-54.98669099990676, -10.241545876659368], [-54.98668943591212, -10.241529069475249]]]}}, {"type": "Feature", "properties": {"layer": "0 - MEIO FIO 2", "dxf_type": "CIRCLE", "radius_m": 9.83}, "geometry": {"type": "Polygon", "coordinates": [[[-54.987356625751566, -10.240981463045097], [-54.987358458910045, -10.24096414085737], [-54.987363668906696, -10.240947504850462], [-54.98737205458005, -10.240932195561086], [-54.987383294635976, -10.240918801259156], [-54.987396956910054, -10.240907836311097], [-54.98741251673859, -10.240899722311394], [-54.987429376236264, -10.240894770123514], [-54.9874468862546, -10.240893170976635], [-54.98746437564645, -10.240894986703665], [-54.98748117044674, -10.240900147148205], [-54.98749662670745, -10.240908453079424], [-54.98751014959857, -10.24091958625329], [-54.98752121981528, -10.240933118615137], [-54.98752941262771, -10.240948530495878], [-54.987534411449644, -10.24096522967814], [-54.987536025952984, -10.240982573202375], [-54.987534192797945, -10.240999896296795], [-54.98752898372655, -10.241016531409684], [-54.98752059714437, -10.2410318406984], [-54.987509357088385, -10.241045235005336], [-54.98749569481045, -10.241056199957642], [-54.987480134969154, -10.241064314864088], [-54.98746327638054, -10.241069266154764], [-54.9874457654397, -10.241070865295036], [-54.98742827695126, -10.241069049570848], [-54.98741148122573, -10.241063890020323], [-54.987396024966976, -10.241055583180234], [-54.98738250207592, -10.241044450001372], [-54.98737143186306, -10.241030917635268], [-54.987363239970264, -10.241015505757314], [-54.98735824023927, -10.24099880747226], [-54.987356625751566, -10.240981463045097]]]}}, {"type": "Feature", "properties": {"layer": "0 - MEIO FIO 2", "dxf_type": "LINE"}, "geometry": {"type": "LineString", "coordinates": [[-54.98822464436966, -10.241071308362653], [-54.98884010389135, -10.240566904627821]]}}, {"type": "Feature", "properties": {"layer": "0 - MEIO FIO 2", "dxf_type": "LINE"}, "geometry": {"type": "LineString", "coordinates": [[-54.988234624249884, -10.241094944290209], [-54.98885380878932, -10.240581601221448]]}}, {"type": "Feature", "properties": {"layer": "0 - MEIO FIO 2", "dxf_type": "LINE"}, "geometry": {"type": "LineString", "coordinates": [[-54.98885380878932, -10.240581601221448], [-54.98884010389135, -10.240566904627821]]}}, {"type": "Feature", "properties": {"layer": "0 - MEIO FIO 2", "dxf_type": "LINE"}, "geometry": {"type": "LineString", "coordinates": [[-54.990616692589164, -10.241233047474585], [-54.98992998154965, -10.24042111665351]]}}, {"type": "Feature", "properties": {"layer": "0 - MEIO FIO 2", "dxf_type": "LINE"}, "geometry": {"type": "LineString", "coordinates": [[-54.98992998154965, -10.24042111665351], [-54.98963536745195, -10.240067681101287]]}}, {"type": "Feature", "properties": {"layer": "0 - MEIO FIO 2", "dxf_type": "LINE"}, "geometry": {"type": "LineString", "coordinates": [[-54.98958131658573, -10.240063292936235], [-54.98935531390913, -10.240246158024734]]}}, {"type": "Feature", "properties": {"layer": "0 - MEIO FIO 2", "dxf_type": "LINE"}, "geometry": {"type": "LineString", "coordinates": [[-54.98816576463032, -10.241004574829944], [-54.98875558260408, -10.240522223728108]]}}, {"type": "Feature", "properties": {"layer": "0 - MEIO FIO 2", "dxf_type": "LINE"}, "geometry": {"type": "LineString", "coordinates": [[-54.9887519581779, -10.240462798484632], [-54.98817718500093, -10.239772200529154]]}}, {"type": "Feature", "properties": {"layer": "0 - MEIO FIO 2", "dxf_type": "LINE"}, "geometry": {"type": "LineString", "coordinates": [[-54.98811150551292, -10.239767599195268], [-54.987410464576605, -10.240350598365296]]}}, {"type": "Feature", "properties": {"layer": "0 - MEIO FIO 2", "dxf_type": "LINE"}, "geometry": {"type": "LineString", "coordinates": [[-54.987184415960414, -10.241108227556591], [-54.98686372183809, -10.241359705668613]]}}, {"type": "Feature", "properties": {"layer": "0 - MEIO FIO 2", "dxf_type": "LINE"}, "geometry": {"type": "LineString", "coordinates": [[-54.98665244735502, -10.24130521216449], [-54.986168860507284, -10.240726032141172]]}}, {"type": "Feature", "properties": {"layer": "0 - MEIO FIO 2", "dxf_type": "LINE"}, "geometry": {"type": "LineString", "coordinates": [[-54.986168860507284, -10.240726032141172], [-54.985766676458454, -10.240244344340137]]}}, {"type": "Feature", "properties": {"layer": "0 - MEIO FIO 2", "dxf_type": "LINE"}, "geometry": {"type": "LineString", "coordinates": [[-54.987346601993714, -10.242754574428622], [-54.98672258964545, -10.242001543676555]]}}, {"type": "Feature", "properties": {"layer": "0 - MEIO FIO 2", "dxf_type": "LINE"}, "geometry": {"type": "LineString", "coordinates": [[-54.98776269877551, -10.242761367272399], [-54.986939689193434, -10.241789269296754]]}}, {"type": "Feature", "properties": {"layer": "0 - MEIO FIO 2", "dxf_type": "LINE"}, "geometry": {"type": "LineString", "coordinates": [[-54.98721445005055, -10.242773675182454], [-54.98663038617341, -10.242080358492816]]}}, {"type": "Feature", "properties": {"layer": "0 - MEIO FIO 2", "dxf_type": "LINE"}, "geometry": {"type": "LineString", "coordinates": [[-54.9870340362108, -10.242780323944551], [-54.98654043108892, -10.242193188053689]]}}, {"type": "Feature", "properties": {"layer": "0 - MEIO FIO 2", "dxf_type": "LINE"}, "geometry": {"type": "LineString", "coordinates": [[-54.98692287787172, -10.242784361485096], [-54.98642412576419, -10.242187997135305]]}}, {"type": "Feature", "properties": {"layer": "0 - MEIO FIO 2", "dxf_type": "LINE"}, "geometry": {"type": "LineString", "coordinates": [[-54.986592481479356, -10.241370592793672], [-54.98627023306323, -10.240983894842955]]}}, {"type": "Feature", "properties": {"layer": "0 - MEIO FIO 2", "dxf_type": "LINE"}, "geometry": {"type": "LineString", "coordinates": [[-54.98627023306323, -10.240983894842955], [-54.985693396196474, -10.2402813497467]]}}, {"type": "Feature", "properties": {"layer": "0 - MEIO FIO 2", "dxf_type": "LINE"}, "geometry": {"type": "LineString", "coordinates": [[-54.98630417833748, -10.241499178888004], [-54.98535045473355, -10.24037632263545]]}}, {"type": "Feature", "properties": {"layer": "0 - MEIO FIO 2", "dxf_type": "LINE"}, "geometry": {"type": "LineString", "coordinates": [[-54.98640068128383, -10.241625204913577], [-54.986616269725076, -10.241888087366316]]}}, {"type": "Feature", "properties": {"layer": "0 - MEIO FIO 2", "dxf_type": "LINE"}, "geometry": {"type": "LineString", "coordinates": [[-54.986639212112266, -10.241760879166835], [-54.98652938931839, -10.241621894414752]]}}, {"type": "Feature", "properties": {"layer": "0 - MEIO FIO 2", "dxf_type": "LINE"}, "geometry": {"type": "LineString", "coordinates": [[-54.98630890048331, -10.24169721214858], [-54.98652532278248, -10.241951595762895]]}}, {"type": "Feature", "properties": {"layer": "0 - MEIO FIO 2", "dxf_type": "LINE"}, "geometry": {"type": "LineString", "coordinates": [[-54.98620626064767, -10.241579524699887], [-54.98521014045299, -10.2403899694641]]}}, {"type": "Feature", "properties": {"layer": "0 - MEIO FIO 2", "dxf_type": "LINE"}, "geometry": {"type": "LineString", "coordinates": [[-54.98610252009958, -10.241663410310656], [-54.98502857341747, -10.240399410544102]]}}, {"type": "Feature", "properties": {"layer": "0 - MEIO FIO 2", "dxf_type": "LINE"}, "geometry": {"type": "LineString", "coordinates": [[-54.99351016539059, -10.240514928547174], [-54.99444064505103, -10.241615977530465]]}}, {"type": "Feature", "properties": {"layer": "0 - MEIO FIO 2", "dxf_type": "LINE"}, "geometry": {"type": "LineString", "coordinates": [[-54.993446835932396, -10.240527949326225], [-54.99288376562277, -10.240987187615586]]}}, {"type": "Feature", "properties": {"layer": "0 - MEIO FIO 2", "dxf_type": "LINE"}, "geometry": {"type": "LineString", "coordinates": [[-54.992881100181826, -10.241051994950107], [-54.99331158197525, -10.241562071109975]]}}, {"type": "Feature", "properties": {"layer": "0 - MEIO FIO 2", "dxf_type": "LINE"}, "geometry": {"type": "LineString", "coordinates": [[-54.99331158197525, -10.241562071109975], [-54.99377543603538, -10.242119777959918]]}}, {"type": "Feature", "properties": {"layer": "0 - MEIO FIO 2", "dxf_type": "LINE"}, "geometry": {"type": "LineString", "coordinates": [[-54.99443718973336, -10.241674663223513], [-54.99386578298729, -10.24214412382705]]}}, {"type": "Feature", "properties": {"layer": "0 - MEIO FIO 2", "dxf_type": "LINE"}, "geometry": {"type": "LineString", "coordinates": [[-54.99509258255451, -10.241049193202544], [-54.99473700676925, -10.240618992180266]]}}, {"type": "Feature", "properties": {"layer": "0 - MEIO FIO 2", "dxf_type": "LINE"}, "geometry": {"type": "LineString", "coordinates": [[-54.99473700676925, -10.240618992180266], [-54.99419826228027, -10.23999605622447]]}}, {"type": "Feature", "properties": {"layer": "0 - MEIO FIO 2", "dxf_type": "LINE"}, "geometry": {"type": "LineString", "coordinates": [[-54.99411564526054, -10.239968708393796], [-54.99357757542808, -10.240413174183757]]}}, {"type": "Feature", "properties": {"layer": "0 - MEIO FIO 2", "dxf_type": "LINE"}, "geometry": {"type": "LineString", "coordinates": [[-54.993568566936894, -10.24048374740494], [-54.99448517648467, -10.24158140145102]]}}, {"type": "Feature", "properties": {"layer": "0 - MEIO FIO 2", "dxf_type": "LINE"}, "geometry": {"type": "LineString", "coordinates": [[-54.994558059024556, -10.241584680173288], [-54.995102546158364, -10.241152336088973]]}}, {"type": "Feature", "properties": {"layer": "0 - MEIO FIO 2", "dxf_type": "LINE"}, "geometry": {"type": "LineString", "coordinates": [[-54.989231981981995, -10.242782011894569], [-54.988476898046414, -10.241890429578238]]}}, {"type": "Feature", "properties": {"layer": "0 - MEIO FIO 2", "dxf_type": "LINE"}, "geometry": {"type": "LineString", "coordinates": [[-54.98721595202198, -10.24196208643869], [-54.98791768475709, -10.242813769212662]]}}, {"type": "Feature", "properties": {"layer": "0 - MEIO FIO 2", "dxf_type": "LINE"}, "geometry": {"type": "LineString", "coordinates": [[-54.98883030271443, -10.240417321385078], [-54.98825862095494, -10.239716205692035]]}}, {"type": "Feature", "properties": {"layer": "0 - MEIO FIO 2", "dxf_type": "LINE"}, "geometry": {"type": "LineString", "coordinates": [[-54.98824979972366, -10.2396342895569], [-54.98900556441913, -10.239015145936616]]}}, {"type": "Feature", "properties": {"layer": "0 - MEIO FIO 2", "dxf_type": "LINE"}, "geometry": {"type": "LineString", "coordinates": [[-54.989099279307055, -10.239008772344551], [-54.98963324533145, -10.239749051809]]}}, {"type": "Feature", "properties": {"layer": "0 - MEIO FIO 2", "dxf_type": "LINE"}, "geometry": {"type": "LineString", "coordinates": [[-54.98962217330616, -10.239822998997253], [-54.98889604427886, -10.24042426322971]]}}, {"type": "Feature", "properties": {"layer": "0 - MEIO FIO 2", "dxf_type": "LINE"}, "geometry": {"type": "LineString", "coordinates": [[-54.993305874266866, -10.242804812570386], [-54.993678239207185, -10.2425036250573]]}}, {"type": "Feature", "properties": {"layer": "0 - MEIO FIO 2", "dxf_type": "LINE"}, "geometry": {"type": "LineString", "coordinates": [[-54.99301629435112, -10.24276922688572], [-54.992646720435566, -10.242322291681456]]}}, {"type": "Feature", "properties": {"layer": "0 - MEIO FIO 2", "dxf_type": "LINE"}, "geometry": {"type": "LineString", "coordinates": [[-54.992646720435566, -10.242322291681456], [-54.9921303268564, -10.241697802010304]]}}, {"type": "Feature", "properties": {"layer": "0 - MEIO FIO 2", "dxf_type": "LINE"}, "geometry": {"type": "LineString", "coordinates": [[-54.99204392066279, -10.241683057076067], [-54.99151370884127, -10.242121331619826]]}}, {"type": "Feature", "properties": {"layer": "0 - MEIO FIO 2", "dxf_type": "LINE"}, "geometry": {"type": "LineString", "coordinates": [[-54.99150537042755, -10.242221929818491], [-54.99208677421878, -10.24289748296215]]}}, {"type": "Feature", "properties": {"layer": "0 - MEIO FIO 2", "dxf_type": "LINE"}, "geometry": {"type": "LineString", "coordinates": [[-54.99313326850804, -10.242749168596175], [-54.99336482748574, -10.242562822479231]]}}, {"type": "Feature", "properties": {"layer": "0 - MEIO FIO 2", "dxf_type": "LINE"}, "geometry": {"type": "LineString", "coordinates": [[-54.99336482748574, -10.242562822479231], [-54.99369989915103, -10.242293173965075]]}}, {"type": "Feature", "properties": {"layer": "0 - MEIO FIO 2", "dxf_type": "LINE"}, "geometry": {"type": "LineString", "coordinates": [[-54.993472894116096, -10.24190192208361], [-54.993697925296296, -10.242170823273625]]}}, {"type": "Feature", "properties": {"layer": "0 - MEIO FIO 2", "dxf_type": "LINE"}, "geometry": {"type": "LineString", "coordinates": [[-54.99308481528492, -10.2427351525547], [-54.992735304363386, -10.242324701472487]]}}, {"type": "Feature", "properties": {"layer": "0 - MEIO FIO 2", "dxf_type": "LINE"}, "geometry": {"type": "LineString", "coordinates": [[-54.992735304363386, -10.242324701472487], [-54.99220717571954, -10.24168798805492]]}}, {"type": "Feature", "properties": {"layer": "0 - MEIO FIO 2", "dxf_type": "LINE"}, "geometry": {"type": "LineString", "coordinates": [[-54.99220717571954, -10.24168798805492], [-54.9920860799555, -10.241541543784676]]}}, {"type": "Feature", "properties": {"layer": "0 - MEIO FIO 2", "dxf_type": "LINE"}, "geometry": {"type": "LineString", "coordinates": [[-54.993472894116096, -10.24190192208361], [-54.99284787846438, -10.241155056555415]]}}, {"type": "Feature", "properties": {"layer": "0 - MEIO FIO 2", "dxf_type": "LINE"}, "geometry": {"type": "LineString", "coordinates": [[-54.99284787846438, -10.241155056555415], [-54.992747791439456, -10.241047201286793]]}}, {"type": "Feature", "properties": {"layer": "0 - MEIO FIO 2", "dxf_type": "LINE"}, "geometry": {"type": "LineString", "coordinates": [[-54.99317794767279, -10.242805036382684], [-54.993602135137095, -10.24246346973996]]}}, {"type": "Feature", "properties": {"layer": "0 - MEIO FIO 2", "dxf_type": "LINE"}, "geometry": {"type": "LineString", "coordinates": [[-54.993602135137095, -10.24246346973996], [-54.9936532331323, -10.242402020075625]]}}, {"type": "Feature", "properties": {"layer": "0 - MEIO FIO 2", "dxf_type": "LINE"}, "geometry": {"type": "LineString", "coordinates": [[-54.9936532331323, -10.242402020075625], [-54.99367941172515, -10.242426308155611]]}}, {"type": "Feature", "properties": {"layer": "0 - MEIO FIO 2", "dxf_type": "LINE"}, "geometry": {"type": "LineString", "coordinates": [[-54.99367941172515, -10.242426308155611], [-54.99361991997206, -10.242462740634265]]}}, {"type": "Feature", "properties": {"layer": "0 - MEIO FIO 2", "dxf_type": "LINE"}, "geometry": {"type": "LineString", "coordinates": [[-54.99361991997206, -10.242462740634265], [-54.99319486312642, -10.242806433384224]]}}, {"type": "Feature", "properties": {"layer": "0 - MEIO FIO 2", "dxf_type": "LINE"}, "geometry": {"type": "LineString", "coordinates": [[-54.993786885412845, -10.242283208872246], [-54.99371752502655, -10.242354870483117]]}}, {"type": "Feature", "properties": {"layer": "0 - MEIO FIO 2", "dxf_type": "LINE"}, "geometry": {"type": "LineString", "coordinates": [[-54.99381920467834, -10.242309711468042], [-54.99375575042924, -10.24238140952426]]}}, {"type": "Feature", "properties": {"layer": "0 - MEIO FIO 2", "dxf_type": "LINE"}, "geometry": {"type": "LineString", "coordinates": [[-54.99386808522515, -10.242246771973495], [-54.994034708778656, -10.242105899551024]]}}, {"type": "Feature", "properties": {"layer": "0 - MEIO FIO 2", "dxf_type": "LINE"}, "geometry": {"type": "LineString", "coordinates": [[-54.99379847118938, -10.24241203309476], [-54.993967794590354, -10.242268364382305]]}}, {"type": "Feature", "properties": {"layer": "0 - MEIO FIO 2", "dxf_type": "LINE"}, "geometry": {"type": "LineString", "coordinates": [[-54.993967794590354, -10.242268364382305], [-54.99438067492162, -10.2419319323603]]}}, {"type": "Feature", "properties": {"layer": "0 - MEIO FIO 2", "dxf_type": "LINE"}, "geometry": {"type": "LineString", "coordinates": [[-54.99438067492162, -10.2419319323603], [-54.994910179899236, -10.241497545699247]]}}, {"type": "Feature", "properties": {"layer": "0 - MEIO FIO 2", "dxf_type": "LINE"}, "geometry": {"type": "LineString", "coordinates": [[-54.994910179899236, -10.241497545699247], [-54.99537367895703, -10.241117307282451]]}}, {"type": "Feature", "properties": {"layer": "0 - MEIO FIO 2", "dxf_type": "LINE"}, "geometry": {"type": "LineString", "coordinates": [[-54.995441650548194, -10.241119017946472], [-54.99564532515064, -10.241386685385596]]}}, {"type": "Feature", "properties": {"layer": "0 - MEIO FIO 2", "dxf_type": "LINE"}, "geometry": {"type": "LineString", "coordinates": [[-54.99564532515064, -10.241386685385596], [-54.99582877550928, -10.24162608539902]]}}, {"type": "Feature", "properties": {"layer": "0 - MEIO FIO 2", "dxf_type": "LINE"}, "geometry": {"type": "LineString", "coordinates": [[-54.995814260425625, -10.24168596396639], [-54.995445748459716, -10.241928901471777]]}}, {"type": "Feature", "properties": {"layer": "0 - MEIO FIO 2", "dxf_type": "LINE"}, "geometry": {"type": "LineString", "coordinates": [[-54.995445748459716, -10.241928901471777], [-54.99528431646331, -10.242046088743544]]}}, {"type": "Feature", "properties": {"layer": "0 - MEIO FIO 2", "dxf_type": "LINE"}, "geometry": {"type": "LineString", "coordinates": [[-54.99528431646331, -10.242046088743544], [-54.99512536031639, -10.242164136343709]]}}, {"type": "Feature", "properties": {"layer": "0 - MEIO FIO 2", "dxf_type": "LINE"}, "geometry": {"type": "LineString", "coordinates": [[-54.99512536031639, -10.242164136343709], [-54.994854305993755, -10.242361066703511]]}}, {"type": "Feature", "properties": {"layer": "0 - MEIO FIO 2", "dxf_type": "LINE"}, "geometry": {"type": "LineString", "coordinates": [[-54.994854305993755, -10.242361066703511], [-54.99436189149449, -10.242721084715372]]}}, {"type": "Feature", "properties": {"layer": "0 - MEIO FIO 2", "dxf_type": "LINE"}, "geometry": {"type": "LineString", "coordinates": [[-54.99436189149449, -10.242721084715372], [-54.99415402976021, -10.242884897514596]]}}, {"type": "Feature", "properties": {"layer": "0 - MEIO FIO 2", "dxf_type": "LINE"}, "geometry": {"type": "LineString", "coordinates": [[-54.994101349546234, -10.242880560039026], [-54.99378196337013, -10.242469749673086]]}}, {"type": "Feature", "properties": {"layer": "0 - MEIO FIO 2", "dxf_type": "LINE"}, "geometry": {"type": "LineString", "coordinates": [[-54.994467248704254, -10.23900942464649], [-54.99408835077793, -10.238564399062104]]}}, {"type": "Feature", "properties": {"layer": "0 - MEIO FIO 2", "dxf_type": "LINE"}, "geometry": {"type": "LineString", "coordinates": [[-54.993487416862116, -10.238977089738196], [-54.99398264930628, -10.238563747254991]]}}, {"type": "Feature", "properties": {"layer": "0 - MEIO FIO 2", "dxf_type": "LINE"}, "geometry": {"type": "LineString", "coordinates": [[-54.99047412081242, -10.23899286007485], [-54.98998819425429, -10.238345138116072]]}}, {"type": "Feature", "properties": {"layer": "0 - MEIO FIO 2", "dxf_type": "LINE"}, "geometry": {"type": "LineString", "coordinates": [[-54.98986305218033, -10.23832232368989], [-54.989177446453105, -10.238877393652096]]}}, {"type": "Feature", "properties": {"layer": "0 - MEIO FIO 2", "dxf_type": "LINE"}, "geometry": {"type": "LineString", "coordinates": [[-54.989174054670016, -10.23897380458032], [-54.989663855595666, -10.239631125866648]]}}, {"type": "Feature", "properties": {"layer": "0 - MEIO FIO 2", "dxf_type": "LINE"}, "geometry": {"type": "LineString", "coordinates": [[-54.99044923281579, -10.239155870163167], [-54.98988372302527, -10.239616055960099]]}}, {"type": "Feature", "properties": {"layer": "0 - MEIO FIO 2", "dxf_type": "LINE"}, "geometry": {"type": "LineString", "coordinates": [[-54.99058911565514, -10.238947772456331], [-54.990046629125054, -10.238256174741863]]}}, {"type": "Feature", "properties": {"layer": "0 - MEIO FIO 2", "dxf_type": "LINE"}, "geometry": {"type": "LineString", "coordinates": [[-54.990281142722026, -10.237977329873313], [-54.9900427120023, -10.238162174541948]]}}, {"type": "Feature", "properties": {"layer": "0 - MEIO FIO 2", "dxf_type": "LINE"}, "geometry": {"type": "LineString", "coordinates": [[-54.990281142722026, -10.237977329873313], [-54.99065772990908, -10.237653759528076]]}}, {"type": "Feature", "properties": {"layer": "0 - MEIO FIO 2", "dxf_type": "LINE"}, "geometry": {"type": "LineString", "coordinates": [[-54.99075248303388, -10.237661293176181], [-54.99133796232837, -10.238335112145949]]}}, {"type": "Feature", "properties": {"layer": "0 - MEIO FIO 2", "dxf_type": "LINE"}, "geometry": {"type": "LineString", "coordinates": [[-54.99133338989955, -10.238436378117685], [-54.99068137190484, -10.238966964896196]]}}, {"type": "Feature", "properties": {"layer": "0 - MEIO FIO 2", "dxf_type": "LINE"}, "geometry": {"type": "LineString", "coordinates": [[-54.99475445802528, -10.239444181141964], [-54.99423210749499, -10.239870798804692]]}}, {"type": "Feature", "properties": {"layer": "0 - MEIO FIO 2", "dxf_type": "LINE"}, "geometry": {"type": "LineString", "coordinates": [[-54.99486440927844, -10.239441719628086], [-54.995498971008736, -10.240202649412968]]}}, {"type": "Feature", "properties": {"layer": "0 - MEIO FIO 2", "dxf_type": "LINE"}, "geometry": {"type": "LineString", "coordinates": [[-54.99206570635456, -10.24004317338754], [-54.9925803874926, -10.239623195154158]]}}, {"type": "Feature", "properties": {"layer": "0 - MEIO FIO 2", "dxf_type": "LINE"}, "geometry": {"type": "LineString", "coordinates": [[-54.99256658506992, -10.239532434058429], [-54.992316935362, -10.239233973362541]]}}, {"type": "Feature", "properties": {"layer": "0 - MEIO FIO 2", "dxf_type": "LINE"}, "geometry": {"type": "LineString", "coordinates": [[-54.992316935362, -10.239233973362541], [-54.99166251119156, -10.238433905047158]]}}, {"type": "Feature", "properties": {"layer": "0 - MEIO FIO 2", "dxf_type": "LINE"}, "geometry": {"type": "LineString", "coordinates": [[-54.99160012298394, -10.238410389455792], [-54.991036152516514, -10.23886815849878]]}}, {"type": "Feature", "properties": {"layer": "0 - MEIO FIO 2", "dxf_type": "LINE"}, "geometry": {"type": "LineString", "coordinates": [[-54.99200085265832, -10.240036952668936], [-54.99169579205395, -10.239685320727144]]}}, {"type": "Feature", "properties": {"layer": "0 - MEIO FIO 2", "dxf_type": "LINE"}, "geometry": {"type": "LineString", "coordinates": [[-54.99169579205395, -10.239685320727144], [-54.991298921912325, -10.239217648582587]]}}, {"type": "Feature", "properties": {"layer": "0 - MEIO FIO 2", "dxf_type": "LINE"}, "geometry": {"type": "LineString", "coordinates": [[-54.991298921912325, -10.239217648582587], [-54.99104149783814, -10.238911606791048]]}}, {"type": "Feature", "properties": {"layer": "0 - MEIO FIO 2", "dxf_type": "LINE"}, "geometry": {"type": "LineString", "coordinates": [[-54.992626495672454, -10.239513477063587], [-54.99208956651638, -10.23885291966051]]}}, {"type": "Feature", "properties": {"layer": "0 - MEIO FIO 2", "dxf_type": "LINE"}, "geometry": {"type": "LineString", "coordinates": [[-54.99208956651638, -10.23885291966051], [-54.99171021653836, -10.238389144553224]]}}, {"type": "Feature", "properties": {"layer": "0 - MEIO FIO 2", "dxf_type": "LINE"}, "geometry": {"type": "LineString", "coordinates": [[-54.991705890845466, -10.238324319408663], [-54.99227139596903, -10.237864129471022]]}}, {"type": "Feature", "properties": {"layer": "0 - MEIO FIO 2", "dxf_type": "LINE"}, "geometry": {"type": "LineString", "coordinates": [[-54.99232182184809, -10.23786618614216], [-54.99324260922339, -10.238994789704343]]}}, {"type": "Feature", "properties": {"layer": "0 - MEIO FIO 2", "dxf_type": "LINE"}, "geometry": {"type": "LineString", "coordinates": [[-54.99324753969275, -10.239075524917496], [-54.992708320292486, -10.239518765572885]]}}, {"type": "Feature", "properties": {"layer": "0 - MEIO FIO 2", "dxf_type": "LINE"}, "geometry": {"type": "LineString", "coordinates": [[-54.993374478800625, -10.238973040425808], [-54.99395766797418, -10.238493335897079]]}}, {"type": "Feature", "properties": {"layer": "0 - MEIO FIO 2", "dxf_type": "LINE"}, "geometry": {"type": "LineString", "coordinates": [[-54.99396359779078, -10.238426146007255], [-54.99302876864233, -10.23732713791814]]}}, {"type": "Feature", "properties": {"layer": "0 - MEIO FIO 2", "dxf_type": "LINE"}, "geometry": {"type": "LineString", "coordinates": [[-54.99293997273774, -10.237318890535109], [-54.992375753615065, -10.23777920654807]]}}, {"type": "Feature", "properties": {"layer": "0 - MEIO FIO 2", "dxf_type": "LINE"}, "geometry": {"type": "LineString", "coordinates": [[-54.992386943988315, -10.23785302198438], [-54.99329864834034, -10.238962793113325]]}}, {"type": "Feature", "properties": {"layer": "0 - MEIO FIO 2", "dxf_type": "LINE"}, "geometry": {"type": "LineString", "coordinates": [[-54.99386808522515, -10.242246771973495], [-54.9938823503895, -10.242263128753653]]}}, {"type": "Feature", "properties": {"layer": "0 - MEIO FIO 2", "dxf_type": "LINE"}, "geometry": {"type": "LineString", "coordinates": [[-54.9938823503895, -10.242263128753653], [-54.99396310026674, -10.242180394717133]]}}, {"type": "Feature", "properties": {"layer": "0 - MEIO FIO 2", "dxf_type": "LINE"}, "geometry": {"type": "LineString", "coordinates": [[-54.99396310026674, -10.242180394717133], [-54.99407773115634, -10.242085503999872]]}}, {"type": "Feature", "properties": {"layer": "0 - MEIO FIO 2", "dxf_type": "LINE"}, "geometry": {"type": "LineString", "coordinates": [[-54.99407773115634, -10.242085503999872], [-54.99453940988484, -10.241702592944376]]}}, {"type": "Feature", "properties": {"layer": "0 - MEIO FIO 2", "dxf_type": "LINE"}, "geometry": {"type": "LineString", "coordinates": [[-54.99453940988484, -10.241702592944376], [-54.99497123550652, -10.241349589438313]]}}, {"type": "Feature", "properties": {"layer": "0 - MEIO FIO 2", "dxf_type": "LINE"}, "geometry": {"type": "LineString", "coordinates": [[-54.994034708778656, -10.242105899551024], [-54.994964918671045, -10.241341136787806]]}}, {"type": "Feature", "properties": {"layer": "0 - MEIO FIO 2", "dxf_type": "LINE"}, "geometry": {"type": "LineString", "coordinates": [[-54.994964918671045, -10.241341136787806], [-54.99509444844689, -10.2412355880098]]}}, {"type": "Feature", "properties": {"layer": "0 - MEIO FIO 2", "dxf_type": "LINE"}, "geometry": {"type": "LineString", "coordinates": [[-54.99497123550652, -10.241349589438313], [-54.9950975586596, -10.241246324083402]]}}, {"type": "Feature", "properties": {"layer": "0 - MEIO FIO 2", "dxf_type": "LINE"}, "geometry": {"type": "LineString", "coordinates": [[-54.995326884624355, -10.24105845463197], [-54.9950975586596, -10.241246324083402]]}}, {"type": "Feature", "properties": {"layer": "0 - MEIO FIO 2", "dxf_type": "LINE"}, "geometry": {"type": "LineString", "coordinates": [[-54.99530360465824, -10.241040224555796], [-54.995241719986076, -10.241115807804343]]}}, {"type": "Feature", "properties": {"layer": "0 - MEIO FIO 2", "dxf_type": "LINE"}, "geometry": {"type": "LineString", "coordinates": [[-54.995241719986076, -10.241115807804343], [-54.99509444844689, -10.2412355880098]]}}, {"type": "Feature", "properties": {"layer": "0 - MEIO FIO 2", "dxf_type": "LINE"}, "geometry": {"type": "LineString", "coordinates": [[-54.995326884624355, -10.24105845463197], [-54.99530360465824, -10.241040224555796]]}}, {"type": "Feature", "properties": {"layer": "0 - MEIO FIO 2", "dxf_type": "CIRCLE", "radius_m": 2.58}, "geometry": {"type": "Polygon", "coordinates": [[[-54.9953643777966, -10.2410008030777], [-54.995364858993376, -10.240996259315008], [-54.99536622520005, -10.240991894560404], [-54.99536842515791, -10.240987878435275], [-54.99537137393991, -10.240984364986854], [-54.995374957541884, -10.240981488196809], [-54.995379039287556, -10.240979359309062], [-54.995383461693386, -10.240978060513727], [-54.99538805562262, -10.240977640484036], [-54.995392643005935, -10.24097811710476], [-54.99539704966279, -10.240979470319967], [-54.9954011043434, -10.240981649358403], [-54.99540465152167, -10.240984570100643], [-54.99540755592963, -10.240988119626588], [-54.99540970525539, -10.240992162559609], [-54.995411016514026, -10.240996543817499], [-54.99541143966951, -10.241001093154502], [-54.995410959380244, -10.241005637826897], [-54.99540959317973, -10.241010001677905], [-54.99540739322213, -10.241014017803359], [-54.995404444440126, -10.24101753125214], [-54.99540086083788, -10.241020408042464], [-54.99539677909173, -10.241022536930407], [-54.9953923557727, -10.241023835720188], [-54.99538776275536, -10.24102425575544], [-54.99538317445884, -10.2410237791289], [-54.99537876871407, -10.241022425919024], [-54.995374714033204, -10.241020246880248], [-54.99537116685494, -10.241017326137678], [-54.99536826244724, -10.241013776611425], [-54.99536611312197, -10.241009733678228], [-54.99536480185827, -10.241005353324148], [-54.9953643777966, -10.2410008030777]]]}}, {"type": "Feature", "properties": {"layer": "0 - MEIO FIO 2", "dxf_type": "LINE"}, "geometry": {"type": "LineString", "coordinates": [[-54.99544701513521, -10.240942038630072], [-54.99546926351625, -10.240968604636668]]}}, {"type": "Feature", "properties": {"layer": "0 - MEIO FIO 2", "dxf_type": "LINE"}, "geometry": {"type": "LineString", "coordinates": [[-54.99546926351625, -10.240968604636668], [-54.995508243358834, -10.240912683289853]]}}, {"type": "Feature", "properties": {"layer": "0 - MEIO FIO 2", "dxf_type": "LINE"}, "geometry": {"type": "LineString", "coordinates": [[-54.995508243358834, -10.240912683289853], [-54.99601302611275, -10.240500304220618]]}}, {"type": "Feature", "properties": {"layer": "0 - MEIO FIO 2", "dxf_type": "LINE"}, "geometry": {"type": "LineString", "coordinates": [[-54.99601302611275, -10.240500304220618], [-54.99632396993195, -10.240239663849508]]}}, {"type": "Feature", "properties": {"layer": "0 - MEIO FIO 2", "dxf_type": "LINE"}, "geometry": {"type": "LineString", "coordinates": [[-54.99632396993195, -10.240239663849508], [-54.99634503443673, -10.240236480738014]]}}, {"type": "Feature", "properties": {"layer": "0 - MEIO FIO 2", "dxf_type": "LINE"}, "geometry": {"type": "LineString", "coordinates": [[-54.99634503443673, -10.240236480738014], [-54.996325077867894, -10.240215531418027]]}}, {"type": "Feature", "properties": {"layer": "0 - MEIO FIO 2", "dxf_type": "LINE"}, "geometry": {"type": "LineString", "coordinates": [[-54.996325077867894, -10.240215531418027], [-54.99630675854799, -10.240238611412712]]}}, {"type": "Feature", "properties": {"layer": "0 - MEIO FIO 2", "dxf_type": "LINE"}, "geometry": {"type": "LineString", "coordinates": [[-54.99630675854799, -10.240238611412712], [-54.995965580093376, -10.24052355363621]]}}, {"type": "Feature", "properties": {"layer": "0 - MEIO FIO 2", "dxf_type": "LINE"}, "geometry": {"type": "LineString", "coordinates": [[-54.995965580093376, -10.24052355363621], [-54.99549565092999, -10.240904898837204]]}}, {"type": "Feature", "properties": {"layer": "0 - MEIO FIO 2", "dxf_type": "LINE"}, "geometry": {"type": "LineString", "coordinates": [[-54.99549565092999, -10.240904898837204], [-54.99544701513521, -10.240942038630072]]}}, {"type": "Feature", "properties": {"layer": "0 - MEIO FIO 2", "dxf_type": "LINE"}, "geometry": {"type": "LineString", "coordinates": [[-54.99520742923015, -10.241049254869727], [-54.9957610444052, -10.24059829237477]]}}, {"type": "Feature", "properties": {"layer": "0 - MEIO FIO 2", "dxf_type": "LINE"}, "geometry": {"type": "LineString", "coordinates": [[-54.99516130798014, -10.241037968924667], [-54.994931224126255, -10.240765246454437]]}}, {"type": "Feature", "properties": {"layer": "0 - MEIO FIO 2", "dxf_type": "LINE"}, "geometry": {"type": "LineString", "coordinates": [[-54.994931224126255, -10.240765246454437], [-54.994596075621146, -10.240367989987979]]}}, {"type": "Feature", "properties": {"layer": "0 - MEIO FIO 2", "dxf_type": "LINE"}, "geometry": {"type": "LineString", "coordinates": [[-54.994596075621146, -10.240367989987979], [-54.994228051914966, -10.239941651197112]]}}, {"type": "Feature", "properties": {"layer": "0 - MEIO FIO 2", "dxf_type": "LINE"}, "geometry": {"type": "LineString", "coordinates": [[-54.995498971008736, -10.240202649412968], [-54.99576645556319, -10.240528931594843]]}}, {"type": "Feature", "properties": {"layer": "0 - MEIO FIO 2", "dxf_type": "LINE"}, "geometry": {"type": "LineString", "coordinates": [[-54.99649358980628, -10.240076035687835], [-54.99638882626082, -10.240163102495734]]}}, {"type": "Feature", "properties": {"layer": "0 - MEIO FIO 2", "dxf_type": "LINE"}, "geometry": {"type": "LineString", "coordinates": [[-54.996517294152845, -10.240101242961938], [-54.99641106958951, -10.240188300777021]]}}, {"type": "Feature", "properties": {"layer": "0 - MEIO FIO 2", "dxf_type": "LINE"}, "geometry": {"type": "LineString", "coordinates": [[-54.99550229514835, -10.241010283794019], [-54.996146780805866, -10.240484668798164]]}}, {"type": "Feature", "properties": {"layer": "0 - MEIO FIO 2", "dxf_type": "LINE"}, "geometry": {"type": "LineString", "coordinates": [[-54.996146780805866, -10.240484668798164], [-54.99635859462507, -10.240314544785571]]}}, {"type": "Feature", "properties": {"layer": "0 - MEIO FIO 2", "dxf_type": "LINE"}, "geometry": {"type": "LineString", "coordinates": [[-54.99641085011645, -10.240330226149421], [-54.996471155946196, -10.240417224178424]]}}, {"type": "Feature", "properties": {"layer": "0 - MEIO FIO 2", "dxf_type": "LINE"}, "geometry": {"type": "LineString", "coordinates": [[-54.996471155946196, -10.240417224178424], [-54.99685106260616, -10.240948268764797]]}}, {"type": "Feature", "properties": {"layer": "0 - MEIO FIO 2", "dxf_type": "LINE"}, "geometry": {"type": "LineString", "coordinates": [[-54.99684612749306, -10.240981810971723], [-54.996546744219025, -10.241204337679665]]}}, {"type": "Feature", "properties": {"layer": "0 - MEIO FIO 2", "dxf_type": "LINE"}, "geometry": {"type": "LineString", "coordinates": [[-54.99549227122194, -10.241077820031583], [-54.995585162521614, -10.241193673377996]]}}, {"type": "Feature", "properties": {"layer": "0 - MEIO FIO 2", "dxf_type": "LINE"}, "geometry": {"type": "LineString", "coordinates": [[-54.99656342783128, -10.240030015079753], [-54.99658363607032, -10.240055795596197]]}}, {"type": "Feature", "properties": {"layer": "0 - MEIO FIO 2", "dxf_type": "LINE"}, "geometry": {"type": "LineString", "coordinates": [[-54.99658363607032, -10.240055795596197], [-54.99662814049791, -10.2399968166679]]}}, {"type": "Feature", "properties": {"layer": "0 - MEIO FIO 2", "dxf_type": "LINE"}, "geometry": {"type": "LineString", "coordinates": [[-54.99656342783128, -10.240030015079753], [-54.9966229602857, -10.239986399590894]]}}, {"type": "Feature", "properties": {"layer": "0 - MEIO FIO 2", "dxf_type": "LINE"}, "geometry": {"type": "LineString", "coordinates": [[-54.9966229602857, -10.239986399590894], [-54.996846398934004, -10.23979653094729]]}}, {"type": "Feature", "properties": {"layer": "0 - MEIO FIO 2", "dxf_type": "LINE"}, "geometry": {"type": "LineString", "coordinates": [[-54.996846398934004, -10.23979653094729], [-54.99713605716356, -10.239564497785581]]}}, {"type": "Feature", "properties": {"layer": "0 - MEIO FIO 2", "dxf_type": "LINE"}, "geometry": {"type": "LineString", "coordinates": [[-54.99713605716356, -10.239564497785581], [-54.99771394628056, -10.239089043974648]]}}, {"type": "Feature", "properties": {"layer": "0 - MEIO FIO 2", "dxf_type": "LINE"}, "geometry": {"type": "LineString", "coordinates": [[-54.99771394628056, -10.239089043974648], [-54.99779469132089, -10.239021924794356]]}}, {"type": "Feature", "properties": {"layer": "0 - MEIO FIO 2", "dxf_type": "LINE"}, "geometry": {"type": "LineString", "coordinates": [[-54.99780178051029, -10.239029028976583], [-54.99662814049791, -10.2399968166679]]}}, {"type": "Feature", "properties": {"layer": "0 - MEIO FIO 2", "dxf_type": "LINE"}, "geometry": {"type": "LineString", "coordinates": [[-54.996546744219025, -10.241204337679665], [-54.995994411384345, -10.241567319788674]]}}, {"type": "Feature", "properties": {"layer": "0 - MEIO FIO 2", "dxf_type": "LINE"}, "geometry": {"type": "LineString", "coordinates": [[-54.995585162521614, -10.241193673377996], [-54.99589528755394, -10.241564664280896]]}}, {"type": "Feature", "properties": {"layer": "0 - MEIO FIO 2", "dxf_type": "LINE"}, "geometry": {"type": "LineString", "coordinates": [[-54.99421914230127, -10.238612656006294], [-54.99486715900959, -10.239357756799127]]}}, {"type": "Feature", "properties": {"layer": "0 - MEIO FIO 2", "dxf_type": "LINE"}, "geometry": {"type": "LineString", "coordinates": [[-54.99486715900959, -10.239357756799127], [-54.99581317293155, -10.240491653364142]]}}, {"type": "Feature", "properties": {"layer": "0 - MEIO FIO 2", "dxf_type": "LINE"}, "geometry": {"type": "LineString", "coordinates": [[-54.99587797696751, -10.240504957990114], [-54.996439347607485, -10.240042624314937]]}}, {"type": "Feature", "properties": {"layer": "0 - MEIO FIO 2", "dxf_type": "LINE"}, "geometry": {"type": "LineString", "coordinates": [[-54.99644537522759, -10.239993656173196], [-54.995898595686675, -10.239335592776348]]}}, {"type": "Feature", "properties": {"layer": "0 - MEIO FIO 2", "dxf_type": "LINE"}, "geometry": {"type": "LineString", "coordinates": [[-54.995898595686675, -10.239335592776348], [-54.99555205308875, -10.238915688948278]]}}, {"type": "Feature", "properties": {"layer": "0 - MEIO FIO 2", "dxf_type": "LINE"}, "geometry": {"type": "LineString", "coordinates": [[-54.99555205308875, -10.238915688948278], [-54.99543872468251, -10.238782123953847]]}}, {"type": "Feature", "properties": {"layer": "0 - MEIO FIO 2", "dxf_type": "LINE"}, "geometry": {"type": "LineString", "coordinates": [[-54.994267831351436, -10.23849380848304], [-54.99476372127813, -10.238003150652174]]}}, {"type": "Feature", "properties": {"layer": "0 - MEIO FIO 2", "dxf_type": "LINE"}, "geometry": {"type": "LineString", "coordinates": [[-54.99649223339227, -10.23994991744152], [-54.99559515123533, -10.238858153197752]]}}, {"type": "Feature", "properties": {"layer": "0 - MEIO FIO 2", "dxf_type": "LINE"}, "geometry": {"type": "LineString", "coordinates": [[-54.99710448886026, -10.239444646570005], [-54.996561878942074, -10.238798081553028]]}}, {"type": "Feature", "properties": {"layer": "0 - MEIO FIO 2", "dxf_type": "LINE"}, "geometry": {"type": "LineString", "coordinates": [[-54.996561878942074, -10.238798081553028], [-54.99619696465042, -10.23836141856184]]}}, {"type": "Feature", "properties": {"layer": "0 - MEIO FIO 2", "dxf_type": "LINE"}, "geometry": {"type": "LineString", "coordinates": [[-54.99610945745847, -10.238347543054129], [-54.99559251315968, -10.238779361910394]]}}, {"type": "Feature", "properties": {"layer": "0 - MEIO FIO 2", "dxf_type": "LINE"}, "geometry": {"type": "LineString", "coordinates": [[-54.99710717315029, -10.23949504687313], [-54.996546159565625, -10.239953426896587]]}}, {"type": "Feature", "properties": {"layer": "0 - MEIO FIO 2", "dxf_type": "LINE"}, "geometry": {"type": "LineString", "coordinates": [[-54.99715640000884, -10.239393475129631], [-54.99680284275117, -10.238970424156498]]}}, {"type": "Feature", "properties": {"layer": "0 - MEIO FIO 2", "dxf_type": "LINE"}, "geometry": {"type": "LineString", "coordinates": [[-54.99680284275117, -10.238970424156498], [-54.99618658286425, -10.238234400468365]]}}, {"type": "Feature", "properties": {"layer": "0 - MEIO FIO 2", "dxf_type": "LINE"}, "geometry": {"type": "LineString", "coordinates": [[-54.997764739328126, -10.238884271738831], [-54.99752014196593, -10.238576797056728]]}}, {"type": "Feature", "properties": {"layer": "0 - MEIO FIO 2", "dxf_type": "LINE"}, "geometry": {"type": "LineString", "coordinates": [[-54.99752014196593, -10.238576797056728], [-54.99704682285309, -10.238007990074015]]}}, {"type": "Feature", "properties": {"layer": "0 - MEIO FIO 2", "dxf_type": "LINE"}, "geometry": {"type": "LineString", "coordinates": [[-54.99776749442233, -10.238954679032176], [-54.99722279437422, -10.239401143344855]]}}, {"type": "Feature", "properties": {"layer": "0 - MEIO FIO 2", "dxf_type": "LINE"}, "geometry": {"type": "LineString", "coordinates": [[-54.985693396196474, -10.2402813497467], [-54.984353351620335, -10.238705658438066]]}}, {"type": "Feature", "properties": {"layer": "0 - MEIO FIO 2", "dxf_type": "LINE"}, "geometry": {"type": "LineString", "coordinates": [[-54.984353351620335, -10.238705658438066], [-54.98364458380853, -10.237839034668825]]}}, {"type": "Feature", "properties": {"layer": "0 - MEIO FIO 2", "dxf_type": "LINE"}, "geometry": {"type": "LineString", "coordinates": [[-54.98535045473355, -10.24037632263545], [-54.98479151417762, -10.23969820450548]]}}, {"type": "Feature", "properties": {"layer": "0 - MEIO FIO 2", "dxf_type": "LINE"}, "geometry": {"type": "LineString", "coordinates": [[-54.98444152959165, -10.239264548668343], [-54.98372218170975, -10.238395636537375]]}}, {"type": "Feature", "properties": {"layer": "0 - MEIO FIO 2", "dxf_type": "LINE"}, "geometry": {"type": "LineString", "coordinates": [[-54.98521014045299, -10.2403899694641], [-54.9845287930355, -10.239553421605667]]}}, {"type": "Feature", "properties": {"layer": "0 - MEIO FIO 2", "dxf_type": "LINE"}, "geometry": {"type": "LineString", "coordinates": [[-54.98438063130051, -10.23936544702596], [-54.983437034778376, -10.238250659800205]]}}, {"type": "Feature", "properties": {"layer": "0 - MEIO FIO 2", "dxf_type": "LINE"}, "geometry": {"type": "LineString", "coordinates": [[-54.9845287930355, -10.239553421605667], [-54.98438063130051, -10.23936544702596]]}}, {"type": "Feature", "properties": {"layer": "0 - MEIO FIO 2", "dxf_type": "LINE"}, "geometry": {"type": "LineString", "coordinates": [[-54.98479151417762, -10.23969820450548], [-54.98444152959165, -10.239264548668343]]}}, {"type": "Feature", "properties": {"layer": "0 - MEIO FIO 2", "dxf_type": "LINE"}, "geometry": {"type": "LineString", "coordinates": [[-54.98372218170975, -10.238395636537375], [-54.983586897469, -10.238232224155555]]}}, {"type": "Feature", "properties": {"layer": "0 - MEIO FIO 2", "dxf_type": "LINE"}, "geometry": {"type": "LineString", "coordinates": [[-54.98357869152496, -10.237918483639831], [-54.98356993229038, -10.238147179801677]]}}, {"type": "Feature", "properties": {"layer": "0 - MEIO FIO 2", "dxf_type": "LINE"}, "geometry": {"type": "LineString", "coordinates": [[-54.98502857341747, -10.240399410544102], [-54.98320107927133, -10.238222220577434]]}}, {"type": "Feature", "properties": {"layer": "0 - MEIO FIO 2", "dxf_type": "LINE"}, "geometry": {"type": "LineString", "coordinates": [[-54.98303692959605, -10.238020511844454], [-54.983114521333036, -10.238118839094748]]}}, {"type": "Feature", "properties": {"layer": "0 - MEIO FIO 2", "dxf_type": "LINE"}, "geometry": {"type": "LineString", "coordinates": [[-54.98347015862167, -10.238119412223478], [-54.98307328254304, -10.237637942390034]]}}, {"type": "Feature", "properties": {"layer": "0 - MEIO FIO 2", "dxf_type": "LINE"}, "geometry": {"type": "LineString", "coordinates": [[-54.98354499430667, -10.237719727774914], [-54.98350544767026, -10.23767275018544]]}}, {"type": "Feature", "properties": {"layer": "0 - MEIO FIO 2", "dxf_type": "LINE"}, "geometry": {"type": "LineString", "coordinates": [[-54.982907377601855, -10.23810593403035], [-54.98275020284118, -10.238240681482498]]}}, {"type": "Feature", "properties": {"layer": "0 - MEIO FIO 2", "dxf_type": "LINE"}, "geometry": {"type": "LineString", "coordinates": [[-54.9830441640057, -10.238162842101282], [-54.98337709242185, -10.238555844389543]]}}, {"type": "Feature", "properties": {"layer": "0 - MEIO FIO 2", "dxf_type": "LINE"}, "geometry": {"type": "LineString", "coordinates": [[-54.982964990392865, -10.238188904641792], [-54.98274940097402, -10.238367547412421]]}}, {"type": "Feature", "properties": {"layer": "0 - MEIO FIO 2", "dxf_type": "LINE"}, "geometry": {"type": "LineString", "coordinates": [[-54.98337709242185, -10.238555844389543], [-54.98606381084594, -10.2417534204105]]}}, {"type": "Feature", "properties": {"layer": "0 - MEIO FIO 2", "dxf_type": "LINE"}, "geometry": {"type": "LineString", "coordinates": [[-54.985766676458454, -10.240244344340137], [-54.985096066276554, -10.239443026311168]]}}, {"type": "Feature", "properties": {"layer": "0 - MEIO FIO 2", "dxf_type": "LINE"}, "geometry": {"type": "LineString", "coordinates": [[-54.98508466221879, -10.239335978005418], [-54.98581958071557, -10.238754901466653]]}}, {"type": "Feature", "properties": {"layer": "0 - MEIO FIO 2", "dxf_type": "LINE"}, "geometry": {"type": "LineString", "coordinates": [[-54.98589315696453, -10.23878155436673], [-54.98713379063509, -10.240287107039567]]}}, {"type": "Feature", "properties": {"layer": "0 - MEIO FIO 2", "dxf_type": "LINE"}, "geometry": {"type": "LineString", "coordinates": [[-54.98728664330961, -10.240283838900353], [-54.98657142474998, -10.23945216207832]]}}, {"type": "Feature", "properties": {"layer": "0 - MEIO FIO 2", "dxf_type": "LINE"}, "geometry": {"type": "LineString", "coordinates": [[-54.98657142474998, -10.23945216207832], [-54.98596030979082, -10.238720387158853]]}}, {"type": "Feature", "properties": {"layer": "0 - MEIO FIO 2", "dxf_type": "LINE"}, "geometry": {"type": "LineString", "coordinates": [[-54.98805077796454, -10.239700869622983], [-54.98735250863913, -10.240282280462939]]}}, {"type": "Feature", "properties": {"layer": "0 - MEIO FIO 2", "dxf_type": "LINE"}, "geometry": {"type": "LineString", "coordinates": [[-54.98804033469553, -10.239596873385961], [-54.98676440068135, -10.238063030585476]]}}, {"type": "Feature", "properties": {"layer": "0 - MEIO FIO 2", "dxf_type": "LINE"}, "geometry": {"type": "LineString", "coordinates": [[-54.98667500637706, -10.238050591734833], [-54.98596307414844, -10.238639820037049]]}}, {"type": "Feature", "properties": {"layer": "0 - MEIO FIO 2", "dxf_type": "LINE"}, "geometry": {"type": "LineString", "coordinates": [[-54.98496338344954, -10.239281081200792], [-54.98412171408848, -10.238269764640584]]}}, {"type": "Feature", "properties": {"layer": "0 - MEIO FIO 2", "dxf_type": "LINE"}, "geometry": {"type": "LineString", "coordinates": [[-54.98412171408848, -10.238269764640584], [-54.98363942849474, -10.237690266010702]]}}, {"type": "Feature", "properties": {"layer": "0 - MEIO FIO 2", "dxf_type": "LINE"}, "geometry": {"type": "LineString", "coordinates": [[-54.98575897794961, -10.23862744900204], [-54.985391307672984, -10.238182090991138]]}}, {"type": "Feature", "properties": {"layer": "0 - MEIO FIO 2", "dxf_type": "LINE"}, "geometry": {"type": "LineString", "coordinates": [[-54.985391307672984, -10.238182090991138], [-54.98471037308755, -10.23735738987256]]}}, {"type": "Feature", "properties": {"layer": "0 - MEIO FIO 2", "dxf_type": "LINE"}, "geometry": {"type": "LineString", "coordinates": [[-54.98471037308755, -10.23735738987256], [-54.98446142224612, -10.237059208409844]]}}, {"type": "Feature", "properties": {"layer": "0 - MEIO FIO 2", "dxf_type": "LINE"}, "geometry": {"type": "LineString", "coordinates": [[-54.9836553029942, -10.237623656284525], [-54.98436306254652, -10.237048608962391]]}}, {"type": "Feature", "properties": {"layer": "0 - MEIO FIO 2", "dxf_type": "LINE"}, "geometry": {"type": "LineString", "coordinates": [[-54.98573973753823, -10.238701096747555], [-54.98505528352614, -10.23927045457718]]}}, {"type": "Feature", "properties": {"layer": "0 - MEIO FIO 2", "dxf_type": "LINE"}, "geometry": {"type": "LineString", "coordinates": [[-54.985840024212166, -10.238536459931131], [-54.985428616392305, -10.238050324822115]]}}, {"type": "Feature", "properties": {"layer": "0 - MEIO FIO 2", "dxf_type": "LINE"}, "geometry": {"type": "LineString", "coordinates": [[-54.985428616392305, -10.238050324822115], [-54.98481773223477, -10.237328476017241]]}}, {"type": "Feature", "properties": {"layer": "0 - MEIO FIO 2", "dxf_type": "LINE"}, "geometry": {"type": "LineString", "coordinates": [[-54.98877584747243, -10.239110359139326], [-54.988215693795176, -10.239572416905695]]}}, {"type": "Feature", "properties": {"layer": "0 - MEIO FIO 2", "dxf_type": "LINE"}, "geometry": {"type": "LineString", "coordinates": [[-54.988118832460586, -10.239565424390488], [-54.98770206031157, -10.239065772568027]]}}, {"type": "Feature", "properties": {"layer": "0 - MEIO FIO 2", "dxf_type": "LINE"}, "geometry": {"type": "LineString", "coordinates": [[-54.98770206031157, -10.239065772568027], [-54.98719554323264, -10.238458524981203]]}}, {"type": "Feature", "properties": {"layer": "0 - MEIO FIO 2", "dxf_type": "LINE"}, "geometry": {"type": "LineString", "coordinates": [[-54.98721346531089, -10.23836942729416], [-54.98778864749737, -10.237905418494629]]}}, {"type": "Feature", "properties": {"layer": "0 - MEIO FIO 2", "dxf_type": "LINE"}, "geometry": {"type": "LineString", "coordinates": [[-54.98877951863842, -10.239047543206542], [-54.988494997424915, -10.238692815393314]]}}, {"type": "Feature", "properties": {"layer": "0 - MEIO FIO 2", "dxf_type": "LINE"}, "geometry": {"type": "LineString", "coordinates": [[-54.988494997424915, -10.238692815393314], [-54.988044211698096, -10.238150569030097]]}}, {"type": "Feature", "properties": {"layer": "0 - MEIO FIO 2", "dxf_type": "LINE"}, "geometry": {"type": "LineString", "coordinates": [[-54.988044211698096, -10.238150569030097], [-54.98784396640465, -10.237905176724269]]}}, {"type": "Feature", "properties": {"layer": "0 - MEIO FIO 2", "dxf_type": "LINE"}, "geometry": {"type": "LineString", "coordinates": [[-54.987094897004695, -10.238315647218021], [-54.986762718255925, -10.237916123577996]]}}, {"type": "Feature", "properties": {"layer": "0 - MEIO FIO 2", "dxf_type": "LINE"}, "geometry": {"type": "LineString", "coordinates": [[-54.986762718255925, -10.237916123577996], [-54.98628844032282, -10.237345690600042]]}}, {"type": "Feature", "properties": {"layer": "0 - MEIO FIO 2", "dxf_type": "LINE"}, "geometry": {"type": "LineString", "coordinates": [[-54.98716055080225, -10.238309362656008], [-54.98778265221169, -10.237807646138489]]}}, {"type": "Feature", "properties": {"layer": "0 - MEIO FIO 2", "dxf_type": "LINE"}, "geometry": {"type": "LineString", "coordinates": [[-54.98778265221169, -10.237807646138489], [-54.988419416696, -10.237294101452244]]}}, {"type": "Feature", "properties": {"layer": "0 - MEIO FIO 2", "dxf_type": "LINE"}, "geometry": {"type": "LineString", "coordinates": [[-54.98858679934614, -10.23733699592], [-54.988895565519904, -10.237708356315675]]}}, {"type": "Feature", "properties": {"layer": "0 - MEIO FIO 2", "dxf_type": "LINE"}, "geometry": {"type": "LineString", "coordinates": [[-54.988895565519904, -10.237708356315675], [-54.98946161101055, -10.238406847801825]]}}, {"type": "Feature", "properties": {"layer": "0 - MEIO FIO 2", "dxf_type": "LINE"}, "geometry": {"type": "LineString", "coordinates": [[-54.989578110537394, -10.238448253211256], [-54.98996487125776, -10.238139801563241]]}}, {"type": "Feature", "properties": {"layer": "0 - MEIO FIO 2", "dxf_type": "LINE"}, "geometry": {"type": "LineString", "coordinates": [[-54.98996487125776, -10.238139801563241], [-54.99014643677926, -10.237980027478342]]}}, {"type": "Feature", "properties": {"layer": "0 - MEIO FIO 2", "dxf_type": "LINE"}, "geometry": {"type": "LineString", "coordinates": [[-54.99014202174924, -10.237892773765227], [-54.989852964633535, -10.237562147331518]]}}, {"type": "Feature", "properties": {"layer": "0 - MEIO FIO 2", "dxf_type": "LINE"}, "geometry": {"type": "LineString", "coordinates": [[-54.989852964633535, -10.237562147331518], [-54.98948939061027, -10.237122466104735]]}}, {"type": "Feature", "properties": {"layer": "0 - MEIO FIO 2", "dxf_type": "LINE"}, "geometry": {"type": "LineString", "coordinates": [[-54.98881456886411, -10.238977400679973], [-54.988321846349535, -10.238380805671753]]}}, {"type": "Feature", "properties": {"layer": "0 - MEIO FIO 2", "dxf_type": "LINE"}, "geometry": {"type": "LineString", "coordinates": [[-54.988321846349535, -10.238380805671753], [-54.98791348832387, -10.237880404570133]]}}, {"type": "Feature", "properties": {"layer": "0 - MEIO FIO 2", "dxf_type": "LINE"}, "geometry": {"type": "LineString", "coordinates": [[-54.98791293382846, -10.237803045605755], [-54.98844329739587, -10.237358949804499]]}}, {"type": "Feature", "properties": {"layer": "0 - MEIO FIO 2", "dxf_type": "LINE"}, "geometry": {"type": "LineString", "coordinates": [[-54.98851722096343, -10.23737075195046], [-54.98944783462221, -10.238502737186462]]}}, {"type": "Feature", "properties": {"layer": "0 - MEIO FIO 2", "dxf_type": "LINE"}, "geometry": {"type": "LineString", "coordinates": [[-54.98944959717335, -10.2385588896001], [-54.98890838367404, -10.239003971085051]]}}, {"type": "Feature", "properties": {"layer": "0 - MEIO FIO 2", "dxf_type": "LINE"}, "geometry": {"type": "LineString", "coordinates": [[-54.990188118539244, -10.237835218540633], [-54.98980862272945, -10.23738786161861]]}}, {"type": "Feature", "properties": {"layer": "0 - MEIO FIO 2", "dxf_type": "LINE"}, "geometry": {"type": "LineString", "coordinates": [[-54.98980862272945, -10.23738786161861], [-54.989561102955115, -10.237080233412454]]}}, {"type": "Feature", "properties": {"layer": "0 - MEIO FIO 2", "dxf_type": "LINE"}, "geometry": {"type": "LineString", "coordinates": [[-54.990857253644506, -10.237391340019887], [-54.99029602606839, -10.237860234954685]]}}, {"type": "Feature", "properties": {"layer": "0 - MEIO FIO 2", "dxf_type": "LINE"}, "geometry": {"type": "LineString", "coordinates": [[-54.98592058509786, -10.238543777881944], [-54.98662228198575, -10.237973000343157]]}}, {"type": "Feature", "properties": {"layer": "0 - MEIO FIO 2", "dxf_type": "LINE"}, "geometry": {"type": "LineString", "coordinates": [[-54.98661942289505, -10.237887061646752], [-54.986068162426335, -10.237232300973368]]}}, {"type": "Feature", "properties": {"layer": "0 - MEIO FIO 2", "dxf_type": "LINE"}, "geometry": {"type": "LineString", "coordinates": [[-54.98628844032282, -10.237345690600042], [-54.98539719701923, -10.236273748577622]]}}, {"type": "Feature", "properties": {"layer": "0 - MEIO FIO 2", "dxf_type": "LINE"}, "geometry": {"type": "LineString", "coordinates": [[-54.985411536458756, -10.236189726056367], [-54.98593997042994, -10.23575575542189]]}}, {"type": "Feature", "properties": {"layer": "0 - MEIO FIO 2", "dxf_type": "LINE"}, "geometry": {"type": "LineString", "coordinates": [[-54.98606441790625, -10.23575418816879], [-54.98699079837703, -10.236885700810836]]}}, {"type": "Feature", "properties": {"layer": "0 - MEIO FIO 2", "dxf_type": "LINE"}, "geometry": {"type": "LineString", "coordinates": [[-54.987110888086654, -10.236889308323475], [-54.98773373039718, -10.236370028293438]]}}, {"type": "Feature", "properties": {"layer": "0 - MEIO FIO 2", "dxf_type": "LINE"}, "geometry": {"type": "LineString", "coordinates": [[-54.98658735435134, -10.235231152562525], [-54.986109042148215, -10.23561849797627]]}}, {"type": "Feature", "properties": {"layer": "0 - MEIO FIO 2", "dxf_type": "LINE"}, "geometry": {"type": "LineString", "coordinates": [[-54.987728340858624, -10.236284876576658], [-54.98739799389972, -10.235876452480776]]}}, {"type": "Feature", "properties": {"layer": "0 - MEIO FIO 2", "dxf_type": "LINE"}, "geometry": {"type": "LineString", "coordinates": [[-54.98739799389972, -10.235876452480776], [-54.98690838903931, -10.235289273015495]]}}, {"type": "Feature", "properties": {"layer": "0 - MEIO FIO 2", "dxf_type": "LINE"}, "geometry": {"type": "LineString", "coordinates": [[-54.98690838903931, -10.235289273015495], [-54.986796591029545, -10.23516058204479]]}}, {"type": "Feature", "properties": {"layer": "0 - MEIO FIO 2", "dxf_type": "LINE"}, "geometry": {"type": "LineString", "coordinates": [[-54.98658735435134, -10.235231152562525], [-54.98663734520695, -10.235190668963696]]}}, {"type": "Feature", "properties": {"layer": "0 - MEIO FIO 2", "dxf_type": "LINE"}, "geometry": {"type": "LineString", "coordinates": [[-54.98671864264413, -10.23519683501139], [-54.987618177027265, -10.23628134157084]]}}, {"type": "Feature", "properties": {"layer": "0 - MEIO FIO 2", "dxf_type": "LINE"}, "geometry": {"type": "LineString", "coordinates": [[-54.98761960927511, -10.23635163098801], [-54.98708237730515, -10.236792033954186]]}}, {"type": "Feature", "properties": {"layer": "0 - MEIO FIO 2", "dxf_type": "LINE"}, "geometry": {"type": "LineString", "coordinates": [[-54.987005629776164, -10.236777733692517], [-54.986711108582654, -10.23640492805732]]}}, {"type": "Feature", "properties": {"layer": "0 - MEIO FIO 2", "dxf_type": "LINE"}, "geometry": {"type": "LineString", "coordinates": [[-54.986711108582654, -10.23640492805732], [-54.98610630801368, -10.23569170380591]]}}, {"type": "Feature", "properties": {"layer": "0 - MEIO FIO 2", "dxf_type": "LINE"}, "geometry": {"type": "LineString", "coordinates": [[-54.98948939061027, -10.237122466104735], [-54.98851600601893, -10.23598182432584]]}}, {"type": "Feature", "properties": {"layer": "0 - MEIO FIO 2", "dxf_type": "LINE"}, "geometry": {"type": "LineString", "coordinates": [[-54.98851600601893, -10.23598182432584], [-54.987858304106155, -10.235214385889993]]}}, {"type": "Feature", "properties": {"layer": "0 - MEIO FIO 2", "dxf_type": "LINE"}, "geometry": {"type": "LineString", "coordinates": [[-54.986068162426335, -10.237232300973368], [-54.985330461711726, -10.236352853862439]]}}, {"type": "Feature", "properties": {"layer": "0 - MEIO FIO 2", "dxf_type": "LINE"}, "geometry": {"type": "LineString", "coordinates": [[-54.98524041305724, -10.236339212972558], [-54.98453925068921, -10.236894778174355]]}}, {"type": "Feature", "properties": {"layer": "0 - MEIO FIO 2", "dxf_type": "LINE"}, "geometry": {"type": "LineString", "coordinates": [[-54.984540716033734, -10.236967085225238], [-54.98481773223477, -10.237328476017241]]}}, {"type": "Feature", "properties": {"layer": "0 - MEIO FIO 2", "dxf_type": "LINE"}, "geometry": {"type": "LineString", "coordinates": [[-54.990848541859, -10.23732758516717], [-54.99054306389453, -10.2369555370019]]}}, {"type": "Feature", "properties": {"layer": "0 - MEIO FIO 2", "dxf_type": "LINE"}, "geometry": {"type": "LineString", "coordinates": [[-54.99054306389453, -10.2369555370019], [-54.989911161697606, -10.23618592781295]]}}, {"type": "Feature", "properties": {"layer": "0 - MEIO FIO 2", "dxf_type": "LINE"}, "geometry": {"type": "LineString", "coordinates": [[-54.98984380762216, -10.23617939849755], [-54.98928787053615, -10.236631079553414]]}}, {"type": "Feature", "properties": {"layer": "0 - MEIO FIO 2", "dxf_type": "LINE"}, "geometry": {"type": "LineString", "coordinates": [[-54.989561102955115, -10.237080233412454], [-54.98926394451149, -10.236712916260691]]}}, {"type": "Feature", "properties": {"layer": "0 - MEIO FIO 2", "dxf_type": "LINE"}, "geometry": {"type": "LineString", "coordinates": [[-54.98912700307902, -10.236582380117992], [-54.98854484963992, -10.2358987471856]]}}, {"type": "Feature", "properties": {"layer": "0 - MEIO FIO 2", "dxf_type": "LINE"}, "geometry": {"type": "LineString", "coordinates": [[-54.98922591451308, -10.236553680031403], [-54.99048223214472, -10.23553943471736]]}}, {"type": "Feature", "properties": {"layer": "0 - MEIO FIO 2", "dxf_type": "LINE"}, "geometry": {"type": "LineString", "coordinates": [[-54.98855140543354, -10.235798407518455], [-54.98938339303618, -10.235100338313597]]}}, {"type": "Feature", "properties": {"layer": "0 - MEIO FIO 2", "dxf_type": "LINE"}, "geometry": {"type": "LineString", "coordinates": [[-54.987858304106155, -10.235214385889993], [-54.987394252532425, -10.234654069627986]]}}, {"type": "Feature", "properties": {"layer": "0 - MEIO FIO 2", "dxf_type": "LINE"}, "geometry": {"type": "LineString", "coordinates": [[-54.98729998901722, -10.23464649843386], [-54.98675904775556, -10.23508080950577]]}}, {"type": "Feature", "properties": {"layer": "0 - MEIO FIO 2", "dxf_type": "LINE"}, "geometry": {"type": "LineString", "coordinates": [[-54.98938339303618, -10.235100338313597], [-54.99040272217423, -10.234227117248393]]}}, {"type": "Feature", "properties": {"layer": "0 - MEIO FIO 2", "dxf_type": "LINE"}, "geometry": {"type": "LineString", "coordinates": [[-54.99048442682491, -10.234217012468815], [-54.9907635535637, -10.234547625461284]]}}, {"type": "Feature", "properties": {"layer": "0 - MEIO FIO 2", "dxf_type": "LINE"}, "geometry": {"type": "LineString", "coordinates": [[-54.9907635535637, -10.234547625461284], [-54.99111060284438, -10.234962718602738]]}}, {"type": "Feature", "properties": {"layer": "0 - MEIO FIO 2", "dxf_type": "LINE"}, "geometry": {"type": "LineString", "coordinates": [[-54.99110516434218, -10.235039509212822], [-54.99048223214472, -10.23553943471736]]}}, {"type": "Feature", "properties": {"layer": "0 - MEIO FIO 2", "dxf_type": "LINE"}, "geometry": {"type": "LineString", "coordinates": [[-54.992269878996304, -10.236155041826153], [-54.99224872561943, -10.23617225573047]]}}, {"type": "Feature", "properties": {"layer": "0 - MEIO FIO 2", "dxf_type": "LINE"}, "geometry": {"type": "LineString", "coordinates": [[-54.9912583817452, -10.235106426783158], [-54.992185265469956, -10.236223898336323]]}}, {"type": "Feature", "properties": {"layer": "0 - MEIO FIO 2", "dxf_type": "LINE"}, "geometry": {"type": "LineString", "coordinates": [[-54.99065528463608, -10.235562117019075], [-54.99121984963717, -10.235102688037193]]}}, {"type": "Feature", "properties": {"layer": "0 - MEIO FIO 2", "dxf_type": "LINE"}, "geometry": {"type": "LineString", "coordinates": [[-54.991616878808316, -10.23672153025748], [-54.99218149097348, -10.236262064793424]]}}, {"type": "Feature", "properties": {"layer": "0 - MEIO FIO 2", "dxf_type": "LINE"}, "geometry": {"type": "LineString", "coordinates": [[-54.990651279750644, -10.235600470020145], [-54.991578866591084, -10.236717368980448]]}}, {"type": "Feature", "properties": {"layer": "0 - MEIO FIO 2", "dxf_type": "LINE"}, "geometry": {"type": "LineString", "coordinates": [[-54.99220707610331, -10.236143393247486], [-54.99182324337205, -10.235691462295257]]}}, {"type": "Feature", "properties": {"layer": "0 - MEIO FIO 2", "dxf_type": "LINE"}, "geometry": {"type": "LineString", "coordinates": [[-54.99182324337205, -10.235691462295257], [-54.99128493134051, -10.235042047143944]]}}, {"type": "Feature", "properties": {"layer": "0 - MEIO FIO 2", "dxf_type": "LINE"}, "geometry": {"type": "LineString", "coordinates": [[-54.99128493134051, -10.235042047143944], [-54.99084322785905, -10.234509960197874]]}}, {"type": "Feature", "properties": {"layer": "0 - MEIO FIO 2", "dxf_type": "LINE"}, "geometry": {"type": "LineString", "coordinates": [[-54.99084322785905, -10.234509960197874], [-54.990514882741714, -10.234114425728812]]}}, {"type": "Feature", "properties": {"layer": "0 - MEIO FIO 2", "dxf_type": "LINE"}, "geometry": {"type": "LineString", "coordinates": [[-54.990514882741714, -10.234114425728812], [-54.989960350367674, -10.233432080599272]]}}, {"type": "Feature", "properties": {"layer": "0 - MEIO FIO 2", "dxf_type": "LINE"}, "geometry": {"type": "LineString", "coordinates": [[-54.992296316772624, -10.236174743209247], [-54.992849321649246, -10.23572574160157]]}}, {"type": "Feature", "properties": {"layer": "0 - MEIO FIO 2", "dxf_type": "LINE"}, "geometry": {"type": "LineString", "coordinates": [[-54.99285469540233, -10.235681253017004], [-54.99273419230572, -10.23554106448028]]}}, {"type": "Feature", "properties": {"layer": "0 - MEIO FIO 2", "dxf_type": "LINE"}, "geometry": {"type": "LineString", "coordinates": [[-54.99273419230572, -10.23554106448028], [-54.99246625374856, -10.235212738101673]]}}, {"type": "Feature", "properties": {"layer": "0 - MEIO FIO 2", "dxf_type": "LINE"}, "geometry": {"type": "LineString", "coordinates": [[-54.99246625374856, -10.235212738101673], [-54.99208657262391, -10.234747483182069]]}}, {"type": "Feature", "properties": {"layer": "0 - MEIO FIO 2", "dxf_type": "LINE"}, "geometry": {"type": "LineString", "coordinates": [[-54.99208657262391, -10.234747483182069], [-54.99187962477038, -10.234493892092646]]}}, {"type": "Feature", "properties": {"layer": "0 - MEIO FIO 2", "dxf_type": "LINE"}, "geometry": {"type": "LineString", "coordinates": [[-54.99187977879463, -10.234460117142007], [-54.992119523098246, -10.234265868670764]]}}, {"type": "Feature", "properties": {"layer": "0 - MEIO FIO 2", "dxf_type": "LINE"}, "geometry": {"type": "LineString", "coordinates": [[-54.992119523098246, -10.234265868670764], [-54.992425753732945, -10.234017952139528]]}}, {"type": "Feature", "properties": {"layer": "0 - MEIO FIO 2", "dxf_type": "LINE"}, "geometry": {"type": "LineString", "coordinates": [[-54.992915400667364, -10.235638979563845], [-54.99267525193169, -10.235345173719033]]}}, {"type": "Feature", "properties": {"layer": "0 - MEIO FIO 2", "dxf_type": "LINE"}, "geometry": {"type": "LineString", "coordinates": [[-54.99267525193169, -10.235345173719033], [-54.992459727599865, -10.235074185508577]]}}, {"type": "Feature", "properties": {"layer": "0 - MEIO FIO 2", "dxf_type": "LINE"}, "geometry": {"type": "LineString", "coordinates": [[-54.992459727599865, -10.235074185508577], [-54.99221345730739, -10.234764540263322]]}}, {"type": "Feature", "properties": {"layer": "0 - MEIO FIO 2", "dxf_type": "LINE"}, "geometry": {"type": "LineString", "coordinates": [[-54.99221345730739, -10.234764540263322], [-54.9920703131229, -10.234597743287827]]}}, {"type": "Feature", "properties": {"layer": "0 - MEIO FIO 2", "dxf_type": "LINE"}, "geometry": {"type": "LineString", "coordinates": [[-54.9920703131229, -10.234597743287827], [-54.99199281758319, -10.234504759668999]]}}, {"type": "Feature", "properties": {"layer": "0 - MEIO FIO 2", "dxf_type": "LINE"}, "geometry": {"type": "LineString", "coordinates": [[-54.99200165162852, -10.234472357999651], [-54.99253460913226, -10.234031693425607]]}}, {"type": "Feature", "properties": {"layer": "0 - MEIO FIO 2", "dxf_type": "LINE"}, "geometry": {"type": "LineString", "coordinates": [[-54.99260794517255, -10.23403556261211], [-54.99284436190527, -10.234319730306638]]}}, {"type": "Feature", "properties": {"layer": "0 - MEIO FIO 2", "dxf_type": "LINE"}, "geometry": {"type": "LineString", "coordinates": [[-54.99284436190527, -10.234319730306638], [-54.99351197410343, -10.235120864714665]]}}, {"type": "Feature", "properties": {"layer": "0 - MEIO FIO 2", "dxf_type": "LINE"}, "geometry": {"type": "LineString", "coordinates": [[-54.993518575648366, -10.235171407516251], [-54.992970125481875, -10.23563347507277]]}}, {"type": "Feature", "properties": {"layer": "0 - MEIO FIO 2", "dxf_type": "LINE"}, "geometry": {"type": "LineString", "coordinates": [[-54.99357464187733, -10.23507631085729], [-54.99322006405846, -10.234638359239856]]}}, {"type": "Feature", "properties": {"layer": "0 - MEIO FIO 2", "dxf_type": "LINE"}, "geometry": {"type": "LineString", "coordinates": [[-54.99322006405846, -10.234638359239856], [-54.99292109326604, -10.234269089518891]]}}, {"type": "Feature", "properties": {"layer": "0 - MEIO FIO 2", "dxf_type": "LINE"}, "geometry": {"type": "LineString", "coordinates": [[-54.99292109326604, -10.234269089518891], [-54.99260133183195, -10.233898083326658]]}}, {"type": "Feature", "properties": {"layer": "0 - MEIO FIO 2", "dxf_type": "LINE"}, "geometry": {"type": "LineString", "coordinates": [[-54.99360802397918, -10.23509884264526], [-54.99384027002751, -10.234912617689975]]}}, {"type": "Feature", "properties": {"layer": "0 - MEIO FIO 2", "dxf_type": "LINE"}, "geometry": {"type": "LineString", "coordinates": [[-54.99037394034529, -10.23413447392887], [-54.98979325803451, -10.234624112227499]]}}, {"type": "Feature", "properties": {"layer": "0 - MEIO FIO 2", "dxf_type": "LINE"}, "geometry": {"type": "LineString", "coordinates": [[-54.99036745188942, -10.234087791592705], [-54.990090996621014, -10.233759565881696]]}}, {"type": "Feature", "properties": {"layer": "0 - MEIO FIO 2", "dxf_type": "LINE"}, "geometry": {"type": "LineString", "coordinates": [[-54.990090996621014, -10.233759565881696], [-54.989715338163364, -10.233313557611446]]}}, {"type": "Feature", "properties": {"layer": "0 - MEIO FIO 2", "dxf_type": "LINE"}, "geometry": {"type": "LineString", "coordinates": [[-54.98969762907027, -10.234621766979906], [-54.98945799254095, -10.234343773046009]]}}, {"type": "Feature", "properties": {"layer": "0 - MEIO FIO 2", "dxf_type": "LINE"}, "geometry": {"type": "LineString", "coordinates": [[-54.98945799254095, -10.234343773046009], [-54.98905143566022, -10.233853859634753]]}}, {"type": "Feature", "properties": {"layer": "0 - MEIO FIO 2", "dxf_type": "LINE"}, "geometry": {"type": "LineString", "coordinates": [[-54.98905143566022, -10.233853859634753], [-54.98877167678511, -10.233515778934674]]}}, {"type": "Feature", "properties": {"layer": "0 - MEIO FIO 2", "dxf_type": "LINE"}, "geometry": {"type": "LineString", "coordinates": [[-54.98876576962898, -10.233456241049259], [-54.988948917856874, -10.233301069807247]]}}, {"type": "Feature", "properties": {"layer": "0 - MEIO FIO 2", "dxf_type": "LINE"}, "geometry": {"type": "LineString", "coordinates": [[-54.98964941174368, -10.234750950160215], [-54.9891267567905, -10.235187499298211]]}}, {"type": "Feature", "properties": {"layer": "0 - MEIO FIO 2", "dxf_type": "LINE"}, "geometry": {"type": "LineString", "coordinates": [[-54.989645616310575, -10.234661821037493], [-54.98942215465096, -10.234401747773255]]}}, {"type": "Feature", "properties": {"layer": "0 - MEIO FIO 2", "dxf_type": "LINE"}, "geometry": {"type": "LineString", "coordinates": [[-54.98942215465096, -10.234401747773255], [-54.98897682256853, -10.23385761898299]]}}, {"type": "Feature", "properties": {"layer": "0 - MEIO FIO 2", "dxf_type": "LINE"}, "geometry": {"type": "LineString", "coordinates": [[-54.98897682256853, -10.23385761898299], [-54.9887331190325, -10.233559329207747]]}}, {"type": "Feature", "properties": {"layer": "0 - MEIO FIO 2", "dxf_type": "LINE"}, "geometry": {"type": "LineString", "coordinates": [[-54.98864898306488, -10.23354443693083], [-54.98812052916935, -10.233979512423055]]}}, {"type": "Feature", "properties": {"layer": "0 - MEIO FIO 2", "dxf_type": "LINE"}, "geometry": {"type": "LineString", "coordinates": [[-54.98901312664709, -10.2351587068924], [-54.98878052201456, -10.234886492228409]]}}, {"type": "Feature", "properties": {"layer": "0 - MEIO FIO 2", "dxf_type": "LINE"}, "geometry": {"type": "LineString", "coordinates": [[-54.98878052201456, -10.234886492228409], [-54.988115864910334, -10.234079167749442]]}}, {"type": "Feature", "properties": {"layer": "0 - MEIO FIO 2", "dxf_type": "LINE"}, "geometry": {"type": "LineString", "coordinates": [[-54.988060361628015, -10.234110511488307], [-54.98838969346789, -10.234507190202653]]}}, {"type": "Feature", "properties": {"layer": "0 - MEIO FIO 2", "dxf_type": "LINE"}, "geometry": {"type": "LineString", "coordinates": [[-54.98838969346789, -10.234507190202653], [-54.9889776558782, -10.235212118109429]]}}, {"type": "Feature", "properties": {"layer": "0 - MEIO FIO 2", "dxf_type": "LINE"}, "geometry": {"type": "LineString", "coordinates": [[-54.988987267579105, -10.235305932005728], [-54.988497548461766, -10.235729911868173]]}}, {"type": "Feature", "properties": {"layer": "0 - MEIO FIO 2", "dxf_type": "LINE"}, "geometry": {"type": "LineString", "coordinates": [[-54.98837943373536, -10.235711848127103], [-54.98799699528959, -10.235251586418528]]}}, {"type": "Feature", "properties": {"layer": "0 - MEIO FIO 2", "dxf_type": "LINE"}, "geometry": {"type": "LineString", "coordinates": [[-54.98799699528959, -10.235251586418528], [-54.98747215164861, -10.23462733983907]]}}, {"type": "Feature", "properties": {"layer": "0 - MEIO FIO 2", "dxf_type": "LINE"}, "geometry": {"type": "LineString", "coordinates": [[-54.987452346245085, -10.234527548600525], [-54.987961548166545, -10.234103945562586]]}}, {"type": "Feature", "properties": {"layer": "0 - MEIO FIO 2", "dxf_type": "LINE"}, "geometry": {"type": "LineString", "coordinates": [[-54.988948917856874, -10.233301069807247], [-54.98931155127718, -10.232993827323128]]}}, {"type": "Feature", "properties": {"layer": "0 - MEIO FIO 2", "dxf_type": "LINE"}, "geometry": {"type": "LineString", "coordinates": [[-54.989432446063354, -10.232992275498084], [-54.989715338163364, -10.233313557611446]]}}, {"type": "Feature", "properties": {"layer": "0 - MEIO FIO 2", "dxf_type": "LINE"}, "geometry": {"type": "LineString", "coordinates": [[-54.989960350367674, -10.233432080599272], [-54.989521050685006, -10.23289152599498]]}}, {"type": "Feature", "properties": {"layer": "0 - MEIO FIO 2", "dxf_type": "LINE"}, "geometry": {"type": "LineString", "coordinates": [[-54.989514278369086, -10.232844290521955], [-54.9900667262531, -10.232398383906908]]}}, {"type": "Feature", "properties": {"layer": "0 - MEIO FIO 2", "dxf_type": "LINE"}, "geometry": {"type": "LineString", "coordinates": [[-54.990133041043755, -10.232407959151095], [-54.99111880717167, -10.23357955874288]]}}, {"type": "Feature", "properties": {"layer": "0 - MEIO FIO 2", "dxf_type": "LINE"}, "geometry": {"type": "LineString", "coordinates": [[-54.99111880717167, -10.23357955874288], [-54.99113070632533, -10.233592892702887]]}}, {"type": "Feature", "properties": {"layer": "0 - MEIO FIO 2", "dxf_type": "LINE"}, "geometry": {"type": "LineString", "coordinates": [[-54.99113070632533, -10.233592892702887], [-54.99163626341074, -10.23317784112878]]}}, {"type": "Feature", "properties": {"layer": "0 - MEIO FIO 2", "dxf_type": "LINE"}, "geometry": {"type": "LineString", "coordinates": [[-54.99260133183195, -10.233898083326658], [-54.9922605742699, -10.233524218486354]]}}, {"type": "Feature", "properties": {"layer": "0 - MEIO FIO 2", "dxf_type": "LINE"}, "geometry": {"type": "LineString", "coordinates": [[-54.992073691823634, -10.233535599313068], [-54.99173887948889, -10.23315438484575]]}}, {"type": "Feature", "properties": {"layer": "0 - MEIO FIO 2", "dxf_type": "LINE"}, "geometry": {"type": "LineString", "coordinates": [[-54.99241499649806, -10.23398714433035], [-54.991689000465215, -10.233186657079301]]}}, {"type": "Feature", "properties": {"layer": "0 - MEIO FIO 2", "dxf_type": "LINE"}, "geometry": {"type": "LineString", "coordinates": [[-54.99160369738396, -10.233116588466851], [-54.99115435293891, -10.23347468384812]]}}, {"type": "Feature", "properties": {"layer": "0 - MEIO FIO 2", "dxf_type": "LINE"}, "geometry": {"type": "LineString", "coordinates": [[-54.99113377281532, -10.233469850105017], [-54.99020190948579, -10.232349485883674]]}}, {"type": "Feature", "properties": {"layer": "0 - MEIO FIO 2", "dxf_type": "LINE"}, "geometry": {"type": "LineString", "coordinates": [[-54.99021867488943, -10.232291544185385], [-54.99141823891917, -10.231304721133055]]}}, {"type": "Feature", "properties": {"layer": "0 - MEIO FIO 2", "dxf_type": "LINE"}, "geometry": {"type": "LineString", "coordinates": [[-54.991477671616906, -10.23131782228256], [-54.9926598387039, -10.23271241014193]]}}, {"type": "Feature", "properties": {"layer": "0 - MEIO FIO 2", "dxf_type": "LINE"}, "geometry": {"type": "LineString", "coordinates": [[-54.9926598387039, -10.23271241014193], [-54.99383159870067, -10.234156083894375]]}}, {"type": "Feature", "properties": {"layer": "0 - MEIO FIO 2", "dxf_type": "LINE"}, "geometry": {"type": "LineString", "coordinates": [[-54.99544239836418, -10.23874150895488], [-54.995725004877364, -10.23849767175719]]}}, {"type": "Feature", "properties": {"layer": "0 - MEIO FIO 2", "dxf_type": "LINE"}, "geometry": {"type": "LineString", "coordinates": [[-54.995725004877364, -10.23849767175719], [-54.99610352699016, -10.23817537613409]]}}, {"type": "Feature", "properties": {"layer": "0 - MEIO FIO 2", "dxf_type": "LINE"}, "geometry": {"type": "LineString", "coordinates": [[-54.99610352699016, -10.23817537613409], [-54.99620084956574, -10.238092510099584]]}}, {"type": "Feature", "properties": {"layer": "0 - MEIO FIO 2", "dxf_type": "LINE"}, "geometry": {"type": "LineString", "coordinates": [[-54.99635009679193, -10.238020539734425], [-54.996195612323845, -10.238148597886086]]}}, {"type": "Feature", "properties": {"layer": "0 - MEIO FIO 2", "dxf_type": "LINE"}, "geometry": {"type": "LineString", "coordinates": [[-54.99610593733536, -10.238270258575563], [-54.99554887596947, -10.23874109935605]]}}, {"type": "Feature", "properties": {"layer": "0 - MEIO FIO 2", "dxf_type": "LINE"}, "geometry": {"type": "LineString", "coordinates": [[-54.99553936506143, -10.238727854330252], [-54.99609148289571, -10.238257740599249]]}}, {"type": "Feature", "properties": {"layer": "0 - MEIO FIO 2", "dxf_type": "LINE"}, "geometry": {"type": "LineString", "coordinates": [[-54.994917036452264, -10.235444445644884], [-54.994562224404035, -10.235023201739748]]}}, {"type": "Feature", "properties": {"layer": "0 - MEIO FIO 2", "dxf_type": "LINE"}, "geometry": {"type": "LineString", "coordinates": [[-54.994562224404035, -10.235023201739748], [-54.99433012722044, -10.234747647906877]]}}, {"type": "Feature", "properties": {"layer": "0 - MEIO FIO 2", "dxf_type": "LINE"}, "geometry": {"type": "LineString", "coordinates": [[-54.99424354947106, -10.234727928540481], [-54.99388985260104, -10.235004666898137]]}}, {"type": "Feature", "properties": {"layer": "0 - MEIO FIO 2", "dxf_type": "LINE"}, "geometry": {"type": "LineString", "coordinates": [[-54.993890774713705, -10.235076782938593], [-54.9945012050712, -10.23577025530479]]}}, {"type": "Feature", "properties": {"layer": "0 - MEIO FIO 2", "dxf_type": "LINE"}, "geometry": {"type": "LineString", "coordinates": [[-54.99491326448074, -10.235489385302033], [-54.99455890983976, -10.235789686426806]]}}, {"type": "Feature", "properties": {"layer": "0 - MEIO FIO 2", "dxf_type": "LINE"}, "geometry": {"type": "LineString", "coordinates": [[-54.9941579839403, -10.236094709478142], [-54.99370480264999, -10.235552164875273]]}}, {"type": "Feature", "properties": {"layer": "0 - MEIO FIO 2", "dxf_type": "LINE"}, "geometry": {"type": "LineString", "coordinates": [[-54.99370480264999, -10.235552164875273], [-54.993527857223135, -10.235340326327947]]}}, {"type": "Feature", "properties": {"layer": "0 - MEIO FIO 2", "dxf_type": "LINE"}, "geometry": {"type": "LineString", "coordinates": [[-54.9935356464272, -10.235300491531937], [-54.99378534914509, -10.235096019257407]]}}, {"type": "Feature", "properties": {"layer": "0 - MEIO FIO 2", "dxf_type": "LINE"}, "geometry": {"type": "LineString", "coordinates": [[-54.993855985667615, -10.235117235902374], [-54.99447387325605, -10.23580713770403]]}}, {"type": "Feature", "properties": {"layer": "0 - MEIO FIO 2", "dxf_type": "LINE"}, "geometry": {"type": "LineString", "coordinates": [[-54.994477004143135, -10.235862223025336], [-54.99420512216358, -10.236090425318885]]}}, {"type": "Feature", "properties": {"layer": "0 - MEIO FIO 2", "dxf_type": "LINE"}, "geometry": {"type": "LineString", "coordinates": [[-54.994051422974536, -10.236154721965832], [-54.993652854777594, -10.23569126814779]]}}, {"type": "Feature", "properties": {"layer": "0 - MEIO FIO 2", "dxf_type": "LINE"}, "geometry": {"type": "LineString", "coordinates": [[-54.993652854777594, -10.23569126814779], [-54.99344543283581, -10.23545007931845]]}}, {"type": "Feature", "properties": {"layer": "0 - MEIO FIO 2", "dxf_type": "LINE"}, "geometry": {"type": "LineString", "coordinates": [[-54.99338582417008, -10.235421711864818], [-54.99305248229441, -10.235708989527799]]}}, {"type": "Feature", "properties": {"layer": "0 - MEIO FIO 2", "dxf_type": "LINE"}, "geometry": {"type": "LineString", "coordinates": [[-54.99404489874988, -10.236212256135596], [-54.993724484568105, -10.236483628282922]]}}, {"type": "Feature", "properties": {"layer": "0 - MEIO FIO 2", "dxf_type": "LINE"}, "geometry": {"type": "LineString", "coordinates": [[-54.993669768226844, -10.236490227577681], [-54.99326610395744, -10.236029904715826]]}}, {"type": "Feature", "properties": {"layer": "0 - MEIO FIO 2", "dxf_type": "LINE"}, "geometry": {"type": "LineString", "coordinates": [[-54.99326610395744, -10.236029904715826], [-54.993041847233535, -10.235771088404187]]}}, {"type": "Feature", "properties": {"layer": "0 - MEIO FIO 2", "dxf_type": "LINE"}, "geometry": {"type": "LineString", "coordinates": [[-54.99475208183034, -10.2380146671877], [-54.995432310995525, -10.237381414215571]]}}, {"type": "Feature", "properties": {"layer": "0 - MEIO FIO 2", "dxf_type": "LINE"}, "geometry": {"type": "LineString", "coordinates": [[-54.99544504129776, -10.237330606340382], [-54.99484571496134, -10.236620892038351]]}}, {"type": "Feature", "properties": {"layer": "0 - MEIO FIO 2", "dxf_type": "LINE"}, "geometry": {"type": "LineString", "coordinates": [[-54.99484571496134, -10.236620892038351], [-54.99444019959752, -10.236140974516028]]}}, {"type": "Feature", "properties": {"layer": "0 - MEIO FIO 2", "dxf_type": "LINE"}, "geometry": {"type": "LineString", "coordinates": [[-54.99438604972643, -10.236182191319235], [-54.99534645997749, -10.237320250119414]]}}, {"type": "Feature", "properties": {"layer": "0 - MEIO FIO 2", "dxf_type": "LINE"}, "geometry": {"type": "LineString", "coordinates": [[-54.99533609258849, -10.23738249993432], [-54.99480644616607, -10.23784610896534]]}}, {"type": "Feature", "properties": {"layer": "0 - MEIO FIO 2", "dxf_type": "LINE"}, "geometry": {"type": "LineString", "coordinates": [[-54.994740034040646, -10.237845699613814], [-54.99381027938781, -10.236745310199549]]}}, {"type": "Feature", "properties": {"layer": "0 - MEIO FIO 2", "dxf_type": "LINE"}, "geometry": {"type": "LineString", "coordinates": [[-54.99432897044506, -10.236183319195417], [-54.99380359778723, -10.236600920855293]]}}, {"type": "Feature", "properties": {"layer": "0 - MEIO FIO 2", "dxf_type": "LINE"}, "geometry": {"type": "LineString", "coordinates": [[-54.99359941900028, -10.236575565070678], [-54.993365035887976, -10.236764709632952]]}}, {"type": "Feature", "properties": {"layer": "0 - MEIO FIO 2", "dxf_type": "LINE"}, "geometry": {"type": "LineString", "coordinates": [[-54.99327507712658, -10.236762324357743], [-54.99268380364698, -10.236060271423776]]}}, {"type": "Feature", "properties": {"layer": "0 - MEIO FIO 2", "dxf_type": "LINE"}, "geometry": {"type": "LineString", "coordinates": [[-54.99293786258265, -10.235789569469617], [-54.99269386621853, -10.235982124444162]]}}, {"type": "Feature", "properties": {"layer": "0 - MEIO FIO 2", "dxf_type": "LINE"}, "geometry": {"type": "LineString", "coordinates": [[-54.9929848195932, -10.235788406508249], [-54.99311298954041, -10.235938751730899]]}}, {"type": "Feature", "properties": {"layer": "0 - MEIO FIO 2", "dxf_type": "LINE"}, "geometry": {"type": "LineString", "coordinates": [[-54.99311298954041, -10.235938751730899], [-54.99361174534985, -10.236530839117567]]}}, {"type": "Feature", "properties": {"layer": "0 - MEIO FIO 2", "dxf_type": "LINE"}, "geometry": {"type": "LineString", "coordinates": [[-54.99317437781389, -10.236840116611926], [-54.992599429472406, -10.236162771671669]]}}, {"type": "Feature", "properties": {"layer": "0 - MEIO FIO 2", "dxf_type": "LINE"}, "geometry": {"type": "LineString", "coordinates": [[-54.9924836921105, -10.236145314279094], [-54.992253160934204, -10.236338076639031]]}}, {"type": "Feature", "properties": {"layer": "0 - MEIO FIO 2", "dxf_type": "LINE"}, "geometry": {"type": "LineString", "coordinates": [[-54.99224542207678, -10.236440970097686], [-54.99282280700266, -10.237106632094347]]}}, {"type": "Feature", "properties": {"layer": "0 - MEIO FIO 2", "dxf_type": "LINE"}, "geometry": {"type": "LineString", "coordinates": [[-54.99317866132348, -10.236909963719677], [-54.99291010042189, -10.237135245514901]]}}, {"type": "Feature", "properties": {"layer": "0 - MEIO FIO 2", "dxf_type": "LINE"}, "geometry": {"type": "LineString", "coordinates": [[-54.992778906230896, -10.23720311243976], [-54.99258085421778, -10.236962876611125]]}}, {"type": "Feature", "properties": {"layer": "0 - MEIO FIO 2", "dxf_type": "LINE"}, "geometry": {"type": "LineString", "coordinates": [[-54.99258085421778, -10.236962876611125], [-54.99218329244512, -10.236484773062736]]}}, {"type": "Feature", "properties": {"layer": "0 - MEIO FIO 2", "dxf_type": "LINE"}, "geometry": {"type": "LineString", "coordinates": [[-54.99211059879217, -10.236462259757836], [-54.991873019256666, -10.23665937674088]]}}, {"type": "Feature", "properties": {"layer": "0 - MEIO FIO 2", "dxf_type": "LINE"}, "geometry": {"type": "LineString", "coordinates": [[-54.99187550099459, -10.236737354305694], [-54.99245434095325, -10.237406654223095]]}}, {"type": "Feature", "properties": {"layer": "0 - MEIO FIO 2", "dxf_type": "LINE"}, "geometry": {"type": "LineString", "coordinates": [[-54.992769099087255, -10.237257317929178], [-54.992554908291424, -10.237431883120157]]}}, {"type": "Feature", "properties": {"layer": "0 - MEIO FIO 2", "dxf_type": "LINE"}, "geometry": {"type": "LineString", "coordinates": [[-54.994124737295955, -10.238490695292825], [-54.99375630546281, -10.238058674582884]]}}, {"type": "Feature", "properties": {"layer": "0 - MEIO FIO 2", "dxf_type": "LINE"}, "geometry": {"type": "LineString", "coordinates": [[-54.99375630546281, -10.238058674582884], [-54.9930912189393, -10.237278796384008]]}}, {"type": "Feature", "properties": {"layer": "0 - MEIO FIO 2", "dxf_type": "LINE"}, "geometry": {"type": "LineString", "coordinates": [[-54.993648171238405, -10.236730332336046], [-54.993080808260125, -10.237193287204892]]}}, {"type": "Feature", "properties": {"layer": "0 - MEIO FIO 2", "dxf_type": "LINE"}, "geometry": {"type": "LineString", "coordinates": [[-54.99371478044774, -10.236736220847884], [-54.994705456509735, -10.23790981680107]]}}, {"type": "Feature", "properties": {"layer": "0 - MEIO FIO 2", "dxf_type": "LINE"}, "geometry": {"type": "LineString", "coordinates": [[-54.99469126862612, -10.23801248177554], [-54.99418491411366, -10.238476242031872]]}}, {"type": "Feature", "properties": {"layer": "0 - MEIO FIO 2", "dxf_type": "LINE"}, "geometry": {"type": "LineString", "coordinates": [[-54.99090702271967, -10.237279523317618], [-54.99043586283011, -10.236731660913016]]}}, {"type": "Feature", "properties": {"layer": "0 - MEIO FIO 2", "dxf_type": "LINE"}, "geometry": {"type": "LineString", "coordinates": [[-54.99043586283011, -10.236731660913016], [-54.989964660913756, -10.236150865343493]]}}, {"type": "Feature", "properties": {"layer": "0 - MEIO FIO 2", "dxf_type": "LINE"}, "geometry": {"type": "LineString", "coordinates": [[-54.98995446287599, -10.236105054067803], [-54.99052628955589, -10.23564341986144]]}}, {"type": "Feature", "properties": {"layer": "0 - MEIO FIO 2", "dxf_type": "LINE"}, "geometry": {"type": "LineString", "coordinates": [[-54.990582514022265, -10.235652799044821], [-54.99151915060653, -10.236782639433466]]}}, {"type": "Feature", "properties": {"layer": "0 - MEIO FIO 2", "dxf_type": "LINE"}, "geometry": {"type": "LineString", "coordinates": [[-54.991509574168774, -10.236851928185065], [-54.99097184004419, -10.237293890051813]]}}, {"type": "Feature", "properties": {"layer": "0 - MEIO FIO 2", "dxf_type": "LINE"}, "geometry": {"type": "LineString", "coordinates": [[-54.991445577301995, -10.238281378690568], [-54.991092547308604, -10.237900644272989]]}}, {"type": "Feature", "properties": {"layer": "0 - MEIO FIO 2", "dxf_type": "LINE"}, "geometry": {"type": "LineString", "coordinates": [[-54.991092547308604, -10.237900644272989], [-54.990811873411694, -10.23758879678693]]}}, {"type": "Feature", "properties": {"layer": "0 - MEIO FIO 2", "dxf_type": "LINE"}, "geometry": {"type": "LineString", "coordinates": [[-54.9908185037117, -10.237529011789244], [-54.991626562103, -10.236862682071873]]}}, {"type": "Feature", "properties": {"layer": "0 - MEIO FIO 2", "dxf_type": "LINE"}, "geometry": {"type": "LineString", "coordinates": [[-54.99171508945756, -10.236873544072917], [-54.99231332462577, -10.237571834273076]]}}, {"type": "Feature", "properties": {"layer": "0 - MEIO FIO 2", "dxf_type": "LINE"}, "geometry": {"type": "LineString", "coordinates": [[-54.992282545585546, -10.237663986160877], [-54.991525048992266, -10.238280413146912]]}}, {"type": "Feature", "properties": {"layer": "0 - MEIO FIO 2", "dxf_type": "LINE"}, "geometry": {"type": "LineString", "coordinates": [[-54.99704682285309, -10.238007990074015], [-54.996808970156195, -10.237702369886835]]}}, {"type": "Feature", "properties": {"layer": "0 - MEIO FIO 2", "dxf_type": "LINE"}, "geometry": {"type": "LineString", "coordinates": [[-54.99674107700099, -10.237703244440269], [-54.99635009679193, -10.238020539734425]]}}, {"type": "Feature", "properties": {"layer": "0 - MEIO FIO 2", "dxf_type": "LINE"}, "geometry": {"type": "LineString", "coordinates": [[-54.99620084956574, -10.238092510099584], [-54.99671157354305, -10.237652255962466]]}}, {"type": "Feature", "properties": {"layer": "0 - MEIO FIO 2", "dxf_type": "LINE"}, "geometry": {"type": "LineString", "coordinates": [[-54.996716074657506, -10.237591153169554], [-54.9958520952534, -10.236546640852238]]}}, {"type": "Feature", "properties": {"layer": "0 - MEIO FIO 2", "dxf_type": "LINE"}, "geometry": {"type": "LineString", "coordinates": [[-54.9958520952534, -10.236546640852238], [-54.995248945507356, -10.235814655577178]]}}, {"type": "Feature", "properties": {"layer": "0 - MEIO FIO 2", "dxf_type": "LINE"}, "geometry": {"type": "LineString", "coordinates": [[-54.995248945507356, -10.235814655577178], [-54.9951083862228, -10.23565208415971]]}}, {"type": "Feature", "properties": {"layer": "0 - MEIO FIO 2", "dxf_type": "LINE"}, "geometry": {"type": "LineString", "coordinates": [[-54.995008265072954, -10.235627476245366], [-54.99444333711794, -10.23608184662551]]}}, {"type": "Feature", "properties": {"layer": "0 - MEIO FIO 2", "dxf_type": "LINE"}, "geometry": {"type": "LineString", "coordinates": [[-54.99794284266087, -10.238818319415099], [-54.998270908831245, -10.238550153730197]]}}, {"type": "Feature", "properties": {"layer": "0 - MEIO FIO 2", "dxf_type": "LINE"}, "geometry": {"type": "LineString", "coordinates": [[-54.98334902142776, -10.238140738549147], [-54.98300335006297, -10.237729684744346]]}}, {"type": "Feature", "properties": {"layer": "0 - MEIO FIO 2", "dxf_type": "LINE"}, "geometry": {"type": "LineString", "coordinates": [[-54.98275296143517, -10.23780422297717], [-54.982924352312, -10.238014574747936]]}}, {"type": "Feature", "properties": {"layer": "0 - MEIO FIO 2", "dxf_type": "LINE"}, "geometry": {"type": "LineString", "coordinates": [[-54.984353351620335, -10.238705658438066], [-54.98364458380853, -10.237839034668825]]}}, {"type": "Feature", "properties": {"layer": "0 - MEIO FIO 2", "dxf_type": "LINE"}, "geometry": {"type": "LineString", "coordinates": [[-54.98444152959165, -10.239264548668343], [-54.98372218170975, -10.238395636537375]]}}, {"type": "Feature", "properties": {"layer": "0 - MEIO FIO 2", "dxf_type": "LINE"}, "geometry": {"type": "LineString", "coordinates": [[-54.98438063130051, -10.23936544702596], [-54.983437034778376, -10.238250659800205]]}}, {"type": "Feature", "properties": {"layer": "0 - MEIO FIO 2", "dxf_type": "LINE"}, "geometry": {"type": "LineString", "coordinates": [[-54.98372218170975, -10.238395636537375], [-54.983586897469, -10.238232224155555]]}}, {"type": "Feature", "properties": {"layer": "0 - MEIO FIO 2", "dxf_type": "LINE"}, "geometry": {"type": "LineString", "coordinates": [[-54.98357869152496, -10.237918483639831], [-54.98356993229038, -10.238147179801677]]}}, {"type": "Feature", "properties": {"layer": "0 - MEIO FIO 2", "dxf_type": "LINE"}, "geometry": {"type": "LineString", "coordinates": [[-54.98502857341747, -10.240399410544102], [-54.98320107927133, -10.238222220577434]]}}, {"type": "Feature", "properties": {"layer": "0 - MEIO FIO 2", "dxf_type": "LINE"}, "geometry": {"type": "LineString", "coordinates": [[-54.98303692959605, -10.238020511844454], [-54.983114521333036, -10.238118839094748]]}}, {"type": "Feature", "properties": {"layer": "0 - MEIO FIO 2", "dxf_type": "LINE"}, "geometry": {"type": "LineString", "coordinates": [[-54.98347015862167, -10.238119412223478], [-54.98307328254304, -10.237637942390034]]}}, {"type": "Feature", "properties": {"layer": "0 - MEIO FIO 2", "dxf_type": "LINE"}, "geometry": {"type": "LineString", "coordinates": [[-54.98354499430667, -10.237719727774914], [-54.98350544767026, -10.23767275018544]]}}, {"type": "Feature", "properties": {"layer": "0 - MEIO FIO 2", "dxf_type": "LINE"}, "geometry": {"type": "LineString", "coordinates": [[-54.982907377601855, -10.23810593403035], [-54.98275020284118, -10.238240681482498]]}}, {"type": "Feature", "properties": {"layer": "0 - MEIO FIO 2", "dxf_type": "LINE"}, "geometry": {"type": "LineString", "coordinates": [[-54.9830441640057, -10.238162842101282], [-54.98337709242185, -10.238555844389543]]}}, {"type": "Feature", "properties": {"layer": "0 - MEIO FIO 2", "dxf_type": "LINE"}, "geometry": {"type": "LineString", "coordinates": [[-54.982964990392865, -10.238188904641792], [-54.98274940097402, -10.238367547412421]]}}, {"type": "Feature", "properties": {"layer": "0 - MEIO FIO 2", "dxf_type": "LINE"}, "geometry": {"type": "LineString", "coordinates": [[-54.98337709242185, -10.238555844389543], [-54.98606381084594, -10.2417534204105]]}}, {"type": "Feature", "properties": {"layer": "0 - MEIO FIO 2", "dxf_type": "LINE"}, "geometry": {"type": "LineString", "coordinates": [[-54.98412171408848, -10.238269764640584], [-54.98363942849474, -10.237690266010702]]}}, {"type": "Feature", "properties": {"layer": "0 - MEIO FIO 2", "dxf_type": "LINE"}, "geometry": {"type": "LineString", "coordinates": [[-54.9836553029942, -10.237623656284525], [-54.98436306254652, -10.237048608962391]]}}, {"type": "Feature", "properties": {"layer": "0 - MEIO FIO 2", "dxf_type": "LINE"}, "geometry": {"type": "LineString", "coordinates": [[-54.98295860667866, -10.2379333425076], [-54.982617028115584, -10.237465686188864]]}}, {"type": "Feature", "properties": {"layer": "0 - MEIO FIO 2", "dxf_type": "LINE"}, "geometry": {"type": "LineString", "coordinates": [[-54.982617028115584, -10.237465686188864], [-54.98243338226912, -10.237169487597019]]}}, {"type": "Feature", "properties": {"layer": "0 - MEIO FIO 2", "dxf_type": "LINE"}, "geometry": {"type": "LineString", "coordinates": [[-54.98243338226912, -10.237169487597019], [-54.98206729558898, -10.236676201234774]]}}, {"type": "Feature", "properties": {"layer": "0 - MEIO FIO 2", "dxf_type": "LINE"}, "geometry": {"type": "LineString", "coordinates": [[-54.98206729558898, -10.236676201234774], [-54.98177358661237, -10.236322493355521]]}}, {"type": "Feature", "properties": {"layer": "0 - MEIO FIO 2", "dxf_type": "LINE"}, "geometry": {"type": "LineString", "coordinates": [[-54.98177358661237, -10.236322493355521], [-54.98153625152427, -10.236036674682852]]}}, {"type": "Feature", "properties": {"layer": "0 - MEIO FIO 2", "dxf_type": "LINE"}, "geometry": {"type": "LineString", "coordinates": [[-54.98287546527918, -10.237577745360163], [-54.98266520842079, -10.2373173224475]]}}, {"type": "Feature", "properties": {"layer": "0 - MEIO FIO 2", "dxf_type": "LINE"}, "geometry": {"type": "LineString", "coordinates": [[-54.98266520842079, -10.2373173224475], [-54.982310050470815, -10.236877423296862]]}}, {"type": "Feature", "properties": {"layer": "0 - MEIO FIO 2", "dxf_type": "LINE"}, "geometry": {"type": "LineString", "coordinates": [[-54.982310050470815, -10.236877423296862], [-54.98194866011489, -10.236442210038325]]}}, {"type": "Feature", "properties": {"layer": "0 - MEIO FIO 2", "dxf_type": "LINE"}, "geometry": {"type": "LineString", "coordinates": [[-54.98194866011489, -10.236442210038325], [-54.98144583306285, -10.235820364574739]]}}, {"type": "Feature", "properties": {"layer": "0 - MEIO FIO 2", "dxf_type": "LINE"}, "geometry": {"type": "LineString", "coordinates": [[-54.98144583306285, -10.235820364574739], [-54.98109592222845, -10.235393413271785]]}}, {"type": "Feature", "properties": {"layer": "0 - MEIO FIO 2", "dxf_type": "LINE"}, "geometry": {"type": "LineString", "coordinates": [[-54.98109592222845, -10.235393413271785], [-54.98066896954341, -10.234864667482727]]}}, {"type": "Feature", "properties": {"layer": "0 - MEIO FIO 2", "dxf_type": "LINE"}, "geometry": {"type": "LineString", "coordinates": [[-54.98275296143517, -10.23780422297717], [-54.98262679635574, -10.23761946395674]]}}, {"type": "Feature", "properties": {"layer": "0 - MEIO FIO 2", "dxf_type": "LINE"}, "geometry": {"type": "LineString", "coordinates": [[-54.98262679635574, -10.23761946395674], [-54.98243969118871, -10.23732335417976]]}}, {"type": "Feature", "properties": {"layer": "0 - MEIO FIO 2", "dxf_type": "LINE"}, "geometry": {"type": "LineString", "coordinates": [[-54.98217525475597, -10.23696305497539], [-54.98170505957247, -10.236369054701647]]}}, {"type": "Feature", "properties": {"layer": "0 - MEIO FIO 2", "dxf_type": "LINE"}, "geometry": {"type": "LineString", "coordinates": [[-54.98170505957247, -10.236369054701647], [-54.98117334668734, -10.23571138024335]]}}, {"type": "Feature", "properties": {"layer": "0 - MEIO FIO 2", "dxf_type": "LINE"}, "geometry": {"type": "LineString", "coordinates": [[-54.98153625152427, -10.236036674682852], [-54.98096041047918, -10.235316012677506]]}}, {"type": "Feature", "properties": {"layer": "0 - MEIO FIO 2", "dxf_type": "LINE"}, "geometry": {"type": "LineString", "coordinates": [[-54.98096041047918, -10.235316012677506], [-54.98058610811417, -10.234851916079869]]}}, {"type": "Feature", "properties": {"layer": "0 - MEIO FIO 2", "dxf_type": "LINE"}, "geometry": {"type": "LineString", "coordinates": [[-54.98117334668734, -10.23571138024335], [-54.98053745993443, -10.234936851532645]]}}, {"type": "Feature", "properties": {"layer": "0 - MEIO FIO 2", "dxf_type": "LINE"}, "geometry": {"type": "LineString", "coordinates": [[-54.98293681420501, -10.237469939657107], [-54.98272138340064, -10.237205699106168]]}}, {"type": "Feature", "properties": {"layer": "0 - MEIO FIO 2", "dxf_type": "LINE"}, "geometry": {"type": "LineString", "coordinates": [[-54.98272138340064, -10.237205699106168], [-54.98214829310315, -10.236519774816681]]}}, {"type": "Feature", "properties": {"layer": "0 - MEIO FIO 2", "dxf_type": "LINE"}, "geometry": {"type": "LineString", "coordinates": [[-54.98214829310315, -10.236519774816681], [-54.98124835967459, -10.235413221928802]]}}, {"type": "Feature", "properties": {"layer": "0 - MEIO FIO 2", "dxf_type": "LINE"}, "geometry": {"type": "LineString", "coordinates": [[-54.98124835967459, -10.235413221928802], [-54.98082576526566, -10.234900183543981]]}}, {"type": "Feature", "properties": {"layer": "0 - MEIO FIO 2", "dxf_type": "LINE"}, "geometry": {"type": "LineString", "coordinates": [[-54.98342174092071, -10.237562969562857], [-54.98333502027865, -10.237460216272238]]}}, {"type": "Feature", "properties": {"layer": "0 - MEIO FIO 2", "dxf_type": "LINE"}, "geometry": {"type": "LineString", "coordinates": [[-54.98333502027865, -10.237460216272238], [-54.98297561193479, -10.237034361661904]]}}, {"type": "Feature", "properties": {"layer": "0 - MEIO FIO 2", "dxf_type": "LINE"}, "geometry": {"type": "LineString", "coordinates": [[-54.98208085280816, -10.236217434317146], [-54.98188692734548, -10.235987857325041]]}}, {"type": "Feature", "properties": {"layer": "0 - MEIO FIO 2", "dxf_type": "LINE"}, "geometry": {"type": "LineString", "coordinates": [[-54.98188692734548, -10.235987857325041], [-54.98129424300708, -10.235286525493]]}}, {"type": "Feature", "properties": {"layer": "0 - MEIO FIO 2", "dxf_type": "LINE"}, "geometry": {"type": "LineString", "coordinates": [[-54.98129424300708, -10.235286525493], [-54.980937374197886, -10.234864234962208]]}}, {"type": "Feature", "properties": {"layer": "0 - MEIO FIO 2", "dxf_type": "LINE"}, "geometry": {"type": "LineString", "coordinates": [[-54.98351432939321, -10.237547731259616], [-54.983169045611895, -10.237141235836573]]}}, {"type": "Feature", "properties": {"layer": "0 - MEIO FIO 2", "dxf_type": "LINE"}, "geometry": {"type": "LineString", "coordinates": [[-54.98189867350224, -10.235876069742382], [-54.98110256801048, -10.234923480153293]]}}, {"type": "Feature", "properties": {"layer": "0 - MEIO FIO 2", "dxf_type": "LINE"}, "geometry": {"type": "LineString", "coordinates": [[-54.98110256801048, -10.234923480153293], [-54.98104281910929, -10.234855058213464]]}}, {"type": "Feature", "properties": {"layer": "0 - MEIO FIO 2", "dxf_type": "LINE"}, "geometry": {"type": "LineString", "coordinates": [[-54.98053745993443, -10.234936851532645], [-54.97961795357297, -10.233789901439044]]}}, {"type": "Feature", "properties": {"layer": "0 - MEIO FIO 2", "dxf_type": "LINE"}, "geometry": {"type": "LineString", "coordinates": [[-54.97961795357297, -10.233789901439044], [-54.978497963723235, -10.23237736061794]]}}, {"type": "Feature", "properties": {"layer": "0 - MEIO FIO 2", "dxf_type": "LINE"}, "geometry": {"type": "LineString", "coordinates": [[-54.98058610811417, -10.234851916079869], [-54.979793567117156, -10.23387208448792]]}}, {"type": "Feature", "properties": {"layer": "0 - MEIO FIO 2", "dxf_type": "LINE"}, "geometry": {"type": "LineString", "coordinates": [[-54.979793567117156, -10.23387208448792], [-54.97858989942628, -10.23236249364555]]}}, {"type": "Feature", "properties": {"layer": "0 - MEIO FIO 2", "dxf_type": "LINE"}, "geometry": {"type": "LineString", "coordinates": [[-54.98066896954341, -10.234864667482727], [-54.978656731796484, -10.232357357759973]]}}, {"type": "Feature", "properties": {"layer": "0 - MEIO FIO 2", "dxf_type": "LINE"}, "geometry": {"type": "LineString", "coordinates": [[-54.98082576526566, -10.234900183543981], [-54.97904683541798, -10.232694255477028]]}}, {"type": "Feature", "properties": {"layer": "0 - MEIO FIO 2", "dxf_type": "LINE"}, "geometry": {"type": "LineString", "coordinates": [[-54.97904683541798, -10.232694255477028], [-54.97878972963223, -10.23236061068521]]}}, {"type": "Feature", "properties": {"layer": "0 - MEIO FIO 2", "dxf_type": "LINE"}, "geometry": {"type": "LineString", "coordinates": [[-54.980937374197886, -10.234864234962208], [-54.97921798876203, -10.23281576381533]]}}, {"type": "Feature", "properties": {"layer": "0 - MEIO FIO 2", "dxf_type": "LINE"}, "geometry": {"type": "LineString", "coordinates": [[-54.97921798876203, -10.23281576381533], [-54.978871518558336, -10.232359289045482]]}}, {"type": "Feature", "properties": {"layer": "0 - MEIO FIO 2", "dxf_type": "LINE"}, "geometry": {"type": "LineString", "coordinates": [[-54.98104281910929, -10.234855058213464], [-54.979317449116124, -10.232812516186684]]}}, {"type": "Feature", "properties": {"layer": "0 - MEIO FIO 2", "dxf_type": "LINE"}, "geometry": {"type": "LineString", "coordinates": [[-54.979317449116124, -10.232812516186684], [-54.978980637394706, -10.232364831470738]]}}, {"type": "Feature", "properties": {"layer": "0 - MEIO FIO 2", "dxf_type": "LINE"}, "geometry": {"type": "LineString", "coordinates": [[-54.978497963723235, -10.23237736061794], [-54.977701759072374, -10.231290433013367]]}}, {"type": "Feature", "properties": {"layer": "0 - MEIO FIO 2", "dxf_type": "LINE"}, "geometry": {"type": "LineString", "coordinates": [[-54.97858989942628, -10.23236249364555], [-54.97785858836681, -10.23136568727779]]}}, {"type": "Feature", "properties": {"layer": "0 - MEIO FIO 2", "dxf_type": "LINE"}, "geometry": {"type": "LineString", "coordinates": [[-54.97785858836681, -10.23136568727779], [-54.977643274571165, -10.231056126034018]]}}, {"type": "Feature", "properties": {"layer": "0 - MEIO FIO 2", "dxf_type": "LINE"}, "geometry": {"type": "LineString", "coordinates": [[-54.977643274571165, -10.231056126034018], [-54.977532660099556, -10.230898047613207]]}}, {"type": "Feature", "properties": {"layer": "0 - MEIO FIO 2", "dxf_type": "LINE"}, "geometry": {"type": "LineString", "coordinates": [[-54.978656731796484, -10.232357357759973], [-54.97776703784462, -10.231133847763946]]}}, {"type": "Feature", "properties": {"layer": "0 - MEIO FIO 2", "dxf_type": "LINE"}, "geometry": {"type": "LineString", "coordinates": [[-54.97776703784462, -10.231133847763946], [-54.97742435602467, -10.230642745052887]]}}, {"type": "Feature", "properties": {"layer": "0 - MEIO FIO 2", "dxf_type": "LINE"}, "geometry": {"type": "LineString", "coordinates": [[-54.97742435602467, -10.230642745052887], [-54.977290650292595, -10.230437266542978]]}}, {"type": "Feature", "properties": {"layer": "0 - MEIO FIO 2", "dxf_type": "LINE"}, "geometry": {"type": "LineString", "coordinates": [[-54.97878972963223, -10.23236061068521], [-54.97847325485294, -10.23194245716048]]}}, {"type": "Feature", "properties": {"layer": "0 - MEIO FIO 2", "dxf_type": "LINE"}, "geometry": {"type": "LineString", "coordinates": [[-54.97847325485294, -10.23194245716048], [-54.978234062824804, -10.231626415022786]]}}, {"type": "Feature", "properties": {"layer": "0 - MEIO FIO 2", "dxf_type": "LINE"}, "geometry": {"type": "LineString", "coordinates": [[-54.978234062824804, -10.231626415022786], [-54.97804435837418, -10.231357691829391]]}}, {"type": "Feature", "properties": {"layer": "0 - MEIO FIO 2", "dxf_type": "LINE"}, "geometry": {"type": "LineString", "coordinates": [[-54.97804435837418, -10.231357691829391], [-54.97778174398957, -10.230977436443654]]}}, {"type": "Feature", "properties": {"layer": "0 - MEIO FIO 2", "dxf_type": "LINE"}, "geometry": {"type": "LineString", "coordinates": [[-54.97778174398957, -10.230977436443654], [-54.977558689802976, -10.230658270040788]]}}, {"type": "Feature", "properties": {"layer": "0 - MEIO FIO 2", "dxf_type": "LINE"}, "geometry": {"type": "LineString", "coordinates": [[-54.97786806990295, -10.230961248488331], [-54.978376102100576, -10.231671892698692]]}}, {"type": "Feature", "properties": {"layer": "0 - MEIO FIO 2", "dxf_type": "LINE"}, "geometry": {"type": "LineString", "coordinates": [[-54.978376102100576, -10.231671892698692], [-54.978871518558336, -10.232359289045482]]}}, {"type": "Feature", "properties": {"layer": "0 - MEIO FIO 2", "dxf_type": "LINE"}, "geometry": {"type": "LineString", "coordinates": [[-54.978980637394706, -10.232364831470738], [-54.97796141252207, -10.230951831921752]]}}, {"type": "Feature", "properties": {"layer": "0 - MEIO FIO 2", "dxf_type": "LINE"}, "geometry": {"type": "LineString", "coordinates": [[-54.97697503670235, -10.229986160912018], [-54.975974201026624, -10.2285463383745]]}}, {"type": "Feature", "properties": {"layer": "0 - MEIO FIO 2", "dxf_type": "LINE"}, "geometry": {"type": "LineString", "coordinates": [[-54.975974201026624, -10.2285463383745], [-54.975147357725646, -10.227370156547474]]}}, {"type": "Feature", "properties": {"layer": "0 - MEIO FIO 2", "dxf_type": "LINE"}, "geometry": {"type": "LineString", "coordinates": [[-54.97710334124595, -10.229987362219749], [-54.97538714109557, -10.227518657960374]]}}, {"type": "Feature", "properties": {"layer": "0 - MEIO FIO 2", "dxf_type": "LINE"}, "geometry": {"type": "LineString", "coordinates": [[-54.98952947977862, -10.245373528747306], [-54.98903357178147, -10.244772524732662]]}}, {"type": "Feature", "properties": {"layer": "0 - MEIO FIO 2", "dxf_type": "LINE"}, "geometry": {"type": "LineString", "coordinates": [[-54.98903357178147, -10.244772524732662], [-54.988718795316075, -10.244402886067526]]}}, {"type": "Feature", "properties": {"layer": "0 - MEIO FIO 2", "dxf_type": "LINE"}, "geometry": {"type": "LineString", "coordinates": [[-54.98992878273041, -10.245358217815943], [-54.98986361686006, -10.245279024775073]]}}, {"type": "Feature", "properties": {"layer": "0 - MEIO FIO 2", "dxf_type": "LINE"}, "geometry": {"type": "LineString", "coordinates": [[-54.98992878273041, -10.245358217815943], [-54.989842160792875, -10.245427537989684]]}}, {"type": "Feature", "properties": {"layer": "0 - MEIO FIO 2", "dxf_type": "LINE"}, "geometry": {"type": "LineString", "coordinates": [[-54.989880175844625, -10.245680448272338], [-54.98972001687501, -10.245490989885175]]}}, {"type": "Feature", "properties": {"layer": "0 - MEIO FIO 2", "dxf_type": "LINE"}, "geometry": {"type": "LineString", "coordinates": [[-54.98961819095893, -10.245489051326789], [-54.98985974435749, -10.245774556406534]]}}, {"type": "Feature", "properties": {"layer": "0 - MEIO FIO 2", "dxf_type": "LINE"}, "geometry": {"type": "LineString", "coordinates": [[-54.98954100693102, -10.245564485118699], [-54.98977205414355, -10.245838145411312]]}}, {"type": "Feature", "properties": {"layer": "0 - MEIO FIO 2", "dxf_type": "LINE"}, "geometry": {"type": "LineString", "coordinates": [[-54.98951654148632, -10.245669038360045], [-54.989675418401795, -10.245851944538105]]}}, {"type": "Feature", "properties": {"layer": "0 - MEIO FIO 2", "dxf_type": "LINE"}, "geometry": {"type": "LineString", "coordinates": [[-54.990002226809935, -10.24575440140856], [-54.99019566783423, -10.245986042586027]]}}, {"type": "Feature", "properties": {"layer": "0 - MEIO FIO 2", "dxf_type": "LINE"}, "geometry": {"type": "LineString", "coordinates": [[-54.9899463157004, -10.245873714711179], [-54.99005274921208, -10.245996179530387]]}}, {"type": "Feature", "properties": {"layer": "0 - MEIO FIO 2", "dxf_type": "LINE"}, "geometry": {"type": "LineString", "coordinates": [[-54.989905613948785, -10.245986829861923], [-54.98986330405183, -10.245945760809164]]}}, {"type": "Feature", "properties": {"layer": "0 - MEIO FIO 2", "dxf_type": "LINE"}, "geometry": {"type": "LineString", "coordinates": [[-54.989711522120345, -10.245967200539814], [-54.98973133361864, -10.245989701378173]]}}, {"type": "Feature", "properties": {"layer": "0 - MEIO FIO 2", "dxf_type": "LINE"}, "geometry": {"type": "LineString", "coordinates": [[-54.98982746431029, -10.245933691521635], [-54.98974105211751, -10.24592525871927]]}}, {"type": "Feature", "properties": {"layer": "0 - MEIO FIO 2", "dxf_type": "LINE"}, "geometry": {"type": "LineString", "coordinates": [[-54.98944442466577, -10.245443870876981], [-54.988856443269604, -10.244740189634362]]}}, {"type": "Feature", "properties": {"layer": "0 - MEIO FIO 2", "dxf_type": "LINE"}, "geometry": {"type": "LineString", "coordinates": [[-54.988856443269604, -10.244740189634362], [-54.988628847264465, -10.24447187891565]]}}, {"type": "Feature", "properties": {"layer": "0 - MEIO FIO 2", "dxf_type": "LINE"}, "geometry": {"type": "LineString", "coordinates": [[-54.98938086296737, -10.245569129721417], [-54.988713743186224, -10.24477829106083]]}}, {"type": "Feature", "properties": {"layer": "0 - MEIO FIO 2", "dxf_type": "LINE"}, "geometry": {"type": "LineString", "coordinates": [[-54.988713743186224, -10.24477829106083], [-54.9870340362108, -10.242780323944551]]}}, {"type": "Feature", "properties": {"layer": "0 - MEIO FIO 2", "dxf_type": "LINE"}, "geometry": {"type": "LineString", "coordinates": [[-54.989451437070514, -10.245484274224806], [-54.98943989859774, -10.24555627683699]]}}, {"type": "Feature", "properties": {"layer": "0 - MEIO FIO 2", "dxf_type": "LINE"}, "geometry": {"type": "LineString", "coordinates": [[-54.98959967193668, -10.245987700307428], [-54.98951916207476, -10.245874673524364]]}}, {"type": "Feature", "properties": {"layer": "0 - MEIO FIO 2", "dxf_type": "LINE"}, "geometry": {"type": "LineString", "coordinates": [[-54.99030860164615, -10.24685073217126], [-54.98916203748412, -10.245453461254899]]}}, {"type": "Feature", "properties": {"layer": "0 - MEIO FIO 2", "dxf_type": "LINE"}, "geometry": {"type": "LineString", "coordinates": [[-54.98916203748412, -10.245453461254899], [-54.98865299121981, -10.244853061578047]]}}, {"type": "Feature", "properties": {"layer": "0 - MEIO FIO 2", "dxf_type": "LINE"}, "geometry": {"type": "LineString", "coordinates": [[-54.98865299121981, -10.244853061578047], [-54.98809169640517, -10.244181924699111]]}}, {"type": "Feature", "properties": {"layer": "0 - MEIO FIO 2", "dxf_type": "LINE"}, "geometry": {"type": "LineString", "coordinates": [[-54.98987088946163, -10.245506207444985], [-54.98988511812651, -10.24552384682265]]}}, {"type": "Feature", "properties": {"layer": "0 - MEIO FIO 2", "dxf_type": "LINE"}, "geometry": {"type": "LineString", "coordinates": [[-54.98988511812651, -10.24552384682265], [-54.98991892536597, -10.245488579745711]]}}, {"type": "Feature", "properties": {"layer": "0 - MEIO FIO 2", "dxf_type": "LINE"}, "geometry": {"type": "LineString", "coordinates": [[-54.98987088946163, -10.245506207444985], [-54.98993418409265, -10.245462533654347]]}}, {"type": "Feature", "properties": {"layer": "0 - MEIO FIO 2", "dxf_type": "LINE"}, "geometry": {"type": "LineString", "coordinates": [[-54.98993418409265, -10.245462533654347], [-54.990070816125986, -10.245350784446838]]}}, {"type": "Feature", "properties": {"layer": "0 - MEIO FIO 2", "dxf_type": "LINE"}, "geometry": {"type": "LineString", "coordinates": [[-54.990070816125986, -10.245350784446838], [-54.99027786195494, -10.245181444263839]]}}, {"type": "Feature", "properties": {"layer": "0 - MEIO FIO 2", "dxf_type": "LINE"}, "geometry": {"type": "LineString", "coordinates": [[-54.98991892536597, -10.245488579745711], [-54.99010843570353, -10.24533674053102]]}}, {"type": "Feature", "properties": {"layer": "0 - MEIO FIO 2", "dxf_type": "LINE"}, "geometry": {"type": "LineString", "coordinates": [[-54.99010843570353, -10.24533674053102], [-54.990344968356695, -10.245142997797842]]}}, {"type": "Feature", "properties": {"layer": "0 - MEIO FIO 2", "dxf_type": "LINE"}, "geometry": {"type": "LineString", "coordinates": [[-54.98973133361864, -10.245989701378173], [-54.99042197999233, -10.246821522449235]]}}, {"type": "Feature", "properties": {"layer": "0 - MEIO FIO 2", "dxf_type": "LINE"}, "geometry": {"type": "LineString", "coordinates": [[-54.99042197999233, -10.246821522449235], [-54.99132785225904, -10.247896869120975]]}}, {"type": "Feature", "properties": {"layer": "0 - MEIO FIO 2", "dxf_type": "LINE"}, "geometry": {"type": "LineString", "coordinates": [[-54.99132785225904, -10.247896869120975], [-54.99164419030299, -10.248277760790677]]}}, {"type": "Feature", "properties": {"layer": "0 - MEIO FIO 2", "dxf_type": "LINE"}, "geometry": {"type": "LineString", "coordinates": [[-54.99175437509468, -10.248209846782581], [-54.989905613948785, -10.245986829861923]]}}, {"type": "Feature", "properties": {"layer": "0 - MEIO FIO 2", "dxf_type": "LINE"}, "geometry": {"type": "LineString", "coordinates": [[-54.99005274921208, -10.245996179530387], [-54.991831947532496, -10.248132930659509]]}}, {"type": "Feature", "properties": {"layer": "0 - MEIO FIO 2", "dxf_type": "LINE"}, "geometry": {"type": "LineString", "coordinates": [[-54.991878025037, -10.248066661534558], [-54.99104970434523, -10.247076623639218]]}}, {"type": "Feature", "properties": {"layer": "0 - MEIO FIO 2", "dxf_type": "LINE"}, "geometry": {"type": "LineString", "coordinates": [[-54.99104970434523, -10.247076623639218], [-54.990390494338584, -10.246284613027827]]}}, {"type": "Feature", "properties": {"layer": "0 - MEIO FIO 2", "dxf_type": "LINE"}, "geometry": {"type": "LineString", "coordinates": [[-54.99030705842728, -10.24612116484247], [-54.99019566783423, -10.245986042586027]]}}, {"type": "Feature", "properties": {"layer": "0 - MEIO FIO 2", "dxf_type": "LINE"}, "geometry": {"type": "LineString", "coordinates": [[-54.98953194787107, -10.248447535280174], [-54.98994461248328, -10.248356550243455]]}}, {"type": "Feature", "properties": {"layer": "0 - MEIO FIO 2", "dxf_type": "LINE"}, "geometry": {"type": "LineString", "coordinates": [[-54.98994461248328, -10.248356550243455], [-54.98994047704564, -10.248338657803547]]}}, {"type": "Feature", "properties": {"layer": "0 - MEIO FIO 2", "dxf_type": "LINE"}, "geometry": {"type": "LineString", "coordinates": [[-54.98994047704564, -10.248338657803547], [-54.99014488383671, -10.2483066016737]]}}, {"type": "Feature", "properties": {"layer": "0 - MEIO FIO 2", "dxf_type": "LINE"}, "geometry": {"type": "LineString", "coordinates": [[-54.99014488383671, -10.2483066016737], [-54.99014787919541, -10.248321635197891]]}}, {"type": "Feature", "properties": {"layer": "0 - MEIO FIO 2", "dxf_type": "LINE"}, "geometry": {"type": "LineString", "coordinates": [[-54.99014787919541, -10.248321635197891], [-54.9904131196466, -10.248271567561035]]}}, {"type": "Feature", "properties": {"layer": "0 - MEIO FIO 2", "dxf_type": "LINE"}, "geometry": {"type": "LineString", "coordinates": [[-54.9904131196466, -10.248271567561035], [-54.990481062059494, -10.248258131479014]]}}, {"type": "Feature", "properties": {"layer": "0 - MEIO FIO 2", "dxf_type": "LINE"}, "geometry": {"type": "LineString", "coordinates": [[-54.990481062059494, -10.248258131479014], [-54.99056565085194, -10.248252334278199]]}}, {"type": "Feature", "properties": {"layer": "0 - MEIO FIO 2", "dxf_type": "LINE"}, "geometry": {"type": "LineString", "coordinates": [[-54.99185066422264, -10.248536069891895], [-54.99217631720278, -10.24893515236199]]}}, {"type": "Feature", "properties": {"layer": "0 - MEIO FIO 2", "dxf_type": "LINE"}, "geometry": {"type": "LineString", "coordinates": [[-54.99195498676753, -10.24845331971927], [-54.99236737156539, -10.248936332676202]]}}, {"type": "Feature", "properties": {"layer": "0 - MEIO FIO 2", "dxf_type": "LINE"}, "geometry": {"type": "LineString", "coordinates": [[-54.99201002512102, -10.248222464130437], [-54.99260669272851, -10.248935763639658]]}}, {"type": "Feature", "properties": {"layer": "0 - MEIO FIO 2", "dxf_type": "LINE"}, "geometry": {"type": "LineString", "coordinates": [[-54.992505073722555, -10.248942647514728], [-54.99210411553711, -10.248458917974126]]}}, {"type": "Feature", "properties": {"layer": "0 - MEIO FIO 2", "dxf_type": "LINE"}, "geometry": {"type": "LineString", "coordinates": [[-54.99210411553711, -10.248458917974126], [-54.99196652612703, -10.248294761178188]]}}, {"type": "Feature", "properties": {"layer": "0 - MEIO FIO 2", "dxf_type": "LINE"}, "geometry": {"type": "LineString", "coordinates": [[-54.99217631720278, -10.24893515236199], [-54.99327857094594, -10.250236721071685]]}}, {"type": "Feature", "properties": {"layer": "0 - MEIO FIO 2", "dxf_type": "LINE"}, "geometry": {"type": "LineString", "coordinates": [[-54.99327857094594, -10.250236721071685], [-54.99433024885776, -10.251486253930198]]}}, {"type": "Feature", "properties": {"layer": "0 - MEIO FIO 2", "dxf_type": "LINE"}, "geometry": {"type": "LineString", "coordinates": [[-54.99236737156539, -10.248936332676202], [-54.994482385739936, -10.251478032701902]]}}, {"type": "Feature", "properties": {"layer": "0 - MEIO FIO 2", "dxf_type": "LINE"}, "geometry": {"type": "LineString", "coordinates": [[-54.992505073722555, -10.248942647514728], [-54.99453849039094, -10.251361874401702]]}}, {"type": "Feature", "properties": {"layer": "0 - MEIO FIO 2", "dxf_type": "LINE"}, "geometry": {"type": "LineString", "coordinates": [[-54.99260669272851, -10.248935763639658], [-54.994599238195526, -10.251316689005131]]}}, {"type": "Feature", "properties": {"layer": "0 - MEIO FIO 2", "dxf_type": "LINE"}, "geometry": {"type": "LineString", "coordinates": [[-54.99535728662946, -10.251043843022703], [-54.995600008364484, -10.250770140520537]]}}, {"type": "Feature", "properties": {"layer": "0 - MEIO FIO 2", "dxf_type": "LINE"}, "geometry": {"type": "LineString", "coordinates": [[-54.995600008364484, -10.250770140520537], [-54.99586796292958, -10.25046798335079]]}}, {"type": "Feature", "properties": {"layer": "0 - MEIO FIO 2", "dxf_type": "LINE"}, "geometry": {"type": "LineString", "coordinates": [[-54.99586796292958, -10.25046798335079], [-54.9961203292288, -10.250736097370737]]}}, {"type": "Feature", "properties": {"layer": "0 - MEIO FIO 2", "dxf_type": "LINE"}, "geometry": {"type": "LineString", "coordinates": [[-54.9961203292288, -10.250736097370737], [-54.99635451763421, -10.251012431529753]]}}, {"type": "Feature", "properties": {"layer": "0 - MEIO FIO 2", "dxf_type": "LINE"}, "geometry": {"type": "LineString", "coordinates": [[-54.99635451763421, -10.251012431529753], [-54.995851450962526, -10.251430159782258]]}}, {"type": "Feature", "properties": {"layer": "0 - MEIO FIO 2", "dxf_type": "LINE"}, "geometry": {"type": "LineString", "coordinates": [[-54.995851450962526, -10.251430159782258], [-54.99575120719594, -10.251513398266592]]}}, {"type": "Feature", "properties": {"layer": "0 - MEIO FIO 2", "dxf_type": "LINE"}, "geometry": {"type": "LineString", "coordinates": [[-54.99575120719594, -10.251513398266592], [-54.99556345682638, -10.251308403868977]]}}, {"type": "Feature", "properties": {"layer": "0 - MEIO FIO 2", "dxf_type": "LINE"}, "geometry": {"type": "LineString", "coordinates": [[-54.99556345682638, -10.251308403868977], [-54.99535728662946, -10.251043843022703]]}}, {"type": "Feature", "properties": {"layer": "0 - MEIO FIO 2", "dxf_type": "LINE"}, "geometry": {"type": "LineString", "coordinates": [[-54.99484581359787, -10.251358999350536], [-54.9945246125809, -10.250960428715727]]}}, {"type": "Feature", "properties": {"layer": "0 - MEIO FIO 2", "dxf_type": "LINE"}, "geometry": {"type": "LineString", "coordinates": [[-54.9945246125809, -10.250960428715727], [-54.99568486445259, -10.24951256824947]]}}, {"type": "Feature", "properties": {"layer": "0 - MEIO FIO 2", "dxf_type": "LINE"}, "geometry": {"type": "LineString", "coordinates": [[-54.99568486445259, -10.24951256824947], [-54.996231619763705, -10.248813117868144]]}}, {"type": "Feature", "properties": {"layer": "0 - MEIO FIO 2", "dxf_type": "LINE"}, "geometry": {"type": "LineString", "coordinates": [[-54.996231619763705, -10.248813117868144], [-54.99672373005206, -10.249405950262267]]}}, {"type": "Feature", "properties": {"layer": "0 - MEIO FIO 2", "dxf_type": "LINE"}, "geometry": {"type": "LineString", "coordinates": [[-54.99672373005206, -10.249405950262267], [-54.996078044211416, -10.249948549350458]]}}, {"type": "Feature", "properties": {"layer": "0 - MEIO FIO 2", "dxf_type": "LINE"}, "geometry": {"type": "LineString", "coordinates": [[-54.996078044211416, -10.249948549350458], [-54.99484581359787, -10.251358999350536]]}}, {"type": "Feature", "properties": {"layer": "0 - MEIO FIO 2", "dxf_type": "LINE"}, "geometry": {"type": "LineString", "coordinates": [[-54.99721877217299, -10.251029438503858], [-54.996935340227964, -10.250685998679256]]}}, {"type": "Feature", "properties": {"layer": "0 - MEIO FIO 2", "dxf_type": "LINE"}, "geometry": {"type": "LineString", "coordinates": [[-54.996935340227964, -10.250685998679256], [-54.99650741960929, -10.251025053043001]]}}, {"type": "Feature", "properties": {"layer": "0 - MEIO FIO 2", "dxf_type": "LINE"}, "geometry": {"type": "LineString", "coordinates": [[-54.99650741960929, -10.251025053043001], [-54.99691201594034, -10.251505403477983]]}}, {"type": "Feature", "properties": {"layer": "0 - MEIO FIO 2", "dxf_type": "LINE"}, "geometry": {"type": "LineString", "coordinates": [[-54.99557443997722, -10.251488268904215], [-54.99527634064125, -10.251145478620687]]}}, {"type": "Feature", "properties": {"layer": "0 - MEIO FIO 2", "dxf_type": "LINE"}, "geometry": {"type": "LineString", "coordinates": [[-54.99527634064125, -10.251145478620687], [-54.995010096901275, -10.251476668752261]]}}, {"type": "Feature", "properties": {"layer": "0 - MEIO FIO 2", "dxf_type": "LINE"}, "geometry": {"type": "LineString", "coordinates": [[-54.99433024885776, -10.251486253930198], [-54.99489758394156, -10.252157095495486]]}}, {"type": "Feature", "properties": {"layer": "0 - MEIO FIO 2", "dxf_type": "LINE"}, "geometry": {"type": "LineString", "coordinates": [[-54.99489758394156, -10.252157095495486], [-54.99653210127376, -10.254111311492379]]}}, {"type": "Feature", "properties": {"layer": "0 - MEIO FIO 2", "dxf_type": "LINE"}, "geometry": {"type": "LineString", "coordinates": [[-54.994482385739936, -10.251478032701902], [-54.99668472291586, -10.25412332312527]]}}, {"type": "Feature", "properties": {"layer": "0 - MEIO FIO 2", "dxf_type": "LINE"}, "geometry": {"type": "LineString", "coordinates": [[-54.99453849039094, -10.251361874401702], [-54.996850870351174, -10.254128437107154]]}}, {"type": "Feature", "properties": {"layer": "0 - MEIO FIO 2", "dxf_type": "LINE"}, "geometry": {"type": "LineString", "coordinates": [[-54.994599238195526, -10.251316689005131], [-54.996926260856824, -10.254087030522795]]}}, {"type": "Feature", "properties": {"layer": "0 - MEIO FIO 2", "dxf_type": "LINE"}, "geometry": {"type": "LineString", "coordinates": [[-54.99557443997722, -10.251488268904215], [-54.99564808601632, -10.251572955189346]]}}, {"type": "Feature", "properties": {"layer": "0 - MEIO FIO 2", "dxf_type": "LINE"}, "geometry": {"type": "LineString", "coordinates": [[-54.99564808601632, -10.251572955189346], [-54.995292260738125, -10.251870672064877]]}}, {"type": "Feature", "properties": {"layer": "0 - MEIO FIO 2", "dxf_type": "LINE"}, "geometry": {"type": "LineString", "coordinates": [[-54.995292260738125, -10.251870672064877], [-54.994990734976156, -10.251503585562704]]}}, {"type": "Feature", "properties": {"layer": "0 - MEIO FIO 2", "dxf_type": "LINE"}, "geometry": {"type": "LineString", "coordinates": [[-54.994990734976156, -10.251503585562704], [-54.995010096901275, -10.251476668752261]]}}, {"type": "Feature", "properties": {"layer": "0 - MEIO FIO 2", "dxf_type": "LINE"}, "geometry": {"type": "LineString", "coordinates": [[-54.99571981617367, -10.251616037488683], [-54.995388952400226, -10.25189153278201]]}}, {"type": "Feature", "properties": {"layer": "0 - MEIO FIO 2", "dxf_type": "LINE"}, "geometry": {"type": "LineString", "coordinates": [[-54.99640758256674, -10.252458559752554], [-54.99571981617367, -10.251616037488683]]}}, {"type": "Feature", "properties": {"layer": "0 - MEIO FIO 2", "dxf_type": "LINE"}, "geometry": {"type": "LineString", "coordinates": [[-54.9972590877706, -10.253517285728018], [-54.99691074144961, -10.253800576731383]]}}, {"type": "Feature", "properties": {"layer": "0 - MEIO FIO 2", "dxf_type": "LINE"}, "geometry": {"type": "LineString", "coordinates": [[-54.99691074144961, -10.253800576731383], [-54.997172273923944, -10.254122536769923]]}}, {"type": "Feature", "properties": {"layer": "0 - MEIO FIO 2", "dxf_type": "LINE"}, "geometry": {"type": "LineString", "coordinates": [[-54.9972590877706, -10.253517285728018], [-54.997772048325956, -10.254118020352136]]}}, {"type": "Feature", "properties": {"layer": "0 - MEIO FIO 2", "dxf_type": "LINE"}, "geometry": {"type": "LineString", "coordinates": [[-54.997369494621395, -10.253646585538476], [-54.99701858838485, -10.253933341871072]]}}, {"type": "Feature", "properties": {"layer": "0 - MEIO FIO 2", "dxf_type": "LINE"}, "geometry": {"type": "LineString", "coordinates": [[-54.99749515720061, -10.25379375049273], [-54.99713632489692, -10.254078281433676]]}}, {"type": "Feature", "properties": {"layer": "0 - MEIO FIO 2", "dxf_type": "LINE"}, "geometry": {"type": "LineString", "coordinates": [[-54.99653210127376, -10.254111311492379], [-54.997283029798204, -10.25502442138403]]}}, {"type": "Feature", "properties": {"layer": "0 - MEIO FIO 2", "dxf_type": "LINE"}, "geometry": {"type": "LineString", "coordinates": [[-54.997283029798204, -10.25502442138403], [-54.99885517362792, -10.256903002602105]]}}, {"type": "Feature", "properties": {"layer": "0 - MEIO FIO 2", "dxf_type": "LINE"}, "geometry": {"type": "LineString", "coordinates": [[-54.99668472291586, -10.25412332312527], [-54.99897236053388, -10.25683148044768]]}}, {"type": "Feature", "properties": {"layer": "0 - MEIO FIO 2", "dxf_type": "LINE"}, "geometry": {"type": "LineString", "coordinates": [[-54.996850870351174, -10.254128437107154], [-54.99918879604695, -10.25692152866803]]}}, {"type": "Feature", "properties": {"layer": "0 - MEIO FIO 2", "dxf_type": "LINE"}, "geometry": {"type": "LineString", "coordinates": [[-54.996926260856824, -10.254087030522795], [-54.99927278429774, -10.256899437190585]]}}, {"type": "Feature", "properties": {"layer": "0 - MEIO FIO 2", "dxf_type": "LINE"}, "geometry": {"type": "LineString", "coordinates": [[-54.99897236053388, -10.25683148044768], [-54.9990478555551, -10.256923032171994]]}}, {"type": "Feature", "properties": {"layer": "0 - MEIO FIO 2", "dxf_type": "LINE"}, "geometry": {"type": "LineString", "coordinates": [[-54.99885517362792, -10.256903002602105], [-54.99960525959237, -10.257805669315895]]}}, {"type": "Feature", "properties": {"layer": "0 - MEIO FIO 2", "dxf_type": "LINE"}, "geometry": {"type": "LineString", "coordinates": [[-54.9990478555551, -10.256923032171994], [-54.999979318216376, -10.258031309518676]]}}, {"type": "Feature", "properties": {"layer": "0 - MEIO FIO 2", "dxf_type": "LINE"}, "geometry": {"type": "LineString", "coordinates": [[-54.99918879604695, -10.25692152866803], [-55.000050900699215, -10.257954480295432]]}}, {"type": "Feature", "properties": {"layer": "0 - MEIO FIO 2", "dxf_type": "LINE"}, "geometry": {"type": "LineString", "coordinates": [[-54.99927278429774, -10.256899437190585], [-54.99990832566691, -10.257659528613898]]}}, {"type": "Feature", "properties": {"layer": "0 - MEIO FIO 2", "dxf_type": "LINE"}, "geometry": {"type": "LineString", "coordinates": [[-54.9869644030688, -10.241656665681894], [-54.98721595202198, -10.24196208643869]]}}, {"type": "Feature", "properties": {"layer": "0 - MEIO FIO 2", "dxf_type": "CIRCLE", "radius_m": 9.53}, "geometry": {"type": "Polygon", "coordinates": [[[-54.98668943591212, -10.241529069475249], [-54.98669121189734, -10.24151228206436], [-54.986696260811335, -10.241496161216498], [-54.98670438710313, -10.241481325808317], [-54.98671528054724, -10.241468345194992], [-54.98672852001944, -10.241457719347434], [-54.98674359919675, -10.241449855509542], [-54.986759936664036, -10.241445057413864], [-54.98677690522995, -10.24144350738471], [-54.98679385382261, -10.241445267377651], [-54.98681012946511, -10.241450267364604], [-54.98682510822834, -10.241458317276381], [-54.98683821257529, -10.24146910620604], [-54.986848941361494, -10.24148222067297], [-54.986856879804705, -10.241497155531487], [-54.98686172488842, -10.241513337629979], [-54.986863288886695, -10.24153014571888], [-54.98686151291577, -10.241546932228523], [-54.98685646400262, -10.24156305398424], [-54.98684833771434, -10.241577889397107], [-54.98683744427017, -10.241590870015113], [-54.98682420479435, -10.241601495866682], [-54.9868091256104, -10.24160935970724], [-54.98679278813448, -10.241614157803898], [-54.98677581864667, -10.241615707826499], [-54.98675887095797, -10.24161394783658], [-54.98674259530892, -10.241608947845648], [-54.986727616542176, -10.241600897929201], [-54.986714512195284, -10.24159010899483], [-54.98670378341271, -10.241576994523923], [-54.98669584497613, -10.24156205966272], [-54.98669099990676, -10.241545876659368], [-54.98668943591212, -10.241529069475249]]]}}, {"type": "Feature", "properties": {"layer": "0 - MEIO FIO 2", "dxf_type": "LINE"}, "geometry": {"type": "LineString", "coordinates": [[-54.98640068128383, -10.241625204913577], [-54.986616269725076, -10.241888087366316]]}}, {"type": "Feature", "properties": {"layer": "0 - MEIO FIO 2", "dxf_type": "LINE"}, "geometry": {"type": "LineString", "coordinates": [[-54.986639212112266, -10.241760879166835], [-54.98652938931839, -10.241621894414752]]}}, {"type": "Feature", "properties": {"layer": "0 - MEIO FIO 2", "dxf_type": "LINE"}, "geometry": {"type": "LineString", "coordinates": [[-54.98630890048331, -10.24169721214858], [-54.98652532278248, -10.241951595762895]]}}, {"type": "Feature", "properties": {"layer": "0 - MEIO FIO 2", "dxf_type": "LINE"}, "geometry": {"type": "LineString", "coordinates": [[-54.975259638149794, -10.23704887171208], [-54.9756828474711, -10.236704767256038]]}}, {"type": "Feature", "properties": {"layer": "0 - MEIO FIO 2", "dxf_type": "LINE"}, "geometry": {"type": "LineString", "coordinates": [[-54.975240326573996, -10.237046938281104], [-54.9750677685141, -10.236836418029398]]}}, {"type": "Feature", "properties": {"layer": "0 - MEIO FIO 2", "dxf_type": "LINE"}, "geometry": {"type": "LineString", "coordinates": [[-54.975240326573996, -10.237046938281104], [-54.97455009380906, -10.236204858768055]]}}, {"type": "Feature", "properties": {"layer": "0 - MEIO FIO 2", "dxf_type": "LINE"}, "geometry": {"type": "LineString", "coordinates": [[-54.97497524644301, -10.235841727251989], [-54.97455203602907, -10.236185832673572]]}}, {"type": "Feature", "properties": {"layer": "0 - MEIO FIO 2", "dxf_type": "LINE"}, "geometry": {"type": "LineString", "coordinates": [[-54.9749948024416, -10.23584395959316], [-54.97516736003692, -10.236054479783352]]}}, {"type": "Feature", "properties": {"layer": "0 - MEIO FIO 2", "dxf_type": "LINE"}, "geometry": {"type": "LineString", "coordinates": [[-54.97568478963374, -10.236685741142953], [-54.974994557936846, -10.235843661588415]]}}]}