{"type": "FeatureCollection", "name": "divisorias", "crs": {"type": "name", "properties": {"name": "urn:ogc:def:crs:OGC:1.3:CRS84"}}, "properties": {"source": "8be78050_MAPA TRIBUTAÇÃO 2021 (1).dxf", "assumed_crs": "EPSG:4326", "local_crs": false, "note": "Coordenadas locais do desenho (sem CRS). Use base 'Só CAD' no mapa.", "extent": [4300.4554, 2373.7696, 8215.3349, 6186.7838], "georef": true, "transform": {"scale": 1, "rotation_deg": 0, "tx": 713717.6034368816, "ty": 8862616.121289995, "rmse_m": 0, "epsg": 31981}, "layer": "divisórias", "source_file": "8be78050_MAPA TRIBUTAÇÃO 2021 (1)_georef.geojson", "n_features": 541}, "features": [{"type": "Feature", "properties": {"layer": "divisórias", "dxf_type": "LINE"}, "geometry": {"type": "LineString", "coordinates": [[-54.9947720225195, -10.230609174995076], [-54.99467870253374, -10.230683979152705]]}}, {"type": "Feature", "properties": {"layer": "divisórias", "dxf_type": "LINE"}, "geometry": {"type": "LineString", "coordinates": [[-54.99467870253374, -10.230683979152705], [-54.99459163810558, -10.230759230384137]]}}, {"type": "Feature", "properties": {"layer": "divisórias", "dxf_type": "LINE"}, "geometry": {"type": "LineString", "coordinates": [[-54.99459163810558, -10.230759230384137], [-54.99450909662356, -10.230823390300731]]}}, {"type": "Feature", "properties": {"layer": "divisórias", "dxf_type": "LINE"}, "geometry": {"type": "LineString", "coordinates": [[-54.9947720225195, -10.230609174995076], [-54.99492038769762, -10.23078514156018]]}}, {"type": "Feature", "properties": {"layer": "divisórias", "dxf_type": "LINE"}, "geometry": {"type": "LineString", "coordinates": [[-54.99492038769762, -10.23078514156018], [-54.994910460789875, -10.230793567345364]]}}, {"type": "Feature", "properties": {"layer": "divisórias", "dxf_type": "LINE"}, "geometry": {"type": "LineString", "coordinates": [[-54.994910460789875, -10.230793567345364], [-54.994976899466806, -10.230872230030352]]}}, {"type": "Feature", "properties": {"layer": "divisórias", "dxf_type": "LINE"}, "geometry": {"type": "LineString", "coordinates": [[-54.994976899466806, -10.230872230030352], [-54.99504727919848, -10.230952260209287]]}}, {"type": "Feature", "properties": {"layer": "divisórias", "dxf_type": "LINE"}, "geometry": {"type": "LineString", "coordinates": [[-54.99504727919848, -10.230952260209287], [-54.99511694949291, -10.231031482422667]]}}, {"type": "Feature", "properties": {"layer": "divisórias", "dxf_type": "LINE"}, "geometry": {"type": "LineString", "coordinates": [[-54.99511694949291, -10.231031482422667], [-54.995191419599436, -10.231113086194076]]}}, {"type": "Feature", "properties": {"layer": "divisórias", "dxf_type": "LINE"}, "geometry": {"type": "LineString", "coordinates": [[-54.995191419599436, -10.231113086194076], [-54.995201143866595, -10.231104814627612]]}}, {"type": "Feature", "properties": {"layer": "divisórias", "dxf_type": "LINE"}, "geometry": {"type": "LineString", "coordinates": [[-54.995201143866595, -10.231104814627612], [-54.99533007310443, -10.231270963199691]]}}, {"type": "Feature", "properties": {"layer": "divisórias", "dxf_type": "LINE"}, "geometry": {"type": "LineString", "coordinates": [[-54.99533007310443, -10.231270963199691], [-54.99539720904571, -10.231354881918861]]}}, {"type": "Feature", "properties": {"layer": "divisórias", "dxf_type": "LINE"}, "geometry": {"type": "LineString", "coordinates": [[-54.99539720904571, -10.231354881918861], [-54.99553549578114, -10.231521792225994]]}}, {"type": "Feature", "properties": {"layer": "divisórias", "dxf_type": "LINE"}, "geometry": {"type": "LineString", "coordinates": [[-54.99553549578114, -10.231521792225994], [-54.99560778977889, -10.231616020284829]]}}, {"type": "Feature", "properties": {"layer": "divisórias", "dxf_type": "LINE"}, "geometry": {"type": "LineString", "coordinates": [[-54.99560778977889, -10.231616020284829], [-54.99568036146263, -10.231698143806453]]}}, {"type": "Feature", "properties": {"layer": "divisórias", "dxf_type": "LINE"}, "geometry": {"type": "LineString", "coordinates": [[-54.99568036146263, -10.231698143806453], [-54.99575248645522, -10.231779761986848]]}}, {"type": "Feature", "properties": {"layer": "divisórias", "dxf_type": "LINE"}, "geometry": {"type": "LineString", "coordinates": [[-54.99560778977889, -10.231616020284829], [-54.995428873154005, -10.231766541617452]]}}, {"type": "Feature", "properties": {"layer": "divisórias", "dxf_type": "LINE"}, "geometry": {"type": "LineString", "coordinates": [[-54.995428873154005, -10.231766541617452], [-54.99535130104348, -10.231678537066601]]}}, {"type": "Feature", "properties": {"layer": "divisórias", "dxf_type": "LINE"}, "geometry": {"type": "LineString", "coordinates": [[-54.99535130104348, -10.231678537066601], [-54.99553549578114, -10.231521792225994]]}}, {"type": "Feature", "properties": {"layer": "divisórias", "dxf_type": "LINE"}, "geometry": {"type": "LineString", "coordinates": [[-54.99560778977889, -10.231616020284829], [-54.99543390610649, -10.231762307904528]]}}, {"type": "Feature", "properties": {"layer": "divisórias", "dxf_type": "LINE"}, "geometry": {"type": "LineString", "coordinates": [[-54.99543390610649, -10.231762307904528], [-54.99550667318802, -10.231842665496602]]}}, {"type": "Feature", "properties": {"layer": "divisórias", "dxf_type": "LINE"}, "geometry": {"type": "LineString", "coordinates": [[-54.99550667318802, -10.231842665496602], [-54.99568036146263, -10.231698143806453]]}}, {"type": "Feature", "properties": {"layer": "divisórias", "dxf_type": "LINE"}, "geometry": {"type": "LineString", "coordinates": [[-54.99550667318802, -10.231842665496602], [-54.99557984813403, -10.231923473936025]]}}, {"type": "Feature", "properties": {"layer": "divisórias", "dxf_type": "LINE"}, "geometry": {"type": "LineString", "coordinates": [[-54.99557984813403, -10.231923473936025], [-54.99575248645522, -10.231779761986848]]}}, {"type": "Feature", "properties": {"layer": "divisórias", "dxf_type": "LINE"}, "geometry": {"type": "LineString", "coordinates": [[-54.99535130104348, -10.231678537066601], [-54.99517887732713, -10.231825265587636]]}}, {"type": "Feature", "properties": {"layer": "divisórias", "dxf_type": "LINE"}, "geometry": {"type": "LineString", "coordinates": [[-54.99517887732713, -10.231825265587636], [-54.99504488367773, -10.231651050773015]]}}, {"type": "Feature", "properties": {"layer": "divisórias", "dxf_type": "LINE"}, "geometry": {"type": "LineString", "coordinates": [[-54.99504488367773, -10.231651050773015], [-54.99497347764427, -10.231571383047118]]}}, {"type": "Feature", "properties": {"layer": "divisórias", "dxf_type": "LINE"}, "geometry": {"type": "LineString", "coordinates": [[-54.99497347764427, -10.231571383047118], [-54.99496738446871, -10.231576459005009]]}}, {"type": "Feature", "properties": {"layer": "divisórias", "dxf_type": "LINE"}, "geometry": {"type": "LineString", "coordinates": [[-54.99496738446871, -10.231576459005009], [-54.994891908047734, -10.231485218586789]]}}, {"type": "Feature", "properties": {"layer": "divisórias", "dxf_type": "LINE"}, "geometry": {"type": "LineString", "coordinates": [[-54.994891908047734, -10.231485218586789], [-54.99469269047837, -10.231239342101155]]}}, {"type": "Feature", "properties": {"layer": "divisórias", "dxf_type": "LINE"}, "geometry": {"type": "LineString", "coordinates": [[-54.99469269047837, -10.231239342101155], [-54.99458185282471, -10.231105833339953]]}}, {"type": "Feature", "properties": {"layer": "divisórias", "dxf_type": "LINE"}, "geometry": {"type": "LineString", "coordinates": [[-54.99458185282471, -10.231105833339953], [-54.994554457901415, -10.231074657326566]]}}, {"type": "Feature", "properties": {"layer": "divisórias", "dxf_type": "LINE"}, "geometry": {"type": "LineString", "coordinates": [[-54.99450909662356, -10.230823390300731], [-54.994422949278785, -10.230890353635603]]}}, {"type": "Feature", "properties": {"layer": "divisórias", "dxf_type": "LINE"}, "geometry": {"type": "LineString", "coordinates": [[-54.994422949278785, -10.230890353635603], [-54.994554457901415, -10.231074657326566]]}}, {"type": "Feature", "properties": {"layer": "divisórias", "dxf_type": "LINE"}, "geometry": {"type": "LineString", "coordinates": [[-54.99450909662356, -10.230823390300731], [-54.9946445583149, -10.230999154553533]]}}, {"type": "Feature", "properties": {"layer": "divisórias", "dxf_type": "LINE"}, "geometry": {"type": "LineString", "coordinates": [[-54.9946445583149, -10.230999154553533], [-54.994554457901415, -10.231074657326566]]}}, {"type": "Feature", "properties": {"layer": "divisórias", "dxf_type": "LINE"}, "geometry": {"type": "LineString", "coordinates": [[-54.994910460789875, -10.230793567345364], [-54.99482920785278, -10.230851483762493]]}}, {"type": "Feature", "properties": {"layer": "divisórias", "dxf_type": "LINE"}, "geometry": {"type": "LineString", "coordinates": [[-54.99482920785278, -10.230851483762493], [-54.9947300211148, -10.230930029277687]]}}, {"type": "Feature", "properties": {"layer": "divisórias", "dxf_type": "LINE"}, "geometry": {"type": "LineString", "coordinates": [[-54.9947300211148, -10.230930029277687], [-54.99464386584928, -10.230998254500738]]}}, {"type": "Feature", "properties": {"layer": "divisórias", "dxf_type": "LINE"}, "geometry": {"type": "LineString", "coordinates": [[-54.99459163810558, -10.230759230384137], [-54.9947300211148, -10.230930029277687]]}}, {"type": "Feature", "properties": {"layer": "divisórias", "dxf_type": "LINE"}, "geometry": {"type": "LineString", "coordinates": [[-54.99467870253374, -10.230683979152705], [-54.994774385788105, -10.230793824740976]]}}, {"type": "Feature", "properties": {"layer": "divisórias", "dxf_type": "LINE"}, "geometry": {"type": "LineString", "coordinates": [[-54.994774385788105, -10.230793824740976], [-54.99482637166638, -10.230853505541665]]}}, {"type": "Feature", "properties": {"layer": "divisórias", "dxf_type": "LINE"}, "geometry": {"type": "LineString", "coordinates": [[-54.99535130104348, -10.231678537066601], [-54.99514059196082, -10.231430755039325]]}}, {"type": "Feature", "properties": {"layer": "divisórias", "dxf_type": "LINE"}, "geometry": {"type": "LineString", "coordinates": [[-54.99514059196082, -10.231430755039325], [-54.99514769537654, -10.23142334865934]]}}, {"type": "Feature", "properties": {"layer": "divisórias", "dxf_type": "LINE"}, "geometry": {"type": "LineString", "coordinates": [[-54.99514769537654, -10.23142334865934], [-54.99507411866539, -10.231342902871782]]}}, {"type": "Feature", "properties": {"layer": "divisórias", "dxf_type": "LINE"}, "geometry": {"type": "LineString", "coordinates": [[-54.99507411866539, -10.231342902871782], [-54.995070078396985, -10.23134571449606]]}}, {"type": "Feature", "properties": {"layer": "divisórias", "dxf_type": "LINE"}, "geometry": {"type": "LineString", "coordinates": [[-54.995070078396985, -10.23134571449606], [-54.99500690229338, -10.231268613996715]]}}, {"type": "Feature", "properties": {"layer": "divisórias", "dxf_type": "LINE"}, "geometry": {"type": "LineString", "coordinates": [[-54.99500690229338, -10.231268613996715], [-54.994868094581875, -10.231099280523965]]}}, {"type": "Feature", "properties": {"layer": "divisórias", "dxf_type": "LINE"}, "geometry": {"type": "LineString", "coordinates": [[-54.994868094581875, -10.231099280523965], [-54.99472961666066, -10.230930349486561]]}}, {"type": "Feature", "properties": {"layer": "divisórias", "dxf_type": "LINE"}, "geometry": {"type": "LineString", "coordinates": [[-54.99517887732713, -10.231825265587636], [-54.995245239212835, -10.23191154785948]]}}, {"type": "Feature", "properties": {"layer": "divisórias", "dxf_type": "LINE"}, "geometry": {"type": "LineString", "coordinates": [[-54.995245239212835, -10.23191154785948], [-54.995428873154005, -10.231766541617452]]}}, {"type": "Feature", "properties": {"layer": "divisórias", "dxf_type": "LINE"}, "geometry": {"type": "LineString", "coordinates": [[-54.995245239212835, -10.23191154785948], [-54.99531791871363, -10.231992623569775]]}}, {"type": "Feature", "properties": {"layer": "divisórias", "dxf_type": "LINE"}, "geometry": {"type": "LineString", "coordinates": [[-54.99531791871363, -10.231992623569775], [-54.99550667318802, -10.231842665496602]]}}, {"type": "Feature", "properties": {"layer": "divisórias", "dxf_type": "LINE"}, "geometry": {"type": "LineString", "coordinates": [[-54.994976899466806, -10.230872230030352], [-54.994798856057116, -10.231014815464105]]}}, {"type": "Feature", "properties": {"layer": "divisórias", "dxf_type": "LINE"}, "geometry": {"type": "LineString", "coordinates": [[-54.994798856057116, -10.231014815464105], [-54.994623125636316, -10.231155547515439]]}}, {"type": "Feature", "properties": {"layer": "divisórias", "dxf_type": "LINE"}, "geometry": {"type": "LineString", "coordinates": [[-54.994868094581875, -10.231099280523965], [-54.99469269047837, -10.231239342101155]]}}, {"type": "Feature", "properties": {"layer": "divisórias", "dxf_type": "LINE"}, "geometry": {"type": "LineString", "coordinates": [[-54.994868094581875, -10.231099280523965], [-54.99504727919848, -10.230952260209287]]}}, {"type": "Feature", "properties": {"layer": "divisórias", "dxf_type": "LINE"}, "geometry": {"type": "LineString", "coordinates": [[-54.99511694949291, -10.231031482422667], [-54.99493749887623, -10.231183947267263]]}}, {"type": "Feature", "properties": {"layer": "divisórias", "dxf_type": "LINE"}, "geometry": {"type": "LineString", "coordinates": [[-54.99469269047837, -10.231239342101155], [-54.994761230989916, -10.231323936667108]]}}, {"type": "Feature", "properties": {"layer": "divisórias", "dxf_type": "LINE"}, "geometry": {"type": "LineString", "coordinates": [[-54.994761230989916, -10.231323936667108], [-54.99493749887623, -10.231183947267263]]}}, {"type": "Feature", "properties": {"layer": "divisórias", "dxf_type": "LINE"}, "geometry": {"type": "LineString", "coordinates": [[-54.995191419599436, -10.231113086194076], [-54.99500690229338, -10.231268613996715]]}}, {"type": "Feature", "properties": {"layer": "divisórias", "dxf_type": "LINE"}, "geometry": {"type": "LineString", "coordinates": [[-54.99500690229338, -10.231268613996715], [-54.994829525232994, -10.23140822598996]]}}, {"type": "Feature", "properties": {"layer": "divisórias", "dxf_type": "LINE"}, "geometry": {"type": "LineString", "coordinates": [[-54.995070078396985, -10.23134571449606], [-54.99489873068036, -10.231493465516472]]}}, {"type": "Feature", "properties": {"layer": "divisórias", "dxf_type": "LINE"}, "geometry": {"type": "LineString", "coordinates": [[-54.99514059196082, -10.231430755039325], [-54.99497347764427, -10.231571383047118]]}}, {"type": "Feature", "properties": {"layer": "divisórias", "dxf_type": "LINE"}, "geometry": {"type": "LineString", "coordinates": [[-54.99533007310443, -10.231270963199691], [-54.99514769537654, -10.23142334865934]]}}, {"type": "Feature", "properties": {"layer": "divisórias", "dxf_type": "LINE"}, "geometry": {"type": "LineString", "coordinates": [[-54.995201143866595, -10.231104814627612], [-54.995267878842355, -10.231190813529908]]}}, {"type": "Feature", "properties": {"layer": "divisórias", "dxf_type": "LINE"}, "geometry": {"type": "LineString", "coordinates": [[-54.995267878842355, -10.231190813529908], [-54.99507411866539, -10.231342902871782]]}}, {"type": "Feature", "properties": {"layer": "divisórias", "dxf_type": "LINE"}, "geometry": {"type": "LineString", "coordinates": [[-54.99539720904571, -10.231354881918861], [-54.99521165324614, -10.23151431922585]]}}, {"type": "Feature", "properties": {"layer": "divisórias", "dxf_type": "LINE"}, "geometry": {"type": "LineString", "coordinates": [[-54.99521165324614, -10.23151431922585], [-54.99504488367773, -10.231651050773015]]}}, {"type": "Feature", "properties": {"layer": "divisórias", "dxf_type": "LINE"}, "geometry": {"type": "LineString", "coordinates": [[-54.99511464446956, -10.231741751577497], [-54.99528348185286, -10.23159878572413]]}}, {"type": "Feature", "properties": {"layer": "divisórias", "dxf_type": "LINE"}, "geometry": {"type": "LineString", "coordinates": [[-54.99528348185286, -10.23159878572413], [-54.99546635193693, -10.231438337525674]]}}, {"type": "Feature", "properties": {"layer": "divisórias", "dxf_type": "LINE"}, "geometry": {"type": "LineString", "coordinates": [[-54.99575248645522, -10.231779761986848], [-54.99588242871079, -10.231937260708309]]}}, {"type": "Feature", "properties": {"layer": "divisórias", "dxf_type": "LINE"}, "geometry": {"type": "LineString", "coordinates": [[-54.99588242871079, -10.231937260708309], [-54.99569756921405, -10.23209608246632]]}}, {"type": "Feature", "properties": {"layer": "divisórias", "dxf_type": "LINE"}, "geometry": {"type": "LineString", "coordinates": [[-54.9955185000336, -10.232238296717544], [-54.99531791871363, -10.231992623569775]]}}, {"type": "Feature", "properties": {"layer": "divisórias", "dxf_type": "LINE"}, "geometry": {"type": "LineString", "coordinates": [[-54.99614099607786, -10.23296933389037], [-54.99601683438846, -10.232816656139901]]}}, {"type": "Feature", "properties": {"layer": "divisórias", "dxf_type": "LINE"}, "geometry": {"type": "LineString", "coordinates": [[-54.99601683438846, -10.232816656139901], [-54.99594328584656, -10.232731785926685]]}}, {"type": "Feature", "properties": {"layer": "divisórias", "dxf_type": "LINE"}, "geometry": {"type": "LineString", "coordinates": [[-54.99594328584656, -10.232731785926685], [-54.99587424941753, -10.232649921912524]]}}, {"type": "Feature", "properties": {"layer": "divisórias", "dxf_type": "LINE"}, "geometry": {"type": "LineString", "coordinates": [[-54.99587424941753, -10.232649921912524], [-54.99580614663452, -10.23256746885764]]}}, {"type": "Feature", "properties": {"layer": "divisórias", "dxf_type": "LINE"}, "geometry": {"type": "LineString", "coordinates": [[-54.99580614663452, -10.23256746885764], [-54.995738652565265, -10.23248123662589]]}}, {"type": "Feature", "properties": {"layer": "divisórias", "dxf_type": "LINE"}, "geometry": {"type": "LineString", "coordinates": [[-54.995738652565265, -10.23248123662589], [-54.99559331981272, -10.232317458408497]]}}, {"type": "Feature", "properties": {"layer": "divisórias", "dxf_type": "LINE"}, "geometry": {"type": "LineString", "coordinates": [[-54.99559331981272, -10.232317458408497], [-54.9955185000336, -10.232238296717544]]}}, {"type": "Feature", "properties": {"layer": "divisórias", "dxf_type": "LINE"}, "geometry": {"type": "LineString", "coordinates": [[-54.9955185000336, -10.232238296717544], [-54.99569756921405, -10.23209608246632]]}}, {"type": "Feature", "properties": {"layer": "divisórias", "dxf_type": "LINE"}, "geometry": {"type": "LineString", "coordinates": [[-54.99569756921405, -10.23209608246632], [-54.99576908725824, -10.232177290155938]]}}, {"type": "Feature", "properties": {"layer": "divisórias", "dxf_type": "LINE"}, "geometry": {"type": "LineString", "coordinates": [[-54.99576908725824, -10.232177290155938], [-54.995837510015946, -10.23225804037492]]}}, {"type": "Feature", "properties": {"layer": "divisórias", "dxf_type": "LINE"}, "geometry": {"type": "LineString", "coordinates": [[-54.995837510015946, -10.23225804037492], [-54.99590972438156, -10.232343762908908]]}}, {"type": "Feature", "properties": {"layer": "divisórias", "dxf_type": "LINE"}, "geometry": {"type": "LineString", "coordinates": [[-54.99590972438156, -10.232343762908908], [-54.9959781018918, -10.232425917528289]]}}, {"type": "Feature", "properties": {"layer": "divisórias", "dxf_type": "LINE"}, "geometry": {"type": "LineString", "coordinates": [[-54.9959781018918, -10.232425917528289], [-54.9960487644254, -10.232505906849578]]}}, {"type": "Feature", "properties": {"layer": "divisórias", "dxf_type": "LINE"}, "geometry": {"type": "LineString", "coordinates": [[-54.9960487644254, -10.232505906849578], [-54.99612153297646, -10.232590443205439]]}}, {"type": "Feature", "properties": {"layer": "divisórias", "dxf_type": "LINE"}, "geometry": {"type": "LineString", "coordinates": [[-54.99612153297646, -10.232590443205439], [-54.99619126512342, -10.232676917851567]]}}, {"type": "Feature", "properties": {"layer": "divisórias", "dxf_type": "LINE"}, "geometry": {"type": "LineString", "coordinates": [[-54.99619126512342, -10.232676917851567], [-54.99632795510719, -10.232843206204707]]}}, {"type": "Feature", "properties": {"layer": "divisórias", "dxf_type": "LINE"}, "geometry": {"type": "LineString", "coordinates": [[-54.99632795510719, -10.232843206204707], [-54.996160409744924, -10.232971595713238]]}}, {"type": "Feature", "properties": {"layer": "divisórias", "dxf_type": "LINE"}, "geometry": {"type": "LineString", "coordinates": [[-54.99623876900958, -10.232911549645584], [-54.99610324103711, -10.232747108800151]]}}, {"type": "Feature", "properties": {"layer": "divisórias", "dxf_type": "LINE"}, "geometry": {"type": "LineString", "coordinates": [[-54.99610324103711, -10.232747108800151], [-54.99601683438846, -10.232816656139901]]}}, {"type": "Feature", "properties": {"layer": "divisórias", "dxf_type": "LINE"}, "geometry": {"type": "LineString", "coordinates": [[-54.99610324103711, -10.232747108800151], [-54.99619126512342, -10.232676917851567]]}}, {"type": "Feature", "properties": {"layer": "divisórias", "dxf_type": "LINE"}, "geometry": {"type": "LineString", "coordinates": [[-54.99612153297646, -10.232590443205439], [-54.99594328584656, -10.232731785926685]]}}, {"type": "Feature", "properties": {"layer": "divisórias", "dxf_type": "LINE"}, "geometry": {"type": "LineString", "coordinates": [[-54.99587424941753, -10.232649921912524], [-54.9960487644254, -10.232505906849578]]}}, {"type": "Feature", "properties": {"layer": "divisórias", "dxf_type": "LINE"}, "geometry": {"type": "LineString", "coordinates": [[-54.9959781018918, -10.232425917528289], [-54.99580614663452, -10.23256746885764]]}}, {"type": "Feature", "properties": {"layer": "divisórias", "dxf_type": "LINE"}, "geometry": {"type": "LineString", "coordinates": [[-54.995738652565265, -10.23248123662589], [-54.99590972438156, -10.232343762908908]]}}, {"type": "Feature", "properties": {"layer": "divisórias", "dxf_type": "LINE"}, "geometry": {"type": "LineString", "coordinates": [[-54.99576908725824, -10.232177290155938], [-54.99559331981272, -10.232317458408497]]}}, {"type": "Feature", "properties": {"layer": "divisórias", "dxf_type": "LINE"}, "geometry": {"type": "LineString", "coordinates": [[-54.99559331981272, -10.232317458408497], [-54.99566561463895, -10.232398929429625]]}}, {"type": "Feature", "properties": {"layer": "divisórias", "dxf_type": "LINE"}, "geometry": {"type": "LineString", "coordinates": [[-54.99566561463895, -10.232398929429625], [-54.995837510015946, -10.23225804037492]]}}, {"type": "Feature", "properties": {"layer": "divisórias", "dxf_type": "LINE"}, "geometry": {"type": "LineString", "coordinates": [[-54.99595214098016, -10.232020911392999], [-54.99576908725824, -10.232177290155938]]}}, {"type": "Feature", "properties": {"layer": "divisórias", "dxf_type": "LINE"}, "geometry": {"type": "LineString", "coordinates": [[-54.99595214098016, -10.232020911392999], [-54.99650737860714, -10.232687153720837]]}}, {"type": "Feature", "properties": {"layer": "divisórias", "dxf_type": "LINE"}, "geometry": {"type": "LineString", "coordinates": [[-54.99650546164047, -10.232706151425885], [-54.996422505430814, -10.232772804979039]]}}, {"type": "Feature", "properties": {"layer": "divisórias", "dxf_type": "LINE"}, "geometry": {"type": "LineString", "coordinates": [[-54.996422505430814, -10.232772804979039], [-54.99632795510719, -10.232843206204707]]}}, {"type": "Feature", "properties": {"layer": "divisórias", "dxf_type": "LINE"}, "geometry": {"type": "LineString", "coordinates": [[-54.996371657173775, -10.232524298171768], [-54.99619126512342, -10.232676917851567]]}}, {"type": "Feature", "properties": {"layer": "divisórias", "dxf_type": "LINE"}, "geometry": {"type": "LineString", "coordinates": [[-54.996422505430814, -10.232772804979039], [-54.99627389223275, -10.232607011828001]]}}, {"type": "Feature", "properties": {"layer": "divisórias", "dxf_type": "LINE"}, "geometry": {"type": "LineString", "coordinates": [[-54.9960487644254, -10.232505906849578], [-54.99623411620301, -10.232359260165444]]}}, {"type": "Feature", "properties": {"layer": "divisórias", "dxf_type": "LINE"}, "geometry": {"type": "LineString", "coordinates": [[-54.9959781018918, -10.232425917528289], [-54.996162369454474, -10.23227316995734]]}}, {"type": "Feature", "properties": {"layer": "divisórias", "dxf_type": "LINE"}, "geometry": {"type": "LineString", "coordinates": [[-54.99590972438156, -10.232343762908908], [-54.996096269227856, -10.232193854152827]]}}, {"type": "Feature", "properties": {"layer": "divisórias", "dxf_type": "LINE"}, "geometry": {"type": "LineString", "coordinates": [[-54.995837510015946, -10.23225804037492], [-54.99602303621318, -10.232105979472022]]}}, {"type": "Feature", "properties": {"layer": "divisórias", "dxf_type": "LINE"}, "geometry": {"type": "LineString", "coordinates": [[-54.99623411620301, -10.232359260165444], [-54.99630382956815, -10.232442909909459]]}}, {"type": "Feature", "properties": {"layer": "divisórias", "dxf_type": "LINE"}, "geometry": {"type": "LineString", "coordinates": [[-54.99630382956815, -10.232442909909459], [-54.99612153297646, -10.232590443205439]]}}, {"type": "Feature", "properties": {"layer": "divisórias", "dxf_type": "LINE"}, "geometry": {"type": "LineString", "coordinates": [[-54.99595214098016, -10.232020911392999], [-54.99588242871079, -10.231937260708309]]}}, {"type": "Feature", "properties": {"layer": "divisórias", "dxf_type": "LINE"}, "geometry": {"type": "LineString", "coordinates": [[-54.99588242871079, -10.231937260708309], [-54.99569756921405, -10.23209608246632]]}}, {"type": "Feature", "properties": {"layer": "divisórias", "dxf_type": "LINE"}, "geometry": {"type": "LineString", "coordinates": [[-54.99429550858165, -10.231000105486524], [-54.99420790387458, -10.231068796201685]]}}, {"type": "Feature", "properties": {"layer": "divisórias", "dxf_type": "LINE"}, "geometry": {"type": "LineString", "coordinates": [[-54.99420790387458, -10.231068796201685], [-54.99412728549719, -10.231132009683462]]}}, {"type": "Feature", "properties": {"layer": "divisórias", "dxf_type": "LINE"}, "geometry": {"type": "LineString", "coordinates": [[-54.99412728549719, -10.231132009683462], [-54.994043086844584, -10.231203977255369]]}}, {"type": "Feature", "properties": {"layer": "divisórias", "dxf_type": "LINE"}, "geometry": {"type": "LineString", "coordinates": [[-54.99429550858165, -10.231000105486524], [-54.99444757653385, -10.23116347269365]]}}, {"type": "Feature", "properties": {"layer": "divisórias", "dxf_type": "LINE"}, "geometry": {"type": "LineString", "coordinates": [[-54.99444757653385, -10.23116347269365], [-54.994521555169165, -10.231242949346981]]}}, {"type": "Feature", "properties": {"layer": "divisórias", "dxf_type": "LINE"}, "geometry": {"type": "LineString", "coordinates": [[-54.994521555169165, -10.231242949346981], [-54.9948732202107, -10.231652983558488]]}}, {"type": "Feature", "properties": {"layer": "divisórias", "dxf_type": "LINE"}, "geometry": {"type": "LineString", "coordinates": [[-54.9948732202107, -10.231652983558488], [-54.99501117988382, -10.23182020751372]]}}, {"type": "Feature", "properties": {"layer": "divisórias", "dxf_type": "LINE"}, "geometry": {"type": "LineString", "coordinates": [[-54.99501117988382, -10.23182020751372], [-54.99507929852139, -10.23190211299212]]}}, {"type": "Feature", "properties": {"layer": "divisórias", "dxf_type": "LINE"}, "geometry": {"type": "LineString", "coordinates": [[-54.99507929852139, -10.23190211299212], [-54.99514892615617, -10.231985831986025]]}}, {"type": "Feature", "properties": {"layer": "divisórias", "dxf_type": "LINE"}, "geometry": {"type": "LineString", "coordinates": [[-54.994835694628115, -10.231955687522928], [-54.99489817593897, -10.232044767089375]]}}, {"type": "Feature", "properties": {"layer": "divisórias", "dxf_type": "LINE"}, "geometry": {"type": "LineString", "coordinates": [[-54.99489817593897, -10.232044767089375], [-54.99507929852139, -10.23190211299212]]}}, {"type": "Feature", "properties": {"layer": "divisórias", "dxf_type": "LINE"}, "geometry": {"type": "LineString", "coordinates": [[-54.99489817593897, -10.232044767089375], [-54.99496667354003, -10.232129395734868]]}}, {"type": "Feature", "properties": {"layer": "divisórias", "dxf_type": "LINE"}, "geometry": {"type": "LineString", "coordinates": [[-54.99496667354003, -10.232129395734868], [-54.99514892615617, -10.231985831986025]]}}, {"type": "Feature", "properties": {"layer": "divisórias", "dxf_type": "LINE"}, "geometry": {"type": "LineString", "coordinates": [[-54.994524411785875, -10.23193567960748], [-54.99459987046637, -10.232024943121907]]}}, {"type": "Feature", "properties": {"layer": "divisórias", "dxf_type": "LINE"}, "geometry": {"type": "LineString", "coordinates": [[-54.99459987046637, -10.232024943121907], [-54.99476721295268, -10.231873329613292]]}}, {"type": "Feature", "properties": {"layer": "divisórias", "dxf_type": "LINE"}, "geometry": {"type": "LineString", "coordinates": [[-54.99476721295268, -10.231873329613292], [-54.994835694628115, -10.231955687522928]]}}, {"type": "Feature", "properties": {"layer": "divisórias", "dxf_type": "LINE"}, "geometry": {"type": "LineString", "coordinates": [[-54.99459987046637, -10.232024943121907], [-54.99499100751587, -10.232518470006642]]}}, {"type": "Feature", "properties": {"layer": "divisórias", "dxf_type": "LINE"}, "geometry": {"type": "LineString", "coordinates": [[-54.99459987046637, -10.232024943121907], [-54.9946674893903, -10.232110262421825]]}}, {"type": "Feature", "properties": {"layer": "divisórias", "dxf_type": "LINE"}, "geometry": {"type": "LineString", "coordinates": [[-54.9946674893903, -10.232110262421825], [-54.994735107430486, -10.232195582612404]]}}, {"type": "Feature", "properties": {"layer": "divisórias", "dxf_type": "LINE"}, "geometry": {"type": "LineString", "coordinates": [[-54.994735107430486, -10.232195582612404], [-54.9947905732156, -10.232265567914073]]}}, {"type": "Feature", "properties": {"layer": "divisórias", "dxf_type": "LINE"}, "geometry": {"type": "LineString", "coordinates": [[-54.99469713610365, -10.231791703084504], [-54.994524411785875, -10.23193567960748]]}}, {"type": "Feature", "properties": {"layer": "divisórias", "dxf_type": "LINE"}, "geometry": {"type": "LineString", "coordinates": [[-54.99469713610365, -10.231791703084504], [-54.99476721295268, -10.231873329613292]]}}, {"type": "Feature", "properties": {"layer": "divisórias", "dxf_type": "LINE"}, "geometry": {"type": "LineString", "coordinates": [[-54.99501117988382, -10.23182020751372], [-54.994835694628115, -10.231955687522928]]}}, {"type": "Feature", "properties": {"layer": "divisórias", "dxf_type": "LINE"}, "geometry": {"type": "LineString", "coordinates": [[-54.99476721295268, -10.231873329613292], [-54.99493841654912, -10.231732009234342]]}}, {"type": "Feature", "properties": {"layer": "divisórias", "dxf_type": "LINE"}, "geometry": {"type": "LineString", "coordinates": [[-54.9948732202107, -10.231652983558488], [-54.99469713610365, -10.231791703084504]]}}, {"type": "Feature", "properties": {"layer": "divisórias", "dxf_type": "LINE"}, "geometry": {"type": "LineString", "coordinates": [[-54.993964391762766, -10.231273201865802], [-54.994043086844584, -10.231203977255369]]}}, {"type": "Feature", "properties": {"layer": "divisórias", "dxf_type": "LINE"}, "geometry": {"type": "LineString", "coordinates": [[-54.99469713610365, -10.231791703084504], [-54.99412728549719, -10.231132009683462]]}}, {"type": "Feature", "properties": {"layer": "divisórias", "dxf_type": "LINE"}, "geometry": {"type": "LineString", "coordinates": [[-54.99444757653385, -10.23116347269365], [-54.99436100696908, -10.231236327866686]]}}, {"type": "Feature", "properties": {"layer": "divisórias", "dxf_type": "LINE"}, "geometry": {"type": "LineString", "coordinates": [[-54.99420790387458, -10.231068796201685], [-54.99436100696908, -10.231236327866686]]}}, {"type": "Feature", "properties": {"layer": "divisórias", "dxf_type": "LINE"}, "geometry": {"type": "LineString", "coordinates": [[-54.99514892615617, -10.231985831986025], [-54.99534291760511, -10.23225738460885]]}}, {"type": "Feature", "properties": {"layer": "divisórias", "dxf_type": "LINE"}, "geometry": {"type": "LineString", "coordinates": [[-54.99527513038121, -10.23216249545018], [-54.994912915641834, -10.232419935965318]]}}, {"type": "Feature", "properties": {"layer": "divisórias", "dxf_type": "LINE"}, "geometry": {"type": "LineString", "coordinates": [[-54.99499100751587, -10.232518470006642], [-54.99508671303414, -10.23245900835954]]}}, {"type": "Feature", "properties": {"layer": "divisórias", "dxf_type": "LINE"}, "geometry": {"type": "LineString", "coordinates": [[-54.99508671303414, -10.23245900835954], [-54.995189701389634, -10.23238216571683]]}}, {"type": "Feature", "properties": {"layer": "divisórias", "dxf_type": "LINE"}, "geometry": {"type": "LineString", "coordinates": [[-54.995189701389634, -10.23238216571683], [-54.99534291760511, -10.23225738460885]]}}, {"type": "Feature", "properties": {"layer": "divisórias", "dxf_type": "LINE"}, "geometry": {"type": "LineString", "coordinates": [[-54.99527513038121, -10.23216249545018], [-54.9951861579996, -10.232225730944187]]}}, {"type": "Feature", "properties": {"layer": "divisórias", "dxf_type": "LINE"}, "geometry": {"type": "LineString", "coordinates": [[-54.9951861579996, -10.232225730944187], [-54.99509718557935, -10.232288967310787]]}}, {"type": "Feature", "properties": {"layer": "divisórias", "dxf_type": "LINE"}, "geometry": {"type": "LineString", "coordinates": [[-54.99509718557935, -10.232288967310787], [-54.99500821403865, -10.232352203651763]]}}, {"type": "Feature", "properties": {"layer": "divisórias", "dxf_type": "LINE"}, "geometry": {"type": "LineString", "coordinates": [[-54.99500821403865, -10.232352203651763], [-54.99508671303414, -10.23245900835954]]}}, {"type": "Feature", "properties": {"layer": "divisórias", "dxf_type": "LINE"}, "geometry": {"type": "LineString", "coordinates": [[-54.99509718557935, -10.232288967310787], [-54.99517575855338, -10.232392568050365]]}}, {"type": "Feature", "properties": {"layer": "divisórias", "dxf_type": "LINE"}, "geometry": {"type": "LineString", "coordinates": [[-54.9951861579996, -10.232225730944187], [-54.995266309511784, -10.232319775174815]]}}, {"type": "Feature", "properties": {"layer": "divisórias", "dxf_type": "LINE"}, "geometry": {"type": "LineString", "coordinates": [[-54.99462519888846, -10.231708424466712], [-54.99479811228427, -10.231565408987702]]}}, {"type": "Feature", "properties": {"layer": "divisórias", "dxf_type": "LINE"}, "geometry": {"type": "LineString", "coordinates": [[-54.994524411785875, -10.23193567960748], [-54.99445410921333, -10.231852514977035]]}}, {"type": "Feature", "properties": {"layer": "divisórias", "dxf_type": "LINE"}, "geometry": {"type": "LineString", "coordinates": [[-54.99445410921333, -10.231852514977035], [-54.99438380758303, -10.231769351247472]]}}, {"type": "Feature", "properties": {"layer": "divisórias", "dxf_type": "LINE"}, "geometry": {"type": "LineString", "coordinates": [[-54.99455530380046, -10.231627510426506], [-54.99472851070238, -10.231484254538675]]}}, {"type": "Feature", "properties": {"layer": "divisórias", "dxf_type": "LINE"}, "geometry": {"type": "LineString", "coordinates": [[-54.994835694628115, -10.231955687522928], [-54.99465533619495, -10.23209492843605]]}}, {"type": "Feature", "properties": {"layer": "divisórias", "dxf_type": "LINE"}, "geometry": {"type": "LineString", "coordinates": [[-54.99465533619495, -10.23209492843605], [-54.994722955147154, -10.232180247729733]]}}, {"type": "Feature", "properties": {"layer": "divisórias", "dxf_type": "LINE"}, "geometry": {"type": "LineString", "coordinates": [[-54.994722955147154, -10.232180247729733], [-54.99489817593897, -10.232044767089375]]}}, {"type": "Feature", "properties": {"layer": "divisórias", "dxf_type": "LINE"}, "geometry": {"type": "LineString", "coordinates": [[-54.994722955147154, -10.232180247729733], [-54.9947905732156, -10.232265567914073]]}}, {"type": "Feature", "properties": {"layer": "divisórias", "dxf_type": "LINE"}, "geometry": {"type": "LineString", "coordinates": [[-54.994043086844584, -10.231203977255369], [-54.99396120754929, -10.231276002479527]]}}, {"type": "Feature", "properties": {"layer": "divisórias", "dxf_type": "LINE"}, "geometry": {"type": "LineString", "coordinates": [[-54.99396120754929, -10.231276002479527], [-54.99438380758303, -10.231769351247472]]}}, {"type": "Feature", "properties": {"layer": "divisórias", "dxf_type": "LINE"}, "geometry": {"type": "LineString", "coordinates": [[-54.99427667963256, -10.231304956526145], [-54.99410758847928, -10.23144688976929]]}}, {"type": "Feature", "properties": {"layer": "divisórias", "dxf_type": "LINE"}, "geometry": {"type": "LineString", "coordinates": [[-54.99438380758303, -10.231769351247472], [-54.99431350508125, -10.231686186599772]]}}, {"type": "Feature", "properties": {"layer": "divisórias", "dxf_type": "LINE"}, "geometry": {"type": "LineString", "coordinates": [[-54.99434560788312, -10.231384753724312], [-54.99417250740801, -10.23152267690282]]}}, {"type": "Feature", "properties": {"layer": "divisórias", "dxf_type": "LINE"}, "geometry": {"type": "LineString", "coordinates": [[-54.9944875976176, -10.23154912909461], [-54.994322030874145, -10.231696272668268]]}}, {"type": "Feature", "properties": {"layer": "divisórias", "dxf_type": "LINE"}, "geometry": {"type": "LineString", "coordinates": [[-54.994322030874145, -10.231696272668268], [-54.99439233338021, -10.231779437314923]]}}, {"type": "Feature", "properties": {"layer": "divisórias", "dxf_type": "LINE"}, "geometry": {"type": "LineString", "coordinates": [[-54.99439233338021, -10.231779437314923], [-54.99455986816468, -10.231632793950965]]}}, {"type": "Feature", "properties": {"layer": "divisórias", "dxf_type": "LINE"}, "geometry": {"type": "LineString", "coordinates": [[-54.99439233338021, -10.231779437314923], [-54.99446263592734, -10.23186260104906]]}}, {"type": "Feature", "properties": {"layer": "divisórias", "dxf_type": "LINE"}, "geometry": {"type": "LineString", "coordinates": [[-54.99455986816468, -10.231632793950965], [-54.9946310615282, -10.231715211980246]]}}, {"type": "Feature", "properties": {"layer": "divisórias", "dxf_type": "LINE"}, "geometry": {"type": "LineString", "coordinates": [[-54.9946310615282, -10.231715211980246], [-54.99446263592734, -10.23186260104906]]}}, {"type": "Feature", "properties": {"layer": "divisórias", "dxf_type": "LINE"}, "geometry": {"type": "LineString", "coordinates": [[-54.99425512190123, -10.231619122830434], [-54.99441814200471, -10.231468723037159]]}}, {"type": "Feature", "properties": {"layer": "divisórias", "dxf_type": "LINE"}, "geometry": {"type": "LineString", "coordinates": [[-54.994521555169165, -10.231242949346981], [-54.99434560788312, -10.231384753724312]]}}, {"type": "Feature", "properties": {"layer": "divisórias", "dxf_type": "LINE"}, "geometry": {"type": "LineString", "coordinates": [[-54.99436100696908, -10.231236327866686], [-54.99427667963256, -10.231304956526145]]}}, {"type": "Feature", "properties": {"layer": "divisórias", "dxf_type": "LINE"}, "geometry": {"type": "LineString", "coordinates": [[-54.994043086844584, -10.231203977255369], [-54.99419213407412, -10.23137592316242]]}}, {"type": "Feature", "properties": {"layer": "divisórias", "dxf_type": "LINE"}, "geometry": {"type": "LineString", "coordinates": [[-54.994521555169165, -10.231242949346981], [-54.99459245395733, -10.231325615940282]]}}, {"type": "Feature", "properties": {"layer": "divisórias", "dxf_type": "LINE"}, "geometry": {"type": "LineString", "coordinates": [[-54.99459245395733, -10.231325615940282], [-54.99441814200471, -10.231468723037159]]}}, {"type": "Feature", "properties": {"layer": "divisórias", "dxf_type": "LINE"}, "geometry": {"type": "LineString", "coordinates": [[-54.9944875976176, -10.23154912909461], [-54.99465588059319, -10.231399569685655]]}}, {"type": "Feature", "properties": {"layer": "divisórias", "dxf_type": "LINE"}, "geometry": {"type": "LineString", "coordinates": [[-54.99452190991132, -10.232896874252308], [-54.99488278366926, -10.232605770334995]]}}, {"type": "Feature", "properties": {"layer": "divisórias", "dxf_type": "LINE"}, "geometry": {"type": "LineString", "coordinates": [[-54.994317150727, -10.232643169684144], [-54.993532978093754, -10.231682849704825]]}}, {"type": "Feature", "properties": {"layer": "divisórias", "dxf_type": "LINE"}, "geometry": {"type": "LineString", "coordinates": [[-54.994207679070534, -10.231779102200763], [-54.994348126715636, -10.23194331538233]]}}, {"type": "Feature", "properties": {"layer": "divisórias", "dxf_type": "LINE"}, "geometry": {"type": "LineString", "coordinates": [[-54.994348126715636, -10.23194331538233], [-54.99488278366926, -10.232605770334995]]}}, {"type": "Feature", "properties": {"layer": "divisórias", "dxf_type": "LINE"}, "geometry": {"type": "LineString", "coordinates": [[-54.99488278366926, -10.232605770334995], [-54.99479787187861, -10.232674265313426]]}}, {"type": "Feature", "properties": {"layer": "divisórias", "dxf_type": "LINE"}, "geometry": {"type": "LineString", "coordinates": [[-54.99479787187861, -10.232674265313426], [-54.994712960965494, -10.232742760268124]]}}, {"type": "Feature", "properties": {"layer": "divisórias", "dxf_type": "LINE"}, "geometry": {"type": "LineString", "coordinates": [[-54.994712960965494, -10.232742760268124], [-54.99462804910482, -10.232811255187816]]}}, {"type": "Feature", "properties": {"layer": "divisórias", "dxf_type": "LINE"}, "geometry": {"type": "LineString", "coordinates": [[-54.99462804910482, -10.232811255187816], [-54.994543138121685, -10.232879750083777]]}}, {"type": "Feature", "properties": {"layer": "divisórias", "dxf_type": "LINE"}, "geometry": {"type": "LineString", "coordinates": [[-54.99462804910482, -10.232811255187816], [-54.99452190991132, -10.232896874252308]]}}, {"type": "Feature", "properties": {"layer": "divisórias", "dxf_type": "LINE"}, "geometry": {"type": "LineString", "coordinates": [[-54.994317150727, -10.232643169684144], [-54.99452190991132, -10.232896874252308]]}}, {"type": "Feature", "properties": {"layer": "divisórias", "dxf_type": "LINE"}, "geometry": {"type": "LineString", "coordinates": [[-54.99441568437478, -10.232982428560717], [-54.99420871042553, -10.232724946352272]]}}, {"type": "Feature", "properties": {"layer": "divisórias", "dxf_type": "LINE"}, "geometry": {"type": "LineString", "coordinates": [[-54.99420871042553, -10.232724946352272], [-54.99414050002066, -10.232640090640784]]}}, {"type": "Feature", "properties": {"layer": "divisórias", "dxf_type": "LINE"}, "geometry": {"type": "LineString", "coordinates": [[-54.99414050002066, -10.232640090640784], [-54.99408365728454, -10.232569377235924]]}}, {"type": "Feature", "properties": {"layer": "divisórias", "dxf_type": "LINE"}, "geometry": {"type": "LineString", "coordinates": [[-54.99419041071452, -10.233050646834936], [-54.99402566818552, -10.232867112506094]]}}, {"type": "Feature", "properties": {"layer": "divisórias", "dxf_type": "LINE"}, "geometry": {"type": "LineString", "coordinates": [[-54.99402566818552, -10.232867112506094], [-54.99395290669338, -10.232786050491635]]}}, {"type": "Feature", "properties": {"layer": "divisórias", "dxf_type": "LINE"}, "geometry": {"type": "LineString", "coordinates": [[-54.99395290669338, -10.232786050491635], [-54.99414050002066, -10.232640090640784]]}}, {"type": "Feature", "properties": {"layer": "divisórias", "dxf_type": "LINE"}, "geometry": {"type": "LineString", "coordinates": [[-54.99395290669338, -10.232786050491635], [-54.99389227153963, -10.23271849819923]]}}, {"type": "Feature", "properties": {"layer": "divisórias", "dxf_type": "LINE"}, "geometry": {"type": "LineString", "coordinates": [[-54.99389227153963, -10.23271849819923], [-54.99408365728454, -10.232569377235924]]}}, {"type": "Feature", "properties": {"layer": "divisórias", "dxf_type": "LINE"}, "geometry": {"type": "LineString", "coordinates": [[-54.99402566818552, -10.232867112506094], [-54.99420871042553, -10.232724946352272]]}}, {"type": "Feature", "properties": {"layer": "divisórias", "dxf_type": "LINE"}, "geometry": {"type": "LineString", "coordinates": [[-54.99409871881006, -10.232948495377068], [-54.994280366296735, -10.232814087992331]]}}, {"type": "Feature", "properties": {"layer": "divisórias", "dxf_type": "LINE"}, "geometry": {"type": "LineString", "coordinates": [[-54.99384883896626, -10.231370293194356], [-54.99350995671046, -10.231654658204556]]}}, {"type": "Feature", "properties": {"layer": "divisórias", "dxf_type": "LINE"}, "geometry": {"type": "LineString", "coordinates": [[-54.993532978093754, -10.231682849704825], [-54.99350995671046, -10.231654658204556]]}}, {"type": "Feature", "properties": {"layer": "divisórias", "dxf_type": "LINE"}, "geometry": {"type": "LineString", "coordinates": [[-54.993816669376656, -10.23167226154893], [-54.99368173041719, -10.231510519133513]]}}, {"type": "Feature", "properties": {"layer": "divisórias", "dxf_type": "LINE"}, "geometry": {"type": "LineString", "coordinates": [[-54.99359771877072, -10.231581014311825], [-54.993735366230794, -10.231744498135784]]}}, {"type": "Feature", "properties": {"layer": "divisórias", "dxf_type": "LINE"}, "geometry": {"type": "LineString", "coordinates": [[-54.993735366230794, -10.231744498135784], [-54.993816669376656, -10.23167226154893]]}}, {"type": "Feature", "properties": {"layer": "divisórias", "dxf_type": "LINE"}, "geometry": {"type": "LineString", "coordinates": [[-54.993816669376656, -10.23167226154893], [-54.99389818722949, -10.231599833722498]]}}, {"type": "Feature", "properties": {"layer": "divisórias", "dxf_type": "LINE"}, "geometry": {"type": "LineString", "coordinates": [[-54.99368173041719, -10.231510519133513], [-54.993765285165765, -10.231440406181111]]}}, {"type": "Feature", "properties": {"layer": "divisórias", "dxf_type": "LINE"}, "geometry": {"type": "LineString", "coordinates": [[-54.993765285165765, -10.231440406181111], [-54.99389818722949, -10.231599833722498]]}}, {"type": "Feature", "properties": {"layer": "divisórias", "dxf_type": "LINE"}, "geometry": {"type": "LineString", "coordinates": [[-54.993765285165765, -10.231440406181111], [-54.99384883896626, -10.231370293194356]]}}, {"type": "Feature", "properties": {"layer": "divisórias", "dxf_type": "LINE"}, "geometry": {"type": "LineString", "coordinates": [[-54.99384883896626, -10.231370293194356], [-54.994207679070534, -10.231779102200763]]}}, {"type": "Feature", "properties": {"layer": "divisórias", "dxf_type": "LINE"}, "geometry": {"type": "LineString", "coordinates": [[-54.99389818722949, -10.231599833722498], [-54.99398366213758, -10.231523890495957]]}}, {"type": "Feature", "properties": {"layer": "divisórias", "dxf_type": "LINE"}, "geometry": {"type": "LineString", "coordinates": [[-54.993735366230794, -10.231744498135784], [-54.99364724824406, -10.231822789642278]]}}, {"type": "Feature", "properties": {"layer": "divisórias", "dxf_type": "LINE"}, "geometry": {"type": "LineString", "coordinates": [[-54.99395824027412, -10.231842117730396], [-54.9937794467894, -10.231984683329344]]}}, {"type": "Feature", "properties": {"layer": "divisórias", "dxf_type": "LINE"}, "geometry": {"type": "LineString", "coordinates": [[-54.993816669376656, -10.23167226154893], [-54.99402932331757, -10.231927402431158]]}}, {"type": "Feature", "properties": {"layer": "divisórias", "dxf_type": "LINE"}, "geometry": {"type": "LineString", "coordinates": [[-54.993816669376656, -10.23167226154893], [-54.99388642684532, -10.231755873977782]]}}, {"type": "Feature", "properties": {"layer": "divisórias", "dxf_type": "LINE"}, "geometry": {"type": "LineString", "coordinates": [[-54.99364724824406, -10.231822789642278], [-54.99371611412876, -10.231907124266371]]}}, {"type": "Feature", "properties": {"layer": "divisórias", "dxf_type": "LINE"}, "geometry": {"type": "LineString", "coordinates": [[-54.99371611412876, -10.231907124266371], [-54.99388642684532, -10.231755873977782]]}}, {"type": "Feature", "properties": {"layer": "divisórias", "dxf_type": "LINE"}, "geometry": {"type": "LineString", "coordinates": [[-54.99402932331757, -10.231927402431158], [-54.993848766442106, -10.23206957483835]]}}, {"type": "Feature", "properties": {"layer": "divisórias", "dxf_type": "LINE"}, "geometry": {"type": "LineString", "coordinates": [[-54.99402932331757, -10.231927402431158], [-54.994207679070534, -10.231779102200763]]}}, {"type": "Feature", "properties": {"layer": "divisórias", "dxf_type": "LINE"}, "geometry": {"type": "LineString", "coordinates": [[-54.99398366213758, -10.231523890495957], [-54.9940555122452, -10.231605745908203]]}}, {"type": "Feature", "properties": {"layer": "divisórias", "dxf_type": "LINE"}, "geometry": {"type": "LineString", "coordinates": [[-54.9940555122452, -10.231605745908203], [-54.99388638738478, -10.231755908987545]]}}, {"type": "Feature", "properties": {"layer": "divisórias", "dxf_type": "LINE"}, "geometry": {"type": "LineString", "coordinates": [[-54.9940555122452, -10.231605745908203], [-54.994127363295526, -10.23168760222071]]}}, {"type": "Feature", "properties": {"layer": "divisórias", "dxf_type": "LINE"}, "geometry": {"type": "LineString", "coordinates": [[-54.994127363295526, -10.23168760222071], [-54.99395824027412, -10.231842117730396]]}}, {"type": "Feature", "properties": {"layer": "divisórias", "dxf_type": "LINE"}, "geometry": {"type": "LineString", "coordinates": [[-54.994273612888016, -10.231856192711568], [-54.99409653878573, -10.232009655940539]]}}, {"type": "Feature", "properties": {"layer": "divisórias", "dxf_type": "LINE"}, "geometry": {"type": "LineString", "coordinates": [[-54.99409653878573, -10.232009655940539], [-54.99402932331757, -10.231927402431158]]}}, {"type": "Feature", "properties": {"layer": "divisórias", "dxf_type": "LINE"}, "geometry": {"type": "LineString", "coordinates": [[-54.993848766442106, -10.23206957483835], [-54.993917632428946, -10.232153909438836]]}}, {"type": "Feature", "properties": {"layer": "divisórias", "dxf_type": "LINE"}, "geometry": {"type": "LineString", "coordinates": [[-54.993917632428946, -10.232153909438836], [-54.99409653878573, -10.232009655940539]]}}, {"type": "Feature", "properties": {"layer": "divisórias", "dxf_type": "LINE"}, "geometry": {"type": "LineString", "coordinates": [[-54.994273612888016, -10.231856192711568], [-54.994348126715636, -10.23194331538233]]}}, {"type": "Feature", "properties": {"layer": "divisórias", "dxf_type": "LINE"}, "geometry": {"type": "LineString", "coordinates": [[-54.99409653878573, -10.232009655940539], [-54.99425051479221, -10.232198078219877]]}}, {"type": "Feature", "properties": {"layer": "divisórias", "dxf_type": "LINE"}, "geometry": {"type": "LineString", "coordinates": [[-54.994348126715636, -10.23194331538233], [-54.994162901210316, -10.232090863771]]}}, {"type": "Feature", "properties": {"layer": "divisórias", "dxf_type": "LINE"}, "geometry": {"type": "LineString", "coordinates": [[-54.99423908413625, -10.232184090094384], [-54.99436988399976, -10.23234702716706]]}}, {"type": "Feature", "properties": {"layer": "divisórias", "dxf_type": "LINE"}, "geometry": {"type": "LineString", "coordinates": [[-54.994162901210316, -10.232090863771], [-54.99398310332424, -10.23223408676042]]}}, {"type": "Feature", "properties": {"layer": "divisórias", "dxf_type": "LINE"}, "geometry": {"type": "LineString", "coordinates": [[-54.99398310332424, -10.23223408676042], [-54.994051969373494, -10.232318422249044]]}}, {"type": "Feature", "properties": {"layer": "divisórias", "dxf_type": "LINE"}, "geometry": {"type": "LineString", "coordinates": [[-54.994348126715636, -10.23194331538233], [-54.994416504900094, -10.232028039193374]]}}, {"type": "Feature", "properties": {"layer": "divisórias", "dxf_type": "LINE"}, "geometry": {"type": "LineString", "coordinates": [[-54.994416504900094, -10.232028039193374], [-54.994051969373494, -10.232318422249044]]}}, {"type": "Feature", "properties": {"layer": "divisórias", "dxf_type": "LINE"}, "geometry": {"type": "LineString", "coordinates": [[-54.994051969373494, -10.232318422249044], [-54.994124213379905, -10.232406894103391]]}}, {"type": "Feature", "properties": {"layer": "divisórias", "dxf_type": "LINE"}, "geometry": {"type": "LineString", "coordinates": [[-54.994416504900094, -10.232028039193374], [-54.994484884037504, -10.232112762098286]]}}, {"type": "Feature", "properties": {"layer": "divisórias", "dxf_type": "LINE"}, "geometry": {"type": "LineString", "coordinates": [[-54.994484884037504, -10.232112762098286], [-54.994301729549846, -10.232262127547292]]}}, {"type": "Feature", "properties": {"layer": "divisórias", "dxf_type": "LINE"}, "geometry": {"type": "LineString", "coordinates": [[-54.994484884037504, -10.232112762098286], [-54.994553262297124, -10.23219748498967]]}}, {"type": "Feature", "properties": {"layer": "divisórias", "dxf_type": "LINE"}, "geometry": {"type": "LineString", "coordinates": [[-54.994301729549846, -10.232262127547292], [-54.994380338192855, -10.232359274646605]]}}, {"type": "Feature", "properties": {"layer": "divisórias", "dxf_type": "LINE"}, "geometry": {"type": "LineString", "coordinates": [[-54.99436988399976, -10.23234702716706], [-54.994553262297124, -10.23219748498967]]}}, {"type": "Feature", "properties": {"layer": "divisórias", "dxf_type": "LINE"}, "geometry": {"type": "LineString", "coordinates": [[-54.994051969373494, -10.232318422249044], [-54.99412083546335, -10.23240275682572]]}}, {"type": "Feature", "properties": {"layer": "divisórias", "dxf_type": "LINE"}, "geometry": {"type": "LineString", "coordinates": [[-54.99412083546335, -10.23240275682572], [-54.994301729549846, -10.232262127547292]]}}, {"type": "Feature", "properties": {"layer": "divisórias", "dxf_type": "LINE"}, "geometry": {"type": "LineString", "coordinates": [[-54.994143271917814, -10.232430233310124], [-54.994315437315066, -10.232641071065755]]}}, {"type": "Feature", "properties": {"layer": "divisórias", "dxf_type": "LINE"}, "geometry": {"type": "LineString", "coordinates": [[-54.994722955147154, -10.232180247729733], [-54.99477930368912, -10.232251347583517]]}}, {"type": "Feature", "properties": {"layer": "divisórias", "dxf_type": "LINE"}, "geometry": {"type": "LineString", "coordinates": [[-54.99477930368912, -10.232251347583517], [-54.99496667354003, -10.232129395734868]]}}, {"type": "Feature", "properties": {"layer": "divisórias", "dxf_type": "LINE"}, "geometry": {"type": "LineString", "coordinates": [[-54.994315437315066, -10.232641071065755], [-54.99454473615299, -10.232564840674097]]}}, {"type": "Feature", "properties": {"layer": "divisórias", "dxf_type": "LINE"}, "geometry": {"type": "LineString", "coordinates": [[-54.994553262297124, -10.23219748498967], [-54.99461024450706, -10.23226808799761]]}}, {"type": "Feature", "properties": {"layer": "divisórias", "dxf_type": "LINE"}, "geometry": {"type": "LineString", "coordinates": [[-54.995404848096875, -10.232328409385612], [-54.99506711290589, -10.232602009286278]]}}, {"type": "Feature", "properties": {"layer": "divisórias", "dxf_type": "LINE"}, "geometry": {"type": "LineString", "coordinates": [[-54.99506711290589, -10.232602009286278], [-54.9952083723727, -10.232777019168404]]}}, {"type": "Feature", "properties": {"layer": "divisórias", "dxf_type": "LINE"}, "geometry": {"type": "LineString", "coordinates": [[-54.9952083723727, -10.232777019168404], [-54.99535642386548, -10.232937561083988]]}}, {"type": "Feature", "properties": {"layer": "divisórias", "dxf_type": "LINE"}, "geometry": {"type": "LineString", "coordinates": [[-54.99535642386548, -10.232937561083988], [-54.995699826351306, -10.23336330119264]]}}, {"type": "Feature", "properties": {"layer": "divisórias", "dxf_type": "LINE"}, "geometry": {"type": "LineString", "coordinates": [[-54.995699826351306, -10.23336330119264], [-54.996046941141834, -10.233068095932072]]}}, {"type": "Feature", "properties": {"layer": "divisórias", "dxf_type": "LINE"}, "geometry": {"type": "LineString", "coordinates": [[-54.995404848096875, -10.232328409385612], [-54.99562034001234, -10.232568011403341]]}}, {"type": "Feature", "properties": {"layer": "divisórias", "dxf_type": "LINE"}, "geometry": {"type": "LineString", "coordinates": [[-54.99562034001234, -10.232568011403341], [-54.99583486453326, -10.232819597010307]]}}, {"type": "Feature", "properties": {"layer": "divisórias", "dxf_type": "LINE"}, "geometry": {"type": "LineString", "coordinates": [[-54.99583486453326, -10.232819597010307], [-54.996046941141834, -10.233068095932072]]}}, {"type": "Feature", "properties": {"layer": "divisórias", "dxf_type": "LINE"}, "geometry": {"type": "LineString", "coordinates": [[-54.99573300047755, -10.233048078925398], [-54.99552619093543, -10.232794735620587]]}}, {"type": "Feature", "properties": {"layer": "divisórias", "dxf_type": "LINE"}, "geometry": {"type": "LineString", "coordinates": [[-54.99552619093543, -10.232794735620587], [-54.99523598057097, -10.232465209394082]]}}, {"type": "Feature", "properties": {"layer": "divisórias", "dxf_type": "LINE"}, "geometry": {"type": "LineString", "coordinates": [[-54.99556004585716, -10.233190005339232], [-54.995908159393636, -10.23290547988554]]}}, {"type": "Feature", "properties": {"layer": "divisórias", "dxf_type": "LINE"}, "geometry": {"type": "LineString", "coordinates": [[-54.995699826351306, -10.23336330119264], [-54.995872919122654, -10.233216093941037]]}}, {"type": "Feature", "properties": {"layer": "divisórias", "dxf_type": "LINE"}, "geometry": {"type": "LineString", "coordinates": [[-54.995872919122654, -10.233216093941037], [-54.99573300047755, -10.233048078925398]]}}, {"type": "Feature", "properties": {"layer": "divisórias", "dxf_type": "LINE"}, "geometry": {"type": "LineString", "coordinates": [[-54.99579351805117, -10.2332836215741], [-54.99564449925409, -10.233120978540837]]}}, {"type": "Feature", "properties": {"layer": "divisórias", "dxf_type": "LINE"}, "geometry": {"type": "LineString", "coordinates": [[-54.99581974894915, -10.232977741049433], [-54.995958995701216, -10.233142890074044]]}}, {"type": "Feature", "properties": {"layer": "divisórias", "dxf_type": "LINE"}, "geometry": {"type": "LineString", "coordinates": [[-54.99583486453326, -10.232819597010307], [-54.995490829829244, -10.233104193613055]]}}, {"type": "Feature", "properties": {"layer": "divisórias", "dxf_type": "LINE"}, "geometry": {"type": "LineString", "coordinates": [[-54.995422778355206, -10.23301982448023], [-54.995594567443185, -10.232878497486755]]}}, {"type": "Feature", "properties": {"layer": "divisórias", "dxf_type": "LINE"}, "geometry": {"type": "LineString", "coordinates": [[-54.995594567443185, -10.232878497486755], [-54.995771088554, -10.232744803310991]]}}, {"type": "Feature", "properties": {"layer": "divisórias", "dxf_type": "LINE"}, "geometry": {"type": "LineString", "coordinates": [[-54.99569785310857, -10.232658916263924], [-54.99552619093543, -10.232794735620587]]}}, {"type": "Feature", "properties": {"layer": "divisórias", "dxf_type": "LINE"}, "geometry": {"type": "LineString", "coordinates": [[-54.99552619093543, -10.232794735620587], [-54.99535642386548, -10.232937561083988]]}}, {"type": "Feature", "properties": {"layer": "divisórias", "dxf_type": "LINE"}, "geometry": {"type": "LineString", "coordinates": [[-54.99562622206705, -10.232574910207452], [-54.995457553397294, -10.232716799728]]}}, {"type": "Feature", "properties": {"layer": "divisórias", "dxf_type": "LINE"}, "geometry": {"type": "LineString", "coordinates": [[-54.995381085223976, -10.232629972523437], [-54.995553764989864, -10.232493987758673]]}}, {"type": "Feature", "properties": {"layer": "divisórias", "dxf_type": "LINE"}, "geometry": {"type": "LineString", "coordinates": [[-54.99548175521256, -10.23241392135783], [-54.99531068627081, -10.232550035326257]]}}, {"type": "Feature", "properties": {"layer": "divisórias", "dxf_type": "LINE"}, "geometry": {"type": "LineString", "coordinates": [[-54.99531068627081, -10.232550035326257], [-54.99514219421676, -10.232695029817497]]}}, {"type": "Feature", "properties": {"layer": "divisórias", "dxf_type": "LINE"}, "geometry": {"type": "LineString", "coordinates": [[-54.995381085223976, -10.232629972523437], [-54.9952083723727, -10.232777019168404]]}}, {"type": "Feature", "properties": {"layer": "divisórias", "dxf_type": "LINE"}, "geometry": {"type": "LineString", "coordinates": [[-54.995457553397294, -10.232716799728], [-54.99528239764168, -10.2328572905804]]}}, {"type": "Feature", "properties": {"layer": "divisórias", "dxf_type": "LINE"}, "geometry": {"type": "LineString", "coordinates": [[-54.9952341179573, -10.23374028910793], [-54.9955927171677, -10.233458067771151]]}}, {"type": "Feature", "properties": {"layer": "divisórias", "dxf_type": "LINE"}, "geometry": {"type": "LineString", "coordinates": [[-54.9955927171677, -10.233458067771151], [-54.99541627893658, -10.233241811346103]]}}, {"type": "Feature", "properties": {"layer": "divisórias", "dxf_type": "LINE"}, "geometry": {"type": "LineString", "coordinates": [[-54.99541627893658, -10.233241811346103], [-54.995170284781395, -10.232940302336068]]}}, {"type": "Feature", "properties": {"layer": "divisórias", "dxf_type": "LINE"}, "geometry": {"type": "LineString", "coordinates": [[-54.995170284781395, -10.232940302336068], [-54.99503254721855, -10.232779197469343]]}}, {"type": "Feature", "properties": {"layer": "divisórias", "dxf_type": "LINE"}, "geometry": {"type": "LineString", "coordinates": [[-54.99503254721855, -10.232779197469343], [-54.9949544199417, -10.232698064617221]]}}, {"type": "Feature", "properties": {"layer": "divisórias", "dxf_type": "LINE"}, "geometry": {"type": "LineString", "coordinates": [[-54.9949544199417, -10.232698064617221], [-54.99460681112791, -10.23298600344947]]}}, {"type": "Feature", "properties": {"layer": "divisórias", "dxf_type": "LINE"}, "geometry": {"type": "LineString", "coordinates": [[-54.99460681112791, -10.23298600344947], [-54.994830987255085, -10.233242532980535]]}}, {"type": "Feature", "properties": {"layer": "divisórias", "dxf_type": "LINE"}, "geometry": {"type": "LineString", "coordinates": [[-54.994830987255085, -10.233242532980535], [-54.99496427012029, -10.233403708126561]]}}, {"type": "Feature", "properties": {"layer": "divisórias", "dxf_type": "LINE"}, "geometry": {"type": "LineString", "coordinates": [[-54.99496427012029, -10.233403708126561], [-54.99502649912401, -10.233492750912758]]}}, {"type": "Feature", "properties": {"layer": "divisórias", "dxf_type": "LINE"}, "geometry": {"type": "LineString", "coordinates": [[-54.99502649912401, -10.233492750912758], [-54.99509131494789, -10.233574295321674]]}}, {"type": "Feature", "properties": {"layer": "divisórias", "dxf_type": "LINE"}, "geometry": {"type": "LineString", "coordinates": [[-54.99509131494789, -10.233574295321674], [-54.9952341179573, -10.23374028910793]]}}, {"type": "Feature", "properties": {"layer": "divisórias", "dxf_type": "LINE"}, "geometry": {"type": "LineString", "coordinates": [[-54.99544979465064, -10.233282890442968], [-54.99509131494789, -10.233574295321674]]}}, {"type": "Feature", "properties": {"layer": "divisórias", "dxf_type": "LINE"}, "geometry": {"type": "LineString", "coordinates": [[-54.995277135297435, -10.23342324384338], [-54.99478844793087, -10.232835545635222]]}}, {"type": "Feature", "properties": {"layer": "divisórias", "dxf_type": "LINE"}, "geometry": {"type": "LineString", "coordinates": [[-54.995208297286425, -10.233340458915883], [-54.99502649912401, -10.233492750912758]]}}, {"type": "Feature", "properties": {"layer": "divisórias", "dxf_type": "LINE"}, "geometry": {"type": "LineString", "coordinates": [[-54.99513630824005, -10.233253885212822], [-54.99496427012029, -10.233403708126561]]}}, {"type": "Feature", "properties": {"layer": "divisórias", "dxf_type": "LINE"}, "geometry": {"type": "LineString", "coordinates": [[-54.994889623185045, -10.23331343994448], [-54.99506881170065, -10.233172712994222]]}}, {"type": "Feature", "properties": {"layer": "divisórias", "dxf_type": "LINE"}, "geometry": {"type": "LineString", "coordinates": [[-54.99544979465064, -10.233282890442968], [-54.995380963786545, -10.23319852644003]]}}, {"type": "Feature", "properties": {"layer": "divisórias", "dxf_type": "LINE"}, "geometry": {"type": "LineString", "coordinates": [[-54.995380963786545, -10.23319852644003], [-54.995208297286425, -10.233340458915883]]}}, {"type": "Feature", "properties": {"layer": "divisórias", "dxf_type": "LINE"}, "geometry": {"type": "LineString", "coordinates": [[-54.9953122153688, -10.233114263272032], [-54.99513630824005, -10.233253885212822]]}}, {"type": "Feature", "properties": {"layer": "divisórias", "dxf_type": "LINE"}, "geometry": {"type": "LineString", "coordinates": [[-54.995243257794655, -10.233029742997385], [-54.99506881170065, -10.233172712994222]]}}, {"type": "Feature", "properties": {"layer": "divisórias", "dxf_type": "LINE"}, "geometry": {"type": "LineString", "coordinates": [[-54.995277135297435, -10.23342324384338], [-54.99542006943874, -10.233593943279406]]}}, {"type": "Feature", "properties": {"layer": "divisórias", "dxf_type": "LINE"}, "geometry": {"type": "LineString", "coordinates": [[-54.99533040081923, -10.233664513398669], [-54.99518959753251, -10.233494402851566]]}}, {"type": "Feature", "properties": {"layer": "divisórias", "dxf_type": "LINE"}, "geometry": {"type": "LineString", "coordinates": [[-54.99536399149863, -10.23335263923027], [-54.99550703896294, -10.233525497896709]]}}, {"type": "Feature", "properties": {"layer": "divisórias", "dxf_type": "LINE"}, "geometry": {"type": "LineString", "coordinates": [[-54.99517411188831, -10.23294499195804], [-54.99499912512116, -10.233088906805069]]}}, {"type": "Feature", "properties": {"layer": "divisórias", "dxf_type": "LINE"}, "geometry": {"type": "LineString", "coordinates": [[-54.994926783855874, -10.233001908773735], [-54.99510447302249, -10.232863325672904]]}}, {"type": "Feature", "properties": {"layer": "divisórias", "dxf_type": "LINE"}, "geometry": {"type": "LineString", "coordinates": [[-54.99503254721855, -10.232779197469343], [-54.994858550144315, -10.232919850664342]]}}, {"type": "Feature", "properties": {"layer": "divisórias", "dxf_type": "LINE"}, "geometry": {"type": "LineString", "coordinates": [[-54.994858550144315, -10.232919850664342], [-54.99468187955784, -10.23307190651407]]}}, {"type": "Feature", "properties": {"layer": "divisórias", "dxf_type": "LINE"}, "geometry": {"type": "LineString", "coordinates": [[-54.994926783855874, -10.233001908773735], [-54.994744765066855, -10.233143867435796]]}}, {"type": "Feature", "properties": {"layer": "divisórias", "dxf_type": "LINE"}, "geometry": {"type": "LineString", "coordinates": [[-54.99468187955784, -10.23307190651407], [-54.994830987255085, -10.233242532980535]]}}, {"type": "Feature", "properties": {"layer": "divisórias", "dxf_type": "LINE"}, "geometry": {"type": "LineString", "coordinates": [[-54.994830987255085, -10.233242532980535], [-54.99501257623556, -10.233105083103185]]}}, {"type": "Feature", "properties": {"layer": "divisórias", "dxf_type": "LINE"}, "geometry": {"type": "LineString", "coordinates": [[-54.99513178508462, -10.233818611823844], [-54.99478926583304, -10.234108217188743]]}}, {"type": "Feature", "properties": {"layer": "divisórias", "dxf_type": "LINE"}, "geometry": {"type": "LineString", "coordinates": [[-54.99478926583304, -10.234108217188743], [-54.994226190828954, -10.233443954991271]]}}, {"type": "Feature", "properties": {"layer": "divisórias", "dxf_type": "LINE"}, "geometry": {"type": "LineString", "coordinates": [[-54.994226190828954, -10.233443954991271], [-54.994154994533325, -10.233361539522898]]}}, {"type": "Feature", "properties": {"layer": "divisórias", "dxf_type": "LINE"}, "geometry": {"type": "LineString", "coordinates": [[-54.99513178508462, -10.233818611823844], [-54.99457589992151, -10.233156081193247]]}}, {"type": "Feature", "properties": {"layer": "divisórias", "dxf_type": "LINE"}, "geometry": {"type": "LineString", "coordinates": [[-54.99457589992151, -10.233156081193247], [-54.994226190828954, -10.233443954991271]]}}, {"type": "Feature", "properties": {"layer": "divisórias", "dxf_type": "LINE"}, "geometry": {"type": "LineString", "coordinates": [[-54.99457589992151, -10.233156081193247], [-54.99450590809558, -10.233072660824437]]}}, {"type": "Feature", "properties": {"layer": "divisórias", "dxf_type": "LINE"}, "geometry": {"type": "LineString", "coordinates": [[-54.99450590809558, -10.233072660824437], [-54.994154994533325, -10.233361539522898]]}}, {"type": "Feature", "properties": {"layer": "divisórias", "dxf_type": "LINE"}, "geometry": {"type": "LineString", "coordinates": [[-54.994401045907566, -10.23330001815767], [-54.99433045139105, -10.233217100236706]]}}, {"type": "Feature", "properties": {"layer": "divisórias", "dxf_type": "LINE"}, "geometry": {"type": "LineString", "coordinates": [[-54.994401045907566, -10.23330001815767], [-54.99453924414147, -10.233470855926962]]}}, {"type": "Feature", "properties": {"layer": "divisórias", "dxf_type": "LINE"}, "geometry": {"type": "LineString", "coordinates": [[-54.99453924414147, -10.233470855926962], [-54.994682437797245, -10.233625592143628]]}}, {"type": "Feature", "properties": {"layer": "divisórias", "dxf_type": "LINE"}, "geometry": {"type": "LineString", "coordinates": [[-54.994682437797245, -10.233625592143628], [-54.99467075803761, -10.233635565464182]]}}, {"type": "Feature", "properties": {"layer": "divisórias", "dxf_type": "LINE"}, "geometry": {"type": "LineString", "coordinates": [[-54.99467075803761, -10.233635565464182], [-54.994747399588746, -10.233712362179325]]}}, {"type": "Feature", "properties": {"layer": "divisórias", "dxf_type": "LINE"}, "geometry": {"type": "LineString", "coordinates": [[-54.994747399588746, -10.233712362179325], [-54.99496052553419, -10.233963414566762]]}}, {"type": "Feature", "properties": {"layer": "divisórias", "dxf_type": "LINE"}, "geometry": {"type": "LineString", "coordinates": [[-54.99504362637778, -10.233893151225402], [-54.994898675051935, -10.233727329430609]]}}, {"type": "Feature", "properties": {"layer": "divisórias", "dxf_type": "LINE"}, "geometry": {"type": "LineString", "coordinates": [[-54.994898675051935, -10.233727329430609], [-54.99481909256228, -10.233796812636294]]}}, {"type": "Feature", "properties": {"layer": "divisórias", "dxf_type": "LINE"}, "geometry": {"type": "LineString", "coordinates": [[-54.994898675051935, -10.233727329430609], [-54.99498901556428, -10.233648452928698]]}}, {"type": "Feature", "properties": {"layer": "divisórias", "dxf_type": "LINE"}, "geometry": {"type": "LineString", "coordinates": [[-54.99481909256228, -10.233796812636294], [-54.99464559606022, -10.23393872874192]]}}, {"type": "Feature", "properties": {"layer": "divisórias", "dxf_type": "LINE"}, "geometry": {"type": "LineString", "coordinates": [[-54.99473234432699, -10.23386777115643], [-54.994877166856455, -10.234033895040467]]}}, {"type": "Feature", "properties": {"layer": "divisórias", "dxf_type": "LINE"}, "geometry": {"type": "LineString", "coordinates": [[-54.99467075803761, -10.233635565464182], [-54.99450772850407, -10.233776086162152]]}}, {"type": "Feature", "properties": {"layer": "divisórias", "dxf_type": "LINE"}, "geometry": {"type": "LineString", "coordinates": [[-54.994747399588746, -10.233712362179325], [-54.99457485143119, -10.233855272080598]]}}, {"type": "Feature", "properties": {"layer": "divisórias", "dxf_type": "LINE"}, "geometry": {"type": "LineString", "coordinates": [[-54.994747399588746, -10.233712362179325], [-54.99492296828837, -10.233569733807501]]}}, {"type": "Feature", "properties": {"layer": "divisórias", "dxf_type": "LINE"}, "geometry": {"type": "LineString", "coordinates": [[-54.994682437797245, -10.233625592143628], [-54.99484986938961, -10.233482611759666]]}}, {"type": "Feature", "properties": {"layer": "divisórias", "dxf_type": "LINE"}, "geometry": {"type": "LineString", "coordinates": [[-54.99453924414147, -10.233470855926962], [-54.994716346554156, -10.233323471630213]]}}, {"type": "Feature", "properties": {"layer": "divisórias", "dxf_type": "LINE"}, "geometry": {"type": "LineString", "coordinates": [[-54.994716346554156, -10.233323471630213], [-54.99478633848051, -10.233406892877312]]}}, {"type": "Feature", "properties": {"layer": "divisórias", "dxf_type": "LINE"}, "geometry": {"type": "LineString", "coordinates": [[-54.99478633848051, -10.233406892877312], [-54.99461084094945, -10.233548224492]]}}, {"type": "Feature", "properties": {"layer": "divisórias", "dxf_type": "LINE"}, "geometry": {"type": "LineString", "coordinates": [[-54.99461084094945, -10.233548224492], [-54.99443477001143, -10.233690017064541]]}}, {"type": "Feature", "properties": {"layer": "divisórias", "dxf_type": "LINE"}, "geometry": {"type": "LineString", "coordinates": [[-54.99453924414147, -10.233470855926962], [-54.99436694238231, -10.233610000601681]]}}, {"type": "Feature", "properties": {"layer": "divisórias", "dxf_type": "LINE"}, "geometry": {"type": "LineString", "coordinates": [[-54.99436694238231, -10.233610000601681], [-54.99429652672846, -10.233526931003185]]}}, {"type": "Feature", "properties": {"layer": "divisórias", "dxf_type": "LINE"}, "geometry": {"type": "LineString", "coordinates": [[-54.99429652672846, -10.233526931003185], [-54.99447014455054, -10.233385437043538]]}}, {"type": "Feature", "properties": {"layer": "divisórias", "dxf_type": "LINE"}, "geometry": {"type": "LineString", "coordinates": [[-54.99447014455054, -10.233385437043538], [-54.99464724051613, -10.233241108902194]]}}, {"type": "Feature", "properties": {"layer": "divisórias", "dxf_type": "LINE"}, "geometry": {"type": "LineString", "coordinates": [[-54.99469069587843, -10.234199817119109], [-54.994435717848326, -10.234406474241181]]}}, {"type": "Feature", "properties": {"layer": "divisórias", "dxf_type": "LINE"}, "geometry": {"type": "LineString", "coordinates": [[-54.994435717848326, -10.234406474241181], [-54.99429190552494, -10.234224976168523]]}}, {"type": "Feature", "properties": {"layer": "divisórias", "dxf_type": "LINE"}, "geometry": {"type": "LineString", "coordinates": [[-54.99429190552494, -10.234224976168523], [-54.99421683911062, -10.234280809768519]]}}, {"type": "Feature", "properties": {"layer": "divisórias", "dxf_type": "LINE"}, "geometry": {"type": "LineString", "coordinates": [[-54.994435717848326, -10.234406474241181], [-54.99436509230502, -10.234463715529174]]}}, {"type": "Feature", "properties": {"layer": "divisórias", "dxf_type": "LINE"}, "geometry": {"type": "LineString", "coordinates": [[-54.994435717848326, -10.234406474241181], [-54.99436509230502, -10.234463715529174]]}}, {"type": "Feature", "properties": {"layer": "divisórias", "dxf_type": "LINE"}, "geometry": {"type": "LineString", "coordinates": [[-54.994435717848326, -10.234406474241181], [-54.99436509230502, -10.234463715529174]]}}, {"type": "Feature", "properties": {"layer": "divisórias", "dxf_type": "LINE"}, "geometry": {"type": "LineString", "coordinates": [[-54.99436509230502, -10.234463715529174], [-54.99421683911062, -10.234280809768519]]}}, {"type": "Feature", "properties": {"layer": "divisórias", "dxf_type": "LINE"}, "geometry": {"type": "LineString", "coordinates": [[-54.99469069587843, -10.234199817119109], [-54.9943404740189, -10.23377619619992]]}}, {"type": "Feature", "properties": {"layer": "divisórias", "dxf_type": "LINE"}, "geometry": {"type": "LineString", "coordinates": [[-54.99440983053419, -10.233860088169452], [-54.994081093513735, -10.234114233579184]]}}, {"type": "Feature", "properties": {"layer": "divisórias", "dxf_type": "LINE"}, "geometry": {"type": "LineString", "coordinates": [[-54.994081093513735, -10.234114233579184], [-54.99421683911062, -10.234280809768519]]}}, {"type": "Feature", "properties": {"layer": "divisórias", "dxf_type": "LINE"}, "geometry": {"type": "LineString", "coordinates": [[-54.99452007001235, -10.234338107986762], [-54.994377722807045, -10.234159732988376]]}}, {"type": "Feature", "properties": {"layer": "divisórias", "dxf_type": "LINE"}, "geometry": {"type": "LineString", "coordinates": [[-54.994377722807045, -10.234159732988376], [-54.99429190552494, -10.234224976168523]]}}, {"type": "Feature", "properties": {"layer": "divisórias", "dxf_type": "LINE"}, "geometry": {"type": "LineString", "coordinates": [[-54.994377722807045, -10.234159732988376], [-54.994545314850384, -10.234023967129502]]}}, {"type": "Feature", "properties": {"layer": "divisórias", "dxf_type": "LINE"}, "geometry": {"type": "LineString", "coordinates": [[-54.99460938446094, -10.234265719999467], [-54.99446552446565, -10.234088604820178]]}}, {"type": "Feature", "properties": {"layer": "divisórias", "dxf_type": "LINE"}, "geometry": {"type": "LineString", "coordinates": [[-54.99436168611382, -10.234171924783071], [-54.99422554092092, -10.23400256210548]]}}, {"type": "Feature", "properties": {"layer": "divisórias", "dxf_type": "LINE"}, "geometry": {"type": "LineString", "coordinates": [[-54.99422554092092, -10.23400256210548], [-54.994089358868756, -10.233833423341315]]}}, {"type": "Feature", "properties": {"layer": "divisórias", "dxf_type": "LINE"}, "geometry": {"type": "LineString", "coordinates": [[-54.994089358868756, -10.233833423341315], [-54.99427194132417, -10.23369205710483]]}}, {"type": "Feature", "properties": {"layer": "divisórias", "dxf_type": "LINE"}, "geometry": {"type": "LineString", "coordinates": [[-54.99427194132417, -10.23369205710483], [-54.9943404740189, -10.23377619619992]]}}, {"type": "Feature", "properties": {"layer": "divisórias", "dxf_type": "LINE"}, "geometry": {"type": "LineString", "coordinates": [[-54.9943404740189, -10.23377619619992], [-54.99415744987758, -10.233917992727301]]}}, {"type": "Feature", "properties": {"layer": "divisórias", "dxf_type": "LINE"}, "geometry": {"type": "LineString", "coordinates": [[-54.994081093513735, -10.234114233579184], [-54.99401755759637, -10.234035117590302]]}}, {"type": "Feature", "properties": {"layer": "divisórias", "dxf_type": "LINE"}, "geometry": {"type": "LineString", "coordinates": [[-54.99401755759637, -10.234035117590302], [-54.99395432222404, -10.233942449139459]]}}, {"type": "Feature", "properties": {"layer": "divisórias", "dxf_type": "LINE"}, "geometry": {"type": "LineString", "coordinates": [[-54.99395432222404, -10.233942449139459], [-54.994089358868756, -10.233833423341315]]}}, {"type": "Feature", "properties": {"layer": "divisórias", "dxf_type": "LINE"}, "geometry": {"type": "LineString", "coordinates": [[-54.99395432222404, -10.233942449139459], [-54.99388818231426, -10.23385599983868]]}}, {"type": "Feature", "properties": {"layer": "divisórias", "dxf_type": "LINE"}, "geometry": {"type": "LineString", "coordinates": [[-54.99388818231426, -10.23385599983868], [-54.99419907741739, -10.233604891190781]]}}, {"type": "Feature", "properties": {"layer": "divisórias", "dxf_type": "LINE"}, "geometry": {"type": "LineString", "coordinates": [[-54.99419907741739, -10.233604891190781], [-54.99427194132417, -10.23369205710483]]}}, {"type": "Feature", "properties": {"layer": "divisórias", "dxf_type": "LINE"}, "geometry": {"type": "LineString", "coordinates": [[-54.99388818231426, -10.23385599983868], [-54.99383462524571, -10.233761388849004]]}}, {"type": "Feature", "properties": {"layer": "divisórias", "dxf_type": "LINE"}, "geometry": {"type": "LineString", "coordinates": [[-54.99419907741739, -10.233604891190781], [-54.994129238819546, -10.233521345138133]]}}, {"type": "Feature", "properties": {"layer": "divisórias", "dxf_type": "LINE"}, "geometry": {"type": "LineString", "coordinates": [[-54.994129238819546, -10.233521345138133], [-54.99383462524571, -10.233761388849004]]}}, {"type": "Feature", "properties": {"layer": "divisórias", "dxf_type": "LINE"}, "geometry": {"type": "LineString", "coordinates": [[-54.99383462524571, -10.233761388849004], [-54.993781069117745, -10.233666777861673]]}}, {"type": "Feature", "properties": {"layer": "divisórias", "dxf_type": "LINE"}, "geometry": {"type": "LineString", "coordinates": [[-54.993781069117745, -10.233666777861673], [-54.994060282480675, -10.23343885396791]]}}, {"type": "Feature", "properties": {"layer": "divisórias", "dxf_type": "LINE"}, "geometry": {"type": "LineString", "coordinates": [[-54.994129238819546, -10.233521345138133], [-54.994060282480675, -10.23343885396791]]}}, {"type": "Feature", "properties": {"layer": "divisórias", "dxf_type": "LINE"}, "geometry": {"type": "LineString", "coordinates": [[-54.994089358868756, -10.233833423341315], [-54.99388613099713, -10.233581015089733]]}}, {"type": "Feature", "properties": {"layer": "divisórias", "dxf_type": "LINE"}, "geometry": {"type": "LineString", "coordinates": [[-54.994478541317534, -10.233943199682123], [-54.99414896629519, -10.23419752167777]]}}, {"type": "Feature", "properties": {"layer": "divisórias", "dxf_type": "LINE"}, "geometry": {"type": "LineString", "coordinates": [[-54.99415744987758, -10.233917992727301], [-54.99401755759637, -10.234035117590302]]}}, {"type": "Feature", "properties": {"layer": "divisórias", "dxf_type": "LINE"}, "geometry": {"type": "LineString", "coordinates": [[-54.99504628358772, -10.235339432507573], [-54.99531794045194, -10.23511956476235]]}}, {"type": "Feature", "properties": {"layer": "divisórias", "dxf_type": "LINE"}, "geometry": {"type": "LineString", "coordinates": [[-54.99531794045194, -10.23511956476235], [-54.99584357949863, -10.23467380786864]]}}, {"type": "Feature", "properties": {"layer": "divisórias", "dxf_type": "LINE"}, "geometry": {"type": "LineString", "coordinates": [[-54.99504628358772, -10.235339432507573], [-54.99442805663097, -10.23458663653826]]}}, {"type": "Feature", "properties": {"layer": "divisórias", "dxf_type": "LINE"}, "geometry": {"type": "LineString", "coordinates": [[-54.99442805663097, -10.23458663653826], [-54.994505712569826, -10.234512275797945]]}}, {"type": "Feature", "properties": {"layer": "divisórias", "dxf_type": "LINE"}, "geometry": {"type": "LineString", "coordinates": [[-54.994505712569826, -10.234512275797945], [-54.99459509244276, -10.23444241197857]]}}, {"type": "Feature", "properties": {"layer": "divisórias", "dxf_type": "LINE"}, "geometry": {"type": "LineString", "coordinates": [[-54.99459509244276, -10.23444241197857], [-54.99468414213838, -10.234372804614315]]}}, {"type": "Feature", "properties": {"layer": "divisórias", "dxf_type": "LINE"}, "geometry": {"type": "LineString", "coordinates": [[-54.99468414213838, -10.234372804614315], [-54.99477431646382, -10.23429703578268]]}}, {"type": "Feature", "properties": {"layer": "divisórias", "dxf_type": "LINE"}, "geometry": {"type": "LineString", "coordinates": [[-54.99477431646382, -10.23429703578268], [-54.995264660823025, -10.234872545243356]]}}, {"type": "Feature", "properties": {"layer": "divisórias", "dxf_type": "LINE"}, "geometry": {"type": "LineString", "coordinates": [[-54.995264660823025, -10.234872545243356], [-54.995409192768676, -10.235042180772608]]}}, {"type": "Feature", "properties": {"layer": "divisórias", "dxf_type": "LINE"}, "geometry": {"type": "LineString", "coordinates": [[-54.995264660823025, -10.234872545243356], [-54.99490368238991, -10.235165791696783]]}}, {"type": "Feature", "properties": {"layer": "divisórias", "dxf_type": "LINE"}, "geometry": {"type": "LineString", "coordinates": [[-54.99507783569445, -10.235024316205452], [-54.995010289743576, -10.234939489053938]]}}, {"type": "Feature", "properties": {"layer": "divisórias", "dxf_type": "LINE"}, "geometry": {"type": "LineString", "coordinates": [[-54.995010289743576, -10.234939489053938], [-54.994938773136354, -10.234858301930053]]}}, {"type": "Feature", "properties": {"layer": "divisórias", "dxf_type": "LINE"}, "geometry": {"type": "LineString", "coordinates": [[-54.994938773136354, -10.234858301930053], [-54.9948709876539, -10.234776170590196]]}}, {"type": "Feature", "properties": {"layer": "divisórias", "dxf_type": "LINE"}, "geometry": {"type": "LineString", "coordinates": [[-54.9948709876539, -10.234776170590196], [-54.99480251220361, -10.234693762910139]]}}, {"type": "Feature", "properties": {"layer": "divisórias", "dxf_type": "LINE"}, "geometry": {"type": "LineString", "coordinates": [[-54.99480251220361, -10.234693762910139], [-54.99473250793158, -10.23460805823608]]}}, {"type": "Feature", "properties": {"layer": "divisórias", "dxf_type": "LINE"}, "geometry": {"type": "LineString", "coordinates": [[-54.99473250793158, -10.23460805823608], [-54.99459509244276, -10.23444241197857]]}}, {"type": "Feature", "properties": {"layer": "divisórias", "dxf_type": "LINE"}, "geometry": {"type": "LineString", "coordinates": [[-54.99507783569445, -10.235024316205452], [-54.995225497761126, -10.235194384187716]]}}, {"type": "Feature", "properties": {"layer": "divisórias", "dxf_type": "LINE"}, "geometry": {"type": "LineString", "coordinates": [[-54.995136580007404, -10.235266349919357], [-54.994990407749874, -10.235095339249257]]}}, {"type": "Feature", "properties": {"layer": "divisórias", "dxf_type": "LINE"}, "geometry": {"type": "LineString", "coordinates": [[-54.995165159037654, -10.234953377454932], [-54.99531794045194, -10.23511956476235]]}}, {"type": "Feature", "properties": {"layer": "divisórias", "dxf_type": "LINE"}, "geometry": {"type": "LineString", "coordinates": [[-54.995194656947724, -10.234790383114113], [-54.99483714650843, -10.235084772633623]]}}, {"type": "Feature", "properties": {"layer": "divisórias", "dxf_type": "LINE"}, "geometry": {"type": "LineString", "coordinates": [[-54.99512383326354, -10.234707258671458], [-54.994768219718765, -10.235000843566722]]}}, {"type": "Feature", "properties": {"layer": "divisórias", "dxf_type": "LINE"}, "geometry": {"type": "LineString", "coordinates": [[-54.99505745760787, -10.234629354658376], [-54.9947002502477, -10.234918079219007]]}}, {"type": "Feature", "properties": {"layer": "divisórias", "dxf_type": "LINE"}, "geometry": {"type": "LineString", "coordinates": [[-54.99498325769388, -10.234542266487264], [-54.99463154270566, -10.234834415431907]]}}, {"type": "Feature", "properties": {"layer": "divisórias", "dxf_type": "LINE"}, "geometry": {"type": "LineString", "coordinates": [[-54.994911661379874, -10.234458235142705], [-54.99456056743641, -10.234747990642044]]}}, {"type": "Feature", "properties": {"layer": "divisórias", "dxf_type": "LINE"}, "geometry": {"type": "LineString", "coordinates": [[-54.994819120556855, -10.23453460861438], [-54.99468414213838, -10.234372804614315]]}}, {"type": "Feature", "properties": {"layer": "divisórias", "dxf_type": "LINE"}, "geometry": {"type": "LineString", "coordinates": [[-54.994505712569826, -10.234512275797945], [-54.994647941940215, -10.234675880868974]]}}, {"type": "Feature", "properties": {"layer": "divisórias", "dxf_type": "LINE"}, "geometry": {"type": "LineString", "coordinates": [[-54.99550141022375, -10.234963977412617], [-54.99488012356321, -10.234217583938772]]}}, {"type": "Feature", "properties": {"layer": "divisórias", "dxf_type": "LINE"}, "geometry": {"type": "LineString", "coordinates": [[-54.99488012356321, -10.234217583938772], [-54.994962724424795, -10.234140196453838]]}}, {"type": "Feature", "properties": {"layer": "divisórias", "dxf_type": "LINE"}, "geometry": {"type": "LineString", "coordinates": [[-54.994962724424795, -10.234140196453838], [-54.9951321128928, -10.233991969894479]]}}, {"type": "Feature", "properties": {"layer": "divisórias", "dxf_type": "LINE"}, "geometry": {"type": "LineString", "coordinates": [[-54.9951321128928, -10.233991969894479], [-54.99522068459545, -10.233924473666786]]}}, {"type": "Feature", "properties": {"layer": "divisórias", "dxf_type": "LINE"}, "geometry": {"type": "LineString", "coordinates": [[-54.99522068459545, -10.233924473666786], [-54.99536528235248, -10.234089383839349]]}}, {"type": "Feature", "properties": {"layer": "divisórias", "dxf_type": "LINE"}, "geometry": {"type": "LineString", "coordinates": [[-54.99536528235248, -10.234089383839349], [-54.99543040594714, -10.234178335045712]]}}, {"type": "Feature", "properties": {"layer": "divisórias", "dxf_type": "LINE"}, "geometry": {"type": "LineString", "coordinates": [[-54.99543040594714, -10.234178335045712], [-54.995502270120106, -10.234255621966227]]}}, {"type": "Feature", "properties": {"layer": "divisórias", "dxf_type": "LINE"}, "geometry": {"type": "LineString", "coordinates": [[-54.995502270120106, -10.234255621966227], [-54.995709551419104, -10.23450879388539]]}}, {"type": "Feature", "properties": {"layer": "divisórias", "dxf_type": "LINE"}, "geometry": {"type": "LineString", "coordinates": [[-54.995709551419104, -10.23450879388539], [-54.99584357949863, -10.23467380786864]]}}, {"type": "Feature", "properties": {"layer": "divisórias", "dxf_type": "LINE"}, "geometry": {"type": "LineString", "coordinates": [[-54.99567480970045, -10.234816930531428], [-54.99504741913427, -10.2340660831919]]}}, {"type": "Feature", "properties": {"layer": "divisórias", "dxf_type": "LINE"}, "geometry": {"type": "LineString", "coordinates": [[-54.99536216196134, -10.234796689415523], [-54.99553653111081, -10.234651441957684]]}}, {"type": "Feature", "properties": {"layer": "divisórias", "dxf_type": "LINE"}, "geometry": {"type": "LineString", "coordinates": [[-54.99553653111081, -10.234651441957684], [-54.995709551419104, -10.23450879388539]]}}, {"type": "Feature", "properties": {"layer": "divisórias", "dxf_type": "LINE"}, "geometry": {"type": "LineString", "coordinates": [[-54.99546788777554, -10.234569291878437], [-54.99529014127013, -10.234710166109974]]}}, {"type": "Feature", "properties": {"layer": "divisórias", "dxf_type": "LINE"}, "geometry": {"type": "LineString", "coordinates": [[-54.99539676899807, -10.234484177946898], [-54.99522145014132, -10.234627644181696]]}}, {"type": "Feature", "properties": {"layer": "divisórias", "dxf_type": "LINE"}, "geometry": {"type": "LineString", "coordinates": [[-54.99539676899807, -10.234484177946898], [-54.995570642967344, -10.234339131670277]]}}, {"type": "Feature", "properties": {"layer": "divisórias", "dxf_type": "LINE"}, "geometry": {"type": "LineString", "coordinates": [[-54.99546788777554, -10.234569291878437], [-54.995641792526946, -10.234426033715627]]}}, {"type": "Feature", "properties": {"layer": "divisórias", "dxf_type": "LINE"}, "geometry": {"type": "LineString", "coordinates": [[-54.9953266076559, -10.23440021065449], [-54.995502270120106, -10.234255621966227]]}}, {"type": "Feature", "properties": {"layer": "divisórias", "dxf_type": "LINE"}, "geometry": {"type": "LineString", "coordinates": [[-54.99532190306267, -10.234394580065825], [-54.995150231116185, -10.23454208305087]]}}, {"type": "Feature", "properties": {"layer": "divisórias", "dxf_type": "LINE"}, "geometry": {"type": "LineString", "coordinates": [[-54.99525666373707, -10.23431650321455], [-54.99508204366369, -10.234460164413129]]}}, {"type": "Feature", "properties": {"layer": "divisórias", "dxf_type": "LINE"}, "geometry": {"type": "LineString", "coordinates": [[-54.99525666373707, -10.23431650321455], [-54.99543040594714, -10.234178335045712]]}}, {"type": "Feature", "properties": {"layer": "divisórias", "dxf_type": "LINE"}, "geometry": {"type": "LineString", "coordinates": [[-54.99518697528437, -10.234233101057637], [-54.99501444407095, -10.234378952640558]]}}, {"type": "Feature", "properties": {"layer": "divisórias", "dxf_type": "LINE"}, "geometry": {"type": "LineString", "coordinates": [[-54.994962724424795, -10.234140196453838], [-54.9951007092405, -10.234306026861619]]}}, {"type": "Feature", "properties": {"layer": "divisórias", "dxf_type": "LINE"}, "geometry": {"type": "LineString", "coordinates": [[-54.99536528235248, -10.234089383839349], [-54.99518957938481, -10.234236217554049]]}}, {"type": "Feature", "properties": {"layer": "divisórias", "dxf_type": "LINE"}, "geometry": {"type": "LineString", "coordinates": [[-54.9952774308882, -10.23416280071256], [-54.9951321128928, -10.233991969894479]]}}, {"type": "Feature", "properties": {"layer": "divisórias", "dxf_type": "LINE"}, "geometry": {"type": "LineString", "coordinates": [[-54.99567480970045, -10.234816930531428], [-54.9957579945747, -10.234746386420053]]}}, {"type": "Feature", "properties": {"layer": "divisórias", "dxf_type": "LINE"}, "geometry": {"type": "LineString", "coordinates": [[-54.9957579945747, -10.234746386420053], [-54.995623040824505, -10.234580118385997]]}}, {"type": "Feature", "properties": {"layer": "divisórias", "dxf_type": "LINE"}, "geometry": {"type": "LineString", "coordinates": [[-54.99595120640799, -10.234600142925798], [-54.99580996152032, -10.234427435541672]]}}, {"type": "Feature", "properties": {"layer": "divisórias", "dxf_type": "LINE"}, "geometry": {"type": "LineString", "coordinates": [[-54.99580996152032, -10.234427435541672], [-54.995735710728646, -10.234336644731584]]}}, {"type": "Feature", "properties": {"layer": "divisórias", "dxf_type": "LINE"}, "geometry": {"type": "LineString", "coordinates": [[-54.995735710728646, -10.234336644731584], [-54.99566957441199, -10.23425577653245]]}}, {"type": "Feature", "properties": {"layer": "divisórias", "dxf_type": "LINE"}, "geometry": {"type": "LineString", "coordinates": [[-54.99566957441199, -10.23425577653245], [-54.995603191250915, -10.234177601398763]]}}, {"type": "Feature", "properties": {"layer": "divisórias", "dxf_type": "LINE"}, "geometry": {"type": "LineString", "coordinates": [[-54.995603191250915, -10.234177601398763], [-54.995531327529704, -10.234092971938265]]}}, {"type": "Feature", "properties": {"layer": "divisórias", "dxf_type": "LINE"}, "geometry": {"type": "LineString", "coordinates": [[-54.995531327529704, -10.234092971938265], [-54.99546139466744, -10.234005757391971]]}}, {"type": "Feature", "properties": {"layer": "divisórias", "dxf_type": "LINE"}, "geometry": {"type": "LineString", "coordinates": [[-54.99595120640799, -10.234600142925798], [-54.996316816510024, -10.234306172361837]]}}, {"type": "Feature", "properties": {"layer": "divisórias", "dxf_type": "LINE"}, "geometry": {"type": "LineString", "coordinates": [[-54.996316816510024, -10.234306172361837], [-54.99616708860984, -10.234129464553021]]}}, {"type": "Feature", "properties": {"layer": "divisórias", "dxf_type": "LINE"}, "geometry": {"type": "LineString", "coordinates": [[-54.99616708860984, -10.234129464553021], [-54.99580996152032, -10.234427435541672]]}}, {"type": "Feature", "properties": {"layer": "divisórias", "dxf_type": "LINE"}, "geometry": {"type": "LineString", "coordinates": [[-54.99605109158788, -10.234519829819822], [-54.99591047307305, -10.234343573011792]]}}, {"type": "Feature", "properties": {"layer": "divisórias", "dxf_type": "LINE"}, "geometry": {"type": "LineString", "coordinates": [[-54.99622589168007, -10.234379281341742], [-54.996077297750354, -10.234204381995642]]}}, {"type": "Feature", "properties": {"layer": "divisórias", "dxf_type": "LINE"}, "geometry": {"type": "LineString", "coordinates": [[-54.99622589168007, -10.234379281341742], [-54.9961408708925, -10.234447643083168]]}}, {"type": "Feature", "properties": {"layer": "divisórias", "dxf_type": "LINE"}, "geometry": {"type": "LineString", "coordinates": [[-54.99605109158788, -10.234519829819822], [-54.99613611332492, -10.234451468115083]]}}, {"type": "Feature", "properties": {"layer": "divisórias", "dxf_type": "LINE"}, "geometry": {"type": "LineString", "coordinates": [[-54.99613611332492, -10.234451468115083], [-54.99598852514855, -10.234278449660895]]}}, {"type": "Feature", "properties": {"layer": "divisórias", "dxf_type": "LINE"}, "geometry": {"type": "LineString", "coordinates": [[-54.99616708860984, -10.234129464553021], [-54.99603016780553, -10.233964568485622]]}}, {"type": "Feature", "properties": {"layer": "divisórias", "dxf_type": "LINE"}, "geometry": {"type": "LineString", "coordinates": [[-54.99603016780553, -10.233964568485622], [-54.99566957441199, -10.23425577653245]]}}, {"type": "Feature", "properties": {"layer": "divisórias", "dxf_type": "LINE"}, "geometry": {"type": "LineString", "coordinates": [[-54.995994568884115, -10.234273406831791], [-54.99585318192997, -10.234107498822047]]}}, {"type": "Feature", "properties": {"layer": "divisórias", "dxf_type": "LINE"}, "geometry": {"type": "LineString", "coordinates": [[-54.99585318192997, -10.234107498822047], [-54.9957124848475, -10.23394699867506]]}}, {"type": "Feature", "properties": {"layer": "divisórias", "dxf_type": "LINE"}, "geometry": {"type": "LineString", "coordinates": [[-54.996098628646926, -10.234047016526173], [-54.995923875386424, -10.234190453283244]]}}, {"type": "Feature", "properties": {"layer": "divisórias", "dxf_type": "LINE"}, "geometry": {"type": "LineString", "coordinates": [[-54.995923875386424, -10.234190453283244], [-54.995735710728646, -10.234336644731584]]}}, {"type": "Feature", "properties": {"layer": "divisórias", "dxf_type": "LINE"}, "geometry": {"type": "LineString", "coordinates": [[-54.99578283291808, -10.234027248298235], [-54.995603191250915, -10.234177601398763]]}}, {"type": "Feature", "properties": {"layer": "divisórias", "dxf_type": "LINE"}, "geometry": {"type": "LineString", "coordinates": [[-54.9957124848475, -10.23394699867506], [-54.995531327529704, -10.234092971938265]]}}, {"type": "Feature", "properties": {"layer": "divisórias", "dxf_type": "LINE"}, "geometry": {"type": "LineString", "coordinates": [[-54.99568448425915, -10.233555617511755], [-54.99559137312878, -10.233621005116449]]}}, {"type": "Feature", "properties": {"layer": "divisórias", "dxf_type": "LINE"}, "geometry": {"type": "LineString", "coordinates": [[-54.99546139466744, -10.234005757391971], [-54.995321485168574, -10.233841951805925]]}}, {"type": "Feature", "properties": {"layer": "divisórias", "dxf_type": "LINE"}, "geometry": {"type": "LineString", "coordinates": [[-54.99559137312878, -10.233621005116449], [-54.995321485168574, -10.233841951805925]]}}, {"type": "Feature", "properties": {"layer": "divisórias", "dxf_type": "LINE"}, "geometry": {"type": "LineString", "coordinates": [[-54.99603016780553, -10.233964568485622], [-54.99568448425915, -10.233555617511755]]}}, {"type": "Feature", "properties": {"layer": "divisórias", "dxf_type": "LINE"}, "geometry": {"type": "LineString", "coordinates": [[-54.99578283291808, -10.234027248298235], [-54.99595871675419, -10.233880040175396]]}}, {"type": "Feature", "properties": {"layer": "divisórias", "dxf_type": "LINE"}, "geometry": {"type": "LineString", "coordinates": [[-54.9957124848475, -10.23394699867506], [-54.99589262023494, -10.23380184697942]]}}, {"type": "Feature", "properties": {"layer": "divisórias", "dxf_type": "LINE"}, "geometry": {"type": "LineString", "coordinates": [[-54.9957124848475, -10.23394699867506], [-54.995500717958585, -10.233695221059547]]}}, {"type": "Feature", "properties": {"layer": "divisórias", "dxf_type": "LINE"}, "geometry": {"type": "LineString", "coordinates": [[-54.99546139466744, -10.234005757391971], [-54.995818544999935, -10.233714213787119]]}}, {"type": "Feature", "properties": {"layer": "divisórias", "dxf_type": "LINE"}, "geometry": {"type": "LineString", "coordinates": [[-54.99559137312878, -10.233621005116449], [-54.995730616429874, -10.233785989727936]]}}, {"type": "Feature", "properties": {"layer": "divisórias", "dxf_type": "LINE"}, "geometry": {"type": "LineString", "coordinates": [[-54.99555043510624, -10.233933072721697], [-54.99541383557342, -10.233766348906235]]}}, {"type": "Feature", "properties": {"layer": "divisórias", "dxf_type": "LINE"}, "geometry": {"type": "LineString", "coordinates": [[-54.99641671901655, -10.234219434129745], [-54.99620561780318, -10.233961796288089]]}}, {"type": "Feature", "properties": {"layer": "divisórias", "dxf_type": "LINE"}, "geometry": {"type": "LineString", "coordinates": [[-54.99620561780318, -10.233961796288089], [-54.99592902937519, -10.233632319897945]]}}, {"type": "Feature", "properties": {"layer": "divisórias", "dxf_type": "LINE"}, "geometry": {"type": "LineString", "coordinates": [[-54.99592902937519, -10.233632319897945], [-54.995792951683406, -10.23346618156615]]}}, {"type": "Feature", "properties": {"layer": "divisórias", "dxf_type": "LINE"}, "geometry": {"type": "LineString", "coordinates": [[-54.995792951683406, -10.23346618156615], [-54.99587781217131, -10.23339322334701]]}}, {"type": "Feature", "properties": {"layer": "divisórias", "dxf_type": "LINE"}, "geometry": {"type": "LineString", "coordinates": [[-54.99587781217131, -10.23339322334701], [-54.99596357974737, -10.233327386364689]]}}, {"type": "Feature", "properties": {"layer": "divisórias", "dxf_type": "LINE"}, "geometry": {"type": "LineString", "coordinates": [[-54.99596357974737, -10.233327386364689], [-54.996051472394, -10.233248944577245]]}}, {"type": "Feature", "properties": {"layer": "divisórias", "dxf_type": "LINE"}, "geometry": {"type": "LineString", "coordinates": [[-54.996051472394, -10.233248944577245], [-54.99613454247861, -10.233180755189574]]}}, {"type": "Feature", "properties": {"layer": "divisórias", "dxf_type": "LINE"}, "geometry": {"type": "LineString", "coordinates": [[-54.99613454247861, -10.233180755189574], [-54.99627933624229, -10.233348796479046]]}}, {"type": "Feature", "properties": {"layer": "divisórias", "dxf_type": "LINE"}, "geometry": {"type": "LineString", "coordinates": [[-54.99627933624229, -10.233348796479046], [-54.99634505776459, -10.23342742026892]]}}, {"type": "Feature", "properties": {"layer": "divisórias", "dxf_type": "LINE"}, "geometry": {"type": "LineString", "coordinates": [[-54.99634505776459, -10.23342742026892], [-54.99641570630337, -10.233512447945007]]}}, {"type": "Feature", "properties": {"layer": "divisórias", "dxf_type": "LINE"}, "geometry": {"type": "LineString", "coordinates": [[-54.99641570630337, -10.233512447945007], [-54.99648496209389, -10.233592706075168]]}}, {"type": "Feature", "properties": {"layer": "divisórias", "dxf_type": "LINE"}, "geometry": {"type": "LineString", "coordinates": [[-54.99648496209389, -10.233592706075168], [-54.99655462244348, -10.23367554196418]]}}, {"type": "Feature", "properties": {"layer": "divisórias", "dxf_type": "LINE"}, "geometry": {"type": "LineString", "coordinates": [[-54.99655462244348, -10.23367554196418], [-54.996770084883444, -10.233928698579723]]}}, {"type": "Feature", "properties": {"layer": "divisórias", "dxf_type": "LINE"}, "geometry": {"type": "LineString", "coordinates": [[-54.996770084883444, -10.233928698579723], [-54.99641671901655, -10.234219434129745]]}}, {"type": "Feature", "properties": {"layer": "divisórias", "dxf_type": "LINE"}, "geometry": {"type": "LineString", "coordinates": [[-54.996593401571346, -10.234074066415824], [-54.99596357974737, -10.233327386364689]]}}, {"type": "Feature", "properties": {"layer": "divisórias", "dxf_type": "LINE"}, "geometry": {"type": "LineString", "coordinates": [[-54.99627933624229, -10.233348796479046], [-54.99592902937519, -10.233632319897945]]}}, {"type": "Feature", "properties": {"layer": "divisórias", "dxf_type": "LINE"}, "geometry": {"type": "LineString", "coordinates": [[-54.99634505776459, -10.23342742026892], [-54.995998817290285, -10.233715452249369]]}}, {"type": "Feature", "properties": {"layer": "divisórias", "dxf_type": "LINE"}, "geometry": {"type": "LineString", "coordinates": [[-54.996240260221164, -10.23365540251592], [-54.99606732352032, -10.233797058109642]]}}, {"type": "Feature", "properties": {"layer": "divisórias", "dxf_type": "LINE"}, "geometry": {"type": "LineString", "coordinates": [[-54.99641570630337, -10.233512447945007], [-54.996240260221164, -10.23365540251592]]}}, {"type": "Feature", "properties": {"layer": "divisórias", "dxf_type": "LINE"}, "geometry": {"type": "LineString", "coordinates": [[-54.996310161209486, -10.233738273374666], [-54.996137075269736, -10.233880147736803]]}}, {"type": "Feature", "properties": {"layer": "divisórias", "dxf_type": "LINE"}, "geometry": {"type": "LineString", "coordinates": [[-54.996310161209486, -10.233738273374666], [-54.99648496209389, -10.233592706075168]]}}, {"type": "Feature", "properties": {"layer": "divisórias", "dxf_type": "LINE"}, "geometry": {"type": "LineString", "coordinates": [[-54.99655462244348, -10.23367554196418], [-54.99637859295843, -10.233819402358693]]}}, {"type": "Feature", "properties": {"layer": "divisórias", "dxf_type": "LINE"}, "geometry": {"type": "LineString", "coordinates": [[-54.99637859295843, -10.233819402358693], [-54.99620561780318, -10.233961796288089]]}}, {"type": "Feature", "properties": {"layer": "divisórias", "dxf_type": "LINE"}, "geometry": {"type": "LineString", "coordinates": [[-54.99662534979582, -10.233758642934792], [-54.99644686441158, -10.233900340523647]]}}, {"type": "Feature", "properties": {"layer": "divisórias", "dxf_type": "LINE"}, "geometry": {"type": "LineString", "coordinates": [[-54.99644686441158, -10.233900340523647], [-54.99627421490344, -10.234045516054596]]}}, {"type": "Feature", "properties": {"layer": "divisórias", "dxf_type": "LINE"}, "geometry": {"type": "LineString", "coordinates": [[-54.99636053967654, -10.23397292830446], [-54.99650623263825, -10.234145786692551]]}}, {"type": "Feature", "properties": {"layer": "divisórias", "dxf_type": "LINE"}, "geometry": {"type": "LineString", "coordinates": [[-54.996678237716026, -10.234004267951757], [-54.99653610757895, -10.233829491748175]]}}, {"type": "Feature", "properties": {"layer": "divisórias", "dxf_type": "LINE"}, "geometry": {"type": "LineString", "coordinates": [[-54.99587781217131, -10.23339322334701], [-54.99601672836711, -10.233561340637138]]}}, {"type": "Feature", "properties": {"layer": "divisórias", "dxf_type": "LINE"}, "geometry": {"type": "LineString", "coordinates": [[-54.996051472394, -10.233248944577245], [-54.9961909613524, -10.233420323968549]]}}, {"type": "Feature", "properties": {"layer": "divisórias", "dxf_type": "LINE"}, "geometry": {"type": "LineString", "coordinates": [[-54.996884125904735, -10.23383902808112], [-54.99686782562257, -10.233838991930915]]}}, {"type": "Feature", "properties": {"layer": "divisórias", "dxf_type": "LINE"}, "geometry": {"type": "LineString", "coordinates": [[-54.99686782562257, -10.233838991930915], [-54.99673188056191, -10.233675322415195]]}}, {"type": "Feature", "properties": {"layer": "divisórias", "dxf_type": "LINE"}, "geometry": {"type": "LineString", "coordinates": [[-54.99673188056191, -10.233675322415195], [-54.99665562005159, -10.233590212333748]]}}, {"type": "Feature", "properties": {"layer": "divisórias", "dxf_type": "LINE"}, "geometry": {"type": "LineString", "coordinates": [[-54.99665562005159, -10.233590212333748], [-54.99658860494101, -10.2335106260813]]}}, {"type": "Feature", "properties": {"layer": "divisórias", "dxf_type": "LINE"}, "geometry": {"type": "LineString", "coordinates": [[-54.99658860494101, -10.2335106260813], [-54.99652108518144, -10.233429298470009]]}}, {"type": "Feature", "properties": {"layer": "divisórias", "dxf_type": "LINE"}, "geometry": {"type": "LineString", "coordinates": [[-54.99652108518144, -10.233429298470009], [-54.996381515434216, -10.233257817450502]]}}, {"type": "Feature", "properties": {"layer": "divisórias", "dxf_type": "LINE"}, "geometry": {"type": "LineString", "coordinates": [[-54.996381515434216, -10.233257817450502], [-54.996239274679795, -10.233094777056824]]}}, {"type": "Feature", "properties": {"layer": "divisórias", "dxf_type": "LINE"}, "geometry": {"type": "LineString", "coordinates": [[-54.996239274679795, -10.233094777056824], [-54.99659761051767, -10.23280032802471]]}}, {"type": "Feature", "properties": {"layer": "divisórias", "dxf_type": "LINE"}, "geometry": {"type": "LineString", "coordinates": [[-54.99659761051767, -10.23280032802471], [-54.996736877922906, -10.232967631857493]]}}, {"type": "Feature", "properties": {"layer": "divisórias", "dxf_type": "LINE"}, "geometry": {"type": "LineString", "coordinates": [[-54.996736877922906, -10.232967631857493], [-54.99680297966977, -10.233049227291064]]}}, {"type": "Feature", "properties": {"layer": "divisórias", "dxf_type": "LINE"}, "geometry": {"type": "LineString", "coordinates": [[-54.99680297966977, -10.233049227291064], [-54.9967949523238, -10.233056550282962]]}}, {"type": "Feature", "properties": {"layer": "divisórias", "dxf_type": "LINE"}, "geometry": {"type": "LineString", "coordinates": [[-54.9967949523238, -10.233056550282962], [-54.996937267227636, -10.233221786568977]]}}, {"type": "Feature", "properties": {"layer": "divisórias", "dxf_type": "LINE"}, "geometry": {"type": "LineString", "coordinates": [[-54.996937267227636, -10.233221786568977], [-54.99707120451759, -10.233385758195777]]}}, {"type": "Feature", "properties": {"layer": "divisórias", "dxf_type": "LINE"}, "geometry": {"type": "LineString", "coordinates": [[-54.99707120451759, -10.233385758195777], [-54.997220098729564, -10.233556921248999]]}}, {"type": "Feature", "properties": {"layer": "divisórias", "dxf_type": "LINE"}, "geometry": {"type": "LineString", "coordinates": [[-54.997220098729564, -10.233556921248999], [-54.996884125904735, -10.23383902808112]]}}, {"type": "Feature", "properties": {"layer": "divisórias", "dxf_type": "LINE"}, "geometry": {"type": "LineString", "coordinates": [[-54.99704590151012, -10.23370318964981], [-54.996896893061354, -10.233531188786566]]}}, {"type": "Feature", "properties": {"layer": "divisórias", "dxf_type": "LINE"}, "geometry": {"type": "LineString", "coordinates": [[-54.996896893061354, -10.233531188786566], [-54.996692387438536, -10.233287292622636]]}}, {"type": "Feature", "properties": {"layer": "divisórias", "dxf_type": "LINE"}, "geometry": {"type": "LineString", "coordinates": [[-54.996692387438536, -10.233287292622636], [-54.996550474423216, -10.2331134380061]]}}, {"type": "Feature", "properties": {"layer": "divisórias", "dxf_type": "LINE"}, "geometry": {"type": "LineString", "coordinates": [[-54.996550474423216, -10.2331134380061], [-54.996412703549325, -10.23295226829677]]}}, {"type": "Feature", "properties": {"layer": "divisórias", "dxf_type": "LINE"}, "geometry": {"type": "LineString", "coordinates": [[-54.99707120451759, -10.233385758195777], [-54.99673188056191, -10.233675322415195]]}}, {"type": "Feature", "properties": {"layer": "divisórias", "dxf_type": "LINE"}, "geometry": {"type": "LineString", "coordinates": [[-54.99713013368463, -10.233632462599221], [-54.99698229602267, -10.233461629614958]]}}, {"type": "Feature", "properties": {"layer": "divisórias", "dxf_type": "LINE"}, "geometry": {"type": "LineString", "coordinates": [[-54.99696167755771, -10.233773909490631], [-54.996815251188046, -10.233604177965438]]}}, {"type": "Feature", "properties": {"layer": "divisórias", "dxf_type": "LINE"}, "geometry": {"type": "LineString", "coordinates": [[-54.996937267227636, -10.233221786568977], [-54.99675720750244, -10.233364597396417]]}}, {"type": "Feature", "properties": {"layer": "divisórias", "dxf_type": "LINE"}, "geometry": {"type": "LineString", "coordinates": [[-54.99675720750244, -10.233364597396417], [-54.99658860494101, -10.2335106260813]]}}, {"type": "Feature", "properties": {"layer": "divisórias", "dxf_type": "LINE"}, "geometry": {"type": "LineString", "coordinates": [[-54.996692387438536, -10.233287292622636], [-54.99652108518144, -10.233429298470009]]}}, {"type": "Feature", "properties": {"layer": "divisórias", "dxf_type": "LINE"}, "geometry": {"type": "LineString", "coordinates": [[-54.996827683423184, -10.23344864770112], [-54.99665562005159, -10.233590212333748]]}}, {"type": "Feature", "properties": {"layer": "divisórias", "dxf_type": "LINE"}, "geometry": {"type": "LineString", "coordinates": [[-54.996827683423184, -10.23344864770112], [-54.99700423631238, -10.233303772389009]]}}, {"type": "Feature", "properties": {"layer": "divisórias", "dxf_type": "LINE"}, "geometry": {"type": "LineString", "coordinates": [[-54.99686610975786, -10.233139168430446], [-54.996692387438536, -10.233287292622636]]}}, {"type": "Feature", "properties": {"layer": "divisórias", "dxf_type": "LINE"}, "geometry": {"type": "LineString", "coordinates": [[-54.9967949523238, -10.233056550282962], [-54.99662143137145, -10.233200364869514]]}}, {"type": "Feature", "properties": {"layer": "divisórias", "dxf_type": "LINE"}, "geometry": {"type": "LineString", "coordinates": [[-54.99662143137145, -10.233200364869514], [-54.99645130074329, -10.233343558419138]]}}, {"type": "Feature", "properties": {"layer": "divisórias", "dxf_type": "LINE"}, "geometry": {"type": "LineString", "coordinates": [[-54.996381515434216, -10.233257817450502], [-54.996736877922906, -10.232967631857493]]}}, {"type": "Feature", "properties": {"layer": "divisórias", "dxf_type": "LINE"}, "geometry": {"type": "LineString", "coordinates": [[-54.996642339687774, -10.233044831657274], [-54.99649876068054, -10.232881553534613]]}}, {"type": "Feature", "properties": {"layer": "divisórias", "dxf_type": "LINE"}, "geometry": {"type": "LineString", "coordinates": [[-54.996469548445155, -10.23318593164211], [-54.996324531990815, -10.233024720006995]]}}, {"type": "Feature", "properties": {"layer": "divisórias", "dxf_type": "LINE"}, "geometry": {"type": "LineString", "coordinates": [[-54.997043619367886, -10.232431288399606], [-54.99669528367351, -10.232720462868691]]}}, {"type": "Feature", "properties": {"layer": "divisórias", "dxf_type": "LINE"}, "geometry": {"type": "LineString", "coordinates": [[-54.99669528367351, -10.232720462868691], [-54.99683654776748, -10.232884430819992]]}}, {"type": "Feature", "properties": {"layer": "divisórias", "dxf_type": "LINE"}, "geometry": {"type": "LineString", "coordinates": [[-54.99683654776748, -10.232884430819992], [-54.996908737239046, -10.232968224078634]]}}, {"type": "Feature", "properties": {"layer": "divisórias", "dxf_type": "LINE"}, "geometry": {"type": "LineString", "coordinates": [[-54.996908737239046, -10.232968224078634], [-54.996976683144005, -10.233047089235003]]}}, {"type": "Feature", "properties": {"layer": "divisórias", "dxf_type": "LINE"}, "geometry": {"type": "LineString", "coordinates": [[-54.996976683144005, -10.233047089235003], [-54.996971504936404, -10.233051346483554]]}}, {"type": "Feature", "properties": {"layer": "divisórias", "dxf_type": "LINE"}, "geometry": {"type": "LineString", "coordinates": [[-54.996971504936404, -10.233051346483554], [-54.997175998751615, -10.233303693194612]]}}, {"type": "Feature", "properties": {"layer": "divisórias", "dxf_type": "LINE"}, "geometry": {"type": "LineString", "coordinates": [[-54.997175998751615, -10.233303693194612], [-54.99731597093883, -10.233476420229685]]}}, {"type": "Feature", "properties": {"layer": "divisórias", "dxf_type": "LINE"}, "geometry": {"type": "LineString", "coordinates": [[-54.99731597093883, -10.233476420229685], [-54.997673748003926, -10.233176004193076]]}}, {"type": "Feature", "properties": {"layer": "divisórias", "dxf_type": "LINE"}, "geometry": {"type": "LineString", "coordinates": [[-54.997673748003926, -10.233176004193076], [-54.99746424577519, -10.232932792707388]]}}, {"type": "Feature", "properties": {"layer": "divisórias", "dxf_type": "LINE"}, "geometry": {"type": "LineString", "coordinates": [[-54.99746424577519, -10.232932792707388], [-54.997043619367886, -10.232431288399606]]}}, {"type": "Feature", "properties": {"layer": "divisórias", "dxf_type": "LINE"}, "geometry": {"type": "LineString", "coordinates": [[-54.997494859552916, -10.233326212277216], [-54.9973507296959, -10.233163946147204]]}}, {"type": "Feature", "properties": {"layer": "divisórias", "dxf_type": "LINE"}, "geometry": {"type": "LineString", "coordinates": [[-54.9973507296959, -10.233163946147204], [-54.99753388503166, -10.23301363693582]]}}, {"type": "Feature", "properties": {"layer": "divisórias", "dxf_type": "LINE"}, "geometry": {"type": "LineString", "coordinates": [[-54.9973507296959, -10.233163946147204], [-54.997175998751615, -10.233303693194612]]}}, {"type": "Feature", "properties": {"layer": "divisórias", "dxf_type": "LINE"}, "geometry": {"type": "LineString", "coordinates": [[-54.99740582121832, -10.233400975728784], [-54.99726336469838, -10.233233819689223]]}}, {"type": "Feature", "properties": {"layer": "divisórias", "dxf_type": "LINE"}, "geometry": {"type": "LineString", "coordinates": [[-54.99757950804019, -10.233255135103358], [-54.997440125129906, -10.233090582363202]]}}, {"type": "Feature", "properties": {"layer": "divisórias", "dxf_type": "LINE"}, "geometry": {"type": "LineString", "coordinates": [[-54.99746424577519, -10.232932792707388], [-54.9971056531966, -10.233216886789478]]}}, {"type": "Feature", "properties": {"layer": "divisórias", "dxf_type": "LINE"}, "geometry": {"type": "LineString", "coordinates": [[-54.9971056531966, -10.233216886789478], [-54.99703710523662, -10.23313229791553]]}}, {"type": "Feature", "properties": {"layer": "divisórias", "dxf_type": "LINE"}, "geometry": {"type": "LineString", "coordinates": [[-54.99703710523662, -10.23313229791553], [-54.99739449152864, -10.23284962648667]]}}, {"type": "Feature", "properties": {"layer": "divisórias", "dxf_type": "LINE"}, "geometry": {"type": "LineString", "coordinates": [[-54.996976683144005, -10.233047089235003], [-54.997324787138496, -10.232766519319101]]}}, {"type": "Feature", "properties": {"layer": "divisórias", "dxf_type": "LINE"}, "geometry": {"type": "LineString", "coordinates": [[-54.996908737239046, -10.232968224078634], [-54.997253932409336, -10.232682041043878]]}}, {"type": "Feature", "properties": {"layer": "divisórias", "dxf_type": "LINE"}, "geometry": {"type": "LineString", "coordinates": [[-54.997183663771374, -10.232598261483377], [-54.99683654776748, -10.232884430819992]]}}, {"type": "Feature", "properties": {"layer": "divisórias", "dxf_type": "LINE"}, "geometry": {"type": "LineString", "coordinates": [[-54.99709451768331, -10.232671755104782], [-54.99694692118459, -10.232511562843792]]}}, {"type": "Feature", "properties": {"layer": "divisórias", "dxf_type": "LINE"}, "geometry": {"type": "LineString", "coordinates": [[-54.99701010584166, -10.232741346665302], [-54.996864694204056, -10.23257982458465]]}}, {"type": "Feature", "properties": {"layer": "divisórias", "dxf_type": "LINE"}, "geometry": {"type": "LineString", "coordinates": [[-54.996923502493665, -10.232812743403596], [-54.9967813966344, -10.232648975496925]]}}, {"type": "Feature", "properties": {"layer": "divisórias", "dxf_type": "LINE"}, "geometry": {"type": "LineString", "coordinates": [[-54.9973507296959, -10.233163946147204], [-54.99715073475562, -10.232906804787847]]}}, {"type": "Feature", "properties": {"layer": "divisórias", "dxf_type": "LINE"}, "geometry": {"type": "LineString", "coordinates": [[-54.99715073475562, -10.232906804787847], [-54.99701010584166, -10.232741346665302]]}}]}