{"type": "FeatureCollection", "name": "fluxo", "crs": {"type": "name", "properties": {"name": "urn:ogc:def:crs:OGC:1.3:CRS84"}}, "properties": {"source": "8be78050_MAPA TRIBUTAÇÃO 2021 (1).dxf", "assumed_crs": "EPSG:4326", "local_crs": false, "note": "Coordenadas locais do desenho (sem CRS). Use base 'Só CAD' no mapa.", "extent": [4300.4554, 2373.7696, 8215.3349, 6186.7838], "georef": true, "transform": {"scale": 1, "rotation_deg": 0, "tx": 713717.6034368816, "ty": 8862616.121289995, "rmse_m": 0, "epsg": 31981}, "layer": "Fluxo", "source_file": "8be78050_MAPA TRIBUTAÇÃO 2021 (1)_georef.geojson", "n_features": 4021}, "features": [{"type": "Feature", "properties": {"layer": "Fluxo", "dxf_type": "LINE"}, "geometry": {"type": "LineString", "coordinates": [[-54.998344036532366, -10.230734416617453], [-54.9983365947322, -10.230726954161252]]}}, {"type": "Feature", "properties": {"layer": "Fluxo", "dxf_type": "LINE"}, "geometry": {"type": "LineString", "coordinates": [[-54.998343055186375, -10.230743643265749], [-54.99832538477886, -10.2307259216506]]}}, {"type": "Feature", "properties": {"layer": "Fluxo", "dxf_type": "LINE"}, "geometry": {"type": "LineString", "coordinates": [[-54.99834207384594, -10.230752869010125], [-54.99831429452714, -10.230725010097519]]}}, {"type": "Feature", "properties": {"layer": "Fluxo", "dxf_type": "LINE"}, "geometry": {"type": "LineString", "coordinates": [[-54.99834109249973, -10.230762095658386], [-54.99830332218027, -10.230724214971342]]}}, {"type": "Feature", "properties": {"layer": "Fluxo", "dxf_type": "LINE"}, "geometry": {"type": "LineString", "coordinates": [[-54.998331615578266, -10.230762801202943], [-54.99829246136748, -10.230723533521154]]}}, {"type": "Feature", "properties": {"layer": "Fluxo", "dxf_type": "LINE"}, "geometry": {"type": "LineString", "coordinates": [[-54.99832042284865, -10.230761786876268], [-54.99828171029199, -10.230722961216282]]}}, {"type": "Feature", "properties": {"layer": "Fluxo", "dxf_type": "LINE"}, "geometry": {"type": "LineString", "coordinates": [[-54.998309354366356, -10.230760896246904], [-54.998271064408115, -10.23072249531702]]}}, {"type": "Feature", "properties": {"layer": "Fluxo", "dxf_type": "LINE"}, "geometry": {"type": "LineString", "coordinates": [[-54.9982984064982, -10.230760126580744], [-54.998260521006536, -10.23072213128707]]}}, {"type": "Feature", "properties": {"layer": "Fluxo", "dxf_type": "LINE"}, "geometry": {"type": "LineString", "coordinates": [[-54.998287572896075, -10.230759471511291], [-54.998250077355316, -10.230721868205745]]}}, {"type": "Feature", "properties": {"layer": "Fluxo", "dxf_type": "LINE"}, "geometry": {"type": "LineString", "coordinates": [[-54.99827685174055, -10.23075893012344], [-54.99823973074514, -10.230721701536774]]}}, {"type": "Feature", "properties": {"layer": "Fluxo", "dxf_type": "LINE"}, "geometry": {"type": "LineString", "coordinates": [[-54.998266238508585, -10.23075849606192], [-54.99822947754284, -10.230721628546029]]}}, {"type": "Feature", "properties": {"layer": "Fluxo", "dxf_type": "LINE"}, "geometry": {"type": "LineString", "coordinates": [[-54.99825573047387, -10.230758167502117], [-54.99821931592902, -10.230721648318411]]}}, {"type": "Feature", "properties": {"layer": "Fluxo", "dxf_type": "LINE"}, "geometry": {"type": "LineString", "coordinates": [[-54.99824532400893, -10.23075794080606], [-54.9982092441069, -10.230721756323268]]}}, {"type": "Feature", "properties": {"layer": "Fluxo", "dxf_type": "LINE"}, "geometry": {"type": "LineString", "coordinates": [[-54.998235016387454, -10.230757814149113], [-54.99819925842634, -10.23072195253816]]}}, {"type": "Feature", "properties": {"layer": "Fluxo", "dxf_type": "LINE"}, "geometry": {"type": "LineString", "coordinates": [[-54.99822480398761, -10.230757782989434], [-54.99818935709056, -10.230722232432429]]}}, {"type": "Feature", "properties": {"layer": "Fluxo", "dxf_type": "LINE"}, "geometry": {"type": "LineString", "coordinates": [[-54.99821468590818, -10.230757845513592], [-54.998179538274485, -10.230722595994841]]}}, {"type": "Feature", "properties": {"layer": "Fluxo", "dxf_type": "LINE"}, "geometry": {"type": "LineString", "coordinates": [[-54.998204658516, -10.230757998987517], [-54.99816980108258, -10.230723040508112]]}}, {"type": "Feature", "properties": {"layer": "Fluxo", "dxf_type": "LINE"}, "geometry": {"type": "LineString", "coordinates": [[-54.99819471908479, -10.230758241586594], [-54.99816014188166, -10.230723563238175]]}}, {"type": "Feature", "properties": {"layer": "Fluxo", "dxf_type": "LINE"}, "geometry": {"type": "LineString", "coordinates": [[-54.99818486671899, -10.230758570593531], [-54.998150559764866, -10.230724163275514]]}}, {"type": "Feature", "properties": {"layer": "Fluxo", "dxf_type": "LINE"}, "geometry": {"type": "LineString", "coordinates": [[-54.99817509778543, -10.23075898327425], [-54.99814105291277, -10.230724839705015]]}}, {"type": "Feature", "properties": {"layer": "Fluxo", "dxf_type": "LINE"}, "geometry": {"type": "LineString", "coordinates": [[-54.99816541137724, -10.230759478719236], [-54.99813161952296, -10.230725588899903]]}}, {"type": "Feature", "properties": {"layer": "Fluxo", "dxf_type": "LINE"}, "geometry": {"type": "LineString", "coordinates": [[-54.998155804768125, -10.230760055103886], [-54.998122258682876, -10.230726410854587]]}}, {"type": "Feature", "properties": {"layer": "Fluxo", "dxf_type": "LINE"}, "geometry": {"type": "LineString", "coordinates": [[-54.998146277062546, -10.230760709710928], [-54.998112967666245, -10.230727303744452]]}}, {"type": "Feature", "properties": {"layer": "Fluxo", "dxf_type": "LINE"}, "geometry": {"type": "LineString", "coordinates": [[-54.998136825534196, -10.230761440715748], [-54.99810374739126, -10.23072826667122]]}}, {"type": "Feature", "properties": {"layer": "Fluxo", "dxf_type": "LINE"}, "geometry": {"type": "LineString", "coordinates": [[-54.99812744836368, -10.23076224720325], [-54.998094593312224, -10.230729296895163]]}}, {"type": "Feature", "properties": {"layer": "Fluxo", "dxf_type": "LINE"}, "geometry": {"type": "LineString", "coordinates": [[-54.99810891349126, -10.230764079372767], [-54.99807823221848, -10.230733308233061]]}}, {"type": "Feature", "properties": {"layer": "Fluxo", "dxf_type": "LINE"}, "geometry": {"type": "LineString", "coordinates": [[-54.998099753074385, -10.23076510142239], [-54.99807064612575, -10.230735910079567]]}}, {"type": "Feature", "properties": {"layer": "Fluxo", "dxf_type": "LINE"}, "geometry": {"type": "LineString", "coordinates": [[-54.99809148228721, -10.230767017499948], [-54.99806298294885, -10.230738434618297]]}}, {"type": "Feature", "properties": {"layer": "Fluxo", "dxf_type": "LINE"}, "geometry": {"type": "LineString", "coordinates": [[-54.998083907983, -10.230769631170133], [-54.998055241775255, -10.230740881843623]]}}, {"type": "Feature", "properties": {"layer": "Fluxo", "dxf_type": "LINE"}, "geometry": {"type": "LineString", "coordinates": [[-54.99807626203584, -10.230772172989564], [-54.99804742170375, -10.230743249942128]]}}, {"type": "Feature", "properties": {"layer": "Fluxo", "dxf_type": "LINE"}, "geometry": {"type": "LineString", "coordinates": [[-54.99806854171946, -10.230774641133562], [-54.99803952092629, -10.230745536190966]]}}, {"type": "Feature", "properties": {"layer": "Fluxo", "dxf_type": "LINE"}, "geometry": {"type": "LineString", "coordinates": [[-54.99806074795207, -10.230777034703914], [-54.99803153762346, -10.230747739674975]]}}, {"type": "Feature", "properties": {"layer": "Fluxo", "dxf_type": "LINE"}, "geometry": {"type": "LineString", "coordinates": [[-54.99805287710051, -10.230779350966445], [-54.99802346997585, -10.230749859479062]]}}, {"type": "Feature", "properties": {"layer": "Fluxo", "dxf_type": "LINE"}, "geometry": {"type": "LineString", "coordinates": [[-54.99804492915913, -10.230781590825073], [-54.99801531708793, -10.230751892885928]]}}, {"type": "Feature", "properties": {"layer": "Fluxo", "dxf_type": "LINE"}, "geometry": {"type": "LineString", "coordinates": [[-54.99803690232553, -10.230783750653002], [-54.99800707532656, -10.230753837161478]]}}, {"type": "Feature", "properties": {"layer": "Fluxo", "dxf_type": "LINE"}, "geometry": {"type": "LineString", "coordinates": [[-54.9980287947803, -10.230785829535114], [-54.99799874469175, -10.230755692305664]]}}, {"type": "Feature", "properties": {"layer": "Fluxo", "dxf_type": "LINE"}, "geometry": {"type": "LineString", "coordinates": [[-54.99802060470404, -10.230787826556298], [-54.99799032064348, -10.23075745467489]]}}, {"type": "Feature", "properties": {"layer": "Fluxo", "dxf_type": "LINE"}, "geometry": {"type": "LineString", "coordinates": [[-54.99801233029434, -10.23078973808975], [-54.997981803193085, -10.23075912246138]]}}, {"type": "Feature", "properties": {"layer": "Fluxo", "dxf_type": "LINE"}, "geometry": {"type": "LineString", "coordinates": [[-54.99800397063866, -10.23079156412986], [-54.99797318780056, -10.230760692021477]]}}, {"type": "Feature", "properties": {"layer": "Fluxo", "dxf_type": "LINE"}, "geometry": {"type": "LineString", "coordinates": [[-54.997995522103885, -10.230793301942523], [-54.9979644726465, -10.230762162440099]]}}, {"type": "Feature", "properties": {"layer": "Fluxo", "dxf_type": "LINE"}, "geometry": {"type": "LineString", "coordinates": [[-54.99798698470133, -10.230794949719924], [-54.997955029280554, -10.230762901625063]]}}, {"type": "Feature", "properties": {"layer": "Fluxo", "dxf_type": "LINE"}, "geometry": {"type": "LineString", "coordinates": [[-54.99797835389099, -10.230796503818462], [-54.99794378214804, -10.2307618318117]]}}, {"type": "Feature", "properties": {"layer": "Fluxo", "dxf_type": "LINE"}, "geometry": {"type": "LineString", "coordinates": [[-54.99796962785346, -10.230797963323026], [-54.99793263295775, -10.230760860224107]]}}, {"type": "Feature", "properties": {"layer": "Fluxo", "dxf_type": "LINE"}, "geometry": {"type": "LineString", "coordinates": [[-54.997950046450406, -10.230798745918486], [-54.99791062023627, -10.230759204444633]]}}, {"type": "Feature", "properties": {"layer": "Fluxo", "dxf_type": "LINE"}, "geometry": {"type": "LineString", "coordinates": [[-54.9979388120129, -10.230797688837729], [-54.9978997512695, -10.230758513891862]]}}, {"type": "Feature", "properties": {"layer": "Fluxo", "dxf_type": "LINE"}, "geometry": {"type": "LineString", "coordinates": [[-54.9979276791451, -10.230796733620766], [-54.99788897026366, -10.230757912464266]]}}, {"type": "Feature", "properties": {"layer": "Fluxo", "dxf_type": "LINE"}, "geometry": {"type": "LineString", "coordinates": [[-54.997916644219515, -10.230795876629564], [-54.99787827631753, -10.23075739834846]]}}, {"type": "Feature", "properties": {"layer": "Fluxo", "dxf_type": "LINE"}, "geometry": {"type": "LineString", "coordinates": [[-54.99790570360299, -10.23079511513004], [-54.997867666716154, -10.230756967912049]]}}, {"type": "Feature", "properties": {"layer": "Fluxo", "dxf_type": "LINE"}, "geometry": {"type": "LineString", "coordinates": [[-54.99789485639996, -10.230794446404905], [-54.99785713964578, -10.230756619336038]]}}, {"type": "Feature", "properties": {"layer": "Fluxo", "dxf_type": "LINE"}, "geometry": {"type": "LineString", "coordinates": [[-54.99788409988414, -10.230793868629577], [-54.997846691461916, -10.230756351694113]]}}, {"type": "Feature", "properties": {"layer": "Fluxo", "dxf_type": "LINE"}, "geometry": {"type": "LineString", "coordinates": [[-54.9978734313349, -10.23079337907553], [-54.997836323088414, -10.23075616318409]]}}, {"type": "Feature", "properties": {"layer": "Fluxo", "dxf_type": "LINE"}, "geometry": {"type": "LineString", "coordinates": [[-54.99786284802597, -10.230792975918174], [-54.9978260299796, -10.230756051066255]]}}, {"type": "Feature", "properties": {"layer": "Fluxo", "dxf_type": "LINE"}, "geometry": {"type": "LineString", "coordinates": [[-54.99785234906177, -10.23079265644022], [-54.99781581214111, -10.230756014436738]]}}, {"type": "Feature", "properties": {"layer": "Fluxo", "dxf_type": "LINE"}, "geometry": {"type": "LineString", "coordinates": [[-54.99784193080351, -10.23079241881147], [-54.99780566776487, -10.230756050572632]]}}, {"type": "Feature", "properties": {"layer": "Fluxo", "dxf_type": "LINE"}, "geometry": {"type": "LineString", "coordinates": [[-54.99783159326248, -10.23079226122412], [-54.997795595944, -10.230756158564448]]}}, {"type": "Feature", "properties": {"layer": "Fluxo", "dxf_type": "LINE"}, "geometry": {"type": "LineString", "coordinates": [[-54.99782133280554, -10.230792180944102], [-54.99778559303402, -10.230756337485852]]}}, {"type": "Feature", "properties": {"layer": "Fluxo", "dxf_type": "LINE"}, "geometry": {"type": "LineString", "coordinates": [[-54.997811149432685, -10.23079217797138], [-54.997775659958776, -10.230756585534701]]}}, {"type": "Feature", "properties": {"layer": "Fluxo", "dxf_type": "LINE"}, "geometry": {"type": "LineString", "coordinates": [[-54.99780103951074, -10.230792249571856], [-54.99776579307945, -10.230756900880724]]}}, {"type": "Feature", "properties": {"layer": "Fluxo", "dxf_type": "LINE"}, "geometry": {"type": "LineString", "coordinates": [[-54.99779100305104, -10.230792393937767], [-54.99775599331424, -10.230757282625708]]}}, {"type": "Feature", "properties": {"layer": "Fluxo", "dxf_type": "LINE"}, "geometry": {"type": "LineString", "coordinates": [[-54.99778103823417, -10.230792610154], [-54.99774625884374, -10.230757729854506]]}}, {"type": "Feature", "properties": {"layer": "Fluxo", "dxf_type": "LINE"}, "geometry": {"type": "LineString", "coordinates": [[-54.99777114324638, -10.230792896401551], [-54.997736586941656, -10.230758240742528]]}}, {"type": "Feature", "properties": {"layer": "Fluxo", "dxf_type": "LINE"}, "geometry": {"type": "LineString", "coordinates": [[-54.99776131626825, -10.230793251765316], [-54.997726978526174, -10.230758814391484]]}}, {"type": "Feature", "properties": {"layer": "Fluxo", "dxf_type": "LINE"}, "geometry": {"type": "LineString", "coordinates": [[-54.997751556404246, -10.230793673528005], [-54.997717430871035, -10.230759448976768]]}}, {"type": "Feature", "properties": {"layer": "Fluxo", "dxf_type": "LINE"}, "geometry": {"type": "LineString", "coordinates": [[-54.99774186274181, -10.230794161684054], [-54.997707943976216, -10.230760144498385]]}}, {"type": "Feature", "properties": {"layer": "Fluxo", "dxf_type": "LINE"}, "geometry": {"type": "LineString", "coordinates": [[-54.99773223346154, -10.230794715318291], [-54.997698516027974, -10.230760899137337]]}}, {"type": "Feature", "properties": {"layer": "Fluxo", "dxf_type": "LINE"}, "geometry": {"type": "LineString", "coordinates": [[-54.99772266766788, -10.230795331713509], [-54.99768914611377, -10.230761712888018]]}}, {"type": "Feature", "properties": {"layer": "Fluxo", "dxf_type": "LINE"}, "geometry": {"type": "LineString", "coordinates": [[-54.997713163535764, -10.230796010858421], [-54.9976798333324, -10.230762583937027]]}}, {"type": "Feature", "properties": {"layer": "Fluxo", "dxf_type": "LINE"}, "geometry": {"type": "LineString", "coordinates": [[-54.9977037210765, -10.230796750945307], [-54.997670577689505, -10.230763511380491]]}}, {"type": "Feature", "properties": {"layer": "Fluxo", "dxf_type": "LINE"}, "geometry": {"type": "LineString", "coordinates": [[-54.99769433937756, -10.230797551968513], [-54.99766137736568, -10.230764494303312]]}}, {"type": "Feature", "properties": {"layer": "Fluxo", "dxf_type": "LINE"}, "geometry": {"type": "LineString", "coordinates": [[-54.997685015718325, -10.230798411199576], [-54.99765223145406, -10.230765531795981]]}}, {"type": "Feature", "properties": {"layer": "Fluxo", "dxf_type": "LINE"}, "geometry": {"type": "LineString", "coordinates": [[-54.99767575009312, -10.230799329542362], [-54.997643139042104, -10.23076662385288]]}}, {"type": "Feature", "properties": {"layer": "Fluxo", "dxf_type": "LINE"}, "geometry": {"type": "LineString", "coordinates": [[-54.99766654251328, -10.23080030518911], [-54.99763410014112, -10.23076776866624]]}}, {"type": "Feature", "properties": {"layer": "Fluxo", "dxf_type": "LINE"}, "geometry": {"type": "LineString", "coordinates": [[-54.9976573902525, -10.230801336315215], [-54.99762511293172, -10.230768965320944]]}}, {"type": "Feature", "properties": {"layer": "Fluxo", "dxf_type": "LINE"}, "geometry": {"type": "LineString", "coordinates": [[-54.99764829330514, -10.230802423824548], [-54.99761617741389, -10.230770213817]]}}, {"type": "Feature", "properties": {"layer": "Fluxo", "dxf_type": "LINE"}, "geometry": {"type": "LineString", "coordinates": [[-54.99763925077563, -10.230803564999855], [-54.99760729176254, -10.2307715141432]]}}, {"type": "Feature", "properties": {"layer": "Fluxo", "dxf_type": "LINE"}, "geometry": {"type": "LineString", "coordinates": [[-54.997630261745776, -10.230804760739398], [-54.99759845690722, -10.230772863593481]]}}, {"type": "Feature", "properties": {"layer": "Fluxo", "dxf_type": "LINE"}, "geometry": {"type": "LineString", "coordinates": [[-54.997621326226906, -10.23080600923542], [-54.997589671022844, -10.230774262156606]]}}, {"type": "Feature", "properties": {"layer": "Fluxo", "dxf_type": "LINE"}, "geometry": {"type": "LineString", "coordinates": [[-54.9976124423996, -10.230807309572802], [-54.997580934109415, -10.230775709832608]]}}, {"type": "Feature", "properties": {"layer": "Fluxo", "dxf_type": "LINE"}, "geometry": {"type": "LineString", "coordinates": [[-54.99760360935134, -10.230808661745908], [-54.997572245260045, -10.230777205711965]]}}, {"type": "Feature", "properties": {"layer": "Fluxo", "dxf_type": "LINE"}, "geometry": {"type": "LineString", "coordinates": [[-54.997594827093415, -10.230810063947008], [-54.99756360265533, -10.230778748879574]]}}, {"type": "Feature", "properties": {"layer": "Fluxo", "dxf_type": "LINE"}, "geometry": {"type": "LineString", "coordinates": [[-54.997586095620186, -10.230811517079971], [-54.99755500812035, -10.230780339346664]]}}, {"type": "Feature", "properties": {"layer": "Fluxo", "dxf_type": "LINE"}, "geometry": {"type": "LineString", "coordinates": [[-54.99757741221103, -10.230813018416297], [-54.99754645892881, -10.230781975288616]]}}, {"type": "Feature", "properties": {"layer": "Fluxo", "dxf_type": "LINE"}, "geometry": {"type": "LineString", "coordinates": [[-54.99756877777281, -10.230814568865496], [-54.997537955075046, -10.230783657609331]]}}, {"type": "Feature", "properties": {"layer": "Fluxo", "dxf_type": "LINE"}, "geometry": {"type": "LineString", "coordinates": [[-54.99756019048612, -10.230816167512451], [-54.997529496570394, -10.230785384501036]]}}, {"type": "Feature", "properties": {"layer": "Fluxo", "dxf_type": "LINE"}, "geometry": {"type": "LineString", "coordinates": [[-54.997551651269156, -10.230817813458884], [-54.99752108249663, -10.230787156861991]]}}, {"type": "Feature", "properties": {"layer": "Fluxo", "dxf_type": "LINE"}, "geometry": {"type": "LineString", "coordinates": [[-54.99754315829684, -10.230819506693576], [-54.99751271287076, -10.230788971980543]]}}, {"type": "Feature", "properties": {"layer": "Fluxo", "dxf_type": "LINE"}, "geometry": {"type": "LineString", "coordinates": [[-54.9975347115805, -10.230821245408762], [-54.99750438585638, -10.230790831653254]]}}, {"type": "Feature", "properties": {"layer": "Fluxo", "dxf_type": "LINE"}, "geometry": {"type": "LineString", "coordinates": [[-54.997526310201934, -10.230823030502707], [-54.99749610237735, -10.230792734077951]]}}, {"type": "Feature", "properties": {"layer": "Fluxo", "dxf_type": "LINE"}, "geometry": {"type": "LineString", "coordinates": [[-54.99751795417248, -10.230824860167647], [-54.99748786152113, -10.230794679249037]]}}, {"type": "Feature", "properties": {"layer": "Fluxo", "dxf_type": "LINE"}, "geometry": {"type": "LineString", "coordinates": [[-54.99750964257957, -10.230826734397958], [-54.99747966146831, -10.230796666251372]]}}, {"type": "Feature", "properties": {"layer": "Fluxo", "dxf_type": "LINE"}, "geometry": {"type": "LineString", "coordinates": [[-54.99750137451636, -10.23082865228416], [-54.997471504043965, -10.23079869509621]]}}, {"type": "Feature", "properties": {"layer": "Fluxo", "dxf_type": "LINE"}, "geometry": {"type": "LineString", "coordinates": [[-54.99749314998283, -10.230830613826235], [-54.99746338742302, -10.23080076577232]]}}, {"type": "Feature", "properties": {"layer": "Fluxo", "dxf_type": "LINE"}, "geometry": {"type": "LineString", "coordinates": [[-54.997484968066445, -10.23083261901858], [-54.99745531161679, -10.230802876471929]]}}, {"type": "Feature", "properties": {"layer": "Fluxo", "dxf_type": "LINE"}, "geometry": {"type": "LineString", "coordinates": [[-54.99747682877854, -10.230834666053433], [-54.99744727571276, -10.230805027189422]]}}, {"type": "Feature", "properties": {"layer": "Fluxo", "dxf_type": "LINE"}, "geometry": {"type": "LineString", "coordinates": [[-54.99746873211344, -10.230836755834673], [-54.997440360693645, -10.230808302955598]]}}, {"type": "Feature", "properties": {"layer": "Fluxo", "dxf_type": "LINE"}, "geometry": {"type": "LineString", "coordinates": [[-54.997460676251734, -10.230838887447181], [-54.99743384108084, -10.230811973456888]]}}, {"type": "Feature", "properties": {"layer": "Fluxo", "dxf_type": "LINE"}, "geometry": {"type": "LineString", "coordinates": [[-54.99745389364054, -10.230842295096986], [-54.99742718633302, -10.230815510249927]]}}, {"type": "Feature", "properties": {"layer": "Fluxo", "dxf_type": "LINE"}, "geometry": {"type": "LineString", "coordinates": [[-54.9974472905894, -10.230845882828104], [-54.99742039556032, -10.23081890971354]]}}, {"type": "Feature", "properties": {"layer": "Fluxo", "dxf_type": "LINE"}, "geometry": {"type": "LineString", "coordinates": [[-54.99744056601193, -10.230849349589619], [-54.997413464217075, -10.230822169107983]]}}, {"type": "Feature", "properties": {"layer": "Fluxo", "dxf_type": "LINE"}, "geometry": {"type": "LineString", "coordinates": [[-54.99743371810008, -10.230852692658619], [-54.99740638868714, -10.230825282987475]]}}, {"type": "Feature", "properties": {"layer": "Fluxo", "dxf_type": "LINE"}, "geometry": {"type": "LineString", "coordinates": [[-54.997426744144576, -10.23085590749884], [-54.99739916533171, -10.23082824952175]]}}, {"type": "Feature", "properties": {"layer": "Fluxo", "dxf_type": "LINE"}, "geometry": {"type": "LineString", "coordinates": [[-54.997419640500944, -10.230858993183913], [-54.997391789627784, -10.230831062355515]]}}, {"type": "Feature", "properties": {"layer": "Fluxo", "dxf_type": "LINE"}, "geometry": {"type": "LineString", "coordinates": [[-54.99741240354172, -10.230861946075812], [-54.9973842561285, -10.230833716935638]]}}, {"type": "Feature", "properties": {"layer": "Fluxo", "dxf_type": "LINE"}, "geometry": {"type": "LineString", "coordinates": [[-54.99740502965076, -10.230864760728762], [-54.99737655848009, -10.230836207799504]]}}, {"type": "Feature", "properties": {"layer": "Fluxo", "dxf_type": "LINE"}, "geometry": {"type": "LineString", "coordinates": [[-54.99739751518926, -10.230867435312499], [-54.99736869125838, -10.23083852677837]]}}, {"type": "Feature", "properties": {"layer": "Fluxo", "dxf_type": "LINE"}, "geometry": {"type": "LineString", "coordinates": [[-54.99738985563422, -10.230869963471749], [-54.997360645372, -10.230840668392794]]}}, {"type": "Feature", "properties": {"layer": "Fluxo", "dxf_type": "LINE"}, "geometry": {"type": "LineString", "coordinates": [[-54.99738204462623, -10.230872340647746], [-54.997352413577346, -10.230842623558965]]}}, {"type": "Feature", "properties": {"layer": "Fluxo", "dxf_type": "LINE"}, "geometry": {"type": "LineString", "coordinates": [[-54.99737407855482, -10.23087456049081], [-54.997343986817086, -10.23084438137404]]}}, {"type": "Feature", "properties": {"layer": "Fluxo", "dxf_type": "LINE"}, "geometry": {"type": "LineString", "coordinates": [[-54.997365949235515, -10.230876618430946], [-54.99733535237238, -10.230845932720548]]}}, {"type": "Feature", "properties": {"layer": "Fluxo", "dxf_type": "LINE"}, "geometry": {"type": "LineString", "coordinates": [[-54.9973576494247, -10.230878505384378], [-54.99732650028471, -10.230847264882275]]}}, {"type": "Feature", "properties": {"layer": "Fluxo", "dxf_type": "LINE"}, "geometry": {"type": "LineString", "coordinates": [[-54.99734917277997, -10.230880214080647], [-54.9973174142191, -10.230848363295934]]}}, {"type": "Feature", "properties": {"layer": "Fluxo", "dxf_type": "LINE"}, "geometry": {"type": "LineString", "coordinates": [[-54.99734050932012, -10.230881735419137], [-54.997308078770125, -10.230849210692172]]}}, {"type": "Feature", "properties": {"layer": "Fluxo", "dxf_type": "LINE"}, "geometry": {"type": "LineString", "coordinates": [[-54.99733164997646, -10.230883060304807], [-54.99729847397537, -10.230849788869694]]}}, {"type": "Feature", "properties": {"layer": "Fluxo", "dxf_type": "LINE"}, "geometry": {"type": "LineString", "coordinates": [[-54.99732258114031, -10.23088417599896], [-54.997288577174466, -10.230850073283145]]}}, {"type": "Feature", "properties": {"layer": "Fluxo", "dxf_type": "LINE"}, "geometry": {"type": "LineString", "coordinates": [[-54.997313291940586, -10.230885069779792], [-54.997278360248835, -10.2308500366418]]}}, {"type": "Feature", "properties": {"layer": "Fluxo", "dxf_type": "LINE"}, "geometry": {"type": "LineString", "coordinates": [[-54.997303766048006, -10.23088572618012], [-54.997267101325136, -10.230848955885246]]}}, {"type": "Feature", "properties": {"layer": "Fluxo", "dxf_type": "LINE"}, "geometry": {"type": "LineString", "coordinates": [[-54.99729398531954, -10.230886127913756], [-54.99725557760719, -10.230847607745696]]}}, {"type": "Feature", "properties": {"layer": "Fluxo", "dxf_type": "LINE"}, "geometry": {"type": "LineString", "coordinates": [[-54.9972839307223, -10.230886254073361], [-54.99724430961512, -10.230846517893356]]}}, {"type": "Feature", "properties": {"layer": "Fluxo", "dxf_type": "LINE"}, "geometry": {"type": "LineString", "coordinates": [[-54.99727357776518, -10.230886081006215], [-54.99723328104224, -10.230845667245525]]}}, {"type": "Feature", "properties": {"layer": "Fluxo", "dxf_type": "LINE"}, "geometry": {"type": "LineString", "coordinates": [[-54.997262091221806, -10.230884771060152], [-54.9972224764661, -10.230845041244542]]}}, {"type": "Feature", "properties": {"layer": "Fluxo", "dxf_type": "LINE"}, "geometry": {"type": "LineString", "coordinates": [[-54.99725058472183, -10.23088344200852], [-54.997211880464214, -10.2308446253328]]}}, {"type": "Feature", "properties": {"layer": "Fluxo", "dxf_type": "LINE"}, "geometry": {"type": "LineString", "coordinates": [[-54.99723935028839, -10.230882384903502], [-54.99720148307235, -10.230844407697989]]}}, {"type": "Feature", "properties": {"layer": "Fluxo", "dxf_type": "LINE"}, "geometry": {"type": "LineString", "coordinates": [[-54.997228368871525, -10.230881581549411], [-54.99719127249553, -10.230844377420452]]}}, {"type": "Feature", "properties": {"layer": "Fluxo", "dxf_type": "LINE"}, "geometry": {"type": "LineString", "coordinates": [[-54.99721762232816, -10.230881014660138], [-54.997181237845616, -10.230844524490077]]}}, {"type": "Feature", "properties": {"layer": "Fluxo", "dxf_type": "LINE"}, "geometry": {"type": "LineString", "coordinates": [[-54.99720709524716, -10.230880667870224], [-54.99717137187899, -10.230844839823074]]}}, {"type": "Feature", "properties": {"layer": "Fluxo", "dxf_type": "LINE"}, "geometry": {"type": "LineString", "coordinates": [[-54.99719677585055, -10.230880527548411], [-54.997161666428156, -10.230845316137813]]}}, {"type": "Feature", "properties": {"layer": "Fluxo", "dxf_type": "LINE"}, "geometry": {"type": "LineString", "coordinates": [[-54.99718665051259, -10.23088058366769], [-54.99715211423814, -10.23084594615827]]}}, {"type": "Feature", "properties": {"layer": "Fluxo", "dxf_type": "LINE"}, "geometry": {"type": "LineString", "coordinates": [[-54.99717670927472, -10.230880823511878], [-54.99714270804831, -10.230846723512354]]}}, {"type": "Feature", "properties": {"layer": "Fluxo", "dxf_type": "LINE"}, "geometry": {"type": "LineString", "coordinates": [[-54.997166943062545, -10.230881238889861], [-54.99713344242877, -10.230847640935242]]}}, {"type": "Feature", "properties": {"layer": "Fluxo", "dxf_type": "LINE"}, "geometry": {"type": "LineString", "coordinates": [[-54.997157342801714, -10.23088182161051], [-54.99712431192696, -10.230848694777714]]}}, {"type": "Feature", "properties": {"layer": "Fluxo", "dxf_type": "LINE"}, "geometry": {"type": "LineString", "coordinates": [[-54.997147901248574, -10.230882562590008], [-54.997115311113006, -10.230849877774993]]}}, {"type": "Feature", "properties": {"layer": "Fluxo", "dxf_type": "LINE"}, "geometry": {"type": "LineString", "coordinates": [[-54.99713861114252, -10.230883455456267], [-54.99710643634808, -10.230851188096846]]}}, {"type": "Feature", "properties": {"layer": "Fluxo", "dxf_type": "LINE"}, "geometry": {"type": "LineString", "coordinates": [[-54.99712946612975, -10.230884494746652], [-54.99709768311483, -10.230852618484079]]}}, {"type": "Feature", "properties": {"layer": "Fluxo", "dxf_type": "LINE"}, "geometry": {"type": "LineString", "coordinates": [[-54.99712046078041, -10.230885673196356], [-54.997089045949366, -10.230854167095277]]}}, {"type": "Feature", "properties": {"layer": "Fluxo", "dxf_type": "LINE"}, "geometry": {"type": "LineString", "coordinates": [[-54.997111588735066, -10.230886986246666], [-54.99708052305494, -10.230855829399747]]}}, {"type": "Feature", "properties": {"layer": "Fluxo", "dxf_type": "LINE"}, "geometry": {"type": "LineString", "coordinates": [[-54.997102846377544, -10.230888428451797], [-54.99707210988587, -10.230857602657757]]}}, {"type": "Feature", "properties": {"layer": "Fluxo", "dxf_type": "LINE"}, "geometry": {"type": "LineString", "coordinates": [[-54.99709422916785, -10.230889996168136], [-54.997063804639744, -10.230859483242543]]}}, {"type": "Feature", "properties": {"layer": "Fluxo", "dxf_type": "LINE"}, "geometry": {"type": "LineString", "coordinates": [[-54.997085731659084, -10.230891684842526], [-54.99705560277654, -10.23086146751047]]}}, {"type": "Feature", "properties": {"layer": "Fluxo", "dxf_type": "LINE"}, "geometry": {"type": "LineString", "coordinates": [[-54.9970773520545, -10.230893489944352], [-54.997047502482516, -10.230863553642559]]}}, {"type": "Feature", "properties": {"layer": "Fluxo", "dxf_type": "LINE"}, "geometry": {"type": "LineString", "coordinates": [[-54.9970690848902, -10.23089540963211], [-54.9970395010314, -10.230865739814165]]}}, {"type": "Feature", "properties": {"layer": "Fluxo", "dxf_type": "LINE"}, "geometry": {"type": "LineString", "coordinates": [[-54.99706092745693, -10.230897439369558], [-54.99703159571391, -10.23086802148903]]}}, {"type": "Feature", "properties": {"layer": "Fluxo", "dxf_type": "LINE"}, "geometry": {"type": "LineString", "coordinates": [[-54.99705287795226, -10.230899575529907], [-54.997023784710635, -10.230870397752044]]}}, {"type": "Feature", "properties": {"layer": "Fluxo", "dxf_type": "LINE"}, "geometry": {"type": "LineString", "coordinates": [[-54.99704493181917, -10.230901817181188], [-54.9970160652953, -10.230872866778574]]}}, {"type": "Feature", "properties": {"layer": "Fluxo", "dxf_type": "LINE"}, "geometry": {"type": "LineString", "coordinates": [[-54.997037088167794, -10.230904160702243], [-54.99700843657235, -10.230875425851355]]}}, {"type": "Feature", "properties": {"layer": "Fluxo", "dxf_type": "LINE"}, "geometry": {"type": "LineString", "coordinates": [[-54.99702934245245, -10.230906603353365], [-54.997000895815525, -10.230878073145773]]}}, {"type": "Feature", "properties": {"layer": "Fluxo", "dxf_type": "LINE"}, "geometry": {"type": "LineString", "coordinates": [[-54.99702169377759, -10.230909142417225], [-54.996993441205404, -10.230880807746697]]}}, {"type": "Feature", "properties": {"layer": "Fluxo", "dxf_type": "LINE"}, "geometry": {"type": "LineString", "coordinates": [[-54.997014140323806, -10.230911776978772], [-54.996986071846464, -10.230883626936874]]}}, {"type": "Feature", "properties": {"layer": "Fluxo", "dxf_type": "LINE"}, "geometry": {"type": "LineString", "coordinates": [[-54.99700667937049, -10.230914504309466], [-54.99697878591361, -10.23088653070508]]}}, {"type": "Feature", "properties": {"layer": "Fluxo", "dxf_type": "LINE"}, "geometry": {"type": "LineString", "coordinates": [[-54.99699930819136, -10.230917322584693], [-54.99697158160445, -10.230889515424503]]}}, {"type": "Feature", "properties": {"layer": "Fluxo", "dxf_type": "LINE"}, "geometry": {"type": "LineString", "coordinates": [[-54.99699202770463, -10.230920230906191], [-54.99696445800077, -10.230892581993466]]}}, {"type": "Feature", "properties": {"layer": "Fluxo", "dxf_type": "LINE"}, "geometry": {"type": "LineString", "coordinates": [[-54.996984833370256, -10.230923225630322], [-54.996957414212694, -10.230895726790779]]}}, {"type": "Feature", "properties": {"layer": "Fluxo", "dxf_type": "LINE"}, "geometry": {"type": "LineString", "coordinates": [[-54.99697772518259, -10.230926307661015], [-54.996950448403815, -10.230898951613002]]}}, {"type": "Feature", "properties": {"layer": "Fluxo", "dxf_type": "LINE"}, "geometry": {"type": "LineString", "coordinates": [[-54.996970701333545, -10.230929474275332], [-54.99694355877741, -10.230902251929448]]}}, {"type": "Feature", "properties": {"layer": "Fluxo", "dxf_type": "LINE"}, "geometry": {"type": "LineString", "coordinates": [[-54.99696376092193, -10.230932723659937], [-54.99693674623466, -10.230905629553536]]}}, {"type": "Feature", "properties": {"layer": "Fluxo", "dxf_type": "LINE"}, "geometry": {"type": "LineString", "coordinates": [[-54.996956903040854, -10.230936054905282], [-54.99693000805495, -10.23090908175674]]}}, {"type": "Feature", "properties": {"layer": "Fluxo", "dxf_type": "LINE"}, "geometry": {"type": "LineString", "coordinates": [[-54.99695012495272, -10.230939467994565], [-54.99692334332576, -10.230912608533469]]}}, {"type": "Feature", "properties": {"layer": "Fluxo", "dxf_type": "LINE"}, "geometry": {"type": "LineString", "coordinates": [[-54.99694342667452, -10.230942960216089], [-54.996916752965284, -10.230916208985457]]}}, {"type": "Feature", "properties": {"layer": "Fluxo", "dxf_type": "LINE"}, "geometry": {"type": "LineString", "coordinates": [[-54.99693680638118, -10.230946531558653], [-54.99691023424724, -10.230919881288054]]}}, {"type": "Feature", "properties": {"layer": "Fluxo", "dxf_type": "LINE"}, "geometry": {"type": "LineString", "coordinates": [[-54.99693026408403, -10.2309501802145], [-54.99690378716596, -10.23092362634518]]}}, {"type": "Feature", "properties": {"layer": "Fluxo", "dxf_type": "LINE"}, "geometry": {"type": "LineString", "coordinates": [[-54.99692379887054, -10.230953906177984], [-54.996897410825916, -10.230927441439555]]}}, {"type": "Feature", "properties": {"layer": "Fluxo", "dxf_type": "LINE"}, "geometry": {"type": "LineString", "coordinates": [[-54.996917408921284, -10.230957708533992], [-54.996891104308894, -10.230931327469445]]}}, {"type": "Feature", "properties": {"layer": "Fluxo", "dxf_type": "LINE"}, "geometry": {"type": "LineString", "coordinates": [[-54.99691109515449, -10.230961586384275], [-54.99688486853309, -10.230935283536589]]}}, {"type": "Feature", "properties": {"layer": "Fluxo", "dxf_type": "LINE"}, "geometry": {"type": "LineString", "coordinates": [[-54.996904854843855, -10.23096553790422], [-54.996878700772236, -10.230939307816362]]}}, {"type": "Feature", "properties": {"layer": "Fluxo", "dxf_type": "LINE"}, "geometry": {"type": "LineString", "coordinates": [[-54.99689868889626, -10.23096956400331], [-54.9968726019332, -10.230943401218282]]}}, {"type": "Feature", "properties": {"layer": "Fluxo", "dxf_type": "LINE"}, "geometry": {"type": "LineString", "coordinates": [[-54.99689259549229, -10.230973663766434], [-54.99686657110344, -10.230947563736711]]}}, {"type": "Feature", "properties": {"layer": "Fluxo", "dxf_type": "LINE"}, "geometry": {"type": "LineString", "coordinates": [[-54.99688657464329, -10.230977835385836], [-54.99686060738742, -10.230951792654414]]}}, {"type": "Feature", "properties": {"layer": "Fluxo", "dxf_type": "LINE"}, "geometry": {"type": "LineString", "coordinates": [[-54.99688062634358, -10.2309820797654], [-54.9968547107738, -10.230956089779138]]}}, {"type": "Feature", "properties": {"layer": "Fluxo", "dxf_type": "LINE"}, "geometry": {"type": "LineString", "coordinates": [[-54.996874749686285, -10.230986395995618], [-54.99684888127393, -10.23096045330312]]}}, {"type": "Feature", "properties": {"layer": "Fluxo", "dxf_type": "LINE"}, "geometry": {"type": "LineString", "coordinates": [[-54.996868943758884, -10.23099078407088], [-54.99684311797525, -10.23096488322074]]}}, {"type": "Feature", "properties": {"layer": "Fluxo", "dxf_type": "LINE"}, "geometry": {"type": "LineString", "coordinates": [[-54.99686320856702, -10.230995243087321], [-54.996837420872104, -10.230969380435898]]}}, {"type": "Feature", "properties": {"layer": "Fluxo", "dxf_type": "LINE"}, "geometry": {"type": "LineString", "coordinates": [[-54.996857544116374, -10.23099977214102], [-54.99683178906895, -10.230973942231328]]}}, {"type": "Feature", "properties": {"layer": "Fluxo", "dxf_type": "LINE"}, "geometry": {"type": "LineString", "coordinates": [[-54.996851949488736, -10.231004372130291], [-54.99682622346699, -10.23097857042042]]}}, {"type": "Feature", "properties": {"layer": "Fluxo", "dxf_type": "LINE"}, "geometry": {"type": "LineString", "coordinates": [[-54.996846425607984, -10.231009041252946], [-54.99682072315368, -10.230983264997542]]}}, {"type": "Feature", "properties": {"layer": "Fluxo", "dxf_type": "LINE"}, "geometry": {"type": "LineString", "coordinates": [[-54.9968409706377, -10.23101378130556], [-54.99681528814037, -10.230988024154925]]}}, {"type": "Feature", "properties": {"layer": "Fluxo", "dxf_type": "LINE"}, "geometry": {"type": "LineString", "coordinates": [[-54.99683558549608, -10.231018591389853], [-54.99680991750884, -10.23099284879086]]}}, {"type": "Feature", "properties": {"layer": "Fluxo", "dxf_type": "LINE"}, "geometry": {"type": "LineString", "coordinates": [[-54.996830270188795, -10.231023470601917], [-54.996804613089836, -10.230997738012698]]}}, {"type": "Feature", "properties": {"layer": "Fluxo", "dxf_type": "LINE"}, "geometry": {"type": "LineString", "coordinates": [[-54.99682502380331, -10.231028418936178], [-54.99679937214008, -10.231002692707458]]}}, {"type": "Feature", "properties": {"layer": "Fluxo", "dxf_type": "LINE"}, "geometry": {"type": "LineString", "coordinates": [[-54.996819847246506, -10.231033437302115], [-54.996794196484636, -10.231007712886402]]}}, {"type": "Feature", "properties": {"layer": "Fluxo", "dxf_type": "LINE"}, "geometry": {"type": "LineString", "coordinates": [[-54.99681473961148, -10.23103852479025], [-54.996789086129176, -10.23101279764562]]}}, {"type": "Feature", "properties": {"layer": "Fluxo", "dxf_type": "LINE"}, "geometry": {"type": "LineString", "coordinates": [[-54.9968097008926, -10.231043682304447], [-54.99678404016117, -10.231017946979517]]}}, {"type": "Feature", "properties": {"layer": "Fluxo", "dxf_type": "LINE"}, "geometry": {"type": "LineString", "coordinates": [[-54.996804732008044, -10.231048908946466], [-54.99677905948746, -10.231023161797587]]}}, {"type": "Feature", "properties": {"layer": "Fluxo", "dxf_type": "LINE"}, "geometry": {"type": "LineString", "coordinates": [[-54.9967998320396, -10.23105420561456], [-54.996774144108066, -10.231028442099845]]}}, {"type": "Feature", "properties": {"layer": "Fluxo", "dxf_type": "LINE"}, "geometry": {"type": "LineString", "coordinates": [[-54.99679500281803, -10.231059571416093], [-54.99676929311046, -10.23103378788066]]}}, {"type": "Feature", "properties": {"layer": "Fluxo", "dxf_type": "LINE"}, "geometry": {"type": "LineString", "coordinates": [[-54.996790242506925, -10.23106500814759], [-54.99676450741282, -10.23103919824179]]}}, {"type": "Feature", "properties": {"layer": "Fluxo", "dxf_type": "LINE"}, "geometry": {"type": "LineString", "coordinates": [[-54.99678555202447, -10.231070514910796], [-54.996759787003825, -10.231044674990983]]}}, {"type": "Feature", "properties": {"layer": "Fluxo", "dxf_type": "LINE"}, "geometry": {"type": "LineString", "coordinates": [[-54.99678093228321, -10.231076091711346], [-54.99675513280167, -10.231050217229996]]}}, {"type": "Feature", "properties": {"layer": "Fluxo", "dxf_type": "LINE"}, "geometry": {"type": "LineString", "coordinates": [[-54.99677638327747, -10.23108173945311], [-54.996750543893825, -10.231055824953211]]}}, {"type": "Feature", "properties": {"layer": "Fluxo", "dxf_type": "LINE"}, "geometry": {"type": "LineString", "coordinates": [[-54.99677190500726, -10.231087458136075], [-54.99674602209402, -10.231061499979623]]}}, {"type": "Feature", "properties": {"layer": "Fluxo", "dxf_type": "LINE"}, "geometry": {"type": "LineString", "coordinates": [[-54.9967674974669, -10.231093248664168], [-54.996741566495395, -10.231067241399762]]}}, {"type": "Feature", "properties": {"layer": "Fluxo", "dxf_type": "LINE"}, "geometry": {"type": "LineString", "coordinates": [[-54.99676316248147, -10.231099111048628], [-54.99673717709227, -10.231073050117471]]}}, {"type": "Feature", "properties": {"layer": "Fluxo", "dxf_type": "LINE"}, "geometry": {"type": "LineString", "coordinates": [[-54.996758899132764, -10.231105046187684], [-54.99673285570972, -10.231078926144031]]}}, {"type": "Feature", "properties": {"layer": "Fluxo", "dxf_type": "LINE"}, "geometry": {"type": "LineString", "coordinates": [[-54.99675470925152, -10.231111053188725], [-54.99672860143522, -10.231084869473799]]}}, {"type": "Feature", "properties": {"layer": "Fluxo", "dxf_type": "LINE"}, "geometry": {"type": "LineString", "coordinates": [[-54.99672441516995, -10.231090881920183], [-54.9967238946279, -10.231090359864785]]}}, {"type": "Feature", "properties": {"layer": "Fluxo", "dxf_type": "LINE"}, "geometry": {"type": "LineString", "coordinates": [[-54.9967438890845, -10.231120623330412], [-54.99671785473057, -10.231094512380615]]}}, {"type": "Feature", "properties": {"layer": "Fluxo", "dxf_type": "LINE"}, "geometry": {"type": "LineString", "coordinates": [[-54.99673785372673, -10.231124779490171], [-54.99671184475407, -10.231098695813825]]}}, {"type": "Feature", "properties": {"layer": "Fluxo", "dxf_type": "LINE"}, "geometry": {"type": "LineString", "coordinates": [[-54.9967318482841, -10.2311289674712], [-54.99670586470972, -10.231102908356632]]}}, {"type": "Feature", "properties": {"layer": "Fluxo", "dxf_type": "LINE"}, "geometry": {"type": "LineString", "coordinates": [[-54.996725874587376, -10.23113318638086], [-54.99669991459186, -10.231107150912951]]}}, {"type": "Feature", "properties": {"layer": "Fluxo", "dxf_type": "LINE"}, "geometry": {"type": "LineString", "coordinates": [[-54.996719930817136, -10.231137435304003], [-54.99669399348794, -10.23111142347716]]}}, {"type": "Feature", "properties": {"layer": "Fluxo", "dxf_type": "LINE"}, "geometry": {"type": "LineString", "coordinates": [[-54.99671401787459, -10.231141716054053], [-54.99668810322304, -10.231115726060485]]}}, {"type": "Feature", "properties": {"layer": "Fluxo", "dxf_type": "LINE"}, "geometry": {"type": "LineString", "coordinates": [[-54.99670813577106, -10.2311460268232], [-54.99668224197776, -10.231120057747791]]}}, {"type": "Feature", "properties": {"layer": "Fluxo", "dxf_type": "LINE"}, "geometry": {"type": "LineString", "coordinates": [[-54.99670228358835, -10.231150368509752], [-54.99667641065896, -10.231124419448621]]}}, {"type": "Feature", "properties": {"layer": "Fluxo", "dxf_type": "LINE"}, "geometry": {"type": "LineString", "coordinates": [[-54.99669646224467, -10.231154740215427], [-54.996670608354094, -10.231128811157342]]}}, {"type": "Feature", "properties": {"layer": "Fluxo", "dxf_type": "LINE"}, "geometry": {"type": "LineString", "coordinates": [[-54.996690671734335, -10.231159142844097], [-54.99666483598139, -10.231133231975665]]}}, {"type": "Feature", "properties": {"layer": "Fluxo", "dxf_type": "LINE"}, "geometry": {"type": "LineString", "coordinates": [[-54.99668491115048, -10.231163575486288], [-54.99665909262262, -10.231137682801899]]}}, {"type": "Feature", "properties": {"layer": "Fluxo", "dxf_type": "LINE"}, "geometry": {"type": "LineString", "coordinates": [[-54.99667918048745, -10.231168039045878], [-54.99665337920167, -10.231142161833858]]}}, {"type": "Feature", "properties": {"layer": "Fluxo", "dxf_type": "LINE"}, "geometry": {"type": "LineString", "coordinates": [[-54.99667347975656, -10.231172531715087], [-54.99664769387645, -10.231146671771997]]}}, {"type": "Feature", "properties": {"layer": "Fluxo", "dxf_type": "LINE"}, "geometry": {"type": "LineString", "coordinates": [[-54.99666780985903, -10.231177055307313], [-54.99664203848905, -10.231151209915861]]}}, {"type": "Feature", "properties": {"layer": "Fluxo", "dxf_type": "LINE"}, "geometry": {"type": "LineString", "coordinates": [[-54.99666216988797, -10.231181608913051], [-54.996636413033784, -10.23115577716937]]}}, {"type": "Feature", "properties": {"layer": "Fluxo", "dxf_type": "LINE"}, "geometry": {"type": "LineString", "coordinates": [[-54.99665655893086, -10.231186192526692], [-54.99663081567992, -10.231160374425146]]}}, {"type": "Feature", "properties": {"layer": "Fluxo", "dxf_type": "LINE"}, "geometry": {"type": "LineString", "coordinates": [[-54.99665097880708, -10.231190807063347], [-54.99662524734567, -10.231165000784939]]}}, {"type": "Feature", "properties": {"layer": "Fluxo", "dxf_type": "LINE"}, "geometry": {"type": "LineString", "coordinates": [[-54.99664542861546, -10.231195450709636], [-54.99661970894923, -10.231169655350477]]}}, {"type": "Feature", "properties": {"layer": "Fluxo", "dxf_type": "LINE"}, "geometry": {"type": "LineString", "coordinates": [[-54.99663990835032, -10.231200124369442], [-54.996614198654186, -10.231174339918303]]}}, {"type": "Feature", "properties": {"layer": "Fluxo", "dxf_type": "LINE"}, "geometry": {"type": "LineString", "coordinates": [[-54.996634418011645, -10.231204828042772], [-54.996608717378734, -10.23117905359015]]}}, {"type": "Feature", "properties": {"layer": "Fluxo", "dxf_type": "LINE"}, "geometry": {"type": "LineString", "coordinates": [[-54.99662895668691, -10.231209561724006], [-54.99660326512857, -10.23118379546213]]}}, {"type": "Feature", "properties": {"layer": "Fluxo", "dxf_type": "LINE"}, "geometry": {"type": "LineString", "coordinates": [[-54.996623525294325, -10.231214324514877], [-54.99659784281054, -10.23118856644375]]}}, {"type": "Feature", "properties": {"layer": "Fluxo", "dxf_type": "LINE"}, "geometry": {"type": "LineString", "coordinates": [[-54.996618123822536, -10.23121911822316], [-54.996592447681365, -10.231193367422033]]}}, {"type": "Feature", "properties": {"layer": "Fluxo", "dxf_type": "LINE"}, "geometry": {"type": "LineString", "coordinates": [[-54.9966127522829, -10.231223941041064], [-54.996587082489995, -10.231198196606083]]}}, {"type": "Feature", "properties": {"layer": "Fluxo", "dxf_type": "LINE"}, "geometry": {"type": "LineString", "coordinates": [[-54.996607410669725, -10.231228793872516], [-54.99658174631823, -10.231203054894145]]}}, {"type": "Feature", "properties": {"layer": "Fluxo", "dxf_type": "LINE"}, "geometry": {"type": "LineString", "coordinates": [[-54.99660209807049, -10.23123367671188], [-54.99657643825919, -10.23120794137675]]}}, {"type": "Feature", "properties": {"layer": "Fluxo", "dxf_type": "LINE"}, "geometry": {"type": "LineString", "coordinates": [[-54.99659681540339, -10.231238588660887], [-54.99657115921408, -10.231212857867252]]}}, {"type": "Feature", "properties": {"layer": "Fluxo", "dxf_type": "LINE"}, "geometry": {"type": "LineString", "coordinates": [[-54.996591562662765, -10.231243530623427], [-54.996565909194246, -10.231217802557898]]}}, {"type": "Feature", "properties": {"layer": "Fluxo", "dxf_type": "LINE"}, "geometry": {"type": "LineString", "coordinates": [[-54.99658633893607, -10.231248502593886], [-54.99656068728146, -10.23122277634696]]}}, {"type": "Feature", "properties": {"layer": "Fluxo", "dxf_type": "LINE"}, "geometry": {"type": "LineString", "coordinates": [[-54.99658114514151, -10.231253503673988], [-54.99655549530649, -10.231227778341788]]}}, {"type": "Feature", "properties": {"layer": "Fluxo", "dxf_type": "LINE"}, "geometry": {"type": "LineString", "coordinates": [[-54.99657598127343, -10.23125853476763], [-54.9965503314329, -10.231232810338916]]}}, {"type": "Feature", "properties": {"layer": "Fluxo", "dxf_type": "LINE"}, "geometry": {"type": "LineString", "coordinates": [[-54.99657084641927, -10.231263595869175], [-54.99654519658457, -10.231237870536198]]}}, {"type": "Feature", "properties": {"layer": "Fluxo", "dxf_type": "LINE"}, "geometry": {"type": "LineString", "coordinates": [[-54.99656574149726, -10.23126868608039], [-54.99654008984898, -10.231242958927997]]}}, {"type": "Feature", "properties": {"layer": "Fluxo", "dxf_type": "LINE"}, "geometry": {"type": "LineString", "coordinates": [[-54.99656066650169, -10.231273806305147], [-54.99653501212731, -10.231248077327733]]}}, {"type": "Feature", "properties": {"layer": "Fluxo", "dxf_type": "LINE"}, "geometry": {"type": "LineString", "coordinates": [[-54.99655562052007, -10.231278956537828], [-54.9965299634309, -10.23125322392761]]}}, {"type": "Feature", "properties": {"layer": "Fluxo", "dxf_type": "LINE"}, "geometry": {"type": "LineString", "coordinates": [[-54.996550604470585, -10.231284135880149], [-54.99652494375409, -10.231258399631544]]}}, {"type": "Feature", "properties": {"layer": "Fluxo", "dxf_type": "LINE"}, "geometry": {"type": "LineString", "coordinates": [[-54.99654561834756, -10.23128934523603], [-54.99651995218433, -10.231263604433892]]}}, {"type": "Feature", "properties": {"layer": "Fluxo", "dxf_type": "LINE"}, "geometry": {"type": "LineString", "coordinates": [[-54.996540662151, -10.23129458460546], [-54.99651499054671, -10.231268838345892]]}}, {"type": "Feature", "properties": {"layer": "Fluxo", "dxf_type": "LINE"}, "geometry": {"type": "LineString", "coordinates": [[-54.99653573497403, -10.231299853078912], [-54.996510057021794, -10.23127410045244]]}}, {"type": "Feature", "properties": {"layer": "Fluxo", "dxf_type": "LINE"}, "geometry": {"type": "LineString", "coordinates": [[-54.99653083772353, -10.231305151565934], [-54.996505152516484, -10.231279391663033]]}}, {"type": "Feature", "properties": {"layer": "Fluxo", "dxf_type": "LINE"}, "geometry": {"type": "LineString", "coordinates": [[-54.996525970393826, -10.23131048097039], [-54.996500276118226, -10.231284711972057]]}}, {"type": "Feature", "properties": {"layer": "Fluxo", "dxf_type": "LINE"}, "geometry": {"type": "LineString", "coordinates": [[-54.996521132089384, -10.231315838574993], [-54.99649542965209, -10.231290061390732]]}}, {"type": "Feature", "properties": {"layer": "Fluxo", "dxf_type": "LINE"}, "geometry": {"type": "LineString", "coordinates": [[-54.99651632461827, -10.231321227102667], [-54.99649061129301, -10.231295439907857]]}}, {"type": "Feature", "properties": {"layer": "Fluxo", "dxf_type": "LINE"}, "geometry": {"type": "LineString", "coordinates": [[-54.99651154616108, -10.231326645638278], [-54.99648582286606, -10.231300847534646]]}}, {"type": "Feature", "properties": {"layer": "Fluxo", "dxf_type": "LINE"}, "geometry": {"type": "LineString", "coordinates": [[-54.99650679763602, -10.23133209328354], [-54.99648106254616, -10.231306284259862]]}}, {"type": "Feature", "properties": {"layer": "Fluxo", "dxf_type": "LINE"}, "geometry": {"type": "LineString", "coordinates": [[-54.99650207903176, -10.231337571846264], [-54.99647633215838, -10.231311750094761]]}}, {"type": "Feature", "properties": {"layer": "Fluxo", "dxf_type": "LINE"}, "geometry": {"type": "LineString", "coordinates": [[-54.996497391266495, -10.23134308042816], [-54.99647162988333, -10.231317244124194]]}}, {"type": "Feature", "properties": {"layer": "Fluxo", "dxf_type": "LINE"}, "geometry": {"type": "LineString", "coordinates": [[-54.996492732520814, -10.2313486181141], [-54.996466957534736, -10.231322768167189]]}}, {"type": "Feature", "properties": {"layer": "Fluxo", "dxf_type": "LINE"}, "geometry": {"type": "LineString", "coordinates": [[-54.99648810460847, -10.231354186723118], [-54.99646231420006, -10.23132832221813]]}}, {"type": "Feature", "properties": {"layer": "Fluxo", "dxf_type": "LINE"}, "geometry": {"type": "LineString", "coordinates": [[-54.996483505710046, -10.231359785340077], [-54.996457699890634, -10.231333904469246]]}}, {"type": "Feature", "properties": {"layer": "Fluxo", "dxf_type": "LINE"}, "geometry": {"type": "LineString", "coordinates": [[-54.99647893855748, -10.231365414885706], [-54.99645311550767, -10.231339516733922]]}}, {"type": "Feature", "properties": {"layer": "Fluxo", "dxf_type": "LINE"}, "geometry": {"type": "LineString", "coordinates": [[-54.99647440042452, -10.231371073535412], [-54.99644855923175, -10.231345158097044]]}}, {"type": "Feature", "properties": {"layer": "Fluxo", "dxf_type": "LINE"}, "geometry": {"type": "LineString", "coordinates": [[-54.996469893119205, -10.231376764012076], [-54.9964440338005, -10.231350828575463]]}}, {"type": "Feature", "properties": {"layer": "Fluxo", "dxf_type": "LINE"}, "geometry": {"type": "LineString", "coordinates": [[-54.99646541574602, -10.231382483598415], [-54.996439536470625, -10.23135652905622]]}}, {"type": "Feature", "properties": {"layer": "Fluxo", "dxf_type": "LINE"}, "geometry": {"type": "LineString", "coordinates": [[-54.99646096920616, -10.231388234107833], [-54.9964350690672, -10.23136225955054]]}}, {"type": "Feature", "properties": {"layer": "Fluxo", "dxf_type": "LINE"}, "geometry": {"type": "LineString", "coordinates": [[-54.9964565525871, -10.231394015534702], [-54.996430631595906, -10.231368019154548]]}}, {"type": "Feature", "properties": {"layer": "Fluxo", "dxf_type": "LINE"}, "geometry": {"type": "LineString", "coordinates": [[-54.99645216771389, -10.231399827890263], [-54.99642622405106, -10.231373808772126]]}}, {"type": "Feature", "properties": {"layer": "Fluxo", "dxf_type": "LINE"}, "geometry": {"type": "LineString", "coordinates": [[-54.996447812767144, -10.231405670259397], [-54.99642184552013, -10.231379628397663]]}}, {"type": "Feature", "properties": {"layer": "Fluxo", "dxf_type": "LINE"}, "geometry": {"type": "LineString", "coordinates": [[-54.99644348865372, -10.231411543551607], [-54.99641749783387, -10.2313854771385]]}}, {"type": "Feature", "properties": {"layer": "Fluxo", "dxf_type": "LINE"}, "geometry": {"type": "LineString", "coordinates": [[-54.996439195367955, -10.2314174486708], [-54.99641317915584, -10.231391356791182]]}}, {"type": "Feature", "properties": {"layer": "Fluxo", "dxf_type": "LINE"}, "geometry": {"type": "LineString", "coordinates": [[-54.99643493292118, -10.231423383809163], [-54.99640889040427, -10.231397266457426]]}}, {"type": "Feature", "properties": {"layer": "Fluxo", "dxf_type": "LINE"}, "geometry": {"type": "LineString", "coordinates": [[-54.996405143058, -10.23140371819424], [-54.99640463249736, -10.231403205238994]]}}, {"type": "Feature", "properties": {"layer": "Fluxo", "dxf_type": "LINE"}, "geometry": {"type": "LineString", "coordinates": [[-54.99642518193664, -10.231434025338753], [-54.996399295406825, -10.231408063517229]]}}, {"type": "Feature", "properties": {"layer": "Fluxo", "dxf_type": "LINE"}, "geometry": {"type": "LineString", "coordinates": [[-54.9964193360931, -10.231438373384936], [-54.996393454097905, -10.231412416110514]]}}, {"type": "Feature", "properties": {"layer": "Fluxo", "dxf_type": "LINE"}, "geometry": {"type": "LineString", "coordinates": [[-54.99641349751002, -10.23144272780314], [-54.996387620956305, -10.2314167759853]]}}, {"type": "Feature", "properties": {"layer": "Fluxo", "dxf_type": "LINE"}, "geometry": {"type": "LineString", "coordinates": [[-54.9964076670886, -10.23144709040676], [-54.996381795069496, -10.231421143136004]]}}, {"type": "Feature", "properties": {"layer": "Fluxo", "dxf_type": "LINE"}, "geometry": {"type": "LineString", "coordinates": [[-54.99640184391629, -10.23145146119017], [-54.99637597734434, -10.231425518472115]]}}, {"type": "Feature", "properties": {"layer": "Fluxo", "dxf_type": "LINE"}, "geometry": {"type": "LineString", "coordinates": [[-54.996396028916976, -10.231455838351208], [-54.99637016687398, -10.231429901084141]]}}, {"type": "Feature", "properties": {"layer": "Fluxo", "dxf_type": "LINE"}, "geometry": {"type": "LineString", "coordinates": [[-54.99639022116112, -10.231460224595926], [-54.99636436365273, -10.231434291875962]]}}, {"type": "Feature", "properties": {"layer": "Fluxo", "dxf_type": "LINE"}, "geometry": {"type": "LineString", "coordinates": [[-54.99638442066571, -10.231464617212671], [-54.9963585685988, -10.231438689949295]]}}, {"type": "Feature", "properties": {"layer": "Fluxo", "dxf_type": "LINE"}, "geometry": {"type": "LineString", "coordinates": [[-54.99637862833197, -10.231469018014828], [-54.996352779887125, -10.231443095292923]]}}, {"type": "Feature", "properties": {"layer": "Fluxo", "dxf_type": "LINE"}, "geometry": {"type": "LineString", "coordinates": [[-54.996372843253006, -10.231473426092881], [-54.99634700024964, -10.231447508827582]]}}, {"type": "Feature", "properties": {"layer": "Fluxo", "dxf_type": "LINE"}, "geometry": {"type": "LineString", "coordinates": [[-54.996367065423165, -10.23147784235073], [-54.99634122696008, -10.231451928728651]]}}, {"type": "Feature", "properties": {"layer": "Fluxo", "dxf_type": "LINE"}, "geometry": {"type": "LineString", "coordinates": [[-54.99636129576064, -10.23148226589011], [-54.99633546183215, -10.231456356815116]]}}, {"type": "Feature", "properties": {"layer": "Fluxo", "dxf_type": "LINE"}, "geometry": {"type": "LineString", "coordinates": [[-54.99635553334724, -10.231486697609286], [-54.99632970395336, -10.231460793081384]]}}, {"type": "Feature", "properties": {"layer": "Fluxo", "dxf_type": "LINE"}, "geometry": {"type": "LineString", "coordinates": [[-54.99634977819429, -10.231491135700477], [-54.996323953335015, -10.231465235719675]]}}, {"type": "Feature", "properties": {"layer": "Fluxo", "dxf_type": "LINE"}, "geometry": {"type": "LineString", "coordinates": [[-54.99634403119733, -10.231495582880967], [-54.99631821087832, -10.231469686543388]]}}, {"type": "Feature", "properties": {"layer": "Fluxo", "dxf_type": "LINE"}, "geometry": {"type": "LineString", "coordinates": [[-54.99633829146083, -10.231500036433484], [-54.99631247567075, -10.231474145546882]]}}, {"type": "Feature", "properties": {"layer": "Fluxo", "dxf_type": "LINE"}, "geometry": {"type": "LineString", "coordinates": [[-54.99633255988597, -10.231504498171422], [-54.99630674772363, -10.231478610922405]]}}, {"type": "Feature", "properties": {"layer": "Fluxo", "dxf_type": "LINE"}, "geometry": {"type": "LineString", "coordinates": [[-54.99632683465337, -10.231508967179636], [-54.996301027025616, -10.231483084477729]]}}, {"type": "Feature", "properties": {"layer": "Fluxo", "dxf_type": "LINE"}, "geometry": {"type": "LineString", "coordinates": [[-54.996321118494954, -10.231513444378905], [-54.99629531449494, -10.231487565314586]]}}, {"type": "Feature", "properties": {"layer": "Fluxo", "dxf_type": "LINE"}, "geometry": {"type": "LineString", "coordinates": [[-54.99631540868446, -10.231517927944568], [-54.99628960921903, -10.231492053427337]]}}, {"type": "Feature", "properties": {"layer": "Fluxo", "dxf_type": "LINE"}, "geometry": {"type": "LineString", "coordinates": [[-54.99630970703562, -10.231522419695631], [-54.99628391210478, -10.231496549725511]]}}, {"type": "Feature", "properties": {"layer": "Fluxo", "dxf_type": "LINE"}, "geometry": {"type": "LineString", "coordinates": [[-54.99630401263588, -10.231526919626516], [-54.99627822133277, -10.231501053293984]]}}, {"type": "Feature", "properties": {"layer": "Fluxo", "dxf_type": "LINE"}, "geometry": {"type": "LineString", "coordinates": [[-54.996298326403476, -10.231531426838915], [-54.996272538728086, -10.23150556414399]]}}, {"type": "Feature", "properties": {"layer": "Fluxo", "dxf_type": "LINE"}, "geometry": {"type": "LineString", "coordinates": [[-54.99629264651332, -10.231535941321615], [-54.99626686337819, -10.231510082269896]]}}, {"type": "Feature", "properties": {"layer": "Fluxo", "dxf_type": "LINE"}, "geometry": {"type": "LineString", "coordinates": [[-54.99628697570302, -10.231540463091466], [-54.9962611952774, -10.231514608575607]]}}, {"type": "Feature", "properties": {"layer": "Fluxo", "dxf_type": "LINE"}, "geometry": {"type": "LineString", "coordinates": [[-54.996281311229296, -10.231544993035488], [-54.996255535343934, -10.231519142162853]]}}, {"type": "Feature", "properties": {"layer": "Fluxo", "dxf_type": "LINE"}, "geometry": {"type": "LineString", "coordinates": [[-54.99627565492289, -10.23154953026106], [-54.996249882665246, -10.231523683026017]]}}, {"type": "Feature", "properties": {"layer": "Fluxo", "dxf_type": "LINE"}, "geometry": {"type": "LineString", "coordinates": [[-54.99627000587127, -10.23155407476253], [-54.99624423724134, -10.23152823116508]]}}, {"type": "Feature", "properties": {"layer": "Fluxo", "dxf_type": "LINE"}, "geometry": {"type": "LineString", "coordinates": [[-54.996264364068765, -10.231558627443807], [-54.99623859906655, -10.231532787483953]]}}, {"type": "Feature", "properties": {"layer": "Fluxo", "dxf_type": "LINE"}, "geometry": {"type": "LineString", "coordinates": [[-54.996258730433574, -10.231563187406604], [-54.996232968146536, -10.23153735107874]]}}, {"type": "Feature", "properties": {"layer": "Fluxo", "dxf_type": "LINE"}, "geometry": {"type": "LineString", "coordinates": [[-54.99625310314063, -10.231567754639704], [-54.99622734539385, -10.231541921955069]]}}, {"type": "Feature", "properties": {"layer": "Fluxo", "dxf_type": "LINE"}, "geometry": {"type": "LineString", "coordinates": [[-54.99624748492188, -10.23157233006386], [-54.99622172989594, -10.231546500107296]]}}, {"type": "Feature", "properties": {"layer": "Fluxo", "dxf_type": "LINE"}, "geometry": {"type": "LineString", "coordinates": [[-54.996241873051034, -10.231576911854397], [-54.99621612164714, -10.23155108643935]]}}, {"type": "Feature", "properties": {"layer": "Fluxo", "dxf_type": "LINE"}, "geometry": {"type": "LineString", "coordinates": [[-54.99623626933617, -10.231581502734263], [-54.99621052157133, -10.231555679149038]]}}, {"type": "Feature", "properties": {"layer": "Fluxo", "dxf_type": "LINE"}, "geometry": {"type": "LineString", "coordinates": [[-54.996230672881765, -10.231586099986146], [-54.99620492783209, -10.231560280032895]]}}, {"type": "Feature", "properties": {"layer": "Fluxo", "dxf_type": "LINE"}, "geometry": {"type": "LineString", "coordinates": [[-54.99622508368214, -10.23159070451395], [-54.99619934226018, -10.231564888198314]]}}, {"type": "Feature", "properties": {"layer": "Fluxo", "dxf_type": "LINE"}, "geometry": {"type": "LineString", "coordinates": [[-54.99621950264416, -10.231595317227177], [-54.996193763937356, -10.231569504543524]]}}, {"type": "Feature", "properties": {"layer": "Fluxo", "dxf_type": "LINE"}, "geometry": {"type": "LineString", "coordinates": [[-54.9962139288553, -10.231599938120214], [-54.996188192875, -10.231574127260766]]}}, {"type": "Feature", "properties": {"layer": "Fluxo", "dxf_type": "LINE"}, "geometry": {"type": "LineString", "coordinates": [[-54.99620836232688, -10.231604565385268], [-54.99618262997429, -10.231578758163419]]}}, {"type": "Feature", "properties": {"layer": "Fluxo", "dxf_type": "LINE"}, "geometry": {"type": "LineString", "coordinates": [[-54.99620280304758, -10.231609200830135], [-54.99617707432835, -10.23158339634201]]}}, {"type": "Feature", "properties": {"layer": "Fluxo", "dxf_type": "LINE"}, "geometry": {"type": "LineString", "coordinates": [[-54.99619725193559, -10.231613843556538], [-54.996171525024664, -10.231588041790893]]}}, {"type": "Feature", "properties": {"layer": "Fluxo", "dxf_type": "LINE"}, "geometry": {"type": "LineString", "coordinates": [[-54.996191708078385, -10.231618493558864], [-54.99616598388262, -10.231592695425197]]}}, {"type": "Feature", "properties": {"layer": "Fluxo", "dxf_type": "LINE"}, "geometry": {"type": "LineString", "coordinates": [[-54.99618617147596, -10.231623150837097], [-54.996160450913564, -10.231597355437145]]}}, {"type": "Feature", "properties": {"layer": "Fluxo", "dxf_type": "LINE"}, "geometry": {"type": "LineString", "coordinates": [[-54.996180642122646, -10.231627816295141], [-54.99615492428108, -10.231602023623301]]}}, {"type": "Feature", "properties": {"layer": "Fluxo", "dxf_type": "LINE"}, "geometry": {"type": "LineString", "coordinates": [[-54.99617512093665, -10.231632489034729], [-54.996149405815906, -10.231606699090984]]}}, {"type": "Feature", "properties": {"layer": "Fluxo", "dxf_type": "LINE"}, "geometry": {"type": "LineString", "coordinates": [[-54.99616960700543, -10.23163716905024], [-54.996143893692974, -10.231611381828976]]}}, {"type": "Feature", "properties": {"layer": "Fluxo", "dxf_type": "LINE"}, "geometry": {"type": "LineString", "coordinates": [[-54.99616410032899, -10.231641856341657], [-54.99613838973736, -10.231616071848505]]}}, {"type": "Feature", "properties": {"layer": "Fluxo", "dxf_type": "LINE"}, "geometry": {"type": "LineString", "coordinates": [[-54.99615860090166, -10.231646551812885], [-54.9961328939434, -10.23162077005345]]}}, {"type": "Feature", "properties": {"layer": "Fluxo", "dxf_type": "LINE"}, "geometry": {"type": "LineString", "coordinates": [[-54.99615310964165, -10.231651254565662], [-54.99612740449734, -10.231625474624817]]}}, {"type": "Feature", "properties": {"layer": "Fluxo", "dxf_type": "LINE"}, "geometry": {"type": "LineString", "coordinates": [[-54.99614762472387, -10.23165596458874], [-54.99612192230039, -10.231630187375993]]}}, {"type": "Feature", "properties": {"layer": "Fluxo", "dxf_type": "LINE"}, "geometry": {"type": "LineString", "coordinates": [[-54.99614214888028, -10.231660682802854], [-54.996116448270755, -10.231634907408719]]}}, {"type": "Feature", "properties": {"layer": "Fluxo", "dxf_type": "LINE"}, "geometry": {"type": "LineString", "coordinates": [[-54.996136679384605, -10.231665407383387], [-54.996110981495896, -10.23163963471735]]}}, {"type": "Feature", "properties": {"layer": "Fluxo", "dxf_type": "LINE"}, "geometry": {"type": "LineString", "coordinates": [[-54.99613121713804, -10.231670140143734], [-54.99610552197015, -10.231644370205801]]}}, {"type": "Feature", "properties": {"layer": "Fluxo", "dxf_type": "LINE"}, "geometry": {"type": "LineString", "coordinates": [[-54.996125763058785, -10.231674880185627], [-54.996100069704845, -10.231649112066291]]}}, {"type": "Feature", "properties": {"layer": "Fluxo", "dxf_type": "LINE"}, "geometry": {"type": "LineString", "coordinates": [[-54.99612031623431, -10.231679627503432], [-54.996094624688645, -10.231653862106592]]}}, {"type": "Feature", "properties": {"layer": "Fluxo", "dxf_type": "LINE"}, "geometry": {"type": "LineString", "coordinates": [[-54.99611487665894, -10.231684383001049], [-54.996089187839765, -10.231658619428424]]}}, {"type": "Feature", "properties": {"layer": "Fluxo", "dxf_type": "LINE"}, "geometry": {"type": "LineString", "coordinates": [[-54.996109445250895, -10.231689145780214], [-54.99608375824566, -10.23166338402619]]}}, {"type": "Feature", "properties": {"layer": "Fluxo", "dxf_type": "LINE"}, "geometry": {"type": "LineString", "coordinates": [[-54.99610402018507, -10.231693915829688], [-54.99607833499379, -10.231668155894262]]}}, {"type": "Feature", "properties": {"layer": "Fluxo", "dxf_type": "LINE"}, "geometry": {"type": "LineString", "coordinates": [[-54.99609860328658, -10.231698693160693], [-54.99607291990923, -10.231672935043864]]}}, {"type": "Feature", "properties": {"layer": "Fluxo", "dxf_type": "LINE"}, "geometry": {"type": "LineString", "coordinates": [[-54.99609319364286, -10.23170347776763], [-54.996067512079456, -10.231677721469413]]}}, {"type": "Feature", "properties": {"layer": "Fluxo", "dxf_type": "LINE"}, "geometry": {"type": "LineString", "coordinates": [[-54.99608779124824, -10.23170827055438], [-54.99606211241132, -10.231682516080383]]}}, {"type": "Feature", "properties": {"layer": "Fluxo", "dxf_type": "LINE"}, "geometry": {"type": "LineString", "coordinates": [[-54.99608239702094, -10.23171307062268], [-54.99605671908542, -10.231687317961663]]}}, {"type": "Feature", "properties": {"layer": "Fluxo", "dxf_type": "LINE"}, "geometry": {"type": "LineString", "coordinates": [[-54.99607701004842, -10.231717877966894], [-54.996051333926836, -10.231692127124475]]}}, {"type": "Feature", "properties": {"layer": "Fluxo", "dxf_type": "LINE"}, "geometry": {"type": "LineString", "coordinates": [[-54.996071630330675, -10.231722692587036], [-54.99604595511049, -10.231696943557601]]}}, {"type": "Feature", "properties": {"layer": "Fluxo", "dxf_type": "LINE"}, "geometry": {"type": "LineString", "coordinates": [[-54.9960662578677, -10.23172751448311], [-54.996040584461454, -10.231701767272277]]}}, {"type": "Feature", "properties": {"layer": "Fluxo", "dxf_type": "LINE"}, "geometry": {"type": "LineString", "coordinates": [[-54.99606089265384, -10.231732344559004], [-54.996035221067196, -10.231706598262885]]}}, {"type": "Feature", "properties": {"layer": "Fluxo", "dxf_type": "LINE"}, "geometry": {"type": "LineString", "coordinates": [[-54.99605553469474, -10.231737181910812], [-54.996029864922036, -10.23171143743331]]}}, {"type": "Feature", "properties": {"layer": "Fluxo", "dxf_type": "LINE"}, "geometry": {"type": "LineString", "coordinates": [[-54.99605018490296, -10.231742026544167], [-54.996024516949866, -10.231716282981385]]}}, {"type": "Feature", "properties": {"layer": "Fluxo", "dxf_type": "LINE"}, "geometry": {"type": "LineString", "coordinates": [[-54.99604484236596, -10.231746878453459], [-54.99601917531426, -10.231721136703658]]}}, {"type": "Feature", "properties": {"layer": "Fluxo", "dxf_type": "LINE"}, "geometry": {"type": "LineString", "coordinates": [[-54.996039507083744, -10.231751737638682], [-54.996013841845965, -10.231725997707484]]}}, {"type": "Feature", "properties": {"layer": "Fluxo", "dxf_type": "LINE"}, "geometry": {"type": "LineString", "coordinates": [[-54.996034179963154, -10.231756605009329], [-54.996008514719904, -10.231730865981609]]}}, {"type": "Feature", "properties": {"layer": "Fluxo", "dxf_type": "LINE"}, "geometry": {"type": "LineString", "coordinates": [[-54.99602885918481, -10.23176147965029], [-54.996003195761155, -10.231735741537287]]}}, {"type": "Feature", "properties": {"layer": "Fluxo", "dxf_type": "LINE"}, "geometry": {"type": "LineString", "coordinates": [[-54.996023546573774, -10.2317663615728], [-54.99599788405718, -10.231740624368898]]}}, {"type": "Feature", "properties": {"layer": "Fluxo", "dxf_type": "LINE"}, "geometry": {"type": "LineString", "coordinates": [[-54.99601824121751, -10.231771250771247], [-54.995992579602316, -10.23174551538033]]}}, {"type": "Feature", "properties": {"layer": "Fluxo", "dxf_type": "LINE"}, "geometry": {"type": "LineString", "coordinates": [[-54.996012943116035, -10.231776147245611], [-54.995987283320424, -10.231750412769431]]}}, {"type": "Feature", "properties": {"layer": "Fluxo", "dxf_type": "LINE"}, "geometry": {"type": "LineString", "coordinates": [[-54.99600765226365, -10.231781051899796], [-54.995981993375096, -10.231755318332718]]}}, {"type": "Feature", "properties": {"layer": "Fluxo", "dxf_type": "LINE"}, "geometry": {"type": "LineString", "coordinates": [[-54.99600236866605, -10.23178596382992], [-54.99597671159708, -10.23176023117756]]}}, {"type": "Feature", "properties": {"layer": "Fluxo", "dxf_type": "LINE"}, "geometry": {"type": "LineString", "coordinates": [[-54.995997093235744, -10.231790883041594], [-54.995971436161305, -10.231765151292702]]}}, {"type": "Feature", "properties": {"layer": "Fluxo", "dxf_type": "LINE"}, "geometry": {"type": "LineString", "coordinates": [[-54.99599182506023, -10.231795809529189], [-54.99596616889284, -10.231770078689413]]}}, {"type": "Feature", "properties": {"layer": "Fluxo", "dxf_type": "LINE"}, "geometry": {"type": "LineString", "coordinates": [[-54.99598656413948, -10.231800743292716], [-54.99596090887914, -10.231775013362045]]}}, {"type": "Feature", "properties": {"layer": "Fluxo", "dxf_type": "LINE"}, "geometry": {"type": "LineString", "coordinates": [[-54.99598131046783, -10.231805685236074], [-54.995955656114546, -10.2317799562145]]}}, {"type": "Feature", "properties": {"layer": "Fluxo", "dxf_type": "LINE"}, "geometry": {"type": "LineString", "coordinates": [[-54.9959760649635, -10.231810634460967], [-54.9959504106104, -10.23178490543901]]}}, {"type": "Feature", "properties": {"layer": "Fluxo", "dxf_type": "LINE"}, "geometry": {"type": "LineString", "coordinates": [[-54.9959708258014, -10.231815590956193], [-54.99594517235534, -10.231789862843327]]}}, {"type": "Feature", "properties": {"layer": "Fluxo", "dxf_type": "LINE"}, "geometry": {"type": "LineString", "coordinates": [[-54.99596559480661, -10.231820554732963], [-54.995939942273274, -10.23179482662531]]}}, {"type": "Feature", "properties": {"layer": "Fluxo", "dxf_type": "LINE"}, "geometry": {"type": "LineString", "coordinates": [[-54.9959603710666, -10.231825525785666], [-54.995934718527764, -10.231799798581504]]}}, {"type": "Feature", "properties": {"layer": "Fluxo", "dxf_type": "LINE"}, "geometry": {"type": "LineString", "coordinates": [[-54.99595515458135, -10.231830504114294], [-54.99592950294957, -10.231804777819233]]}}, {"type": "Feature", "properties": {"layer": "Fluxo", "dxf_type": "LINE"}, "geometry": {"type": "LineString", "coordinates": [[-54.99594980568773, -10.231835350558782], [-54.99592409420862, -10.231809563332025]]}}, {"type": "Feature", "properties": {"layer": "Fluxo", "dxf_type": "LINE"}, "geometry": {"type": "LineString", "coordinates": [[-54.995944286308664, -10.231840025112094], [-54.99591856122111, -10.231814225146186]]}}, {"type": "Feature", "properties": {"layer": "Fluxo", "dxf_type": "LINE"}, "geometry": {"type": "LineString", "coordinates": [[-54.99593873065478, -10.231844663285006], [-54.99591298923818, -10.231818847851462]]}}, {"type": "Feature", "properties": {"layer": "Fluxo", "dxf_type": "LINE"}, "geometry": {"type": "LineString", "coordinates": [[-54.99593313781919, -10.231849264168044], [-54.9959073800849, -10.231823431459073]]}}, {"type": "Feature", "properties": {"layer": "Fluxo", "dxf_type": "LINE"}, "geometry": {"type": "LineString", "coordinates": [[-54.99592750688937, -10.231853827755572], [-54.99590173192487, -10.231827977765555]]}}, {"type": "Feature", "properties": {"layer": "Fluxo", "dxf_type": "LINE"}, "geometry": {"type": "LineString", "coordinates": [[-54.99592183968473, -10.23185835496271], [-54.99589604477509, -10.231832484059257]]}}, {"type": "Feature", "properties": {"layer": "Fluxo", "dxf_type": "LINE"}, "geometry": {"type": "LineString", "coordinates": [[-54.99591613530408, -10.231862843976064], [-54.995890319531085, -10.231836953057424]]}}, {"type": "Feature", "properties": {"layer": "Fluxo", "dxf_type": "LINE"}, "geometry": {"type": "LineString", "coordinates": [[-54.99591039374173, -10.23186729569954], [-54.99588455529734, -10.231841382042816]]}}, {"type": "Feature", "properties": {"layer": "Fluxo", "dxf_type": "LINE"}, "geometry": {"type": "LineString", "coordinates": [[-54.9959046149977, -10.231871710133113], [-54.995878752975045, -10.23184577282878]]}}, {"type": "Feature", "properties": {"layer": "Fluxo", "dxf_type": "LINE"}, "geometry": {"type": "LineString", "coordinates": [[-54.99589879907197, -10.231876087276785], [-54.99587291165733, -10.231850124505844]]}}, {"type": "Feature", "properties": {"layer": "Fluxo", "dxf_type": "LINE"}, "geometry": {"type": "LineString", "coordinates": [[-54.995892945052034, -10.231880427124953], [-54.995867030431675, -10.23185443706838]]}}, {"type": "Feature", "properties": {"layer": "Fluxo", "dxf_type": "LINE"}, "geometry": {"type": "LineString", "coordinates": [[-54.99588705385607, -10.231884728779308], [-54.99586111112315, -10.231858710527591]]}}, {"type": "Feature", "properties": {"layer": "Fluxo", "dxf_type": "LINE"}, "geometry": {"type": "LineString", "coordinates": [[-54.99588112457157, -10.231888992234271], [-54.995855151912345, -10.231862943968402]]}}, {"type": "Feature", "properties": {"layer": "Fluxo", "dxf_type": "LINE"}, "geometry": {"type": "LineString", "coordinates": [[-54.99587515719284, -10.23189321839371], [-54.99584915279359, -10.231867138294664]]}}, {"type": "Feature", "properties": {"layer": "Fluxo", "dxf_type": "LINE"}, "geometry": {"type": "LineString", "coordinates": [[-54.99586915173124, -10.231897405449855], [-54.9958431146851, -10.231871292608123]]}}, {"type": "Feature", "properties": {"layer": "Fluxo", "dxf_type": "LINE"}, "geometry": {"type": "LineString", "coordinates": [[-54.99586310817542, -10.231901555210454], [-54.995837036668675, -10.231875407807031]]}}, {"type": "Feature", "properties": {"layer": "Fluxo", "dxf_type": "LINE"}, "geometry": {"type": "LineString", "coordinates": [[-54.995857026536726, -10.231905665867748], [-54.99583091966818, -10.231879482089239]]}}, {"type": "Feature", "properties": {"layer": "Fluxo", "dxf_type": "LINE"}, "geometry": {"type": "LineString", "coordinates": [[-54.9958509068095, -10.231909738325635], [-54.99582476184722, -10.231883517251283]]}}, {"type": "Feature", "properties": {"layer": "Fluxo", "dxf_type": "LINE"}, "geometry": {"type": "LineString", "coordinates": [[-54.99584474808685, -10.231913771674597], [-54.99581856321712, -10.231887511485384]]}}, {"type": "Feature", "properties": {"layer": "Fluxo", "dxf_type": "LINE"}, "geometry": {"type": "LineString", "coordinates": [[-54.99583855036314, -10.23191776681851], [-54.99581232469043, -10.231891464797139]]}}, {"type": "Feature", "properties": {"layer": "Fluxo", "dxf_type": "LINE"}, "geometry": {"type": "LineString", "coordinates": [[-54.995832313649686, -10.231921721949604], [-54.9958060453546, -10.231895377180964]]}}, {"type": "Feature", "properties": {"layer": "Fluxo", "dxf_type": "LINE"}, "geometry": {"type": "LineString", "coordinates": [[-54.99582603794083, -10.231925637971761], [-54.99579972611651, -10.231899249546347]]}}, {"type": "Feature", "properties": {"layer": "Fluxo", "dxf_type": "LINE"}, "geometry": {"type": "LineString", "coordinates": [[-54.99581972323657, -10.231929514884982], [-54.99579336424989, -10.231903080068637]]}}, {"type": "Feature", "properties": {"layer": "Fluxo", "dxf_type": "LINE"}, "geometry": {"type": "LineString", "coordinates": [[-54.995813368624376, -10.23193335268365], [-54.99578696248668, -10.231906869668592]]}}, {"type": "Feature", "properties": {"layer": "Fluxo", "dxf_type": "LINE"}, "geometry": {"type": "LineString", "coordinates": [[-54.99580697411559, -10.231937149559979], [-54.99578051809495, -10.231910617425484]]}}, {"type": "Feature", "properties": {"layer": "Fluxo", "dxf_type": "LINE"}, "geometry": {"type": "LineString", "coordinates": [[-54.99580053969887, -10.231940907321745], [-54.99577403289977, -10.231914323350516]]}}, {"type": "Feature", "properties": {"layer": "Fluxo", "dxf_type": "LINE"}, "geometry": {"type": "LineString", "coordinates": [[-54.995794065385546, -10.231944624161175], [-54.99576750508173, -10.23191798652856]]}}, {"type": "Feature", "properties": {"layer": "Fluxo", "dxf_type": "LINE"}, "geometry": {"type": "LineString", "coordinates": [[-54.99578755026311, -10.231948300072645], [-54.995760935547715, -10.231921607869152]]}}, {"type": "Feature", "properties": {"layer": "Fluxo", "dxf_type": "LINE"}, "geometry": {"type": "LineString", "coordinates": [[-54.99578099523841, -10.231951935965661], [-54.99575432247831, -10.231925186457135]]}}, {"type": "Feature", "properties": {"layer": "Fluxo", "dxf_type": "LINE"}, "geometry": {"type": "LineString", "coordinates": [[-54.99577439849206, -10.231955530925097], [-54.9957476676986, -10.231928722303762]]}}, {"type": "Feature", "properties": {"layer": "Fluxo", "dxf_type": "LINE"}, "geometry": {"type": "LineString", "coordinates": [[-54.99576776094226, -10.231959084052663], [-54.995740969389175, -10.231932214493881]]}}, {"type": "Feature", "properties": {"layer": "Fluxo", "dxf_type": "LINE"}, "geometry": {"type": "LineString", "coordinates": [[-54.99576108167646, -10.231962595342772], [-54.99573422755004, -10.231935663027516]]}}, {"type": "Feature", "properties": {"layer": "Fluxo", "dxf_type": "LINE"}, "geometry": {"type": "LineString", "coordinates": [[-54.99575436068901, -10.231966065699279], [-54.9957274421812, -10.23193906790466]]}}, {"type": "Feature", "properties": {"layer": "Fluxo", "dxf_type": "LINE"}, "geometry": {"type": "LineString", "coordinates": [[-54.99574759799126, -10.231969493314422], [-54.995720612370114, -10.231942429119675]]}}, {"type": "Feature", "properties": {"layer": "Fluxo", "dxf_type": "LINE"}, "geometry": {"type": "LineString", "coordinates": [[-54.99574079266499, -10.231972879086468], [-54.99571373812814, -10.231945744864806]]}}, {"type": "Feature", "properties": {"layer": "Fluxo", "dxf_type": "LINE"}, "geometry": {"type": "LineString", "coordinates": [[-54.99573394472154, -10.231976221207637], [-54.995706819449595, -10.231949016043933]]}}, {"type": "Feature", "properties": {"layer": "Fluxo", "dxf_type": "LINE"}, "geometry": {"type": "LineString", "coordinates": [[-54.99572705415526, -10.231979520581799], [-54.995699855421954, -10.231952242651401]]}}, {"type": "Feature", "properties": {"layer": "Fluxo", "dxf_type": "LINE"}, "geometry": {"type": "LineString", "coordinates": [[-54.9957201200536, -10.231982777203354], [-54.99569284514401, -10.231955422873868]]}}, {"type": "Feature", "properties": {"layer": "Fluxo", "dxf_type": "LINE"}, "geometry": {"type": "LineString", "coordinates": [[-54.99571314242791, -10.231985989264501], [-54.99568578952832, -10.231958556716902]]}}, {"type": "Feature", "properties": {"layer": "Fluxo", "dxf_type": "LINE"}, "geometry": {"type": "LineString", "coordinates": [[-54.99570612127251, -10.23198915766915], [-54.99567868765667, -10.231961645078792]]}}, {"type": "Feature", "properties": {"layer": "Fluxo", "dxf_type": "LINE"}, "geometry": {"type": "LineString", "coordinates": [[-54.995699054773695, -10.231992280598266], [-54.99567153954607, -10.231964685247872]]}}, {"type": "Feature", "properties": {"layer": "Fluxo", "dxf_type": "LINE"}, "geometry": {"type": "LineString", "coordinates": [[-54.99569194383263, -10.23199535986527], [-54.99566434336012, -10.231967679020684]]}}, {"type": "Feature", "properties": {"layer": "Fluxo", "dxf_type": "LINE"}, "geometry": {"type": "LineString", "coordinates": [[-54.99568478846069, -10.231998393662339], [-54.99565710002269, -10.231970624595053]]}}, {"type": "Feature", "properties": {"layer": "Fluxo", "dxf_type": "LINE"}, "geometry": {"type": "LineString", "coordinates": [[-54.99567758683846, -10.232001381074381], [-54.99564980862126, -10.231973521965344]]}}, {"type": "Feature", "properties": {"layer": "Fluxo", "dxf_type": "LINE"}, "geometry": {"type": "LineString", "coordinates": [[-54.99567033896027, -10.232004323005262], [-54.995642468243275, -10.231976371125969]]}}, {"type": "Feature", "properties": {"layer": "Fluxo", "dxf_type": "LINE"}, "geometry": {"type": "LineString", "coordinates": [[-54.995663044837464, -10.232007217647222], [-54.995635078900094, -10.23197917026913]]}}, {"type": "Feature", "properties": {"layer": "Fluxo", "dxf_type": "LINE"}, "geometry": {"type": "LineString", "coordinates": [[-54.99565570446438, -10.232010065904126], [-54.99562763967918, -10.231981919389211]]}}, {"type": "Feature", "properties": {"layer": "Fluxo", "dxf_type": "LINE"}, "geometry": {"type": "LineString", "coordinates": [[-54.995648316021615, -10.23201286686085], [-54.995620150580535, -10.231984618486207]]}}, {"type": "Feature", "properties": {"layer": "Fluxo", "dxf_type": "LINE"}, "geometry": {"type": "LineString", "coordinates": [[-54.99564088042738, -10.232015619619126], [-54.995612609784764, -10.23198726664499]]}}, {"type": "Feature", "properties": {"layer": "Fluxo", "dxf_type": "LINE"}, "geometry": {"type": "LineString", "coordinates": [[-54.99563339586227, -10.232018323263834], [-54.995605018204394, -10.231989863871176]]}}, {"type": "Feature", "properties": {"layer": "Fluxo", "dxf_type": "LINE"}, "geometry": {"type": "LineString", "coordinates": [[-54.99562586232063, -10.23202097869883], [-54.99559737493826, -10.23199240835137]]}}, {"type": "Feature", "properties": {"layer": "Fluxo", "dxf_type": "LINE"}, "geometry": {"type": "LineString", "coordinates": [[-54.99561827981379, -10.232023584116375], [-54.995589679073795, -10.231994900079933]]}}, {"type": "Feature", "properties": {"layer": "Fluxo", "dxf_type": "LINE"}, "geometry": {"type": "LineString", "coordinates": [[-54.99561064742923, -10.232026139510829], [-54.99558192879162, -10.231997338141754]]}}, {"type": "Feature", "properties": {"layer": "Fluxo", "dxf_type": "LINE"}, "geometry": {"type": "LineString", "coordinates": [[-54.99560296334753, -10.232028643967041], [-54.99557412592249, -10.231999721644163]]}}, {"type": "Feature", "properties": {"layer": "Fluxo", "dxf_type": "LINE"}, "geometry": {"type": "LineString", "coordinates": [[-54.99559522939379, -10.232031097496268], [-54.995566267723106, -10.232002051474208]]}}, {"type": "Feature", "properties": {"layer": "Fluxo", "dxf_type": "LINE"}, "geometry": {"type": "LineString", "coordinates": [[-54.99558744284173, -10.232033498273879], [-54.9955583542105, -10.2320043249202]]}}, {"type": "Feature", "properties": {"layer": "Fluxo", "dxf_type": "LINE"}, "geometry": {"type": "LineString", "coordinates": [[-54.99557960368569, -10.232035847203752], [-54.99555038447213, -10.232006541976538]]}}, {"type": "Feature", "properties": {"layer": "Fluxo", "dxf_type": "LINE"}, "geometry": {"type": "LineString", "coordinates": [[-54.99557171193702, -10.232038142478109], [-54.995542357601146, -10.2320087017337]]}}, {"type": "Feature", "properties": {"layer": "Fluxo", "dxf_type": "LINE"}, "geometry": {"type": "LineString", "coordinates": [[-54.9955637657763, -10.232040383181811], [-54.995534272685006, -10.232010804186055]]}}, {"type": "Feature", "properties": {"layer": "Fluxo", "dxf_type": "LINE"}, "geometry": {"type": "LineString", "coordinates": [[-54.99555576519789, -10.232042570218741], [-54.99552612882252, -10.232012847520215]]}}, {"type": "Feature", "properties": {"layer": "Fluxo", "dxf_type": "LINE"}, "geometry": {"type": "LineString", "coordinates": [[-54.99554770930625, -10.232044700871628], [-54.99551792601937, -10.232014830832279]]}}, {"type": "Feature", "properties": {"layer": "Fluxo", "dxf_type": "LINE"}, "geometry": {"type": "LineString", "coordinates": [[-54.99553959718885, -10.232046775134853], [-54.99550966245615, -10.232016753207134]]}}, {"type": "Feature", "properties": {"layer": "Fluxo", "dxf_type": "LINE"}, "geometry": {"type": "LineString", "coordinates": [[-54.99553142793317, -10.23204879300276], [-54.99550133722033, -10.232018614639143]]}}, {"type": "Feature", "properties": {"layer": "Fluxo", "dxf_type": "LINE"}, "geometry": {"type": "LineString", "coordinates": [[-54.99552320155055, -10.232050752667602], [-54.995492949416395, -10.23202041241103]]}}, {"type": "Feature", "properties": {"layer": "Fluxo", "dxf_type": "LINE"}, "geometry": {"type": "LineString", "coordinates": [[-54.99551491622158, -10.23205265321424], [-54.995484498131816, -10.23202214651715]]}}, {"type": "Feature", "properties": {"layer": "Fluxo", "dxf_type": "LINE"}, "geometry": {"type": "LineString", "coordinates": [[-54.99550657103942, -10.23205449373316], [-54.99547598245972, -10.232023816048013]]}}, {"type": "Feature", "properties": {"layer": "Fluxo", "dxf_type": "LINE"}, "geometry": {"type": "LineString", "coordinates": [[-54.99549816509152, -10.232056274218738], [-54.99546740058073, -10.232025420088473]]}}, {"type": "Feature", "properties": {"layer": "Fluxo", "dxf_type": "LINE"}, "geometry": {"type": "LineString", "coordinates": [[-54.99548969748237, -10.232057991953676], [-54.99545875159931, -10.232026955921242]]}}, {"type": "Feature", "properties": {"layer": "Fluxo", "dxf_type": "LINE"}, "geometry": {"type": "LineString", "coordinates": [[-54.99548116729376, -10.232059647836273], [-54.995450034602925, -10.232028423540722]]}}, {"type": "Feature", "properties": {"layer": "Fluxo", "dxf_type": "LINE"}, "geometry": {"type": "LineString", "coordinates": [[-54.99547257363018, -10.232061239149205], [-54.995441247777876, -10.232029821127854]]}}, {"type": "Feature", "properties": {"layer": "Fluxo", "dxf_type": "LINE"}, "geometry": {"type": "LineString", "coordinates": [[-54.9954639155791, -10.232062765886857], [-54.99543168104281, -10.232030437442138]]}}, {"type": "Feature", "properties": {"layer": "Fluxo", "dxf_type": "LINE"}, "geometry": {"type": "LineString", "coordinates": [[-54.99545519041425, -10.232064226224601], [-54.99542001945429, -10.232028951889772]]}}, {"type": "Feature", "properties": {"layer": "Fluxo", "dxf_type": "LINE"}, "geometry": {"type": "LineString", "coordinates": [[-54.99544639905384, -10.232065619264157], [-54.99540878136642, -10.232027891980936]]}}, {"type": "Feature", "properties": {"layer": "Fluxo", "dxf_type": "LINE"}, "geometry": {"type": "LineString", "coordinates": [[-54.995437538771625, -10.232066943180888], [-54.99539792054036, -10.232027209523011]]}}, {"type": "Feature", "properties": {"layer": "Fluxo", "dxf_type": "LINE"}, "geometry": {"type": "LineString", "coordinates": [[-54.995426668869676, -10.232066252532466], [-54.99538739978323, -10.232026869033975]]}}, {"type": "Feature", "properties": {"layer": "Fluxo", "dxf_type": "LINE"}, "geometry": {"type": "LineString", "coordinates": [[-54.995415022702325, -10.232064781537414], [-54.9953771882786, -10.232026836878953]]}}, {"type": "Feature", "properties": {"layer": "Fluxo", "dxf_type": "LINE"}, "geometry": {"type": "LineString", "coordinates": [[-54.99540384355952, -10.232063780746168], [-54.99536725879777, -10.232027089388279]]}}, {"type": "Feature", "properties": {"layer": "Fluxo", "dxf_type": "LINE"}, "geometry": {"type": "LineString", "coordinates": [[-54.9953930770463, -10.232063192876636], [-54.9953575914067, -10.232027603841132]]}}, {"type": "Feature", "properties": {"layer": "Fluxo", "dxf_type": "LINE"}, "geometry": {"type": "LineString", "coordinates": [[-54.99538267780799, -10.232062974261263], [-54.99534816614299, -10.232028362036141]]}}, {"type": "Feature", "properties": {"layer": "Fluxo", "dxf_type": "LINE"}, "geometry": {"type": "LineString", "coordinates": [[-54.99537261049382, -10.232063086717583], [-54.99533896760124, -10.232029346703927]]}}, {"type": "Feature", "properties": {"layer": "Fluxo", "dxf_type": "LINE"}, "geometry": {"type": "LineString", "coordinates": [[-54.99536284424763, -10.232063502937939], [-54.9953299821728, -10.23203054510576]]}}, {"type": "Feature", "properties": {"layer": "Fluxo", "dxf_type": "LINE"}, "geometry": {"type": "LineString", "coordinates": [[-54.995353356414796, -10.232064197472983], [-54.99532119806838, -10.232031945418074]]}}, {"type": "Feature", "properties": {"layer": "Fluxo", "dxf_type": "LINE"}, "geometry": {"type": "LineString", "coordinates": [[-54.99534412431229, -10.232065149392822], [-54.99531260349873, -10.232033535817264]]}}, {"type": "Feature", "properties": {"layer": "Fluxo", "dxf_type": "LINE"}, "geometry": {"type": "LineString", "coordinates": [[-54.99533513162788, -10.232066340518553], [-54.99530418938951, -10.232035308112158]]}}, {"type": "Feature", "properties": {"layer": "Fluxo", "dxf_type": "LINE"}, "geometry": {"type": "LineString", "coordinates": [[-54.99532636293915, -10.232067756292446], [-54.99529594758459, -10.232037253213301]]}}, {"type": "Feature", "properties": {"layer": "Fluxo", "dxf_type": "LINE"}, "geometry": {"type": "LineString", "coordinates": [[-54.99531780463744, -10.2320693839758], [-54.99528787083471, -10.232039362940771]]}}, {"type": "Feature", "properties": {"layer": "Fluxo", "dxf_type": "LINE"}, "geometry": {"type": "LineString", "coordinates": [[-54.995309445851674, -10.23207121084673], [-54.99527995278613, -10.232041631831901]]}}, {"type": "Feature", "properties": {"layer": "Fluxo", "dxf_type": "LINE"}, "geometry": {"type": "LineString", "coordinates": [[-54.99530127660068, -10.232073227804591], [-54.995272187090784, -10.232044053520141]]}}, {"type": "Feature", "properties": {"layer": "Fluxo", "dxf_type": "LINE"}, "geometry": {"type": "LineString", "coordinates": [[-54.99529328690323, -10.232075425748649], [-54.99526456830179, -10.232046623452348]]}}, {"type": "Feature", "properties": {"layer": "Fluxo", "dxf_type": "LINE"}, "geometry": {"type": "LineString", "coordinates": [[-54.99528547041693, -10.232077797408529], [-54.99525709098932, -10.232049334363703]]}}, {"type": "Feature", "properties": {"layer": "Fluxo", "dxf_type": "LINE"}, "geometry": {"type": "LineString", "coordinates": [[-54.995277819898206, -10.232080333700347], [-54.99524975242707, -10.232052184429598]]}}, {"type": "Feature", "properties": {"layer": "Fluxo", "dxf_type": "LINE"}, "geometry": {"type": "LineString", "coordinates": [[-54.99527032898196, -10.232083030969257], [-54.995242547173866, -10.23205516819295]]}}, {"type": "Feature", "properties": {"layer": "Fluxo", "dxf_type": "LINE"}, "geometry": {"type": "LineString", "coordinates": [[-54.99526299132014, -10.232085882848695], [-54.995235471596544, -10.232058282919663]]}}, {"type": "Feature", "properties": {"layer": "Fluxo", "dxf_type": "LINE"}, "geometry": {"type": "LineString", "coordinates": [[-54.99525580329661, -10.232088883892887], [-54.99522852388706, -10.232061525886808]]}}, {"type": "Feature", "properties": {"layer": "Fluxo", "dxf_type": "LINE"}, "geometry": {"type": "LineString", "coordinates": [[-54.995248759458825, -10.232092030452526], [-54.995221700423606, -10.232064892552506]]}}, {"type": "Feature", "properties": {"layer": "Fluxo", "dxf_type": "LINE"}, "geometry": {"type": "LineString", "coordinates": [[-54.99524185709753, -10.232095317991357], [-54.99521499756738, -10.232068381086485]]}}, {"type": "Feature", "properties": {"layer": "Fluxo", "dxf_type": "LINE"}, "geometry": {"type": "LineString", "coordinates": [[-54.99523509167273, -10.232098742865732], [-54.995208662903806, -10.232072237976684]]}}, {"type": "Feature", "properties": {"layer": "Fluxo", "dxf_type": "LINE"}, "geometry": {"type": "LineString", "coordinates": [[-54.99522880778743, -10.232102651592585], [-54.99520305191821, -10.232076820654186]]}}, {"type": "Feature", "properties": {"layer": "Fluxo", "dxf_type": "LINE"}, "geometry": {"type": "LineString", "coordinates": [[-54.995223185012186, -10.232107222446777], [-54.99519742007456, -10.232081382412876]]}}, {"type": "Feature", "properties": {"layer": "Fluxo", "dxf_type": "LINE"}, "geometry": {"type": "LineString", "coordinates": [[-54.99521754228576, -10.232111773291667], [-54.99519176646601, -10.232085922343241]]}}, {"type": "Feature", "properties": {"layer": "Fluxo", "dxf_type": "LINE"}, "geometry": {"type": "LineString", "coordinates": [[-54.99521187869561, -10.232116304121604], [-54.99518609199373, -10.232090442258665]]}}, {"type": "Feature", "properties": {"layer": "Fluxo", "dxf_type": "LINE"}, "geometry": {"type": "LineString", "coordinates": [[-54.99520619425309, -10.232120813128862], [-54.99518039666909, -10.232094940351386]]}}, {"type": "Feature", "properties": {"layer": "Fluxo", "dxf_type": "LINE"}, "geometry": {"type": "LineString", "coordinates": [[-54.99520048894685, -10.232125302121174], [-54.99517468048641, -10.232099417525303]]}}, {"type": "Feature", "properties": {"layer": "Fluxo", "dxf_type": "LINE"}, "geometry": {"type": "LineString", "coordinates": [[-54.9951947636951, -10.232129770200308], [-54.995168942533134, -10.232103873774767]]}}, {"type": "Feature", "properties": {"layer": "Fluxo", "dxf_type": "LINE"}, "geometry": {"type": "LineString", "coordinates": [[-54.99518901758531, -10.232134217360603], [-54.995163183727506, -10.232108308201521]]}}, {"type": "Feature", "properties": {"layer": "Fluxo", "dxf_type": "LINE"}, "geometry": {"type": "LineString", "coordinates": [[-54.99518324970494, -10.232138643596459], [-54.99515740406383, -10.23211272170946]]}}, {"type": "Feature", "properties": {"layer": "Fluxo", "dxf_type": "LINE"}, "geometry": {"type": "LineString", "coordinates": [[-54.99517746187905, -10.232143048919117], [-54.995151602629576, -10.232117114292958]]}}, {"type": "Feature", "properties": {"layer": "Fluxo", "dxf_type": "LINE"}, "geometry": {"type": "LineString", "coordinates": [[-54.99517165319513, -10.232147433322956], [-54.99514578034295, -10.232121485053725]]}}, {"type": "Feature", "properties": {"layer": "Fluxo", "dxf_type": "LINE"}, "geometry": {"type": "LineString", "coordinates": [[-54.99516582364749, -10.232151797711856], [-54.995139937198296, -10.232125834895685]]}}, {"type": "Feature", "properties": {"layer": "Fluxo", "dxf_type": "LINE"}, "geometry": {"type": "LineString", "coordinates": [[-54.99515997324748, -10.232156140278045], [-54.995134072288735, -10.2321301629093]]}}, {"type": "Feature", "properties": {"layer": "Fluxo", "dxf_type": "LINE"}, "geometry": {"type": "LineString", "coordinates": [[-54.99515410198943, -10.232160461925412], [-54.99512818560859, -10.232134469998467]]}}, {"type": "Feature", "properties": {"layer": "Fluxo", "dxf_type": "LINE"}, "geometry": {"type": "LineString", "coordinates": [[-54.995148209873335, -10.23216476265394], [-54.995122278076096, -10.232138755264922]]}}, {"type": "Feature", "properties": {"layer": "Fluxo", "dxf_type": "LINE"}, "geometry": {"type": "LineString", "coordinates": [[-54.9951422968992, -10.232169042463653], [-54.99511634877302, -10.232143019606927]]}}, {"type": "Feature", "properties": {"layer": "Fluxo", "dxf_type": "LINE"}, "geometry": {"type": "LineString", "coordinates": [[-54.99513636306704, -10.23217330135452], [-54.99511039862326, -10.232147261222334]]}}, {"type": "Feature", "properties": {"layer": "Fluxo", "dxf_type": "LINE"}, "geometry": {"type": "LineString", "coordinates": [[-54.99513040746429, -10.232177539320944], [-54.99510442578471, -10.232151482811535]]}}, {"type": "Feature", "properties": {"layer": "Fluxo", "dxf_type": "LINE"}, "geometry": {"type": "LineString", "coordinates": [[-54.995124431003504, -10.232181756368535], [-54.995098432099475, -10.232155681674152]]}}, {"type": "Feature", "properties": {"layer": "Fluxo", "dxf_type": "LINE"}, "geometry": {"type": "LineString", "coordinates": [[-54.99511843369036, -10.232185951593411], [-54.99509241756188, -10.232159858714034]]}}, {"type": "Feature", "properties": {"layer": "Fluxo", "dxf_type": "LINE"}, "geometry": {"type": "LineString", "coordinates": [[-54.99511241461231, -10.232190124989945], [-54.99508638034118, -10.232164014823837]]}}, {"type": "Feature", "properties": {"layer": "Fluxo", "dxf_type": "LINE"}, "geometry": {"type": "LineString", "coordinates": [[-54.99510637467055, -10.232194278371535], [-54.99508032135558, -10.232168149105298]]}}, {"type": "Feature", "properties": {"layer": "Fluxo", "dxf_type": "LINE"}, "geometry": {"type": "LineString", "coordinates": [[-54.995100313876435, -10.232198409930406], [-54.9950742415233, -10.232172260660157]]}}, {"type": "Feature", "properties": {"layer": "Fluxo", "dxf_type": "LINE"}, "geometry": {"type": "LineString", "coordinates": [[-54.99509423131742, -10.232202519660916], [-54.995068139007905, -10.232176351284918]]}}, {"type": "Feature", "properties": {"layer": "Fluxo", "dxf_type": "LINE"}, "geometry": {"type": "LineString", "coordinates": [[-54.99508812790037, -10.232206608472591], [-54.99506201472762, -10.232180420081335]]}}, {"type": "Feature", "properties": {"layer": "Fluxo", "dxf_type": "LINE"}, "geometry": {"type": "LineString", "coordinates": [[-54.99508200271841, -10.232210675455939], [-54.995055869600655, -10.232184466151137]]}}, {"type": "Feature", "properties": {"layer": "Fluxo", "dxf_type": "LINE"}, "geometry": {"type": "LineString", "coordinates": [[-54.9950758557659, -10.232214721514808], [-54.99504970179059, -10.232188491290861]]}}, {"type": "Feature", "properties": {"layer": "Fluxo", "dxf_type": "LINE"}, "geometry": {"type": "LineString", "coordinates": [[-54.99506968796102, -10.23221874575094], [-54.995043511308765, -10.23219249369273]]}}, {"type": "Feature", "properties": {"layer": "Fluxo", "dxf_type": "LINE"}, "geometry": {"type": "LineString", "coordinates": [[-54.995063498391254, -10.232222748158737], [-54.99503729998026, -10.232196473367965]]}}, {"type": "Feature", "properties": {"layer": "Fluxo", "dxf_type": "LINE"}, "geometry": {"type": "LineString", "coordinates": [[-54.99505728705092, -10.232226729642075], [-54.99503106596866, -10.232200432113133]]}}, {"type": "Feature", "properties": {"layer": "Fluxo", "dxf_type": "LINE"}, "geometry": {"type": "LineString", "coordinates": [[-54.99505105395136, -10.232230688393155], [-54.995024809285304, -10.232204368120428]]}}, {"type": "Feature", "properties": {"layer": "Fluxo", "dxf_type": "LINE"}, "geometry": {"type": "LineString", "coordinates": [[-54.99504479908691, -10.23223462531589], [-54.99501853084273, -10.232208281395463]]}}, {"type": "Feature", "properties": {"layer": "Fluxo", "dxf_type": "LINE"}, "geometry": {"type": "LineString", "coordinates": [[-54.9950385224519, -10.232238541314155], [-54.99501223063527, -10.232212172842162]]}}, {"type": "Feature", "properties": {"layer": "Fluxo", "dxf_type": "LINE"}, "geometry": {"type": "LineString", "coordinates": [[-54.99503222405767, -10.23224243458018], [-54.99500590775606, -10.232216041550986]]}}, {"type": "Feature", "properties": {"layer": "Fluxo", "dxf_type": "LINE"}, "geometry": {"type": "LineString", "coordinates": [[-54.99502590389287, -10.232246306921722], [-54.9949995622051, -10.232219887521943]]}}, {"type": "Feature", "properties": {"layer": "Fluxo", "dxf_type": "LINE"}, "geometry": {"type": "LineString", "coordinates": [[-54.99501956196887, -10.23225015653104], [-54.994993193976725, -10.23222371165892]]}}, {"type": "Feature", "properties": {"layer": "Fluxo", "dxf_type": "LINE"}, "geometry": {"type": "LineString", "coordinates": [[-54.99501319737311, -10.232253983402478], [-54.99498680307659, -10.232227513058032]]}}, {"type": "Feature", "properties": {"layer": "Fluxo", "dxf_type": "LINE"}, "geometry": {"type": "LineString", "coordinates": [[-54.99500681100679, -10.23225778934944], [-54.99498039042293, -10.232231290820994]]}}, {"type": "Feature", "properties": {"layer": "Fluxo", "dxf_type": "LINE"}, "geometry": {"type": "LineString", "coordinates": [[-54.99500040288126, -10.232261572564141], [-54.99497395417931, -10.232235046744355]]}}, {"type": "Feature", "properties": {"layer": "Fluxo", "dxf_type": "LINE"}, "geometry": {"type": "LineString", "coordinates": [[-54.994993972083975, -10.232265333040996], [-54.994967496176486, -10.232238779935454]]}}, {"type": "Feature", "properties": {"layer": "Fluxo", "dxf_type": "LINE"}, "geometry": {"type": "LineString", "coordinates": [[-54.99498751860928, -10.232269071683847], [-54.99496101459505, -10.232242489479185]]}}, {"type": "Feature", "properties": {"layer": "Fluxo", "dxf_type": "LINE"}, "geometry": {"type": "LineString", "coordinates": [[-54.99498104337536, -10.232272787594454], [-54.99495451034187, -10.232246176285033]]}}, {"type": "Feature", "properties": {"layer": "Fluxo", "dxf_type": "LINE"}, "geometry": {"type": "LineString", "coordinates": [[-54.99497454546403, -10.232276481671073], [-54.994947982504414, -10.232249840347365]]}}, {"type": "Feature", "properties": {"layer": "Fluxo", "dxf_type": "LINE"}, "geometry": {"type": "LineString", "coordinates": [[-54.99496802579917, -10.232280152111537], [-54.99494143199521, -10.23225348167184]]}}, {"type": "Feature", "properties": {"layer": "Fluxo", "dxf_type": "LINE"}, "geometry": {"type": "LineString", "coordinates": [[-54.99496148254435, -10.232283800712395], [-54.994934858819946, -10.23225709935454]]}}, {"type": "Feature", "properties": {"layer": "Fluxo", "dxf_type": "LINE"}, "geometry": {"type": "LineString", "coordinates": [[-54.99495491753032, -10.232287426580996], [-54.99492826206608, -10.232260693389854]]}}, {"type": "Feature", "properties": {"layer": "Fluxo", "dxf_type": "LINE"}, "geometry": {"type": "LineString", "coordinates": [[-54.99494832893769, -10.232291028802216], [-54.99492164173362, -10.232264263777765]]}}, {"type": "Feature", "properties": {"layer": "Fluxo", "dxf_type": "LINE"}, "geometry": {"type": "LineString", "coordinates": [[-54.994941717667636, -10.232294609189426], [-54.99491499781687, -10.232267811422174]]}}, {"type": "Feature", "properties": {"layer": "Fluxo", "dxf_type": "LINE"}, "geometry": {"type": "LineString", "coordinates": [[-54.99493508373153, -10.232298165934873], [-54.99490833123407, -10.23227133542482]]}}, {"type": "Feature", "properties": {"layer": "Fluxo", "dxf_type": "LINE"}, "geometry": {"type": "LineString", "coordinates": [[-54.994928427123675, -10.232301699942443], [-54.99490164107267, -10.232274835780059]]}}, {"type": "Feature", "properties": {"layer": "Fluxo", "dxf_type": "LINE"}, "geometry": {"type": "LineString", "coordinates": [[-54.994921746931546, -10.23230521120649], [-54.99489492642013, -10.232278312482283]]}}, {"type": "Feature", "properties": {"layer": "Fluxo", "dxf_type": "LINE"}, "geometry": {"type": "LineString", "coordinates": [[-54.99491504407336, -10.232308698828772], [-54.99488818819467, -10.232281764633216]]}}, {"type": "Feature", "properties": {"layer": "Fluxo", "dxf_type": "LINE"}, "geometry": {"type": "LineString", "coordinates": [[-54.994908317636565, -10.232312162803666], [-54.99488142639061, -10.23228519313677]]}}, {"type": "Feature", "properties": {"layer": "Fluxo", "dxf_type": "LINE"}, "geometry": {"type": "LineString", "coordinates": [[-54.99490156761549, -10.232315604035028], [-54.994874641007975, -10.232288597992893]]}}, {"type": "Feature", "properties": {"layer": "Fluxo", "dxf_type": "LINE"}, "geometry": {"type": "LineString", "coordinates": [[-54.99489479402151, -10.232319020715115], [-54.99486783113419, -10.232291979196019]]}}, {"type": "Feature", "properties": {"layer": "Fluxo", "dxf_type": "LINE"}, "geometry": {"type": "LineString", "coordinates": [[-54.99488799775579, -10.232322414657316], [-54.99486099678063, -10.23229533493832]]}}, {"type": "Feature", "properties": {"layer": "Fluxo", "dxf_type": "LINE"}, "geometry": {"type": "LineString", "coordinates": [[-54.99488117699894, -10.232325784946482], [-54.99485413884848, -10.23229866703324]]}}, {"type": "Feature", "properties": {"layer": "Fluxo", "dxf_type": "LINE"}, "geometry": {"type": "LineString", "coordinates": [[-54.99487433357603, -10.232329131593874], [-54.99484725551834, -10.232301974565614]]}}, {"type": "Feature", "properties": {"layer": "Fluxo", "dxf_type": "LINE"}, "geometry": {"type": "LineString", "coordinates": [[-54.99486746566766, -10.232332453684357], [-54.994840348615284, -10.232305257546683]]}}, {"type": "Feature", "properties": {"layer": "Fluxo", "dxf_type": "LINE"}, "geometry": {"type": "LineString", "coordinates": [[-54.994860574180706, -10.232335752127424], [-54.99483341722678, -10.232308515970859]]}}, {"type": "Feature", "properties": {"layer": "Fluxo", "dxf_type": "LINE"}, "geometry": {"type": "LineString", "coordinates": [[-54.994853658202615, -10.232339026917451], [-54.99482646044029, -10.23231174983247]]}}, {"type": "Feature", "properties": {"layer": "Fluxo", "dxf_type": "LINE"}, "geometry": {"type": "LineString", "coordinates": [[-54.99484671773907, -10.232342277150583], [-54.99481947917402, -10.232314958233275]]}}, {"type": "Feature", "properties": {"layer": "Fluxo", "dxf_type": "LINE"}, "geometry": {"type": "LineString", "coordinates": [[-54.99483975370262, -10.232345502832395], [-54.99481247342231, -10.232318142077174]]}}, {"type": "Feature", "properties": {"layer": "Fluxo", "dxf_type": "LINE"}, "geometry": {"type": "LineString", "coordinates": [[-54.99483276518072, -10.23234870395731], [-54.994805442272614, -10.232321301358512]]}}, {"type": "Feature", "properties": {"layer": "Fluxo", "dxf_type": "LINE"}, "geometry": {"type": "LineString", "coordinates": [[-54.99482575308023, -10.2323518814348], [-54.99479838573629, -10.23232443426953]]}}, {"type": "Feature", "properties": {"layer": "Fluxo", "dxf_type": "LINE"}, "geometry": {"type": "LineString", "coordinates": [[-54.99481871558743, -10.232355033445849], [-54.99479130380198, -10.232327542618002]]}}, {"type": "Feature", "properties": {"layer": "Fluxo", "dxf_type": "LINE"}, "geometry": {"type": "LineString", "coordinates": [[-54.99481165269664, -10.23235816089436], [-54.9947841973879, -10.232330625505666]]}}, {"type": "Feature", "properties": {"layer": "Fluxo", "dxf_type": "LINE"}, "geometry": {"type": "LineString", "coordinates": [[-54.99480456623294, -10.23236126379156], [-54.994777064674665, -10.232333682017382]]}}, {"type": "Feature", "properties": {"layer": "Fluxo", "dxf_type": "LINE"}, "geometry": {"type": "LineString", "coordinates": [[-54.99479745437694, -10.23236434122233], [-54.99476990656912, -10.232336713062649]]}}, {"type": "Feature", "properties": {"layer": "Fluxo", "dxf_type": "LINE"}, "geometry": {"type": "LineString", "coordinates": [[-54.99479031712296, -10.232367394090556], [-54.99476272215873, -10.23233971863586]]}}, {"type": "Feature", "properties": {"layer": "Fluxo", "dxf_type": "LINE"}, "geometry": {"type": "LineString", "coordinates": [[-54.994783155389214, -10.232370421497961], [-54.99475551236172, -10.232342697838737]]}}, {"type": "Feature", "properties": {"layer": "Fluxo", "dxf_type": "LINE"}, "geometry": {"type": "LineString", "coordinates": [[-54.99477596826316, -10.232373423438911], [-54.99474827625988, -10.232345651569538]]}}, {"type": "Feature", "properties": {"layer": "Fluxo", "dxf_type": "LINE"}, "geometry": {"type": "LineString", "coordinates": [[-54.994768754832265, -10.232376399907807], [-54.994741013864555, -10.232348578020511]]}}, {"type": "Feature", "properties": {"layer": "Fluxo", "dxf_type": "LINE"}, "geometry": {"type": "LineString", "coordinates": [[-54.994761516921606, -10.232379350915878], [-54.99473372607693, -10.232351479005025]]}}, {"type": "Feature", "properties": {"layer": "Fluxo", "dxf_type": "LINE"}, "geometry": {"type": "LineString", "coordinates": [[-54.994754252711786, -10.232382275547998], [-54.99472641108329, -10.23235435270409]]}}, {"type": "Feature", "properties": {"layer": "Fluxo", "dxf_type": "LINE"}, "geometry": {"type": "LineString", "coordinates": [[-54.99474696310967, -10.23238517471367], [-54.99471906887795, -10.232357200021562]]}}, {"type": "Feature", "properties": {"layer": "Fluxo", "dxf_type": "LINE"}, "geometry": {"type": "LineString", "coordinates": [[-54.99473964720272, -10.23238804840726], [-54.99471170037913, -10.232360020059183]]}}, {"type": "Feature", "properties": {"layer": "Fluxo", "dxf_type": "LINE"}, "geometry": {"type": "LineString", "coordinates": [[-54.99473230500229, -10.232390894821016], [-54.99470430466862, -10.23236281371521]]}}, {"type": "Feature", "properties": {"layer": "Fluxo", "dxf_type": "LINE"}, "geometry": {"type": "LineString", "coordinates": [[-54.994724936497015, -10.23239371576269], [-54.99469688267032, -10.232365579187514]]}}, {"type": "Feature", "properties": {"layer": "Fluxo", "dxf_type": "LINE"}, "geometry": {"type": "LineString", "coordinates": [[-54.99471754261081, -10.23239650943015], [-54.99468943254779, -10.2323683182726]]}}, {"type": "Feature", "properties": {"layer": "Fluxo", "dxf_type": "LINE"}, "geometry": {"type": "LineString", "coordinates": [[-54.99471012059469, -10.232399277614263], [-54.99468195522492, -10.23237102916832]]}}, {"type": "Feature", "properties": {"layer": "Fluxo", "dxf_type": "LINE"}, "geometry": {"type": "LineString", "coordinates": [[-54.99470267320331, -10.23240201762029], [-54.9946744497835, -10.23237371277293]]}}, {"type": "Feature", "properties": {"layer": "Fluxo", "dxf_type": "LINE"}, "geometry": {"type": "LineString", "coordinates": [[-54.99469519860024, -10.232404731244705], [-54.99466691714175, -10.232376368188193]]}}, {"type": "Feature", "properties": {"layer": "Fluxo", "dxf_type": "LINE"}, "geometry": {"type": "LineString", "coordinates": [[-54.99468769587295, -10.232407418481912], [-54.994659259347046, -10.23237889899483]]}}, {"type": "Feature", "properties": {"layer": "Fluxo", "dxf_type": "LINE"}, "geometry": {"type": "LineString", "coordinates": [[-54.994680166857854, -10.232410077535375], [-54.99465151359216, -10.232381340674955]]}}, {"type": "Feature", "properties": {"layer": "Fluxo", "dxf_type": "LINE"}, "geometry": {"type": "LineString", "coordinates": [[-54.99467254806315, -10.232412646547205], [-54.99464374063128, -10.232383755069604]]}}, {"type": "Feature", "properties": {"layer": "Fluxo", "dxf_type": "LINE"}, "geometry": {"type": "LineString", "coordinates": [[-54.994664809562344, -10.232415095503589], [-54.9946359404644, -10.232386142178731]]}}, {"type": "Feature", "properties": {"layer": "Fluxo", "dxf_type": "LINE"}, "geometry": {"type": "LineString", "coordinates": [[-54.9946570447624, -10.23241751808398], [-54.99462811308586, -10.232388502906266]]}}, {"type": "Feature", "properties": {"layer": "Fluxo", "dxf_type": "LINE"}, "geometry": {"type": "LineString", "coordinates": [[-54.994649253663326, -10.232419914288386], [-54.994620258507005, -10.232390835444429]]}}, {"type": "Feature", "properties": {"layer": "Fluxo", "dxf_type": "LINE"}, "geometry": {"type": "LineString", "coordinates": [[-54.99464143535258, -10.232422284111193], [-54.994612375815294, -10.232393139787565]]}}, {"type": "Feature", "properties": {"layer": "Fluxo", "dxf_type": "LINE"}, "geometry": {"type": "LineString", "coordinates": [[-54.994633589835836, -10.232424626648518], [-54.994604465917604, -10.232395416845211]]}}, {"type": "Feature", "properties": {"layer": "Fluxo", "dxf_type": "LINE"}, "geometry": {"type": "LineString", "coordinates": [[-54.994625718025645, -10.232426941905944], [-54.99459652790707, -10.232397665707827]]}}, {"type": "Feature", "properties": {"layer": "Fluxo", "dxf_type": "LINE"}, "geometry": {"type": "LineString", "coordinates": [[-54.99461781900946, -10.232429229877882], [-54.994588560871144, -10.232399886369821]]}}, {"type": "Feature", "properties": {"layer": "Fluxo", "dxf_type": "LINE"}, "geometry": {"type": "LineString", "coordinates": [[-54.99460989187476, -10.232431490558692], [-54.99458056663492, -10.232402078842437]]}}, {"type": "Feature", "properties": {"layer": "Fluxo", "dxf_type": "LINE"}, "geometry": {"type": "LineString", "coordinates": [[-54.99460193753974, -10.232433723050113], [-54.99457254246645, -10.232404242204886]]}}, {"type": "Feature", "properties": {"layer": "Fluxo", "dxf_type": "LINE"}, "geometry": {"type": "LineString", "coordinates": [[-54.994593955998745, -10.23243592825602], [-54.99456449018514, -10.232406377372307]]}}, {"type": "Feature", "properties": {"layer": "Fluxo", "dxf_type": "LINE"}, "geometry": {"type": "LineString", "coordinates": [[-54.99458594543236, -10.232438105261304], [-54.994556408889814, -10.232408482531332]]}}, {"type": "Feature", "properties": {"layer": "Fluxo", "dxf_type": "LINE"}, "geometry": {"type": "LineString", "coordinates": [[-54.99457790767135, -10.232440253173303], [-54.99454829857479, -10.232410558585809]]}}, {"type": "Feature", "properties": {"layer": "Fluxo", "dxf_type": "LINE"}, "geometry": {"type": "LineString", "coordinates": [[-54.99456984087928, -10.232442373788546], [-54.99454015924006, -10.232412605535762]]}}, {"type": "Feature", "properties": {"layer": "Fluxo", "dxf_type": "LINE"}, "geometry": {"type": "LineString", "coordinates": [[-54.994561745067514, -10.232444465299253], [-54.99453198907192, -10.232414621562148]]}}, {"type": "Feature", "properties": {"layer": "Fluxo", "dxf_type": "LINE"}, "geometry": {"type": "LineString", "coordinates": [[-54.994553621148576, -10.232446527711048], [-54.994523789884084, -10.23241660848401]]}}, {"type": "Feature", "properties": {"layer": "Fluxo", "dxf_type": "LINE"}, "geometry": {"type": "LineString", "coordinates": [[-54.99454546820996, -10.232448561018309], [-54.99451555985716, -10.232418565386185]]}}, {"type": "Feature", "properties": {"layer": "Fluxo", "dxf_type": "LINE"}, "geometry": {"type": "LineString", "coordinates": [[-54.99453728625163, -10.232450565221031], [-54.994507299909365, -10.232420491370439]]}}, {"type": "Feature", "properties": {"layer": "Fluxo", "dxf_type": "LINE"}, "geometry": {"type": "LineString", "coordinates": [[-54.994529074361076, -10.232452540313608], [-54.99449900912816, -10.232422386431114]]}}, {"type": "Feature", "properties": {"layer": "Fluxo", "dxf_type": "LINE"}, "geometry": {"type": "LineString", "coordinates": [[-54.99452083254964, -10.232454484488231], [-54.99449068750787, -10.23242425147213]]}}, {"type": "Feature", "properties": {"layer": "Fluxo", "dxf_type": "LINE"}, "geometry": {"type": "LineString", "coordinates": [[-54.994512561718516, -10.232456399558313], [-54.99448233414731, -10.232426084680052]]}}, {"type": "Feature", "properties": {"layer": "Fluxo", "dxf_type": "LINE"}, "geometry": {"type": "LineString", "coordinates": [[-54.9945042600483, -10.23245828460873], [-54.994473949959016, -10.23242788606052]]}}, {"type": "Feature", "properties": {"layer": "Fluxo", "dxf_type": "LINE"}, "geometry": {"type": "LineString", "coordinates": [[-54.99449592845722, -10.232460138741192], [-54.99446553493733, -10.232429656517423]]}}, {"type": "Feature", "properties": {"layer": "Fluxo", "dxf_type": "LINE"}, "geometry": {"type": "LineString", "coordinates": [[-54.99448756512019, -10.232461961944464], [-54.99445708726852, -10.23243139423172]]}}, {"type": "Feature", "properties": {"layer": "Fluxo", "dxf_type": "LINE"}, "geometry": {"type": "LineString", "coordinates": [[-54.994479171862295, -10.232463754229794], [-54.99444860695259, -10.232433099203424]]}}, {"type": "Feature", "properties": {"layer": "Fluxo", "dxf_type": "LINE"}, "geometry": {"type": "LineString", "coordinates": [[-54.99447074777099, -10.232465515591551], [-54.99444009398386, -10.23243477233642]]}}, {"type": "Feature", "properties": {"layer": "Fluxo", "dxf_type": "LINE"}, "geometry": {"type": "LineString", "coordinates": [[-54.99446229193942, -10.232467245120226], [-54.994431549280556, -10.232436412732447]]}}, {"type": "Feature", "properties": {"layer": "Fluxo", "dxf_type": "LINE"}, "geometry": {"type": "LineString", "coordinates": [[-54.99445380345506, -10.232468942810199], [-54.994422971023276, -10.232438019476366]]}}, {"type": "Feature", "properties": {"layer": "Fluxo", "dxf_type": "LINE"}, "geometry": {"type": "LineString", "coordinates": [[-54.99444528414297, -10.23247060867269], [-54.994414359206345, -10.232439593472048]]}}, {"type": "Feature", "properties": {"layer": "Fluxo", "dxf_type": "LINE"}, "geometry": {"type": "LineString", "coordinates": [[-54.994436732183765, -10.232472241792586], [-54.99440571384112, -10.232441132911735]]}}, {"type": "Feature", "properties": {"layer": "Fluxo", "dxf_type": "LINE"}, "geometry": {"type": "LineString", "coordinates": [[-54.994428147571774, -10.232473843073773], [-54.99439703400939, -10.23244263869367]]}}, {"type": "Feature", "properties": {"layer": "Fluxo", "dxf_type": "LINE"}, "geometry": {"type": "LineString", "coordinates": [[-54.99441953031833, -10.232475410708457], [-54.99438832062937, -10.232444109919605]]}}, {"type": "Feature", "properties": {"layer": "Fluxo", "dxf_type": "LINE"}, "geometry": {"type": "LineString", "coordinates": [[-54.99441088041779, -10.232476945600554], [-54.994379572788525, -10.232445546583895]]}}, {"type": "Feature", "properties": {"layer": "Fluxo", "dxf_type": "LINE"}, "geometry": {"type": "LineString", "coordinates": [[-54.99440219696328, -10.232478446840522], [-54.99437078866745, -10.232446947771427]]}}, {"type": "Feature", "properties": {"layer": "Fluxo", "dxf_type": "LINE"}, "geometry": {"type": "LineString", "coordinates": [[-54.99439347904225, -10.232479914422736], [-54.99436197009125, -10.232448313493427]]}}, {"type": "Feature", "properties": {"layer": "Fluxo", "dxf_type": "LINE"}, "geometry": {"type": "LineString", "coordinates": [[-54.99438472757294, -10.232481347448946], [-54.99435311614736, -10.232449643744285]]}}, {"type": "Feature", "properties": {"layer": "Fluxo", "dxf_type": "LINE"}, "geometry": {"type": "LineString", "coordinates": [[-54.994375941642794, -10.23248274591353], [-54.99434422592893, -10.232450937614479]]}}, {"type": "Feature", "properties": {"layer": "Fluxo", "dxf_type": "LINE"}, "geometry": {"type": "LineString", "coordinates": [[-54.994367121246164, -10.232484110720353], [-54.994335298523424, -10.232452195098372]]}}, {"type": "Feature", "properties": {"layer": "Fluxo", "dxf_type": "LINE"}, "geometry": {"type": "LineString", "coordinates": [[-54.99435826548752, -10.23248543915213], [-54.994326335755936, -10.232453416207237]]}}, {"type": "Feature", "properties": {"layer": "Fluxo", "dxf_type": "LINE"}, "geometry": {"type": "LineString", "coordinates": [[-54.9943493743612, -10.232486732112765], [-54.99431733490019, -10.232454599116403]]}}, {"type": "Feature", "properties": {"layer": "Fluxo", "dxf_type": "LINE"}, "geometry": {"type": "LineString", "coordinates": [[-54.9943404478672, -10.232487989602253], [-54.99430829595051, -10.232455744729764]]}}, {"type": "Feature", "properties": {"layer": "Fluxo", "dxf_type": "LINE"}, "geometry": {"type": "LineString", "coordinates": [[-54.99433148509299, -10.232489211614954], [-54.99429921982514, -10.232456852149062]]}}, {"type": "Feature", "properties": {"layer": "Fluxo", "dxf_type": "LINE"}, "geometry": {"type": "LineString", "coordinates": [[-54.99432248513738, -10.232490396337464], [-54.99429010561151, -10.23245792136864]]}}, {"type": "Feature", "properties": {"layer": "Fluxo", "dxf_type": "LINE"}, "geometry": {"type": "LineString", "coordinates": [[-54.994313448912926, -10.232491543775415], [-54.994280951490246, -10.2324589514734]]}}, {"type": "Feature", "properties": {"layer": "Fluxo", "dxf_type": "LINE"}, "geometry": {"type": "LineString", "coordinates": [[-54.994304375507085, -10.232492653923192], [-54.99427175928642, -10.23245994247457]]}}, {"type": "Feature", "properties": {"layer": "Fluxo", "dxf_type": "LINE"}, "geometry": {"type": "LineString", "coordinates": [[-54.994295264919856, -10.232493726780776], [-54.99426252627378, -10.232460892547483]]}}, {"type": "Feature", "properties": {"layer": "Fluxo", "dxf_type": "LINE"}, "geometry": {"type": "LineString", "coordinates": [[-54.994286115331846, -10.232494761433031], [-54.994253253353506, -10.232461803505572]]}}, {"type": "Feature", "properties": {"layer": "Fluxo", "dxf_type": "LINE"}, "geometry": {"type": "LineString", "coordinates": [[-54.99427692766127, -10.232495756981695], [-54.99424394053696, -10.232462673541024]]}}, {"type": "Feature", "properties": {"layer": "Fluxo", "dxf_type": "LINE"}, "geometry": {"type": "LineString", "coordinates": [[-54.994267700989916, -10.232496714325025], [-54.99423458600475, -10.232463501738739]]}}, {"type": "Feature", "properties": {"layer": "Fluxo", "dxf_type": "LINE"}, "geometry": {"type": "LineString", "coordinates": [[-54.99425843532915, -10.232497631655264], [-54.9942251897512, -10.232464289002566]]}}, {"type": "Feature", "properties": {"layer": "Fluxo", "dxf_type": "LINE"}, "geometry": {"type": "LineString", "coordinates": [[-54.99424912976642, -10.232498508966756], [-54.99421575178765, -10.232465033524749]]}}, {"type": "Feature", "properties": {"layer": "Fluxo", "dxf_type": "LINE"}, "geometry": {"type": "LineString", "coordinates": [[-54.99423978338921, -10.232499346253887], [-54.99420627120159, -10.232465735299659]]}}, {"type": "Feature", "properties": {"layer": "Fluxo", "dxf_type": "LINE"}, "geometry": {"type": "LineString", "coordinates": [[-54.994230397121406, -10.232500141714507], [-54.99419674708047, -10.232466394321653]]}}, {"type": "Feature", "properties": {"layer": "Fluxo", "dxf_type": "LINE"}, "geometry": {"type": "LineString", "coordinates": [[-54.99422096912658, -10.232500897145144], [-54.99418717943566, -10.232467008782978]]}}, {"type": "Feature", "properties": {"layer": "Fluxo", "dxf_type": "LINE"}, "geometry": {"type": "LineString", "coordinates": [[-54.994211499421766, -10.232501609834129], [-54.994178829706826, -10.232468844716724]]}}, {"type": "Feature", "properties": {"layer": "Fluxo", "dxf_type": "LINE"}, "geometry": {"type": "LineString", "coordinates": [[-54.99420198708876, -10.232502280679725], [-54.9941708454434, -10.232471047182996]]}}, {"type": "Feature", "properties": {"layer": "Fluxo", "dxf_type": "LINE"}, "geometry": {"type": "LineString", "coordinates": [[-54.99419243304577, -10.23250290878365], [-54.99416286026736, -10.232473249643425]]}}, {"type": "Feature", "properties": {"layer": "Fluxo", "dxf_type": "LINE"}, "geometry": {"type": "LineString", "coordinates": [[-54.99418422660021, -10.232504888420022], [-54.994154875096925, -10.232475451199754]]}}, {"type": "Feature", "properties": {"layer": "Fluxo", "dxf_type": "LINE"}, "geometry": {"type": "LineString", "coordinates": [[-54.994176241423304, -10.232507090880631], [-54.99414688992642, -10.232477652755863]]}}, {"type": "Feature", "properties": {"layer": "Fluxo", "dxf_type": "LINE"}, "geometry": {"type": "LineString", "coordinates": [[-54.994168256252, -10.23250929243714], [-54.994138903843286, -10.232479854306133]]}}, {"type": "Feature", "properties": {"layer": "Fluxo", "dxf_type": "LINE"}, "geometry": {"type": "LineString", "coordinates": [[-54.99416027108063, -10.23251149399343], [-54.994130918672624, -10.232482055861805]]}}, {"type": "Feature", "properties": {"layer": "Fluxo", "dxf_type": "LINE"}, "geometry": {"type": "LineString", "coordinates": [[-54.99415228590918, -10.232513695549503], [-54.994122932595026, -10.232484256507755]]}}, {"type": "Feature", "properties": {"layer": "Fluxo", "dxf_type": "LINE"}, "geometry": {"type": "LineString", "coordinates": [[-54.994144299825116, -10.232515897099734], [-54.99411494651735, -10.232486457153486]]}}, {"type": "Feature", "properties": {"layer": "Fluxo", "dxf_type": "LINE"}, "geometry": {"type": "LineString", "coordinates": [[-54.99413631465352, -10.232518098655374], [-54.99410695952706, -10.232488657793379]]}}, {"type": "Feature", "properties": {"layer": "Fluxo", "dxf_type": "LINE"}, "geometry": {"type": "LineString", "coordinates": [[-54.99412832766244, -10.23252029929566], [-54.99409897344924, -10.23249085843867]]}}, {"type": "Feature", "properties": {"layer": "Fluxo", "dxf_type": "LINE"}, "geometry": {"type": "LineString", "coordinates": [[-54.99412034158382, -10.232522499941357], [-54.994090986458794, -10.232493059078129]]}}, {"type": "Feature", "properties": {"layer": "Fluxo", "dxf_type": "LINE"}, "geometry": {"type": "LineString", "coordinates": [[-54.99411235550513, -10.232524700586833], [-54.99408299947396, -10.232495258813481]]}}, {"type": "Feature", "properties": {"layer": "Fluxo", "dxf_type": "LINE"}, "geometry": {"type": "LineString", "coordinates": [[-54.99410436851951, -10.232526900322584], [-54.99407501248905, -10.23249745854862]]}}, {"type": "Feature", "properties": {"layer": "Fluxo", "dxf_type": "LINE"}, "geometry": {"type": "LineString", "coordinates": [[-54.99409638152813, -10.232529100962003], [-54.99406702459152, -10.23249965827791]]}}, {"type": "Feature", "properties": {"layer": "Fluxo", "dxf_type": "LINE"}, "geometry": {"type": "LineString", "coordinates": [[-54.99408839454236, -10.232531300697321], [-54.9940590366996, -10.232501857103104]]}}, {"type": "Feature", "properties": {"layer": "Fluxo", "dxf_type": "LINE"}, "geometry": {"type": "LineString", "coordinates": [[-54.99408040755651, -10.232533500432417], [-54.99405104880192, -10.23250405683196]]}}, {"type": "Feature", "properties": {"layer": "Fluxo", "dxf_type": "LINE"}, "geometry": {"type": "LineString", "coordinates": [[-54.99407241965804, -10.232535700161677], [-54.99404306090985, -10.232506255656718]]}}, {"type": "Feature", "properties": {"layer": "Fluxo", "dxf_type": "LINE"}, "geometry": {"type": "LineString", "coordinates": [[-54.99406443176518, -10.232537898986832], [-54.9940350730177, -10.23250845448124]]}}, {"type": "Feature", "properties": {"layer": "Fluxo", "dxf_type": "LINE"}, "geometry": {"type": "LineString", "coordinates": [[-54.99405644387224, -10.232540097811768], [-54.994027084218615, -10.232510652396051]]}}, {"type": "Feature", "properties": {"layer": "Fluxo", "dxf_type": "LINE"}, "geometry": {"type": "LineString", "coordinates": [[-54.994048455979225, -10.232542296636472], [-54.994019095413776, -10.232512851214533]]}}, {"type": "Feature", "properties": {"layer": "Fluxo", "dxf_type": "LINE"}, "geometry": {"type": "LineString", "coordinates": [[-54.994040467173605, -10.23254449545535], [-54.99401110661454, -10.232515049128912]]}}, {"type": "Feature", "properties": {"layer": "Fluxo", "dxf_type": "LINE"}, "geometry": {"type": "LineString", "coordinates": [[-54.99403247836789, -10.232546694274012], [-54.99400311781523, -10.232517247043054]]}}, {"type": "Feature", "properties": {"layer": "Fluxo", "dxf_type": "LINE"}, "geometry": {"type": "LineString", "coordinates": [[-54.9940244895678, -10.23254889218857], [-54.99399512810331, -10.232519444951368]]}}, {"type": "Feature", "properties": {"layer": "Fluxo", "dxf_type": "LINE"}, "geometry": {"type": "LineString", "coordinates": [[-54.99401650076763, -10.232551090102907], [-54.99398713930385, -10.232521642865098]]}}, {"type": "Feature", "properties": {"layer": "Fluxo", "dxf_type": "LINE"}, "geometry": {"type": "LineString", "coordinates": [[-54.99400851196738, -10.23255328801702], [-54.99397914959745, -10.232523839869076]]}}, {"type": "Feature", "properties": {"layer": "Fluxo", "dxf_type": "LINE"}, "geometry": {"type": "LineString", "coordinates": [[-54.99400052225451, -10.232555485925298], [-54.99397115897844, -10.232526036867233]]}}, {"type": "Feature", "properties": {"layer": "Fluxo", "dxf_type": "LINE"}, "geometry": {"type": "LineString", "coordinates": [[-54.99399253254725, -10.232557682929478], [-54.99396316927189, -10.232528233870799]]}}, {"type": "Feature", "properties": {"layer": "Fluxo", "dxf_type": "LINE"}, "geometry": {"type": "LineString", "coordinates": [[-54.99398454283992, -10.232559879933422], [-54.99395517865841, -10.232530429964616]]}}, {"type": "Feature", "properties": {"layer": "Fluxo", "dxf_type": "LINE"}, "geometry": {"type": "LineString", "coordinates": [[-54.993976553132505, -10.232562076937166], [-54.993947188039165, -10.23253262696212]]}}, {"type": "Feature", "properties": {"layer": "Fluxo", "dxf_type": "LINE"}, "geometry": {"type": "LineString", "coordinates": [[-54.99396856251248, -10.23256427393507], [-54.99393919742554, -10.232534823055506]]}}, {"type": "Feature", "properties": {"layer": "Fluxo", "dxf_type": "LINE"}, "geometry": {"type": "LineString", "coordinates": [[-54.99396057189237, -10.232566470932737], [-54.99393120681183, -10.23253701914869]]}}, {"type": "Feature", "properties": {"layer": "Fluxo", "dxf_type": "LINE"}, "geometry": {"type": "LineString", "coordinates": [[-54.99395258127788, -10.232568667026321], [-54.993923215285506, -10.232539215236011]]}}, {"type": "Feature", "properties": {"layer": "Fluxo", "dxf_type": "LINE"}, "geometry": {"type": "LineString", "coordinates": [[-54.99394459066331, -10.232570863119664], [-54.99391522467732, -10.232541410424878]]}}, {"type": "Feature", "properties": {"layer": "Fluxo", "dxf_type": "LINE"}, "geometry": {"type": "LineString", "coordinates": [[-54.99393660004866, -10.232573059212813], [-54.993907232238314, -10.232543606506143]]}}, {"type": "Feature", "properties": {"layer": "Fluxo", "dxf_type": "LINE"}, "geometry": {"type": "LineString", "coordinates": [[-54.99392860852708, -10.232575254396219], [-54.99389924071744, -10.232545801688948]]}}, {"type": "Feature", "properties": {"layer": "Fluxo", "dxf_type": "LINE"}, "geometry": {"type": "LineString", "coordinates": [[-54.99392061699974, -10.232577450483303], [-54.99389124920218, -10.23254799596763]]}}, {"type": "Feature", "properties": {"layer": "Fluxo", "dxf_type": "LINE"}, "geometry": {"type": "LineString", "coordinates": [[-54.993912625478, -10.232579645666272], [-54.99388325676862, -10.232550191144375]]}}, {"type": "Feature", "properties": {"layer": "Fluxo", "dxf_type": "LINE"}, "geometry": {"type": "LineString", "coordinates": [[-54.99390463304366, -10.232581840843414], [-54.993875264340666, -10.232552385416998]]}}, {"type": "Feature", "properties": {"layer": "Fluxo", "dxf_type": "LINE"}, "geometry": {"type": "LineString", "coordinates": [[-54.99389664152745, -10.232584035122063], [-54.993867271906964, -10.232554580593307]]}}, {"type": "Feature", "properties": {"layer": "Fluxo", "dxf_type": "LINE"}, "geometry": {"type": "LineString", "coordinates": [[-54.99388864909296, -10.232586230298752], [-54.99385927857199, -10.232556773955986]]}}, {"type": "Feature", "properties": {"layer": "Fluxo", "dxf_type": "LINE"}, "geometry": {"type": "LineString", "coordinates": [[-54.99388065666406, -10.232588424571356], [-54.99385128614381, -10.232558968227957]]}}, {"type": "Feature", "properties": {"layer": "Fluxo", "dxf_type": "LINE"}, "geometry": {"type": "LineString", "coordinates": [[-54.99387266423509, -10.232590618843727], [-54.99384329280302, -10.232561162494104]]}}, {"type": "Feature", "properties": {"layer": "Fluxo", "dxf_type": "LINE"}, "geometry": {"type": "LineString", "coordinates": [[-54.99386467089351, -10.232592813110273], [-54.99383529946783, -10.232563355856128]]}}, {"type": "Feature", "properties": {"layer": "Fluxo", "dxf_type": "LINE"}, "geometry": {"type": "LineString", "coordinates": [[-54.993856677551854, -10.232595007376581], [-54.993827306132566, -10.23256554921794]]}}, {"type": "Feature", "properties": {"layer": "Fluxo", "dxf_type": "LINE"}, "geometry": {"type": "LineString", "coordinates": [[-54.9938486842158, -10.232597200738791], [-54.993819311884685, -10.232567742573904]]}}, {"type": "Feature", "properties": {"layer": "Fluxo", "dxf_type": "LINE"}, "geometry": {"type": "LineString", "coordinates": [[-54.993840690879665, -10.232599394100781], [-54.99381131764241, -10.23256993502577]]}}, {"type": "Feature", "properties": {"layer": "Fluxo", "dxf_type": "LINE"}, "geometry": {"type": "LineString", "coordinates": [[-54.99383269754346, -10.232601587462568], [-54.99380332340006, -10.23257212747743]]}}, {"type": "Feature", "properties": {"layer": "Fluxo", "dxf_type": "LINE"}, "geometry": {"type": "LineString", "coordinates": [[-54.99382470329464, -10.232603780818499], [-54.99379532915196, -10.232574320832747]]}}, {"type": "Feature", "properties": {"layer": "Fluxo", "dxf_type": "LINE"}, "geometry": {"type": "LineString", "coordinates": [[-54.99381670905142, -10.232605973270326], [-54.99378733491514, -10.232576512380074]]}}, {"type": "Feature", "properties": {"layer": "Fluxo", "dxf_type": "LINE"}, "geometry": {"type": "LineString", "coordinates": [[-54.99380871480814, -10.232608165721937], [-54.99377933976002, -10.232578704825439]]}}, {"type": "Feature", "properties": {"layer": "Fluxo", "dxf_type": "LINE"}, "geometry": {"type": "LineString", "coordinates": [[-54.99380072056477, -10.232610358173345], [-54.993771344610515, -10.232580896366704]]}}, {"type": "Feature", "properties": {"layer": "Fluxo", "dxf_type": "LINE"}, "geometry": {"type": "LineString", "coordinates": [[-54.993792725408795, -10.232612550618892], [-54.99376334945525, -10.232583088811639]]}}, {"type": "Feature", "properties": {"layer": "Fluxo", "dxf_type": "LINE"}, "geometry": {"type": "LineString", "coordinates": [[-54.993784730258426, -10.232614742160342], [-54.99375535339305, -10.23258528034686]]}}, {"type": "Feature", "properties": {"layer": "Fluxo", "dxf_type": "LINE"}, "geometry": {"type": "LineString", "coordinates": [[-54.993776735102294, -10.232616934605455], [-54.993747358248996, -10.232587470983587]]}}, {"type": "Feature", "properties": {"layer": "Fluxo", "dxf_type": "LINE"}, "geometry": {"type": "LineString", "coordinates": [[-54.99376873995177, -10.232619126146464], [-54.993739362186645, -10.232589662518357]]}}, {"type": "Feature", "properties": {"layer": "Fluxo", "dxf_type": "LINE"}, "geometry": {"type": "LineString", "coordinates": [[-54.99376074388863, -10.232621317681632], [-54.99373136612991, -10.232591853149025]]}}, {"type": "Feature", "properties": {"layer": "Fluxo", "dxf_type": "LINE"}, "geometry": {"type": "LineString", "coordinates": [[-54.99375274874364, -10.232623508318323], [-54.99372337007308, -10.232594043779473]]}}, {"type": "Feature", "properties": {"layer": "Fluxo", "dxf_type": "LINE"}, "geometry": {"type": "LineString", "coordinates": [[-54.99374475268602, -10.232625698949173], [-54.993715373103655, -10.232596234404078]]}}, {"type": "Feature", "properties": {"layer": "Fluxo", "dxf_type": "LINE"}, "geometry": {"type": "LineString", "coordinates": [[-54.99373675662267, -10.23262789048369], [-54.993707376139824, -10.23259842412458]]}}, {"type": "Feature", "properties": {"layer": "Fluxo", "dxf_type": "LINE"}, "geometry": {"type": "LineString", "coordinates": [[-54.99372875965236, -10.232630081108477], [-54.99369937917024, -10.232600614748735]]}}, {"type": "Feature", "properties": {"layer": "Fluxo", "dxf_type": "LINE"}, "geometry": {"type": "LineString", "coordinates": [[-54.99372076360021, -10.232632270834785], [-54.99369138220626, -10.232602804468803]]}}, {"type": "Feature", "properties": {"layer": "Fluxo", "dxf_type": "LINE"}, "geometry": {"type": "LineString", "coordinates": [[-54.99371276662976, -10.232634461459135], [-54.99368338524221, -10.232604994188652]]}}, {"type": "Feature", "properties": {"layer": "Fluxo", "dxf_type": "LINE"}, "geometry": {"type": "LineString", "coordinates": [[-54.993704769664916, -10.232636651179385], [-54.99367538736554, -10.232607183902662]]}}, {"type": "Feature", "properties": {"layer": "Fluxo", "dxf_type": "LINE"}, "geometry": {"type": "LineString", "coordinates": [[-54.99369677178746, -10.23263884089379], [-54.993667389494476, -10.232609372712563]]}}, {"type": "Feature", "properties": {"layer": "Fluxo", "dxf_type": "LINE"}, "geometry": {"type": "LineString", "coordinates": [[-54.993688774822466, -10.232641030613603], [-54.993659391623346, -10.232611561522251]]}}, {"type": "Feature", "properties": {"layer": "Fluxo", "dxf_type": "LINE"}, "geometry": {"type": "LineString", "coordinates": [[-54.99368077695054, -10.232643219423686], [-54.99365139375213, -10.23261375033172]]}}, {"type": "Feature", "properties": {"layer": "Fluxo", "dxf_type": "LINE"}, "geometry": {"type": "LineString", "coordinates": [[-54.99367277907286, -10.232645409137438], [-54.9936433949683, -10.232615939135327]]}}, {"type": "Feature", "properties": {"layer": "Fluxo", "dxf_type": "LINE"}, "geometry": {"type": "LineString", "coordinates": [[-54.993664781200785, -10.232647597947073], [-54.99363539710262, -10.232618127040473]]}}, {"type": "Feature", "properties": {"layer": "Fluxo", "dxf_type": "LINE"}, "geometry": {"type": "LineString", "coordinates": [[-54.993656782416096, -10.232649786750878], [-54.993627398318644, -10.232620315843665]]}}, {"type": "Feature", "properties": {"layer": "Fluxo", "dxf_type": "LINE"}, "geometry": {"type": "LineString", "coordinates": [[-54.99364878454955, -10.232651974656207], [-54.99361939862774, -10.232622503737128]]}}, {"type": "Feature", "properties": {"layer": "Fluxo", "dxf_type": "LINE"}, "geometry": {"type": "LineString", "coordinates": [[-54.993640785764704, -10.232654163459577], [-54.99361139984929, -10.23262469163598]]}}, {"type": "Feature", "properties": {"layer": "Fluxo", "dxf_type": "LINE"}, "geometry": {"type": "LineString", "coordinates": [[-54.99363278698547, -10.23265635135883], [-54.99360340016391, -10.232626878625119]]}}, {"type": "Feature", "properties": {"layer": "Fluxo", "dxf_type": "LINE"}, "geometry": {"type": "LineString", "coordinates": [[-54.99362478729361, -10.232658539252256], [-54.99359540047278, -10.232629066517928]]}}, {"type": "Feature", "properties": {"layer": "Fluxo", "dxf_type": "LINE"}, "geometry": {"type": "LineString", "coordinates": [[-54.99361678851991, -10.2326607262472], [-54.99358740078725, -10.232631253506614]]}}, {"type": "Feature", "properties": {"layer": "Fluxo", "dxf_type": "LINE"}, "geometry": {"type": "LineString", "coordinates": [[-54.99360878882791, -10.232662914140171], [-54.99357940110165, -10.2326334404951]]}}, {"type": "Feature", "properties": {"layer": "Fluxo", "dxf_type": "LINE"}, "geometry": {"type": "LineString", "coordinates": [[-54.99360078914152, -10.232665101129056], [-54.99357140050343, -10.232635627477746]]}}, {"type": "Feature", "properties": {"layer": "Fluxo", "dxf_type": "LINE"}, "geometry": {"type": "LineString", "coordinates": [[-54.993592788542514, -10.2326672881121], [-54.99356340897942, -10.232637822651391]]}}, {"type": "Feature", "properties": {"layer": "Fluxo", "dxf_type": "LINE"}, "geometry": {"type": "LineString", "coordinates": [[-54.99358478885597, -10.232669475100538], [-54.993555419269065, -10.232640019643858]]}}, {"type": "Feature", "properties": {"layer": "Fluxo", "dxf_type": "LINE"}, "geometry": {"type": "LineString", "coordinates": [[-54.99357678825681, -10.23267166208314], [-54.993547368793294, -10.232642156602665]]}}, {"type": "Feature", "properties": {"layer": "Fluxo", "dxf_type": "LINE"}, "geometry": {"type": "LineString", "coordinates": [[-54.99356881033478, -10.232673870899443], [-54.99353925756916, -10.232644230816193]]}}, {"type": "Feature", "properties": {"layer": "Fluxo", "dxf_type": "LINE"}, "geometry": {"type": "LineString", "coordinates": [[-54.99356078888335, -10.232676036058937], [-54.99353108285337, -10.232646243171407]]}}, {"type": "Feature", "properties": {"layer": "Fluxo", "dxf_type": "LINE"}, "geometry": {"type": "LineString", "coordinates": [[-54.993552708480244, -10.232678143003827], [-54.99352284465729, -10.232648191860559]]}}, {"type": "Feature", "properties": {"layer": "Fluxo", "dxf_type": "LINE"}, "geometry": {"type": "LineString", "coordinates": [[-54.993544568229936, -10.232680189016794], [-54.99351454207974, -10.23265007507022]]}}, {"type": "Feature", "properties": {"layer": "Fluxo", "dxf_type": "LINE"}, "geometry": {"type": "LineString", "coordinates": [[-54.993536368126776, -10.232682175001756], [-54.99350617420818, -10.232651892794767]]}}, {"type": "Feature", "properties": {"layer": "Fluxo", "dxf_type": "LINE"}, "geometry": {"type": "LineString", "coordinates": [[-54.99352810635704, -10.232684099139654], [-54.99349773831636, -10.232653643209566]]}}, {"type": "Feature", "properties": {"layer": "Fluxo", "dxf_type": "LINE"}, "geometry": {"type": "LineString", "coordinates": [[-54.99351978201386, -10.232685960520985], [-54.9934892353225, -10.232655325416335]]}}, {"type": "Feature", "properties": {"layer": "Fluxo", "dxf_type": "LINE"}, "geometry": {"type": "LineString", "coordinates": [[-54.993511393277856, -10.232687758230613], [-54.99348066250036, -10.232656937590423]]}}, {"type": "Feature", "properties": {"layer": "Fluxo", "dxf_type": "LINE"}, "geometry": {"type": "LineString", "coordinates": [[-54.99350294106724, -10.232689491370259], [-54.993472018943066, -10.232658478822318]]}}, {"type": "Feature", "properties": {"layer": "Fluxo", "dxf_type": "LINE"}, "geometry": {"type": "LineString", "coordinates": [[-54.99349442265577, -10.23269115811527], [-54.99346330283123, -10.232659948196872]]}}, {"type": "Feature", "properties": {"layer": "Fluxo", "dxf_type": "LINE"}, "geometry": {"type": "LineString", "coordinates": [[-54.99348583622404, -10.232692757550522], [-54.99345451417623, -10.232661343906294]]}}, {"type": "Feature", "properties": {"layer": "Fluxo", "dxf_type": "LINE"}, "geometry": {"type": "LineString", "coordinates": [[-54.993477182690285, -10.232694288777733], [-54.99344564934494, -10.232662663216443]]}}, {"type": "Feature", "properties": {"layer": "Fluxo", "dxf_type": "LINE"}, "geometry": {"type": "LineString", "coordinates": [[-54.99346845932255, -10.232695750876136], [-54.99343670833169, -10.232663907031181]]}}, {"type": "Feature", "properties": {"layer": "Fluxo", "dxf_type": "LINE"}, "geometry": {"type": "LineString", "coordinates": [[-54.993459665225366, -10.232697141128433], [-54.99342768842727, -10.232665070814198]]}}, {"type": "Feature", "properties": {"layer": "Fluxo", "dxf_type": "LINE"}, "geometry": {"type": "LineString", "coordinates": [[-54.99345079857933, -10.232698458619515], [-54.99341858871914, -10.23266615455986]]}}, {"type": "Feature", "properties": {"layer": "Fluxo", "dxf_type": "LINE"}, "geometry": {"type": "LineString", "coordinates": [[-54.99344185756504, -10.232699702434203], [-54.99340940648673, -10.23266715553962]]}}, {"type": "Feature", "properties": {"layer": "Fluxo", "dxf_type": "LINE"}, "geometry": {"type": "LineString", "coordinates": [[-54.99343284128701, -10.232700869855213], [-54.99340013991065, -10.232668072838361]]}}, {"type": "Feature", "properties": {"layer": "Fluxo", "dxf_type": "LINE"}, "geometry": {"type": "LineString", "coordinates": [[-54.99342374792017, -10.232701960871305], [-54.99339078718286, -10.232668903733124]]}}, {"type": "Feature", "properties": {"layer": "Fluxo", "dxf_type": "LINE"}, "geometry": {"type": "LineString", "coordinates": [[-54.99341457657469, -10.232702971861297], [-54.99338134649534, -10.232669645501032]]}}, {"type": "Feature", "properties": {"layer": "Fluxo", "dxf_type": "LINE"}, "geometry": {"type": "LineString", "coordinates": [[-54.99340532360044, -10.232703902802667], [-54.99337181512183, -10.232670296317407]]}}, {"type": "Feature", "properties": {"layer": "Fluxo", "dxf_type": "LINE"}, "geometry": {"type": "LineString", "coordinates": [[-54.99339598901445, -10.232704750983748], [-54.99336249232613, -10.232671156321357]]}}, {"type": "Feature", "properties": {"layer": "Fluxo", "dxf_type": "LINE"}, "geometry": {"type": "LineString", "coordinates": [[-54.99338656918363, -10.232705513670385], [-54.99335325295585, -10.232672100904075]]}}, {"type": "Feature", "properties": {"layer": "Fluxo", "dxf_type": "LINE"}, "geometry": {"type": "LineString", "coordinates": [[-54.99337706228855, -10.232706189947429], [-54.99334406618911, -10.232673097334377]]}}, {"type": "Feature", "properties": {"layer": "Fluxo", "dxf_type": "LINE"}, "geometry": {"type": "LineString", "coordinates": [[-54.99336767057039, -10.232706980828375], [-54.99333493111339, -10.232674145606609]]}}, {"type": "Feature", "properties": {"layer": "Fluxo", "dxf_type": "LINE"}, "geometry": {"type": "LineString", "coordinates": [[-54.99335842303731, -10.23270791722545], [-54.9933258468218, -10.232675244811288]]}}, {"type": "Feature", "properties": {"layer": "Fluxo", "dxf_type": "LINE"}, "geometry": {"type": "LineString", "coordinates": [[-54.99334922901463, -10.232708906379584], [-54.993316812401794, -10.232676394942766]]}}, {"type": "Feature", "properties": {"layer": "Fluxo", "dxf_type": "LINE"}, "geometry": {"type": "LineString", "coordinates": [[-54.99334008849669, -10.2327099491947], [-54.99330782786475, -10.232677594193303]]}}, {"type": "Feature", "properties": {"layer": "Fluxo", "dxf_type": "LINE"}, "geometry": {"type": "LineString", "coordinates": [[-54.99333099966406, -10.232711044755641], [-54.99329889139124, -10.23267884164774]]}}, {"type": "Feature", "properties": {"layer": "Fluxo", "dxf_type": "LINE"}, "geometry": {"type": "LineString", "coordinates": [[-54.993321962528114, -10.232712191254668], [-54.9932900029756, -10.232680138209993]]}}, {"type": "Feature", "properties": {"layer": "Fluxo", "dxf_type": "LINE"}, "geometry": {"type": "LineString", "coordinates": [[-54.993312976176306, -10.23271338868612], [-54.99328116172231, -10.232681481162752]]}}, {"type": "Feature", "properties": {"layer": "Fluxo", "dxf_type": "LINE"}, "geometry": {"type": "LineString", "coordinates": [[-54.99330403970176, -10.232714636140509], [-54.993272367620015, -10.232682872313788]]}}, {"type": "Feature", "properties": {"layer": "Fluxo", "dxf_type": "LINE"}, "geometry": {"type": "LineString", "coordinates": [[-54.99329515219195, -10.232715933612223], [-54.99326361977321, -10.23268430894586]]}}, {"type": "Feature", "properties": {"layer": "Fluxo", "dxf_type": "LINE"}, "geometry": {"type": "LineString", "coordinates": [[-54.99328631365822, -10.232717279293468], [-54.99325491726935, -10.232685791053312]]}}, {"type": "Feature", "properties": {"layer": "Fluxo", "dxf_type": "LINE"}, "geometry": {"type": "LineString", "coordinates": [[-54.99327752227548, -10.232718673173009], [-54.993246260108435, -10.232687318636144]]}}, {"type": "Feature", "properties": {"layer": "Fluxo", "dxf_type": "LINE"}, "geometry": {"type": "LineString", "coordinates": [[-54.993268778961955, -10.23272011435259], [-54.99323764737791, -10.232688891688749]]}}, {"type": "Feature", "properties": {"layer": "Fluxo", "dxf_type": "LINE"}, "geometry": {"type": "LineString", "coordinates": [[-54.993260081898235, -10.232721601917078], [-54.99322907818228, -10.232690507493851]]}}, {"type": "Feature", "properties": {"layer": "Fluxo", "dxf_type": "LINE"}, "geometry": {"type": "LineString", "coordinates": [[-54.99325143107865, -10.232723136770344], [-54.99322055251018, -10.232692167859186]]}}, {"type": "Feature", "properties": {"layer": "Fluxo", "dxf_type": "LINE"}, "geometry": {"type": "LineString", "coordinates": [[-54.99324282652022, -10.232724716200753], [-54.993212070378654, -10.232693870073142]]}}, {"type": "Feature", "properties": {"layer": "Fluxo", "dxf_type": "LINE"}, "geometry": {"type": "LineString", "coordinates": [[-54.99323426547966, -10.232726341095297], [-54.993203629951246, -10.232695615932233]]}}, {"type": "Feature", "properties": {"layer": "Fluxo", "dxf_type": "LINE"}, "geometry": {"type": "LineString", "coordinates": [[-54.9932257497877, -10.232728010561361], [-54.99319523123932, -10.232697403628663]]}}, {"type": "Feature", "properties": {"layer": "Fluxo", "dxf_type": "LINE"}, "geometry": {"type": "LineString", "coordinates": [[-54.99321727761927, -10.232729724587685], [-54.99318687516109, -10.232699232264205]]}}, {"type": "Feature", "properties": {"layer": "Fluxo", "dxf_type": "LINE"}, "geometry": {"type": "LineString", "coordinates": [[-54.99320884898574, -10.232731481366496], [-54.99317855897326, -10.232701102725853]]}}, {"type": "Feature", "properties": {"layer": "Fluxo", "dxf_type": "LINE"}, "geometry": {"type": "LineString", "coordinates": [[-54.99320046297455, -10.23273328089219], [-54.993170283599724, -10.232703013211465]]}}, {"type": "Feature", "properties": {"layer": "Fluxo", "dxf_type": "LINE"}, "geometry": {"type": "LineString", "coordinates": [[-54.993192119580016, -10.232735124068636], [-54.993162049034794, -10.232704964624933]]}}, {"type": "Feature", "properties": {"layer": "Fluxo", "dxf_type": "LINE"}, "geometry": {"type": "LineString", "coordinates": [[-54.99318381790665, -10.232737008178555], [-54.99315385345907, -10.232706956051114]]}}, {"type": "Feature", "properties": {"layer": "Fluxo", "dxf_type": "LINE"}, "geometry": {"type": "LineString", "coordinates": [[-54.99317555794875, -10.232738934125855], [-54.99314569779077, -10.232708986591755]]}}, {"type": "Feature", "properties": {"layer": "Fluxo", "dxf_type": "LINE"}, "geometry": {"type": "LineString", "coordinates": [[-54.993167338799466, -10.232740901000993], [-54.99313758020482, -10.23271105623561]]}}, {"type": "Feature", "properties": {"layer": "Fluxo", "dxf_type": "LINE"}, "geometry": {"type": "LineString", "coordinates": [[-54.99315916045311, -10.232742909707886], [-54.99312950161941, -10.232713164084403]]}}, {"type": "Feature", "properties": {"layer": "Fluxo", "dxf_type": "LINE"}, "geometry": {"type": "LineString", "coordinates": [[-54.99315102201418, -10.23274495752924], [-54.99312146112202, -10.232715310132543]]}}, {"type": "Feature", "properties": {"layer": "Fluxo", "dxf_type": "LINE"}, "geometry": {"type": "LineString", "coordinates": [[-54.993142923477, -10.232747045368948], [-54.99311345870697, -10.232717495283882]]}}, {"type": "Feature", "properties": {"layer": "Fluxo", "dxf_type": "LINE"}, "geometry": {"type": "LineString", "coordinates": [[-54.99313486392902, -10.232749173221361], [-54.99310549347875, -10.23271971682118]]}}, {"type": "Feature", "properties": {"layer": "Fluxo", "dxf_type": "LINE"}, "geometry": {"type": "LineString", "coordinates": [[-54.993126843381596, -10.23275133927875], [-54.99309756543168, -10.23272197564827]]}}, {"type": "Feature", "properties": {"layer": "Fluxo", "dxf_type": "LINE"}, "geometry": {"type": "LineString", "coordinates": [[-54.993118861829046, -10.232753544444966], [-54.99308967456575, -10.232724271765202]]}}, {"type": "Feature", "properties": {"layer": "Fluxo", "dxf_type": "LINE"}, "geometry": {"type": "LineString", "coordinates": [[-54.993110918364515, -10.232755787810538], [-54.99308181996843, -10.23272660516632]]}}, {"type": "Feature", "properties": {"layer": "Fluxo", "dxf_type": "LINE"}, "geometry": {"type": "LineString", "coordinates": [[-54.993103012075444, -10.232758069369808], [-54.993074000744215, -10.232728973134368]]}}, {"type": "Feature", "properties": {"layer": "Fluxo", "dxf_type": "LINE"}, "geometry": {"type": "LineString", "coordinates": [[-54.99309514388007, -10.232760388224511], [-54.99306621870113, -10.232731378392248]]}}, {"type": "Feature", "properties": {"layer": "Fluxo", "dxf_type": "LINE"}, "geometry": {"type": "LineString", "coordinates": [[-54.99308731286016, -10.23276274527295], [-54.99305847111861, -10.232733818211415]]}}, {"type": "Feature", "properties": {"layer": "Fluxo", "dxf_type": "LINE"}, "geometry": {"type": "LineString", "coordinates": [[-54.99307951812021, -10.232765137797816], [-54.99305075889782, -10.232736294405267]]}}, {"type": "Feature", "properties": {"layer": "Fluxo", "dxf_type": "LINE"}, "geometry": {"type": "LineString", "coordinates": [[-54.99307176055573, -10.232767568516396], [-54.993043081137586, -10.232738805160427]]}}, {"type": "Feature", "properties": {"layer": "Fluxo", "dxf_type": "LINE"}, "geometry": {"type": "LineString", "coordinates": [[-54.99306403927689, -10.232770033807537], [-54.99303543875045, -10.232741350482518]]}}, {"type": "Feature", "properties": {"layer": "Fluxo", "dxf_type": "LINE"}, "geometry": {"type": "LineString", "coordinates": [[-54.993056353354106, -10.232772536377244], [-54.99302783082384, -10.232743930365908]]}}, {"type": "Feature", "properties": {"layer": "Fluxo", "dxf_type": "LINE"}, "geometry": {"type": "LineString", "coordinates": [[-54.99304870279873, -10.232775074417773], [-54.99302025645094, -10.23274654390108]]}}, {"type": "Feature", "properties": {"layer": "Fluxo", "dxf_type": "LINE"}, "geometry": {"type": "LineString", "coordinates": [[-54.99304108852899, -10.23277764703085], [-54.99301271653858, -10.232749191997568]]}}, {"type": "Feature", "properties": {"layer": "Fluxo", "dxf_type": "LINE"}, "geometry": {"type": "LineString", "coordinates": [[-54.99303350870845, -10.23278025601301], [-54.99300520926736, -10.232751873740217]]}}, {"type": "Feature", "properties": {"layer": "Fluxo", "dxf_type": "LINE"}, "geometry": {"type": "LineString", "coordinates": [[-54.99302596335413, -10.2327828986526], [-54.99299773554982, -10.232754589134673]]}}, {"type": "Feature", "properties": {"layer": "Fluxo", "dxf_type": "LINE"}, "geometry": {"type": "LineString", "coordinates": [[-54.99301845245468, -10.232785576757372], [-54.99299029539164, -10.232757337277038]]}}, {"type": "Feature", "properties": {"layer": "Fluxo", "dxf_type": "LINE"}, "geometry": {"type": "LineString", "coordinates": [[-54.99301097602145, -10.23278828851956], [-54.99298288788029, -10.232760118161686]]}}, {"type": "Feature", "properties": {"layer": "Fluxo", "dxf_type": "LINE"}, "geometry": {"type": "LineString", "coordinates": [[-54.993003533141916, -10.232791033933545], [-54.99297551301574, -10.232762931788635]]}}, {"type": "Feature", "properties": {"layer": "Fluxo", "dxf_type": "LINE"}, "geometry": {"type": "LineString", "coordinates": [[-54.99299612381037, -10.232793813903234], [-54.99296816988547, -10.232765778152224]]}}, {"type": "Feature", "properties": {"layer": "Fluxo", "dxf_type": "LINE"}, "geometry": {"type": "LineString", "coordinates": [[-54.99298874894505, -10.232796627530337], [-54.9929608594077, -10.232768656354239]]}}, {"type": "Feature", "properties": {"layer": "Fluxo", "dxf_type": "LINE"}, "geometry": {"type": "LineString", "coordinates": [[-54.99298140672656, -10.23279947389974], [-54.9929535806642, -10.232771567292911]]}}, {"type": "Feature", "properties": {"layer": "Fluxo", "dxf_type": "LINE"}, "geometry": {"type": "LineString", "coordinates": [[-54.992974097154864, -10.232802353011435], [-54.99294633366632, -10.2327745091605]]}}, {"type": "Feature", "properties": {"layer": "Fluxo", "dxf_type": "LINE"}, "geometry": {"type": "LineString", "coordinates": [[-54.99296682022432, -10.2328052657693], [-54.992939118408394, -10.23277748286085]]}}, {"type": "Feature", "properties": {"layer": "Fluxo", "dxf_type": "LINE"}, "geometry": {"type": "LineString", "coordinates": [[-54.99295957594626, -10.23280821036559], [-54.99293193489042, -10.232780488394004]]}}, {"type": "Feature", "properties": {"layer": "Fluxo", "dxf_type": "LINE"}, "geometry": {"type": "LineString", "coordinates": [[-54.99295236431501, -10.232811187704176], [-54.992924781292984, -10.232783524844805]]}}, {"type": "Feature", "properties": {"layer": "Fluxo", "dxf_type": "LINE"}, "geometry": {"type": "LineString", "coordinates": [[-54.99294518441803, -10.232814197779426], [-54.992917659441176, -10.232786592224508]]}}, {"type": "Feature", "properties": {"layer": "Fluxo", "dxf_type": "LINE"}, "geometry": {"type": "LineString", "coordinates": [[-54.992938036266686, -10.232817238783579], [-54.99291054030982, -10.232789662332568]]}}, {"type": "Feature", "properties": {"layer": "Fluxo", "dxf_type": "LINE"}, "geometry": {"type": "LineString", "coordinates": [[-54.992930919849606, -10.232820312524424], [-54.99290328877132, -10.232792600555346]]}}, {"type": "Feature", "properties": {"layer": "Fluxo", "dxf_type": "LINE"}, "geometry": {"type": "LineString", "coordinates": [[-54.99292378711463, -10.232823368989932], [-54.99289588579869, -10.232795385081381]]}}, {"type": "Feature", "properties": {"layer": "Fluxo", "dxf_type": "LINE"}, "geometry": {"type": "LineString", "coordinates": [[-54.99291652469306, -10.232826296298716], [-54.99288832411433, -10.232798012250123]]}}, {"type": "Feature", "properties": {"layer": "Fluxo", "dxf_type": "LINE"}, "geometry": {"type": "LineString", "coordinates": [[-54.99290912716079, -10.232829086282011], [-54.992880599201015, -10.232800474802314]]}}, {"type": "Feature", "properties": {"layer": "Fluxo", "dxf_type": "LINE"}, "geometry": {"type": "LineString", "coordinates": [[-54.99290158815279, -10.232831735284874], [-54.99287270379253, -10.23280276726963]]}}, {"type": "Feature", "properties": {"layer": "Fluxo", "dxf_type": "LINE"}, "geometry": {"type": "LineString", "coordinates": [[-54.99289390313474, -10.232834238759741], [-54.992864631552216, -10.232804881477659]]}}, {"type": "Feature", "properties": {"layer": "Fluxo", "dxf_type": "LINE"}, "geometry": {"type": "LineString", "coordinates": [[-54.99288606849062, -10.232836591260744], [-54.99285637249899, -10.232806808325655]]}}, {"type": "Feature", "properties": {"layer": "Fluxo", "dxf_type": "LINE"}, "geometry": {"type": "LineString", "coordinates": [[-54.99287807695418, -10.23283878731957], [-54.99284791847113, -10.232808539627948]]}}, {"type": "Feature", "properties": {"layer": "Fluxo", "dxf_type": "LINE"}, "geometry": {"type": "LineString", "coordinates": [[-54.992869924002505, -10.232840820580849], [-54.992839256766935, -10.23281006355527]]}}, {"type": "Feature", "properties": {"layer": "Fluxo", "dxf_type": "LINE"}, "geometry": {"type": "LineString", "coordinates": [[-54.992861600561355, -10.232842682853319], [-54.992830377422365, -10.23281136829514]]}}, {"type": "Feature", "properties": {"layer": "Fluxo", "dxf_type": "LINE"}, "geometry": {"type": "LineString", "coordinates": [[-54.99285309937585, -10.232844366860869], [-54.9928212641083, -10.232812438380183]]}}, {"type": "Feature", "properties": {"layer": "Fluxo", "dxf_type": "LINE"}, "geometry": {"type": "LineString", "coordinates": [[-54.99284441137176, -10.232845864412223], [-54.99281190049564, -10.232813258343052]]}}, {"type": "Feature", "properties": {"layer": "Fluxo", "dxf_type": "LINE"}, "geometry": {"type": "LineString", "coordinates": [[-54.99283552658501, -10.232847163694972], [-54.99280226754604, -10.23281380818002]]}}, {"type": "Feature", "properties": {"layer": "Fluxo", "dxf_type": "LINE"}, "geometry": {"type": "LineString", "coordinates": [[-54.992826434127636, -10.232848254698798], [-54.99279234259945, -10.23281406334547]]}}, {"type": "Feature", "properties": {"layer": "Fluxo", "dxf_type": "LINE"}, "geometry": {"type": "LineString", "coordinates": [[-54.992817119484236, -10.232849123775349], [-54.992782096613716, -10.232813998350474]]}}, {"type": "Feature", "properties": {"layer": "Fluxo", "dxf_type": "LINE"}, "geometry": {"type": "LineString", "coordinates": [[-54.99280756815647, -10.23284975456464], [-54.992771497865874, -10.232813578650354]]}}, {"type": "Feature", "properties": {"layer": "Fluxo", "dxf_type": "LINE"}, "geometry": {"type": "LineString", "coordinates": [[-54.992797762902676, -10.232850131593636], [-54.99276050372226, -10.232812763305722]]}}, {"type": "Feature", "properties": {"layer": "Fluxo", "dxf_type": "LINE"}, "geometry": {"type": "LineString", "coordinates": [[-54.99278768287651, -10.232850232135737], [-54.99274906431711, -10.232811500485486]]}}, {"type": "Feature", "properties": {"layer": "Fluxo", "dxf_type": "LINE"}, "geometry": {"type": "LineString", "coordinates": [[-54.99277730358147, -10.232850033441837], [-54.992737112537284, -10.23280972378946]]}}, {"type": "Feature", "properties": {"layer": "Fluxo", "dxf_type": "LINE"}, "geometry": {"type": "LineString", "coordinates": [[-54.99276659691633, -10.232849505509176], [-54.99272456131881, -10.23280734680815]]}}, {"type": "Feature", "properties": {"layer": "Fluxo", "dxf_type": "LINE"}, "geometry": {"type": "LineString", "coordinates": [[-54.992755527507995, -10.232848613770594], [-54.9927112927816, -10.23280424949691]]}}, {"type": "Feature", "properties": {"layer": "Fluxo", "dxf_type": "LINE"}, "geometry": {"type": "LineString", "coordinates": [[-54.992744051821624, -10.232847315473265], [-54.992697137337665, -10.232800262680408]]}}, {"type": "Feature", "properties": {"layer": "Fluxo", "dxf_type": "LINE"}, "geometry": {"type": "LineString", "coordinates": [[-54.99273211727086, -10.23284555605758], [-54.992681837439534, -10.232795128056585]]}}, {"type": "Feature", "properties": {"layer": "Fluxo", "dxf_type": "LINE"}, "geometry": {"type": "LineString", "coordinates": [[-54.99271965402203, -10.232843266394802], [-54.99266496323114, -10.232788415419481]]}}, {"type": "Feature", "properties": {"layer": "Fluxo", "dxf_type": "LINE"}, "geometry": {"type": "LineString", "coordinates": [[-54.99270657229625, -10.232840356442994], [-54.99264576203232, -10.232779368064394]]}}, {"type": "Feature", "properties": {"layer": "Fluxo", "dxf_type": "LINE"}, "geometry": {"type": "LineString", "coordinates": [[-54.9926927478484, -10.232836702502524], [-54.99262602941049, -10.232769788636942]]}}, {"type": "Feature", "properties": {"layer": "Fluxo", "dxf_type": "LINE"}, "geometry": {"type": "LineString", "coordinates": [[-54.992678005666384, -10.23283212722937], [-54.99260705220805, -10.232760965929979]]}}, {"type": "Feature", "properties": {"layer": "Fluxo", "dxf_type": "LINE"}, "geometry": {"type": "LineString", "coordinates": [[-54.992662078221635, -10.232826363220614], [-54.99258873429222, -10.232752804439004]]}}, {"type": "Feature", "properties": {"layer": "Fluxo", "dxf_type": "LINE"}, "geometry": {"type": "LineString", "coordinates": [[-54.99264452387465, -10.232818967542741], [-54.9925709994868, -10.232745227764884]]}}, {"type": "Feature", "properties": {"layer": "Fluxo", "dxf_type": "LINE"}, "geometry": {"type": "LineString", "coordinates": [[-54.992624842034694, -10.232809439047571], [-54.992553786125335, -10.232738174060701]]}}, {"type": "Feature", "properties": {"layer": "Fluxo", "dxf_type": "LINE"}, "geometry": {"type": "LineString", "coordinates": [[-54.992605308019556, -10.232800057898372], [-54.992537041604294, -10.232731591478572]]}}, {"type": "Feature", "properties": {"layer": "Fluxo", "dxf_type": "LINE"}, "geometry": {"type": "LineString", "coordinates": [[-54.992586523070095, -10.232791428007024], [-54.992520723312644, -10.232725435463607]]}}, {"type": "Feature", "properties": {"layer": "Fluxo", "dxf_type": "LINE"}, "geometry": {"type": "LineString", "coordinates": [[-54.992568391960376, -10.232783454778502], [-54.99250479315093, -10.23271966962403]]}}, {"type": "Feature", "properties": {"layer": "Fluxo", "dxf_type": "LINE"}, "geometry": {"type": "LineString", "coordinates": [[-54.99255084033928, -10.23277606182497], [-54.99248922120414, -10.232714262138101]]}}, {"type": "Feature", "properties": {"layer": "Fluxo", "dxf_type": "LINE"}, "geometry": {"type": "LineString", "coordinates": [[-54.99253380472097, -10.232769186384314], [-54.992473979353946, -10.23270918571481]]}}, {"type": "Feature", "properties": {"layer": "Fluxo", "dxf_type": "LINE"}, "geometry": {"type": "LineString", "coordinates": [[-54.99251723432132, -10.232762777523833], [-54.99245904310946, -10.23270441670119]]}}, {"type": "Feature", "properties": {"layer": "Fluxo", "dxf_type": "LINE"}, "geometry": {"type": "LineString", "coordinates": [[-54.992501085605376, -10.232756792490747], [-54.99244439253114, -10.232699933280177]]}}, {"type": "Feature", "properties": {"layer": "Fluxo", "dxf_type": "LINE"}, "geometry": {"type": "LineString", "coordinates": [[-54.992485323217, -10.232751194006275], [-54.9924300076624, -10.232695716346353]]}}, {"type": "Feature", "properties": {"layer": "Fluxo", "dxf_type": "LINE"}, "geometry": {"type": "LineString", "coordinates": [[-54.992469914497875, -10.232745951135708], [-54.99241587217407, -10.23269175043239]]}}, {"type": "Feature", "properties": {"layer": "Fluxo", "dxf_type": "LINE"}, "geometry": {"type": "LineString", "coordinates": [[-54.99245483316044, -10.23274103569537], [-54.99240197247463, -10.2326880200878]]}}, {"type": "Feature", "properties": {"layer": "Fluxo", "dxf_type": "LINE"}, "geometry": {"type": "LineString", "coordinates": [[-54.99244005470812, -10.232736424936192], [-54.992388294048645, -10.23268451166427]]}}, {"type": "Feature", "properties": {"layer": "Fluxo", "dxf_type": "LINE"}, "geometry": {"type": "LineString", "coordinates": [[-54.992425559207064, -10.232732096137228], [-54.99237482510693, -10.232681213338115]]}}, {"type": "Feature", "properties": {"layer": "Fluxo", "dxf_type": "LINE"}, "geometry": {"type": "LineString", "coordinates": [[-54.99241132759616, -10.232728032910341], [-54.9923615547615, -10.232678115099086]]}}, {"type": "Feature", "properties": {"layer": "Fluxo", "dxf_type": "LINE"}, "geometry": {"type": "LineString", "coordinates": [[-54.99239734264509, -10.232724217974768], [-54.99234847304825, -10.232675205134752]]}}, {"type": "Feature", "properties": {"layer": "Fluxo", "dxf_type": "LINE"}, "geometry": {"type": "LineString", "coordinates": [[-54.992383590756646, -10.232720636783966], [-54.99233557089292, -10.232672475253855]]}}, {"type": "Feature", "properties": {"layer": "Fluxo", "dxf_type": "LINE"}, "geometry": {"type": "LineString", "coordinates": [[-54.992370059246134, -10.232717274796942], [-54.99232284013377, -10.232669917270805]]}}, {"type": "Feature", "properties": {"layer": "Fluxo", "dxf_type": "LINE"}, "geometry": {"type": "LineString", "coordinates": [[-54.99235673448796, -10.232714121986552], [-54.99231027260336, -10.232667523903848]]}}, {"type": "Feature", "properties": {"layer": "Fluxo", "dxf_type": "LINE"}, "geometry": {"type": "LineString", "coordinates": [[-54.99234360651802, -10.232711166540382], [-54.99229786196506, -10.232665286978639]]}}, {"type": "Feature", "properties": {"layer": "Fluxo", "dxf_type": "LINE"}, "geometry": {"type": "LineString", "coordinates": [[-54.992330666273396, -10.232708398459417], [-54.99228560095262, -10.23266320102685]]}}, {"type": "Feature", "properties": {"layer": "Fluxo", "dxf_type": "LINE"}, "geometry": {"type": "LineString", "coordinates": [[-54.99231790377297, -10.232705808642882], [-54.99227348413624, -10.232661258783596]]}}, {"type": "Feature", "properties": {"layer": "Fluxo", "dxf_type": "LINE"}, "geometry": {"type": "LineString", "coordinates": [[-54.99230531085498, -10.232703388905186], [-54.99226150606341, -10.232659456599615]]}}, {"type": "Feature", "properties": {"layer": "Fluxo", "dxf_type": "LINE"}, "geometry": {"type": "LineString", "coordinates": [[-54.99229288025887, -10.232701132874086], [-54.99224966130433, -10.232657787210032]]}}, {"type": "Feature", "properties": {"layer": "Fluxo", "dxf_type": "LINE"}, "geometry": {"type": "LineString", "coordinates": [[-54.992280604741154, -10.23269903146573], [-54.99223794441216, -10.232656246061659]]}}, {"type": "Feature", "properties": {"layer": "Fluxo", "dxf_type": "LINE"}, "geometry": {"type": "LineString", "coordinates": [[-54.99226847794243, -10.232697080121259], [-54.992226351759456, -10.232654829516438]]}}, {"type": "Feature", "properties": {"layer": "Fluxo", "dxf_type": "LINE"}, "geometry": {"type": "LineString", "coordinates": [[-54.992256494432894, -10.232695271575862], [-54.99221487881192, -10.232653533026813]]}}, {"type": "Feature", "properties": {"layer": "Fluxo", "dxf_type": "LINE"}, "geometry": {"type": "LineString", "coordinates": [[-54.99224464785887, -10.232693600366824], [-54.992203521029595, -10.232652352949113]]}}, {"type": "Feature", "properties": {"layer": "Fluxo", "dxf_type": "LINE"}, "geometry": {"type": "LineString", "coordinates": [[-54.99223293368605, -10.23269206194657], [-54.992192274790696, -10.23265128474139]]}}, {"type": "Feature", "properties": {"layer": "Fluxo", "dxf_type": "LINE"}, "geometry": {"type": "LineString", "coordinates": [[-54.99222134646759, -10.232690651761917], [-54.99218113738033, -10.232650324771239]]}}, {"type": "Feature", "properties": {"layer": "Fluxo", "dxf_type": "LINE"}, "geometry": {"type": "LineString", "coordinates": [[-54.99220988258741, -10.232689364367028], [-54.99217010516538, -10.232649470304457]]}}, {"type": "Feature", "properties": {"layer": "Fluxo", "dxf_type": "LINE"}, "geometry": {"type": "LineString", "coordinates": [[-54.99219853659301, -10.232688196112624], [-54.99215917451273, -10.232648718606908]]}}, {"type": "Feature", "properties": {"layer": "Fluxo", "dxf_type": "LINE"}, "geometry": {"type": "LineString", "coordinates": [[-54.99218730577515, -10.232687142462359], [-54.9921483436257, -10.23264806514791]]}}, {"type": "Feature", "properties": {"layer": "Fluxo", "dxf_type": "LINE"}, "geometry": {"type": "LineString", "coordinates": [[-54.99217618650072, -10.232686200682092], [-54.99213760794727, -10.232647508995434]]}}, {"type": "Feature", "properties": {"layer": "Fluxo", "dxf_type": "LINE"}, "geometry": {"type": "LineString", "coordinates": [[-54.99216517423543, -10.23268536622426], [-54.99212696567508, -10.232647046522663]]}}, {"type": "Feature", "properties": {"layer": "Fluxo", "dxf_type": "LINE"}, "geometry": {"type": "LineString", "coordinates": [[-54.992154266253, -10.232684637264198], [-54.99211641500108, -10.23264667500674]]}}, {"type": "Feature", "properties": {"layer": "Fluxo", "dxf_type": "LINE"}, "geometry": {"type": "LineString", "coordinates": [[-54.992143459844236, -10.23268400926561], [-54.99210595319903, -10.232646392622962]]}}, {"type": "Feature", "properties": {"layer": "Fluxo", "dxf_type": "LINE"}, "geometry": {"type": "LineString", "coordinates": [[-54.992033506335254, -10.23257373325821], [-54.9920088625474, -10.232549017175408]]}}, {"type": "Feature", "properties": {"layer": "Fluxo", "dxf_type": "LINE"}, "geometry": {"type": "LineString", "coordinates": [[-54.992132751376005, -10.232683479494309], [-54.99209557754834, -10.232646196642799]]}}, {"type": "Feature", "properties": {"layer": "Fluxo", "dxf_type": "LINE"}, "geometry": {"type": "LineString", "coordinates": [[-54.99203781992785, -10.232588269607541], [-54.99198850514771, -10.232538810155448]]}}, {"type": "Feature", "properties": {"layer": "Fluxo", "dxf_type": "LINE"}, "geometry": {"type": "LineString", "coordinates": [[-54.99212213812204, -10.232683046125656], [-54.992076198630606, -10.232636971897607]]}}, {"type": "Feature", "properties": {"layer": "Fluxo", "dxf_type": "LINE"}, "geometry": {"type": "LineString", "coordinates": [[-54.992039177172536, -10.232599840936526], [-54.991969233254785, -10.232529691824586]]}}, {"type": "Feature", "properties": {"layer": "Fluxo", "dxf_type": "LINE"}, "geometry": {"type": "LineString", "coordinates": [[-54.99211161828, -10.232682705532854], [-54.99195086186993, -10.232521476641796]]}}, {"type": "Feature", "properties": {"layer": "Fluxo", "dxf_type": "LINE"}, "geometry": {"type": "LineString", "coordinates": [[-54.99210118821676, -10.232682454981736], [-54.99193325495902, -10.232514029083696]]}}, {"type": "Feature", "properties": {"layer": "Fluxo", "dxf_type": "LINE"}, "geometry": {"type": "LineString", "coordinates": [[-54.992001411128726, -10.232592596234237], [-54.99191630824494, -10.23250724274833]]}}, {"type": "Feature", "properties": {"layer": "Fluxo", "dxf_type": "LINE"}, "geometry": {"type": "LineString", "coordinates": [[-54.99207525422785, -10.232676866043743], [-54.99189993919241, -10.23250103667761]]}}, {"type": "Feature", "properties": {"layer": "Fluxo", "dxf_type": "LINE"}, "geometry": {"type": "LineString", "coordinates": [[-54.99205430826866, -10.23266606875054], [-54.99201233990986, -10.232623977283646]]}}, {"type": "Feature", "properties": {"layer": "Fluxo", "dxf_type": "LINE"}, "geometry": {"type": "LineString", "coordinates": [[-54.99194866598931, -10.23256011655725], [-54.99188408342597, -10.232495344488218]]}}, {"type": "Feature", "properties": {"layer": "Fluxo", "dxf_type": "LINE"}, "geometry": {"type": "LineString", "coordinates": [[-54.99193054398868, -10.232552151489866], [-54.99186868652858, -10.232490112513137]]}}, {"type": "Feature", "properties": {"layer": "Fluxo", "dxf_type": "LINE"}, "geometry": {"type": "LineString", "coordinates": [[-54.99191317739341, -10.232544944952119], [-54.99185370315742, -10.232485295276618]]}}, {"type": "Feature", "properties": {"layer": "Fluxo", "dxf_type": "LINE"}, "geometry": {"type": "LineString", "coordinates": [[-54.99189646374009, -10.232538392361029], [-54.99183909612568, -10.232480856392453]]}}, {"type": "Feature", "properties": {"layer": "Fluxo", "dxf_type": "LINE"}, "geometry": {"type": "LineString", "coordinates": [[-54.99188032140598, -10.23253241276415], [-54.99182483370477, -10.232476762219857]]}}, {"type": "Feature", "properties": {"layer": "Fluxo", "dxf_type": "LINE"}, "geometry": {"type": "LineString", "coordinates": [[-54.99186468509174, -10.23252694158029], [-54.991810888683304, -10.232472986377273]]}}, {"type": "Feature", "properties": {"layer": "Fluxo", "dxf_type": "LINE"}, "geometry": {"type": "LineString", "coordinates": [[-54.99184950221106, -10.232521924249797], [-54.99179723657048, -10.23246950521167]]}}, {"type": "Feature", "properties": {"layer": "Fluxo", "dxf_type": "LINE"}, "geometry": {"type": "LineString", "coordinates": [[-54.991834729229176, -10.232517318019868], [-54.99178385742683, -10.232466296905978]]}}, {"type": "Feature", "properties": {"layer": "Fluxo", "dxf_type": "LINE"}, "geometry": {"type": "LineString", "coordinates": [[-54.99182032714557, -10.232513084685213], [-54.99177073219699, -10.232463344168133]]}}, {"type": "Feature", "properties": {"layer": "Fluxo", "dxf_type": "LINE"}, "geometry": {"type": "LineString", "coordinates": [[-54.991806266045344, -10.232509192424102], [-54.99175784547578, -10.232460629728635]]}}, {"type": "Feature", "properties": {"layer": "Fluxo", "dxf_type": "LINE"}, "geometry": {"type": "LineString", "coordinates": [[-54.991792517810275, -10.23250561394547], [-54.991745181840955, -10.232458139029621]]}}, {"type": "Feature", "properties": {"layer": "Fluxo", "dxf_type": "LINE"}, "geometry": {"type": "LineString", "coordinates": [[-54.99177905976327, -10.232502327415302], [-54.99173272949769, -10.232455861151255]]}}, {"type": "Feature", "properties": {"layer": "Fluxo", "dxf_type": "LINE"}, "geometry": {"type": "LineString", "coordinates": [[-54.99176587105799, -10.232499310107], [-54.991720475761376, -10.232453781552604]]}}, {"type": "Feature", "properties": {"layer": "Fluxo", "dxf_type": "LINE"}, "geometry": {"type": "LineString", "coordinates": [[-54.99175293355164, -10.232496544734145], [-54.99170841155775, -10.232451892042388]]}}, {"type": "Feature", "properties": {"layer": "Fluxo", "dxf_type": "LINE"}, "geometry": {"type": "LineString", "coordinates": [[-54.99174023091511, -10.232494015829355], [-54.991696526004546, -10.23245018170643]]}}, {"type": "Feature", "properties": {"layer": "Fluxo", "dxf_type": "LINE"}, "geometry": {"type": "LineString", "coordinates": [[-54.99172774955692, -10.232491707942163], [-54.99168481002751, -10.232448642353468]]}}, {"type": "Feature", "properties": {"layer": "Fluxo", "dxf_type": "LINE"}, "geometry": {"type": "LineString", "coordinates": [[-54.99171547676973, -10.232489610147114], [-54.99167325819686, -10.232447266718644]]}}, {"type": "Feature", "properties": {"layer": "Fluxo", "dxf_type": "LINE"}, "geometry": {"type": "LineString", "coordinates": [[-54.9917034016883, -10.232487708818391], [-54.99166186052584, -10.232446046605082]]}}, {"type": "Feature", "properties": {"layer": "Fluxo", "dxf_type": "LINE"}, "geometry": {"type": "LineString", "coordinates": [[-54.99169151250076, -10.23248599574783], [-54.99165061158464, -10.232444974747915]]}}, {"type": "Feature", "properties": {"layer": "Fluxo", "dxf_type": "LINE"}, "geometry": {"type": "LineString", "coordinates": [[-54.9916798001556, -10.232484459128623], [-54.99164182928529, -10.232446376774611]]}}, {"type": "Feature", "properties": {"layer": "Fluxo", "dxf_type": "LINE"}, "geometry": {"type": "LineString", "coordinates": [[-54.99166825647975, -10.232483092582914], [-54.991641056316595, -10.232455811648805]]}}, {"type": "Feature", "properties": {"layer": "Fluxo", "dxf_type": "LINE"}, "geometry": {"type": "LineString", "coordinates": [[-54.99165687422971, -10.232481887026838], [-54.9916402833478, -10.232465246522969]]}}, {"type": "Feature", "properties": {"layer": "Fluxo", "dxf_type": "LINE"}, "geometry": {"type": "LineString", "coordinates": [[-54.99164564614496, -10.232480836088117], [-54.99163950946636, -10.232474681391484]]}}, {"type": "Feature", "properties": {"layer": "Fluxo", "dxf_type": "LINE"}, "geometry": {"type": "LineString", "coordinates": [[-54.998336313354685, -10.230763261260396], [-54.998341508545714, -10.230758177897066]]}}, {"type": "Feature", "properties": {"layer": "Fluxo", "dxf_type": "LINE"}, "geometry": {"type": "LineString", "coordinates": [[-54.998334231103115, -10.230755214378387], [-54.998342706110414, -10.230746922364409]]}}, {"type": "Feature", "properties": {"layer": "Fluxo", "dxf_type": "LINE"}, "geometry": {"type": "LineString", "coordinates": [[-54.998318834013965, -10.230760192527608], [-54.99833171730248, -10.230747588783343]]}}, {"type": "Feature", "properties": {"layer": "Fluxo", "dxf_type": "LINE"}, "geometry": {"type": "LineString", "coordinates": [[-54.99833944764239, -10.23074002617712], [-54.998343902756744, -10.230735667729988]]}}, {"type": "Feature", "properties": {"layer": "Fluxo", "dxf_type": "LINE"}, "geometry": {"type": "LineString", "coordinates": [[-54.99830791682541, -10.23076078887993], [-54.998316320213696, -10.230752566932527]]}}, {"type": "Feature", "properties": {"layer": "Fluxo", "dxf_type": "LINE"}, "geometry": {"type": "LineString", "coordinates": [[-54.99832405055404, -10.230745004326767], [-54.99833693475421, -10.230732400587723]]}}, {"type": "Feature", "properties": {"layer": "Fluxo", "dxf_type": "LINE"}, "geometry": {"type": "LineString", "coordinates": [[-54.99829829338893, -10.230760118653864], [-54.998300923118904, -10.230757545984776]]}}, {"type": "Feature", "properties": {"layer": "Fluxo", "dxf_type": "LINE"}, "geometry": {"type": "LineString", "coordinates": [[-54.99830865345968, -10.230749983379473], [-54.99832153766624, -10.230737378737311]]}}, {"type": "Feature", "properties": {"layer": "Fluxo", "dxf_type": "LINE"}, "geometry": {"type": "LineString", "coordinates": [[-54.99832926800604, -10.230729816131324], [-54.99833258455034, -10.230726571549615]]}}, {"type": "Feature", "properties": {"layer": "Fluxo", "dxf_type": "LINE"}, "geometry": {"type": "LineString", "coordinates": [[-54.99829325636497, -10.23075496243136], [-54.998306140572254, -10.230742357789968]]}}, {"type": "Feature", "properties": {"layer": "Fluxo", "dxf_type": "LINE"}, "geometry": {"type": "LineString", "coordinates": [[-54.9983138709125, -10.230734795184441], [-54.99832313924013, -10.230725727962318]]}}, {"type": "Feature", "properties": {"layer": "Fluxo", "dxf_type": "LINE"}, "geometry": {"type": "LineString", "coordinates": [[-54.9982788004268, -10.230759020747222], [-54.99829074347792, -10.230747336841798]]}}, {"type": "Feature", "properties": {"layer": "Fluxo", "dxf_type": "LINE"}, "geometry": {"type": "LineString", "coordinates": [[-54.99829847381859, -10.230739774236737], [-54.99831135802498, -10.230727169594964]]}}, {"type": "Feature", "properties": {"layer": "Fluxo", "dxf_type": "LINE"}, "geometry": {"type": "LineString", "coordinates": [[-54.99826892632149, -10.230758595750252], [-54.99827534638888, -10.230752314988923]]}}, {"type": "Feature", "properties": {"layer": "Fluxo", "dxf_type": "LINE"}, "geometry": {"type": "LineString", "coordinates": [[-54.99828307673, -10.230744752384318], [-54.99829596093145, -10.230732148647203]]}}, {"type": "Feature", "properties": {"layer": "Fluxo", "dxf_type": "LINE"}, "geometry": {"type": "LineString", "coordinates": [[-54.998303691271595, -10.230724586041912], [-54.99830402091166, -10.23072426265611]]}}, {"type": "Feature", "properties": {"layer": "Fluxo", "dxf_type": "LINE"}, "geometry": {"type": "LineString", "coordinates": [[-54.9982589640632, -10.230758257891585], [-54.99825994929383, -10.230757294039114]]}}, {"type": "Feature", "properties": {"layer": "Fluxo", "dxf_type": "LINE"}, "geometry": {"type": "LineString", "coordinates": [[-54.99826767963539, -10.230749731434969], [-54.99828056384324, -10.230737126794732]]}}, {"type": "Feature", "properties": {"layer": "Fluxo", "dxf_type": "LINE"}, "geometry": {"type": "LineString", "coordinates": [[-54.998288294183816, -10.230729564189904], [-54.99829434513313, -10.23072364453587]]}}, {"type": "Feature", "properties": {"layer": "Fluxo", "dxf_type": "LINE"}, "geometry": {"type": "LineString", "coordinates": [[-54.99825228254043, -10.230754710484797], [-54.998265166749, -10.230742105845327]]}}, {"type": "Feature", "properties": {"layer": "Fluxo", "dxf_type": "LINE"}, "geometry": {"type": "LineString", "coordinates": [[-54.99827289709002, -10.230734543240962], [-54.99828458947114, -10.23072310456558]]}}, {"type": "Feature", "properties": {"layer": "Fluxo", "dxf_type": "LINE"}, "geometry": {"type": "LineString", "coordinates": [[-54.99823876592836, -10.230757848956356], [-54.998249769654414, -10.230747084895103]]}}, {"type": "Feature", "properties": {"layer": "Fluxo", "dxf_type": "LINE"}, "geometry": {"type": "LineString", "coordinates": [[-54.99825749999586, -10.230739522291197], [-54.99827038420354, -10.230726917651353]]}}, {"type": "Feature", "properties": {"layer": "Fluxo", "dxf_type": "LINE"}, "geometry": {"type": "LineString", "coordinates": [[-54.99822852545511, -10.230757783275017], [-54.99823437256513, -10.23075206304017]]}}, {"type": "Feature", "properties": {"layer": "Fluxo", "dxf_type": "LINE"}, "geometry": {"type": "LineString", "coordinates": [[-54.99824210290702, -10.230744500436723], [-54.99825498710976, -10.230731896701537]]}}, {"type": "Feature", "properties": {"layer": "Fluxo", "dxf_type": "LINE"}, "geometry": {"type": "LineString", "coordinates": [[-54.998262717450686, -10.230724334097404], [-54.998264828402206, -10.230722268051908]]}}, {"type": "Feature", "properties": {"layer": "Fluxo", "dxf_type": "LINE"}, "geometry": {"type": "LineString", "coordinates": [[-54.99821818673998, -10.23075781280525], [-54.998218975469825, -10.230757042088303]]}}, {"type": "Feature", "properties": {"layer": "Fluxo", "dxf_type": "LINE"}, "geometry": {"type": "LineString", "coordinates": [[-54.99822670581216, -10.230749479485313], [-54.99823959002129, -10.230736874847008]]}}, {"type": "Feature", "properties": {"layer": "Fluxo", "dxf_type": "LINE"}, "geometry": {"type": "LineString", "coordinates": [[-54.99824732036265, -10.230729312243334], [-54.99825481931679, -10.230721976005508]]}}, {"type": "Feature", "properties": {"layer": "Fluxo", "dxf_type": "LINE"}, "geometry": {"type": "LineString", "coordinates": [[-54.99821130871694, -10.230754458533086], [-54.998224192926806, -10.230741853895545]]}}, {"type": "Feature", "properties": {"layer": "Fluxo", "dxf_type": "LINE"}, "geometry": {"type": "LineString", "coordinates": [[-54.9982319232686, -10.230734291292334], [-54.998244722084074, -10.230721770193528]]}}, {"type": "Feature", "properties": {"layer": "Fluxo", "dxf_type": "LINE"}, "geometry": {"type": "LineString", "coordinates": [[-54.9981972044555, -10.230758171900758], [-54.998208795831964, -10.230746832943257]]}}, {"type": "Feature", "properties": {"layer": "Fluxo", "dxf_type": "LINE"}, "geometry": {"type": "LineString", "coordinates": [[-54.9982165261742, -10.230739270340512], [-54.99822940947063, -10.230726665696983]]}}, {"type": "Feature", "properties": {"layer": "Fluxo", "dxf_type": "LINE"}, "geometry": {"type": "LineString", "coordinates": [[-54.99818655354619, -10.230758507748355], [-54.99819339874243, -10.23075181108627]]}}, {"type": "Feature", "properties": {"layer": "Fluxo", "dxf_type": "LINE"}, "geometry": {"type": "LineString", "coordinates": [[-54.9982011290851, -10.230744248483976], [-54.9982140123766, -10.230731644745106]]}}, {"type": "Feature", "properties": {"layer": "Fluxo", "dxf_type": "LINE"}, "geometry": {"type": "LineString", "coordinates": [[-54.9982217427183, -10.230724082142132], [-54.99822425216398, -10.230721627148146]]}}, {"type": "Feature", "properties": {"layer": "Fluxo", "dxf_type": "LINE"}, "geometry": {"type": "LineString", "coordinates": [[-54.99817579245267, -10.23075895138897], [-54.998178001646885, -10.230756790132345]]}}, {"type": "Feature", "properties": {"layer": "Fluxo", "dxf_type": "LINE"}, "geometry": {"type": "LineString", "coordinates": [[-54.998185731989985, -10.230749227530513], [-54.99819861528788, -10.23073662288852]]}}, {"type": "Feature", "properties": {"layer": "Fluxo", "dxf_type": "LINE"}, "geometry": {"type": "LineString", "coordinates": [[-54.99820634563001, -10.230729060286006], [-54.998213873967366, -10.230721695304403]]}}, {"type": "Feature", "properties": {"layer": "Fluxo", "dxf_type": "LINE"}, "geometry": {"type": "LineString", "coordinates": [[-54.99817033489452, -10.230754206576226], [-54.99818321819314, -10.230741601935]]}}, {"type": "Feature", "properties": {"layer": "Fluxo", "dxf_type": "LINE"}, "geometry": {"type": "LineString", "coordinates": [[-54.99819094853571, -10.230734039332944], [-54.99820339751754, -10.230721860479981]]}}, {"type": "Feature", "properties": {"layer": "Fluxo", "dxf_type": "LINE"}, "geometry": {"type": "LineString", "coordinates": [[-54.998154937804365, -10.230759184717211], [-54.99816782109805, -10.230746580980655]]}}, {"type": "Feature", "properties": {"layer": "Fluxo", "dxf_type": "LINE"}, "geometry": {"type": "LineString", "coordinates": [[-54.99817555144106, -10.230739018379065], [-54.998188435651315, -10.230726413743076]]}}, {"type": "Feature", "properties": {"layer": "Fluxo", "dxf_type": "LINE"}, "geometry": {"type": "LineString", "coordinates": [[-54.998142806753336, -10.230760968587225], [-54.99815242400827, -10.230751559121606]]}}, {"type": "Feature", "properties": {"layer": "Fluxo", "dxf_type": "LINE"}, "geometry": {"type": "LineString", "coordinates": [[-54.99816015435171, -10.230743996520474], [-54.99817303855704, -10.23073139278914]]}}, {"type": "Feature", "properties": {"layer": "Fluxo", "dxf_type": "LINE"}, "geometry": {"type": "LineString", "coordinates": [[-54.99818076889951, -10.230723830187323], [-54.99818213702042, -10.230722491753191]]}}, {"type": "Feature", "properties": {"layer": "Fluxo", "dxf_type": "LINE"}, "geometry": {"type": "LineString", "coordinates": [[-54.99813156360946, -10.230761882918276], [-54.99813702691246, -10.230756538165624]]}}, {"type": "Feature", "properties": {"layer": "Fluxo", "dxf_type": "LINE"}, "geometry": {"type": "LineString", "coordinates": [[-54.99814475725635, -10.230748975564946], [-54.99815764146807, -10.230736370930495]]}}, {"type": "Feature", "properties": {"layer": "Fluxo", "dxf_type": "LINE"}, "geometry": {"type": "LineString", "coordinates": [[-54.99816537181098, -10.230728808329136], [-54.998171345633146, -10.23072296413317]]}}, {"type": "Feature", "properties": {"layer": "Fluxo", "dxf_type": "LINE"}, "geometry": {"type": "LineString", "coordinates": [[-54.99812018824448, -10.230762926600915], [-54.99812162981631, -10.2307615172088]]}}, {"type": "Feature", "properties": {"layer": "Fluxo", "dxf_type": "LINE"}, "geometry": {"type": "LineString", "coordinates": [[-54.998129360160625, -10.2307539546086], [-54.99814224437308, -10.230741349974918]]}}, {"type": "Feature", "properties": {"layer": "Fluxo", "dxf_type": "LINE"}, "geometry": {"type": "LineString", "coordinates": [[-54.998149974716426, -10.23073378737402], [-54.99816044313779, -10.230723546108278]]}}, {"type": "Feature", "properties": {"layer": "Fluxo", "dxf_type": "LINE"}, "geometry": {"type": "LineString", "coordinates": [[-54.99811396307022, -10.230758932747529], [-54.99812684727773, -10.230746329018515]]}}, {"type": "Feature", "properties": {"layer": "Fluxo", "dxf_type": "LINE"}, "geometry": {"type": "LineString", "coordinates": [[-54.99813457762152, -10.230738766418082], [-54.99814746183307, -10.23072616178402]]}}, {"type": "Feature", "properties": {"layer": "Fluxo", "dxf_type": "LINE"}, "geometry": {"type": "LineString", "coordinates": [[-54.99809856597379, -10.230763911789545], [-54.9981114501877, -10.230751307157407]]}}, {"type": "Feature", "properties": {"layer": "Fluxo", "dxf_type": "LINE"}, "geometry": {"type": "LineString", "coordinates": [[-54.998119180531916, -10.230743744557431], [-54.998132064738535, -10.23073114082803]]}}, {"type": "Feature", "properties": {"layer": "Fluxo", "dxf_type": "LINE"}, "geometry": {"type": "LineString", "coordinates": [[-54.998083168882665, -10.230768889926843], [-54.99809605309164, -10.230756286199364]]}}, {"type": "Feature", "properties": {"layer": "Fluxo", "dxf_type": "LINE"}, "geometry": {"type": "LineString", "coordinates": [[-54.99810378343631, -10.230748723599847], [-54.99811666764932, -10.230736118967322]]}}, {"type": "Feature", "properties": {"layer": "Fluxo", "dxf_type": "LINE"}, "geometry": {"type": "LineString", "coordinates": [[-54.998124397992996, -10.230728556367122], [-54.998127028642, -10.230725982801374]]}}, {"type": "Feature", "properties": {"layer": "Fluxo", "dxf_type": "LINE"}, "geometry": {"type": "LineString", "coordinates": [[-54.998067771785536, -10.230773868967214], [-54.99808065599523, -10.230761265240481]]}}, {"type": "Feature", "properties": {"layer": "Fluxo", "dxf_type": "LINE"}, "geometry": {"type": "LineString", "coordinates": [[-54.998088386340335, -10.23075370264144], [-54.99810127055407, -10.230741098009686]]}}, {"type": "Feature", "properties": {"layer": "Fluxo", "dxf_type": "LINE"}, "geometry": {"type": "LineString", "coordinates": [[-54.9981090008982, -10.230733535409945], [-54.99811564042351, -10.230727039059996]]}}, {"type": "Feature", "properties": {"layer": "Fluxo", "dxf_type": "LINE"}, "geometry": {"type": "LineString", "coordinates": [[-54.99805237468804, -10.230778848006763], [-54.99806525890414, -10.230766243376912]]}}, {"type": "Feature", "properties": {"layer": "Fluxo", "dxf_type": "LINE"}, "geometry": {"type": "LineString", "coordinates": [[-54.99807298924967, -10.230758680778312], [-54.99808587345848, -10.230746077051228]]}}, {"type": "Feature", "properties": {"layer": "Fluxo", "dxf_type": "LINE"}, "geometry": {"type": "LineString", "coordinates": [[-54.998093603803035, -10.230738514451948], [-54.99810411997823, -10.230728225574065]]}}, {"type": "Feature", "properties": {"layer": "Fluxo", "dxf_type": "LINE"}, "geometry": {"type": "LineString", "coordinates": [[-54.99803711256596, -10.230783694998697], [-54.998049861807026, -10.230771222416402]]}}, {"type": "Feature", "properties": {"layer": "Fluxo", "dxf_type": "LINE"}, "geometry": {"type": "LineString", "coordinates": [[-54.99805759215299, -10.230763659818265], [-54.99807047636819, -10.230751055188058]]}}, {"type": "Feature", "properties": {"layer": "Fluxo", "dxf_type": "LINE"}, "geometry": {"type": "LineString", "coordinates": [[-54.99807820671319, -10.230743492589239], [-54.998091090008565, -10.230730888856153]]}}, {"type": "Feature", "properties": {"layer": "Fluxo", "dxf_type": "LINE"}, "geometry": {"type": "LineString", "coordinates": [[-54.9980232222438, -10.230787199059572], [-54.99803446471522, -10.230776200551185]]}}, {"type": "Feature", "properties": {"layer": "Fluxo", "dxf_type": "LINE"}, "geometry": {"type": "LineString", "coordinates": [[-54.99804219506163, -10.23076863795351], [-54.99805507927189, -10.23075603422796]]}}, {"type": "Feature", "properties": {"layer": "Fluxo", "dxf_type": "LINE"}, "geometry": {"type": "LineString", "coordinates": [[-54.99806280961732, -10.230748471629596], [-54.998075692919095, -10.230735866993387]]}}, {"type": "Feature", "properties": {"layer": "Fluxo", "dxf_type": "LINE"}, "geometry": {"type": "LineString", "coordinates": [[-54.99800972582467, -10.2307903186627], [-54.99801906761739, -10.230781179589039]]}}, {"type": "Feature", "properties": {"layer": "Fluxo", "dxf_type": "LINE"}, "geometry": {"type": "LineString", "coordinates": [[-54.99802679796423, -10.23077361699182], [-54.99803968217523, -10.230761013267017]]}}, {"type": "Feature", "properties": {"layer": "Fluxo", "dxf_type": "LINE"}, "geometry": {"type": "LineString", "coordinates": [[-54.998047412521096, -10.230753450669132], [-54.9980602958236, -10.230740846033694]]}}, {"type": "Feature", "properties": {"layer": "Fluxo", "dxf_type": "LINE"}, "geometry": {"type": "LineString", "coordinates": [[-54.997996586586204, -10.230793088835354], [-54.99800367051921, -10.230786158626065]]}}, {"type": "Feature", "properties": {"layer": "Fluxo", "dxf_type": "LINE"}, "geometry": {"type": "LineString", "coordinates": [[-54.998011400866496, -10.230778596029312], [-54.99802428508388, -10.230765991401386]]}}, {"type": "Feature", "properties": {"layer": "Fluxo", "dxf_type": "LINE"}, "geometry": {"type": "LineString", "coordinates": [[-54.998032015430184, -10.230758428803945], [-54.998044898727755, -10.230745825073175]]}}, {"type": "Feature", "properties": {"layer": "Fluxo", "dxf_type": "LINE"}, "geometry": {"type": "LineString", "coordinates": [[-54.99798377239134, -10.230795541017306], [-54.997988273426344, -10.230791136758386]]}}, {"type": "Feature", "properties": {"layer": "Fluxo", "dxf_type": "LINE"}, "geometry": {"type": "LineString", "coordinates": [[-54.99799600377406, -10.230783574162087], [-54.998008887986515, -10.23077097043882]]}}, {"type": "Feature", "properties": {"layer": "Fluxo", "dxf_type": "LINE"}, "geometry": {"type": "LineString", "coordinates": [[-54.99801661833326, -10.230763407841842], [-54.99802950163722, -10.23075080320795]]}}, {"type": "Feature", "properties": {"layer": "Fluxo", "dxf_type": "LINE"}, "geometry": {"type": "LineString", "coordinates": [[-54.99797125844866, -10.230797699462057], [-54.99797287632745, -10.230796115793753]]}}, {"type": "Feature", "properties": {"layer": "Fluxo", "dxf_type": "LINE"}, "geometry": {"type": "LineString", "coordinates": [[-54.997980606675604, -10.230788553197936], [-54.99799349089445, -10.230775948571546]]}}, {"type": "Feature", "properties": {"layer": "Fluxo", "dxf_type": "LINE"}, "geometry": {"type": "LineString", "coordinates": [[-54.99800122124164, -10.230768385975026], [-54.99801410454066, -10.230755782245792]]}}, {"type": "Feature", "properties": {"layer": "Fluxo", "dxf_type": "LINE"}, "geometry": {"type": "LineString", "coordinates": [[-54.997949812483306, -10.230798510363256], [-54.99796269669795, -10.230785906642307]]}}, {"type": "Feature", "properties": {"layer": "Fluxo", "dxf_type": "LINE"}, "geometry": {"type": "LineString", "coordinates": [[-54.997970427046006, -10.23077834404671], [-54.99798331126469, -10.230765739420715]]}}, {"type": "Feature", "properties": {"layer": "Fluxo", "dxf_type": "LINE"}, "geometry": {"type": "LineString", "coordinates": [[-54.99799104161177, -10.230758176824429], [-54.997992163655226, -10.230757079129601]]}}, {"type": "Feature", "properties": {"layer": "Fluxo", "dxf_type": "LINE"}, "geometry": {"type": "LineString", "coordinates": [[-54.99794021566505, -10.23079781588426], [-54.99794729960483, -10.230790884772569]]}}, {"type": "Feature", "properties": {"layer": "Fluxo", "dxf_type": "LINE"}, "geometry": {"type": "LineString", "coordinates": [[-54.99795502995332, -10.23078332217743], [-54.99796791416706, -10.23077071845609]]}}, {"type": "Feature", "properties": {"layer": "Fluxo", "dxf_type": "LINE"}, "geometry": {"type": "LineString", "coordinates": [[-54.99797564451459, -10.230763155860267], [-54.99797928611156, -10.23075959238889]]}}, {"type": "Feature", "properties": {"layer": "Fluxo", "dxf_type": "LINE"}, "geometry": {"type": "LineString", "coordinates": [[-54.99793075291582, -10.230796988448766], [-54.997931902505684, -10.230795863805879]]}}, {"type": "Feature", "properties": {"layer": "Fluxo", "dxf_type": "LINE"}, "geometry": {"type": "LineString", "coordinates": [[-54.997939632854624, -10.230788301211218], [-54.99795251707476, -10.230775696586756]]}}, {"type": "Feature", "properties": {"layer": "Fluxo", "dxf_type": "LINE"}, "geometry": {"type": "LineString", "coordinates": [[-54.99796024742272, -10.230768133991393], [-54.99796672901481, -10.23076179305276]]}}, {"type": "Feature", "properties": {"layer": "Fluxo", "dxf_type": "LINE"}, "geometry": {"type": "LineString", "coordinates": [[-54.99792423575556, -10.230793280244182], [-54.997937119976434, -10.23078067562049]]}}, {"type": "Feature", "properties": {"layer": "Fluxo", "dxf_type": "LINE"}, "geometry": {"type": "LineString", "coordinates": [[-54.99794485032483, -10.230773113025586], [-54.997955263660884, -10.230762925664601]]}}, {"type": "Feature", "properties": {"layer": "Fluxo", "dxf_type": "LINE"}, "geometry": {"type": "LineString", "coordinates": [[-54.997911641011164, -10.23079551773496], [-54.997921722877756, -10.230785654653403]]}}, {"type": "Feature", "properties": {"layer": "Fluxo", "dxf_type": "LINE"}, "geometry": {"type": "LineString", "coordinates": [[-54.99792945322658, -10.230778092058959], [-54.99794233653402, -10.230765487429277]]}}, {"type": "Feature", "properties": {"layer": "Fluxo", "dxf_type": "LINE"}, "geometry": {"type": "LineString", "coordinates": [[-54.99790198819424, -10.23079487624198], [-54.99790632578438, -10.230790632781606]]}}, {"type": "Feature", "properties": {"layer": "Fluxo", "dxf_type": "LINE"}, "geometry": {"type": "LineString", "coordinates": [[-54.997914056133645, -10.230783070187622], [-54.99792693943615, -10.230770466462602]]}}, {"type": "Feature", "properties": {"layer": "Fluxo", "dxf_type": "LINE"}, "geometry": {"type": "LineString", "coordinates": [[-54.99793466978444, -10.230762903867932], [-54.99793643089711, -10.230761180972472]]}}, {"type": "Feature", "properties": {"layer": "Fluxo", "dxf_type": "LINE"}, "geometry": {"type": "LineString", "coordinates": [[-54.99789865903469, -10.230788049219354], [-54.99791154234359, -10.230775444591206]]}}, {"type": "Feature", "properties": {"layer": "Fluxo", "dxf_type": "LINE"}, "geometry": {"type": "LineString", "coordinates": [[-54.99791927269232, -10.230767881997], [-54.99792692406959, -10.230760397558253]]}}, {"type": "Feature", "properties": {"layer": "Fluxo", "dxf_type": "LINE"}, "geometry": {"type": "LineString", "coordinates": [[-54.997883261935385, -10.23079302825026], [-54.997896145245015, -10.230780423622882]]}}, {"type": "Feature", "properties": {"layer": "Fluxo", "dxf_type": "LINE"}, "geometry": {"type": "LineString", "coordinates": [[-54.997903875594176, -10.230772861029136], [-54.99791675980905, -10.230760257310115]]}}, {"type": "Feature", "properties": {"layer": "Fluxo", "dxf_type": "LINE"}, "geometry": {"type": "LineString", "coordinates": [[-54.99787262847808, -10.23079334611614], [-54.99788074814608, -10.230785402653733]]}}, {"type": "Feature", "properties": {"layer": "Fluxo", "dxf_type": "LINE"}, "geometry": {"type": "LineString", "coordinates": [[-54.99788847849568, -10.230777840060451], [-54.99790136271695, -10.23076523543831]]}}, {"type": "Feature", "properties": {"layer": "Fluxo", "dxf_type": "LINE"}, "geometry": {"type": "LineString", "coordinates": [[-54.9978627038678, -10.230792971415875], [-54.997865351052454, -10.230790380779881]]}}, {"type": "Feature", "properties": {"layer": "Fluxo", "dxf_type": "LINE"}, "geometry": {"type": "LineString", "coordinates": [[-54.9978730814025, -10.230782818187054], [-54.99788596561883, -10.230770214469572]]}}, {"type": "Feature", "properties": {"layer": "Fluxo", "dxf_type": "LINE"}, "geometry": {"type": "LineString", "coordinates": [[-54.997893695967896, -10.23076265187606], [-54.99789802896658, -10.230758412907102]]}}, {"type": "Feature", "properties": {"layer": "Fluxo", "dxf_type": "LINE"}, "geometry": {"type": "LineString", "coordinates": [[-54.99785768430329, -10.230787797216726], [-54.99787056852602, -10.230775192596118]]}}, {"type": "Feature", "properties": {"layer": "Fluxo", "dxf_type": "LINE"}, "geometry": {"type": "LineString", "coordinates": [[-54.99787829887553, -10.230767630003069], [-54.9978882696337, -10.23075787651795]]}}, {"type": "Feature", "properties": {"layer": "Fluxo", "dxf_type": "LINE"}, "geometry": {"type": "LineString", "coordinates": [[-54.99784263887547, -10.230792432205572], [-54.99785517142719, -10.230780171625737]]}}, {"type": "Feature", "properties": {"layer": "Fluxo", "dxf_type": "LINE"}, "geometry": {"type": "LineString", "coordinates": [[-54.99786290177713, -10.230772609033144], [-54.9978757859933, -10.230760005316057]]}}, {"type": "Feature", "properties": {"layer": "Fluxo", "dxf_type": "LINE"}, "geometry": {"type": "LineString", "coordinates": [[-54.99783249573312, -10.230792271294252], [-54.997839774328, -10.23078515065453]]}}, {"type": "Feature", "properties": {"layer": "Fluxo", "dxf_type": "LINE"}, "geometry": {"type": "LineString", "coordinates": [[-54.99784750467839, -10.230777588062402], [-54.997860388900946, -10.23076498344219]]}}, {"type": "Feature", "properties": {"layer": "Fluxo", "dxf_type": "LINE"}, "geometry": {"type": "LineString", "coordinates": [[-54.997868119250356, -10.230757420849375], [-54.99786854896925, -10.230757000455814]]}}, {"type": "Feature", "properties": {"layer": "Fluxo", "dxf_type": "LINE"}, "geometry": {"type": "LineString", "coordinates": [[-54.9978222754618, -10.230792185837847], [-54.99782437723413, -10.230790128778615]]}}, {"type": "Feature", "properties": {"layer": "Fluxo", "dxf_type": "LINE"}, "geometry": {"type": "LineString", "coordinates": [[-54.99783210758495, -10.230782566186948], [-54.99784499180257, -10.230769962471392]]}}, {"type": "Feature", "properties": {"layer": "Fluxo", "dxf_type": "LINE"}, "geometry": {"type": "LineString", "coordinates": [[-54.997852722152416, -10.230762399879039], [-54.997858585801275, -10.230756662579363]]}}, {"type": "Feature", "properties": {"layer": "Fluxo", "dxf_type": "LINE"}, "geometry": {"type": "LineString", "coordinates": [[-54.997816710485495, -10.23078754521456], [-54.997829594709515, -10.23077494059588]]}}, {"type": "Feature", "properties": {"layer": "Fluxo", "dxf_type": "LINE"}, "geometry": {"type": "LineString", "coordinates": [[-54.99783732505979, -10.230767378003987], [-54.9978485528443, -10.230756393875536]]}}, {"type": "Feature", "properties": {"layer": "Fluxo", "dxf_type": "LINE"}, "geometry": {"type": "LineString", "coordinates": [[-54.997801599865035, -10.230792243979034], [-54.99781419761043, -10.23077991962344]]}}, {"type": "Feature", "properties": {"layer": "Fluxo", "dxf_type": "LINE"}, "geometry": {"type": "LineString", "coordinates": [[-54.99782192796115, -10.230772357032007], [-54.997834811266074, -10.230759753311235]]}}, {"type": "Feature", "properties": {"layer": "Fluxo", "dxf_type": "LINE"}, "geometry": {"type": "LineString", "coordinates": [[-54.9977911408611, -10.230792392073596], [-54.99779880051099, -10.230784898650176]]}}, {"type": "Feature", "properties": {"layer": "Fluxo", "dxf_type": "LINE"}, "geometry": {"type": "LineString", "coordinates": [[-54.99780653086215, -10.230777336059205], [-54.99781941417347, -10.23076473143531]]}}, {"type": "Feature", "properties": {"layer": "Fluxo", "dxf_type": "LINE"}, "geometry": {"type": "LineString", "coordinates": [[-54.99782714452365, -10.23075716884365], [-54.9978282693165, -10.230756069358558]]}}, {"type": "Feature", "properties": {"layer": "Fluxo", "dxf_type": "LINE"}, "geometry": {"type": "LineString", "coordinates": [[-54.99778059830075, -10.230792621910965], [-54.99778340341687, -10.230789876772205]]}}, {"type": "Feature", "properties": {"layer": "Fluxo", "dxf_type": "LINE"}, "geometry": {"type": "LineString", "coordinates": [[-54.997791133768466, -10.230782314181694], [-54.99780401707484, -10.230769710462452]]}}, {"type": "Feature", "properties": {"layer": "Fluxo", "dxf_type": "LINE"}, "geometry": {"type": "LineString", "coordinates": [[-54.99781174742546, -10.230762147871253], [-54.99781801599672, -10.230756015336326]]}}, {"type": "Feature", "properties": {"layer": "Fluxo", "dxf_type": "LINE"}, "geometry": {"type": "LineString", "coordinates": [[-54.99777573666876, -10.230787293207246], [-54.99778861998153, -10.230774688584884]]}}, {"type": "Feature", "properties": {"layer": "Fluxo", "dxf_type": "LINE"}, "geometry": {"type": "LineString", "coordinates": [[-54.99779635033259, -10.230767125994149], [-54.9978076855423, -10.230756037672888]]}}, {"type": "Feature", "properties": {"layer": "Fluxo", "dxf_type": "LINE"}, "geometry": {"type": "LineString", "coordinates": [[-54.99776033956869, -10.230792272231978], [-54.997773222882195, -10.230779667610387]]}}, {"type": "Feature", "properties": {"layer": "Fluxo", "dxf_type": "LINE"}, "geometry": {"type": "LineString", "coordinates": [[-54.99778095323369, -10.230772105020108], [-54.99779383745244, -10.230759501306872]]}}, {"type": "Feature", "properties": {"layer": "Fluxo", "dxf_type": "LINE"}, "geometry": {"type": "LineString", "coordinates": [[-54.99774844633164, -10.230793823432991], [-54.997757825782514, -10.230784646635062]]}}, {"type": "Feature", "properties": {"layer": "Fluxo", "dxf_type": "LINE"}, "geometry": {"type": "LineString", "coordinates": [[-54.997765556134446, -10.230777084045249], [-54.99777844035959, -10.23076447942889]]}}, {"type": "Feature", "properties": {"layer": "Fluxo", "dxf_type": "LINE"}, "geometry": {"type": "LineString", "coordinates": [[-54.99778617071055, -10.230756916838391], [-54.99778678866114, -10.23075631229825]]}}, {"type": "Feature", "properties": {"layer": "Fluxo", "dxf_type": "LINE"}, "geometry": {"type": "LineString", "coordinates": [[-54.9977375465961, -10.23079440179462], [-54.99774242960067, -10.230789624760643]]}}, {"type": "Feature", "properties": {"layer": "Fluxo", "dxf_type": "LINE"}, "geometry": {"type": "LineString", "coordinates": [[-54.99775015995304, -10.230782062171286], [-54.99776304326071, -10.230769458453976]]}}, {"type": "Feature", "properties": {"layer": "Fluxo", "dxf_type": "LINE"}, "geometry": {"type": "LineString", "coordinates": [[-54.99777077361211, -10.230761895863937], [-54.997776217637714, -10.230756569982296]]}}, {"type": "Feature", "properties": {"layer": "Fluxo", "dxf_type": "LINE"}, "geometry": {"type": "LineString", "coordinates": [[-54.997726552279985, -10.230795073582206], [-54.99772703250028, -10.23079460378366]]}}, {"type": "Feature", "properties": {"layer": "Fluxo", "dxf_type": "LINE"}, "geometry": {"type": "LineString", "coordinates": [[-54.99773476285308, -10.230787041194786], [-54.99774764616715, -10.23077443657435]]}}, {"type": "Feature", "properties": {"layer": "Fluxo", "dxf_type": "LINE"}, "geometry": {"type": "LineString", "coordinates": [[-54.99775537651899, -10.230766873984773], [-54.99776556305786, -10.230756909409138]]}}, {"type": "Feature", "properties": {"layer": "Fluxo", "dxf_type": "LINE"}, "geometry": {"type": "LineString", "coordinates": [[-54.99771936575277, -10.230792020217455], [-54.99773224906757, -10.230779415597793]]}}, {"type": "Feature", "properties": {"layer": "Fluxo", "dxf_type": "LINE"}, "geometry": {"type": "LineString", "coordinates": [[-54.99773997941983, -10.230771853008672], [-54.99775286363988, -10.230759249297366]]}}, {"type": "Feature", "properties": {"layer": "Fluxo", "dxf_type": "LINE"}, "geometry": {"type": "LineString", "coordinates": [[-54.997704267073836, -10.230796706395623], [-54.99771685196763, -10.23078439462041]]}}, {"type": "Feature", "properties": {"layer": "Fluxo", "dxf_type": "LINE"}, "geometry": {"type": "LineString", "coordinates": [[-54.99772458232034, -10.230776832031752], [-54.99773746654677, -10.230764227417325]]}}, {"type": "Feature", "properties": {"layer": "Fluxo", "dxf_type": "LINE"}, "geometry": {"type": "LineString", "coordinates": [[-54.99769296975636, -10.23079767370933], [-54.997701454873, -10.230789372738322]]}}, {"type": "Feature", "properties": {"layer": "Fluxo", "dxf_type": "LINE"}, "geometry": {"type": "LineString", "coordinates": [[-54.99770918522615, -10.230781810150123], [-54.99772206944765, -10.23076920644035]]}}, {"type": "Feature", "properties": {"layer": "Fluxo", "dxf_type": "LINE"}, "geometry": {"type": "LineString", "coordinates": [[-54.997729799799814, -10.230761643851466], [-54.99773307136313, -10.230758442388744]]}}, {"type": "Feature", "properties": {"layer": "Fluxo", "dxf_type": "LINE"}, "geometry": {"type": "LineString", "coordinates": [[-54.99768156683418, -10.230798746132196], [-54.99768605777235, -10.230794351759279]]}}, {"type": "Feature", "properties": {"layer": "Fluxo", "dxf_type": "LINE"}, "geometry": {"type": "LineString", "coordinates": [[-54.997693788125936, -10.23078678917156], [-54.99770667235383, -10.230774184558665]]}}, {"type": "Feature", "properties": {"layer": "Fluxo", "dxf_type": "LINE"}, "geometry": {"type": "LineString", "coordinates": [[-54.99771440270644, -10.230766621970243], [-54.997722057766026, -10.230759133040236]]}}, {"type": "Feature", "properties": {"layer": "Fluxo", "dxf_type": "LINE"}, "geometry": {"type": "LineString", "coordinates": [[-54.997670052820716, -10.230799925438276], [-54.99767066067135, -10.230799330779435]]}}, {"type": "Feature", "properties": {"layer": "Fluxo", "dxf_type": "LINE"}, "geometry": {"type": "LineString", "coordinates": [[-54.997678391025374, -10.230791768192173], [-54.997691275254, -10.230779163580051]]}}, {"type": "Feature", "properties": {"layer": "Fluxo", "dxf_type": "LINE"}, "geometry": {"type": "LineString", "coordinates": [[-54.997699005607046, -10.230771600992087], [-54.99771094867582, -10.230759917112076]]}}, {"type": "Feature", "properties": {"layer": "Fluxo", "dxf_type": "LINE"}, "geometry": {"type": "LineString", "coordinates": [[-54.99766299393012, -10.230796746308064], [-54.99767587815381, -10.230784142600609]]}}, {"type": "Feature", "properties": {"layer": "Fluxo", "dxf_type": "LINE"}, "geometry": {"type": "LineString", "coordinates": [[-54.99768360850729, -10.23077658001311], [-54.99769649273502, -10.230763975400608]]}}, {"type": "Feature", "properties": {"layer": "Fluxo", "dxf_type": "LINE"}, "geometry": {"type": "LineString", "coordinates": [[-54.99764759682884, -10.230801725327035], [-54.99766048105893, -10.230789120716464]]}}, {"type": "Feature", "properties": {"layer": "Fluxo", "dxf_type": "LINE"}, "geometry": {"type": "LineString", "coordinates": [[-54.99766821141285, -10.230781558129419], [-54.99768109563564, -10.230768954421578]]}}, {"type": "Feature", "properties": {"layer": "Fluxo", "dxf_type": "LINE"}, "geometry": {"type": "LineString", "coordinates": [[-54.99763481293432, -10.230804147851561], [-54.997645083958034, -10.230794099735363]]}}, {"type": "Feature", "properties": {"layer": "Fluxo", "dxf_type": "LINE"}, "geometry": {"type": "LineString", "coordinates": [[-54.99765281431239, -10.230786537148798], [-54.99766569854158, -10.230773932537835]]}}, {"type": "Feature", "properties": {"layer": "Fluxo", "dxf_type": "LINE"}, "geometry": {"type": "LineString", "coordinates": [[-54.99767342889496, -10.230766369950569], [-54.99767701723324, -10.230762859487129]]}}, {"type": "Feature", "properties": {"layer": "Fluxo", "dxf_type": "LINE"}, "geometry": {"type": "LineString", "coordinates": [[-54.99762282053112, -10.230805796061594], [-54.997629686856776, -10.23079907875346]]}}, {"type": "Feature", "properties": {"layer": "Fluxo", "dxf_type": "LINE"}, "geometry": {"type": "LineString", "coordinates": [[-54.99763741721157, -10.230791516167352], [-54.99765030144149, -10.23077891155716]]}}, {"type": "Feature", "properties": {"layer": "Fluxo", "dxf_type": "LINE"}, "geometry": {"type": "LineString", "coordinates": [[-54.99765803179531, -10.230771348970354], [-54.997665495869825, -10.230764046883394]]}}, {"type": "Feature", "properties": {"layer": "Fluxo", "dxf_type": "LINE"}, "geometry": {"type": "LineString", "coordinates": [[-54.997610696830435, -10.230807571820758], [-54.99761428976084, -10.230804056866846]]}}, {"type": "Feature", "properties": {"layer": "Fluxo", "dxf_type": "LINE"}, "geometry": {"type": "LineString", "coordinates": [[-54.997622020116076, -10.230796494281186], [-54.99763490434105, -10.230783890575658]]}}, {"type": "Feature", "properties": {"layer": "Fluxo", "dxf_type": "LINE"}, "geometry": {"type": "LineString", "coordinates": [[-54.9976426346953, -10.230776327989316], [-54.99765386340946, -10.230765342066759]]}}, {"type": "Feature", "properties": {"layer": "Fluxo", "dxf_type": "LINE"}, "geometry": {"type": "LineString", "coordinates": [[-54.9975984381481, -10.230809480529883], [-54.99759889265887, -10.230809035883302]]}}, {"type": "Feature", "properties": {"layer": "Fluxo", "dxf_type": "LINE"}, "geometry": {"type": "LineString", "coordinates": [[-54.99760662301455, -10.230801473298099], [-54.99761950724592, -10.230788868689455]]}}, {"type": "Feature", "properties": {"layer": "Fluxo", "dxf_type": "LINE"}, "geometry": {"type": "LineString", "coordinates": [[-54.99762723760062, -10.230781306103568], [-54.997640120912166, -10.23076870239204]]}}, {"type": "Feature", "properties": {"layer": "Fluxo", "dxf_type": "LINE"}, "geometry": {"type": "LineString", "coordinates": [[-54.997591225912664, -10.230806452314194], [-54.99760411014477, -10.230793847706297]]}}, {"type": "Feature", "properties": {"layer": "Fluxo", "dxf_type": "LINE"}, "geometry": {"type": "LineString", "coordinates": [[-54.99761184049991, -10.23078628512089], [-54.99762472381784, -10.230773680506239]]}}, {"type": "Feature", "properties": {"layer": "Fluxo", "dxf_type": "LINE"}, "geometry": {"type": "LineString", "coordinates": [[-54.9975758288161, -10.230811430425577], [-54.997588713043264, -10.230798826722335]]}}, {"type": "Feature", "properties": {"layer": "Fluxo", "dxf_type": "LINE"}, "geometry": {"type": "LineString", "coordinates": [[-54.99759644339884, -10.230791264137386], [-54.99760932671751, -10.230778659523505]]}}, {"type": "Feature", "properties": {"layer": "Fluxo", "dxf_type": "LINE"}, "geometry": {"type": "LineString", "coordinates": [[-54.997617057072105, -10.230771096937856], [-54.997618262673164, -10.230769917501442]]}}, {"type": "Feature", "properties": {"layer": "Fluxo", "dxf_type": "LINE"}, "geometry": {"type": "LineString", "coordinates": [[-54.99756079623471, -10.230816053728425], [-54.99757331594708, -10.230803804833666]]}}, {"type": "Feature", "properties": {"layer": "Fluxo", "dxf_type": "LINE"}, "geometry": {"type": "LineString", "coordinates": [[-54.99758104630308, -10.23079624224916], [-54.99759392961682, -10.230783638539947]]}}, {"type": "Feature", "properties": {"layer": "Fluxo", "dxf_type": "LINE"}, "geometry": {"type": "LineString", "coordinates": [[-54.99760165997185, -10.230776075954761], [-54.997606148150254, -10.230771685181818]]}}, {"type": "Feature", "properties": {"layer": "Fluxo", "dxf_type": "LINE"}, "geometry": {"type": "LineString", "coordinates": [[-54.99754793888896, -10.23081854720745], [-54.99755791884487, -10.23080878384806]]}}, {"type": "Feature", "properties": {"layer": "Fluxo", "dxf_type": "LINE"}, "geometry": {"type": "LineString", "coordinates": [[-54.997565649201306, -10.230801221264018], [-54.99757853252144, -10.230788616651685]]}}, {"type": "Feature", "properties": {"layer": "Fluxo", "dxf_type": "LINE"}, "geometry": {"type": "LineString", "coordinates": [[-54.997586262876915, -10.230781054066954], [-54.99759390232421, -10.230773581315177]]}}, {"type": "Feature", "properties": {"layer": "Fluxo", "dxf_type": "LINE"}, "geometry": {"type": "LineString", "coordinates": [[-54.997534916266424, -10.230821202375568], [-54.9975425217423, -10.230813762861633]]}}, {"type": "Feature", "properties": {"layer": "Fluxo", "dxf_type": "LINE"}, "geometry": {"type": "LineString", "coordinates": [[-54.99755025209918, -10.23080620027805], [-54.99756313542004, -10.230793595666468]]}}, {"type": "Feature", "properties": {"layer": "Fluxo", "dxf_type": "LINE"}, "geometry": {"type": "LineString", "coordinates": [[-54.99757086577595, -10.230786033082218], [-54.99758151968578, -10.23077561129116]]}}, {"type": "Feature", "properties": {"layer": "Fluxo", "dxf_type": "LINE"}, "geometry": {"type": "LineString", "coordinates": [[-54.99752172009759, -10.230824028221122], [-54.99752712464504, -10.230818740970498]]}}, {"type": "Feature", "properties": {"layer": "Fluxo", "dxf_type": "LINE"}, "geometry": {"type": "LineString", "coordinates": [[-54.997534855002364, -10.230811178387375], [-54.99754773831829, -10.230798574680449]]}}, {"type": "Feature", "properties": {"layer": "Fluxo", "dxf_type": "LINE"}, "geometry": {"type": "LineString", "coordinates": [[-54.99755546867463, -10.230791012096658], [-54.99756835290713, -10.230778407490318]]}}, {"type": "Feature", "properties": {"layer": "Fluxo", "dxf_type": "LINE"}, "geometry": {"type": "LineString", "coordinates": [[-54.997508342124256, -10.230827031924653], [-54.99751172754176, -10.23082371998243]]}}, {"type": "Feature", "properties": {"layer": "Fluxo", "dxf_type": "LINE"}, "geometry": {"type": "LineString", "coordinates": [[-54.99751945789953, -10.230816157399767], [-54.99753234122184, -10.230803552789718]]}}, {"type": "Feature", "properties": {"layer": "Fluxo", "dxf_type": "LINE"}, "geometry": {"type": "LineString", "coordinates": [[-54.99754007157863, -10.230795990206369], [-54.997552955806185, -10.2307833865047]]}}, {"type": "Feature", "properties": {"layer": "Fluxo", "dxf_type": "LINE"}, "geometry": {"type": "LineString", "coordinates": [[-54.99749477225183, -10.230830222463286], [-54.99749633043813, -10.23082869899354]]}}, {"type": "Feature", "properties": {"layer": "Fluxo", "dxf_type": "LINE"}, "geometry": {"type": "LineString", "coordinates": [[-54.99750406079633, -10.230821136411334], [-54.997516944119376, -10.230808531802058]]}}, {"type": "Feature", "properties": {"layer": "Fluxo", "dxf_type": "LINE"}, "geometry": {"type": "LineString", "coordinates": [[-54.9975246744766, -10.23080096921917], [-54.997537558710555, -10.230788364614378]]}}, {"type": "Feature", "properties": {"layer": "Fluxo", "dxf_type": "LINE"}, "geometry": {"type": "LineString", "coordinates": [[-54.997488663698455, -10.230826114518196], [-54.997501547016554, -10.230813510813572]]}}, {"type": "Feature", "properties": {"layer": "Fluxo", "dxf_type": "LINE"}, "geometry": {"type": "LineString", "coordinates": [[-54.99750927737422, -10.230805948231144], [-54.997522161608906, -10.230793343627104]]}}, {"type": "Feature", "properties": {"layer": "Fluxo", "dxf_type": "LINE"}, "geometry": {"type": "LineString", "coordinates": [[-54.99752989196559, -10.230785781044013], [-54.997530511753055, -10.230785174707895]]}}, {"type": "Feature", "properties": {"layer": "Fluxo", "dxf_type": "LINE"}, "geometry": {"type": "LineString", "coordinates": [[-54.99747326659455, -10.230831093528122], [-54.99748615083159, -10.23081848892599]]}}, {"type": "Feature", "properties": {"layer": "Fluxo", "dxf_type": "LINE"}, "geometry": {"type": "LineString", "coordinates": [[-54.99749388027715, -10.230810926338412], [-54.9975067645069, -10.230798322639025]]}}, {"type": "Feature", "properties": {"layer": "Fluxo", "dxf_type": "LINE"}, "geometry": {"type": "LineString", "coordinates": [[-54.99751449486402, -10.230790760056388], [-54.99751735965954, -10.230787957436311]]}}, {"type": "Feature", "properties": {"layer": "Fluxo", "dxf_type": "LINE"}, "geometry": {"type": "LineString", "coordinates": [[-54.997448496469445, -10.23084524122885], [-54.997450139130784, -10.230843635118035]]}}, {"type": "Feature", "properties": {"layer": "Fluxo", "dxf_type": "LINE"}, "geometry": {"type": "LineString", "coordinates": [[-54.9974578694903, -10.230836072537214], [-54.99747075372806, -10.230823467935865]]}}, {"type": "Feature", "properties": {"layer": "Fluxo", "dxf_type": "LINE"}, "geometry": {"type": "LineString", "coordinates": [[-54.9974784840866, -10.230815905354358], [-54.997491367410205, -10.230803300746238]]}}, {"type": "Feature", "properties": {"layer": "Fluxo", "dxf_type": "LINE"}, "geometry": {"type": "LineString", "coordinates": [[-54.997499097767765, -10.230795738164044], [-54.99750403127078, -10.230790912633058]]}}, {"type": "Feature", "properties": {"layer": "Fluxo", "dxf_type": "LINE"}, "geometry": {"type": "LineString", "coordinates": [[-54.99742774623439, -10.230855457181814], [-54.9974347420314, -10.230848613221973]]}}, {"type": "Feature", "properties": {"layer": "Fluxo", "dxf_type": "LINE"}, "geometry": {"type": "LineString", "coordinates": [[-54.99744247239135, -10.230841050641608], [-54.99745535662418, -10.230828446944917]]}}, {"type": "Feature", "properties": {"layer": "Fluxo", "dxf_type": "LINE"}, "geometry": {"type": "LineString", "coordinates": [[-54.99746308698315, -10.230820884363869], [-54.9974759703075, -10.230808279756516]]}}, {"type": "Feature", "properties": {"layer": "Fluxo", "dxf_type": "LINE"}, "geometry": {"type": "LineString", "coordinates": [[-54.99748370066549, -10.230800717174784], [-54.997490520164995, -10.230794045682181]]}}, {"type": "Feature", "properties": {"layer": "Fluxo", "dxf_type": "LINE"}, "geometry": {"type": "LineString", "coordinates": [[-54.997409746019756, -10.23086298279878], [-54.997419344926, -10.230853592228973]]}}, {"type": "Feature", "properties": {"layer": "Fluxo", "dxf_type": "LINE"}, "geometry": {"type": "LineString", "coordinates": [[-54.99742707528639, -10.230846029649072], [-54.997439959525614, -10.23083342504924]]}}, {"type": "Feature", "properties": {"layer": "Fluxo", "dxf_type": "LINE"}, "geometry": {"type": "LineString", "coordinates": [[-54.99744768988502, -10.23082586246867], [-54.99746057320442, -10.230813258765973]]}}, {"type": "Feature", "properties": {"layer": "Fluxo", "dxf_type": "LINE"}, "geometry": {"type": "LineString", "coordinates": [[-54.99746830356286, -10.230805696184703], [-54.997476816230574, -10.23079736827244]]}}, {"type": "Feature", "properties": {"layer": "Fluxo", "dxf_type": "LINE"}, "geometry": {"type": "LineString", "coordinates": [[-54.99739351059865, -10.230868781025762], [-54.997403947820246, -10.230858571235157]]}}, {"type": "Feature", "properties": {"layer": "Fluxo", "dxf_type": "LINE"}, "geometry": {"type": "LineString", "coordinates": [[-54.99741167818107, -10.230851008655714], [-54.997424562421024, -10.230838404056646]]}}, {"type": "Feature", "properties": {"layer": "Fluxo", "dxf_type": "LINE"}, "geometry": {"type": "LineString", "coordinates": [[-54.99743229278087, -10.23083084147654], [-54.997445176106666, -10.23081823687072]]}}, {"type": "Feature", "properties": {"layer": "Fluxo", "dxf_type": "LINE"}, "geometry": {"type": "LineString", "coordinates": [[-54.99745290646554, -10.230810674289911], [-54.99746290937859, -10.230800888477036]]}}, {"type": "Feature", "properties": {"layer": "Fluxo", "dxf_type": "LINE"}, "geometry": {"type": "LineString", "coordinates": [[-54.99737854136948, -10.230873342338175], [-54.997388550719805, -10.230863549336629]]}}, {"type": "Feature", "properties": {"layer": "Fluxo", "dxf_type": "LINE"}, "geometry": {"type": "LineString", "coordinates": [[-54.99739628108106, -10.230855986757645], [-54.99740916531608, -10.230843383063238]]}}, {"type": "Feature", "properties": {"layer": "Fluxo", "dxf_type": "LINE"}, "geometry": {"type": "LineString", "coordinates": [[-54.99741689567636, -10.23083582048357], [-54.99742977900289, -10.230823215878537]]}}, {"type": "Feature", "properties": {"layer": "Fluxo", "dxf_type": "LINE"}, "geometry": {"type": "LineString", "coordinates": [[-54.9974375093622, -10.230815653298187], [-54.99744878949744, -10.2308046179848]]}}, {"type": "Feature", "properties": {"layer": "Fluxo", "dxf_type": "LINE"}, "geometry": {"type": "LineString", "coordinates": [[-54.99736454177511, -10.230876953263524], [-54.99737315361334, -10.230868528341164]]}}, {"type": "Feature", "properties": {"layer": "Fluxo", "dxf_type": "LINE"}, "geometry": {"type": "LineString", "coordinates": [[-54.99738088397503, -10.230860965762643], [-54.99739376821645, -10.230848361165114]]}}, {"type": "Feature", "properties": {"layer": "Fluxo", "dxf_type": "LINE"}, "geometry": {"type": "LineString", "coordinates": [[-54.99740149857717, -10.23084079858591], [-54.99741438189875, -10.230828194885527]]}}, {"type": "Feature", "properties": {"layer": "Fluxo", "dxf_type": "LINE"}, "geometry": {"type": "LineString", "coordinates": [[-54.997422112258505, -10.230820632305637], [-54.99742752782567, -10.230815334277667]]}}, {"type": "Feature", "properties": {"layer": "Fluxo", "dxf_type": "LINE"}, "geometry": {"type": "LineString", "coordinates": [[-54.99735132264859, -10.230879801558304], [-54.99735775650652, -10.23087350734488]]}}, {"type": "Feature", "properties": {"layer": "Fluxo", "dxf_type": "LINE"}, "geometry": {"type": "LineString", "coordinates": [[-54.99736548686865, -10.230865944766819], [-54.99737837111079, -10.230853340170055]]}}, {"type": "Feature", "properties": {"layer": "Fluxo", "dxf_type": "LINE"}, "geometry": {"type": "LineString", "coordinates": [[-54.99738610147195, -10.23084577759131], [-54.997398984799936, -10.230833172987795]]}}, {"type": "Feature", "properties": {"layer": "Fluxo", "dxf_type": "LINE"}, "geometry": {"type": "LineString", "coordinates": [[-54.997406715160125, -10.230825610408385], [-54.99740756358067, -10.230824780402013]]}}, {"type": "Feature", "properties": {"layer": "Fluxo", "dxf_type": "LINE"}, "geometry": {"type": "LineString", "coordinates": [[-54.99733874902531, -10.230882017461264], [-54.99734235940501, -10.23087848544387]]}}, {"type": "Feature", "properties": {"layer": "Fluxo", "dxf_type": "LINE"}, "geometry": {"type": "LineString", "coordinates": [[-54.99735008976758, -10.230870922866288], [-54.99736297400479, -10.23085831917418]]}}, {"type": "Feature", "properties": {"layer": "Fluxo", "dxf_type": "LINE"}, "geometry": {"type": "LineString", "coordinates": [[-54.99737070436638, -10.230850756595895], [-54.9973835876951, -10.230838151993146]]}}, {"type": "Feature", "properties": {"layer": "Fluxo", "dxf_type": "LINE"}, "geometry": {"type": "LineString", "coordinates": [[-54.99732672540073, -10.230883696200896], [-54.99732696229748, -10.230883464445943]]}}, {"type": "Feature", "properties": {"layer": "Fluxo", "dxf_type": "LINE"}, "geometry": {"type": "LineString", "coordinates": [[-54.99733469266049, -10.230875901868806], [-54.99734757690409, -10.230863297273594]]}}, {"type": "Feature", "properties": {"layer": "Fluxo", "dxf_type": "LINE"}, "geometry": {"type": "LineString", "coordinates": [[-54.997355307266126, -10.230855734695767], [-54.9973681905899, -10.230843130997673]]}}, {"type": "Feature", "properties": {"layer": "Fluxo", "dxf_type": "LINE"}, "geometry": {"type": "LineString", "coordinates": [[-54.99731929555304, -10.230880880870517], [-54.997332179797375, -10.230868276276073]]}}, {"type": "Feature", "properties": {"layer": "Fluxo", "dxf_type": "LINE"}, "geometry": {"type": "LineString", "coordinates": [[-54.997339910159845, -10.23086071369871], [-54.997352793490016, -10.230848109097492]]}}, {"type": "Feature", "properties": {"layer": "Fluxo", "dxf_type": "LINE"}, "geometry": {"type": "LineString", "coordinates": [[-54.99730405087286, -10.23088570985389], [-54.997316782690305, -10.23087325527773]]}}, {"type": "Feature", "properties": {"layer": "Fluxo", "dxf_type": "LINE"}, "geometry": {"type": "LineString", "coordinates": [[-54.997324513053215, -10.230865692700826], [-54.99733739638411, -10.230853088100377]]}}, {"type": "Feature", "properties": {"layer": "Fluxo", "dxf_type": "LINE"}, "geometry": {"type": "LineString", "coordinates": [[-54.99734512674605, -10.230845525522787], [-54.997346886943625, -10.230843803529494]]}}, {"type": "Feature", "properties": {"layer": "Fluxo", "dxf_type": "LINE"}, "geometry": {"type": "LineString", "coordinates": [[-54.997293298043274, -10.230886145379781], [-54.99730138558854, -10.23087823337466]]}}, {"type": "Feature", "properties": {"layer": "Fluxo", "dxf_type": "LINE"}, "geometry": {"type": "LineString", "coordinates": [[-54.997309115951886, -10.230870670798236], [-54.99732199927785, -10.230858067102442]]}}, {"type": "Feature", "properties": {"layer": "Fluxo", "dxf_type": "LINE"}, "geometry": {"type": "LineString", "coordinates": [[-54.99732972964022, -10.230850504525314], [-54.99733421231367, -10.230846119146708]]}}, {"type": "Feature", "properties": {"layer": "Fluxo", "dxf_type": "LINE"}, "geometry": {"type": "LineString", "coordinates": [[-54.9972828821948, -10.230886251238438], [-54.99728598848076, -10.230883212374678]]}}, {"type": "Feature", "properties": {"layer": "Fluxo", "dxf_type": "LINE"}, "geometry": {"type": "LineString", "coordinates": [[-54.99729371884455, -10.230875649798694], [-54.997306602176906, -10.230863045199797]]}}, {"type": "Feature", "properties": {"layer": "Fluxo", "dxf_type": "LINE"}, "geometry": {"type": "LineString", "coordinates": [[-54.997314332539716, -10.230855482623127], [-54.997322162980765, -10.230847823038115]]}}, {"type": "Feature", "properties": {"layer": "Fluxo", "dxf_type": "LINE"}, "geometry": {"type": "LineString", "coordinates": [[-54.99727832173685, -10.23088062879835], [-54.99729120506994, -10.230868024200218]]}}, {"type": "Feature", "properties": {"layer": "Fluxo", "dxf_type": "LINE"}, "geometry": {"type": "LineString", "coordinates": [[-54.99729893543319, -10.230860461624008], [-54.997310645293815, -10.230849005923995]]}}, {"type": "Feature", "properties": {"layer": "Fluxo", "dxf_type": "LINE"}, "geometry": {"type": "LineString", "coordinates": [[-54.9972635838997, -10.23088496283591], [-54.997275807962616, -10.230873003199816]]}}, {"type": "Feature", "properties": {"layer": "Fluxo", "dxf_type": "LINE"}, "geometry": {"type": "LineString", "coordinates": [[-54.99728353832631, -10.23086544062407], [-54.99729642257103, -10.230852836031163]]}}, {"type": "Feature", "properties": {"layer": "Fluxo", "dxf_type": "LINE"}, "geometry": {"type": "LineString", "coordinates": [[-54.99725440672079, -10.230883855113241], [-54.99726041086061, -10.23087798129469]]}}, {"type": "Feature", "properties": {"layer": "Fluxo", "dxf_type": "LINE"}, "geometry": {"type": "LineString", "coordinates": [[-54.99726814122473, -10.23087041871942], [-54.99728102546452, -10.23085781503117]]}}, {"type": "Feature", "properties": {"layer": "Fluxo", "dxf_type": "LINE"}, "geometry": {"type": "LineString", "coordinates": [[-54.99728875582767, -10.230850252455198], [-54.99728894405957, -10.230850068308845]]}}, {"type": "Feature", "properties": {"layer": "Fluxo", "dxf_type": "LINE"}, "geometry": {"type": "LineString", "coordinates": [[-54.997252744117134, -10.23087539771782], [-54.99726562836333, -10.230862793126468]]}}, {"type": "Feature", "properties": {"layer": "Fluxo", "dxf_type": "LINE"}, "geometry": {"type": "LineString", "coordinates": [[-54.99727335872691, -10.230855230550953], [-54.997278662270155, -10.230850043019467]]}}, {"type": "Feature", "properties": {"layer": "Fluxo", "dxf_type": "LINE"}, "geometry": {"type": "LineString", "coordinates": [[-54.99723734700919, -10.230880376715417], [-54.9972502312561, -10.230867772124828]]}}, {"type": "Feature", "properties": {"layer": "Fluxo", "dxf_type": "LINE"}, "geometry": {"type": "LineString", "coordinates": [[-54.99725796162013, -10.230860209549778], [-54.99726919033713, -10.2308492254514]]}}, {"type": "Feature", "properties": {"layer": "Fluxo", "dxf_type": "LINE"}, "geometry": {"type": "LineString", "coordinates": [[-54.99722595694609, -10.230881435641711], [-54.997234834148536, -10.230872751122368]]}}, {"type": "Feature", "properties": {"layer": "Fluxo", "dxf_type": "LINE"}, "geometry": {"type": "LineString", "coordinates": [[-54.997242564512995, -10.230865188547776], [-54.99725544875901, -10.230852583956798]]}}, {"type": "Feature", "properties": {"layer": "Fluxo", "dxf_type": "LINE"}, "geometry": {"type": "LineString", "coordinates": [[-54.997216142522234, -10.230880953128386], [-54.997219437046276, -10.230877729215182]]}}, {"type": "Feature", "properties": {"layer": "Fluxo", "dxf_type": "LINE"}, "geometry": {"type": "LineString", "coordinates": [[-54.99722716741117, -10.230870166641068], [-54.99724005165225, -10.230857562954746]]}}, {"type": "Feature", "properties": {"layer": "Fluxo", "dxf_type": "LINE"}, "geometry": {"type": "LineString", "coordinates": [[-54.99724778201618, -10.230850000379933], [-54.9972507340493, -10.230847111522777]]}}, {"type": "Feature", "properties": {"layer": "Fluxo", "dxf_type": "LINE"}, "geometry": {"type": "LineString", "coordinates": [[-54.99721177030332, -10.230875145637413], [-54.997224654550806, -10.230862541047985]]}}, {"type": "Feature", "properties": {"layer": "Fluxo", "dxf_type": "LINE"}, "geometry": {"type": "LineString", "coordinates": [[-54.997232384915165, -10.23085497847363], [-54.99724129332988, -10.230846264316456]]}}, {"type": "Feature", "properties": {"layer": "Fluxo", "dxf_type": "LINE"}, "geometry": {"type": "LineString", "coordinates": [[-54.99719637319513, -10.23088012463295], [-54.99720925744334, -10.230867520044288]]}}, {"type": "Feature", "properties": {"layer": "Fluxo", "dxf_type": "LINE"}, "geometry": {"type": "LineString", "coordinates": [[-54.99721698780814, -10.230859957470395], [-54.99722987205472, -10.230847352880577]]}}, {"type": "Feature", "properties": {"layer": "Fluxo", "dxf_type": "LINE"}, "geometry": {"type": "LineString", "coordinates": [[-54.99718557904706, -10.230880600577638], [-54.99719386033551, -10.23087249903977]]}}, {"type": "Feature", "properties": {"layer": "Fluxo", "dxf_type": "LINE"}, "geometry": {"type": "LineString", "coordinates": [[-54.99720159070075, -10.230864936466336], [-54.99721447494806, -10.230852331877285]]}}, {"type": "Feature", "properties": {"layer": "Fluxo", "dxf_type": "LINE"}, "geometry": {"type": "LineString", "coordinates": [[-54.99717498048232, -10.230880884285607], [-54.997178463233, -10.230877477130528]]}}, {"type": "Feature", "properties": {"layer": "Fluxo", "dxf_type": "LINE"}, "geometry": {"type": "LineString", "coordinates": [[-54.99718619359867, -10.23086991455757], [-54.997199077841046, -10.230857310873176]]}}, {"type": "Feature", "properties": {"layer": "Fluxo", "dxf_type": "LINE"}, "geometry": {"type": "LineString", "coordinates": [[-54.997206808205746, -10.23084974829952], [-54.99721203922292, -10.230844629925219]]}}, {"type": "Feature", "properties": {"layer": "Fluxo", "dxf_type": "LINE"}, "geometry": {"type": "LineString", "coordinates": [[-54.99717079649058, -10.230874893551855], [-54.99718368073935, -10.230862288964355]]}}, {"type": "Feature", "properties": {"layer": "Fluxo", "dxf_type": "LINE"}, "geometry": {"type": "LineString", "coordinates": [[-54.99719141110449, -10.230854726391156], [-54.99720195301174, -10.230844413300964]]}}, {"type": "Feature", "properties": {"layer": "Fluxo", "dxf_type": "LINE"}, "geometry": {"type": "LineString", "coordinates": [[-54.99715539938213, -10.230879872545335], [-54.99716828363163, -10.230867267958597]]}}, {"type": "Feature", "properties": {"layer": "Fluxo", "dxf_type": "LINE"}, "geometry": {"type": "LineString", "coordinates": [[-54.9971760139972, -10.230859705385862], [-54.99718889733254, -10.23084710079236]]}}, {"type": "Feature", "properties": {"layer": "Fluxo", "dxf_type": "LINE"}, "geometry": {"type": "LineString", "coordinates": [[-54.99714175605028, -10.230883134930098], [-54.99715288652356, -10.230872246952025]]}}, {"type": "Feature", "properties": {"layer": "Fluxo", "dxf_type": "LINE"}, "geometry": {"type": "LineString", "coordinates": [[-54.997160616889566, -10.230864684379744], [-54.99717350022563, -10.23085207978701]]}}, {"type": "Feature", "properties": {"layer": "Fluxo", "dxf_type": "LINE"}, "geometry": {"type": "LineString", "coordinates": [[-54.997130142863625, -10.230884412133623], [-54.997137489420794, -10.230877225040722]]}}, {"type": "Feature", "properties": {"layer": "Fluxo", "dxf_type": "LINE"}, "geometry": {"type": "LineString", "coordinates": [[-54.99714521978724, -10.230869662468923], [-54.99715810311837, -10.23085705878084]]}}, {"type": "Feature", "properties": {"layer": "Fluxo", "dxf_type": "LINE"}, "geometry": {"type": "LineString", "coordinates": [[-54.99716583348385, -10.23084949620834], [-54.99717055856512, -10.230844873687957]]}}, {"type": "Feature", "properties": {"layer": "Fluxo", "dxf_type": "LINE"}, "geometry": {"type": "LineString", "coordinates": [[-54.997118222078306, -10.230885990258603], [-54.997122092312004, -10.230882204032502]]}}, {"type": "Feature", "properties": {"layer": "Fluxo", "dxf_type": "LINE"}, "geometry": {"type": "LineString", "coordinates": [[-54.99712982267889, -10.230874641461147], [-54.99714270601642, -10.230862036869961]]}}, {"type": "Feature", "properties": {"layer": "Fluxo", "dxf_type": "LINE"}, "geometry": {"type": "LineString", "coordinates": [[-54.99715043638233, -10.230854474297919], [-54.997159677194595, -10.230845434064184]]}}, {"type": "Feature", "properties": {"layer": "Fluxo", "dxf_type": "LINE"}, "geometry": {"type": "LineString", "coordinates": [[-54.99710596522993, -10.230887897151486], [-54.99710669520287, -10.230887183023464]]}}, {"type": "Feature", "properties": {"layer": "Fluxo", "dxf_type": "LINE"}, "geometry": {"type": "LineString", "coordinates": [[-54.99711442557019, -10.23087962045257], [-54.997127308908446, -10.230867015862147]]}}, {"type": "Feature", "properties": {"layer": "Fluxo", "dxf_type": "LINE"}, "geometry": {"type": "LineString", "coordinates": [[-54.997135039274795, -10.23085945329057], [-54.99714792352397, -10.230846848704608]]}}, {"type": "Feature", "properties": {"layer": "Fluxo", "dxf_type": "LINE"}, "geometry": {"type": "LineString", "coordinates": [[-54.997099028466806, -10.230884598539276], [-54.99711191180012, -10.230871994853512]]}}, {"type": "Feature", "properties": {"layer": "Fluxo", "dxf_type": "LINE"}, "geometry": {"type": "LineString", "coordinates": [[-54.99711964216691, -10.230864432282393], [-54.997132526416806, -10.230851827697203]]}}, {"type": "Feature", "properties": {"layer": "Fluxo", "dxf_type": "LINE"}, "geometry": {"type": "LineString", "coordinates": [[-54.99708363135739, -10.230889577529053], [-54.99709651469711, -10.23087697294015]]}}, {"type": "Feature", "properties": {"layer": "Fluxo", "dxf_type": "LINE"}, "geometry": {"type": "LineString", "coordinates": [[-54.997104245064335, -10.23086941036951], [-54.997117129309295, -10.230856806688973]]}}, {"type": "Feature", "properties": {"layer": "Fluxo", "dxf_type": "LINE"}, "geometry": {"type": "LineString", "coordinates": [[-54.99712485967554, -10.230849244117628], [-54.99712557955375, -10.230848538966667]]}}, {"type": "Feature", "properties": {"layer": "Fluxo", "dxf_type": "LINE"}, "geometry": {"type": "LineString", "coordinates": [[-54.997068234247635, -10.23089455651801], [-54.997081117588074, -10.230881951929875]]}}, {"type": "Feature", "properties": {"layer": "Fluxo", "dxf_type": "LINE"}, "geometry": {"type": "LineString", "coordinates": [[-54.99708884795574, -10.230874389359677], [-54.99710173220709, -10.230861784776035]]}}, {"type": "Feature", "properties": {"layer": "Fluxo", "dxf_type": "LINE"}, "geometry": {"type": "LineString", "coordinates": [[-54.997109462573775, -10.230854222205148], [-54.99711366611545, -10.230850109905532]]}}, {"type": "Feature", "properties": {"layer": "Fluxo", "dxf_type": "LINE"}, "geometry": {"type": "LineString", "coordinates": [[-54.99705283714318, -10.230899534602257], [-54.99706572047869, -10.230886930918777]]}}, {"type": "Feature", "properties": {"layer": "Fluxo", "dxf_type": "LINE"}, "geometry": {"type": "LineString", "coordinates": [[-54.997073450846784, -10.23087936834904], [-54.99708633509887, -10.23086676376616]]}}, {"type": "Feature", "properties": {"layer": "Fluxo", "dxf_type": "LINE"}, "geometry": {"type": "LineString", "coordinates": [[-54.997094065465994, -10.23085920119574], [-54.99710143956927, -10.230851987155456]]}}, {"type": "Feature", "properties": {"layer": "Fluxo", "dxf_type": "LINE"}, "geometry": {"type": "LineString", "coordinates": [[-54.997038125013766, -10.230903843477172], [-54.99705032337461, -10.23089190900297]]}}, {"type": "Feature", "properties": {"layer": "Fluxo", "dxf_type": "LINE"}, "geometry": {"type": "LineString", "coordinates": [[-54.997058053743146, -10.230884346433688], [-54.997070937990294, -10.230871742755468]]}}, {"type": "Feature", "properties": {"layer": "Fluxo", "dxf_type": "LINE"}, "geometry": {"type": "LineString", "coordinates": [[-54.99707866835785, -10.230864180185502], [-54.9970888696144, -10.230854200359438]]}}, {"type": "Feature", "properties": {"layer": "Fluxo", "dxf_type": "LINE"}, "geometry": {"type": "LineString", "coordinates": [[-54.99702277473711, -10.230908775747842], [-54.99703492626451, -10.230896887990228]]}}, {"type": "Feature", "properties": {"layer": "Fluxo", "dxf_type": "LINE"}, "geometry": {"type": "LineString", "coordinates": [[-54.99704265663349, -10.23088932542141], [-54.997055540887025, -10.23087672084005]]}}, {"type": "Feature", "properties": {"layer": "Fluxo", "dxf_type": "LINE"}, "geometry": {"type": "LineString", "coordinates": [[-54.99706327125503, -10.230869158270563], [-54.99707592135902, -10.230856783651856]]}}, {"type": "Feature", "properties": {"layer": "Fluxo", "dxf_type": "LINE"}, "geometry": {"type": "LineString", "coordinates": [[-54.99700664581637, -10.230914470657826], [-54.99701952915406, -10.230901866976664]]}}, {"type": "Feature", "properties": {"layer": "Fluxo", "dxf_type": "LINE"}, "geometry": {"type": "LineString", "coordinates": [[-54.99702725952347, -10.230894304408308], [-54.99704014377774, -10.230881699827716]]}}, {"type": "Feature", "properties": {"layer": "Fluxo", "dxf_type": "LINE"}, "geometry": {"type": "LineString", "coordinates": [[-54.997047874146176, -10.23087413725867], [-54.99706075839883, -10.230861532676958]]}}, {"type": "Feature", "properties": {"layer": "Fluxo", "dxf_type": "LINE"}, "geometry": {"type": "LineString", "coordinates": [[-54.99699124870483, -10.230919449642672], [-54.99700413204892, -10.230906845058394]]}}, {"type": "Feature", "properties": {"layer": "Fluxo", "dxf_type": "LINE"}, "geometry": {"type": "LineString", "coordinates": [[-54.99701186241877, -10.230899282490496], [-54.9970247466681, -10.230886678814556]]}}, {"type": "Feature", "properties": {"layer": "Fluxo", "dxf_type": "LINE"}, "geometry": {"type": "LineString", "coordinates": [[-54.99703247703698, -10.230879116245974], [-54.997045361290354, -10.230866511665027]]}}, {"type": "Feature", "properties": {"layer": "Fluxo", "dxf_type": "LINE"}, "geometry": {"type": "LineString", "coordinates": [[-54.99697585159294, -10.230924428626704], [-54.99698873493776, -10.230911824043169]]}}, {"type": "Feature", "properties": {"layer": "Fluxo", "dxf_type": "LINE"}, "geometry": {"type": "LineString", "coordinates": [[-54.996996465308044, -10.230904261475748], [-54.997009349563776, -10.230891656896691]]}}, {"type": "Feature", "properties": {"layer": "Fluxo", "dxf_type": "LINE"}, "geometry": {"type": "LineString", "coordinates": [[-54.99701707993308, -10.230884094328568], [-54.99702996418152, -10.230871490652277]]}}, {"type": "Feature", "properties": {"layer": "Fluxo", "dxf_type": "LINE"}, "geometry": {"type": "LineString", "coordinates": [[-54.99695022016832, -10.230939418864647], [-54.99695272411467, -10.230936969272314]]}}, {"type": "Feature", "properties": {"layer": "Fluxo", "dxf_type": "LINE"}, "geometry": {"type": "LineString", "coordinates": [[-54.99696045448636, -10.230929406706018], [-54.99697333873878, -10.230916803032756]]}}, {"type": "Feature", "properties": {"layer": "Fluxo", "dxf_type": "LINE"}, "geometry": {"type": "LineString", "coordinates": [[-54.996981068196966, -10.230909240460182], [-54.99699395245343, -10.23089663588189]]}}, {"type": "Feature", "properties": {"layer": "Fluxo", "dxf_type": "LINE"}, "geometry": {"type": "LineString", "coordinates": [[-54.997001682823175, -10.230889073314229], [-54.99701456707801, -10.230876468734797]]}}, {"type": "Feature", "properties": {"layer": "Fluxo", "dxf_type": "LINE"}, "geometry": {"type": "LineString", "coordinates": [[-54.996927010962224, -10.230952040358245], [-54.99693732700163, -10.230941948254236]]}}, {"type": "Feature", "properties": {"layer": "Fluxo", "dxf_type": "LINE"}, "geometry": {"type": "LineString", "coordinates": [[-54.996945057373765, -10.230934385688402], [-54.99695794163258, -10.23092178111202]]}}, {"type": "Feature", "properties": {"layer": "Fluxo", "dxf_type": "LINE"}, "geometry": {"type": "LineString", "coordinates": [[-54.99696567200374, -10.230914218545502], [-54.99697855534272, -10.230901614866267]]}}, {"type": "Feature", "properties": {"layer": "Fluxo", "dxf_type": "LINE"}, "geometry": {"type": "LineString", "coordinates": [[-54.99698628571291, -10.23089405229907], [-54.99699916996847, -10.230881447720403]]}}, {"type": "Feature", "properties": {"layer": "Fluxo", "dxf_type": "LINE"}, "geometry": {"type": "LineString", "coordinates": [[-54.99642034646742, -10.231437621212272], [-54.99642718620161, -10.231430929987036]]}}, {"type": "Feature", "properties": {"layer": "Fluxo", "dxf_type": "LINE"}, "geometry": {"type": "LineString", "coordinates": [[-54.99643491659757, -10.231423367438085], [-54.99643500934228, -10.231423275808748]]}}, {"type": "Feature", "properties": {"layer": "Fluxo", "dxf_type": "LINE"}, "geometry": {"type": "LineString", "coordinates": [[-54.996899003217244, -10.230969355323255], [-54.996901315259194, -10.230967093470596]]}}, {"type": "Feature", "properties": {"layer": "Fluxo", "dxf_type": "LINE"}, "geometry": {"type": "LineString", "coordinates": [[-54.99690904563274, -10.230959530905908], [-54.99692192988824, -10.230946927235337]]}}, {"type": "Feature", "properties": {"layer": "Fluxo", "dxf_type": "LINE"}, "geometry": {"type": "LineString", "coordinates": [[-54.99692966026081, -10.230939364669965], [-54.99694254452035, -10.230926760094349]]}}, {"type": "Feature", "properties": {"layer": "Fluxo", "dxf_type": "LINE"}, "geometry": {"type": "LineString", "coordinates": [[-54.99695027489195, -10.230919197528292], [-54.99696315823733, -10.230906592945937]]}}, {"type": "Feature", "properties": {"layer": "Fluxo", "dxf_type": "LINE"}, "geometry": {"type": "LineString", "coordinates": [[-54.996970888607954, -10.230899030379199], [-54.996983772858584, -10.230886426705188]]}}, {"type": "Feature", "properties": {"layer": "Fluxo", "dxf_type": "LINE"}, "geometry": {"type": "LineString", "coordinates": [[-54.99674551403731, -10.231119513369066], [-54.99675584753937, -10.231109403301954]]}}, {"type": "Feature", "properties": {"layer": "Fluxo", "dxf_type": "LINE"}, "geometry": {"type": "LineString", "coordinates": [[-54.99637829006476, -10.231468679673297], [-54.99639117436727, -10.231456075128099]]}}, {"type": "Feature", "properties": {"layer": "Fluxo", "dxf_type": "LINE"}, "geometry": {"type": "LineString", "coordinates": [[-54.996398904764646, -10.231448512580293], [-54.996411789059856, -10.231435908937843]]}}, {"type": "Feature", "properties": {"layer": "Fluxo", "dxf_type": "LINE"}, "geometry": {"type": "LineString", "coordinates": [[-54.99641951945626, -10.231428346389366], [-54.996432402842984, -10.23141574183627]]}}, {"type": "Feature", "properties": {"layer": "Fluxo", "dxf_type": "LINE"}, "geometry": {"type": "LineString", "coordinates": [[-54.99644013323841, -10.231408179287095], [-54.99645301753604, -10.231395574738478]]}}, {"type": "Feature", "properties": {"layer": "Fluxo", "dxf_type": "LINE"}, "geometry": {"type": "LineString", "coordinates": [[-54.9964607479305, -10.231388012188637], [-54.99646233734877, -10.231386457280202]]}}, {"type": "Feature", "properties": {"layer": "Fluxo", "dxf_type": "LINE"}, "geometry": {"type": "LineString", "coordinates": [[-54.996857892666135, -10.230999489549928], [-54.99686530441834, -10.230992239591378]]}}, {"type": "Feature", "properties": {"layer": "Fluxo", "dxf_type": "LINE"}, "geometry": {"type": "LineString", "coordinates": [[-54.996873034793296, -10.230984677027834], [-54.99688591814428, -10.230972072449651]]}}, {"type": "Feature", "properties": {"layer": "Fluxo", "dxf_type": "LINE"}, "geometry": {"type": "LineString", "coordinates": [[-54.99689364851827, -10.230964509885423], [-54.996906532780166, -10.230951905311715]]}}, {"type": "Feature", "properties": {"layer": "Fluxo", "dxf_type": "LINE"}, "geometry": {"type": "LineString", "coordinates": [[-54.99691426315317, -10.230944342746817], [-54.996927147407774, -10.230931739075858]]}}, {"type": "Feature", "properties": {"layer": "Fluxo", "dxf_type": "LINE"}, "geometry": {"type": "LineString", "coordinates": [[-54.996934877779815, -10.23092417651026], [-54.996947761125924, -10.230911571928655]]}}, {"type": "Feature", "properties": {"layer": "Fluxo", "dxf_type": "LINE"}, "geometry": {"type": "LineString", "coordinates": [[-54.99695549149698, -10.23090400936239], [-54.996968375754, -10.230891404785263]]}}, {"type": "Feature", "properties": {"layer": "Fluxo", "dxf_type": "LINE"}, "geometry": {"type": "LineString", "coordinates": [[-54.99670812035431, -10.231146011361636], [-54.99672100371829, -10.231133406792576]]}}, {"type": "Feature", "properties": {"layer": "Fluxo", "dxf_type": "LINE"}, "geometry": {"type": "LineString", "coordinates": [[-54.99672873410007, -10.231125844233825], [-54.99674161837496, -10.231113239669236]]}}, {"type": "Feature", "properties": {"layer": "Fluxo", "dxf_type": "LINE"}, "geometry": {"type": "LineString", "coordinates": [[-54.99674934875577, -10.231105677109815], [-54.99676223211083, -10.23109307344236]]}}, {"type": "Feature", "properties": {"layer": "Fluxo", "dxf_type": "LINE"}, "geometry": {"type": "LineString", "coordinates": [[-54.99676996249067, -10.231085510882238], [-54.9967828467623, -10.23107290631537]]}}, {"type": "Feature", "properties": {"layer": "Fluxo", "dxf_type": "LINE"}, "geometry": {"type": "LineString", "coordinates": [[-54.996326663158136, -10.2315091017125], [-54.99633454873556, -10.231501387358943]]}}, {"type": "Feature", "properties": {"layer": "Fluxo", "dxf_type": "LINE"}, "geometry": {"type": "LineString", "coordinates": [[-54.99634227913532, -10.231493824812967], [-54.99635516252198, -10.231481221167945]]}}, {"type": "Feature", "properties": {"layer": "Fluxo", "dxf_type": "LINE"}, "geometry": {"type": "LineString", "coordinates": [[-54.996362892920764, -10.231473658621303], [-54.996375777224, -10.231461054076872]]}}, {"type": "Feature", "properties": {"layer": "Fluxo", "dxf_type": "LINE"}, "geometry": {"type": "LineString", "coordinates": [[-54.99638350762182, -10.231453491529527], [-54.99639639192343, -10.231440886983956]]}}, {"type": "Feature", "properties": {"layer": "Fluxo", "dxf_type": "LINE"}, "geometry": {"type": "LineString", "coordinates": [[-54.99640412232027, -10.231433324435923], [-54.99641700570205, -10.2314207207875]]}}, {"type": "Feature", "properties": {"layer": "Fluxo", "dxf_type": "LINE"}, "geometry": {"type": "LineString", "coordinates": [[-54.996424736097914, -10.231413158238785], [-54.99643762039628, -10.231400553690932]]}}, {"type": "Feature", "properties": {"layer": "Fluxo", "dxf_type": "LINE"}, "geometry": {"type": "LineString", "coordinates": [[-54.99644535079117, -10.231392991141535], [-54.99645823417537, -10.231380386586942]]}}, {"type": "Feature", "properties": {"layer": "Fluxo", "dxf_type": "LINE"}, "geometry": {"type": "LineString", "coordinates": [[-54.99646596456929, -10.231372824036859], [-54.99647884885873, -10.231360220390611]]}}, {"type": "Feature", "properties": {"layer": "Fluxo", "dxf_type": "LINE"}, "geometry": {"type": "LineString", "coordinates": [[-54.99648657925167, -10.23135265783986], [-54.99649946354516, -10.231340053288587]]}}, {"type": "Feature", "properties": {"layer": "Fluxo", "dxf_type": "LINE"}, "geometry": {"type": "LineString", "coordinates": [[-54.99665767252289, -10.231185279185958], [-54.99666437818842, -10.231178719101452]]}}, {"type": "Feature", "properties": {"layer": "Fluxo", "dxf_type": "LINE"}, "geometry": {"type": "LineString", "coordinates": [[-54.99667210857259, -10.231171156544528], [-54.996684992851456, -10.231158551982988]]}}, {"type": "Feature", "properties": {"layer": "Fluxo", "dxf_type": "LINE"}, "geometry": {"type": "LineString", "coordinates": [[-54.99669272323465, -10.231150989425378], [-54.99670560659369, -10.231138385760989]]}}, {"type": "Feature", "properties": {"layer": "Fluxo", "dxf_type": "LINE"}, "geometry": {"type": "LineString", "coordinates": [[-54.99671333697591, -10.231130823202694], [-54.99672622125153, -10.231118218638876]]}}, {"type": "Feature", "properties": {"layer": "Fluxo", "dxf_type": "LINE"}, "geometry": {"type": "LineString", "coordinates": [[-54.99673395163278, -10.231110656079913], [-54.996746834994234, -10.231098051509342]]}}, {"type": "Feature", "properties": {"layer": "Fluxo", "dxf_type": "LINE"}, "geometry": {"type": "LineString", "coordinates": [[-54.99675456537451, -10.231090488949679], [-54.99676744964121, -10.231077885287466]]}}, {"type": "Feature", "properties": {"layer": "Fluxo", "dxf_type": "LINE"}, "geometry": {"type": "LineString", "coordinates": [[-54.9967751800205, -10.231070322727135], [-54.99678806429125, -10.231057718159896]]}}, {"type": "Feature", "properties": {"layer": "Fluxo", "dxf_type": "LINE"}, "geometry": {"type": "LineString", "coordinates": [[-54.99679579466957, -10.231050155598863], [-54.996808678026156, -10.231037551024869]]}}, {"type": "Feature", "properties": {"layer": "Fluxo", "dxf_type": "LINE"}, "geometry": {"type": "LineString", "coordinates": [[-54.996816408403504, -10.231029988463156], [-54.99682929266533, -10.231017384797537]]}}, {"type": "Feature", "properties": {"layer": "Fluxo", "dxf_type": "LINE"}, "geometry": {"type": "LineString", "coordinates": [[-54.9968370230417, -10.231009822235139], [-54.99684990730758, -10.230997217664479]]}}, {"type": "Feature", "properties": {"layer": "Fluxo", "dxf_type": "LINE"}, "geometry": {"type": "LineString", "coordinates": [[-54.99685763768297, -10.230989655101412], [-54.99687052102902, -10.230977051427882]]}}, {"type": "Feature", "properties": {"layer": "Fluxo", "dxf_type": "LINE"}, "geometry": {"type": "LineString", "coordinates": [[-54.99687825140344, -10.230969488864114], [-54.99689113566606, -10.230956884291173]]}}, {"type": "Feature", "properties": {"layer": "Fluxo", "dxf_type": "LINE"}, "geometry": {"type": "LineString", "coordinates": [[-54.996898866039515, -10.230949321726738], [-54.99691175030051, -10.230936717152655]]}}, {"type": "Feature", "properties": {"layer": "Fluxo", "dxf_type": "LINE"}, "geometry": {"type": "LineString", "coordinates": [[-54.996919480672986, -10.230929154587521], [-54.99693236401416, -10.230916550910571]]}}, {"type": "Feature", "properties": {"layer": "Fluxo", "dxf_type": "LINE"}, "geometry": {"type": "LineString", "coordinates": [[-54.99694009438565, -10.230908988344765], [-54.99695026718303, -10.230899036370651]]}}, {"type": "Feature", "properties": {"layer": "Fluxo", "dxf_type": "LINE"}, "geometry": {"type": "LineString", "coordinates": [[-54.99627214204956, -10.231552354187365], [-54.99627792217589, -10.231546699571142]]}}, {"type": "Feature", "properties": {"layer": "Fluxo", "dxf_type": "LINE"}, "geometry": {"type": "LineString", "coordinates": [[-54.996285652578045, -10.231539137026997], [-54.99629853688688, -10.23152653248675]]}}, {"type": "Feature", "properties": {"layer": "Fluxo", "dxf_type": "LINE"}, "geometry": {"type": "LineString", "coordinates": [[-54.99630626728239, -10.231518970845807], [-54.99631915158961, -10.23150636630444]]}}, {"type": "Feature", "properties": {"layer": "Fluxo", "dxf_type": "LINE"}, "geometry": {"type": "LineString", "coordinates": [[-54.99632688198981, -10.231498803758925], [-54.996339765382864, -10.231486199210783]]}}, {"type": "Feature", "properties": {"layer": "Fluxo", "dxf_type": "LINE"}, "geometry": {"type": "LineString", "coordinates": [[-54.99634749578209, -10.231478636664583], [-54.99636038008038, -10.231466033024823]]}}, {"type": "Feature", "properties": {"layer": "Fluxo", "dxf_type": "LINE"}, "geometry": {"type": "LineString", "coordinates": [[-54.996368110478635, -10.23145847047794], [-54.99638099478098, -10.231445865933134]]}}, {"type": "Feature", "properties": {"layer": "Fluxo", "dxf_type": "LINE"}, "geometry": {"type": "LineString", "coordinates": [[-54.99638872517826, -10.231438303385564], [-54.99640160856644, -10.23142569883402]]}}, {"type": "Feature", "properties": {"layer": "Fluxo", "dxf_type": "LINE"}, "geometry": {"type": "LineString", "coordinates": [[-54.996409338962735, -10.231418136285766], [-54.99642222325616, -10.231405532642567]]}}, {"type": "Feature", "properties": {"layer": "Fluxo", "dxf_type": "LINE"}, "geometry": {"type": "LineString", "coordinates": [[-54.996429953651486, -10.231397970093628], [-54.996442837948955, -10.231385365545421]]}}, {"type": "Feature", "properties": {"layer": "Fluxo", "dxf_type": "LINE"}, "geometry": {"type": "LineString", "coordinates": [[-54.996450568343306, -10.231377802995796], [-54.99646345172662, -10.23136519844081]]}}, {"type": "Feature", "properties": {"layer": "Fluxo", "dxf_type": "LINE"}, "geometry": {"type": "LineString", "coordinates": [[-54.99647118212, -10.231357635890504], [-54.99648406640854, -10.231345032243903]]}}, {"type": "Feature", "properties": {"layer": "Fluxo", "dxf_type": "LINE"}, "geometry": {"type": "LineString", "coordinates": [[-54.996491796800946, -10.231337469692914], [-54.996504680181005, -10.231324865135651]]}}, {"type": "Feature", "properties": {"layer": "Fluxo", "dxf_type": "LINE"}, "geometry": {"type": "LineString", "coordinates": [[-54.99651241057243, -10.231317302583973], [-54.9965252948634, -10.231304698031204]]}}, {"type": "Feature", "properties": {"layer": "Fluxo", "dxf_type": "LINE"}, "geometry": {"type": "LineString", "coordinates": [[-54.99653302525386, -10.231297135478844], [-54.99654590953753, -10.231284531828804]]}}, {"type": "Feature", "properties": {"layer": "Fluxo", "dxf_type": "LINE"}, "geometry": {"type": "LineString", "coordinates": [[-54.996553639927015, -10.231276969275758], [-54.99656652330219, -10.231264364715091]]}}, {"type": "Feature", "properties": {"layer": "Fluxo", "dxf_type": "LINE"}, "geometry": {"type": "LineString", "coordinates": [[-54.9965742536907, -10.231256802161361], [-54.99658713797113, -10.231244198509042]]}}, {"type": "Feature", "properties": {"layer": "Fluxo", "dxf_type": "LINE"}, "geometry": {"type": "LineString", "coordinates": [[-54.996594868358656, -10.23123663595463], [-54.996607752643136, -10.231224031397296]]}}, {"type": "Feature", "properties": {"layer": "Fluxo", "dxf_type": "LINE"}, "geometry": {"type": "LineString", "coordinates": [[-54.996615483029686, -10.231216468842199], [-54.996628366399996, -10.231203864278095]]}}, {"type": "Feature", "properties": {"layer": "Fluxo", "dxf_type": "LINE"}, "geometry": {"type": "LineString", "coordinates": [[-54.99663609678558, -10.231196301722312], [-54.996648981061135, -10.231183698066586]]}}, {"type": "Feature", "properties": {"layer": "Fluxo", "dxf_type": "LINE"}, "geometry": {"type": "LineString", "coordinates": [[-54.99665671144574, -10.23117613551012], [-54.996669595725336, -10.23116353094935]]}}, {"type": "Feature", "properties": {"layer": "Fluxo", "dxf_type": "LINE"}, "geometry": {"type": "LineString", "coordinates": [[-54.996677326108966, -10.2311559683922], [-54.99669020947441, -10.231143363824694]]}}, {"type": "Feature", "properties": {"layer": "Fluxo", "dxf_type": "LINE"}, "geometry": {"type": "LineString", "coordinates": [[-54.996697939857064, -10.231135801266857], [-54.99671082412774, -10.231123197607694]]}}, {"type": "Feature", "properties": {"layer": "Fluxo", "dxf_type": "LINE"}, "geometry": {"type": "LineString", "coordinates": [[-54.99671855450942, -10.231115635049175], [-54.99673143787162, -10.231103030479385]]}}, {"type": "Feature", "properties": {"layer": "Fluxo", "dxf_type": "LINE"}, "geometry": {"type": "LineString", "coordinates": [[-54.996739168252326, -10.231095467920182], [-54.99675205252542, -10.231082863354851]]}}, {"type": "Feature", "properties": {"layer": "Fluxo", "dxf_type": "LINE"}, "geometry": {"type": "LineString", "coordinates": [[-54.99675978290515, -10.231075300794963], [-54.996772667170966, -10.231062697132398]]}}, {"type": "Feature", "properties": {"layer": "Fluxo", "dxf_type": "LINE"}, "geometry": {"type": "LineString", "coordinates": [[-54.99678039754972, -10.231055134571827], [-54.996793280907035, -10.231042529998597]]}}, {"type": "Feature", "properties": {"layer": "Fluxo", "dxf_type": "LINE"}, "geometry": {"type": "LineString", "coordinates": [[-54.996801011284816, -10.231034967437344], [-54.996813895553046, -10.231022362868606]]}}, {"type": "Feature", "properties": {"layer": "Fluxo", "dxf_type": "LINE"}, "geometry": {"type": "LineString", "coordinates": [[-54.996821625929854, -10.231014800306667], [-54.99683451019079, -10.231002196640663]]}}, {"type": "Feature", "properties": {"layer": "Fluxo", "dxf_type": "LINE"}, "geometry": {"type": "LineString", "coordinates": [[-54.99684224056662, -10.230994634078037], [-54.99685512391906, -10.230982029501405]]}}, {"type": "Feature", "properties": {"layer": "Fluxo", "dxf_type": "LINE"}, "geometry": {"type": "LineString", "coordinates": [[-54.99686285429392, -10.230974466938099], [-54.99687573855161, -10.230961863269812]]}}, {"type": "Feature", "properties": {"layer": "Fluxo", "dxf_type": "LINE"}, "geometry": {"type": "LineString", "coordinates": [[-54.996883468925496, -10.23095430070582], [-54.996896353187225, -10.230941696132518]]}}, {"type": "Feature", "properties": {"layer": "Fluxo", "dxf_type": "LINE"}, "geometry": {"type": "LineString", "coordinates": [[-54.99690408356013, -10.230934133567843], [-54.996916966907705, -10.230921528987777]]}}, {"type": "Feature", "properties": {"layer": "Fluxo", "dxf_type": "LINE"}, "geometry": {"type": "LineString", "coordinates": [[-54.99692469727964, -10.230913966422413], [-54.9969293277897, -10.230909436428574]]}}, {"type": "Feature", "properties": {"layer": "Fluxo", "dxf_type": "LINE"}, "geometry": {"type": "LineString", "coordinates": [[-54.99620904943626, -10.23160399291204], [-54.99622129651335, -10.231592011775925]]}}, {"type": "Feature", "properties": {"layer": "Fluxo", "dxf_type": "LINE"}, "geometry": {"type": "LineString", "coordinates": [[-54.99622902691788, -10.231584449233608], [-54.996241911230705, -10.231571844696415]]}}, {"type": "Feature", "properties": {"layer": "Fluxo", "dxf_type": "LINE"}, "geometry": {"type": "LineString", "coordinates": [[-54.996249641634265, -10.231564282153409], [-54.99626252502725, -10.231551678513362]]}}, {"type": "Feature", "properties": {"layer": "Fluxo", "dxf_type": "LINE"}, "geometry": {"type": "LineString", "coordinates": [[-54.99627025542984, -10.231544115969674], [-54.99628313973941, -10.2315315114302]]}}, {"type": "Feature", "properties": {"layer": "Fluxo", "dxf_type": "LINE"}, "geometry": {"type": "LineString", "coordinates": [[-54.996290870141024, -10.231523948885828], [-54.996303754443296, -10.231511345249114]]}}, {"type": "Feature", "properties": {"layer": "Fluxo", "dxf_type": "LINE"}, "geometry": {"type": "LineString", "coordinates": [[-54.996311484843936, -10.231503782704058], [-54.99632436823772, -10.231491178156688]]}}, {"type": "Feature", "properties": {"layer": "Fluxo", "dxf_type": "LINE"}, "geometry": {"type": "LineString", "coordinates": [[-54.99633209863739, -10.231483615610944], [-54.99634498294208, -10.231471011068065]]}}, {"type": "Feature", "properties": {"layer": "Fluxo", "dxf_type": "LINE"}, "geometry": {"type": "LineString", "coordinates": [[-54.99635271334077, -10.231463448521641], [-54.99636559763817, -10.23145084488149]]}}, {"type": "Feature", "properties": {"layer": "Fluxo", "dxf_type": "LINE"}, "geometry": {"type": "LineString", "coordinates": [[-54.99637332803588, -10.23144328233438], [-54.99638621142479, -10.231430677783603]]}}, {"type": "Feature", "properties": {"layer": "Fluxo", "dxf_type": "LINE"}, "geometry": {"type": "LineString", "coordinates": [[-54.99639394182153, -10.23142311523581], [-54.99640682612136, -10.231410510689493]]}}, {"type": "Feature", "properties": {"layer": "Fluxo", "dxf_type": "LINE"}, "geometry": {"type": "LineString", "coordinates": [[-54.99641455651712, -10.231402948141012], [-54.99642744080965, -10.23139034449746]]}}, {"type": "Feature", "properties": {"layer": "Fluxo", "dxf_type": "LINE"}, "geometry": {"type": "LineString", "coordinates": [[-54.99643517120444, -10.231382781948295], [-54.99644805458847, -10.231370177394082]]}}, {"type": "Feature", "properties": {"layer": "Fluxo", "dxf_type": "LINE"}, "geometry": {"type": "LineString", "coordinates": [[-54.996455784982295, -10.231362614844231], [-54.996468669277235, -10.231350010294513]]}}, {"type": "Feature", "properties": {"layer": "Fluxo", "dxf_type": "LINE"}, "geometry": {"type": "LineString", "coordinates": [[-54.99647639967008, -10.23134244774398], [-54.99648928304519, -10.231329844091372]]}}, {"type": "Feature", "properties": {"layer": "Fluxo", "dxf_type": "LINE"}, "geometry": {"type": "LineString", "coordinates": [[-54.99649701343706, -10.231322281540153], [-54.996509897728764, -10.231309676988152]]}}, {"type": "Feature", "properties": {"layer": "Fluxo", "dxf_type": "LINE"}, "geometry": {"type": "LineString", "coordinates": [[-54.996517628119655, -10.231302114436254], [-54.99653051240973, -10.231289509883094]]}}, {"type": "Feature", "properties": {"layer": "Fluxo", "dxf_type": "LINE"}, "geometry": {"type": "LineString", "coordinates": [[-54.996538242799645, -10.231281947330508], [-54.99655112616989, -10.231269343674494]]}}, {"type": "Feature", "properties": {"layer": "Fluxo", "dxf_type": "LINE"}, "geometry": {"type": "LineString", "coordinates": [[-54.99655885655883, -10.231261781121226], [-54.99657174084566, -10.231249176565786]]}}, {"type": "Feature", "properties": {"layer": "Fluxo", "dxf_type": "LINE"}, "geometry": {"type": "LineString", "coordinates": [[-54.99657947123362, -10.231241614011834], [-54.99659235551316, -10.231229010359154]]}}, {"type": "Feature", "properties": {"layer": "Fluxo", "dxf_type": "LINE"}, "geometry": {"type": "LineString", "coordinates": [[-54.996600085900155, -10.231221447804518], [-54.99661296927119, -10.231208843241179]]}}, {"type": "Feature", "properties": {"layer": "Fluxo", "dxf_type": "LINE"}, "geometry": {"type": "LineString", "coordinates": [[-54.99662069965721, -10.231201280685859], [-54.99663358393916, -10.231188676127015]]}}, {"type": "Feature", "properties": {"layer": "Fluxo", "dxf_type": "LINE"}, "geometry": {"type": "LineString", "coordinates": [[-54.9966413143242, -10.23118111357101], [-54.99665419859886, -10.231168509914895]]}}, {"type": "Feature", "properties": {"layer": "Fluxo", "dxf_type": "LINE"}, "geometry": {"type": "LineString", "coordinates": [[-54.99666192898293, -10.231160947358205], [-54.9966748123491, -10.231148342791462]]}}, {"type": "Feature", "properties": {"layer": "Fluxo", "dxf_type": "LINE"}, "geometry": {"type": "LineString", "coordinates": [[-54.99668254273219, -10.231140780234087], [-54.99669542700927, -10.231128175671802]]}}, {"type": "Feature", "properties": {"layer": "Fluxo", "dxf_type": "LINE"}, "geometry": {"type": "LineString", "coordinates": [[-54.99670315739139, -10.231120613113745], [-54.996716040748645, -10.231108009448608]]}}, {"type": "Feature", "properties": {"layer": "Fluxo", "dxf_type": "LINE"}, "geometry": {"type": "LineString", "coordinates": [[-54.99672377112979, -10.231100446889867], [-54.996736655403616, -10.231087842325305]]}}, {"type": "Feature", "properties": {"layer": "Fluxo", "dxf_type": "LINE"}, "geometry": {"type": "LineString", "coordinates": [[-54.996744385783785, -10.231080279765877], [-54.99675727005599, -10.23106767520019]]}}, {"type": "Feature", "properties": {"layer": "Fluxo", "dxf_type": "LINE"}, "geometry": {"type": "LineString", "coordinates": [[-54.99676500043518, -10.231060112640078], [-54.99677788378756, -10.231047508971503]]}}, {"type": "Feature", "properties": {"layer": "Fluxo", "dxf_type": "LINE"}, "geometry": {"type": "LineString", "coordinates": [[-54.99678561416578, -10.231039946410709], [-54.996798498434735, -10.231027341842738]]}}, {"type": "Feature", "properties": {"layer": "Fluxo", "dxf_type": "LINE"}, "geometry": {"type": "LineString", "coordinates": [[-54.996806228811984, -10.231019779281265], [-54.99681911307365, -10.231007175616023]]}}, {"type": "Feature", "properties": {"layer": "Fluxo", "dxf_type": "LINE"}, "geometry": {"type": "LineString", "coordinates": [[-54.99682684344992, -10.230999613053859], [-54.99683972680309, -10.230987008477992]]}}, {"type": "Feature", "properties": {"layer": "Fluxo", "dxf_type": "LINE"}, "geometry": {"type": "LineString", "coordinates": [[-54.99684745717839, -10.230979445915146], [-54.99686034144247, -10.230966841343738]]}}, {"type": "Feature", "properties": {"layer": "Fluxo", "dxf_type": "LINE"}, "geometry": {"type": "LineString", "coordinates": [[-54.99686807181679, -10.230959278780206], [-54.99688095607358, -10.230946675111564]]}}, {"type": "Feature", "properties": {"layer": "Fluxo", "dxf_type": "LINE"}, "geometry": {"type": "LineString", "coordinates": [[-54.99688868644693, -10.230939112547347], [-54.99690156979523, -10.230926507968046]]}}, {"type": "Feature", "properties": {"layer": "Fluxo", "dxf_type": "LINE"}, "geometry": {"type": "LineString", "coordinates": [[-54.99613117270722, -10.231670094674072], [-54.99614405610907, -10.231657491040478]]}}, {"type": "Feature", "properties": {"layer": "Fluxo", "dxf_type": "LINE"}, "geometry": {"type": "LineString", "coordinates": [[-54.99615178651696, -10.231649928500671], [-54.996164670835384, -10.231637323967666]]}}, {"type": "Feature", "properties": {"layer": "Fluxo", "dxf_type": "LINE"}, "geometry": {"type": "LineString", "coordinates": [[-54.996172401242305, -10.231629761427191], [-54.9961852855591, -10.231617156893044]]}}, {"type": "Feature", "properties": {"layer": "Fluxo", "dxf_type": "LINE"}, "geometry": {"type": "LineString", "coordinates": [[-54.996193015965055, -10.231609594351868], [-54.99620589936202, -10.231596990714856]]}}, {"type": "Feature", "properties": {"layer": "Fluxo", "dxf_type": "LINE"}, "geometry": {"type": "LineString", "coordinates": [[-54.99621362976699, -10.231589428173011], [-54.99622651408054, -10.231576823636585]]}}, {"type": "Feature", "properties": {"layer": "Fluxo", "dxf_type": "LINE"}, "geometry": {"type": "LineString", "coordinates": [[-54.99623424448454, -10.231569261094041], [-54.996247127883926, -10.231556656550858]]}}, {"type": "Feature", "properties": {"layer": "Fluxo", "dxf_type": "LINE"}, "geometry": {"type": "LineString", "coordinates": [[-54.99625485828695, -10.231549094007647], [-54.99626774259158, -10.231536490372827]]}}, {"type": "Feature", "properties": {"layer": "Fluxo", "dxf_type": "LINE"}, "geometry": {"type": "LineString", "coordinates": [[-54.99627547299363, -10.231528927828911], [-54.99628835730231, -10.231516323289064]]}}, {"type": "Feature", "properties": {"layer": "Fluxo", "dxf_type": "LINE"}, "geometry": {"type": "LineString", "coordinates": [[-54.99629608770338, -10.231508760744486], [-54.996308971092226, -10.231496157101768]]}}, {"type": "Feature", "properties": {"layer": "Fluxo", "dxf_type": "LINE"}, "geometry": {"type": "LineString", "coordinates": [[-54.99631670149232, -10.231488594556485], [-54.99632958579775, -10.231475990014356]]}}, {"type": "Feature", "properties": {"layer": "Fluxo", "dxf_type": "LINE"}, "geometry": {"type": "LineString", "coordinates": [[-54.99633731619687, -10.231468427468407], [-54.99635020050068, -10.231455822925138]]}}, {"type": "Feature", "properties": {"layer": "Fluxo", "dxf_type": "LINE"}, "geometry": {"type": "LineString", "coordinates": [[-54.996357930898824, -10.231448260378489], [-54.9963708142828, -10.231435656732346]]}}, {"type": "Feature", "properties": {"layer": "Fluxo", "dxf_type": "LINE"}, "geometry": {"type": "LineString", "coordinates": [[-54.99637854467998, -10.231428094185032], [-54.99639142898052, -10.231415489639481]]}}, {"type": "Feature", "properties": {"layer": "Fluxo", "dxf_type": "LINE"}, "geometry": {"type": "LineString", "coordinates": [[-54.99672898866206, -10.231085258735968], [-54.996741872935, -10.231072654171028]]}}, {"type": "Feature", "properties": {"layer": "Fluxo", "dxf_type": "LINE"}, "geometry": {"type": "LineString", "coordinates": [[-54.996749603314626, -10.231065091611397], [-54.9967624866734, -10.231052487039703]]}}, {"type": "Feature", "properties": {"layer": "Fluxo", "dxf_type": "LINE"}, "geometry": {"type": "LineString", "coordinates": [[-54.99677021705206, -10.231044924479367], [-54.996783101316076, -10.231032320816036]]}}, {"type": "Feature", "properties": {"layer": "Fluxo", "dxf_type": "LINE"}, "geometry": {"type": "LineString", "coordinates": [[-54.99679083169376, -10.23102475825503], [-54.99680371596182, -10.231012153686677]]}}, {"type": "Feature", "properties": {"layer": "Fluxo", "dxf_type": "LINE"}, "geometry": {"type": "LineString", "coordinates": [[-54.996811446338526, -10.231004591124972], [-54.99682432968676, -10.230991987453761]]}}, {"type": "Feature", "properties": {"layer": "Fluxo", "dxf_type": "LINE"}, "geometry": {"type": "LineString", "coordinates": [[-54.996832060062495, -10.230984424891373], [-54.99684494432731, -10.230971820320732]]}}, {"type": "Feature", "properties": {"layer": "Fluxo", "dxf_type": "LINE"}, "geometry": {"type": "LineString", "coordinates": [[-54.99685267470207, -10.230964257757662], [-54.996865558965254, -10.230951653185882]]}}, {"type": "Feature", "properties": {"layer": "Fluxo", "dxf_type": "LINE"}, "geometry": {"type": "LineString", "coordinates": [[-54.996873289339035, -10.230944090622144], [-54.99687707142819, -10.23094039063391]]}}, {"type": "Feature", "properties": {"layer": "Fluxo", "dxf_type": "LINE"}, "geometry": {"type": "LineString", "coordinates": [[-54.9964061304143, -10.23140110741379], [-54.996412043675655, -10.231395322544772]]}}, {"type": "Feature", "properties": {"layer": "Fluxo", "dxf_type": "LINE"}, "geometry": {"type": "LineString", "coordinates": [[-54.99641977407088, -10.231387759996087], [-54.99643265744998, -10.231375156346528]]}}, {"type": "Feature", "properties": {"layer": "Fluxo", "dxf_type": "LINE"}, "geometry": {"type": "LineString", "coordinates": [[-54.99644038784423, -10.23136759379714], [-54.99645327213991, -10.231354989248167]]}}, {"type": "Feature", "properties": {"layer": "Fluxo", "dxf_type": "LINE"}, "geometry": {"type": "LineString", "coordinates": [[-54.99646100253319, -10.231347426698113], [-54.9964738859147, -10.231334822142387]]}}, {"type": "Feature", "properties": {"layer": "Fluxo", "dxf_type": "LINE"}, "geometry": {"type": "LineString", "coordinates": [[-54.99648161630701, -10.231327259591628], [-54.99649450059377, -10.231314655944265]]}}, {"type": "Feature", "properties": {"layer": "Fluxo", "dxf_type": "LINE"}, "geometry": {"type": "LineString", "coordinates": [[-54.9965022309851, -10.231307093392841], [-54.996515115275905, -10.23129448884045]]}}, {"type": "Feature", "properties": {"layer": "Fluxo", "dxf_type": "LINE"}, "geometry": {"type": "LineString", "coordinates": [[-54.996522845666256, -10.231286926288325], [-54.9965357290429, -10.231274321729176]]}}, {"type": "Feature", "properties": {"layer": "Fluxo", "dxf_type": "LINE"}, "geometry": {"type": "LineString", "coordinates": [[-54.996543459432274, -10.231266759176384], [-54.99655634371416, -10.231254155525598]]}}, {"type": "Feature", "properties": {"layer": "Fluxo", "dxf_type": "LINE"}, "geometry": {"type": "LineString", "coordinates": [[-54.99656407410257, -10.231246592972106], [-54.9965769583885, -10.23123398841629]]}}, {"type": "Feature", "properties": {"layer": "Fluxo", "dxf_type": "LINE"}, "geometry": {"type": "LineString", "coordinates": [[-54.996584688775926, -10.23122642586213], [-54.99659757214203, -10.231213822203447]]}}, {"type": "Feature", "properties": {"layer": "Fluxo", "dxf_type": "LINE"}, "geometry": {"type": "LineString", "coordinates": [[-54.99660530252849, -10.231206259648587], [-54.99661818681116, -10.23119365509049]]}}, {"type": "Feature", "properties": {"layer": "Fluxo", "dxf_type": "LINE"}, "geometry": {"type": "LineString", "coordinates": [[-54.996625917196646, -10.231186092534964], [-54.9966388014777, -10.231173487975726]]}}, {"type": "Feature", "properties": {"layer": "Fluxo", "dxf_type": "LINE"}, "geometry": {"type": "LineString", "coordinates": [[-54.99664653186221, -10.2311659254195], [-54.996659415223434, -10.231153321757391]]}}, {"type": "Feature", "properties": {"layer": "Fluxo", "dxf_type": "LINE"}, "geometry": {"type": "LineString", "coordinates": [[-54.99666714560696, -10.231145759200496], [-54.99668002988477, -10.231133154638977]]}}, {"type": "Feature", "properties": {"layer": "Fluxo", "dxf_type": "LINE"}, "geometry": {"type": "LineString", "coordinates": [[-54.996687760267335, -10.231125592081382], [-54.996700644543516, -10.23111298751872]]}}, {"type": "Feature", "properties": {"layer": "Fluxo", "dxf_type": "LINE"}, "geometry": {"type": "LineString", "coordinates": [[-54.9967083749251, -10.231105424960461], [-54.996721258281454, -10.231092821294931]]}}, {"type": "Feature", "properties": {"layer": "Fluxo", "dxf_type": "LINE"}, "geometry": {"type": "LineString", "coordinates": [[-54.99600348946646, -10.231784920371656], [-54.99600497237646, -10.23178346966562]]}}, {"type": "Feature", "properties": {"layer": "Fluxo", "dxf_type": "LINE"}, "geometry": {"type": "LineString", "coordinates": [[-54.996012702790644, -10.231775907130379], [-54.99602558711387, -10.231763303508874]]}}, {"type": "Feature", "properties": {"layer": "Fluxo", "dxf_type": "LINE"}, "geometry": {"type": "LineString", "coordinates": [[-54.99603331752708, -10.231755740972966], [-54.996046201854355, -10.231743136446427]]}}, {"type": "Feature", "properties": {"layer": "Fluxo", "dxf_type": "LINE"}, "geometry": {"type": "LineString", "coordinates": [[-54.99605393226659, -10.23173557390982], [-54.996066815679704, -10.231722969376525]]}}, {"type": "Feature", "properties": {"layer": "Fluxo", "dxf_type": "LINE"}, "geometry": {"type": "LineString", "coordinates": [[-54.996074546090966, -10.231715406839234], [-54.99608743040932, -10.231702803214322]]}}, {"type": "Feature", "properties": {"layer": "Fluxo", "dxf_type": "LINE"}, "geometry": {"type": "LineString", "coordinates": [[-54.9960951608196, -10.231695240676347], [-54.996108045142, -10.231682636146388]]}}, {"type": "Feature", "properties": {"layer": "Fluxo", "dxf_type": "LINE"}, "geometry": {"type": "LineString", "coordinates": [[-54.99611577555132, -10.231675073607725], [-54.996128658959556, -10.231662469071027]]}}, {"type": "Feature", "properties": {"layer": "Fluxo", "dxf_type": "LINE"}, "geometry": {"type": "LineString", "coordinates": [[-54.99613638936789, -10.23165490653168], [-54.99614927368137, -10.23164230290333]]}}, {"type": "Feature", "properties": {"layer": "Fluxo", "dxf_type": "LINE"}, "geometry": {"type": "LineString", "coordinates": [[-54.99615700408873, -10.231634740363315], [-54.99616988840626, -10.231622135829939]]}}, {"type": "Feature", "properties": {"layer": "Fluxo", "dxf_type": "LINE"}, "geometry": {"type": "LineString", "coordinates": [[-54.996177618812645, -10.231614573289225], [-54.99619050221601, -10.23160196874909]]}}, {"type": "Feature", "properties": {"layer": "Fluxo", "dxf_type": "LINE"}, "geometry": {"type": "LineString", "coordinates": [[-54.99619823262142, -10.231594406207691], [-54.99621111693003, -10.231581802575937]]}}, {"type": "Feature", "properties": {"layer": "Fluxo", "dxf_type": "LINE"}, "geometry": {"type": "LineString", "coordinates": [[-54.99621884733446, -10.231574240033849], [-54.99623173073458, -10.231561635491433]]}}, {"type": "Feature", "properties": {"layer": "Fluxo", "dxf_type": "LINE"}, "geometry": {"type": "LineString", "coordinates": [[-54.99623946113804, -10.231554072948665], [-54.996252345449065, -10.231541468410745]]}}, {"type": "Feature", "properties": {"layer": "Fluxo", "dxf_type": "LINE"}, "geometry": {"type": "LineString", "coordinates": [[-54.99626007585156, -10.231533905867291], [-54.996272960155295, -10.231521302232098]]}}, {"type": "Feature", "properties": {"layer": "Fluxo", "dxf_type": "LINE"}, "geometry": {"type": "LineString", "coordinates": [[-54.9962806905568, -10.231513739687975], [-54.996293573952045, -10.231501135142139]]}}, {"type": "Feature", "properties": {"layer": "Fluxo", "dxf_type": "LINE"}, "geometry": {"type": "LineString", "coordinates": [[-54.996301304352585, -10.231493572597318], [-54.996314188653066, -10.231480968959845]]}}, {"type": "Feature", "properties": {"layer": "Fluxo", "dxf_type": "LINE"}, "geometry": {"type": "LineString", "coordinates": [[-54.99632191905263, -10.231473406414354], [-54.996334803357165, -10.231460801871854]]}}, {"type": "Feature", "properties": {"layer": "Fluxo", "dxf_type": "LINE"}, "geometry": {"type": "LineString", "coordinates": [[-54.99634253375575, -10.231453239325665], [-54.99635333372523, -10.231442673858043]]}}, {"type": "Feature", "properties": {"layer": "Fluxo", "dxf_type": "LINE"}, "geometry": {"type": "LineString", "coordinates": [[-54.9967579666253, -10.231046825069647], [-54.99676770420273, -10.231037298884639]]}}, {"type": "Feature", "properties": {"layer": "Fluxo", "dxf_type": "LINE"}, "geometry": {"type": "LineString", "coordinates": [[-54.99677543458085, -10.23102973632408], [-54.99678831884397, -10.231017132660392]]}}, {"type": "Feature", "properties": {"layer": "Fluxo", "dxf_type": "LINE"}, "geometry": {"type": "LineString", "coordinates": [[-54.99679604922112, -10.23100957009915], [-54.996808932575746, -10.230996965524803]]}}, {"type": "Feature", "properties": {"layer": "Fluxo", "dxf_type": "LINE"}, "geometry": {"type": "LineString", "coordinates": [[-54.996816662951915, -10.230989402962892], [-54.99682954721179, -10.230976799296904]]}}, {"type": "Feature", "properties": {"layer": "Fluxo", "dxf_type": "LINE"}, "geometry": {"type": "LineString", "coordinates": [[-54.99643362921364, -10.231364120905459], [-54.99643787500222, -10.23135996820102]]}}, {"type": "Feature", "properties": {"layer": "Fluxo", "dxf_type": "LINE"}, "geometry": {"type": "LineString", "coordinates": [[-54.99644560539594, -10.231352405651428], [-54.99645848877819, -10.231339801096464]]}}, {"type": "Feature", "properties": {"layer": "Fluxo", "dxf_type": "LINE"}, "geometry": {"type": "LineString", "coordinates": [[-54.99646621917093, -10.23133223854617], [-54.99647910346409, -10.231319633995684]]}}, {"type": "Feature", "properties": {"layer": "Fluxo", "dxf_type": "LINE"}, "geometry": {"type": "LineString", "coordinates": [[-54.996486833855855, -10.231312071444705], [-54.99649971814171, -10.231299467796982]]}}, {"type": "Feature", "properties": {"layer": "Fluxo", "dxf_type": "LINE"}, "geometry": {"type": "LineString", "coordinates": [[-54.996507448532505, -10.231291905245321], [-54.996520331909885, -10.231279300686934]]}}, {"type": "Feature", "properties": {"layer": "Fluxo", "dxf_type": "LINE"}, "geometry": {"type": "LineString", "coordinates": [[-54.9965280622997, -10.23127173813459], [-54.996540946582314, -10.231259134484585]]}}, {"type": "Feature", "properties": {"layer": "Fluxo", "dxf_type": "LINE"}, "geometry": {"type": "LineString", "coordinates": [[-54.99654867697116, -10.231251571931557], [-54.99656156125781, -10.231238967376505]]}}, {"type": "Feature", "properties": {"layer": "Fluxo", "dxf_type": "LINE"}, "geometry": {"type": "LineString", "coordinates": [[-54.996569291645685, -10.231231404822806], [-54.99658217501818, -10.231218800261004]]}}, {"type": "Feature", "properties": {"layer": "Fluxo", "dxf_type": "LINE"}, "geometry": {"type": "LineString", "coordinates": [[-54.996589905405074, -10.231211237706601], [-54.99660278968282, -10.231198634053163]]}}, {"type": "Feature", "properties": {"layer": "Fluxo", "dxf_type": "LINE"}, "geometry": {"type": "LineString", "coordinates": [[-54.996610520068735, -10.231191071498092], [-54.99662340435052, -10.231178466939626]]}}, {"type": "Feature", "properties": {"layer": "Fluxo", "dxf_type": "LINE"}, "geometry": {"type": "LineString", "coordinates": [[-54.996631134735466, -10.231170904383857], [-54.99664401810309, -10.231158299818633]]}}, {"type": "Feature", "properties": {"layer": "Fluxo", "dxf_type": "LINE"}, "geometry": {"type": "LineString", "coordinates": [[-54.996651748487054, -10.231150737262178], [-54.996664632759924, -10.231138133605334]]}}, {"type": "Feature", "properties": {"layer": "Fluxo", "dxf_type": "LINE"}, "geometry": {"type": "LineString", "coordinates": [[-54.99667236314292, -10.231130571048194], [-54.99668524741983, -10.231117966486304]]}}, {"type": "Feature", "properties": {"layer": "Fluxo", "dxf_type": "LINE"}, "geometry": {"type": "LineString", "coordinates": [[-54.99590394930104, -10.231872214943095], [-54.99590711804735, -10.231869115014682]]}}, {"type": "Feature", "properties": {"layer": "Fluxo", "dxf_type": "LINE"}, "geometry": {"type": "LineString", "coordinates": [[-54.995914848465866, -10.231861552482638], [-54.995927732796325, -10.23184894886646]]}}, {"type": "Feature", "properties": {"layer": "Fluxo", "dxf_type": "LINE"}, "geometry": {"type": "LineString", "coordinates": [[-54.99593546230133, -10.231841386328114], [-54.995948346635835, -10.231828781806929]]}}, {"type": "Feature", "properties": {"layer": "Fluxo", "dxf_type": "LINE"}, "geometry": {"type": "LineString", "coordinates": [[-54.995956077052405, -10.231821219273513], [-54.99596896138528, -10.231808614751166]]}}, {"type": "Feature", "properties": {"layer": "Fluxo", "dxf_type": "LINE"}, "geometry": {"type": "LineString", "coordinates": [[-54.995976691800884, -10.231801052217072], [-54.995989575213926, -10.231788448591871]]}}, {"type": "Feature", "properties": {"layer": "Fluxo", "dxf_type": "LINE"}, "geometry": {"type": "LineString", "coordinates": [[-54.99599730562854, -10.231780886057095], [-54.99601018995817, -10.231768281532467]]}}, {"type": "Feature", "properties": {"layer": "Fluxo", "dxf_type": "LINE"}, "geometry": {"type": "LineString", "coordinates": [[-54.99601792037182, -10.231760718997002], [-54.99603080469415, -10.231748115375137]]}}, {"type": "Feature", "properties": {"layer": "Fluxo", "dxf_type": "LINE"}, "geometry": {"type": "LineString", "coordinates": [[-54.99603853510683, -10.231740552838987], [-54.996051418520665, -10.231727948306462]]}}, {"type": "Feature", "properties": {"layer": "Fluxo", "dxf_type": "LINE"}, "geometry": {"type": "LineString", "coordinates": [[-54.99605914893237, -10.231720385769629], [-54.996072033257114, -10.231707781241598]]}}, {"type": "Feature", "properties": {"layer": "Fluxo", "dxf_type": "LINE"}, "geometry": {"type": "LineString", "coordinates": [[-54.99607976366784, -10.231700218704079], [-54.9960926479853, -10.231687615078778]]}}, {"type": "Feature", "properties": {"layer": "Fluxo", "dxf_type": "LINE"}, "geometry": {"type": "LineString", "coordinates": [[-54.99610037839505, -10.231680052540575], [-54.99611326180401, -10.231667448004647]]}}, {"type": "Feature", "properties": {"layer": "Fluxo", "dxf_type": "LINE"}, "geometry": {"type": "LineString", "coordinates": [[-54.99612099221279, -10.23165988546576], [-54.99613387653267, -10.23164728093429]]}}, {"type": "Feature", "properties": {"layer": "Fluxo", "dxf_type": "LINE"}, "geometry": {"type": "LineString", "coordinates": [[-54.99614160694047, -10.231639718394717], [-54.99615449125305, -10.23162711476601]]}}, {"type": "Feature", "properties": {"layer": "Fluxo", "dxf_type": "LINE"}, "geometry": {"type": "LineString", "coordinates": [[-54.99616222165987, -10.231619552225757], [-54.99617510506397, -10.23160694768639]]}}, {"type": "Feature", "properties": {"layer": "Fluxo", "dxf_type": "LINE"}, "geometry": {"type": "LineString", "coordinates": [[-54.996182835469824, -10.231599385145449], [-54.99619571978483, -10.231586780610574]]}}, {"type": "Feature", "properties": {"layer": "Fluxo", "dxf_type": "LINE"}, "geometry": {"type": "LineString", "coordinates": [[-54.996203450189704, -10.231579218068953], [-54.996216333584876, -10.23156661443119]]}}, {"type": "Feature", "properties": {"layer": "Fluxo", "dxf_type": "LINE"}, "geometry": {"type": "LineString", "coordinates": [[-54.99622406398877, -10.23155905188888], [-54.99623694830053, -10.231546447351723]]}}, {"type": "Feature", "properties": {"layer": "Fluxo", "dxf_type": "LINE"}, "geometry": {"type": "LineString", "coordinates": [[-54.996244678703455, -10.231538884808733], [-54.996257563013586, -10.231526280270419]]}}, {"type": "Feature", "properties": {"layer": "Fluxo", "dxf_type": "LINE"}, "geometry": {"type": "LineString", "coordinates": [[-54.99626529340987, -10.23151871863063], [-54.996278176805845, -10.231506114085574]]}}, {"type": "Feature", "properties": {"layer": "Fluxo", "dxf_type": "LINE"}, "geometry": {"type": "LineString", "coordinates": [[-54.99628590720682, -10.231498551541216], [-54.9962987915137, -10.23148594700062]]}}, {"type": "Feature", "properties": {"layer": "Fluxo", "dxf_type": "LINE"}, "geometry": {"type": "LineString", "coordinates": [[-54.99647360277293, -10.231314931376366], [-54.99648432101285, -10.231304445848808]]}}, {"type": "Feature", "properties": {"layer": "Fluxo", "dxf_type": "LINE"}, "geometry": {"type": "LineString", "coordinates": [[-54.996492051404076, -10.231296883297604], [-54.99650493477651, -10.231284279643877]]}}, {"type": "Feature", "properties": {"layer": "Fluxo", "dxf_type": "LINE"}, "geometry": {"type": "LineString", "coordinates": [[-54.99651266516676, -10.231276717091987], [-54.996525549455775, -10.231264112538867]]}}, {"type": "Feature", "properties": {"layer": "Fluxo", "dxf_type": "LINE"}, "geometry": {"type": "LineString", "coordinates": [[-54.99653327984505, -10.231256549986293], [-54.99654616412678, -10.231243946335903]]}}, {"type": "Feature", "properties": {"layer": "Fluxo", "dxf_type": "LINE"}, "geometry": {"type": "LineString", "coordinates": [[-54.99655389451508, -10.231236383782647], [-54.996566777888305, -10.231223779221626]]}}, {"type": "Feature", "properties": {"layer": "Fluxo", "dxf_type": "LINE"}, "geometry": {"type": "LineString", "coordinates": [[-54.996574508275636, -10.231216216667683], [-54.99658739255978, -10.231203612111123]]}}, {"type": "Feature", "properties": {"layer": "Fluxo", "dxf_type": "LINE"}, "geometry": {"type": "LineString", "coordinates": [[-54.99659512294614, -10.231196049556498], [-54.99660800722298, -10.231183445902701]]}}, {"type": "Feature", "properties": {"layer": "Fluxo", "dxf_type": "LINE"}, "geometry": {"type": "LineString", "coordinates": [[-54.996615737608366, -10.231175883347394], [-54.996628620976715, -10.231163278782935]]}}, {"type": "Feature", "properties": {"layer": "Fluxo", "dxf_type": "LINE"}, "geometry": {"type": "LineString", "coordinates": [[-54.99586490176816, -10.231900330591037], [-54.99587110612138, -10.231894260984237]]}}, {"type": "Feature", "properties": {"layer": "Fluxo", "dxf_type": "LINE"}, "geometry": {"type": "LineString", "coordinates": [[-54.99587883654131, -10.231886698453339], [-54.99589172087979, -10.231874093935199]]}}, {"type": "Feature", "properties": {"layer": "Fluxo", "dxf_type": "LINE"}, "geometry": {"type": "LineString", "coordinates": [[-54.995899451298754, -10.231866531403616], [-54.9959123356356, -10.231853926884318]]}}, {"type": "Feature", "properties": {"layer": "Fluxo", "dxf_type": "LINE"}, "geometry": {"type": "LineString", "coordinates": [[-54.995920066053586, -10.231846364352052], [-54.995932949470614, -10.2318337607299]]}}, {"type": "Feature", "properties": {"layer": "Fluxo", "dxf_type": "LINE"}, "geometry": {"type": "LineString", "coordinates": [[-54.99594067988762, -10.231826198196948], [-54.995953564221224, -10.231813593675373]]}}, {"type": "Feature", "properties": {"layer": "Fluxo", "dxf_type": "LINE"}, "geometry": {"type": "LineString", "coordinates": [[-54.995961294637254, -10.231806031141735], [-54.995974178056706, -10.2317934266134]]}}, {"type": "Feature", "properties": {"layer": "Fluxo", "dxf_type": "LINE"}, "geometry": {"type": "LineString", "coordinates": [[-54.99598190847176, -10.231785864079097], [-54.995994792796445, -10.231773260459121]]}}, {"type": "Feature", "properties": {"layer": "Fluxo", "dxf_type": "LINE"}, "geometry": {"type": "LineString", "coordinates": [[-54.996002523210535, -10.231765697924118], [-54.99601540753927, -10.231753093399135]]}}, {"type": "Feature", "properties": {"layer": "Fluxo", "dxf_type": "LINE"}, "geometry": {"type": "LineString", "coordinates": [[-54.99602313795238, -10.23174553086345], [-54.99603602136128, -10.231732927235573]]}}, {"type": "Feature", "properties": {"layer": "Fluxo", "dxf_type": "LINE"}, "geometry": {"type": "LineString", "coordinates": [[-54.996043751773406, -10.231725364699201], [-54.99605663609889, -10.23171276017194]]}}, {"type": "Feature", "properties": {"layer": "Fluxo", "dxf_type": "LINE"}, "geometry": {"type": "LineString", "coordinates": [[-54.996064366510055, -10.231705197634883], [-54.996077250833906, -10.231692593106459]]}}, {"type": "Feature", "properties": {"layer": "Fluxo", "dxf_type": "LINE"}, "geometry": {"type": "LineString", "coordinates": [[-54.996084981244096, -10.231685030568718], [-54.99609786464812, -10.231672426937442]]}}, {"type": "Feature", "properties": {"layer": "Fluxo", "dxf_type": "LINE"}, "geometry": {"type": "LineString", "coordinates": [[-54.99610559505734, -10.231664864399013], [-54.99611847937794, -10.231652259868312]]}}, {"type": "Feature", "properties": {"layer": "Fluxo", "dxf_type": "LINE"}, "geometry": {"type": "LineString", "coordinates": [[-54.99612620978618, -10.231644697329203], [-54.99613909410517, -10.231632092797376]]}}, {"type": "Feature", "properties": {"layer": "Fluxo", "dxf_type": "LINE"}, "geometry": {"type": "LineString", "coordinates": [[-54.99614682451243, -10.231624530257584], [-54.99615970791158, -10.231611926622866]]}}, {"type": "Feature", "properties": {"layer": "Fluxo", "dxf_type": "LINE"}, "geometry": {"type": "LineString", "coordinates": [[-54.99616743831787, -10.231604364082388], [-54.9961803226336, -10.23159175954828]]}}, {"type": "Feature", "properties": {"layer": "Fluxo", "dxf_type": "LINE"}, "geometry": {"type": "LineString", "coordinates": [[-54.996188053038914, -10.23158419700712], [-54.99620093644049, -10.231571592466235]]}}, {"type": "Feature", "properties": {"layer": "Fluxo", "dxf_type": "LINE"}, "geometry": {"type": "LineString", "coordinates": [[-54.99620866684482, -10.231564029924387], [-54.996221551151635, -10.231551426291889]]}}, {"type": "Feature", "properties": {"layer": "Fluxo", "dxf_type": "LINE"}, "geometry": {"type": "LineString", "coordinates": [[-54.996229281555, -10.231543863749353], [-54.996242165865866, -10.231531259211808]]}}, {"type": "Feature", "properties": {"layer": "Fluxo", "dxf_type": "LINE"}, "geometry": {"type": "LineString", "coordinates": [[-54.99624989626825, -10.231523696668592], [-54.99625003859066, -10.231523557436592]]}}, {"type": "Feature", "properties": {"layer": "Fluxo", "dxf_type": "LINE"}, "geometry": {"type": "LineString", "coordinates": [[-54.99583347630168, -10.231920989699278], [-54.99583509510833, -10.231919406050425]]}}, {"type": "Feature", "properties": {"layer": "Fluxo", "dxf_type": "LINE"}, "geometry": {"type": "LineString", "coordinates": [[-54.99584282552968, -10.23191184352069], [-54.99585570895797, -10.231899238998823]]}}, {"type": "Feature", "properties": {"layer": "Fluxo", "dxf_type": "LINE"}, "geometry": {"type": "LineString", "coordinates": [[-54.99586343937834, -10.231891676468383], [-54.995876323711876, -10.23187907285488]]}}, {"type": "Feature", "properties": {"layer": "Fluxo", "dxf_type": "LINE"}, "geometry": {"type": "LineString", "coordinates": [[-54.995884054131274, -10.231871510323776], [-54.99589693846886, -10.231858905805247]]}}, {"type": "Feature", "properties": {"layer": "Fluxo", "dxf_type": "LINE"}, "geometry": {"type": "LineString", "coordinates": [[-54.99590466888728, -10.23185134327344], [-54.9959175523107, -10.23183873874815]]}}, {"type": "Feature", "properties": {"layer": "Fluxo", "dxf_type": "LINE"}, "geometry": {"type": "LineString", "coordinates": [[-54.99592528272815, -10.231831176215678], [-54.99593816705681, -10.231818572598751]]}}, {"type": "Feature", "properties": {"layer": "Fluxo", "dxf_type": "LINE"}, "geometry": {"type": "LineString", "coordinates": [[-54.995945897473284, -10.231811010065577], [-54.99595878089346, -10.231798405538006]]}}, {"type": "Feature", "properties": {"layer": "Fluxo", "dxf_type": "LINE"}, "geometry": {"type": "LineString", "coordinates": [[-54.99596651130895, -10.231790843004163], [-54.99597939564004, -10.231778238481075]]}}, {"type": "Feature", "properties": {"layer": "Fluxo", "dxf_type": "LINE"}, "geometry": {"type": "LineString", "coordinates": [[-54.995987126048895, -10.231770676850417], [-54.99600001037835, -10.231758072326182]]}}, {"type": "Feature", "properties": {"layer": "Fluxo", "dxf_type": "LINE"}, "geometry": {"type": "LineString", "coordinates": [[-54.996007740791896, -10.231750509790968], [-54.9960206242072, -10.231737905259982]]}}, {"type": "Feature", "properties": {"layer": "Fluxo", "dxf_type": "LINE"}, "geometry": {"type": "LineString", "coordinates": [[-54.996028354619774, -10.231730342724067], [-54.996041238940315, -10.231717739101441]]}}, {"type": "Feature", "properties": {"layer": "Fluxo", "dxf_type": "LINE"}, "geometry": {"type": "LineString", "coordinates": [[-54.99604896935191, -10.23171017656486], [-54.9960618536765, -10.231697572037204]]}}, {"type": "Feature", "properties": {"layer": "Fluxo", "dxf_type": "LINE"}, "geometry": {"type": "LineString", "coordinates": [[-54.996069584087124, -10.231690009499923], [-54.99608246749755, -10.231677404965511]]}}, {"type": "Feature", "properties": {"layer": "Fluxo", "dxf_type": "LINE"}, "geometry": {"type": "LineString", "coordinates": [[-54.99609019790719, -10.231669842427564], [-54.99610308222287, -10.231657238801514]]}}, {"type": "Feature", "properties": {"layer": "Fluxo", "dxf_type": "LINE"}, "geometry": {"type": "LineString", "coordinates": [[-54.996110812631535, -10.231649676262863], [-54.99612369695125, -10.23163707173179]]}}, {"type": "Feature", "properties": {"layer": "Fluxo", "dxf_type": "LINE"}, "geometry": {"type": "LineString", "coordinates": [[-54.996131427358954, -10.23162950919247], [-54.9961443107645, -10.231616904654636]]}}, {"type": "Feature", "properties": {"layer": "Fluxo", "dxf_type": "LINE"}, "geometry": {"type": "LineString", "coordinates": [[-54.99615204117123, -10.231609342114618], [-54.99616492548202, -10.231596738485147]]}}, {"type": "Feature", "properties": {"layer": "Fluxo", "dxf_type": "LINE"}, "geometry": {"type": "LineString", "coordinates": [[-54.99617265588777, -10.231589175944464], [-54.99618554020261, -10.231576571409963]]}}, {"type": "Feature", "properties": {"layer": "Fluxo", "dxf_type": "LINE"}, "geometry": {"type": "LineString", "coordinates": [[-54.99580681360021, -10.231936988577301], [-54.995819697937726, -10.231924384966847]]}}, {"type": "Feature", "properties": {"layer": "Fluxo", "dxf_type": "LINE"}, "geometry": {"type": "LineString", "coordinates": [[-54.99582742835951, -10.231916822437555], [-54.995840311788534, -10.23190421791647]]}}, {"type": "Feature", "properties": {"layer": "Fluxo", "dxf_type": "LINE"}, "geometry": {"type": "LineString", "coordinates": [[-54.995848042209346, -10.231896655386493], [-54.995860926549284, -10.231884050869871]]}}, {"type": "Feature", "properties": {"layer": "Fluxo", "dxf_type": "LINE"}, "geometry": {"type": "LineString", "coordinates": [[-54.995868656969115, -10.231876488339207], [-54.99588154130176, -10.231863884725353]]}}, {"type": "Feature", "properties": {"layer": "Fluxo", "dxf_type": "LINE"}, "geometry": {"type": "LineString", "coordinates": [[-54.99588927172062, -10.231856322194004], [-54.99590215514477, -10.231843717669483]]}}, {"type": "Feature", "properties": {"layer": "Fluxo", "dxf_type": "LINE"}, "geometry": {"type": "LineString", "coordinates": [[-54.995909885562654, -10.23183615513745], [-54.99592276989772, -10.231823550617426]]}}, {"type": "Feature", "properties": {"layer": "Fluxo", "dxf_type": "LINE"}, "geometry": {"type": "LineString", "coordinates": [[-54.99593050031462, -10.23181598808471], [-54.99594338372985, -10.231803384461797]]}}, {"type": "Feature", "properties": {"layer": "Fluxo", "dxf_type": "LINE"}, "geometry": {"type": "LineString", "coordinates": [[-54.99595111414579, -10.231795821928394], [-54.995963998477606, -10.231783217406088]]}}, {"type": "Feature", "properties": {"layer": "Fluxo", "dxf_type": "LINE"}, "geometry": {"type": "LineString", "coordinates": [[-54.99597172889257, -10.231775654872003], [-54.99598461321709, -10.231763051252425]]}}, {"type": "Feature", "properties": {"layer": "Fluxo", "dxf_type": "LINE"}, "geometry": {"type": "LineString", "coordinates": [[-54.99599234363107, -10.231755488717674], [-54.9960052270471, -10.23174288418745]]}}, {"type": "Feature", "properties": {"layer": "Fluxo", "dxf_type": "LINE"}, "geometry": {"type": "LineString", "coordinates": [[-54.99601295746011, -10.231735321651996], [-54.99602584178705, -10.23172271712625]]}}, {"type": "Feature", "properties": {"layer": "Fluxo", "dxf_type": "LINE"}, "geometry": {"type": "LineString", "coordinates": [[-54.99603357219909, -10.231715154590114], [-54.996046456518734, -10.231702550967128]]}}, {"type": "Feature", "properties": {"layer": "Fluxo", "dxf_type": "LINE"}, "geometry": {"type": "LineString", "coordinates": [[-54.9960541869298, -10.231694988430311], [-54.99606707034095, -10.231682383896663]]}}, {"type": "Feature", "properties": {"layer": "Fluxo", "dxf_type": "LINE"}, "geometry": {"type": "LineString", "coordinates": [[-54.99607480075103, -10.231674821359157], [-54.9960876850731, -10.231662216830008]]}}, {"type": "Feature", "properties": {"layer": "Fluxo", "dxf_type": "LINE"}, "geometry": {"type": "LineString", "coordinates": [[-54.99609541548221, -10.23165465429182], [-54.99610829979699, -10.231642050665396]]}}, {"type": "Feature", "properties": {"layer": "Fluxo", "dxf_type": "LINE"}, "geometry": {"type": "LineString", "coordinates": [[-54.99578152453524, -10.23195164454585], [-54.99578368600533, -10.231949530020284]]}}, {"type": "Feature", "properties": {"layer": "Fluxo", "dxf_type": "LINE"}, "geometry": {"type": "LineString", "coordinates": [[-54.99579141642853, -10.231941967492135], [-54.99580430077245, -10.231929362978558]]}}, {"type": "Feature", "properties": {"layer": "Fluxo", "dxf_type": "LINE"}, "geometry": {"type": "LineString", "coordinates": [[-54.99581203119467, -10.231921800449726], [-54.99582491461875, -10.231909196833296]]}}, {"type": "Feature", "properties": {"layer": "Fluxo", "dxf_type": "LINE"}, "geometry": {"type": "LineString", "coordinates": [[-54.99583264504, -10.231901634303782], [-54.99584552938067, -10.231889029787926]]}}, {"type": "Feature", "properties": {"layer": "Fluxo", "dxf_type": "LINE"}, "geometry": {"type": "LineString", "coordinates": [[-54.99585325980093, -10.231881467257724], [-54.995866144139974, -10.231868862740747]]}}, {"type": "Feature", "properties": {"layer": "Fluxo", "dxf_type": "LINE"}, "geometry": {"type": "LineString", "coordinates": [[-54.99587387455927, -10.23186130020986], [-54.99588675797848, -10.23184869658999]]}}, {"type": "Feature", "properties": {"layer": "Fluxo", "dxf_type": "LINE"}, "geometry": {"type": "LineString", "coordinates": [[-54.99589448839681, -10.231841134058422], [-54.9959073727326, -10.231828529539165]]}}, {"type": "Feature", "properties": {"layer": "Fluxo", "dxf_type": "LINE"}, "geometry": {"type": "LineString", "coordinates": [[-54.99591510314994, -10.23182096700691], [-54.99592798748411, -10.231808362486492]]}}, {"type": "Feature", "properties": {"layer": "Fluxo", "dxf_type": "LINE"}, "geometry": {"type": "LineString", "coordinates": [[-54.995935716987944, -10.231800799947933], [-54.99594860131482, -10.231788196330278]]}}, {"type": "Feature", "properties": {"layer": "Fluxo", "dxf_type": "LINE"}, "geometry": {"type": "LineString", "coordinates": [[-54.99595633173021, -10.231780633796658], [-54.99596921606114, -10.231768029273958]]}}, {"type": "Feature", "properties": {"layer": "Fluxo", "dxf_type": "LINE"}, "geometry": {"type": "LineString", "coordinates": [[-54.995976946475565, -10.231760466739651], [-54.995986157044875, -10.231751456193926]]}}, {"type": "Feature", "properties": {"layer": "Fluxo", "dxf_type": "LINE"}, "geometry": {"type": "LineString", "coordinates": [[-54.99575882298877, -10.231963769189793], [-54.99576828883286, -10.231954508933832]]}}, {"type": "Feature", "properties": {"layer": "Fluxo", "dxf_type": "LINE"}, "geometry": {"type": "LineString", "coordinates": [[-54.995776019256496, -10.231946946406143], [-54.99578890360114, -10.231934341893338]]}}, {"type": "Feature", "properties": {"layer": "Fluxo", "dxf_type": "LINE"}, "geometry": {"type": "LineString", "coordinates": [[-54.9957966340238, -10.231926779364965], [-54.99580951745428, -10.2319141748454]]}}, {"type": "Feature", "properties": {"layer": "Fluxo", "dxf_type": "LINE"}, "geometry": {"type": "LineString", "coordinates": [[-54.99581724787596, -10.23190661231636], [-54.99583013221169, -10.231894008705162]]}}, {"type": "Feature", "properties": {"layer": "Fluxo", "dxf_type": "LINE"}, "geometry": {"type": "LineString", "coordinates": [[-54.9958378626324, -10.231886446175418], [-54.99585074697217, -10.231873841659207]]}}, {"type": "Feature", "properties": {"layer": "Fluxo", "dxf_type": "LINE"}, "geometry": {"type": "LineString", "coordinates": [[-54.995858477391906, -10.23186627912878], [-54.99587136081751, -10.231853674605794]]}}, {"type": "Feature", "properties": {"layer": "Fluxo", "dxf_type": "LINE"}, "geometry": {"type": "LineString", "coordinates": [[-54.99587909123627, -10.231846112074685], [-54.99588174026937, -10.23184352147094]]}}, {"type": "Feature", "properties": {"layer": "Fluxo", "dxf_type": "LINE"}, "geometry": {"type": "LineString", "coordinates": [[-54.9957400073187, -10.231972091453553], [-54.9957528916657, -10.231959486942657]]}}, {"type": "Feature", "properties": {"layer": "Fluxo", "dxf_type": "LINE"}, "geometry": {"type": "LineString", "coordinates": [[-54.99576062208977, -10.23195192441545], [-54.99577350642947, -10.231939320807294]]}}, {"type": "Feature", "properties": {"layer": "Fluxo", "dxf_type": "LINE"}, "geometry": {"type": "LineString", "coordinates": [[-54.99578123685257, -10.231931758279384], [-54.99579412028378, -10.231919153760582]]}}, {"type": "Feature", "properties": {"layer": "Fluxo", "dxf_type": "LINE"}, "geometry": {"type": "LineString", "coordinates": [[-54.9958018507059, -10.231911591232004], [-54.99581473504803, -10.231898986717683]]}}, {"type": "Feature", "properties": {"layer": "Fluxo", "dxf_type": "LINE"}, "geometry": {"type": "LineString", "coordinates": [[-54.995822465469175, -10.231891424188404], [-54.995835349804004, -10.23187882057683]]}}, {"type": "Feature", "properties": {"layer": "Fluxo", "dxf_type": "LINE"}, "geometry": {"type": "LineString", "coordinates": [[-54.99572461014479, -10.231977070364698], [-54.995737494492516, -10.231964465854565]]}}, {"type": "Feature", "properties": {"layer": "Fluxo", "dxf_type": "LINE"}, "geometry": {"type": "LineString", "coordinates": [[-54.99574522491702, -10.231956903327799], [-54.99575810926313, -10.231944298816543]]}}, {"type": "Feature", "properties": {"layer": "Fluxo", "dxf_type": "LINE"}, "geometry": {"type": "LineString", "coordinates": [[-54.99576583968666, -10.231936736289091], [-54.99577872311293, -10.231924132674948]]}}, {"type": "Feature", "properties": {"layer": "Fluxo", "dxf_type": "LINE"}, "geometry": {"type": "LineString", "coordinates": [[-54.99578645353549, -10.23191657014681], [-54.995799337878346, -10.231903965633276]]}}, {"type": "Feature", "properties": {"layer": "Fluxo", "dxf_type": "LINE"}, "geometry": {"type": "LineString", "coordinates": [[-54.99580706829993, -10.231896403104454], [-54.99581174291387, -10.231891830015583]]}}, {"type": "Feature", "properties": {"layer": "Fluxo", "dxf_type": "LINE"}, "geometry": {"type": "LineString", "coordinates": [[-54.99569851029828, -10.23199251859301], [-54.99570148255027, -10.23198961089675]]}}, {"type": "Feature", "properties": {"layer": "Fluxo", "dxf_type": "LINE"}, "geometry": {"type": "LineString", "coordinates": [[-54.995709212976195, -10.23198204837113], [-54.99572209731898, -10.23196944476565]]}}, {"type": "Feature", "properties": {"layer": "Fluxo", "dxf_type": "LINE"}, "geometry": {"type": "LineString", "coordinates": [[-54.99572982774392, -10.231961882239343], [-54.99574271209076, -10.231949277728855]]}}, {"type": "Feature", "properties": {"layer": "Fluxo", "dxf_type": "LINE"}, "geometry": {"type": "LineString", "coordinates": [[-54.995750442514726, -10.231941715201865], [-54.9957633259474, -10.2319291106846]]}}, {"type": "Feature", "properties": {"layer": "Fluxo", "dxf_type": "LINE"}, "geometry": {"type": "LineString", "coordinates": [[-54.995771056370394, -10.231921548156926], [-54.99578394070831, -10.231908944548039]]}}, {"type": "Feature", "properties": {"layer": "Fluxo", "dxf_type": "LINE"}, "geometry": {"type": "LineString", "coordinates": [[-54.995680276766215, -10.232000272254128], [-54.99568608537521, -10.231994589805787]]}}, {"type": "Feature", "properties": {"layer": "Fluxo", "dxf_type": "LINE"}, "geometry": {"type": "LineString", "coordinates": [[-54.99569381580157, -10.231987027280626], [-54.995706700150755, -10.231974422772028]]}}, {"type": "Feature", "properties": {"layer": "Fluxo", "dxf_type": "LINE"}, "geometry": {"type": "LineString", "coordinates": [[-54.99571443057614, -10.231966860246182], [-54.99572731491803, -10.231954256640348]]}}, {"type": "Feature", "properties": {"layer": "Fluxo", "dxf_type": "LINE"}, "geometry": {"type": "LineString", "coordinates": [[-54.99573504534244, -10.231946694113818], [-54.995747928775835, -10.231934089597319]]}}, {"type": "Feature", "properties": {"layer": "Fluxo", "dxf_type": "LINE"}, "geometry": {"type": "LineString", "coordinates": [[-54.995755659199276, -10.231926527070103], [-54.99576037604639, -10.231921913565715]]}}, {"type": "Feature", "properties": {"layer": "Fluxo", "dxf_type": "LINE"}, "geometry": {"type": "LineString", "coordinates": [[-54.995662751174926, -10.232007333348898], [-54.99567068911234, -10.231999568719605]]}}, {"type": "Feature", "properties": {"layer": "Fluxo", "dxf_type": "LINE"}, "geometry": {"type": "LineString", "coordinates": [[-54.995678418626596, -10.231992006189298], [-54.99569130297652, -10.23197940168147]]}}, {"type": "Feature", "properties": {"layer": "Fluxo", "dxf_type": "LINE"}, "geometry": {"type": "LineString", "coordinates": [[-54.99569903340233, -10.231971839156083], [-54.995711917750626, -10.231959234647114]]}}, {"type": "Feature", "properties": {"layer": "Fluxo", "dxf_type": "LINE"}, "geometry": {"type": "LineString", "coordinates": [[-54.995719648175466, -10.231951672121063], [-54.99573253160392, -10.231939068509218]]}}, {"type": "Feature", "properties": {"layer": "Fluxo", "dxf_type": "LINE"}, "geometry": {"type": "LineString", "coordinates": [[-54.99564584354545, -10.232013789003872], [-54.99565529194224, -10.232004546723111]]}}, {"type": "Feature", "properties": {"layer": "Fluxo", "dxf_type": "LINE"}, "geometry": {"type": "LineString", "coordinates": [[-54.99566302236947, -10.231996984198869], [-54.99567590580191, -10.23198438059009]]}}, {"type": "Feature", "properties": {"layer": "Fluxo", "dxf_type": "LINE"}, "geometry": {"type": "LineString", "coordinates": [[-54.99568363622817, -10.231976818065167], [-54.99569652057719, -10.231964213556962]]}}, {"type": "Feature", "properties": {"layer": "Fluxo", "dxf_type": "LINE"}, "geometry": {"type": "LineString", "coordinates": [[-54.99570425100247, -10.231956651031352], [-54.99571699762378, -10.231944180358466]]}}, {"type": "Feature", "properties": {"layer": "Fluxo", "dxf_type": "LINE"}, "geometry": {"type": "LineString", "coordinates": [[-54.99562948315854, -10.232019711097514], [-54.99563989476612, -10.232009525629685]]}}, {"type": "Feature", "properties": {"layer": "Fluxo", "dxf_type": "LINE"}, "geometry": {"type": "LineString", "coordinates": [[-54.99564762519379, -10.2320019631059], [-54.995660508632625, -10.231989358594003]]}}, {"type": "Feature", "properties": {"layer": "Fluxo", "dxf_type": "LINE"}, "geometry": {"type": "LineString", "coordinates": [[-54.99566823905932, -10.231981796069539], [-54.9956811234034, -10.23196919246599]]}}, {"type": "Feature", "properties": {"layer": "Fluxo", "dxf_type": "LINE"}, "geometry": {"type": "LineString", "coordinates": [[-54.99568885382912, -10.23196162994084], [-54.995697218738826, -10.231953446711668]]}}, {"type": "Feature", "properties": {"layer": "Fluxo", "dxf_type": "LINE"}, "geometry": {"type": "LineString", "coordinates": [[-54.995613609435, -10.232025155300123], [-54.995624497589645, -10.23201450453543]]}}, {"type": "Feature", "properties": {"layer": "Fluxo", "dxf_type": "LINE"}, "geometry": {"type": "LineString", "coordinates": [[-54.99563222801775, -10.232006942012111], [-54.995645111457314, -10.231994337500979]]}}, {"type": "Feature", "properties": {"layer": "Fluxo", "dxf_type": "LINE"}, "geometry": {"type": "LineString", "coordinates": [[-54.99565284188445, -10.231986774976974], [-54.995665726234925, -10.231974170470309]]}}, {"type": "Feature", "properties": {"layer": "Fluxo", "dxf_type": "LINE"}, "geometry": {"type": "LineString", "coordinates": [[-54.99567345666109, -10.231966607945619], [-54.99567840674136, -10.231961765378609]]}}, {"type": "Feature", "properties": {"layer": "Fluxo", "dxf_type": "LINE"}, "geometry": {"type": "LineString", "coordinates": [[-54.99559817461085, -10.232030171033417], [-54.995609100418484, -10.23201948253647]]}}, {"type": "Feature", "properties": {"layer": "Fluxo", "dxf_type": "LINE"}, "geometry": {"type": "LineString", "coordinates": [[-54.995616830847034, -10.23201192001361], [-54.99562971428165, -10.231999316407121]]}}, {"type": "Feature", "properties": {"layer": "Fluxo", "dxf_type": "LINE"}, "geometry": {"type": "LineString", "coordinates": [[-54.995637444709224, -10.231991753883593], [-54.99565032906043, -10.231979149377691]]}}, {"type": "Feature", "properties": {"layer": "Fluxo", "dxf_type": "LINE"}, "geometry": {"type": "LineString", "coordinates": [[-54.99565805948702, -10.231971586853462], [-54.9956604101096, -10.231969287285533]]}}, {"type": "Feature", "properties": {"layer": "Fluxo", "dxf_type": "LINE"}, "geometry": {"type": "LineString", "coordinates": [[-54.99558313829049, -10.232034796917377], [-54.9955937032413, -10.232024461440579]]}}, {"type": "Feature", "properties": {"layer": "Fluxo", "dxf_type": "LINE"}, "geometry": {"type": "LineString", "coordinates": [[-54.99560143367028, -10.23201689891818], [-54.995614317111304, -10.232004294408565]]}}, {"type": "Feature", "properties": {"layer": "Fluxo", "dxf_type": "LINE"}, "geometry": {"type": "LineString", "coordinates": [[-54.995622047539314, -10.231996731885484], [-54.995634931885576, -10.231984128284253]]}}, {"type": "Feature", "properties": {"layer": "Fluxo", "dxf_type": "LINE"}, "geometry": {"type": "LineString", "coordinates": [[-54.995642662312605, -10.231976565760485], [-54.9956431149968, -10.231976122010146]]}}, {"type": "Feature", "properties": {"layer": "Fluxo", "dxf_type": "LINE"}, "geometry": {"type": "LineString", "coordinates": [[-54.995568465587596, -10.232039066182393], [-54.99557830606943, -10.232029439439977]]}}, {"type": "Feature", "properties": {"layer": "Fluxo", "dxf_type": "LINE"}, "geometry": {"type": "LineString", "coordinates": [[-54.99558603649318, -10.232021877821927], [-54.995598919934935, -10.23200927331308]]}}, {"type": "Feature", "properties": {"layer": "Fluxo", "dxf_type": "LINE"}, "geometry": {"type": "LineString", "coordinates": [[-54.99560665036338, -10.232001710790458], [-54.99561953471604, -10.231989106286107]]}}, {"type": "Feature", "properties": {"layer": "Fluxo", "dxf_type": "LINE"}, "geometry": {"type": "LineString", "coordinates": [[-54.995554127113756, -10.23204300847701], [-54.995562908891536, -10.232034418342424]]}}, {"type": "Feature", "properties": {"layer": "Fluxo", "dxf_type": "LINE"}, "geometry": {"type": "LineString", "coordinates": [[-54.9955706393214, -10.232026855820962], [-54.9955835227582, -10.232014252216771]]}}, {"type": "Feature", "properties": {"layer": "Fluxo", "dxf_type": "LINE"}, "geometry": {"type": "LineString", "coordinates": [[-54.99559125318709, -10.23200668969461], [-54.99560413754048, -10.231994085191026]]}}, {"type": "Feature", "properties": {"layer": "Fluxo", "dxf_type": "LINE"}, "geometry": {"type": "LineString", "coordinates": [[-54.99554009806593, -10.23204664986228], [-54.99554751171328, -10.232039397244066]]}}, {"type": "Feature", "properties": {"layer": "Fluxo", "dxf_type": "LINE"}, "geometry": {"type": "LineString", "coordinates": [[-54.99555524214358, -10.232031834723063], [-54.99556812558679, -10.232019230215757]]}}, {"type": "Feature", "properties": {"layer": "Fluxo", "dxf_type": "LINE"}, "geometry": {"type": "LineString", "coordinates": [[-54.99557585601611, -10.23201166769405], [-54.99558874036457, -10.231999064095108]]}}, {"type": "Feature", "properties": {"layer": "Fluxo", "dxf_type": "LINE"}, "geometry": {"type": "LineString", "coordinates": [[-54.99552635459334, -10.232050010077682], [-54.99553211454036, -10.232044375241]]}}, {"type": "Feature", "properties": {"layer": "Fluxo", "dxf_type": "LINE"}, "geometry": {"type": "LineString", "coordinates": [[-54.99553984497109, -10.232036812720443], [-54.99555272840936, -10.232024209117803]]}}, {"type": "Feature", "properties": {"layer": "Fluxo", "dxf_type": "LINE"}, "geometry": {"type": "LineString", "coordinates": [[-54.995560458839115, -10.232016646596561], [-54.99557334319397, -10.232004042094493]]}}, {"type": "Feature", "properties": {"layer": "Fluxo", "dxf_type": "LINE"}, "geometry": {"type": "LineString", "coordinates": [[-54.99551287923295, -10.232053108902035], [-54.9955167173614, -10.232049354141]]}}, {"type": "Feature", "properties": {"layer": "Fluxo", "dxf_type": "LINE"}, "geometry": {"type": "LineString", "coordinates": [[-54.99552444779257, -10.232041791620901], [-54.99553733123724, -10.232029187115142]]}}, {"type": "Feature", "properties": {"layer": "Fluxo", "dxf_type": "LINE"}, "geometry": {"type": "LineString", "coordinates": [[-54.995545061661765, -10.232021625498247], [-54.99555794601734, -10.232009020996946]]}}, {"type": "Feature", "properties": {"layer": "Fluxo", "dxf_type": "LINE"}, "geometry": {"type": "LineString", "coordinates": [[-54.99549965270802, -10.232055964295125], [-54.995501320182086, -10.232054333040177]]}}, {"type": "Feature", "properties": {"layer": "Fluxo", "dxf_type": "LINE"}, "geometry": {"type": "LineString", "coordinates": [[-54.9955090506137, -10.232046770520537], [-54.9955219340591, -10.232034166015527]]}}, {"type": "Feature", "properties": {"layer": "Fluxo", "dxf_type": "LINE"}, "geometry": {"type": "LineString", "coordinates": [[-54.99552966448973, -10.232026603495225], [-54.99554254884036, -10.232013999898578]]}}, {"type": "Feature", "properties": {"layer": "Fluxo", "dxf_type": "LINE"}, "geometry": {"type": "LineString", "coordinates": [[-54.99549365344014, -10.232051748515465], [-54.99550653688059, -10.232039144915113]]}}, {"type": "Feature", "properties": {"layer": "Fluxo", "dxf_type": "LINE"}, "geometry": {"type": "LineString", "coordinates": [[-54.99551426731166, -10.232031582395267], [-54.9955271516687, -10.232018977895507]]}}, {"type": "Feature", "properties": {"layer": "Fluxo", "dxf_type": "LINE"}, "geometry": {"type": "LineString", "coordinates": [[-54.9955348820988, -10.23201141537496], [-54.995535945388724, -10.23201037518028]]}}, {"type": "Feature", "properties": {"layer": "Fluxo", "dxf_type": "LINE"}, "geometry": {"type": "LineString", "coordinates": [[-54.995478256260554, -10.232056727413463], [-54.99549113970741, -10.232044122909985]]}}, {"type": "Feature", "properties": {"layer": "Fluxo", "dxf_type": "LINE"}, "geometry": {"type": "LineString", "coordinates": [[-54.995498870138924, -10.232036560390586], [-54.99551175449102, -10.232023956795494]]}}, {"type": "Feature", "properties": {"layer": "Fluxo", "dxf_type": "LINE"}, "geometry": {"type": "LineString", "coordinates": [[-54.99551948492155, -10.232016394275409], [-54.995522106423664, -10.232013828815706]]}}, {"type": "Feature", "properties": {"layer": "Fluxo", "dxf_type": "LINE"}, "geometry": {"type": "LineString", "coordinates": [[-54.99546285908062, -10.232061706310633], [-54.99547574252821, -10.232049101807927]]}}, {"type": "Feature", "properties": {"layer": "Fluxo", "dxf_type": "LINE"}, "geometry": {"type": "LineString", "coordinates": [[-54.99548347296015, -10.232041539288984], [-54.99549635731865, -10.232028934790776]]}}, {"type": "Feature", "properties": {"layer": "Fluxo", "dxf_type": "LINE"}, "geometry": {"type": "LineString", "coordinates": [[-54.99550408774395, -10.232021373175037], [-54.99550855118038, -10.232017005789508]]}}, {"type": "Feature", "properties": {"layer": "Fluxo", "dxf_type": "LINE"}, "geometry": {"type": "LineString", "coordinates": [[-54.99544895675636, -10.232065221922854], [-54.99546034534864, -10.232054080705044]]}}, {"type": "Feature", "properties": {"layer": "Fluxo", "dxf_type": "LINE"}, "geometry": {"type": "LineString", "coordinates": [[-54.99546807578103, -10.232046518186564], [-54.995480960140256, -10.232033913689103]]}}, {"type": "Feature", "properties": {"layer": "Fluxo", "dxf_type": "LINE"}, "geometry": {"type": "LineString", "coordinates": [[-54.99548869057166, -10.232026351169957], [-54.995495259463915, -10.232019924959735]]}}, {"type": "Feature", "properties": {"layer": "Fluxo", "dxf_type": "LINE"}, "geometry": {"type": "LineString", "coordinates": [[-54.99542720770941, -10.232066330876483], [-54.995429550994125, -10.23206403759293]]}}, {"type": "Feature", "properties": {"layer": "Fluxo", "dxf_type": "LINE"}, "geometry": {"type": "LineString", "coordinates": [[-54.995437281427385, -10.232056475075371], [-54.99545016578807, -10.232043870579444]]}}, {"type": "Feature", "properties": {"layer": "Fluxo", "dxf_type": "LINE"}, "geometry": {"type": "LineString", "coordinates": [[-54.99545789622036, -10.232036308061204], [-54.99546940142416, -10.232025052762774]]}}, {"type": "Feature", "properties": {"layer": "Fluxo", "dxf_type": "LINE"}, "geometry": {"type": "LineString", "coordinates": [[-54.9954218842472, -10.232061453970484], [-54.99543476860861, -10.232048849475326]]}}, {"type": "Feature", "properties": {"layer": "Fluxo", "dxf_type": "LINE"}, "geometry": {"type": "LineString", "coordinates": [[-54.99544249904134, -10.23204128695754], [-54.99545538340113, -10.23202868246126]]}}, {"type": "Feature", "properties": {"layer": "Fluxo", "dxf_type": "LINE"}, "geometry": {"type": "LineString", "coordinates": [[-54.9954087945412, -10.232064174613837], [-54.9954193714288, -10.232053828370384]]}}, {"type": "Feature", "properties": {"layer": "Fluxo", "dxf_type": "LINE"}, "geometry": {"type": "LineString", "coordinates": [[-54.99542710186196, -10.232046265853064], [-54.995439986222486, -10.232033661357526]]}}, {"type": "Feature", "properties": {"layer": "Fluxo", "dxf_type": "LINE"}, "geometry": {"type": "LineString", "coordinates": [[-54.995399194956484, -10.232063481844667], [-54.99540397425431, -10.232058806360735]]}}, {"type": "Feature", "properties": {"layer": "Fluxo", "dxf_type": "LINE"}, "geometry": {"type": "LineString", "coordinates": [[-54.9954117046879, -10.232051243843873], [-54.99542458904348, -10.232038640252995]]}}, {"type": "Feature", "properties": {"layer": "Fluxo", "dxf_type": "LINE"}, "geometry": {"type": "LineString", "coordinates": [[-54.9954323194761, -10.232031077735463], [-54.99543280612882, -10.232030601653452]]}}, {"type": "Feature", "properties": {"layer": "Fluxo", "dxf_type": "LINE"}, "geometry": {"type": "LineString", "coordinates": [[-54.99539630750782, -10.232056222737748], [-54.995409191869804, -10.23204361824375]]}}, {"type": "Feature", "properties": {"layer": "Fluxo", "dxf_type": "LINE"}, "geometry": {"type": "LineString", "coordinates": [[-54.99541692230286, -10.232036055726665], [-54.995423742786784, -10.232029383392822]]}}, {"type": "Feature", "properties": {"layer": "Fluxo", "dxf_type": "LINE"}, "geometry": {"type": "LineString", "coordinates": [[-54.99538091032738, -10.232061201630803], [-54.99539379469009, -10.232048597137574]]}}, {"type": "Feature", "properties": {"layer": "Fluxo", "dxf_type": "LINE"}, "geometry": {"type": "LineString", "coordinates": [[-54.99540152512358, -10.232041034620947], [-54.99541440857213, -10.232028430120973]]}}, {"type": "Feature", "properties": {"layer": "Fluxo", "dxf_type": "LINE"}, "geometry": {"type": "LineString", "coordinates": [[-54.99536853498533, -10.232063224324083], [-54.995378397510024, -10.232053576030573]]}}, {"type": "Feature", "properties": {"layer": "Fluxo", "dxf_type": "LINE"}, "geometry": {"type": "LineString", "coordinates": [[-54.99538612794396, -10.232046013514408], [-54.99539901230577, -10.232033409020802]]}}, {"type": "Feature", "properties": {"layer": "Fluxo", "dxf_type": "LINE"}, "geometry": {"type": "LineString", "coordinates": [[-54.99535758470972, -10.232063852905453], [-54.99536300033528, -10.232058554018867]]}}, {"type": "Feature", "properties": {"layer": "Fluxo", "dxf_type": "LINE"}, "geometry": {"type": "LineString", "coordinates": [[-54.99537073076965, -10.232050991503161], [-54.99538361512652, -10.232038387914212]]}}, {"type": "Feature", "properties": {"layer": "Fluxo", "dxf_type": "LINE"}, "geometry": {"type": "LineString", "coordinates": [[-54.995391345559916, -10.232030825397837], [-54.99539516348852, -10.232027090400326]]}}, {"type": "Feature", "properties": {"layer": "Fluxo", "dxf_type": "LINE"}, "geometry": {"type": "LineString", "coordinates": [[-54.99534619369759, -10.232064911751019], [-54.99534760315451, -10.232063532910225]]}}, {"type": "Feature", "properties": {"layer": "Fluxo", "dxf_type": "LINE"}, "geometry": {"type": "LineString", "coordinates": [[-54.995355333589316, -10.23205597039498], [-54.99536821795259, -10.232043365902909]]}}, {"type": "Feature", "properties": {"layer": "Fluxo", "dxf_type": "LINE"}, "geometry": {"type": "LineString", "coordinates": [[-54.995375948386425, -10.232035803386982], [-54.99538511490465, -10.232026835980014]]}}, {"type": "Feature", "properties": {"layer": "Fluxo", "dxf_type": "LINE"}, "geometry": {"type": "LineString", "coordinates": [[-54.99533993640863, -10.232060949285973], [-54.995352820772624, -10.232048344794674]]}}, {"type": "Feature", "properties": {"layer": "Fluxo", "dxf_type": "LINE"}, "geometry": {"type": "LineString", "coordinates": [[-54.99536055120689, -10.232040782279205], [-54.995373434656734, -10.23202817778116]]}}, {"type": "Feature", "properties": {"layer": "Fluxo", "dxf_type": "LINE"}, "geometry": {"type": "LineString", "coordinates": [[-54.99532453923325, -10.232065927272263], [-54.99533742359231, -10.232053323685614]]}}, {"type": "Feature", "properties": {"layer": "Fluxo", "dxf_type": "LINE"}, "geometry": {"type": "LineString", "coordinates": [[-54.99534515402702, -10.232045761170609], [-54.99535803747759, -10.23203315667331]]}}, {"type": "Feature", "properties": {"layer": "Fluxo", "dxf_type": "LINE"}, "geometry": {"type": "LineString", "coordinates": [[-54.99530914205186, -10.232070906161615], [-54.99532202641731, -10.232058301671847]]}}, {"type": "Feature", "properties": {"layer": "Fluxo", "dxf_type": "LINE"}, "geometry": {"type": "LineString", "coordinates": [[-54.99532975685246, -10.232050739157298], [-54.995342640298084, -10.232038135564657]]}}, {"type": "Feature", "properties": {"layer": "Fluxo", "dxf_type": "LINE"}, "geometry": {"type": "LineString", "coordinates": [[-54.995350370732254, -10.23203057304944], [-54.99535306660516, -10.232027935735596]]}}, {"type": "Feature", "properties": {"layer": "Fluxo", "dxf_type": "LINE"}, "geometry": {"type": "LineString", "coordinates": [[-54.995294598808314, -10.232075049661429], [-54.99530662923629, -10.232063280561148]]}}, {"type": "Feature", "properties": {"layer": "Fluxo", "dxf_type": "LINE"}, "geometry": {"type": "LineString", "coordinates": [[-54.99531435967188, -10.232055718047059], [-54.9953272431239, -10.232043113551297]]}}, {"type": "Feature", "properties": {"layer": "Fluxo", "dxf_type": "LINE"}, "geometry": {"type": "LineString", "coordinates": [[-54.99533497355851, -10.232035551036526], [-54.99534163335656, -10.232029035901556]]}}, {"type": "Feature", "properties": {"layer": "Fluxo", "dxf_type": "LINE"}, "geometry": {"type": "LineString", "coordinates": [[-54.995279465159115, -10.23207976984255], [-54.99529123205492, -10.232068259449623]]}}, {"type": "Feature", "properties": {"layer": "Fluxo", "dxf_type": "LINE"}, "geometry": {"type": "LineString", "coordinates": [[-54.995298962490935, -10.232060696935996], [-54.99531184594369, -10.232048092441003]]}}, {"type": "Feature", "properties": {"layer": "Fluxo", "dxf_type": "LINE"}, "geometry": {"type": "LineString", "coordinates": [[-54.99531957637873, -10.23204052992669], [-54.99532974742331, -10.232030579816906]]}}, {"type": "Feature", "properties": {"layer": "Fluxo", "dxf_type": "LINE"}, "geometry": {"type": "LineString", "coordinates": [[-54.99526295051121, -10.23208584192084], [-54.99527583487885, -10.232073237433376]]}}, {"type": "Feature", "properties": {"layer": "Fluxo", "dxf_type": "LINE"}, "geometry": {"type": "LineString", "coordinates": [[-54.99528356531531, -10.232065674920223], [-54.99529644876313, -10.232053071329883]]}}, {"type": "Feature", "properties": {"layer": "Fluxo", "dxf_type": "LINE"}, "geometry": {"type": "LineString", "coordinates": [[-54.99530417919861, -10.232045508816034], [-54.99531706356301, -10.232032904326285]]}}, {"type": "Feature", "properties": {"layer": "Fluxo", "dxf_type": "LINE"}, "geometry": {"type": "LineString", "coordinates": [[-54.99524755332839, -10.232090820806908], [-54.99526043769677, -10.232078216320208]]}}, {"type": "Feature", "properties": {"layer": "Fluxo", "dxf_type": "LINE"}, "geometry": {"type": "LineString", "coordinates": [[-54.99526816813367, -10.232070653807519], [-54.99528105158788, -10.232058049314059]]}}, {"type": "Feature", "properties": {"layer": "Fluxo", "dxf_type": "LINE"}, "geometry": {"type": "LineString", "coordinates": [[-54.9952887820238, -10.232050486800667], [-54.995301666383256, -10.232037883215575]]}}, {"type": "Feature", "properties": {"layer": "Fluxo", "dxf_type": "LINE"}, "geometry": {"type": "LineString", "coordinates": [[-54.99521154134186, -10.232115965784596], [-54.99522442571259, -10.232103361299826]]}}, {"type": "Feature", "properties": {"layer": "Fluxo", "dxf_type": "LINE"}, "geometry": {"type": "LineString", "coordinates": [[-54.9952321561509, -10.232095798788263], [-54.99524504051433, -10.23208319520622]]}}, {"type": "Feature", "properties": {"layer": "Fluxo", "dxf_type": "LINE"}, "geometry": {"type": "LineString", "coordinates": [[-54.995252770951666, -10.232075632693972], [-54.99526565440661, -10.2320630282013]]}}, {"type": "Feature", "properties": {"layer": "Fluxo", "dxf_type": "LINE"}, "geometry": {"type": "LineString", "coordinates": [[-54.99527338484296, -10.232055465688369], [-54.99528626920882, -10.232042861200156]]}}, {"type": "Feature", "properties": {"layer": "Fluxo", "dxf_type": "LINE"}, "geometry": {"type": "LineString", "coordinates": [[-54.99516076722325, -10.232155553099153], [-54.995167799821886, -10.23214867327256]]}}, {"type": "Feature", "properties": {"layer": "Fluxo", "dxf_type": "LINE"}, "geometry": {"type": "LineString", "coordinates": [[-54.99517553026258, -10.232141110762827], [-54.99518841371745, -10.232128507178212]]}}, {"type": "Feature", "properties": {"layer": "Fluxo", "dxf_type": "LINE"}, "geometry": {"type": "LineString", "coordinates": [[-54.99519614415717, -10.232120944667793], [-54.99520902852863, -10.232108340183787]]}}, {"type": "Feature", "properties": {"layer": "Fluxo", "dxf_type": "LINE"}, "geometry": {"type": "LineString", "coordinates": [[-54.99521675896737, -10.232100777672688], [-54.99522964333721, -10.232088173187524]]}}, {"type": "Feature", "properties": {"layer": "Fluxo", "dxf_type": "LINE"}, "geometry": {"type": "LineString", "coordinates": [[-54.99523737377498, -10.232080610675736], [-54.99525025722498, -10.232068007087715]]}}, {"type": "Feature", "properties": {"layer": "Fluxo", "dxf_type": "LINE"}, "geometry": {"type": "LineString", "coordinates": [[-54.99525798766177, -10.232060444575245], [-54.99527087202836, -10.232047840087802]]}}, {"type": "Feature", "properties": {"layer": "Fluxo", "dxf_type": "LINE"}, "geometry": {"type": "LineString", "coordinates": [[-54.995121760004075, -10.232183629114644], [-54.99513178781769, -10.232173819142789]]}}, {"type": "Feature", "properties": {"layer": "Fluxo", "dxf_type": "LINE"}, "geometry": {"type": "LineString", "coordinates": [[-54.9951395182598, -10.232166256634201], [-54.99515240263524, -10.232153652153228]]}}, {"type": "Feature", "properties": {"layer": "Fluxo", "dxf_type": "LINE"}, "geometry": {"type": "LineString", "coordinates": [[-54.99516013307637, -10.23214608964397], [-54.99517301653764, -10.232133485156238]]}}, {"type": "Feature", "properties": {"layer": "Fluxo", "dxf_type": "LINE"}, "geometry": {"type": "LineString", "coordinates": [[-54.995180746977795, -10.232125922646281], [-54.99519363134431, -10.232113319066928]]}}, {"type": "Feature", "properties": {"layer": "Fluxo", "dxf_type": "LINE"}, "geometry": {"type": "LineString", "coordinates": [[-54.995201361783494, -10.232105756556289], [-54.995214246154056, -10.23209315207189]]}}, {"type": "Feature", "properties": {"layer": "Fluxo", "dxf_type": "LINE"}, "geometry": {"type": "LineString", "coordinates": [[-54.99522197659227, -10.232085589560567], [-54.99523486004867, -10.23207298506941]]}}, {"type": "Feature", "properties": {"layer": "Fluxo", "dxf_type": "LINE"}, "geometry": {"type": "LineString", "coordinates": [[-54.9952425904859, -10.232065422557413], [-54.99525547484754, -10.232052818974626]]}}, {"type": "Feature", "properties": {"layer": "Fluxo", "dxf_type": "LINE"}, "geometry": {"type": "LineString", "coordinates": [[-54.9950876073819, -10.232206955084424], [-54.99509577672642, -10.23219896410965]]}}, {"type": "Feature", "properties": {"layer": "Fluxo", "dxf_type": "LINE"}, "geometry": {"type": "LineString", "coordinates": [[-54.995103507169944, -10.232191401602224], [-54.9951163906352, -10.23217879711754]]}}, {"type": "Feature", "properties": {"layer": "Fluxo", "dxf_type": "LINE"}, "geometry": {"type": "LineString", "coordinates": [[-54.99512412107774, -10.23217123460941], [-54.995137005448235, -10.23215863103309]]}}, {"type": "Feature", "properties": {"layer": "Fluxo", "dxf_type": "LINE"}, "geometry": {"type": "LineString", "coordinates": [[-54.9951447358898, -10.232151068524297], [-54.9951576193518, -10.23213846403733]]}}, {"type": "Feature", "properties": {"layer": "Fluxo", "dxf_type": "LINE"}, "geometry": {"type": "LineString", "coordinates": [[-54.9951653497924, -10.232130901527832], [-54.995178234165316, -10.232118297045345]]}}, {"type": "Feature", "properties": {"layer": "Fluxo", "dxf_type": "LINE"}, "geometry": {"type": "LineString", "coordinates": [[-54.995185964604936, -10.23211073453518], [-54.99519884897056, -10.23209813095544]]}}, {"type": "Feature", "properties": {"layer": "Fluxo", "dxf_type": "LINE"}, "geometry": {"type": "LineString", "coordinates": [[-54.9952065794092, -10.232090568444574], [-54.99521946286633, -10.232077963954184]]}}, {"type": "Feature", "properties": {"layer": "Fluxo", "dxf_type": "LINE"}, "geometry": {"type": "LineString", "coordinates": [[-54.995227193304004, -10.23207040144265], [-54.995240077672044, -10.232057796956743]]}}, {"type": "Feature", "properties": {"layer": "Fluxo", "dxf_type": "LINE"}, "geometry": {"type": "LineString", "coordinates": [[-54.99505671165518, -10.232227095802093], [-54.99505976471733, -10.232224109065806]]}}, {"type": "Feature", "properties": {"layer": "Fluxo", "dxf_type": "LINE"}, "geometry": {"type": "LineString", "coordinates": [[-54.99506749516226, -10.232216546559508], [-54.99508037953674, -10.232203942986239]]}}, {"type": "Feature", "properties": {"layer": "Fluxo", "dxf_type": "LINE"}, "geometry": {"type": "LineString", "coordinates": [[-54.99508810998069, -10.232196380479254], [-54.99510099344667, -10.232183775995354]]}}, {"type": "Feature", "properties": {"layer": "Fluxo", "dxf_type": "LINE"}, "geometry": {"type": "LineString", "coordinates": [[-54.99510872388966, -10.232176213487683], [-54.99512160826655, -10.232163609008248]]}}, {"type": "Feature", "properties": {"layer": "Fluxo", "dxf_type": "LINE"}, "geometry": {"type": "LineString", "coordinates": [[-54.99512933870856, -10.232156046499894], [-54.995142223078155, -10.23214344292322]]}}, {"type": "Feature", "properties": {"layer": "Fluxo", "dxf_type": "LINE"}, "geometry": {"type": "LineString", "coordinates": [[-54.99514995351919, -10.232135880414182], [-54.99516283698029, -10.232123275926842]]}}, {"type": "Feature", "properties": {"layer": "Fluxo", "dxf_type": "LINE"}, "geometry": {"type": "LineString", "coordinates": [[-54.99517056742035, -10.23211571341712], [-54.99518345179237, -10.232103108934277]]}}, {"type": "Feature", "properties": {"layer": "Fluxo", "dxf_type": "LINE"}, "geometry": {"type": "LineString", "coordinates": [[-54.99519118223146, -10.232095546423873], [-54.99520406568364, -10.232082942838138]]}}, {"type": "Feature", "properties": {"layer": "Fluxo", "dxf_type": "LINE"}, "geometry": {"type": "LineString", "coordinates": [[-54.995211796121744, -10.232075380327048], [-54.99522338397341, -10.232064044195225]]}}, {"type": "Feature", "properties": {"layer": "Fluxo", "dxf_type": "LINE"}, "geometry": {"type": "LineString", "coordinates": [[-54.99503148314362, -10.232241692415576], [-54.99504436752612, -10.232229087940345]]}}, {"type": "Feature", "properties": {"layer": "Fluxo", "dxf_type": "LINE"}, "geometry": {"type": "LineString", "coordinates": [[-54.99505209797149, -10.232221525434506], [-54.99506498235236, -10.232208920958119]]}}, {"type": "Feature", "properties": {"layer": "Fluxo", "dxf_type": "LINE"}, "geometry": {"type": "LineString", "coordinates": [[-54.995072712796755, -10.232201358451594], [-54.995085596257795, -10.232188754872345]]}}, {"type": "Feature", "properties": {"layer": "Fluxo", "dxf_type": "LINE"}, "geometry": {"type": "LineString", "coordinates": [[-54.99509332670121, -10.23218119236514], [-54.995106211078834, -10.232168587886465]]}}, {"type": "Feature", "properties": {"layer": "Fluxo", "dxf_type": "LINE"}, "geometry": {"type": "LineString", "coordinates": [[-54.99511394152128, -10.232161025378577], [-54.99512682589729, -10.232148420898781]]}}, {"type": "Feature", "properties": {"layer": "Fluxo", "dxf_type": "LINE"}, "geometry": {"type": "LineString", "coordinates": [[-54.995134556338755, -10.232140858390203], [-54.99514743979491, -10.232128254807517]]}}, {"type": "Feature", "properties": {"layer": "Fluxo", "dxf_type": "LINE"}, "geometry": {"type": "LineString", "coordinates": [[-54.99515517023541, -10.232120692298258], [-54.995168054608165, -10.232108087816181]]}}, {"type": "Feature", "properties": {"layer": "Fluxo", "dxf_type": "LINE"}, "geometry": {"type": "LineString", "coordinates": [[-54.99517578504768, -10.232100525306237], [-54.99518609199373, -10.232090442258665]]}}, {"type": "Feature", "properties": {"layer": "Fluxo", "dxf_type": "LINE"}, "geometry": {"type": "LineString", "coordinates": [[-54.995001533177145, -10.232260907008362], [-54.995008355510215, -10.23225423288933]]}}, {"type": "Feature", "properties": {"layer": "Fluxo", "dxf_type": "LINE"}, "geometry": {"type": "LineString", "coordinates": [[-54.995016085957, -10.232246670384637], [-54.99502897033455, -10.232234066814058]]}}, {"type": "Feature", "properties": {"layer": "Fluxo", "dxf_type": "LINE"}, "geometry": {"type": "LineString", "coordinates": [[-54.995036700780354, -10.232226504308679], [-54.99504958516196, -10.232213899833061]]}}, {"type": "Feature", "properties": {"layer": "Fluxo", "dxf_type": "LINE"}, "geometry": {"type": "LineString", "coordinates": [[-54.99505731560679, -10.232206337326998], [-54.99507019907423, -10.232193732844614]]}}, {"type": "Feature", "properties": {"layer": "Fluxo", "dxf_type": "LINE"}, "geometry": {"type": "LineString", "coordinates": [[-54.99507792951809, -10.232186170337885], [-54.99509081389077, -10.232173566763866]]}}, {"type": "Feature", "properties": {"layer": "Fluxo", "dxf_type": "LINE"}, "geometry": {"type": "LineString", "coordinates": [[-54.99509854433365, -10.232166004256436], [-54.99511142871038, -10.23215339977739]]}}, {"type": "Feature", "properties": {"layer": "Fluxo", "dxf_type": "LINE"}, "geometry": {"type": "LineString", "coordinates": [[-54.99511915915229, -10.232145837269291], [-54.995132042614856, -10.232133232783486]]}}, {"type": "Feature", "properties": {"layer": "Fluxo", "dxf_type": "LINE"}, "geometry": {"type": "LineString", "coordinates": [[-54.99498007484409, -10.23227181623919], [-54.99499295831713, -10.232259211760995]]}}, {"type": "Feature", "properties": {"layer": "Fluxo", "dxf_type": "LINE"}, "geometry": {"type": "LineString", "coordinates": [[-54.99500068876435, -10.232251649256767], [-54.995013573148306, -10.232239044783048]]}}, {"type": "Feature", "properties": {"layer": "Fluxo", "dxf_type": "LINE"}, "geometry": {"type": "LineString", "coordinates": [[-54.99502130359455, -10.232231482278149], [-54.99503418797121, -10.232218878707181]]}}, {"type": "Feature", "properties": {"layer": "Fluxo", "dxf_type": "LINE"}, "geometry": {"type": "LineString", "coordinates": [[-54.995041918416476, -10.23221131620158], [-54.99505480188464, -10.232198711719962]]}}, {"type": "Feature", "properties": {"layer": "Fluxo", "dxf_type": "LINE"}, "geometry": {"type": "LineString", "coordinates": [[-54.99506253232894, -10.232191149213692], [-54.995075416708026, -10.23217854473656]]}}, {"type": "Feature", "properties": {"layer": "Fluxo", "dxf_type": "LINE"}, "geometry": {"type": "LineString", "coordinates": [[-54.99508314715134, -10.232170982229585], [-54.995096031523126, -10.232158378655196]]}}, {"type": "Feature", "properties": {"layer": "Fluxo", "dxf_type": "LINE"}, "geometry": {"type": "LineString", "coordinates": [[-54.99495239561707, -10.232288809413852], [-54.994956947206965, -10.232284356708453]]}}, {"type": "Feature", "properties": {"layer": "Fluxo", "dxf_type": "LINE"}, "geometry": {"type": "LineString", "coordinates": [[-54.99496467765559, -10.232276794205365], [-54.99497756112368, -10.232264190631842]]}}, {"type": "Feature", "properties": {"layer": "Fluxo", "dxf_type": "LINE"}, "geometry": {"type": "LineString", "coordinates": [[-54.994985291571346, -10.232256628128068], [-54.994998175956034, -10.23224402365512]]}}, {"type": "Feature", "properties": {"layer": "Fluxo", "dxf_type": "LINE"}, "geometry": {"type": "LineString", "coordinates": [[-54.99500590640271, -10.232236461150665], [-54.99501879078577, -10.232223856676596]]}}, {"type": "Feature", "properties": {"layer": "Fluxo", "dxf_type": "LINE"}, "geometry": {"type": "LineString", "coordinates": [[-54.99502652123148, -10.232216294171453], [-54.9950394046947, -10.232203690594492]]}}, {"type": "Feature", "properties": {"layer": "Fluxo", "dxf_type": "LINE"}, "geometry": {"type": "LineString", "coordinates": [[-54.99504713513944, -10.232196128088663], [-54.995060019519244, -10.232183523612312]]}}, {"type": "Feature", "properties": {"layer": "Fluxo", "dxf_type": "LINE"}, "geometry": {"type": "LineString", "coordinates": [[-54.994929479161584, -10.232301144183403], [-54.994941550011994, -10.232289335577248]]}}, {"type": "Feature", "properties": {"layer": "Fluxo", "dxf_type": "LINE"}, "geometry": {"type": "LineString", "coordinates": [[-54.994949280461064, -10.23228177307462], [-54.99496216393556, -10.232269168597979]]}}, {"type": "Feature", "properties": {"layer": "Fluxo", "dxf_type": "LINE"}, "geometry": {"type": "LineString", "coordinates": [[-54.99496989438366, -10.232261606094665], [-54.9949827787634, -10.232249002526371]]}}, {"type": "Feature", "properties": {"layer": "Fluxo", "dxf_type": "LINE"}, "geometry": {"type": "LineString", "coordinates": [[-54.99499050921052, -10.232241440022376], [-54.99500339359431, -10.232228835549073]]}}, {"type": "Feature", "properties": {"layer": "Fluxo", "dxf_type": "LINE"}, "geometry": {"type": "LineString", "coordinates": [[-54.99501112404046, -10.232221273044392], [-54.99502400751008, -10.232208668564311]]}}, {"type": "Feature", "properties": {"layer": "Fluxo", "dxf_type": "LINE"}, "geometry": {"type": "LineString", "coordinates": [[-54.99503173795525, -10.232201106058946], [-54.99503493425303, -10.232197980097201]]}}, {"type": "Feature", "properties": {"layer": "Fluxo", "dxf_type": "LINE"}, "geometry": {"type": "LineString", "coordinates": [[-54.99491326843297, -10.232306918010465], [-54.99492615282235, -10.232294313541336]]}}, {"type": "Feature", "properties": {"layer": "Fluxo", "dxf_type": "LINE"}, "geometry": {"type": "LineString", "coordinates": [[-54.99493388327186, -10.232286751039167], [-54.994946766741414, -10.23227414746718]]}}, {"type": "Feature", "properties": {"layer": "Fluxo", "dxf_type": "LINE"}, "geometry": {"type": "LineString", "coordinates": [[-54.99495449718995, -10.232266584964327], [-54.99496738157609, -10.232253980492915]]}}, {"type": "Feature", "properties": {"layer": "Fluxo", "dxf_type": "LINE"}, "geometry": {"type": "LineString", "coordinates": [[-54.99497511202365, -10.232246417989378], [-54.99498799640249, -10.232233814420727]]}}, {"type": "Feature", "properties": {"layer": "Fluxo", "dxf_type": "LINE"}, "geometry": {"type": "LineString", "coordinates": [[-54.994995726849076, -10.232226251916508], [-54.99500658657521, -10.23221562721632]]}}, {"type": "Feature", "properties": {"layer": "Fluxo", "dxf_type": "LINE"}, "geometry": {"type": "LineString", "coordinates": [[-54.99488621633518, -10.232323298566426], [-54.99489014078564, -10.232319459377853]]}}, {"type": "Feature", "properties": {"layer": "Fluxo", "dxf_type": "LINE"}, "geometry": {"type": "LineString", "coordinates": [[-54.99489787123656, -10.232311896876851], [-54.99491075562668, -10.232299292408486]]}}, {"type": "Feature", "properties": {"layer": "Fluxo", "dxf_type": "LINE"}, "geometry": {"type": "LineString", "coordinates": [[-54.99491848607663, -10.232291729906782], [-54.994931369546904, -10.232279126335541]]}}, {"type": "Feature", "properties": {"layer": "Fluxo", "dxf_type": "LINE"}, "geometry": {"type": "LineString", "coordinates": [[-54.994939099995875, -10.232271563833164], [-54.99495198438275, -10.232258959362523]]}}, {"type": "Feature", "properties": {"layer": "Fluxo", "dxf_type": "LINE"}, "geometry": {"type": "LineString", "coordinates": [[-54.99495971483075, -10.232251396859448], [-54.994972599216, -10.232238792387662]]}}, {"type": "Feature", "properties": {"layer": "Fluxo", "dxf_type": "LINE"}, "geometry": {"type": "LineString", "coordinates": [[-54.99486566611535, -10.232333318499263], [-54.994874743594124, -10.23232443733907]]}}, {"type": "Feature", "properties": {"layer": "Fluxo", "dxf_type": "LINE"}, "geometry": {"type": "LineString", "coordinates": [[-54.99488247404548, -10.23231687483851], [-54.994895358430654, -10.232304271274819]]}}, {"type": "Feature", "properties": {"layer": "Fluxo", "dxf_type": "LINE"}, "geometry": {"type": "LineString", "coordinates": [[-54.99490308888104, -10.232296708773571], [-54.99491597235773, -10.232284104299213]]}}, {"type": "Feature", "properties": {"layer": "Fluxo", "dxf_type": "LINE"}, "geometry": {"type": "LineString", "coordinates": [[-54.994923702807135, -10.232276541797281], [-54.99493658718906, -10.232263938231307]]}}, {"type": "Feature", "properties": {"layer": "Fluxo", "dxf_type": "LINE"}, "geometry": {"type": "LineString", "coordinates": [[-54.9949443176375, -10.232256375728692], [-54.99495505983477, -10.232245866008833]]}}, {"type": "Feature", "properties": {"layer": "Fluxo", "dxf_type": "LINE"}, "geometry": {"type": "LineString", "coordinates": [[-54.994846462915916, -10.23234202067466], [-54.99485934639658, -10.232329416203353]]}}, {"type": "Feature", "properties": {"layer": "Fluxo", "dxf_type": "LINE"}, "geometry": {"type": "LineString", "coordinates": [[-54.994867076848365, -10.232321853703251], [-54.99487996123995, -10.232309249236437]]}}, {"type": "Feature", "properties": {"layer": "Fluxo", "dxf_type": "LINE"}, "geometry": {"type": "LineString", "coordinates": [[-54.99488769169077, -10.232301686735653], [-54.99490057516252, -10.232289083165947]]}}, {"type": "Feature", "properties": {"layer": "Fluxo", "dxf_type": "LINE"}, "geometry": {"type": "LineString", "coordinates": [[-54.994908305612356, -10.232281520664477], [-54.99492119000069, -10.232268916195386]]}}, {"type": "Feature", "properties": {"layer": "Fluxo", "dxf_type": "LINE"}, "geometry": {"type": "LineString", "coordinates": [[-54.99492892044956, -10.23226135369323], [-54.99493126189676, -10.23225906311466]]}}, {"type": "Feature", "properties": {"layer": "Fluxo", "dxf_type": "LINE"}, "geometry": {"type": "LineString", "coordinates": [[-54.994831065722956, -10.232346998633465], [-54.994843949198675, -10.232334395066813]]}}, {"type": "Feature", "properties": {"layer": "Fluxo", "dxf_type": "LINE"}, "geometry": {"type": "LineString", "coordinates": [[-54.99485167965091, -10.232326832567171], [-54.99486456404322, -10.232314228101108]]}}, {"type": "Feature", "properties": {"layer": "Fluxo", "dxf_type": "LINE"}, "geometry": {"type": "LineString", "coordinates": [[-54.99487229449447, -10.2323066656008], [-54.99488517888516, -10.232294061133599]]}}, {"type": "Feature", "properties": {"layer": "Fluxo", "dxf_type": "LINE"}, "geometry": {"type": "LineString", "coordinates": [[-54.99489290933544, -10.23228649863259], [-54.994905792806286, -10.232273895062526]]}}, {"type": "Feature", "properties": {"layer": "Fluxo", "dxf_type": "LINE"}, "geometry": {"type": "LineString", "coordinates": [[-54.994807471617, -10.232359996312766], [-54.99480793807033, -10.232359539993816]]}}, {"type": "Feature", "properties": {"layer": "Fluxo", "dxf_type": "LINE"}, "geometry": {"type": "LineString", "coordinates": [[-54.99481566852397, -10.232351977495338], [-54.9948285520061, -10.23233937302556]]}}, {"type": "Feature", "properties": {"layer": "Fluxo", "dxf_type": "LINE"}, "geometry": {"type": "LineString", "coordinates": [[-54.99483628245876, -10.232331810526382], [-54.99484916684613, -10.232319206964974]]}}, {"type": "Feature", "properties": {"layer": "Fluxo", "dxf_type": "LINE"}, "geometry": {"type": "LineString", "coordinates": [[-54.99485689729782, -10.232311644465126], [-54.99486978168924, -10.23229903999869]]}}, {"type": "Feature", "properties": {"layer": "Fluxo", "dxf_type": "LINE"}, "geometry": {"type": "LineString", "coordinates": [[-54.99487751213996, -10.232291477498142], [-54.99488662818207, -10.232282558610155]]}}, {"type": "Feature", "properties": {"layer": "Fluxo", "dxf_type": "LINE"}, "geometry": {"type": "LineString", "coordinates": [[-54.99478905165253, -10.232367932263585], [-54.994792540870556, -10.232364518854403]]}}, {"type": "Feature", "properties": {"layer": "Fluxo", "dxf_type": "LINE"}, "geometry": {"type": "LineString", "coordinates": [[-54.994800271324635, -10.232356956356368], [-54.99481315480749, -10.23234435188738]]}}, {"type": "Feature", "properties": {"layer": "Fluxo", "dxf_type": "LINE"}, "geometry": {"type": "LineString", "coordinates": [[-54.994820885260594, -10.232336789388658], [-54.99483376965436, -10.23232418492413]]}}, {"type": "Feature", "properties": {"layer": "Fluxo", "dxf_type": "LINE"}, "geometry": {"type": "LineString", "coordinates": [[-54.99484150010649, -10.232316622424728], [-54.99485438449296, -10.232304018862962]]}}, {"type": "Feature", "properties": {"layer": "Fluxo", "dxf_type": "LINE"}, "geometry": {"type": "LineString", "coordinates": [[-54.99486211494412, -10.232296456362873], [-54.99486553438193, -10.232293110316917]]}}, {"type": "Feature", "properties": {"layer": "Fluxo", "dxf_type": "LINE"}, "geometry": {"type": "LineString", "coordinates": [[-54.99477105223561, -10.232375455903687], [-54.994777143676096, -10.232369496810284]]}}, {"type": "Feature", "properties": {"layer": "Fluxo", "dxf_type": "LINE"}, "geometry": {"type": "LineString", "coordinates": [[-54.994784874130616, -10.232361934312706], [-54.99479775760852, -10.232349330748368]]}}, {"type": "Feature", "properties": {"layer": "Fluxo", "dxf_type": "LINE"}, "geometry": {"type": "LineString", "coordinates": [[-54.99480548806206, -10.23234176825011], [-54.994818372456564, -10.232329163786352]]}}, {"type": "Feature", "properties": {"layer": "Fluxo", "dxf_type": "LINE"}, "geometry": {"type": "LineString", "coordinates": [[-54.99482610290913, -10.232321601287405], [-54.994838987302, -10.232308996822525]]}}, {"type": "Feature", "properties": {"layer": "Fluxo", "dxf_type": "LINE"}, "geometry": {"type": "LineString", "coordinates": [[-54.994753440304905, -10.232382600474626], [-54.99476174647561, -10.232374475669229]]}}, {"type": "Feature", "properties": {"layer": "Fluxo", "dxf_type": "LINE"}, "geometry": {"type": "LineString", "coordinates": [[-54.994769476930564, -10.232366913172113], [-54.99478236041488, -10.232354308704643]]}}, {"type": "Feature", "properties": {"layer": "Fluxo", "dxf_type": "LINE"}, "geometry": {"type": "LineString", "coordinates": [[-54.99479009086886, -10.232346746206858], [-54.994802975258416, -10.232334142647751]]}}, {"type": "Feature", "properties": {"layer": "Fluxo", "dxf_type": "LINE"}, "geometry": {"type": "LineString", "coordinates": [[-54.994810705711416, -10.23232658014927], [-54.99482359010502, -10.232313975685138]]}}, {"type": "Feature", "properties": {"layer": "Fluxo", "dxf_type": "LINE"}, "geometry": {"type": "LineString", "coordinates": [[-54.99473618830835, -10.232389393828313], [-54.99474634927477, -10.232379454527349]]}}, {"type": "Feature", "properties": {"layer": "Fluxo", "dxf_type": "LINE"}, "geometry": {"type": "LineString", "coordinates": [[-54.994754079730164, -10.232371892030695], [-54.994766963215206, -10.23235928756399]]}}, {"type": "Feature", "properties": {"layer": "Fluxo", "dxf_type": "LINE"}, "geometry": {"type": "LineString", "coordinates": [[-54.994774693669626, -10.232351725066668], [-54.99478757806558, -10.232339120604445]]}}, {"type": "Feature", "properties": {"layer": "Fluxo", "dxf_type": "LINE"}, "geometry": {"type": "LineString", "coordinates": [[-54.99479530851902, -10.232331558106422], [-54.994806089282626, -10.23232101156967]]}}, {"type": "Feature", "properties": {"layer": "Fluxo", "dxf_type": "LINE"}, "geometry": {"type": "LineString", "coordinates": [[-54.994719270541665, -10.232395860212371], [-54.99473095207926, -10.232384432480764]]}}, {"type": "Feature", "properties": {"layer": "Fluxo", "dxf_type": "LINE"}, "geometry": {"type": "LineString", "coordinates": [[-54.994738682535086, -10.23237686998457], [-54.994751566015175, -10.232364266422517]]}}, {"type": "Feature", "properties": {"layer": "Fluxo", "dxf_type": "LINE"}, "geometry": {"type": "LineString", "coordinates": [[-54.994759296470036, -10.232356703925639], [-54.994772180866725, -10.232344099464203]]}}, {"type": "Feature", "properties": {"layer": "Fluxo", "dxf_type": "LINE"}, "geometry": {"type": "LineString", "coordinates": [[-54.994779911320606, -10.232336536966637], [-54.994787346108836, -10.232329263710328]]}}, {"type": "Feature", "properties": {"layer": "Fluxo", "dxf_type": "LINE"}, "geometry": {"type": "LineString", "coordinates": [[-54.99470267047704, -10.232402015795634], [-54.99471555487771, -10.232389411337243]]}}, {"type": "Feature", "properties": {"layer": "Fluxo", "dxf_type": "LINE"}, "geometry": {"type": "LineString", "coordinates": [[-54.994723285333976, -10.232381848841511], [-54.994736168820474, -10.232369244376338]]}}, {"type": "Feature", "properties": {"layer": "Fluxo", "dxf_type": "LINE"}, "geometry": {"type": "LineString", "coordinates": [[-54.99474389927577, -10.23236168187992], [-54.994756783667505, -10.232349078323136]]}}, {"type": "Feature", "properties": {"layer": "Fluxo", "dxf_type": "LINE"}, "geometry": {"type": "LineString", "coordinates": [[-54.994764514121826, -10.232341515826034], [-54.994769058369, -10.232337070310026]]}}, {"type": "Feature", "properties": {"layer": "Fluxo", "dxf_type": "LINE"}, "geometry": {"type": "LineString", "coordinates": [[-54.994687273280086, -10.232406993746642], [-54.99470015767581, -10.232394390192901]]}}, {"type": "Feature", "properties": {"layer": "Fluxo", "dxf_type": "LINE"}, "geometry": {"type": "LineString", "coordinates": [[-54.99470788813251, -10.232386827697628], [-54.99472077161974, -10.232374223233226]]}}, {"type": "Feature", "properties": {"layer": "Fluxo", "dxf_type": "LINE"}, "geometry": {"type": "LineString", "coordinates": [[-54.99472850207547, -10.232366660737268], [-54.99474138647361, -10.232354056277346]]}}, {"type": "Feature", "properties": {"layer": "Fluxo", "dxf_type": "LINE"}, "geometry": {"type": "LineString", "coordinates": [[-54.99474911692837, -10.23234649378072], [-54.9947511893346, -10.232344467299491]]}}, {"type": "Feature", "properties": {"layer": "Fluxo", "dxf_type": "LINE"}, "geometry": {"type": "LineString", "coordinates": [[-54.9946718760771, -10.232411972600708], [-54.994684760479224, -10.232399368143833]]}}, {"type": "Feature", "properties": {"layer": "Fluxo", "dxf_type": "LINE"}, "geometry": {"type": "LineString", "coordinates": [[-54.994692490936366, -10.23239180564904], [-54.99470537441865, -10.232379202089291]]}}, {"type": "Feature", "properties": {"layer": "Fluxo", "dxf_type": "LINE"}, "geometry": {"type": "LineString", "coordinates": [[-54.99471310487481, -10.232371639593792], [-54.99472598927369, -10.232359035134637]]}}, {"type": "Feature", "properties": {"layer": "Fluxo", "dxf_type": "LINE"}, "geometry": {"type": "LineString", "coordinates": [[-54.994656478873765, -10.232416951453953], [-54.99466936327661, -10.232404346997846]]}}, {"type": "Feature", "properties": {"layer": "Fluxo", "dxf_type": "LINE"}, "geometry": {"type": "LineString", "coordinates": [[-54.9946770937342, -10.232396784503495], [-54.99468997722288, -10.232384180040645]]}}, {"type": "Feature", "properties": {"layer": "Fluxo", "dxf_type": "LINE"}, "geometry": {"type": "LineString", "coordinates": [[-54.994697707679485, -10.232376617545606], [-54.99471059207342, -10.232364013991106]]}}, {"type": "Feature", "properties": {"layer": "Fluxo", "dxf_type": "LINE"}, "geometry": {"type": "LineString", "coordinates": [[-54.994641081675745, -10.232421929402491], [-54.99465396607365, -10.232409325851043]]}}, {"type": "Feature", "properties": {"layer": "Fluxo", "dxf_type": "LINE"}, "geometry": {"type": "LineString", "coordinates": [[-54.994661696531665, -10.232401763357148], [-54.99467458002108, -10.232389158895066]]}}, {"type": "Feature", "properties": {"layer": "Fluxo", "dxf_type": "LINE"}, "geometry": {"type": "LineString", "coordinates": [[-54.994682310478126, -10.23238159640049], [-54.99469519487845, -10.23236899194287]]}}, {"type": "Feature", "properties": {"layer": "Fluxo", "dxf_type": "LINE"}, "geometry": {"type": "LineString", "coordinates": [[-54.99462568447169, -10.232426908254096], [-54.994638568876006, -10.232414303799525]]}}, {"type": "Feature", "properties": {"layer": "Fluxo", "dxf_type": "LINE"}, "geometry": {"type": "LineString", "coordinates": [[-54.994646299334455, -10.232406741306095], [-54.99465918281893, -10.232394137748665]]}}, {"type": "Feature", "properties": {"layer": "Fluxo", "dxf_type": "LINE"}, "geometry": {"type": "LineString", "coordinates": [[-54.99466691327641, -10.232386575254546], [-54.99467979767747, -10.232373970797696]]}}, {"type": "Feature", "properties": {"layer": "Fluxo", "dxf_type": "LINE"}, "geometry": {"type": "LineString", "coordinates": [[-54.99461101908536, -10.232431171187727], [-54.99462317167233, -10.232419282651074]]}}, {"type": "Feature", "properties": {"layer": "Fluxo", "dxf_type": "LINE"}, "geometry": {"type": "LineString", "coordinates": [[-54.99463090213122, -10.232411720158103], [-54.994643785622095, -10.232399115697536]]}}, {"type": "Feature", "properties": {"layer": "Fluxo", "dxf_type": "LINE"}, "geometry": {"type": "LineString", "coordinates": [[-54.99465151608002, -10.2323915532039], [-54.99466440047613, -10.2323789496517]]}}, {"type": "Feature", "properties": {"layer": "Fluxo", "dxf_type": "LINE"}, "geometry": {"type": "LineString", "coordinates": [[-54.99459658784382, -10.232435205063078], [-54.9946077744683, -10.232424261501802]]}}, {"type": "Feature", "properties": {"layer": "Fluxo", "dxf_type": "LINE"}, "geometry": {"type": "LineString", "coordinates": [[-54.99461550492763, -10.232416699009292], [-54.99462838933177, -10.232404094555115]]}}, {"type": "Feature", "properties": {"layer": "Fluxo", "dxf_type": "LINE"}, "geometry": {"type": "LineString", "coordinates": [[-54.994636118877594, -10.232396532056299], [-54.99464900328011, -10.232383927601]]}}, {"type": "Feature", "properties": {"layer": "Fluxo", "dxf_type": "LINE"}, "geometry": {"type": "LineString", "coordinates": [[-54.99458232005016, -10.232439078142685], [-54.9945923772696, -10.232429239447823]]}}, {"type": "Feature", "properties": {"layer": "Fluxo", "dxf_type": "LINE"}, "geometry": {"type": "LineString", "coordinates": [[-54.99460010772936, -10.23242167695577], [-54.99461299212856, -10.232409073406249]]}}, {"type": "Feature", "properties": {"layer": "Fluxo", "dxf_type": "LINE"}, "geometry": {"type": "LineString", "coordinates": [[-54.99462072258736, -10.232401510913512], [-54.99463360607806, -10.23238890645336]]}}, {"type": "Feature", "properties": {"layer": "Fluxo", "dxf_type": "LINE"}, "geometry": {"type": "LineString", "coordinates": [[-54.994568210183736, -10.232442797623966], [-54.994576980064856, -10.232434218296886]]}}, {"type": "Feature", "properties": {"layer": "Fluxo", "dxf_type": "LINE"}, "geometry": {"type": "LineString", "coordinates": [[-54.99458471052506, -10.232426655805316], [-54.99459759493067, -10.232414051352674]]}}, {"type": "Feature", "properties": {"layer": "Fluxo", "dxf_type": "LINE"}, "geometry": {"type": "LineString", "coordinates": [[-54.9946053253899, -10.2324064888604], [-54.99461820887566, -10.232393885304896]]}}, {"type": "Feature", "properties": {"layer": "Fluxo", "dxf_type": "LINE"}, "geometry": {"type": "LineString", "coordinates": [[-54.99455425091021, -10.232446368885256], [-54.99456158285977, -10.232439197145151]]}}, {"type": "Feature", "properties": {"layer": "Fluxo", "dxf_type": "LINE"}, "geometry": {"type": "LineString", "coordinates": [[-54.994569313320405, -10.232431634654038], [-54.99458219772674, -10.232419030202164]]}}, {"type": "Feature", "properties": {"layer": "Fluxo", "dxf_type": "LINE"}, "geometry": {"type": "LineString", "coordinates": [[-54.994589928186414, -10.232411467710348], [-54.994602811678575, -10.232398863251714]]}}, {"type": "Feature", "properties": {"layer": "Fluxo", "dxf_type": "LINE"}, "geometry": {"type": "LineString", "coordinates": [[-54.99454043854539, -10.232449797327419], [-54.99454618565999, -10.232444175088705]]}}, {"type": "Feature", "properties": {"layer": "Fluxo", "dxf_type": "LINE"}, "geometry": {"type": "LineString", "coordinates": [[-54.99455391612108, -10.232436612598036], [-54.99456680052246, -10.232424009050831]]}}, {"type": "Feature", "properties": {"layer": "Fluxo", "dxf_type": "LINE"}, "geometry": {"type": "LineString", "coordinates": [[-54.99457453098257, -10.23241644655948], [-54.99458741447546, -10.232403842101608]]}}, {"type": "Feature", "properties": {"layer": "Fluxo", "dxf_type": "LINE"}, "geometry": {"type": "LineString", "coordinates": [[-54.99452676666745, -10.23245308833446], [-54.99453078845419, -10.232449153935326]]}}, {"type": "Feature", "properties": {"layer": "Fluxo", "dxf_type": "LINE"}, "geometry": {"type": "LineString", "coordinates": [[-54.99453851891572, -10.232441591445117], [-54.994551403323506, -10.232428986994796]]}}, {"type": "Feature", "properties": {"layer": "Fluxo", "dxf_type": "LINE"}, "geometry": {"type": "LineString", "coordinates": [[-54.99455913378405, -10.2324214245039], [-54.994572017272, -10.232408820950685]]}}, {"type": "Feature", "properties": {"layer": "Fluxo", "dxf_type": "LINE"}, "geometry": {"type": "LineString", "coordinates": [[-54.99451323068532, -10.232456246397707], [-54.994515391248044, -10.23245413278112]]}}, {"type": "Feature", "properties": {"layer": "Fluxo", "dxf_type": "LINE"}, "geometry": {"type": "LineString", "coordinates": [[-54.994523121709996, -10.232446570291374], [-54.994536006118516, -10.232433965841802]]}}, {"type": "Feature", "properties": {"layer": "Fluxo", "dxf_type": "LINE"}, "geometry": {"type": "LineString", "coordinates": [[-54.9945437365795, -10.232426403351386], [-54.99455662007385, -10.232413798895049]]}}, {"type": "Feature", "properties": {"layer": "Fluxo", "dxf_type": "LINE"}, "geometry": {"type": "LineString", "coordinates": [[-54.99449982600796, -10.23245927600851], [-54.99449999404721, -10.23245911072221]]}}, {"type": "Feature", "properties": {"layer": "Fluxo", "dxf_type": "LINE"}, "geometry": {"type": "LineString", "coordinates": [[-54.9945077245096, -10.232451548232925], [-54.99452060891318, -10.232438944688006]]}}, {"type": "Feature", "properties": {"layer": "Fluxo", "dxf_type": "LINE"}, "geometry": {"type": "LineString", "coordinates": [[-54.99452833937459, -10.23243138219805], [-54.99454122286968, -10.23241877774248]]}}, {"type": "Feature", "properties": {"layer": "Fluxo", "dxf_type": "LINE"}, "geometry": {"type": "LineString", "coordinates": [[-54.99454895333012, -10.232411215251826], [-54.99455009008149, -10.232410103200085]]}}, {"type": "Feature", "properties": {"layer": "Fluxo", "dxf_type": "LINE"}, "geometry": {"type": "LineString", "coordinates": [[-54.994492327303185, -10.232456527077538], [-54.994505211713154, -10.2324439226295]]}}, {"type": "Feature", "properties": {"layer": "Fluxo", "dxf_type": "LINE"}, "geometry": {"type": "LineString", "coordinates": [[-54.994512942175014, -10.232436360139989], [-54.99452582566515, -10.232423756589093]]}}, {"type": "Feature", "properties": {"layer": "Fluxo", "dxf_type": "LINE"}, "geometry": {"type": "LineString", "coordinates": [[-54.99453355612603, -10.232416194098896], [-54.994536228134635, -10.23241358014867]]}}, {"type": "Feature", "properties": {"layer": "Fluxo", "dxf_type": "LINE"}, "geometry": {"type": "LineString", "coordinates": [[-54.994476930096404, -10.23246150592133], [-54.994489814507105, -10.232448901474061]]}}, {"type": "Feature", "properties": {"layer": "Fluxo", "dxf_type": "LINE"}, "geometry": {"type": "LineString", "coordinates": [[-54.9944975449694, -10.232441338985009], [-54.994510428465944, -10.232428734530991]]}}, {"type": "Feature", "properties": {"layer": "Fluxo", "dxf_type": "LINE"}, "geometry": {"type": "LineString", "coordinates": [[-54.99451815892726, -10.232421172041256], [-54.99452251126572, -10.232416915170791]]}}, {"type": "Feature", "properties": {"layer": "Fluxo", "dxf_type": "LINE"}, "geometry": {"type": "LineString", "coordinates": [[-54.99446153289494, -10.232466483860417], [-54.9944744173007, -10.232453880317799]]}}, {"type": "Feature", "properties": {"layer": "Fluxo", "dxf_type": "LINE"}, "geometry": {"type": "LineString", "coordinates": [[-54.994482147763435, -10.232446317829206], [-54.9944950312607, -10.232433713375938]]}}, {"type": "Feature", "properties": {"layer": "Fluxo", "dxf_type": "LINE"}, "geometry": {"type": "LineString", "coordinates": [[-54.99450276172246, -10.232426150886685], [-54.994508933052934, -10.232420113650436]]}}, {"type": "Feature", "properties": {"layer": "Fluxo", "dxf_type": "LINE"}, "geometry": {"type": "LineString", "coordinates": [[-54.994447434963675, -10.232470191658487], [-54.99445902009962, -10.23245885825683]]}}, {"type": "Feature", "properties": {"layer": "Fluxo", "dxf_type": "LINE"}, "geometry": {"type": "LineString", "coordinates": [[-54.994466750562786, -10.2324512957687], [-54.99447963405511, -10.232438692220086]]}}, {"type": "Feature", "properties": {"layer": "Fluxo", "dxf_type": "LINE"}, "geometry": {"type": "LineString", "coordinates": [[-54.994487364517305, -10.232431129731285], [-54.99449549073029, -10.232423180090183]]}}, {"type": "Feature", "properties": {"layer": "Fluxo", "dxf_type": "LINE"}, "geometry": {"type": "LineString", "coordinates": [[-54.99443462620807, -10.232472638292816], [-54.994443622892504, -10.232463837098923]]}}, {"type": "Feature", "properties": {"layer": "Fluxo", "dxf_type": "LINE"}, "geometry": {"type": "LineString", "coordinates": [[-54.99445135335611, -10.232456274611256], [-54.99446423685484, -10.23244367015952]]}}, {"type": "Feature", "properties": {"layer": "Fluxo", "dxf_type": "LINE"}, "geometry": {"type": "LineString", "coordinates": [[-54.99447196731747, -10.232436107671168], [-54.9944821797124, -10.232426118077525]]}}, {"type": "Feature", "properties": {"layer": "Fluxo", "dxf_type": "LINE"}, "geometry": {"type": "LineString", "coordinates": [[-54.994421924889366, -10.232474978925785], [-54.99442822568504, -10.232468815940196]]}}, {"type": "Feature", "properties": {"layer": "Fluxo", "dxf_type": "LINE"}, "geometry": {"type": "LineString", "coordinates": [[-54.99443595614908, -10.232461253452989], [-54.99444883964854, -10.232448649002023]]}}, {"type": "Feature", "properties": {"layer": "Fluxo", "dxf_type": "LINE"}, "geometry": {"type": "LineString", "coordinates": [[-54.99445657011161, -10.232441086514129], [-54.99446899357744, -10.23242893299641]]}}, {"type": "Feature", "properties": {"layer": "Fluxo", "dxf_type": "LINE"}, "geometry": {"type": "LineString", "coordinates": [[-54.994409330078014, -10.232477216263476], [-54.99441282848289, -10.232473793876746]]}}, {"type": "Feature", "properties": {"layer": "Fluxo", "dxf_type": "LINE"}, "geometry": {"type": "LineString", "coordinates": [[-54.994420558947375, -10.232466231390013], [-54.99443344244188, -10.232453627843704]]}}, {"type": "Feature", "properties": {"layer": "Fluxo", "dxf_type": "LINE"}, "geometry": {"type": "LineString", "coordinates": [[-54.99444117290539, -10.232446065356267], [-54.994454057316496, -10.232433460910555]]}}, {"type": "Feature", "properties": {"layer": "Fluxo", "dxf_type": "LINE"}, "geometry": {"type": "LineString", "coordinates": [[-54.99439683718861, -10.232479353893302], [-54.99439743127472, -10.232478772716373]]}}, {"type": "Feature", "properties": {"layer": "Fluxo", "dxf_type": "LINE"}, "geometry": {"type": "LineString", "coordinates": [[-54.994405161739635, -10.232471210230102], [-54.99441804524055, -10.232458605780677]]}}, {"type": "Feature", "properties": {"layer": "Fluxo", "dxf_type": "LINE"}, "geometry": {"type": "LineString", "coordinates": [[-54.99442577570449, -10.2324510432937], [-54.99443866011065, -10.23243843975264]]}}, {"type": "Feature", "properties": {"layer": "Fluxo", "dxf_type": "LINE"}, "geometry": {"type": "LineString", "coordinates": [[-54.99438976453154, -10.232476189069354], [-54.994402648033194, -10.23246358462071]]}}, {"type": "Feature", "properties": {"layer": "Fluxo", "dxf_type": "LINE"}, "geometry": {"type": "LineString", "coordinates": [[-54.99441037849757, -10.232456022134198], [-54.99442326291013, -10.232443417690018]]}}, {"type": "Feature", "properties": {"layer": "Fluxo", "dxf_type": "LINE"}, "geometry": {"type": "LineString", "coordinates": [[-54.994374367328774, -10.232481167003916], [-54.99438725082547, -10.232468563459923]]}}, {"type": "Feature", "properties": {"layer": "Fluxo", "dxf_type": "LINE"}, "geometry": {"type": "LineString", "coordinates": [[-54.994394981290284, -10.232461000973872], [-54.99440786570358, -10.23244839653046]]}}, {"type": "Feature", "properties": {"layer": "Fluxo", "dxf_type": "LINE"}, "geometry": {"type": "LineString", "coordinates": [[-54.99441559616742, -10.232440834043723], [-54.99441743443659, -10.232439035718665]]}}, {"type": "Feature", "properties": {"layer": "Fluxo", "dxf_type": "LINE"}, "geometry": {"type": "LineString", "coordinates": [[-54.994359947102495, -10.23248519008859], [-54.994371854535615, -10.232473541400037]]}}, {"type": "Feature", "properties": {"layer": "Fluxo", "dxf_type": "LINE"}, "geometry": {"type": "LineString", "coordinates": [[-54.99437958408833, -10.23246597890884], [-54.99439246849667, -10.23245337537008]]}}, {"type": "Feature", "properties": {"layer": "Fluxo", "dxf_type": "LINE"}, "geometry": {"type": "LineString", "coordinates": [[-54.99440019896095, -10.232445812883801], [-54.99440482218627, -10.232441289219565]]}}, {"type": "Feature", "properties": {"layer": "Fluxo", "dxf_type": "LINE"}, "geometry": {"type": "LineString", "coordinates": [[-54.99434783802738, -10.232486952242043], [-54.994356457327186, -10.23247852023761]]}}, {"type": "Feature", "properties": {"layer": "Fluxo", "dxf_type": "LINE"}, "geometry": {"type": "LineString", "coordinates": [[-54.99436418779288, -10.232470957752492], [-54.99437707129509, -10.232458353304994]]}}, {"type": "Feature", "properties": {"layer": "Fluxo", "dxf_type": "LINE"}, "geometry": {"type": "LineString", "coordinates": [[-54.99438480175981, -10.232450790819176], [-54.99439231552508, -10.232443440323458]]}}, {"type": "Feature", "properties": {"layer": "Fluxo", "dxf_type": "LINE"}, "geometry": {"type": "LineString", "coordinates": [[-54.99433581893746, -10.232488626365162], [-54.99434106011841, -10.232483499074357]]}}, {"type": "Feature", "properties": {"layer": "Fluxo", "dxf_type": "LINE"}, "geometry": {"type": "LineString", "coordinates": [[-54.99434879058454, -10.232475936589685], [-54.99436167408747, -10.23246333214297]]}}, {"type": "Feature", "properties": {"layer": "Fluxo", "dxf_type": "LINE"}, "geometry": {"type": "LineString", "coordinates": [[-54.99436940455263, -10.232455769657616], [-54.99437991078584, -10.232445491719504]]}}, {"type": "Feature", "properties": {"layer": "Fluxo", "dxf_type": "LINE"}, "geometry": {"type": "LineString", "coordinates": [[-54.99432388708376, -10.232490214248836], [-54.99432566291495, -10.232488477006399]]}}, {"type": "Feature", "properties": {"layer": "Fluxo", "dxf_type": "LINE"}, "geometry": {"type": "LineString", "coordinates": [[-54.99433339338152, -10.232480914522188], [-54.99434627687951, -10.232468310980126]]}}, {"type": "Feature", "properties": {"layer": "Fluxo", "dxf_type": "LINE"}, "geometry": {"type": "LineString", "coordinates": [[-54.9943540073451, -10.232460748495228], [-54.99436689175968, -10.232448144053746]]}}, {"type": "Feature", "properties": {"layer": "Fluxo", "dxf_type": "LINE"}, "geometry": {"type": "LineString", "coordinates": [[-54.99431799617246, -10.232485893357753], [-54.99433087967686, -10.232473288912555]]}}, {"type": "Feature", "properties": {"layer": "Fluxo", "dxf_type": "LINE"}, "geometry": {"type": "LineString", "coordinates": [[-54.99433861014289, -10.232465726428138], [-54.994351494552525, -10.232453122891307]]}}, {"type": "Feature", "properties": {"layer": "Fluxo", "dxf_type": "LINE"}, "geometry": {"type": "LineString", "coordinates": [[-54.99430259896306, -10.232490872192496], [-54.99431548246818, -10.232478267748068]]}}, {"type": "Feature", "properties": {"layer": "Fluxo", "dxf_type": "LINE"}, "geometry": {"type": "LineString", "coordinates": [[-54.99432321293465, -10.232470705264108], [-54.9943360973507, -10.232458100824163]]}}, {"type": "Feature", "properties": {"layer": "Fluxo", "dxf_type": "LINE"}, "geometry": {"type": "LineString", "coordinates": [[-54.99428859744859, -10.232494484761542], [-54.994300085259155, -10.232483246582756]]}}, {"type": "Feature", "properties": {"layer": "Fluxo", "dxf_type": "LINE"}, "geometry": {"type": "LineString", "coordinates": [[-54.99430781572606, -10.232475684099242], [-54.99432070014283, -10.23246307966008]]}}, {"type": "Feature", "properties": {"layer": "Fluxo", "dxf_type": "LINE"}, "geometry": {"type": "LineString", "coordinates": [[-54.99432843060875, -10.232455517175879], [-54.99433125871593, -10.23245275052285]]}}, {"type": "Feature", "properties": {"layer": "Fluxo", "dxf_type": "LINE"}, "geometry": {"type": "LineString", "coordinates": [[-54.99427699614717, -10.232495750172342], [-54.994284688055444, -10.232488224512739]]}}, {"type": "Feature", "properties": {"layer": "Fluxo", "dxf_type": "LINE"}, "geometry": {"type": "LineString", "coordinates": [[-54.99429241852278, -10.232480662029685], [-54.99430530293461, -10.232468058495174]]}}, {"type": "Feature", "properties": {"layer": "Fluxo", "dxf_type": "LINE"}, "geometry": {"type": "LineString", "coordinates": [[-54.99431303340098, -10.232460496011438], [-54.99431932410897, -10.232454341101413]]}}, {"type": "Feature", "properties": {"layer": "Fluxo", "dxf_type": "LINE"}, "geometry": {"type": "LineString", "coordinates": [[-54.99426547289985, -10.232496938326397], [-54.9942692908457, -10.232493203345784]]}}, {"type": "Feature", "properties": {"layer": "Fluxo", "dxf_type": "LINE"}, "geometry": {"type": "LineString", "coordinates": [[-54.994277021313486, -10.232485640863192], [-54.99428990573171, -10.232473036425548]]}}, {"type": "Feature", "properties": {"layer": "Fluxo", "dxf_type": "LINE"}, "geometry": {"type": "LineString", "coordinates": [[-54.99429763619852, -10.232465473942284], [-54.9943074776451, -10.232455846350062]]}}, {"type": "Feature", "properties": {"layer": "Fluxo", "dxf_type": "LINE"}, "geometry": {"type": "LineString", "coordinates": [[-54.99426162410383, -10.232490619695879], [-54.99427450852278, -10.232478015259]]}}, {"type": "Feature", "properties": {"layer": "Fluxo", "dxf_type": "LINE"}, "geometry": {"type": "LineString", "coordinates": [[-54.994282238990024, -10.232470452776198], [-54.99429512340736, -10.232457848338182]]}}, {"type": "Feature", "properties": {"layer": "Fluxo", "dxf_type": "LINE"}, "geometry": {"type": "LineString", "coordinates": [[-54.9942462268995, -10.232495597623858], [-54.994259111313504, -10.232482994091631]]}}, {"type": "Feature", "properties": {"layer": "Fluxo", "dxf_type": "LINE"}, "geometry": {"type": "LineString", "coordinates": [[-54.99426684178118, -10.23247543160927], [-54.994279726199245, -10.23246282717204]]}}, {"type": "Feature", "properties": {"layer": "Fluxo", "dxf_type": "LINE"}, "geometry": {"type": "LineString", "coordinates": [[-54.99423135490925, -10.232500062648114], [-54.994243714109544, -10.232487972019552]]}}, {"type": "Feature", "properties": {"layer": "Fluxo", "dxf_type": "LINE"}, "geometry": {"type": "LineString", "coordinates": [[-54.994251444577664, -10.232480409537658], [-54.99426432899077, -10.232467806005074]]}}, {"type": "Feature", "properties": {"layer": "Fluxo", "dxf_type": "LINE"}, "geometry": {"type": "LineString", "coordinates": [[-54.99427205945792, -10.232460243522494], [-54.99427244052355, -10.232459869839142]]}}, {"type": "Feature", "properties": {"layer": "Fluxo", "dxf_type": "LINE"}, "geometry": {"type": "LineString", "coordinates": [[-54.99422012732212, -10.232500962463497], [-54.99422831689955, -10.23249295085054]]}}, {"type": "Feature", "properties": {"layer": "Fluxo", "dxf_type": "LINE"}, "geometry": {"type": "LineString", "coordinates": [[-54.99423604736811, -10.232485388369106], [-54.994248931787624, -10.23247278393339]]}}, {"type": "Feature", "properties": {"layer": "Fluxo", "dxf_type": "LINE"}, "geometry": {"type": "LineString", "coordinates": [[-54.99425666225521, -10.232465221451285], [-54.994260922781194, -10.23246105350758]]}}, {"type": "Feature", "properties": {"layer": "Fluxo", "dxf_type": "LINE"}, "geometry": {"type": "LineString", "coordinates": [[-54.99420897044339, -10.232501792208321], [-54.994212919689204, -10.23249792968071]]}}, {"type": "Feature", "properties": {"layer": "Fluxo", "dxf_type": "LINE"}, "geometry": {"type": "LineString", "coordinates": [[-54.994220650158205, -10.232490367199732], [-54.99423353457845, -10.232477762764784]]}}, {"type": "Feature", "properties": {"layer": "Fluxo", "dxf_type": "LINE"}, "geometry": {"type": "LineString", "coordinates": [[-54.99424126504647, -10.23247020028314], [-54.994249482174716, -10.232462160817567]]}}, {"type": "Feature", "properties": {"layer": "Fluxo", "dxf_type": "LINE"}, "geometry": {"type": "LineString", "coordinates": [[-54.99420525295362, -10.23249534512565], [-54.99421813736892, -10.232482741595353]]}}, {"type": "Feature", "properties": {"layer": "Fluxo", "dxf_type": "LINE"}, "geometry": {"type": "LineString", "coordinates": [[-54.99422586783737, -10.232475179114154], [-54.99423811777456, -10.232463194475152]]}}, {"type": "Feature", "properties": {"layer": "Fluxo", "dxf_type": "LINE"}, "geometry": {"type": "LineString", "coordinates": [[-54.994189855743, -10.232500323954635], [-54.9942027401647, -10.232487719521218]]}}, {"type": "Feature", "properties": {"layer": "Fluxo", "dxf_type": "LINE"}, "geometry": {"type": "LineString", "coordinates": [[-54.9942104706336, -10.232480157040479], [-54.994223354135464, -10.232467553504204]]}}, {"type": "Feature", "properties": {"layer": "Fluxo", "dxf_type": "LINE"}, "geometry": {"type": "LineString", "coordinates": [[-54.99417445853203, -10.232505302782794], [-54.99418734295447, -10.232492698350145]]}}, {"type": "Feature", "properties": {"layer": "Fluxo", "dxf_type": "LINE"}, "geometry": {"type": "LineString", "coordinates": [[-54.994195073423796, -10.232485135869869], [-54.99420795693207, -10.232472531430458]]}}, {"type": "Feature", "properties": {"layer": "Fluxo", "dxf_type": "LINE"}, "geometry": {"type": "LineString", "coordinates": [[-54.994159061326386, -10.232510280706249], [-54.99417194574387, -10.232497677178255]]}}, {"type": "Feature", "properties": {"layer": "Fluxo", "dxf_type": "LINE"}, "geometry": {"type": "LineString", "coordinates": [[-54.99417967621364, -10.232490114698436], [-54.99419255972264, -10.232477510259795]]}}, {"type": "Feature", "properties": {"layer": "Fluxo", "dxf_type": "LINE"}, "geometry": {"type": "LineString", "coordinates": [[-54.994200290191436, -10.232469947779304], [-54.994204465318234, -10.232465864278891]]}}, {"type": "Feature", "properties": {"layer": "Fluxo", "dxf_type": "LINE"}, "geometry": {"type": "LineString", "coordinates": [[-54.99414366411471, -10.23251525953275], [-54.9941565485386, -10.232502655101655]]}}, {"type": "Feature", "properties": {"layer": "Fluxo", "dxf_type": "LINE"}, "geometry": {"type": "LineString", "coordinates": [[-54.99416427900881, -10.232495092622298], [-54.994177162512855, -10.232482489088307]]}}, {"type": "Feature", "properties": {"layer": "Fluxo", "dxf_type": "LINE"}, "geometry": {"type": "LineString", "coordinates": [[-54.994184892982084, -10.232474926608262], [-54.994193389243904, -10.232466614976218]]}}, {"type": "Feature", "properties": {"layer": "Fluxo", "dxf_type": "LINE"}, "geometry": {"type": "LineString", "coordinates": [[-54.99412826690267, -10.232520238358445], [-54.9941411513273, -10.232507633928117]]}}, {"type": "Feature", "properties": {"layer": "Fluxo", "dxf_type": "LINE"}, "geometry": {"type": "LineString", "coordinates": [[-54.99414888179794, -10.23250007144922], [-54.9941617653084, -10.232487467012112]]}}, {"type": "Feature", "properties": {"layer": "Fluxo", "dxf_type": "LINE"}, "geometry": {"type": "LineString", "coordinates": [[-54.99416949577807, -10.232479904532529], [-54.994181575835675, -10.232468087882603]]}}, {"type": "Feature", "properties": {"layer": "Fluxo", "dxf_type": "LINE"}, "geometry": {"type": "LineString", "coordinates": [[-54.994113806271976, -10.232524300954854], [-54.994125754115636, -10.232512612753759]]}}, {"type": "Feature", "properties": {"layer": "Fluxo", "dxf_type": "LINE"}, "geometry": {"type": "LineString", "coordinates": [[-54.99413348458672, -10.232505050275323], [-54.9941463680979, -10.23249244583898]]}}, {"type": "Feature", "properties": {"layer": "Fluxo", "dxf_type": "LINE"}, "geometry": {"type": "LineString", "coordinates": [[-54.99415409856801, -10.232484883359858], [-54.994166982990116, -10.232472278928]]}}, {"type": "Feature", "properties": {"layer": "Fluxo", "dxf_type": "LINE"}, "geometry": {"type": "LineString", "coordinates": [[-54.994099456751016, -10.232528253956824], [-54.9941103569093, -10.232517590674675]]}}, {"type": "Feature", "properties": {"layer": "Fluxo", "dxf_type": "LINE"}, "geometry": {"type": "LineString", "coordinates": [[-54.99411808738082, -10.232510028196717], [-54.99413097088706, -10.232497424665029]]}}, {"type": "Feature", "properties": {"layer": "Fluxo", "dxf_type": "LINE"}, "geometry": {"type": "LineString", "coordinates": [[-54.9941387013576, -10.232489862186368], [-54.994151585780436, -10.232477257755274]]}}, {"type": "Feature", "properties": {"layer": "Fluxo", "dxf_type": "LINE"}, "geometry": {"type": "LineString", "coordinates": [[-54.99408510997878, -10.232532205167193], [-54.99409495969694, -10.232522569498673]]}}, {"type": "Feature", "properties": {"layer": "Fluxo", "dxf_type": "LINE"}, "geometry": {"type": "LineString", "coordinates": [[-54.99410269016889, -10.232515007021158], [-54.99411557368154, -10.232502402586368]]}}, {"type": "Feature", "properties": {"layer": "Fluxo", "dxf_type": "LINE"}, "geometry": {"type": "LineString", "coordinates": [[-54.99412330415252, -10.23249484010817], [-54.9941361885704, -10.23248223658173]]}}, {"type": "Feature", "properties": {"layer": "Fluxo", "dxf_type": "LINE"}, "geometry": {"type": "LineString", "coordinates": [[-54.99407076321199, -10.232536155472955], [-54.99407956248422, -10.232527548321851]]}}, {"type": "Feature", "properties": {"layer": "Fluxo", "dxf_type": "LINE"}, "geometry": {"type": "LineString", "coordinates": [[-54.99408729295661, -10.232519985844796], [-54.99410017738252, -10.232507381416395]]}}, {"type": "Feature", "properties": {"layer": "Fluxo", "dxf_type": "LINE"}, "geometry": {"type": "LineString", "coordinates": [[-54.994107907853945, -10.232499818938656], [-54.994120791365695, -10.232487214503477]]}}, {"type": "Feature", "properties": {"layer": "Fluxo", "dxf_type": "LINE"}, "geometry": {"type": "LineString", "coordinates": [[-54.99405641827571, -10.232540104885379], [-54.99406416527682, -10.23253252624032]]}}, {"type": "Feature", "properties": {"layer": "Fluxo", "dxf_type": "LINE"}, "geometry": {"type": "LineString", "coordinates": [[-54.99407189574964, -10.232524963763725], [-54.99408478017062, -10.232512360239976]]}}, {"type": "Feature", "properties": {"layer": "Fluxo", "dxf_type": "LINE"}, "geometry": {"type": "LineString", "coordinates": [[-54.99409251064247, -10.2325047977627], [-54.99410539415495, -10.232492193328287]]}}, {"type": "Feature", "properties": {"layer": "Fluxo", "dxf_type": "LINE"}, "geometry": {"type": "LineString", "coordinates": [[-54.9940420742574, -10.23254405339886], [-54.99404876806339, -10.232537505061853]]}}, {"type": "Feature", "properties": {"layer": "Fluxo", "dxf_type": "LINE"}, "geometry": {"type": "LineString", "coordinates": [[-54.99405649853666, -10.23252994258572], [-54.99406938296403, -10.232517338158837]]}}, {"type": "Feature", "properties": {"layer": "Fluxo", "dxf_type": "LINE"}, "geometry": {"type": "LineString", "coordinates": [[-54.994077113436326, -10.232509775682036], [-54.994089996943856, -10.232497172152275]]}}, {"type": "Feature", "properties": {"layer": "Fluxo", "dxf_type": "LINE"}, "geometry": {"type": "LineString", "coordinates": [[-54.99402773116275, -10.232548000109476], [-54.994033370855284, -10.232542482978678]]}}, {"type": "Feature", "properties": {"layer": "Fluxo", "dxf_type": "LINE"}, "geometry": {"type": "LineString", "coordinates": [[-54.99404110132899, -10.232534920503005], [-54.994053985751414, -10.232522316980775]]}}, {"type": "Feature", "properties": {"layer": "Fluxo", "dxf_type": "LINE"}, "geometry": {"type": "LineString", "coordinates": [[-54.994061716224145, -10.232514754504416], [-54.99407459973808, -10.232502150071555]]}}, {"type": "Feature", "properties": {"layer": "Fluxo", "dxf_type": "LINE"}, "geometry": {"type": "LineString", "coordinates": [[-54.99401338989861, -10.232551945926755], [-54.99401797364114, -10.23254746179857]]}}, {"type": "Feature", "properties": {"layer": "Fluxo", "dxf_type": "LINE"}, "geometry": {"type": "LineString", "coordinates": [[-54.99402570411529, -10.232539899323356], [-54.99403858853844, -10.232527295801894]]}}, {"type": "Feature", "properties": {"layer": "Fluxo", "dxf_type": "LINE"}, "geometry": {"type": "LineString", "coordinates": [[-54.99404631901161, -10.232519733325999], [-54.99405920252627, -10.2325071288939]]}}, {"type": "Feature", "properties": {"layer": "Fluxo", "dxf_type": "LINE"}, "geometry": {"type": "LineString", "coordinates": [[-54.99399904955245, -10.232555890845068], [-54.99400257642665, -10.232552440617619]]}}, {"type": "Feature", "properties": {"layer": "Fluxo", "dxf_type": "LINE"}, "geometry": {"type": "LineString", "coordinates": [[-54.99401030690123, -10.232544878142884], [-54.9940231913308, -10.2325322737183]]}}, {"type": "Feature", "properties": {"layer": "Fluxo", "dxf_type": "LINE"}, "geometry": {"type": "LineString", "coordinates": [[-54.9940309218044, -10.232524711242865], [-54.99404380531412, -10.232512107715424]]}}, {"type": "Feature", "properties": {"layer": "Fluxo", "dxf_type": "LINE"}, "geometry": {"type": "LineString", "coordinates": [[-54.994051535786745, -10.232504545239301], [-54.99405242094834, -10.23250367931376]]}}, {"type": "Feature", "properties": {"layer": "Fluxo", "dxf_type": "LINE"}, "geometry": {"type": "LineString", "coordinates": [[-54.99398471012995, -10.232559833960538], [-54.993987179217484, -10.23255741853198]]}}, {"type": "Feature", "properties": {"layer": "Fluxo", "dxf_type": "LINE"}, "geometry": {"type": "LineString", "coordinates": [[-54.9939949096925, -10.232549856057688], [-54.99400779411712, -10.232537252537782]]}}, {"type": "Feature", "properties": {"layer": "Fluxo", "dxf_type": "LINE"}, "geometry": {"type": "LineString", "coordinates": [[-54.99401552459116, -10.232529690062803], [-54.99402840810728, -10.232517085632225]]}}, {"type": "Feature", "properties": {"layer": "Fluxo", "dxf_type": "LINE"}, "geometry": {"type": "LineString", "coordinates": [[-54.99403613858035, -10.232509523156581], [-54.994038076931744, -10.232507627827358]]}}, {"type": "Feature", "properties": {"layer": "Fluxo", "dxf_type": "LINE"}, "geometry": {"type": "LineString", "coordinates": [[-54.99397037253796, -10.23256377618265], [-54.99397178200228, -10.232562397349403]]}}, {"type": "Feature", "properties": {"layer": "Fluxo", "dxf_type": "LINE"}, "geometry": {"type": "LineString", "coordinates": [[-54.993979512477736, -10.232554834875572], [-54.99399239690876, -10.232542230452546]]}}, {"type": "Feature", "properties": {"layer": "Fluxo", "dxf_type": "LINE"}, "geometry": {"type": "LineString", "coordinates": [[-54.994000127383245, -10.23253466797803], [-54.99401301089441, -10.232522064452105]]}}, {"type": "Feature", "properties": {"layer": "Fluxo", "dxf_type": "LINE"}, "geometry": {"type": "LineString", "coordinates": [[-54.99402074136792, -10.232514501976903], [-54.994023733838794, -10.232511574538107]]}}, {"type": "Feature", "properties": {"layer": "Fluxo", "dxf_type": "LINE"}, "geometry": {"type": "LineString", "coordinates": [[-54.993956035863945, -10.232567717505818], [-54.99395638478673, -10.232567376166006]]}}, {"type": "Feature", "properties": {"layer": "Fluxo", "dxf_type": "LINE"}, "geometry": {"type": "LineString", "coordinates": [[-54.99396411526262, -10.232559813692637], [-54.99397699969437, -10.232547209270377]]}}, {"type": "Feature", "properties": {"layer": "Fluxo", "dxf_type": "LINE"}, "geometry": {"type": "LineString", "coordinates": [[-54.99398473016929, -10.232539646796319], [-54.993997613681195, -10.232527043271162]]}}, {"type": "Feature", "properties": {"layer": "Fluxo", "dxf_type": "LINE"}, "geometry": {"type": "LineString", "coordinates": [[-54.994005344155134, -10.232519480796423], [-54.99400939165815, -10.23251552125378]]}}, {"type": "Feature", "properties": {"layer": "Fluxo", "dxf_type": "LINE"}, "geometry": {"type": "LineString", "coordinates": [[-54.99394871805283, -10.23256479160499], [-54.99396160247963, -10.232552188087366]]}}, {"type": "Feature", "properties": {"layer": "Fluxo", "dxf_type": "LINE"}, "geometry": {"type": "LineString", "coordinates": [[-54.99396933295498, -10.232544625613787], [-54.99398221647329, -10.232532021185513]]}}, {"type": "Feature", "properties": {"layer": "Fluxo", "dxf_type": "LINE"}, "geometry": {"type": "LineString", "coordinates": [[-54.99398994694768, -10.232524458711232], [-54.99399505040117, -10.232519466166607]]}}, {"type": "Feature", "properties": {"layer": "Fluxo", "dxf_type": "LINE"}, "geometry": {"type": "LineString", "coordinates": [[-54.993933320837, -10.232569770420412], [-54.993946205270205, -10.232557165999669]]}}, {"type": "Feature", "properties": {"layer": "Fluxo", "dxf_type": "LINE"}, "geometry": {"type": "LineString", "coordinates": [[-54.993953935746, -10.232549603526534], [-54.99396681925936, -10.23253700000293]]}}, {"type": "Feature", "properties": {"layer": "Fluxo", "dxf_type": "LINE"}, "geometry": {"type": "LineString", "coordinates": [[-54.993974549734176, -10.232529437529108], [-54.99398071097469, -10.232523410186095]]}}, {"type": "Feature", "properties": {"layer": "Fluxo", "dxf_type": "LINE"}, "geometry": {"type": "LineString", "coordinates": [[-54.99391792362082, -10.232574749235008], [-54.993930808054756, -10.232562144815033]]}}, {"type": "Feature", "properties": {"layer": "Fluxo", "dxf_type": "LINE"}, "geometry": {"type": "LineString", "coordinates": [[-54.99393853853098, -10.23255458234236], [-54.993951422050756, -10.232541977915636]]}}, {"type": "Feature", "properties": {"layer": "Fluxo", "dxf_type": "LINE"}, "geometry": {"type": "LineString", "coordinates": [[-54.99395915252601, -10.232534415442279], [-54.9939663724662, -10.232527353306617]]}}, {"type": "Feature", "properties": {"layer": "Fluxo", "dxf_type": "LINE"}, "geometry": {"type": "LineString", "coordinates": [[-54.99390252640997, -10.232579727144897], [-54.99391541083895, -10.232567123629577]]}}, {"type": "Feature", "properties": {"layer": "Fluxo", "dxf_type": "LINE"}, "geometry": {"type": "LineString", "coordinates": [[-54.99392314131562, -10.232559561157364], [-54.99393602483612, -10.232546956731412]]}}, {"type": "Feature", "properties": {"layer": "Fluxo", "dxf_type": "LINE"}, "geometry": {"type": "LineString", "coordinates": [[-54.99394375531181, -10.23253939425851], [-54.99395203579388, -10.232531294629904]]}}, {"type": "Feature", "properties": {"layer": "Fluxo", "dxf_type": "LINE"}, "geometry": {"type": "LineString", "coordinates": [[-54.99388712919307, -10.232584705957853], [-54.99390001362847, -10.232572101539413]]}}, {"type": "Feature", "properties": {"layer": "Fluxo", "dxf_type": "LINE"}, "geometry": {"type": "LineString", "coordinates": [[-54.99390774410558, -10.23256453906766], [-54.99392062762112, -10.23255193554634]]}}, {"type": "Feature", "properties": {"layer": "Fluxo", "dxf_type": "LINE"}, "geometry": {"type": "LineString", "coordinates": [[-54.99392835809726, -10.23254437307392], [-54.993937699127024, -10.232535235048621]]}}, {"type": "Feature", "properties": {"layer": "Fluxo", "dxf_type": "LINE"}, "geometry": {"type": "LineString", "coordinates": [[-54.99387173197584, -10.232589684769986], [-54.993884616411954, -10.232577080352314]]}}, {"type": "Feature", "properties": {"layer": "Fluxo", "dxf_type": "LINE"}, "geometry": {"type": "LineString", "coordinates": [[-54.993892346889496, -10.23256951788102], [-54.99390523041146, -10.232556913456584]]}}, {"type": "Feature", "properties": {"layer": "Fluxo", "dxf_type": "LINE"}, "geometry": {"type": "LineString", "coordinates": [[-54.993912960888025, -10.232549350984607], [-54.993923365208886, -10.232539173675722]]}}, {"type": "Feature", "properties": {"layer": "Fluxo", "dxf_type": "LINE"}, "geometry": {"type": "LineString", "coordinates": [[-54.99385633476391, -10.232594662677394], [-54.99386921919508, -10.232582059164393]]}}, {"type": "Feature", "properties": {"layer": "Fluxo", "dxf_type": "LINE"}, "geometry": {"type": "LineString", "coordinates": [[-54.993876949673066, -10.232574496693559], [-54.99388983319575, -10.23256189226989]]}}, {"type": "Feature", "properties": {"layer": "Fluxo", "dxf_type": "LINE"}, "geometry": {"type": "LineString", "coordinates": [[-54.99389756367276, -10.232554329798374], [-54.993909031290514, -10.232543112302126]]}}, {"type": "Feature", "properties": {"layer": "Fluxo", "dxf_type": "LINE"}, "geometry": {"type": "LineString", "coordinates": [[-54.99384138563645, -10.23259920313592], [-54.99385382198354, -10.232587037071765]]}}, {"type": "Feature", "properties": {"layer": "Fluxo", "dxf_type": "LINE"}, "geometry": {"type": "LineString", "coordinates": [[-54.993861552461965, -10.232579474601392], [-54.9938744359797, -10.232566871082375]]}}, {"type": "Feature", "properties": {"layer": "Fluxo", "dxf_type": "LINE"}, "geometry": {"type": "LineString", "coordinates": [[-54.99388216645714, -10.232559308611318], [-54.99389469920833, -10.232547049131322]]}}, {"type": "Feature", "properties": {"layer": "Fluxo", "dxf_type": "LINE"}, "geometry": {"type": "LineString", "coordinates": [[-54.9938270599789, -10.232603133673624], [-54.99383842476597, -10.23259201588218]]}}, {"type": "Feature", "properties": {"layer": "Fluxo", "dxf_type": "LINE"}, "geometry": {"type": "LineString", "coordinates": [[-54.99384615524482, -10.232584453412285], [-54.99385903876897, -10.232571848990151]]}}, {"type": "Feature", "properties": {"layer": "Fluxo", "dxf_type": "LINE"}, "geometry": {"type": "LineString", "coordinates": [[-54.99386676924684, -10.232564286519555], [-54.99387965367623, -10.232551683005791]]}}, {"type": "Feature", "properties": {"layer": "Fluxo", "dxf_type": "LINE"}, "geometry": {"type": "LineString", "coordinates": [[-54.99381273523931, -10.23260706331239], [-54.99382302754803, -10.232596994691793]]}}, {"type": "Feature", "properties": {"layer": "Fluxo", "dxf_type": "LINE"}, "geometry": {"type": "LineString", "coordinates": [[-54.99383075802733, -10.23258943222236], [-54.993843642464746, -10.232576827806618]]}}, {"type": "Feature", "properties": {"layer": "Fluxo", "dxf_type": "LINE"}, "geometry": {"type": "LineString", "coordinates": [[-54.993851372943055, -10.23256926533648], [-54.99386425646631, -10.232556660913973]]}}, {"type": "Feature", "properties": {"layer": "Fluxo", "dxf_type": "LINE"}, "geometry": {"type": "LineString", "coordinates": [[-54.99379841142338, -10.232610991148293], [-54.993807630335425, -10.232601972596699]]}}, {"type": "Feature", "properties": {"layer": "Fluxo", "dxf_type": "LINE"}, "geometry": {"type": "LineString", "coordinates": [[-54.993815360815155, -10.232594410127712], [-54.99382824524762, -10.232581806616638]]}}, {"type": "Feature", "properties": {"layer": "Fluxo", "dxf_type": "LINE"}, "geometry": {"type": "LineString", "coordinates": [[-54.99383597572638, -10.232574244146962], [-54.993848859250356, -10.23256163972522]]}}, {"type": "Feature", "properties": {"layer": "Fluxo", "dxf_type": "LINE"}, "geometry": {"type": "LineString", "coordinates": [[-54.99378408943797, -10.232614918090864], [-54.993792233116785, -10.23260695140467]]}}, {"type": "Feature", "properties": {"layer": "Fluxo", "dxf_type": "LINE"}, "geometry": {"type": "LineString", "coordinates": [[-54.993799963596956, -10.232599388936139], [-54.99381284803583, -10.232586784521951]]}}, {"type": "Feature", "properties": {"layer": "Fluxo", "dxf_type": "LINE"}, "geometry": {"type": "LineString", "coordinates": [[-54.99382057851502, -10.232579222052735], [-54.99383346203405, -10.232566618535644]]}}, {"type": "Feature", "properties": {"layer": "Fluxo", "dxf_type": "LINE"}, "geometry": {"type": "LineString", "coordinates": [[-54.99376976837054, -10.232618844134471], [-54.99377683589779, -10.232611930211817]]}}, {"type": "Feature", "properties": {"layer": "Fluxo", "dxf_type": "LINE"}, "geometry": {"type": "LineString", "coordinates": [[-54.993784566378395, -10.232604367743749], [-54.993797450818, -10.232591763330307]]}}, {"type": "Feature", "properties": {"layer": "Fluxo", "dxf_type": "LINE"}, "geometry": {"type": "LineString", "coordinates": [[-54.99380518129763, -10.232584200861568], [-54.993818064823074, -10.232571596441364]]}}, {"type": "Feature", "properties": {"layer": "Fluxo", "dxf_type": "LINE"}, "geometry": {"type": "LineString", "coordinates": [[-54.99375544822678, -10.232622768375236], [-54.993761438684125, -10.232616908114261]]}}, {"type": "Feature", "properties": {"layer": "Fluxo", "dxf_type": "LINE"}, "geometry": {"type": "LineString", "coordinates": [[-54.99376916916517, -10.232609345646653], [-54.99378205359982, -10.232596742137861]]}}, {"type": "Feature", "properties": {"layer": "Fluxo", "dxf_type": "LINE"}, "geometry": {"type": "LineString", "coordinates": [[-54.993789784079894, -10.232589179669585], [-54.99380266760606, -10.232576575250146]]}}, {"type": "Feature", "properties": {"layer": "Fluxo", "dxf_type": "LINE"}, "geometry": {"type": "LineString", "coordinates": [[-54.993741129913516, -10.23262669172267], [-54.99374604146442, -10.232621886919762]]}}, {"type": "Feature", "properties": {"layer": "Fluxo", "dxf_type": "LINE"}, "geometry": {"type": "LineString", "coordinates": [[-54.993753771945904, -10.232614324452614], [-54.99376665638696, -10.232601720040707]]}}, {"type": "Feature", "properties": {"layer": "Fluxo", "dxf_type": "LINE"}, "geometry": {"type": "LineString", "coordinates": [[-54.99377438686747, -10.232594157572878], [-54.99378727038869, -10.232581554058106]]}}, {"type": "Feature", "properties": {"layer": "Fluxo", "dxf_type": "LINE"}, "geometry": {"type": "LineString", "coordinates": [[-54.99372681251825, -10.232630614171127], [-54.993730644244366, -10.232626865724445]]}}, {"type": "Feature", "properties": {"layer": "Fluxo", "dxf_type": "LINE"}, "geometry": {"type": "LineString", "coordinates": [[-54.993738374726284, -10.232619303257758], [-54.99375125916807, -10.23260669884662]]}}, {"type": "Feature", "properties": {"layer": "Fluxo", "dxf_type": "LINE"}, "geometry": {"type": "LineString", "coordinates": [[-54.99375898964902, -10.232599136379248], [-54.99377187317664, -10.232586531961362]]}}, {"type": "Feature", "properties": {"layer": "Fluxo", "dxf_type": "LINE"}, "geometry": {"type": "LineString", "coordinates": [[-54.993779603656606, -10.232578969493304], [-54.99378008296656, -10.232578500600507]]}}, {"type": "Feature", "properties": {"layer": "Fluxo", "dxf_type": "LINE"}, "geometry": {"type": "LineString", "coordinates": [[-54.99371249604663, -10.232634534816755], [-54.993715247029634, -10.232631843624407]]}}, {"type": "Feature", "properties": {"layer": "Fluxo", "dxf_type": "LINE"}, "geometry": {"type": "LineString", "coordinates": [[-54.993722977511986, -10.232624281158193], [-54.99373586194883, -10.23261167765171]]}}, {"type": "Feature", "properties": {"layer": "Fluxo", "dxf_type": "LINE"}, "geometry": {"type": "LineString", "coordinates": [[-54.99374359243021, -10.232604115184795], [-54.99375647595856, -10.232591510767659]]}}, {"type": "Feature", "properties": {"layer": "Fluxo", "dxf_type": "LINE"}, "geometry": {"type": "LineString", "coordinates": [[-54.99376420643897, -10.232583948300077], [-54.993765761895155, -10.232582427548133]]}}, {"type": "Feature", "properties": {"layer": "Fluxo", "dxf_type": "LINE"}, "geometry": {"type": "LineString", "coordinates": [[-54.993698180487314, -10.232638455467294], [-54.99369984980886, -10.232636822427443]]}}, {"type": "Feature", "properties": {"layer": "Fluxo", "dxf_type": "LINE"}, "geometry": {"type": "LineString", "coordinates": [[-54.993707580291655, -10.232629259961694], [-54.993720464734906, -10.232616655552091]]}}, {"type": "Feature", "properties": {"layer": "Fluxo", "dxf_type": "LINE"}, "geometry": {"type": "LineString", "coordinates": [[-54.993728195216725, -10.23260909308564], [-54.99374107874013, -10.232596489573154]]}}, {"type": "Feature", "properties": {"layer": "Fluxo", "dxf_type": "LINE"}, "geometry": {"type": "LineString", "coordinates": [[-54.99374880922097, -10.232588927106033], [-54.99375144175309, -10.232586351789035]]}}, {"type": "Feature", "properties": {"layer": "Fluxo", "dxf_type": "LINE"}, "geometry": {"type": "LineString", "coordinates": [[-54.99368386676988, -10.23264237341673], [-54.99368445258775, -10.232641801229661]]}}, {"type": "Feature", "properties": {"layer": "Fluxo", "dxf_type": "LINE"}, "geometry": {"type": "LineString", "coordinates": [[-54.993692183070976, -10.232634238764355], [-54.99370506751495, -10.232621634355533]]}}, {"type": "Feature", "properties": {"layer": "Fluxo", "dxf_type": "LINE"}, "geometry": {"type": "LineString", "coordinates": [[-54.99371279799721, -10.232614071889543], [-54.993725681527025, -10.232601467473941]]}}, {"type": "Feature", "properties": {"layer": "Fluxo", "dxf_type": "LINE"}, "geometry": {"type": "LineString", "coordinates": [[-54.993733412008304, -10.232593905007267], [-54.99373712252333, -10.232590276034857]]}}, {"type": "Feature", "properties": {"layer": "Fluxo", "dxf_type": "LINE"}, "geometry": {"type": "LineString", "coordinates": [[-54.99367678585562, -10.232639216662324], [-54.99368967029465, -10.23262661315816]]}}, {"type": "Feature", "properties": {"layer": "Fluxo", "dxf_type": "LINE"}, "geometry": {"type": "LineString", "coordinates": [[-54.99369740077734, -10.23261905069263], [-54.99371028430788, -10.232606446277792]]}}, {"type": "Feature", "properties": {"layer": "Fluxo", "dxf_type": "LINE"}, "geometry": {"type": "LineString", "coordinates": [[-54.9937180147896, -10.23259888381158], [-54.99372280421722, -10.23259419847784]]}}, {"type": "Feature", "properties": {"layer": "Fluxo", "dxf_type": "LINE"}, "geometry": {"type": "LineString", "coordinates": [[-54.99366138863423, -10.23264419546336], [-54.99367427307966, -10.23263159105606]]}}, {"type": "Feature", "properties": {"layer": "Fluxo", "dxf_type": "LINE"}, "geometry": {"type": "LineString", "coordinates": [[-54.9936820035628, -10.232624028591005], [-54.99369488708839, -10.232611425080824]]}}, {"type": "Feature", "properties": {"layer": "Fluxo", "dxf_type": "LINE"}, "geometry": {"type": "LineString", "coordinates": [[-54.99370261757054, -10.232603862615067], [-54.99370848774163, -10.232598120027472]]}}, {"type": "Feature", "properties": {"layer": "Fluxo", "dxf_type": "LINE"}, "geometry": {"type": "LineString", "coordinates": [[-54.993645991412485, -10.232649174263573], [-54.99365887585865, -10.232636569857037]]}}, {"type": "Feature", "properties": {"layer": "Fluxo", "dxf_type": "LINE"}, "geometry": {"type": "LineString", "coordinates": [[-54.99366660634222, -10.232629007392447], [-54.99367948987422, -10.232616402979144]]}}, {"type": "Feature", "properties": {"layer": "Fluxo", "dxf_type": "LINE"}, "geometry": {"type": "LineString", "coordinates": [[-54.99368722035681, -10.232608840513853], [-54.99369417218402, -10.23260204067816]]}}, {"type": "Feature", "properties": {"layer": "Fluxo", "dxf_type": "LINE"}, "geometry": {"type": "LineString", "coordinates": [[-54.99363059419606, -10.232654152159078], [-54.99364347863728, -10.232641548657197]]}}, {"type": "Feature", "properties": {"layer": "Fluxo", "dxf_type": "LINE"}, "geometry": {"type": "LineString", "coordinates": [[-54.99365120912128, -10.232633986193049], [-54.993664092654015, -10.232621381780532]]}}, {"type": "Feature", "properties": {"layer": "Fluxo", "dxf_type": "LINE"}, "geometry": {"type": "LineString", "coordinates": [[-54.99367182313704, -10.232613819315699], [-54.99367985755007, -10.232605959525989]]}}, {"type": "Feature", "properties": {"layer": "Fluxo", "dxf_type": "LINE"}, "geometry": {"type": "LineString", "coordinates": [[-54.993615196973614, -10.232659130957646], [-54.993628081421235, -10.232646526552648]]}}, {"type": "Feature", "properties": {"layer": "Fluxo", "dxf_type": "LINE"}, "geometry": {"type": "LineString", "coordinates": [[-54.993635811905676, -10.232638964088961], [-54.99364869543346, -10.232626360581097]]}}, {"type": "Feature", "properties": {"layer": "Fluxo", "dxf_type": "LINE"}, "geometry": {"type": "LineString", "coordinates": [[-54.993656425916924, -10.232618798116723], [-54.993665544746634, -10.232609877480487]]}}, {"type": "Feature", "properties": {"layer": "Fluxo", "dxf_type": "LINE"}, "geometry": {"type": "LineString", "coordinates": [[-54.99359979975081, -10.232664109755392], [-54.99361268419916, -10.232651505351164]]}}, {"type": "Feature", "properties": {"layer": "Fluxo", "dxf_type": "LINE"}, "geometry": {"type": "LineString", "coordinates": [[-54.99362041468404, -10.232643942887936], [-54.99363329821823, -10.232631338476939]]}}, {"type": "Feature", "properties": {"layer": "Fluxo", "dxf_type": "LINE"}, "geometry": {"type": "LineString", "coordinates": [[-54.99364102870213, -10.232623776013043], [-54.99365123286119, -10.232613794536027]]}}, {"type": "Feature", "properties": {"layer": "Fluxo", "dxf_type": "LINE"}, "geometry": {"type": "LineString", "coordinates": [[-54.99358440253332, -10.232669087648418], [-54.99359728697672, -10.232656484148858]]}}, {"type": "Feature", "properties": {"layer": "Fluxo", "dxf_type": "LINE"}, "geometry": {"type": "LineString", "coordinates": [[-54.99360501746204, -10.23264892168609], [-54.99361790099696, -10.232636317275857]]}}, {"type": "Feature", "properties": {"layer": "Fluxo", "dxf_type": "LINE"}, "geometry": {"type": "LineString", "coordinates": [[-54.9936256314813, -10.232628754812424], [-54.9936369218994, -10.23261770978872]]}}, {"type": "Feature", "properties": {"layer": "Fluxo", "dxf_type": "LINE"}, "geometry": {"type": "LineString", "coordinates": [[-54.99356935974238, -10.232673719715667], [-54.99358188975962, -10.232661462041843]]}}, {"type": "Feature", "properties": {"layer": "Fluxo", "dxf_type": "LINE"}, "geometry": {"type": "LineString", "coordinates": [[-54.99358962024537, -10.232653899579535], [-54.99360250377534, -10.23264129607396]]}}, {"type": "Feature", "properties": {"layer": "Fluxo", "dxf_type": "LINE"}, "geometry": {"type": "LineString", "coordinates": [[-54.99361023426012, -10.232633733610966], [-54.993622612762444, -10.232621625051971]]}}, {"type": "Feature", "properties": {"layer": "Fluxo", "dxf_type": "LINE"}, "geometry": {"type": "LineString", "coordinates": [[-54.99355518191354, -10.232677505620057], [-54.99356649253647, -10.232666440837894]]}}, {"type": "Feature", "properties": {"layer": "Fluxo", "dxf_type": "LINE"}, "geometry": {"type": "LineString", "coordinates": [[-54.99357422302267, -10.232658878376046], [-54.99358710747158, -10.232646273972975]]}}, {"type": "Feature", "properties": {"layer": "Fluxo", "dxf_type": "LINE"}, "geometry": {"type": "LineString", "coordinates": [[-54.9935948379568, -10.232638711510443], [-54.993607721485866, -10.23262610800451]]}}, {"type": "Feature", "properties": {"layer": "Fluxo", "dxf_type": "LINE"}, "geometry": {"type": "LineString", "coordinates": [[-54.99354131627901, -10.232680986114959], [-54.99355109531298, -10.2326714196331]]}}, {"type": "Feature", "properties": {"layer": "Fluxo", "dxf_type": "LINE"}, "geometry": {"type": "LineString", "coordinates": [[-54.99355882579961, -10.232663857171731], [-54.99357171024925, -10.232651252769433]]}}, {"type": "Feature", "properties": {"layer": "Fluxo", "dxf_type": "LINE"}, "geometry": {"type": "LineString", "coordinates": [[-54.993579440734905, -10.232643690307357], [-54.99359232427039, -10.232631085898293]]}}, {"type": "Feature", "properties": {"layer": "Fluxo", "dxf_type": "LINE"}, "geometry": {"type": "LineString", "coordinates": [[-54.99352773988901, -10.232684182753063], [-54.99353569809481, -10.232676397523623]]}}, {"type": "Feature", "properties": {"layer": "Fluxo", "dxf_type": "LINE"}, "geometry": {"type": "LineString", "coordinates": [[-54.99354342858188, -10.232668835062698], [-54.99355631302657, -10.232656231565066]]}}, {"type": "Feature", "properties": {"layer": "Fluxo", "dxf_type": "LINE"}, "geometry": {"type": "LineString", "coordinates": [[-54.99356404351266, -10.232648669103455], [-54.99357692704888, -10.232636064695154]]}}, {"type": "Feature", "properties": {"layer": "Fluxo", "dxf_type": "LINE"}, "geometry": {"type": "LineString", "coordinates": [[-54.993514433449626, -10.23268711620567], [-54.99352030087061, -10.232681376317208]]}}, {"type": "Feature", "properties": {"layer": "Fluxo", "dxf_type": "LINE"}, "geometry": {"type": "LineString", "coordinates": [[-54.99352803135812, -10.232673813856742], [-54.99354091580921, -10.232661209455992]]}}, {"type": "Feature", "properties": {"layer": "Fluxo", "dxf_type": "LINE"}, "geometry": {"type": "LineString", "coordinates": [[-54.99354864629574, -10.232653646994843], [-54.993561529827, -10.232641043491194]]}}, {"type": "Feature", "properties": {"layer": "Fluxo", "dxf_type": "LINE"}, "geometry": {"type": "LineString", "coordinates": [[-54.99350137860787, -10.232689802630272], [-54.99350490364605, -10.23268635510997]]}}, {"type": "Feature", "properties": {"layer": "Fluxo", "dxf_type": "LINE"}, "geometry": {"type": "LineString", "coordinates": [[-54.993512634133985, -10.232678792649965], [-54.99352551858583, -10.232666188249985]]}}, {"type": "Feature", "properties": {"layer": "Fluxo", "dxf_type": "LINE"}, "geometry": {"type": "LineString", "coordinates": [[-54.99353324907279, -10.232658625789295], [-54.993546132610454, -10.232646021382527]]}}, {"type": "Feature", "properties": {"layer": "Fluxo", "dxf_type": "LINE"}, "geometry": {"type": "LineString", "coordinates": [[-54.99348855974268, -10.23269225910512], [-54.99348950642681, -10.232691332998026]]}}, {"type": "Feature", "properties": {"layer": "Fluxo", "dxf_type": "LINE"}, "geometry": {"type": "LineString", "coordinates": [[-54.99349723691519, -10.23268377053848], [-54.99351012136207, -10.232671167043135]]}}, {"type": "Feature", "properties": {"layer": "Fluxo", "dxf_type": "LINE"}, "geometry": {"type": "LineString", "coordinates": [[-54.99351785184948, -10.232663604582921], [-54.99353073538788, -10.232651000176926]]}}, {"type": "Feature", "properties": {"layer": "Fluxo", "dxf_type": "LINE"}, "geometry": {"type": "LineString", "coordinates": [[-54.99348183969037, -10.232688749330059], [-54.99349472414365, -10.232676144931595]]}}, {"type": "Feature", "properties": {"layer": "Fluxo", "dxf_type": "LINE"}, "geometry": {"type": "LineString", "coordinates": [[-54.993502454631496, -10.232668582471826], [-54.99351533816495, -10.232655978970499]]}}, {"type": "Feature", "properties": {"layer": "Fluxo", "dxf_type": "LINE"}, "geometry": {"type": "LineString", "coordinates": [[-54.99352306865181, -10.232648416510045], [-54.99352343961233, -10.23264805361254]]}}, {"type": "Feature", "properties": {"layer": "Fluxo", "dxf_type": "LINE"}, "geometry": {"type": "LineString", "coordinates": [[-54.993466442465184, -10.232693728120818], [-54.9934793269192, -10.232681123723122]]}}, {"type": "Feature", "properties": {"layer": "Fluxo", "dxf_type": "LINE"}, "geometry": {"type": "LineString", "coordinates": [[-54.993487057407485, -10.232673561263812], [-54.99349994094733, -10.232660956859366]]}}, {"type": "Feature", "properties": {"layer": "Fluxo", "dxf_type": "LINE"}, "geometry": {"type": "LineString", "coordinates": [[-54.99350767143464, -10.232653394399374], [-54.99351005971698, -10.232651058926155]]}}, {"type": "Feature", "properties": {"layer": "Fluxo", "dxf_type": "LINE"}, "geometry": {"type": "LineString", "coordinates": [[-54.99345138498652, -10.232698373650342], [-54.99346392969439, -10.232686102513822]]}}, {"type": "Feature", "properties": {"layer": "Fluxo", "dxf_type": "LINE"}, "geometry": {"type": "LineString", "coordinates": [[-54.99347166018311, -10.232678540054975], [-54.99348454372369, -10.232665935651298]]}}, {"type": "Feature", "properties": {"layer": "Fluxo", "dxf_type": "LINE"}, "geometry": {"type": "LineString", "coordinates": [[-54.99349227421144, -10.232658373191766], [-54.99349694611073, -10.232653802839572]]}}, {"type": "Feature", "properties": {"layer": "Fluxo", "dxf_type": "LINE"}, "geometry": {"type": "LineString", "coordinates": [[-54.99343938241809, -10.232700031569205], [-54.993448532474915, -10.232691080399821]]}}, {"type": "Feature", "properties": {"layer": "Fluxo", "dxf_type": "LINE"}, "geometry": {"type": "LineString", "coordinates": [[-54.99345626296407, -10.232683517941433], [-54.9934691464997, -10.232670914442393]]}}, {"type": "Feature", "properties": {"layer": "Fluxo", "dxf_type": "LINE"}, "geometry": {"type": "LineString", "coordinates": [[-54.99347687698788, -10.232663351983335], [-54.99348408133608, -10.232656304227563]]}}, {"type": "Feature", "properties": {"layer": "Fluxo", "dxf_type": "LINE"}, "geometry": {"type": "LineString", "coordinates": [[-54.99342755890241, -10.23270151432674], [-54.99343313524939, -10.23269605918888]]}}, {"type": "Feature", "properties": {"layer": "Fluxo", "dxf_type": "LINE"}, "geometry": {"type": "LineString", "coordinates": [[-54.99344086573898, -10.232688496730953], [-54.993453749281024, -10.232675892328793]]}}, {"type": "Feature", "properties": {"layer": "Fluxo", "dxf_type": "LINE"}, "geometry": {"type": "LineString", "coordinates": [[-54.99346147976964, -10.232668329870181], [-54.99347144887647, -10.232658577451097]]}}, {"type": "Feature", "properties": {"layer": "Fluxo", "dxf_type": "LINE"}, "geometry": {"type": "LineString", "coordinates": [[-54.99341590434479, -10.232702830899964], [-54.993417738023524, -10.23270103797712]]}}, {"type": "Feature", "properties": {"layer": "Fluxo", "dxf_type": "LINE"}, "geometry": {"type": "LineString", "coordinates": [[-54.99342546851355, -10.232693475519653], [-54.99343835205632, -10.23268087111826]]}}, {"type": "Feature", "properties": {"layer": "Fluxo", "dxf_type": "LINE"}, "geometry": {"type": "LineString", "coordinates": [[-54.993446082545375, -10.23267330866011], [-54.993458966999064, -10.232660704263218]]}}, {"type": "Feature", "properties": {"layer": "Fluxo", "dxf_type": "LINE"}, "geometry": {"type": "LineString", "coordinates": [[-54.99341007129344, -10.232698453403644], [-54.99342295483126, -10.232685849906904]]}}, {"type": "Feature", "properties": {"layer": "Fluxo", "dxf_type": "LINE"}, "geometry": {"type": "LineString", "coordinates": [[-54.99343068532075, -10.232678287449213], [-54.993443569775174, -10.232665683053089]]}}, {"type": "Feature", "properties": {"layer": "Fluxo", "dxf_type": "LINE"}, "geometry": {"type": "LineString", "coordinates": [[-54.993394674067304, -10.2327034321907], [-54.99340755761153, -10.232690827790842]]}}, {"type": "Feature", "properties": {"layer": "Fluxo", "dxf_type": "LINE"}, "geometry": {"type": "LineString", "coordinates": [[-54.99341528810146, -10.23268326533361], [-54.99342817255093, -10.232670661842121]]}}, {"type": "Feature", "properties": {"layer": "Fluxo", "dxf_type": "LINE"}, "geometry": {"type": "LineString", "coordinates": [[-54.993381885502785, -10.232705859018463], [-54.99339216038577, -10.232695806577842]]}}, {"type": "Feature", "properties": {"layer": "Fluxo", "dxf_type": "LINE"}, "geometry": {"type": "LineString", "coordinates": [[-54.99339989087613, -10.232688244121071], [-54.993412775332004, -10.232675639726466]]}}, {"type": "Feature", "properties": {"layer": "Fluxo", "dxf_type": "LINE"}, "geometry": {"type": "LineString", "coordinates": [[-54.9934205058214, -10.23266807726901], [-54.99342299694496, -10.232665641191371]]}}, {"type": "Feature", "properties": {"layer": "Fluxo", "dxf_type": "LINE"}, "geometry": {"type": "LineString", "coordinates": [[-54.99337073321128, -10.232706684241451], [-54.993376763159645, -10.232700785364022]]}}, {"type": "Feature", "properties": {"layer": "Fluxo", "dxf_type": "LINE"}, "geometry": {"type": "LineString", "coordinates": [[-54.993384493650446, -10.232693222907713], [-54.99339737810705, -10.232680618513873]]}}, {"type": "Feature", "properties": {"layer": "Fluxo", "dxf_type": "LINE"}, "geometry": {"type": "LineString", "coordinates": [[-54.993405108596875, -10.232673056056882], [-54.99341134881622, -10.232666951476862]]}}, {"type": "Feature", "properties": {"layer": "Fluxo", "dxf_type": "LINE"}, "geometry": {"type": "LineString", "coordinates": [[-54.9933592540279, -10.232707830148662], [-54.993361365938846, -10.232705763245495]]}}, {"type": "Feature", "properties": {"layer": "Fluxo", "dxf_type": "LINE"}, "geometry": {"type": "LineString", "coordinates": [[-54.99336909643009, -10.232698200789647], [-54.99338198088174, -10.23268559730046]]}}, {"type": "Feature", "properties": {"layer": "Fluxo", "dxf_type": "LINE"}, "geometry": {"type": "LineString", "coordinates": [[-54.993389711372004, -10.232678034843925], [-54.99339986871595, -10.232668098284071]]}}, {"type": "Feature", "properties": {"layer": "Fluxo", "dxf_type": "LINE"}, "geometry": {"type": "LineString", "coordinates": [[-54.993353699203695, -10.232703179574642], [-54.993366583661754, -10.232690575182339]]}}, {"type": "Feature", "properties": {"layer": "Fluxo", "dxf_type": "LINE"}, "geometry": {"type": "LineString", "coordinates": [[-54.99337431415246, -10.232683012726264], [-54.993387198603216, -10.232670409236704]]}}, {"type": "Feature", "properties": {"layer": "Fluxo", "dxf_type": "LINE"}, "geometry": {"type": "LineString", "coordinates": [[-54.99333830197695, -10.232708158358815], [-54.99335118643574, -10.232695553967277]]}}, {"type": "Feature", "properties": {"layer": "Fluxo", "dxf_type": "LINE"}, "geometry": {"type": "LineString", "coordinates": [[-54.99335891692689, -10.232687991511668], [-54.99337180138404, -10.232675387118988]]}}, {"type": "Feature", "properties": {"layer": "Fluxo", "dxf_type": "LINE"}, "geometry": {"type": "LineString", "coordinates": [[-54.99332416179273, -10.232711907423628], [-54.99333578920937, -10.232700532751402]]}}, {"type": "Feature", "properties": {"layer": "Fluxo", "dxf_type": "LINE"}, "geometry": {"type": "LineString", "coordinates": [[-54.99334351970094, -10.232692970296247], [-54.993356404158845, -10.23268036590434]]}}, {"type": "Feature", "properties": {"layer": "Fluxo", "dxf_type": "LINE"}, "geometry": {"type": "LineString", "coordinates": [[-54.99336413464945, -10.232672803448501], [-54.99336618687582, -10.232670794932172]]}}, {"type": "Feature", "properties": {"layer": "Fluxo", "dxf_type": "LINE"}, "geometry": {"type": "LineString", "coordinates": [[-54.99331223544195, -10.232713489878067], [-54.99332039198832, -10.232705510630813]]}}, {"type": "Feature", "properties": {"layer": "Fluxo", "dxf_type": "LINE"}, "geometry": {"type": "LineString", "coordinates": [[-54.993328122480335, -10.232697948176122], [-54.99334100693328, -10.232685344688864]]}}, {"type": "Feature", "properties": {"layer": "Fluxo", "dxf_type": "LINE"}, "geometry": {"type": "LineString", "coordinates": [[-54.99334873742432, -10.232677782233488], [-54.993354699429794, -10.23267194892383]]}}, {"type": "Feature", "properties": {"layer": "Fluxo", "dxf_type": "LINE"}, "geometry": {"type": "LineString", "coordinates": [[-54.99330018788043, -10.232715191806294], [-54.993304994761246, -10.23271048941327]]}}, {"type": "Feature", "properties": {"layer": "Fluxo", "dxf_type": "LINE"}, "geometry": {"type": "LineString", "coordinates": [[-54.993312725253695, -10.232702926959057], [-54.99332560971305, -10.232690322568683]]}}, {"type": "Feature", "properties": {"layer": "Fluxo", "dxf_type": "LINE"}, "geometry": {"type": "LineString", "coordinates": [[-54.99333334020453, -10.232682760113768], [-54.993343108224956, -10.232673204418507]]}}, {"type": "Feature", "properties": {"layer": "Fluxo", "dxf_type": "LINE"}, "geometry": {"type": "LineString", "coordinates": [[-54.99328801544096, -10.232717015897467], [-54.9932895975338, -10.232715468194924]]}}, {"type": "Feature", "properties": {"layer": "Fluxo", "dxf_type": "LINE"}, "geometry": {"type": "LineString", "coordinates": [[-54.9932973280267, -10.232707905741174], [-54.993310212486776, -10.232695301351566]]}}, {"type": "Feature", "properties": {"layer": "Fluxo", "dxf_type": "LINE"}, "geometry": {"type": "LineString", "coordinates": [[-54.9933179429787, -10.23268773889711], [-54.993330827437156, -10.23267513450636]]}}, {"type": "Feature", "properties": {"layer": "Fluxo", "dxf_type": "LINE"}, "geometry": {"type": "LineString", "coordinates": [[-54.993281930805026, -10.232712883618564], [-54.99329481526016, -10.23270028013363]]}}, {"type": "Feature", "properties": {"layer": "Fluxo", "dxf_type": "LINE"}, "geometry": {"type": "LineString", "coordinates": [[-54.993302545752506, -10.232692717679631], [-54.993315430211695, -10.23268011328965]]}}, {"type": "Feature", "properties": {"layer": "Fluxo", "dxf_type": "LINE"}, "geometry": {"type": "LineString", "coordinates": [[-54.99326653357733, -10.232717862399035], [-54.99327941803886, -10.232705258010983]]}}, {"type": "Feature", "properties": {"layer": "Fluxo", "dxf_type": "LINE"}, "geometry": {"type": "LineString", "coordinates": [[-54.99328714853165, -10.232697695557448], [-54.993300032985886, -10.232685092072119]]}}, {"type": "Feature", "properties": {"layer": "Fluxo", "dxf_type": "LINE"}, "geometry": {"type": "LineString", "coordinates": [[-54.99325113634926, -10.232722841178687], [-54.99326402081153, -10.232710236791378]]}}, {"type": "Feature", "properties": {"layer": "Fluxo", "dxf_type": "LINE"}, "geometry": {"type": "LineString", "coordinates": [[-54.99327175130476, -10.232702674338325], [-54.993284635765406, -10.232690069949879]]}}, {"type": "Feature", "properties": {"layer": "Fluxo", "dxf_type": "LINE"}, "geometry": {"type": "LineString", "coordinates": [[-54.993292366257656, -10.232682507496122], [-54.993295634201715, -10.232679310587523]]}}, {"type": "Feature", "properties": {"layer": "Fluxo", "dxf_type": "LINE"}, "geometry": {"type": "LineString", "coordinates": [[-54.99323797682873, -10.232725629993679], [-54.993248623583845, -10.232715215570977]]}}, {"type": "Feature", "properties": {"layer": "Fluxo", "dxf_type": "LINE"}, "geometry": {"type": "LineString", "coordinates": [[-54.99325635407751, -10.23270765311838], [-54.993269238538886, -10.232695048730704]]}}, {"type": "Feature", "properties": {"layer": "Fluxo", "dxf_type": "LINE"}, "geometry": {"type": "LineString", "coordinates": [[-54.99327696903158, -10.232687486277403], [-54.99328347094586, -10.232681125696162]]}}, {"type": "Feature", "properties": {"layer": "Fluxo", "dxf_type": "LINE"}, "geometry": {"type": "LineString", "coordinates": [[-54.993225103787054, -10.232728139454823], [-54.99323322636149, -10.232720193445866]]}}, {"type": "Feature", "properties": {"layer": "Fluxo", "dxf_type": "LINE"}, "geometry": {"type": "LineString", "coordinates": [[-54.99324095685559, -10.232712630993712], [-54.99325384131201, -10.232700027510706]]}}, {"type": "Feature", "properties": {"layer": "Fluxo", "dxf_type": "LINE"}, "geometry": {"type": "LineString", "coordinates": [[-54.99326157180514, -10.232692465057866], [-54.9932711809813, -10.232683063860362]]}}, {"type": "Feature", "properties": {"layer": "Fluxo", "dxf_type": "LINE"}, "geometry": {"type": "LineString", "coordinates": [[-54.99321207281141, -10.232730803416151], [-54.993217829133094, -10.232725172223816]]}}, {"type": "Feature", "properties": {"layer": "Fluxo", "dxf_type": "LINE"}, "geometry": {"type": "LineString", "coordinates": [[-54.99322555962763, -10.232717609772125], [-54.993238444090466, -10.232705005386]]}}, {"type": "Feature", "properties": {"layer": "Fluxo", "dxf_type": "LINE"}, "geometry": {"type": "LineString", "coordinates": [[-54.99324617458403, -10.232697442933622], [-54.99325876062947, -10.232685129577037]]}}, {"type": "Feature", "properties": {"layer": "Fluxo", "dxf_type": "LINE"}, "geometry": {"type": "LineString", "coordinates": [[-54.993198878392455, -10.232733627267194], [-54.99320243190434, -10.232730151000947]]}}, {"type": "Feature", "properties": {"layer": "Fluxo", "dxf_type": "LINE"}, "geometry": {"type": "LineString", "coordinates": [[-54.99321016239932, -10.232722588549716], [-54.99322304686289, -10.23270998416434]]}}, {"type": "Feature", "properties": {"layer": "Fluxo", "dxf_type": "LINE"}, "geometry": {"type": "LineString", "coordinates": [[-54.99323077735689, -10.232702421712442], [-54.99324366090629, -10.232689817320301]]}}, {"type": "Feature", "properties": {"layer": "Fluxo", "dxf_type": "LINE"}, "geometry": {"type": "LineString", "coordinates": [[-54.993185511347974, -10.232736619990524], [-54.99318703468092, -10.232735128873369]]}}, {"type": "Feature", "properties": {"layer": "Fluxo", "dxf_type": "LINE"}, "geometry": {"type": "LineString", "coordinates": [[-54.99319476517634, -10.232727566422597], [-54.993207649634954, -10.232714962941877]]}}, {"type": "Feature", "properties": {"layer": "Fluxo", "dxf_type": "LINE"}, "geometry": {"type": "LineString", "coordinates": [[-54.99321538012939, -10.232707400490437], [-54.99322826367951, -10.232694796099063]]}}, {"type": "Feature", "properties": {"layer": "Fluxo", "dxf_type": "LINE"}, "geometry": {"type": "LineString", "coordinates": [[-54.99317936794733, -10.232732545198544], [-54.99319225241234, -10.232719940814706]]}}, {"type": "Feature", "properties": {"layer": "Fluxo", "dxf_type": "LINE"}, "geometry": {"type": "LineString", "coordinates": [[-54.99319998290722, -10.232712378363711], [-54.99321286645239, -10.232699774877007]]}}, {"type": "Feature", "properties": {"layer": "Fluxo", "dxf_type": "LINE"}, "geometry": {"type": "LineString", "coordinates": [[-54.993220596946294, -10.232692212425325], [-54.99322066581279, -10.232692145055815]]}}, {"type": "Feature", "properties": {"layer": "Fluxo", "dxf_type": "LINE"}, "geometry": {"type": "LineString", "coordinates": [[-54.99316397071795, -10.23273752397367], [-54.9931768551837, -10.232724919590598]]}}, {"type": "Feature", "properties": {"layer": "Fluxo", "dxf_type": "LINE"}, "geometry": {"type": "LineString", "coordinates": [[-54.99318458567902, -10.232717357140064], [-54.9931974692306, -10.232704752750243]]}}, {"type": "Feature", "properties": {"layer": "Fluxo", "dxf_type": "LINE"}, "geometry": {"type": "LineString", "coordinates": [[-54.99320519972494, -10.232697190299023], [-54.993207670649255, -10.232694773985095]]}}, {"type": "Feature", "properties": {"layer": "Fluxo", "dxf_type": "LINE"}, "geometry": {"type": "LineString", "coordinates": [[-54.9931485734939, -10.232742501844092], [-54.9931614579547, -10.23272989836567]]}}, {"type": "Feature", "properties": {"layer": "Fluxo", "dxf_type": "LINE"}, "geometry": {"type": "LineString", "coordinates": [[-54.99316918845045, -10.232722335915597], [-54.99318207200277, -10.232709731526523]]}}, {"type": "Feature", "properties": {"layer": "Fluxo", "dxf_type": "LINE"}, "geometry": {"type": "LineString", "coordinates": [[-54.99318980249755, -10.23270216907578], [-54.99319451663353, -10.232697558312816]]}}, {"type": "Feature", "properties": {"layer": "Fluxo", "dxf_type": "LINE"}, "geometry": {"type": "LineString", "coordinates": [[-54.99313317626382, -10.232747480617572], [-54.99314606073102, -10.232734876236034]]}}, {"type": "Feature", "properties": {"layer": "Fluxo", "dxf_type": "LINE"}, "geometry": {"type": "LineString", "coordinates": [[-54.99315379122722, -10.232727313786421], [-54.99316667477458, -10.232714710302002]]}}, {"type": "Feature", "properties": {"layer": "Fluxo", "dxf_type": "LINE"}, "geometry": {"type": "LineString", "coordinates": [[-54.9931744052698, -10.232707147851722], [-54.993181196425525, -10.232700504321105]]}}, {"type": "Feature", "properties": {"layer": "Fluxo", "dxf_type": "LINE"}, "geometry": {"type": "LineString", "coordinates": [[-54.99311777903338, -10.232752459390214], [-54.99313066350132, -10.232739855009463]]}}, {"type": "Feature", "properties": {"layer": "Fluxo", "dxf_type": "LINE"}, "geometry": {"type": "LineString", "coordinates": [[-54.99313839399795, -10.23273229256031], [-54.99315127755172, -10.232719688172772]]}}, {"type": "Feature", "properties": {"layer": "Fluxo", "dxf_type": "LINE"}, "geometry": {"type": "LineString", "coordinates": [[-54.99315900804738, -10.232712125722934], [-54.99316770359199, -10.232703619201683]]}}, {"type": "Feature", "properties": {"layer": "Fluxo", "dxf_type": "LINE"}, "geometry": {"type": "LineString", "coordinates": [[-54.99310238180828, -10.232757437258169], [-54.99311526627126, -10.232744833782068]]}}, {"type": "Feature", "properties": {"layer": "Fluxo", "dxf_type": "LINE"}, "geometry": {"type": "LineString", "coordinates": [[-54.99312299676832, -10.232737271333376], [-54.993135880322825, -10.232724666946606]]}}, {"type": "Feature", "properties": {"layer": "Fluxo", "dxf_type": "LINE"}, "geometry": {"type": "LineString", "coordinates": [[-54.993143610818926, -10.232717104497226], [-54.99315402985758, -10.232706912846611]]}}, {"type": "Feature", "properties": {"layer": "Fluxo", "dxf_type": "LINE"}, "geometry": {"type": "LineString", "coordinates": [[-54.99308698457713, -10.232762416029187], [-54.993099869046524, -10.23274981164995]]}}, {"type": "Feature", "properties": {"layer": "Fluxo", "dxf_type": "LINE"}, "geometry": {"type": "LineString", "coordinates": [[-54.99310759954403, -10.232742249201737], [-54.99312048309358, -10.232729645719619]]}}, {"type": "Feature", "properties": {"layer": "Fluxo", "dxf_type": "LINE"}, "geometry": {"type": "LineString", "coordinates": [[-54.99312821359011, -10.232722083270703], [-54.99314016514454, -10.232710391521168]]}}, {"type": "Feature", "properties": {"layer": "Fluxo", "dxf_type": "LINE"}, "geometry": {"type": "LineString", "coordinates": [[-54.99307158734564, -10.232767394799378], [-54.993084471815756, -10.232754790420913]]}}, {"type": "Feature", "properties": {"layer": "Fluxo", "dxf_type": "LINE"}, "geometry": {"type": "LineString", "coordinates": [[-54.9930922023137, -10.232747227973157], [-54.99310508586965, -10.232734623587923]]}}, {"type": "Feature", "properties": {"layer": "Fluxo", "dxf_type": "LINE"}, "geometry": {"type": "LineString", "coordinates": [[-54.993112816366626, -10.232727061139466], [-54.99312570082782, -10.2327144576626]]}}, {"type": "Feature", "properties": {"layer": "Fluxo", "dxf_type": "LINE"}, "geometry": {"type": "LineString", "coordinates": [[-54.99305619011946, -10.232772372664868], [-54.99306907458464, -10.232759769191052]]}}, {"type": "Feature", "properties": {"layer": "Fluxo", "dxf_type": "LINE"}, "geometry": {"type": "LineString", "coordinates": [[-54.993076805083014, -10.23275220674374], [-54.9930896886397, -10.232739602359292]]}}, {"type": "Feature", "properties": {"layer": "Fluxo", "dxf_type": "LINE"}, "geometry": {"type": "LineString", "coordinates": [[-54.99309741913711, -10.232732039911296], [-54.99311030360471, -10.232719435531314]]}}, {"type": "Feature", "properties": {"layer": "Fluxo", "dxf_type": "LINE"}, "geometry": {"type": "LineString", "coordinates": [[-54.99304079288726, -10.232777351433418], [-54.99305367735884, -10.232764747056486]]}}, {"type": "Feature", "properties": {"layer": "Fluxo", "dxf_type": "LINE"}, "geometry": {"type": "LineString", "coordinates": [[-54.99306140785765, -10.232757184609635], [-54.99307429232193, -10.232744581135464]]}}, {"type": "Feature", "properties": {"layer": "Fluxo", "dxf_type": "LINE"}, "geometry": {"type": "LineString", "coordinates": [[-54.99308202190723, -10.232737018682304], [-54.99309490637557, -10.232724414303085]]}}, {"type": "Feature", "properties": {"layer": "Fluxo", "dxf_type": "LINE"}, "geometry": {"type": "LineString", "coordinates": [[-54.9930253956547, -10.232782330201148], [-54.99303828012701, -10.232769725824985]]}}, {"type": "Feature", "properties": {"layer": "Fluxo", "dxf_type": "LINE"}, "geometry": {"type": "LineString", "coordinates": [[-54.993046010626266, -10.232762163378595], [-54.993058895096944, -10.232749559001284]]}}, {"type": "Feature", "properties": {"layer": "Fluxo", "dxf_type": "LINE"}, "geometry": {"type": "LineString", "coordinates": [[-54.99306662559522, -10.232741996554228], [-54.993079509146064, -10.23272939307404]]}}, {"type": "Feature", "properties": {"layer": "Fluxo", "dxf_type": "LINE"}, "geometry": {"type": "LineString", "coordinates": [[-54.99300999842747, -10.232787308064154], [-54.99302288289482, -10.23277470459266]]}}, {"type": "Feature", "properties": {"layer": "Fluxo", "dxf_type": "LINE"}, "geometry": {"type": "LineString", "coordinates": [[-54.99303061339451, -10.232767142146729], [-54.993043497865926, -10.23275453777019]]}}, {"type": "Feature", "properties": {"layer": "Fluxo", "dxf_type": "LINE"}, "geometry": {"type": "LineString", "coordinates": [[-54.99305122836464, -10.232746975323593], [-54.99306411192189, -10.232734370940285]]}}, {"type": "Feature", "properties": {"layer": "Fluxo", "dxf_type": "LINE"}, "geometry": {"type": "LineString", "coordinates": [[-54.99299460119419, -10.232792286830238], [-54.99300748566796, -10.232779682455627]]}}, {"type": "Feature", "properties": {"layer": "Fluxo", "dxf_type": "LINE"}, "geometry": {"type": "LineString", "coordinates": [[-54.99301521616809, -10.232772120010155], [-54.993028100634554, -10.232759516538271]]}}, {"type": "Feature", "properties": {"layer": "Fluxo", "dxf_type": "LINE"}, "geometry": {"type": "LineString", "coordinates": [[-54.9930358311337, -10.232751954092118], [-54.99304871469168, -10.232739349709597]]}}, {"type": "Feature", "properties": {"layer": "Fluxo", "dxf_type": "LINE"}, "geometry": {"type": "LineString", "coordinates": [[-54.99297920396625, -10.232797264691614], [-54.99299208843507, -10.232784661221656]]}}, {"type": "Feature", "properties": {"layer": "Fluxo", "dxf_type": "LINE"}, "geometry": {"type": "LineString", "coordinates": [[-54.99299981893564, -10.23277709877665], [-54.9930127034085, -10.232764494401646]]}}, {"type": "Feature", "properties": {"layer": "Fluxo", "dxf_type": "LINE"}, "geometry": {"type": "LineString", "coordinates": [[-54.9930204339081, -10.232756931955953], [-54.99303331746112, -10.232744328478082]]}}, {"type": "Feature", "properties": {"layer": "Fluxo", "dxf_type": "LINE"}, "geometry": {"type": "LineString", "coordinates": [[-54.99296380673228, -10.23280224345606], [-54.9929766912075, -10.232789639082965]]}}, {"type": "Feature", "properties": {"layer": "Fluxo", "dxf_type": "LINE"}, "geometry": {"type": "LineString", "coordinates": [[-54.99298442170282, -10.232782077542318], [-54.99299730617642, -10.232769473168084]]}}, {"type": "Feature", "properties": {"layer": "Fluxo", "dxf_type": "LINE"}, "geometry": {"type": "LineString", "coordinates": [[-54.99300503667645, -10.232761910722852], [-54.993017920235886, -10.232749306341848]]}}, {"type": "Feature", "properties": {"layer": "Fluxo", "dxf_type": "LINE"}, "geometry": {"type": "LineString", "coordinates": [[-54.992938274174705, -10.232817137203627], [-54.992940678995524, -10.232814784663084]]}}, {"type": "Feature", "properties": {"layer": "Fluxo", "dxf_type": "LINE"}, "geometry": {"type": "LineString", "coordinates": [[-54.99294840949794, -10.23280722221968], [-54.9929612939739, -10.232794617847354]]}}, {"type": "Feature", "properties": {"layer": "Fluxo", "dxf_type": "LINE"}, "geometry": {"type": "LineString", "coordinates": [[-54.99296902447534, -10.232787055403268], [-54.99298190894399, -10.232774451933699]]}}, {"type": "Feature", "properties": {"layer": "Fluxo", "dxf_type": "LINE"}, "geometry": {"type": "LineString", "coordinates": [[-54.99298963944445, -10.232766889488929], [-54.99300252300462, -10.23275428510869]]}}, {"type": "Feature", "properties": {"layer": "Fluxo", "dxf_type": "LINE"}, "geometry": {"type": "LineString", "coordinates": [[-54.99292001944115, -10.232824910443991], [-54.99292528176608, -10.232819762521537]]}}, {"type": "Feature", "properties": {"layer": "Fluxo", "dxf_type": "LINE"}, "geometry": {"type": "LineString", "coordinates": [[-54.992933012268935, -10.232812200078595], [-54.99294589673994, -10.232799596610919]]}}, {"type": "Feature", "properties": {"layer": "Fluxo", "dxf_type": "LINE"}, "geometry": {"type": "LineString", "coordinates": [[-54.99295362724182, -10.232792034167291], [-54.99296651171688, -10.232779429794608]]}}, {"type": "Feature", "properties": {"layer": "Fluxo", "dxf_type": "LINE"}, "geometry": {"type": "LineString", "coordinates": [[-54.992974242217784, -10.232771867350298], [-54.992987125773, -10.232759263874712]]}}, {"type": "Feature", "properties": {"layer": "Fluxo", "dxf_type": "LINE"}, "geometry": {"type": "LineString", "coordinates": [[-54.992903351381635, -10.232831133299488], [-54.992909884530604, -10.232824741283052]]}}, {"type": "Feature", "properties": {"layer": "Fluxo", "dxf_type": "LINE"}, "geometry": {"type": "LineString", "coordinates": [[-54.992917615033896, -10.23281717884057], [-54.99293049951131, -10.232804574469778]]}}, {"type": "Feature", "properties": {"layer": "Fluxo", "dxf_type": "LINE"}, "geometry": {"type": "LineString", "coordinates": [[-54.99293823001363, -10.232797012026609], [-54.99295111448373, -10.23278440855858]]}}, {"type": "Feature", "properties": {"layer": "Fluxo", "dxf_type": "LINE"}, "geometry": {"type": "LineString", "coordinates": [[-54.992958844985075, -10.232776846114731], [-54.992971473275645, -10.232764492355988]]}}, {"type": "Feature", "properties": {"layer": "Fluxo", "dxf_type": "LINE"}, "geometry": {"type": "LineString", "coordinates": [[-54.99288805331901, -10.232836014143944], [-54.99289448729478, -10.232829720043728]]}}, {"type": "Feature", "properties": {"layer": "Fluxo", "dxf_type": "LINE"}, "geometry": {"type": "LineString", "coordinates": [[-54.9929022177985, -10.232822157601724], [-54.99291510227665, -10.2328095532317]]}}, {"type": "Feature", "properties": {"layer": "Fluxo", "dxf_type": "LINE"}, "geometry": {"type": "LineString", "coordinates": [[-54.9929228327794, -10.232801990788994], [-54.99293571725592, -10.232789386417828]]}}, {"type": "Feature", "properties": {"layer": "Fluxo", "dxf_type": "LINE"}, "geometry": {"type": "LineString", "coordinates": [[-54.99294344775202, -10.232781824878339], [-54.99295417900478, -10.232771326019895]]}}, {"type": "Feature", "properties": {"layer": "Fluxo", "dxf_type": "LINE"}, "geometry": {"type": "LineString", "coordinates": [[-54.99287379192213, -10.232839881757235], [-54.99287909006427, -10.232834697899717]]}}, {"type": "Feature", "properties": {"layer": "Fluxo", "dxf_type": "LINE"}, "geometry": {"type": "LineString", "coordinates": [[-54.99288682056844, -10.232827135458155], [-54.99289970504162, -10.232814531992801]]}}, {"type": "Feature", "properties": {"layer": "Fluxo", "dxf_type": "LINE"}, "geometry": {"type": "LineString", "coordinates": [[-54.992907435544815, -10.232806969550554], [-54.992920320022066, -10.23279436518016]]}}, {"type": "Feature", "properties": {"layer": "Fluxo", "dxf_type": "LINE"}, "geometry": {"type": "LineString", "coordinates": [[-54.992928050524284, -10.232786802737227], [-54.992936434799404, -10.232778600733582]]}}, {"type": "Feature", "properties": {"layer": "Fluxo", "dxf_type": "LINE"}, "geometry": {"type": "LineString", "coordinates": [[-54.99286035416951, -10.232842943631688], [-54.992863692827726, -10.232839676658768]]}}, {"type": "Feature", "properties": {"layer": "Fluxo", "dxf_type": "LINE"}, "geometry": {"type": "LineString", "coordinates": [[-54.99287142333233, -10.232832114217665], [-54.992884307811934, -10.232819509849195]]}}, {"type": "Feature", "properties": {"layer": "Fluxo", "dxf_type": "LINE"}, "geometry": {"type": "LineString", "coordinates": [[-54.99289203831556, -10.232811947407411], [-54.99290492278786, -10.232799343941664]]}}, {"type": "Feature", "properties": {"layer": "Fluxo", "dxf_type": "LINE"}, "geometry": {"type": "LineString", "coordinates": [[-54.99291265329052, -10.232791781499193], [-54.99291819475406, -10.232786360506019]]}}, {"type": "Feature", "properties": {"layer": "Fluxo", "dxf_type": "LINE"}, "geometry": {"type": "LineString", "coordinates": [[-54.992847594069744, -10.23284534168669], [-54.99284829559083, -10.232844655416997]]}}, {"type": "Feature", "properties": {"layer": "Fluxo", "dxf_type": "LINE"}, "geometry": {"type": "LineString", "coordinates": [[-54.99285602609588, -10.232837092976357], [-54.992868910576206, -10.232824488608651]]}}, {"type": "Feature", "properties": {"layer": "Fluxo", "dxf_type": "LINE"}, "geometry": {"type": "LineString", "coordinates": [[-54.99287664108027, -10.232816926167327], [-54.99288952555898, -10.232804321798465]]}}, {"type": "Feature", "properties": {"layer": "Fluxo", "dxf_type": "LINE"}, "geometry": {"type": "LineString", "coordinates": [[-54.992897256062065, -10.232796759356457], [-54.99290035230337, -10.23279373042725]]}}, {"type": "Feature", "properties": {"layer": "Fluxo", "dxf_type": "LINE"}, "geometry": {"type": "LineString", "coordinates": [[-54.99284062886475, -10.232842070830339], [-54.99285351334012, -10.232829467367269]]}}, {"type": "Feature", "properties": {"layer": "Fluxo", "dxf_type": "LINE"}, "geometry": {"type": "LineString", "coordinates": [[-54.99286124384463, -10.232821904926425], [-54.99287412832406, -10.232809300558328]]}}, {"type": "Feature", "properties": {"layer": "Fluxo", "dxf_type": "LINE"}, "geometry": {"type": "LineString", "coordinates": [[-54.992881858827594, -10.232801738116782], [-54.99288434077918, -10.23279931012297]]}}, {"type": "Feature", "properties": {"layer": "Fluxo", "dxf_type": "LINE"}, "geometry": {"type": "LineString", "coordinates": [[-54.99282523162758, -10.232847049587384], [-54.99283811610937, -10.232834445221199]]}}, {"type": "Feature", "properties": {"layer": "Fluxo", "dxf_type": "LINE"}, "geometry": {"type": "LineString", "coordinates": [[-54.99284584661431, -10.232826882780797], [-54.992858731088795, -10.232814279317372]]}}, {"type": "Feature", "properties": {"layer": "Fluxo", "dxf_type": "LINE"}, "geometry": {"type": "LineString", "coordinates": [[-54.992866461592754, -10.232806716876281], [-54.99286965425331, -10.232803592726373]]}}, {"type": "Feature", "properties": {"layer": "Fluxo", "dxf_type": "LINE"}, "geometry": {"type": "LineString", "coordinates": [[-54.99281245499398, -10.232849464713476], [-54.99282271887258, -10.23283942397819]]}}, {"type": "Feature", "properties": {"layer": "Fluxo", "dxf_type": "LINE"}, "geometry": {"type": "LineString", "coordinates": [[-54.992830449377955, -10.232831861538246], [-54.99284333385884, -10.232819257171707]]}}, {"type": "Feature", "properties": {"layer": "Fluxo", "dxf_type": "LINE"}, "geometry": {"type": "LineString", "coordinates": [[-54.99285106436325, -10.232811694731078], [-54.9928559694951, -10.232806897136456]]}}, {"type": "Feature", "properties": {"layer": "Fluxo", "dxf_type": "LINE"}, "geometry": {"type": "LineString", "coordinates": [[-54.992801581833334, -10.232850017748943], [-54.99280732163543, -10.23284440273436]]}}, {"type": "Feature", "properties": {"layer": "Fluxo", "dxf_type": "LINE"}, "geometry": {"type": "LineString", "coordinates": [[-54.99281505214125, -10.232836840294878], [-54.99282793662287, -10.232824235929103]]}}, {"type": "Feature", "properties": {"layer": "Fluxo", "dxf_type": "LINE"}, "geometry": {"type": "LineString", "coordinates": [[-54.99283566712771, -10.232816673488937], [-54.99284307992765, -10.232809421846037]]}}, {"type": "Feature", "properties": {"layer": "Fluxo", "dxf_type": "LINE"}, "geometry": {"type": "LineString", "coordinates": [[-54.99279105576612, -10.232850230338425], [-54.99279192440361, -10.232849380585822]]}}, {"type": "Feature", "properties": {"layer": "Fluxo", "dxf_type": "LINE"}, "geometry": {"type": "LineString", "coordinates": [[-54.99279965490987, -10.232841818146802], [-54.992812539386534, -10.232829214685662]]}}, {"type": "Feature", "properties": {"layer": "Fluxo", "dxf_type": "LINE"}, "geometry": {"type": "LineString", "coordinates": [[-54.992820269891816, -10.232821652245974], [-54.99283084596437, -10.232811306102242]]}}, {"type": "Feature", "properties": {"layer": "Fluxo", "dxf_type": "LINE"}, "geometry": {"type": "LineString", "coordinates": [[-54.992784257672454, -10.232846796901788], [-54.99279714215553, -10.232834192537531]]}}, {"type": "Feature", "properties": {"layer": "Fluxo", "dxf_type": "LINE"}, "geometry": {"type": "LineString", "coordinates": [[-54.99280487266125, -10.232826630098286], [-54.992817757137026, -10.23281402663679]]}}, {"type": "Feature", "properties": {"layer": "Fluxo", "dxf_type": "LINE"}, "geometry": {"type": "LineString", "coordinates": [[-54.992770922760194, -10.232849758167374], [-54.992781744918496, -10.232839171292463]]}}, {"type": "Feature", "properties": {"layer": "Fluxo", "dxf_type": "LINE"}, "geometry": {"type": "LineString", "coordinates": [[-54.992789475424644, -10.232831608853678], [-54.992802359906825, -10.232819004489066]]}}, {"type": "Feature", "properties": {"layer": "Fluxo", "dxf_type": "LINE"}, "geometry": {"type": "LineString", "coordinates": [[-54.992761267161484, -10.232849120110725], [-54.9927663476811, -10.232844150046574]]}}, {"type": "Feature", "properties": {"layer": "Fluxo", "dxf_type": "LINE"}, "geometry": {"type": "LineString", "coordinates": [[-54.992774078187686, -10.232836587608249], [-54.99278696267061, -10.232823983244403]]}}, {"type": "Feature", "properties": {"layer": "Fluxo", "dxf_type": "LINE"}, "geometry": {"type": "LineString", "coordinates": [[-54.99279469317622, -10.232816420805392], [-54.99279718982001, -10.232813978440252]]}}, {"type": "Feature", "properties": {"layer": "Fluxo", "dxf_type": "LINE"}, "geometry": {"type": "LineString", "coordinates": [[-54.992758680956065, -10.232841565458115], [-54.99277156543402, -10.232828961998901]]}}, {"type": "Feature", "properties": {"layer": "Fluxo", "dxf_type": "LINE"}, "geometry": {"type": "LineString", "coordinates": [[-54.99277929594007, -10.232821399560374], [-54.9927867877139, -10.2328140697649]]}}, {"type": "Feature", "properties": {"layer": "Fluxo", "dxf_type": "LINE"}, "geometry": {"type": "LineString", "coordinates": [[-54.99274328371839, -10.23284654421104], [-54.99275616820277, -10.232833939848712]]}}, {"type": "Feature", "properties": {"layer": "Fluxo", "dxf_type": "LINE"}, "geometry": {"type": "LineString", "coordinates": [[-54.99276389870925, -10.232826377410625], [-54.99277672442584, -10.23281383053572]]}}, {"type": "Feature", "properties": {"layer": "Fluxo", "dxf_type": "LINE"}, "geometry": {"type": "LineString", "coordinates": [[-54.992733719942144, -10.232845816327767], [-54.99274077096547, -10.232838918601587]]}}, {"type": "Feature", "properties": {"layer": "Fluxo", "dxf_type": "LINE"}, "geometry": {"type": "LineString", "coordinates": [[-54.9927485014724, -10.23283135616396], [-54.99276138504334, -10.232818751795648]]}}, {"type": "Feature", "properties": {"layer": "Fluxo", "dxf_type": "LINE"}, "geometry": {"type": "LineString", "coordinates": [[-54.992724963282775, -10.232844298875122], [-54.99272537372783, -10.232843897353641]]}}, {"type": "Feature", "properties": {"layer": "Fluxo", "dxf_type": "LINE"}, "geometry": {"type": "LineString", "coordinates": [[-54.99273310423519, -10.23283633491647], [-54.99274598780686, -10.232823730548924]]}}, {"type": "Feature", "properties": {"layer": "Fluxo", "dxf_type": "LINE"}, "geometry": {"type": "LineString", "coordinates": [[-54.992753718313246, -10.232816168111075], [-54.992757496788705, -10.232812472681367]]}}, {"type": "Feature", "properties": {"layer": "Fluxo", "dxf_type": "LINE"}, "geometry": {"type": "LineString", "coordinates": [[-54.992717707003315, -10.232841312764275], [-54.99273059057003, -10.232828709301366]]}}, {"type": "Feature", "properties": {"layer": "Fluxo", "dxf_type": "LINE"}, "geometry": {"type": "LineString", "coordinates": [[-54.99273832107686, -10.232821146863994], [-54.99274828561606, -10.232811398963557]]}}, {"type": "Feature", "properties": {"layer": "Fluxo", "dxf_type": "LINE"}, "geometry": {"type": "LineString", "coordinates": [[-54.99270802019141, -10.232840704343015], [-54.99271519333852, -10.23283368714912]]}}, {"type": "Feature", "properties": {"layer": "Fluxo", "dxf_type": "LINE"}, "geometry": {"type": "LineString", "coordinates": [[-54.99272292384578, -10.232826124712188], [-54.99273580832415, -10.232813521254549]]}}, {"type": "Feature", "properties": {"layer": "Fluxo", "dxf_type": "LINE"}, "geometry": {"type": "LineString", "coordinates": [[-54.99270752660868, -10.232831103463461], [-54.99272041109345, -10.232818499102704]]}}, {"type": "Feature", "properties": {"layer": "Fluxo", "dxf_type": "LINE"}, "geometry": {"type": "LineString", "coordinates": [[-54.992728141600175, -10.232810936665551], [-54.99273057947248, -10.232808552693431]]}}, {"type": "Feature", "properties": {"layer": "Fluxo", "dxf_type": "LINE"}, "geometry": {"type": "LineString", "coordinates": [[-54.99269212937122, -10.232836082213913], [-54.99270501385672, -10.232823477853927]]}}, {"type": "Feature", "properties": {"layer": "Fluxo", "dxf_type": "LINE"}, "geometry": {"type": "LineString", "coordinates": [[-54.992712744363885, -10.23281591541723], [-54.99272205421162, -10.232806807975907]]}}, {"type": "Feature", "properties": {"layer": "Fluxo", "dxf_type": "LINE"}, "geometry": {"type": "LineString", "coordinates": [[-54.99268390528109, -10.232834043770486], [-54.992689616619636, -10.232828456604308]]}}, {"type": "Feature", "properties": {"layer": "Fluxo", "dxf_type": "LINE"}, "geometry": {"type": "LineString", "coordinates": [[-54.99269734712724, -10.232820894168093], [-54.992710231611845, -10.23280828980771]]}}, {"type": "Feature", "properties": {"layer": "Fluxo", "dxf_type": "LINE"}, "geometry": {"type": "LineString", "coordinates": [[-54.992681949895925, -10.232825872014228], [-54.99269483437558, -10.232813268558518]]}}, {"type": "Feature", "properties": {"layer": "Fluxo", "dxf_type": "LINE"}, "geometry": {"type": "LineString", "coordinates": [[-54.99270256488264, -10.232805706122058], [-54.99270560328326, -10.232802732881453]]}}, {"type": "Feature", "properties": {"layer": "Fluxo", "dxf_type": "LINE"}, "geometry": {"type": "LineString", "coordinates": [[-54.992668614066226, -10.232828834173878], [-54.99267943714463, -10.232818246404616]]}}, {"type": "Feature", "properties": {"layer": "Fluxo", "dxf_type": "LINE"}, "geometry": {"type": "LineString", "coordinates": [[-54.992687167652136, -10.232810683968617], [-54.99269765741491, -10.232800422266244]]}}, {"type": "Feature", "properties": {"layer": "Fluxo", "dxf_type": "LINE"}, "geometry": {"type": "LineString", "coordinates": [[-54.99266118791116, -10.232826015143583], [-54.99266403990765, -10.232823225153778]]}}, {"type": "Feature", "properties": {"layer": "Fluxo", "dxf_type": "LINE"}, "geometry": {"type": "LineString", "coordinates": [[-54.99267177041559, -10.23281566271824], [-54.99268465398821, -10.232803058353396]]}}, {"type": "Feature", "properties": {"layer": "Fluxo", "dxf_type": "LINE"}, "geometry": {"type": "LineString", "coordinates": [[-54.99265637317869, -10.232820641467042], [-54.992669256752045, -10.232808037102961]]}}, {"type": "Feature", "properties": {"layer": "Fluxo", "dxf_type": "LINE"}, "geometry": {"type": "LineString", "coordinates": [[-54.99267698725945, -10.2328004746672], [-54.99268228631025, -10.23279529172289]]}}, {"type": "Feature", "properties": {"layer": "Fluxo", "dxf_type": "LINE"}, "geometry": {"type": "LineString", "coordinates": [[-54.99264675156162, -10.232819969267757], [-54.99265385951553, -10.23281301585171]]}}, {"type": "Feature", "properties": {"layer": "Fluxo", "dxf_type": "LINE"}, "geometry": {"type": "LineString", "coordinates": [[-54.992661590023374, -10.232805453416407], [-54.99267447450837, -10.232792849057585]]}}, {"type": "Feature", "properties": {"layer": "Fluxo", "dxf_type": "LINE"}, "geometry": {"type": "LineString", "coordinates": [[-54.99264619279261, -10.232810431260909], [-54.992659077272656, -10.232797827806737]]}}, {"type": "Feature", "properties": {"layer": "Fluxo", "dxf_type": "LINE"}, "geometry": {"type": "LineString", "coordinates": [[-54.99266680777996, -10.23279026537121], [-54.9926675643945, -10.23278952520647]]}}, {"type": "Feature", "properties": {"layer": "Fluxo", "dxf_type": "LINE"}, "geometry": {"type": "LineString", "coordinates": [[-54.99263284593919, -10.23281340510212], [-54.99264368004228, -10.232802805651183]]}}, {"type": "Feature", "properties": {"layer": "Fluxo", "dxf_type": "LINE"}, "geometry": {"type": "LineString", "coordinates": [[-54.99265141055002, -10.232795243216115], [-54.992660433907645, -10.232786416937193]]}}, {"type": "Feature", "properties": {"layer": "Fluxo", "dxf_type": "LINE"}, "geometry": {"type": "LineString", "coordinates": [[-54.99262600653429, -10.232810011180367], [-54.99262828280586, -10.23280778439869]]}}, {"type": "Feature", "properties": {"layer": "Fluxo", "dxf_type": "LINE"}, "geometry": {"type": "LineString", "coordinates": [[-54.99263601331404, -10.232800221964087], [-54.9926488977996, -10.232787617606425]]}}, {"type": "Feature", "properties": {"layer": "Fluxo", "dxf_type": "LINE"}, "geometry": {"type": "LineString", "coordinates": [[-54.99262061607771, -10.232805200711233], [-54.992633500564, -10.23279259635434]]}}, {"type": "Feature", "properties": {"layer": "Fluxo", "dxf_type": "LINE"}, "geometry": {"type": "LineString", "coordinates": [[-54.99264123107164, -10.232785033919512], [-54.99264659807667, -10.23277978360085]]}}, {"type": "Feature", "properties": {"layer": "Fluxo", "dxf_type": "LINE"}, "geometry": {"type": "LineString", "coordinates": [[-54.992612220287356, -10.232803329336576], [-54.992618103328034, -10.232797575101431]]}}, {"type": "Feature", "properties": {"layer": "Fluxo", "dxf_type": "LINE"}, "geometry": {"type": "LineString", "coordinates": [[-54.992625833836115, -10.232790012667065], [-54.992638717408965, -10.23277740830419]]}}, {"type": "Feature", "properties": {"layer": "Fluxo", "dxf_type": "LINE"}, "geometry": {"type": "LineString", "coordinates": [[-54.99261043660592, -10.23279499050991], [-54.99262332017383, -10.232782387051685]]}}, {"type": "Feature", "properties": {"layer": "Fluxo", "dxf_type": "LINE"}, "geometry": {"type": "LineString", "coordinates": [[-54.99263105068136, -10.232774824617096], [-54.99263285865962, -10.232773055946932]]}}, {"type": "Feature", "properties": {"layer": "Fluxo", "dxf_type": "LINE"}, "geometry": {"type": "LineString", "coordinates": [[-54.9925982898746, -10.2327967894227], [-54.992607922944, -10.232787364894463]]}}, {"type": "Feature", "properties": {"layer": "Fluxo", "dxf_type": "LINE"}, "geometry": {"type": "LineString", "coordinates": [[-54.9926156534463, -10.232779803364233], [-54.99262593660987, -10.232769743772447]]}}, {"type": "Feature", "properties": {"layer": "Fluxo", "dxf_type": "LINE"}, "geometry": {"type": "LineString", "coordinates": [[-54.99259126957516, -10.232793573361054], [-54.99259252570815, -10.232792343640318]]}}, {"type": "Feature", "properties": {"layer": "Fluxo", "dxf_type": "LINE"}, "geometry": {"type": "LineString", "coordinates": [[-54.99260025621656, -10.232784781206647], [-54.99261314069684, -10.232772177754443]]}}, {"type": "Feature", "properties": {"layer": "Fluxo", "dxf_type": "LINE"}, "geometry": {"type": "LineString", "coordinates": [[-54.99258485898079, -10.23278975995214], [-54.99259774346748, -10.232777155596823]]}}, {"type": "Feature", "properties": {"layer": "Fluxo", "dxf_type": "LINE"}, "geometry": {"type": "LineString", "coordinates": [[-54.99260547397536, -10.232769593162926], [-54.992611986002856, -10.232763222717162]]}}, {"type": "Feature", "properties": {"layer": "Fluxo", "dxf_type": "LINE"}, "geometry": {"type": "LineString", "coordinates": [[-54.99257711787764, -10.232787249022705], [-54.992582346232076, -10.232782134342258]]}}, {"type": "Feature", "properties": {"layer": "Fluxo", "dxf_type": "LINE"}, "geometry": {"type": "LineString", "coordinates": [[-54.9925900767404, -10.232774571908825], [-54.99260296122618, -10.232761967553111]]}}, {"type": "Feature", "properties": {"layer": "Fluxo", "dxf_type": "LINE"}, "geometry": {"type": "LineString", "coordinates": [[-54.99257467950508, -10.232779550653905], [-54.9925875639916, -10.232766946298959]]}}, {"type": "Feature", "properties": {"layer": "Fluxo", "dxf_type": "LINE"}, "geometry": {"type": "LineString", "coordinates": [[-54.99259529449938, -10.232759383865302], [-54.99259789306647, -10.232756841795256]]}}, {"type": "Feature", "properties": {"layer": "Fluxo", "dxf_type": "LINE"}, "geometry": {"type": "LineString", "coordinates": [[-54.992562816504936, -10.23278107200376], [-54.992572166756666, -10.232771925043984]]}}, {"type": "Feature", "properties": {"layer": "Fluxo", "dxf_type": "LINE"}, "geometry": {"type": "LineString", "coordinates": [[-54.992579897264875, -10.232764362610785], [-54.992590791970024, -10.232753703876575]]}}, {"type": "Feature", "properties": {"layer": "Fluxo", "dxf_type": "LINE"}, "geometry": {"type": "LineString", "coordinates": [[-54.99255560889477, -10.232778038282182], [-54.992556769527056, -10.232776902884305]]}}, {"type": "Feature", "properties": {"layer": "Fluxo", "dxf_type": "LINE"}, "geometry": {"type": "LineString", "coordinates": [[-54.992564500035705, -10.232769340451567], [-54.99257738360384, -10.232756736995274]]}}, {"type": "Feature", "properties": {"layer": "Fluxo", "dxf_type": "LINE"}, "geometry": {"type": "LineString", "coordinates": [[-54.9925491028005, -10.232774319195407], [-54.99256198637504, -10.232761714835995]]}}, {"type": "Feature", "properties": {"layer": "Fluxo", "dxf_type": "LINE"}, "geometry": {"type": "LineString", "coordinates": [[-54.99256971688316, -10.232754152403032], [-54.99257648141611, -10.232747535841023]]}}, {"type": "Feature", "properties": {"layer": "Fluxo", "dxf_type": "LINE"}, "geometry": {"type": "LineString", "coordinates": [[-54.99254107705507, -10.232772085821248], [-54.99254659005275, -10.232766693585411]]}}, {"type": "Feature", "properties": {"layer": "Fluxo", "dxf_type": "LINE"}, "geometry": {"type": "LineString", "coordinates": [[-54.9925543205613, -10.232759131152912], [-54.99256720413494, -10.232746526793123]]}}, {"type": "Feature", "properties": {"layer": "Fluxo", "dxf_type": "LINE"}, "geometry": {"type": "LineString", "coordinates": [[-54.99253892332655, -10.232764109896333], [-54.99255180690092, -10.232751505537319]]}}, {"type": "Feature", "properties": {"layer": "Fluxo", "dxf_type": "LINE"}, "geometry": {"type": "LineString", "coordinates": [[-54.992559537408944, -10.232743943104612], [-54.99256202211663, -10.232741512418848]]}}, {"type": "Feature", "properties": {"layer": "Fluxo", "dxf_type": "LINE"}, "geometry": {"type": "LineString", "coordinates": [[-54.99252639094908, -10.23276628517096], [-54.99253640966655, -10.23275648428069]]}}, {"type": "Feature", "properties": {"layer": "Fluxo", "dxf_type": "LINE"}, "geometry": {"type": "LineString", "coordinates": [[-54.992544140175, -10.232748921848424], [-54.992554736452774, -10.232738555953222]]}}, {"type": "Feature", "properties": {"layer": "Fluxo", "dxf_type": "LINE"}, "geometry": {"type": "LineString", "coordinates": [[-54.99251898775849, -10.2327634427776], [-54.9925210124375, -10.232761462119354]]}}, {"type": "Feature", "properties": {"layer": "Fluxo", "dxf_type": "LINE"}, "geometry": {"type": "LineString", "coordinates": [[-54.99252874294639, -10.23275389968755], [-54.99254162742746, -10.232741296238459]]}}, {"type": "Feature", "properties": {"layer": "Fluxo", "dxf_type": "LINE"}, "geometry": {"type": "LineString", "coordinates": [[-54.99251334571174, -10.232758878429742], [-54.99252623019922, -10.232746274077513]]}}, {"type": "Feature", "properties": {"layer": "Fluxo", "dxf_type": "LINE"}, "geometry": {"type": "LineString", "coordinates": [[-54.992533960707576, -10.232738711645501], [-54.99254005035352, -10.232732754399901]]}}, {"type": "Feature", "properties": {"layer": "Fluxo", "dxf_type": "LINE"}, "geometry": {"type": "LineString", "coordinates": [[-54.99250406199757, -10.232757876571714], [-54.992510832964946, -10.232751252819646]]}}, {"type": "Feature", "properties": {"layer": "Fluxo", "dxf_type": "LINE"}, "geometry": {"type": "LineString", "coordinates": [[-54.99251856347374, -10.2327436903881], [-54.992531447960324, -10.232731086035496]]}}, {"type": "Feature", "properties": {"layer": "Fluxo", "dxf_type": "LINE"}, "geometry": {"type": "LineString", "coordinates": [[-54.992503166239544, -10.232748669129853], [-54.992516050726856, -10.23273606477804]]}}, {"type": "Feature", "properties": {"layer": "Fluxo", "dxf_type": "LINE"}, "geometry": {"type": "LineString", "coordinates": [[-54.992523781235114, -10.232728502346246], [-54.9925252109119, -10.232727102855055]]}}, {"type": "Feature", "properties": {"layer": "Fluxo", "dxf_type": "LINE"}, "geometry": {"type": "LineString", "coordinates": [[-54.992488972799485, -10.232752469351208], [-54.992500653493046, -10.232741043519754]]}}, {"type": "Feature", "properties": {"layer": "Fluxo", "dxf_type": "LINE"}, "geometry": {"type": "LineString", "coordinates": [[-54.99250838400174, -10.232733481088426], [-54.9925177324223, -10.232724335022844]]}}, {"type": "Feature", "properties": {"layer": "Fluxo", "dxf_type": "LINE"}, "geometry": {"type": "LineString", "coordinates": [[-54.99248136667698, -10.232749826375924], [-54.99248525626456, -10.23274602135675]]}}, {"type": "Feature", "properties": {"layer": "Fluxo", "dxf_type": "LINE"}, "geometry": {"type": "LineString", "coordinates": [[-54.99249298677369, -10.232738458925898], [-54.99250587034261, -10.232725855472717]]}}, {"type": "Feature", "properties": {"layer": "Fluxo", "dxf_type": "LINE"}, "geometry": {"type": "LineString", "coordinates": [[-54.992477589539604, -10.232743437666434], [-54.99249047311494, -10.232730833310134]]}}, {"type": "Feature", "properties": {"layer": "Fluxo", "dxf_type": "LINE"}, "geometry": {"type": "LineString", "coordinates": [[-54.99249820362353, -10.232723270879038], [-54.99250265699867, -10.23271891432936]]}}, {"type": "Feature", "properties": {"layer": "Fluxo", "dxf_type": "LINE"}, "geometry": {"type": "LineString", "coordinates": [[-54.9924660277235, -10.232744663480547], [-54.992475075881224, -10.232735812050615]]}}, {"type": "Feature", "properties": {"layer": "Fluxo", "dxf_type": "LINE"}, "geometry": {"type": "LineString", "coordinates": [[-54.99248280639026, -10.232728249619981], [-54.99249505914072, -10.232716263270202]]}}, {"type": "Feature", "properties": {"layer": "Fluxo", "dxf_type": "LINE"}, "geometry": {"type": "LineString", "coordinates": [[-54.992458293968625, -10.232742145362597], [-54.992459678647165, -10.232740790790272]]}}, {"type": "Feature", "properties": {"layer": "Fluxo", "dxf_type": "LINE"}, "geometry": {"type": "LineString", "coordinates": [[-54.99246740915663, -10.2327332283601], [-54.992480293644334, -10.232720624009822]]}}, {"type": "Feature", "properties": {"layer": "Fluxo", "dxf_type": "LINE"}, "geometry": {"type": "LineString", "coordinates": [[-54.99245201192833, -10.232738206195517], [-54.992464896411086, -10.23272560274989]]}}, {"type": "Feature", "properties": {"layer": "Fluxo", "dxf_type": "LINE"}, "geometry": {"type": "LineString", "coordinates": [[-54.99247262692001, -10.232718040319492], [-54.992479741307505, -10.2327110797158]]}}, {"type": "Feature", "properties": {"layer": "Fluxo", "dxf_type": "LINE"}, "geometry": {"type": "LineString", "coordinates": [[-54.99244269791396, -10.232737233978366], [-54.99244949918316, -10.232730580585248]]}}, {"type": "Feature", "properties": {"layer": "Fluxo", "dxf_type": "LINE"}, "geometry": {"type": "LineString", "coordinates": [[-54.992457229692526, -10.23272301815531], [-54.99247011417439, -10.232710414709313]]}}, {"type": "Feature", "properties": {"layer": "Fluxo", "dxf_type": "LINE"}, "geometry": {"type": "LineString", "coordinates": [[-54.992441832459, -10.232727996894194], [-54.99245471694727, -10.232715392545078]]}}, {"type": "Feature", "properties": {"layer": "Fluxo", "dxf_type": "LINE"}, "geometry": {"type": "LineString", "coordinates": [[-54.992462447456106, -10.232707830114917], [-54.992464258189315, -10.23270605875104]]}}, {"type": "Feature", "properties": {"layer": "Fluxo", "dxf_type": "LINE"}, "geometry": {"type": "LineString", "coordinates": [[-54.99242692464307, -10.232732495957165], [-54.99243931971412, -10.232720371283905]]}}, {"type": "Feature", "properties": {"layer": "Fluxo", "dxf_type": "LINE"}, "geometry": {"type": "LineString", "coordinates": [[-54.99244705022339, -10.232712808854204], [-54.99245645281973, -10.232703609793411]]}}, {"type": "Feature", "properties": {"layer": "Fluxo", "dxf_type": "LINE"}, "geometry": {"type": "LineString", "coordinates": [[-54.99241897143393, -10.232730192521917], [-54.99242392248062, -10.232725350021914]]}}, {"type": "Feature", "properties": {"layer": "Fluxo", "dxf_type": "LINE"}, "geometry": {"type": "LineString", "coordinates": [[-54.99243165299033, -10.232717787592676], [-54.99244453656589, -10.232705183238322]]}}, {"type": "Feature", "properties": {"layer": "Fluxo", "dxf_type": "LINE"}, "geometry": {"type": "LineString", "coordinates": [[-54.992416255762585, -10.232722765426432], [-54.9924291393332, -10.232710161976737]]}}, {"type": "Feature", "properties": {"layer": "Fluxo", "dxf_type": "LINE"}, "geometry": {"type": "LineString", "coordinates": [[-54.992436869842365, -10.232702599547288], [-54.992440715355045, -10.232698837644996]]}}, {"type": "Feature", "properties": {"layer": "Fluxo", "dxf_type": "LINE"}, "geometry": {"type": "LineString", "coordinates": [[-54.99240292637027, -10.232725720383852], [-54.99241374210584, -10.232715139810443]]}}, {"type": "Feature", "properties": {"layer": "Fluxo", "dxf_type": "LINE"}, "geometry": {"type": "LineString", "coordinates": [[-54.99242147261545, -10.232707577381436], [-54.99243278142919, -10.232696515346799]]}}, {"type": "Feature", "properties": {"layer": "Fluxo", "dxf_type": "LINE"}, "geometry": {"type": "LineString", "coordinates": [[-54.99239483451006, -10.232723552584938], [-54.99239834487244, -10.232720118547212]]}}, {"type": "Feature", "properties": {"layer": "Fluxo", "dxf_type": "LINE"}, "geometry": {"type": "LineString", "coordinates": [[-54.99240607538248, -10.232712556118665], [-54.992418959871145, -10.232699951771124]]}}, {"type": "Feature", "properties": {"layer": "Fluxo", "dxf_type": "LINE"}, "geometry": {"type": "LineString", "coordinates": [[-54.992390678149164, -10.232717534855077], [-54.992403562638565, -10.23270493050828]]}}, {"type": "Feature", "properties": {"layer": "Fluxo", "dxf_type": "LINE"}, "geometry": {"type": "LineString", "coordinates": [[-54.992411293148066, -10.232697368079533], [-54.992416780441445, -10.232692000093358]]}}, {"type": "Feature", "properties": {"layer": "Fluxo", "dxf_type": "LINE"}, "geometry": {"type": "LineString", "coordinates": [[-54.9923785093839, -10.232719355318158], [-54.99238816540562, -10.232709909244637]]}}, {"type": "Feature", "properties": {"layer": "Fluxo", "dxf_type": "LINE"}, "geometry": {"type": "LineString", "coordinates": [[-54.992395895915564, -10.232702346816346], [-54.99240871337388, -10.232689808041957]]}}, {"type": "Feature", "properties": {"layer": "Fluxo", "dxf_type": "LINE"}, "geometry": {"type": "LineString", "coordinates": [[-54.992370274281505, -10.23271732764683], [-54.99237276817801, -10.232714887076284]]}}, {"type": "Feature", "properties": {"layer": "Fluxo", "dxf_type": "LINE"}, "geometry": {"type": "LineString", "coordinates": [[-54.99238049868839, -10.23270732464844], [-54.99239338317194, -10.23269472120594]]}}, {"type": "Feature", "properties": {"layer": "Fluxo", "dxf_type": "LINE"}, "geometry": {"type": "LineString", "coordinates": [[-54.99236510145518, -10.232712303383607], [-54.99237798594514, -10.232699699037997]]}}, {"type": "Feature", "properties": {"layer": "Fluxo", "dxf_type": "LINE"}, "geometry": {"type": "LineString", "coordinates": [[-54.992385716454976, -10.232692136609925], [-54.99239244059336, -10.232685558671628]]}}, {"type": "Feature", "properties": {"layer": "Fluxo", "dxf_type": "LINE"}, "geometry": {"type": "LineString", "coordinates": [[-54.99235365624908, -10.232713416019108], [-54.9923625887123, -10.232704677773095]]}}, {"type": "Feature", "properties": {"layer": "Fluxo", "dxf_type": "LINE"}, "geometry": {"type": "LineString", "coordinates": [[-54.99237031922257, -10.232697115345502], [-54.9923832027991, -10.232684510993868]]}}, {"type": "Feature", "properties": {"layer": "Fluxo", "dxf_type": "LINE"}, "geometry": {"type": "LineString", "coordinates": [[-54.99234527240083, -10.232711532960966], [-54.992347191479105, -10.232709656507387]]}}, {"type": "Feature", "properties": {"layer": "Fluxo", "dxf_type": "LINE"}, "geometry": {"type": "LineString", "coordinates": [[-54.99235492198982, -10.232702094080258], [-54.99236780556708, -10.23268948972939]]}}, {"type": "Feature", "properties": {"layer": "Fluxo", "dxf_type": "LINE"}, "geometry": {"type": "LineString", "coordinates": [[-54.99237553607682, -10.232681927301554], [-54.992375982332625, -10.232681490748528]]}}, {"type": "Feature", "properties": {"layer": "Fluxo", "dxf_type": "LINE"}, "geometry": {"type": "LineString", "coordinates": [[-54.9923395247624, -10.23270707191029], [-54.9923524083347, -10.232694468464091]]}}, {"type": "Feature", "properties": {"layer": "Fluxo", "dxf_type": "LINE"}, "geometry": {"type": "LineString", "coordinates": [[-54.99236013884488, -10.232686906036719], [-54.99236768203744, -10.232679526853573]]}}, {"type": "Feature", "properties": {"layer": "Fluxo", "dxf_type": "LINE"}, "geometry": {"type": "LineString", "coordinates": [[-54.99232835135599, -10.232707917756919], [-54.99233701110765, -10.232699446294086]]}}, {"type": "Feature", "properties": {"layer": "Fluxo", "dxf_type": "LINE"}, "geometry": {"type": "LineString", "coordinates": [[-54.99234474161826, -10.232691883867172], [-54.99235762610221, -10.232679280426215]]}}, {"type": "Feature", "properties": {"layer": "Fluxo", "dxf_type": "LINE"}, "geometry": {"type": "LineString", "coordinates": [[-54.992319813235476, -10.232706187413132], [-54.992321613874566, -10.232704425027126]]}}, {"type": "Feature", "properties": {"layer": "Fluxo", "dxf_type": "LINE"}, "geometry": {"type": "LineString", "coordinates": [[-54.99232934438562, -10.23269686260069], [-54.99234222887597, -10.232684258256615]]}}, {"type": "Feature", "properties": {"layer": "Fluxo", "dxf_type": "LINE"}, "geometry": {"type": "LineString", "coordinates": [[-54.992349959386054, -10.232676695829477], [-54.992350935450204, -10.232675741885968]]}}, {"type": "Feature", "properties": {"layer": "Fluxo", "dxf_type": "LINE"}, "geometry": {"type": "LineString", "coordinates": [[-54.99231394715262, -10.232701841333387], [-54.992326831643695, -10.23268923699008]]}}, {"type": "Feature", "properties": {"layer": "Fluxo", "dxf_type": "LINE"}, "geometry": {"type": "LineString", "coordinates": [[-54.99233456215421, -10.232681674563402], [-54.9923424873274, -10.232673921705956]]}}, {"type": "Feature", "properties": {"layer": "Fluxo", "dxf_type": "LINE"}, "geometry": {"type": "LineString", "coordinates": [[-54.99230257541052, -10.232702881202664], [-54.992311434411064, -10.232694215722722]]}}, {"type": "Feature", "properties": {"layer": "Fluxo", "dxf_type": "LINE"}, "geometry": {"type": "LineString", "coordinates": [[-54.99231916492202, -10.232686653296506], [-54.992332049412205, -10.232674048952822]]}}, {"type": "Feature", "properties": {"layer": "Fluxo", "dxf_type": "LINE"}, "geometry": {"type": "LineString", "coordinates": [[-54.992293875689015, -10.232701308047597], [-54.99229603718377, -10.232699193550658]]}}, {"type": "Feature", "properties": {"layer": "Fluxo", "dxf_type": "LINE"}, "geometry": {"type": "LineString", "coordinates": [[-54.99230376769516, -10.232691631124904], [-54.99231665218039, -10.232679027685867]]}}, {"type": "Feature", "properties": {"layer": "Fluxo", "dxf_type": "LINE"}, "geometry": {"type": "LineString", "coordinates": [[-54.99232438269081, -10.23267146525943], [-54.992325441400666, -10.232670429568989]]}}, {"type": "Feature", "properties": {"layer": "Fluxo", "dxf_type": "LINE"}, "geometry": {"type": "LineString", "coordinates": [[-54.99228837046227, -10.23269660985636], [-54.99230125495391, -10.232684005514212]]}}, {"type": "Feature", "properties": {"layer": "Fluxo", "dxf_type": "LINE"}, "geometry": {"type": "LineString", "coordinates": [[-54.99230898546476, -10.232676443088232], [-54.992316840853434, -10.23266875849904]]}}, {"type": "Feature", "properties": {"layer": "Fluxo", "dxf_type": "LINE"}, "geometry": {"type": "LineString", "coordinates": [[-54.99227630821174, -10.232698326117848], [-54.99228585772138, -10.232688984245618]]}}, {"type": "Feature", "properties": {"layer": "Fluxo", "dxf_type": "LINE"}, "geometry": {"type": "LineString", "coordinates": [[-54.99229358823268, -10.232681421820097], [-54.992306471810885, -10.232668817471948]]}}, {"type": "Feature", "properties": {"layer": "Fluxo", "dxf_type": "LINE"}, "geometry": {"type": "LineString", "coordinates": [[-54.99226743862521, -10.232696918235785], [-54.992270460488506, -10.232693962976201]]}}, {"type": "Feature", "properties": {"layer": "Fluxo", "dxf_type": "LINE"}, "geometry": {"type": "LineString", "coordinates": [[-54.99227819100024, -10.232686400551142], [-54.992291075491714, -10.23267379620939]]}}, {"type": "Feature", "properties": {"layer": "Fluxo", "dxf_type": "LINE"}, "geometry": {"type": "LineString", "coordinates": [[-54.99229880600247, -10.232666233783647], [-54.9922994818195, -10.232665571762595]]}}, {"type": "Feature", "properties": {"layer": "Fluxo", "dxf_type": "LINE"}, "geometry": {"type": "LineString", "coordinates": [[-54.99226279377312, -10.23269137837748], [-54.99227567825965, -10.232678774940375]]}}, {"type": "Feature", "properties": {"layer": "Fluxo", "dxf_type": "LINE"}, "geometry": {"type": "LineString", "coordinates": [[-54.99228340877084, -10.232671212515093], [-54.992290722408896, -10.23266405789824]]}}, {"type": "Feature", "properties": {"layer": "Fluxo", "dxf_type": "LINE"}, "geometry": {"type": "LineString", "coordinates": [[-54.99224952589716, -10.232694274049267], [-54.99226028103291, -10.232683752766661]]}}, {"type": "Feature", "properties": {"layer": "Fluxo", "dxf_type": "LINE"}, "geometry": {"type": "LineString", "coordinates": [[-54.99226801154454, -10.23267619034184], [-54.99228089511763, -10.232663586898735]]}}, {"type": "Feature", "properties": {"layer": "Fluxo", "dxf_type": "LINE"}, "geometry": {"type": "LineString", "coordinates": [[-54.99224047908844, -10.232693040433958], [-54.99224488380014, -10.232688731496006]]}}, {"type": "Feature", "properties": {"layer": "Fluxo", "dxf_type": "LINE"}, "geometry": {"type": "LineString", "coordinates": [[-54.99225261431221, -10.232681169071645], [-54.9922654978917, -10.232668564725422]]}}, {"type": "Feature", "properties": {"layer": "Fluxo", "dxf_type": "LINE"}, "geometry": {"type": "LineString", "coordinates": [[-54.99223721707951, -10.23268614780063], [-54.99225010065974, -10.232673543455176]]}}, {"type": "Feature", "properties": {"layer": "Fluxo", "dxf_type": "LINE"}, "geometry": {"type": "LineString", "coordinates": [[-54.99225783117127, -10.232665981030589], [-54.99226411088599, -10.232659838755568]]}}, {"type": "Feature", "properties": {"layer": "Fluxo", "dxf_type": "LINE"}, "geometry": {"type": "LineString", "coordinates": [[-54.99222220183259, -10.232690751950098], [-54.99223470342743, -10.232678522184106]]}}, {"type": "Feature", "properties": {"layer": "Fluxo", "dxf_type": "LINE"}, "geometry": {"type": "LineString", "coordinates": [[-54.99224243393939, -10.232670959759982], [-54.99225512652286, -10.232658543155488]]}}, {"type": "Feature", "properties": {"layer": "Fluxo", "dxf_type": "LINE"}, "geometry": {"type": "LineString", "coordinates": [[-54.9922129686251, -10.232689700680172], [-54.99221930620044, -10.23268350000833]]}}, {"type": "Feature", "properties": {"layer": "Fluxo", "dxf_type": "LINE"}, "geometry": {"type": "LineString", "coordinates": [[-54.99222703671284, -10.232675937584663], [-54.99223992119976, -10.232663334149118]]}}, {"type": "Feature", "properties": {"layer": "Fluxo", "dxf_type": "LINE"}, "geometry": {"type": "LineString", "coordinates": [[-54.992203671147855, -10.232688711384089], [-54.99220390896741, -10.232688478735616]]}}, {"type": "Feature", "properties": {"layer": "Fluxo", "dxf_type": "LINE"}, "geometry": {"type": "LineString", "coordinates": [[-54.99221163948025, -10.232680916312411], [-54.99222452397359, -10.232668311973747]]}}, {"type": "Feature", "properties": {"layer": "Fluxo", "dxf_type": "LINE"}, "geometry": {"type": "LineString", "coordinates": [[-54.99223225448545, -10.23266074954986], [-54.99223698241087, -10.232656124425551]]}}, {"type": "Feature", "properties": {"layer": "Fluxo", "dxf_type": "LINE"}, "geometry": {"type": "LineString", "coordinates": [[-54.99219624224732, -10.232685895039335], [-54.99220912674138, -10.232673290701443]]}}, {"type": "Feature", "properties": {"layer": "Fluxo", "dxf_type": "LINE"}, "geometry": {"type": "LineString", "coordinates": [[-54.99221685725368, -10.232665728278011], [-54.99222782082556, -10.232655003092194]]}}, {"type": "Feature", "properties": {"layer": "Fluxo", "dxf_type": "LINE"}, "geometry": {"type": "LineString", "coordinates": [[-54.99218487784631, -10.232686928622362], [-54.99219372950881, -10.232678269428312]]}}, {"type": "Feature", "properties": {"layer": "Fluxo", "dxf_type": "LINE"}, "geometry": {"type": "LineString", "coordinates": [[-54.992201460021555, -10.232670707005346], [-54.992214344514714, -10.232658102667095]]}}, {"type": "Feature", "properties": {"layer": "Fluxo", "dxf_type": "LINE"}, "geometry": {"type": "LineString", "coordinates": [[-54.9921753792787, -10.232686136043702], [-54.992178332281576, -10.232683247250478]]}}, {"type": "Feature", "properties": {"layer": "Fluxo", "dxf_type": "LINE"}, "geometry": {"type": "LineString", "coordinates": [[-54.99218606279475, -10.23267568482797], [-54.992198947282965, -10.232663081394355]]}}, {"type": "Feature", "properties": {"layer": "Fluxo", "dxf_type": "LINE"}, "geometry": {"type": "LineString", "coordinates": [[-54.99220667779517, -10.232655518971178], [-54.99220931126187, -10.232652941867004]]}}, {"type": "Feature", "properties": {"layer": "Fluxo", "dxf_type": "LINE"}, "geometry": {"type": "LineString", "coordinates": [[-54.992170665561915, -10.23268066355366], [-54.99218355005654, -10.232668059216927]]}}, {"type": "Feature", "properties": {"layer": "Fluxo", "dxf_type": "LINE"}, "geometry": {"type": "LineString", "coordinates": [[-54.99219128056918, -10.232660496794194], [-54.99219996235958, -10.232652003777277]]}}, {"type": "Feature", "properties": {"layer": "Fluxo", "dxf_type": "LINE"}, "geometry": {"type": "LineString", "coordinates": [[-54.992156172777726, -10.232684757495838], [-54.99216815282407, -10.23267303794256]]}}, {"type": "Feature", "properties": {"layer": "Fluxo", "dxf_type": "LINE"}, "geometry": {"type": "LineString", "coordinates": [[-54.99217588333716, -10.232665475520289], [-54.99218876691834, -10.232652871177569]]}}, {"type": "Feature", "properties": {"layer": "Fluxo", "dxf_type": "LINE"}, "geometry": {"type": "LineString", "coordinates": [[-54.99214646117715, -10.232684174215755], [-54.992152755591256, -10.232678016667368]]}}, {"type": "Feature", "properties": {"layer": "Fluxo", "dxf_type": "LINE"}, "geometry": {"type": "LineString", "coordinates": [[-54.99216048610477, -10.232670454245557], [-54.9921733696867, -10.23265784990361]]}}, {"type": "Feature", "properties": {"layer": "Fluxo", "dxf_type": "LINE"}, "geometry": {"type": "LineString", "coordinates": [[-54.992136675206325, -10.23268366279029], [-54.99213735836378, -10.232682994487476]]}}, {"type": "Feature", "properties": {"layer": "Fluxo", "dxf_type": "LINE"}, "geometry": {"type": "LineString", "coordinates": [[-54.99214508887773, -10.232675432066126], [-54.99215797245469, -10.232662828628808]]}}, {"type": "Feature", "properties": {"layer": "Fluxo", "dxf_type": "LINE"}, "geometry": {"type": "LineString", "coordinates": [[-54.992165702967675, -10.232655266206791], [-54.9921715208235, -10.232649574853015]]}}, {"type": "Feature", "properties": {"layer": "Fluxo", "dxf_type": "LINE"}, "geometry": {"type": "LineString", "coordinates": [[-54.99212969164464, -10.232680410789754], [-54.992142575228016, -10.23266780644932]]}}, {"type": "Feature", "properties": {"layer": "Fluxo", "dxf_type": "LINE"}, "geometry": {"type": "LineString", "coordinates": [[-54.99215030574143, -10.232660244027748], [-54.99216190563719, -10.232648897256643]]}}, {"type": "Feature", "properties": {"layer": "Fluxo", "dxf_type": "LINE"}, "geometry": {"type": "LineString", "coordinates": [[-54.992116875534435, -10.232682864513839], [-54.99212717799531, -10.232672785172896]]}}, {"type": "Feature", "properties": {"layer": "Fluxo", "dxf_type": "LINE"}, "geometry": {"type": "LineString", "coordinates": [[-54.99213490850916, -10.232665222751782], [-54.99214779300418, -10.23265261841662]]}}, {"type": "Feature", "properties": {"layer": "Fluxo", "dxf_type": "LINE"}, "geometry": {"type": "LineString", "coordinates": [[-54.9921068572536, -10.232682580346344], [-54.992111780762244, -10.232677763895648]]}}, {"type": "Feature", "properties": {"layer": "Fluxo", "dxf_type": "LINE"}, "geometry": {"type": "LineString", "coordinates": [[-54.99211951127653, -10.232670201474996], [-54.99213239577228, -10.232657597140603]]}}, {"type": "Feature", "properties": {"layer": "Fluxo", "dxf_type": "LINE"}, "geometry": {"type": "LineString", "coordinates": [[-54.99214012628559, -10.232650034719267], [-54.99214246224299, -10.23264774955472]]}}, {"type": "Feature", "properties": {"layer": "Fluxo", "dxf_type": "LINE"}, "geometry": {"type": "LineString", "coordinates": [[-54.99210411404923, -10.232675179293503], [-54.99211699854003, -10.232662575863742]]}}, {"type": "Feature", "properties": {"layer": "Fluxo", "dxf_type": "LINE"}, "geometry": {"type": "LineString", "coordinates": [[-54.99212472905378, -10.232655013442884], [-54.99213263219863, -10.232647281245653]]}}, {"type": "Feature", "properties": {"layer": "Fluxo", "dxf_type": "LINE"}, "geometry": {"type": "LineString", "coordinates": [[-54.9920887168159, -10.23268015801507], [-54.9921016013131, -10.232667553682196]]}}, {"type": "Feature", "properties": {"layer": "Fluxo", "dxf_type": "LINE"}, "geometry": {"type": "LineString", "coordinates": [[-54.992109331827294, -10.23265999126178], [-54.99212221631719, -10.232647387831667]]}}, {"type": "Feature", "properties": {"layer": "Fluxo", "dxf_type": "LINE"}, "geometry": {"type": "LineString", "coordinates": [[-54.99207992252023, -10.232678677375006], [-54.99208620408014, -10.232672532403713]]}}, {"type": "Feature", "properties": {"layer": "Fluxo", "dxf_type": "LINE"}, "geometry": {"type": "LineString", "coordinates": [[-54.99209393459477, -10.232664969983755], [-54.99210681909108, -10.232652365650527]]}}, {"type": "Feature", "properties": {"layer": "Fluxo", "dxf_type": "LINE"}, "geometry": {"type": "LineString", "coordinates": [[-54.99207853736189, -10.23266994870491], [-54.99209142185892, -10.232657344372448]]}}, {"type": "Feature", "properties": {"layer": "Fluxo", "dxf_type": "LINE"}, "geometry": {"type": "LineString", "coordinates": [[-54.99209915237302, -10.232649781952267], [-54.99210268936545, -10.232646321868726]]}}, {"type": "Feature", "properties": {"layer": "Fluxo", "dxf_type": "LINE"}, "geometry": {"type": "LineString", "coordinates": [[-54.992065638617774, -10.23267248236616], [-54.99207602462642, -10.23266232309353]]}}, {"type": "Feature", "properties": {"layer": "Fluxo", "dxf_type": "LINE"}, "geometry": {"type": "LineString", "coordinates": [[-54.99208375514095, -10.232654760673826], [-54.99209359757219, -10.232645131360378]]}}, {"type": "Feature", "properties": {"layer": "Fluxo", "dxf_type": "LINE"}, "geometry": {"type": "LineString", "coordinates": [[-54.992058994799656, -10.232668898009475], [-54.99206062739925, -10.232667300909922]]}}, {"type": "Feature", "properties": {"layer": "Fluxo", "dxf_type": "LINE"}, "geometry": {"type": "LineString", "coordinates": [[-54.99206835791421, -10.232659738490664], [-54.99208124149287, -10.23264713505685]]}}, {"type": "Feature", "properties": {"layer": "Fluxo", "dxf_type": "LINE"}, "geometry": {"type": "LineString", "coordinates": [[-54.99205296068145, -10.23266471721058], [-54.992065844266506, -10.232652112873646]]}}, {"type": "Feature", "properties": {"layer": "Fluxo", "dxf_type": "LINE"}, "geometry": {"type": "LineString", "coordinates": [[-54.99207357478094, -10.232644550454165], [-54.992079438543286, -10.232638815093388]]}}, {"type": "Feature", "properties": {"layer": "Fluxo", "dxf_type": "LINE"}, "geometry": {"type": "LineString", "coordinates": [[-54.992046622631754, -10.232660833734412], [-54.99205044703411, -10.232657091593513]]}}, {"type": "Feature", "properties": {"layer": "Fluxo", "dxf_type": "LINE"}, "geometry": {"type": "LineString", "coordinates": [[-54.99205817754897, -10.232649529174491], [-54.99207106204568, -10.232636924842796]]}}, {"type": "Feature", "properties": {"layer": "Fluxo", "dxf_type": "LINE"}, "geometry": {"type": "LineString", "coordinates": [[-54.99204278031666, -10.232654507893988], [-54.99205566481409, -10.232641903563065]]}}, {"type": "Feature", "properties": {"layer": "Fluxo", "dxf_type": "LINE"}, "geometry": {"type": "LineString", "coordinates": [[-54.99206339532842, -10.232634341143818], [-54.99206702414319, -10.232630791235097]]}}, {"type": "Feature", "properties": {"layer": "Fluxo", "dxf_type": "LINE"}, "geometry": {"type": "LineString", "coordinates": [[-54.99203540467589, -10.232651639447111], [-54.99204026758215, -10.232646882282515]]}}, {"type": "Feature", "properties": {"layer": "Fluxo", "dxf_type": "LINE"}, "geometry": {"type": "LineString", "coordinates": [[-54.992047998096915, -10.232639319863726], [-54.99206088259346, -10.232626715532426]]}}, {"type": "Feature", "properties": {"layer": "Fluxo", "dxf_type": "LINE"}, "geometry": {"type": "LineString", "coordinates": [[-54.99203260087074, -10.232644297678926], [-54.992045485362326, -10.23263169425228]]}}, {"type": "Feature", "properties": {"layer": "Fluxo", "dxf_type": "LINE"}, "geometry": {"type": "LineString", "coordinates": [[-54.99205321587656, -10.232624131833271], [-54.99205618724977, -10.232621224172236]]}}, {"type": "Feature", "properties": {"layer": "Fluxo", "dxf_type": "LINE"}, "geometry": {"type": "LineString", "coordinates": [[-54.99202530419178, -10.232641352885734], [-54.99203008813653, -10.232636672067427]]}}, {"type": "Feature", "properties": {"layer": "Fluxo", "dxf_type": "LINE"}, "geometry": {"type": "LineString", "coordinates": [[-54.99203781865119, -10.232629109648878], [-54.99205070222934, -10.232616506216246]]}}, {"type": "Feature", "properties": {"layer": "Fluxo", "dxf_type": "LINE"}, "geometry": {"type": "LineString", "coordinates": [[-54.9920224214198, -10.232634088367549], [-54.99203530591689, -10.23262148403741]]}}, {"type": "Feature", "properties": {"layer": "Fluxo", "dxf_type": "LINE"}, "geometry": {"type": "LineString", "coordinates": [[-54.992043035518485, -10.232613921613025], [-54.99204688378262, -10.232610157925153]]}}, {"type": "Feature", "properties": {"layer": "Fluxo", "dxf_type": "LINE"}, "geometry": {"type": "LineString", "coordinates": [[-54.992016323027194, -10.232629970446103], [-54.99201990868587, -10.232626462756025]]}}, {"type": "Feature", "properties": {"layer": "Fluxo", "dxf_type": "LINE"}, "geometry": {"type": "LineString", "coordinates": [[-54.99202763920044, -10.232618900337732], [-54.9920405227841, -10.23260629600159]]}}, {"type": "Feature", "properties": {"layer": "Fluxo", "dxf_type": "LINE"}, "geometry": {"type": "LineString", "coordinates": [[-54.99201226401252, -10.232623856593943], [-54.992025125553894, -10.232611274720615]]}}, {"type": "Feature", "properties": {"layer": "Fluxo", "dxf_type": "LINE"}, "geometry": {"type": "LineString", "coordinates": [[-54.99203285606792, -10.232603712302074], [-54.99203917251924, -10.232597533197827]]}}, {"type": "Feature", "properties": {"layer": "Fluxo", "dxf_type": "LINE"}, "geometry": {"type": "LineString", "coordinates": [[-54.99200850525672, -10.232617449012018], [-54.992009728323325, -10.232616253438811]]}}, {"type": "Feature", "properties": {"layer": "Fluxo", "dxf_type": "LINE"}, "geometry": {"type": "LineString", "coordinates": [[-54.99201745883779, -10.232608691020737], [-54.99203034333383, -10.23259608669062]]}}, {"type": "Feature", "properties": {"layer": "Fluxo", "dxf_type": "LINE"}, "geometry": {"type": "LineString", "coordinates": [[-54.99200506052177, -10.232610736034273], [-54.99201494610408, -10.232601065409227]]}}, {"type": "Feature", "properties": {"layer": "Fluxo", "dxf_type": "LINE"}, "geometry": {"type": "LineString", "coordinates": [[-54.99202267661801, -10.232593502990923], [-54.99203556111315, -10.232580898660434]]}}, {"type": "Feature", "properties": {"layer": "Fluxo", "dxf_type": "LINE"}, "geometry": {"type": "LineString", "coordinates": [[-54.99200171173479, -10.232593843691719], [-54.99200476666059, -10.232590855193754]]}}, {"type": "Feature", "properties": {"layer": "Fluxo", "dxf_type": "LINE"}, "geometry": {"type": "LineString", "coordinates": [[-54.99201249717442, -10.23258329277569], [-54.99202538075118, -10.232570689343865]]}}, {"type": "Feature", "properties": {"layer": "Fluxo", "dxf_type": "LINE"}, "geometry": {"type": "LineString", "coordinates": [[-54.99199921185663, -10.232586205504598], [-54.992000113550986, -10.23258532341713]]}}, {"type": "Feature", "properties": {"layer": "Fluxo", "dxf_type": "LINE"}, "geometry": {"type": "LineString", "coordinates": [[-54.99198691958452, -10.232578062175936], [-54.99199980408005, -10.232565457847004]]}}, {"type": "Feature", "properties": {"layer": "Fluxo", "dxf_type": "LINE"}, "geometry": {"type": "LineString", "coordinates": [[-54.99200753459325, -10.23255789542895], [-54.992013921747, -10.232551647159381]]}}, {"type": "Feature", "properties": {"layer": "Fluxo", "dxf_type": "LINE"}, "geometry": {"type": "LineString", "coordinates": [[-54.99197982951329, -10.232574914370584], [-54.99198440685168, -10.232570436564364]]}}, {"type": "Feature", "properties": {"layer": "Fluxo", "dxf_type": "LINE"}, "geometry": {"type": "LineString", "coordinates": [[-54.9919921373653, -10.232562874146774], [-54.99200502185995, -10.232550269817462]]}}, {"type": "Feature", "properties": {"layer": "Fluxo", "dxf_type": "LINE"}, "geometry": {"type": "LineString", "coordinates": [[-54.99197674014269, -10.232567851959887], [-54.99198962463238, -10.23255524853523]]}}, {"type": "Feature", "properties": {"layer": "Fluxo", "dxf_type": "LINE"}, "geometry": {"type": "LineString", "coordinates": [[-54.99199735514547, -10.232547686117416], [-54.99200040364891, -10.232544703003319]]}}, {"type": "Feature", "properties": {"layer": "Fluxo", "dxf_type": "LINE"}, "geometry": {"type": "LineString", "coordinates": [[-54.991966070841066, -10.232568205556149], [-54.99197422741015, -10.232560226348289]]}}, {"type": "Feature", "properties": {"layer": "Fluxo", "dxf_type": "LINE"}, "geometry": {"type": "LineString", "coordinates": [[-54.99198195792368, -10.232552663930932], [-54.99199357710795, -10.232541297398894]]}}, {"type": "Feature", "properties": {"layer": "Fluxo", "dxf_type": "LINE"}, "geometry": {"type": "LineString", "coordinates": [[-54.991966560695836, -10.232557642647517], [-54.9919794442785, -10.23254503831374]]}}, {"type": "Feature", "properties": {"layer": "Fluxo", "dxf_type": "LINE"}, "geometry": {"type": "LineString", "coordinates": [[-54.991952118418915, -10.232561687177123], [-54.99196404705104, -10.232550017030269]]}}, {"type": "Feature", "properties": {"layer": "Fluxo", "dxf_type": "LINE"}, "geometry": {"type": "LineString", "coordinates": [[-54.991971777564466, -10.23254245461315], [-54.99197978629318, -10.232534620928094]]}}, {"type": "Feature", "properties": {"layer": "Fluxo", "dxf_type": "LINE"}, "geometry": {"type": "LineString", "coordinates": [[-54.99194506875598, -10.232558498944014], [-54.99194864982322, -10.232554995745977]]}}, {"type": "Feature", "properties": {"layer": "Fluxo", "dxf_type": "LINE"}, "geometry": {"type": "LineString", "coordinates": [[-54.99195638033709, -10.232547433329321], [-54.99196926483213, -10.232534829001585]]}}, {"type": "Feature", "properties": {"layer": "Fluxo", "dxf_type": "LINE"}, "geometry": {"type": "LineString", "coordinates": [[-54.991940983115036, -10.232552411140782], [-54.991953867605126, -10.23253980771768]]}}, {"type": "Feature", "properties": {"layer": "Fluxo", "dxf_type": "LINE"}, "geometry": {"type": "LineString", "coordinates": [[-54.99196159811846, -10.232532245300815], [-54.99196580908565, -10.232528125898886]]}}, {"type": "Feature", "properties": {"layer": "Fluxo", "dxf_type": "LINE"}, "geometry": {"type": "LineString", "coordinates": [[-54.991930819754664, -10.232552269796994], [-54.991938470383445, -10.23254478552909]]}}, {"type": "Feature", "properties": {"layer": "Fluxo", "dxf_type": "LINE"}, "geometry": {"type": "LineString", "coordinates": [[-54.99194620089722, -10.232537223112667], [-54.99195874932275, -10.232524947547]]}}, {"type": "Feature", "properties": {"layer": "Fluxo", "dxf_type": "LINE"}, "geometry": {"type": "LineString", "coordinates": [[-54.991930803669945, -10.232542201827593], [-54.99194368816554, -10.232529597501022]]}}, {"type": "Feature", "properties": {"layer": "Fluxo", "dxf_type": "LINE"}, "geometry": {"type": "LineString", "coordinates": [[-54.991951418678774, -10.232522035084376], [-54.99195164180678, -10.232521816808186]]}}, {"type": "Feature", "properties": {"layer": "Fluxo", "dxf_type": "LINE"}, "geometry": {"type": "LineString", "coordinates": [[-54.99191636874507, -10.232546238265746], [-54.991928290938645, -10.2325345762159]]}}, {"type": "Feature", "properties": {"layer": "Fluxo", "dxf_type": "LINE"}, "geometry": {"type": "LineString", "coordinates": [[-54.991936021452304, -10.232527013799713], [-54.9919444865434, -10.232518732778535]]}}, {"type": "Feature", "properties": {"layer": "Fluxo", "dxf_type": "LINE"}, "geometry": {"type": "LineString", "coordinates": [[-54.991909066560424, -10.232543298860103], [-54.99191289371139, -10.232539554929936]]}}, {"type": "Feature", "properties": {"layer": "Fluxo", "dxf_type": "LINE"}, "geometry": {"type": "LineString", "coordinates": [[-54.991920624225486, -10.232531992514227], [-54.99193350780838, -10.232519388182398]]}}, {"type": "Feature", "properties": {"layer": "Fluxo", "dxf_type": "LINE"}, "geometry": {"type": "LineString", "coordinates": [[-54.991905227004004, -10.232536970324022], [-54.99191811058194, -10.232524366896861]]}}, {"type": "Feature", "properties": {"layer": "Fluxo", "dxf_type": "LINE"}, "geometry": {"type": "LineString", "coordinates": [[-54.99192584109551, -10.232516804480914], [-54.99193002818906, -10.232512708434156]]}}, {"type": "Feature", "properties": {"layer": "Fluxo", "dxf_type": "LINE"}, "geometry": {"type": "LineString", "coordinates": [[-54.99189430335618, -10.232537572734975], [-54.99190271336083, -10.232529344706615]]}}, {"type": "Feature", "properties": {"layer": "Fluxo", "dxf_type": "LINE"}, "geometry": {"type": "LineString", "coordinates": [[-54.991910443874836, -10.232521782291128], [-54.991922725092394, -10.232509769023304]]}}, {"type": "Feature", "properties": {"layer": "Fluxo", "dxf_type": "LINE"}, "geometry": {"type": "LineString", "coordinates": [[-54.991886842325215, -10.232534787823269], [-54.99188731613368, -10.232534323419435]]}}, {"type": "Feature", "properties": {"layer": "Fluxo", "dxf_type": "LINE"}, "geometry": {"type": "LineString", "coordinates": [[-54.991895046648125, -10.232526761004404], [-54.991907931138435, -10.232514157583253]]}}, {"type": "Feature", "properties": {"layer": "Fluxo", "dxf_type": "LINE"}, "geometry": {"type": "LineString", "coordinates": [[-54.99187964942105, -10.232531739716862], [-54.991892533917785, -10.232519135392593]]}}, {"type": "Feature", "properties": {"layer": "Fluxo", "dxf_type": "LINE"}, "geometry": {"type": "LineString", "coordinates": [[-54.991900264431685, -10.232511572977339], [-54.99190796739287, -10.232504038413392]]}}, {"type": "Feature", "properties": {"layer": "Fluxo", "dxf_type": "LINE"}, "geometry": {"type": "LineString", "coordinates": [[-54.991871756825866, -10.232529376985019], [-54.99187713669109, -10.232524114104995]]}}, {"type": "Feature", "properties": {"layer": "Fluxo", "dxf_type": "LINE"}, "geometry": {"type": "LineString", "coordinates": [[-54.99188486720543, -10.232516551690203], [-54.99189775170126, -10.23250394736556]]}}, {"type": "Feature", "properties": {"layer": "Fluxo", "dxf_type": "LINE"}, "geometry": {"type": "LineString", "coordinates": [[-54.9918694699845, -10.232521529498358], [-54.99188235447538, -10.23250892607837]]}}, {"type": "Feature", "properties": {"layer": "Fluxo", "dxf_type": "LINE"}, "geometry": {"type": "LineString", "coordinates": [[-54.99189008498919, -10.232501363663353], [-54.99189300310534, -10.232498508102681]]}}, {"type": "Feature", "properties": {"layer": "Fluxo", "dxf_type": "LINE"}, "geometry": {"type": "LineString", "coordinates": [[-54.99185644911161, -10.232524184427927], [-54.991866957249144, -10.232513904790354]]}}, {"type": "Feature", "properties": {"layer": "Fluxo", "dxf_type": "LINE"}, "geometry": {"type": "LineString", "coordinates": [[-54.991874687763385, -10.232506342375801], [-54.99188544290723, -10.232495820202734]]}}, {"type": "Feature", "properties": {"layer": "Fluxo", "dxf_type": "LINE"}, "geometry": {"type": "LineString", "coordinates": [[-54.99184870986571, -10.232521670783024], [-54.99185156002824, -10.232518882597635]]}}, {"type": "Feature", "properties": {"layer": "Fluxo", "dxf_type": "LINE"}, "geometry": {"type": "LineString", "coordinates": [[-54.99185929054292, -10.232511320183539], [-54.99187217412109, -10.23249871675833]]}}, {"type": "Feature", "properties": {"layer": "Fluxo", "dxf_type": "LINE"}, "geometry": {"type": "LineString", "coordinates": [[-54.991843893316414, -10.232516298894346], [-54.991856776901, -10.232503694565999]]}}, {"type": "Feature", "properties": {"layer": "Fluxo", "dxf_type": "LINE"}, "geometry": {"type": "LineString", "coordinates": [[-54.99186450741514, -10.2324961321517], [-54.99187016182259, -10.23249060159712]]}}, {"type": "Feature", "properties": {"layer": "Fluxo", "dxf_type": "LINE"}, "geometry": {"type": "LineString", "coordinates": [[-54.991833057824635, -10.23251681416693], [-54.991841379674874, -10.232508673276751]]}}, {"type": "Feature", "properties": {"layer": "Fluxo", "dxf_type": "LINE"}, "geometry": {"type": "LineString", "coordinates": [[-54.99184911018945, -10.23250111086289], [-54.99186199468567, -10.232488506539822]]}}, {"type": "Feature", "properties": {"layer": "Fluxo", "dxf_type": "LINE"}, "geometry": {"type": "LineString", "coordinates": [[-54.99182514411124, -10.232514472093968], [-54.99182598244838, -10.232513651986677]]}}, {"type": "Feature", "properties": {"layer": "Fluxo", "dxf_type": "LINE"}, "geometry": {"type": "LineString", "coordinates": [[-54.991833712963405, -10.23250608957328], [-54.99184659746036, -10.232493485250975]]}}, {"type": "Feature", "properties": {"layer": "Fluxo", "dxf_type": "LINE"}, "geometry": {"type": "LineString", "coordinates": [[-54.9918543279744, -10.232485922836894], [-54.99185466220733, -10.232485595871845]]}}, {"type": "Feature", "properties": {"layer": "Fluxo", "dxf_type": "LINE"}, "geometry": {"type": "LineString", "coordinates": [[-54.991818315742684, -10.23251106737896], [-54.991831200234685, -10.23249846396131]]}}, {"type": "Feature", "properties": {"layer": "Fluxo", "dxf_type": "LINE"}, "geometry": {"type": "LineString", "coordinates": [[-54.99183893074916, -10.232490901547688], [-54.99184682838543, -10.232483174747395]]}}, {"type": "Feature", "properties": {"layer": "Fluxo", "dxf_type": "LINE"}, "geometry": {"type": "LineString", "coordinates": [[-54.99180913304608, -10.232509966694767], [-54.99181580301434, -10.232503441766923]]}}, {"type": "Feature", "properties": {"layer": "Fluxo", "dxf_type": "LINE"}, "geometry": {"type": "LineString", "coordinates": [[-54.99182353352926, -10.232495879353776], [-54.99183641802036, -10.232483275935737]]}}, {"type": "Feature", "properties": {"layer": "Fluxo", "dxf_type": "LINE"}, "geometry": {"type": "LineString", "coordinates": [[-54.99180813630331, -10.23250085806291], [-54.991821020800835, -10.23248825374177]]}}, {"type": "Feature", "properties": {"layer": "Fluxo", "dxf_type": "LINE"}, "geometry": {"type": "LineString", "coordinates": [[-54.99182875131522, -10.232480691328385], [-54.991830990859576, -10.232478500483065]]}}, {"type": "Feature", "properties": {"layer": "Fluxo", "dxf_type": "LINE"}, "geometry": {"type": "LineString", "coordinates": [[-54.99179287406142, -10.232505703823815], [-54.99180562357527, -10.232493232450866]]}}, {"type": "Feature", "properties": {"layer": "Fluxo", "dxf_type": "LINE"}, "geometry": {"type": "LineString", "coordinates": [[-54.991813354090084, -10.23248567003794], [-54.99182298440664, -10.232476249134052]]}}, {"type": "Feature", "properties": {"layer": "Fluxo", "dxf_type": "LINE"}, "geometry": {"type": "LineString", "coordinates": [[-54.99178464907131, -10.232503666258562], [-54.991790226349345, -10.23249821115914]]}}, {"type": "Feature", "properties": {"layer": "Fluxo", "dxf_type": "LINE"}, "geometry": {"type": "LineString", "coordinates": [[-54.991797956864595, -10.232490648746678], [-54.99181084044942, -10.232478044420281]]}}, {"type": "Feature", "properties": {"layer": "Fluxo", "dxf_type": "LINE"}, "geometry": {"type": "LineString", "coordinates": [[-54.99178255964444, -10.232495626550707], [-54.991795443224305, -10.232483023128964]]}}, {"type": "Feature", "properties": {"layer": "Fluxo", "dxf_type": "LINE"}, "geometry": {"type": "LineString", "coordinates": [[-54.99180317373902, -10.232475460716275], [-54.99180679337175, -10.232471919793188]]}}, {"type": "Feature", "properties": {"layer": "Fluxo", "dxf_type": "LINE"}, "geometry": {"type": "LineString", "coordinates": [[-54.99176800167938, -10.232499783348523], [-54.99178004691706, -10.232488000938568]]}}, {"type": "Feature", "properties": {"layer": "Fluxo", "dxf_type": "LINE"}, "geometry": {"type": "LineString", "coordinates": [[-54.99178777651968, -10.23248043852071], [-54.99179860602944, -10.23246984539995]]}}, {"type": "Feature", "properties": {"layer": "Fluxo", "dxf_type": "LINE"}, "geometry": {"type": "LineString", "coordinates": [[-54.9917595774354, -10.232497940704105], [-54.99176464969124, -10.232492979645604]]}}, {"type": "Feature", "properties": {"layer": "Fluxo", "dxf_type": "LINE"}, "geometry": {"type": "LineString", "coordinates": [[-54.99177238020683, -10.232485417233836], [-54.99178526379221, -10.232472812908604]]}}, {"type": "Feature", "properties": {"layer": "Fluxo", "dxf_type": "LINE"}, "geometry": {"type": "LineString", "coordinates": [[-54.9917569829811, -10.232490395940514], [-54.9917698665672, -10.232477791616049]]}}, {"type": "Feature", "properties": {"layer": "Fluxo", "dxf_type": "LINE"}, "geometry": {"type": "LineString", "coordinates": [[-54.99177759708226, -10.232470229204054], [-54.99178204495178, -10.232465878054906]]}}, {"type": "Feature", "properties": {"layer": "Fluxo", "dxf_type": "LINE"}, "geometry": {"type": "LineString", "coordinates": [[-54.99174252142955, -10.232494458420376], [-54.99175446934184, -10.232482770322672]]}}, {"type": "Feature", "properties": {"layer": "Fluxo", "dxf_type": "LINE"}, "geometry": {"type": "LineString", "coordinates": [[-54.99176219985734, -10.232475207911142], [-54.99177366846177, -10.23246398779785]]}}, {"type": "Feature", "properties": {"layer": "Fluxo", "dxf_type": "LINE"}, "geometry": {"type": "LineString", "coordinates": [[-54.99173388691868, -10.232492820571917], [-54.99173907212182, -10.232487748124587]]}}, {"type": "Feature", "properties": {"layer": "Fluxo", "dxf_type": "LINE"}, "geometry": {"type": "LineString", "coordinates": [[-54.99174680263774, -10.232480185713516], [-54.99175968713054, -10.232467582298959]]}}, {"type": "Feature", "properties": {"layer": "Fluxo", "dxf_type": "LINE"}, "geometry": {"type": "LineString", "coordinates": [[-54.99173140541211, -10.232485164418957], [-54.991744289911324, -10.232472560101282]]}}, {"type": "Feature", "properties": {"layer": "Fluxo", "dxf_type": "LINE"}, "geometry": {"type": "LineString", "coordinates": [[-54.991752020426716, -10.232464997689984], [-54.99175671897117, -10.23246040131755]]}}, {"type": "Feature", "properties": {"layer": "Fluxo", "dxf_type": "LINE"}, "geometry": {"type": "LineString", "coordinates": [[-54.99171639843076, -10.23248976136512], [-54.99172889268606, -10.232477538806666]]}}, {"type": "Feature", "properties": {"layer": "Fluxo", "dxf_type": "LINE"}, "geometry": {"type": "LineString", "coordinates": [[-54.991736623201895, -10.232469976395828], [-54.99174814413982, -10.232458705986915]]}}, {"type": "Feature", "properties": {"layer": "Fluxo", "dxf_type": "LINE"}, "geometry": {"type": "LineString", "coordinates": [[-54.99170754078649, -10.232488342695897], [-54.99171349546045, -10.232482517511231]]}}, {"type": "Feature", "properties": {"layer": "Fluxo", "dxf_type": "LINE"}, "geometry": {"type": "LineString", "coordinates": [[-54.99172122597672, -10.232474955100855], [-54.99173411047576, -10.232462350783573]]}}, {"type": "Feature", "properties": {"layer": "Fluxo", "dxf_type": "LINE"}, "geometry": {"type": "LineString", "coordinates": [[-54.99170582875688, -10.232479932901171], [-54.99171871325096, -10.232467329488545]]}}, {"type": "Feature", "properties": {"layer": "Fluxo", "dxf_type": "LINE"}, "geometry": {"type": "LineString", "coordinates": [[-54.99172644376669, -10.232459767077945], [-54.991730784210255, -10.232455520121583]]}}, {"type": "Feature", "properties": {"layer": "Fluxo", "dxf_type": "LINE"}, "geometry": {"type": "LineString", "coordinates": [[-54.991690431531, -10.232484911604555], [-54.9917033160315, -10.232472307288807]]}}, {"type": "Feature", "properties": {"layer": "Fluxo", "dxf_type": "LINE"}, "geometry": {"type": "LineString", "coordinates": [[-54.99171104654766, -10.23246474487867], [-54.99172199818812, -10.232454031389032]]}}, {"type": "Feature", "properties": {"layer": "Fluxo", "dxf_type": "LINE"}, "geometry": {"type": "LineString", "coordinates": [[-54.99168049681185, -10.232484546587852], [-54.99168791880599, -10.232477285992134]]}}, {"type": "Feature", "properties": {"layer": "Fluxo", "dxf_type": "LINE"}, "geometry": {"type": "LineString", "coordinates": [[-54.991695649322594, -10.232469723582454], [-54.99170853290966, -10.232457119260708]]}}, {"type": "Feature", "properties": {"layer": "Fluxo", "dxf_type": "LINE"}, "geometry": {"type": "LineString", "coordinates": [[-54.99167131871402, -10.232483440504827], [-54.99167252158013, -10.232482264694637]]}}, {"type": "Feature", "properties": {"layer": "Fluxo", "dxf_type": "LINE"}, "geometry": {"type": "LineString", "coordinates": [[-54.99168025209717, -10.23247470228542], [-54.99169313568496, -10.23246209796444]]}}, {"type": "Feature", "properties": {"layer": "Fluxo", "dxf_type": "LINE"}, "geometry": {"type": "LineString", "coordinates": [[-54.99170086620103, -10.232454535554556], [-54.99170420485829, -10.232451269498833]]}}, {"type": "Feature", "properties": {"layer": "Fluxo", "dxf_type": "LINE"}, "geometry": {"type": "LineString", "coordinates": [[-54.99166485487707, -10.232479680083678], [-54.99167773845991, -10.232467076667348]]}}, {"type": "Feature", "properties": {"layer": "Fluxo", "dxf_type": "LINE"}, "geometry": {"type": "LineString", "coordinates": [[-54.99168546897642, -10.232459514257908], [-54.991695194790225, -10.232449999939837]]}}, {"type": "Feature", "properties": {"layer": "Fluxo", "dxf_type": "LINE"}, "geometry": {"type": "LineString", "coordinates": [[-54.99165270541064, -10.232481480753327], [-54.99166234124019, -10.232472054465553]]}}, {"type": "Feature", "properties": {"layer": "Fluxo", "dxf_type": "LINE"}, "geometry": {"type": "LineString", "coordinates": [[-54.99167007175714, -10.232464492056572], [-54.99168295625162, -10.23245188864552]]}}, {"type": "Feature", "properties": {"layer": "Fluxo", "dxf_type": "LINE"}, "geometry": {"type": "LineString", "coordinates": [[-54.99164326653218, -10.232480630677845], [-54.99164694401444, -10.232477033166818]]}}, {"type": "Feature", "properties": {"layer": "Fluxo", "dxf_type": "LINE"}, "geometry": {"type": "LineString", "coordinates": [[-54.991654674531816, -10.232469470758298], [-54.99166755903271, -10.232456866444112]]}}, {"type": "Feature", "properties": {"layer": "Fluxo", "dxf_type": "LINE"}, "geometry": {"type": "LineString", "coordinates": [[-54.99167528954912, -10.232449304034924], [-54.99167693959515, -10.232447689870579]]}}, {"type": "Feature", "properties": {"layer": "Fluxo", "dxf_type": "LINE"}, "geometry": {"type": "LineString", "coordinates": [[-54.99163955093653, -10.23247418177924], [-54.99165216180777, -10.232461845145785]]}}, {"type": "Feature", "properties": {"layer": "Fluxo", "dxf_type": "LINE"}, "geometry": {"type": "LineString", "coordinates": [[-54.99165989232461, -10.232454282737056], [-54.99166769078956, -10.232446653857181]]}}, {"type": "Feature", "properties": {"layer": "Fluxo", "dxf_type": "LINE"}, "geometry": {"type": "LineString", "coordinates": [[-54.99164449509975, -10.23245926143835], [-54.991657379600476, -10.232446657124576]]}}, {"type": "Feature", "properties": {"layer": "Fluxo", "dxf_type": "LINE"}, "geometry": {"type": "LineString", "coordinates": [[-54.991641347884105, -10.232452256519997], [-54.991641982375995, -10.23245163582583]]}}, {"type": "Feature", "properties": {"layer": "Fluxo", "dxf_type": "LINE"}, "geometry": {"type": "LineString", "coordinates": [[-54.99318737204576, -10.233189828758164], [-54.99317138137515, -10.233173791312481]]}}, {"type": "Feature", "properties": {"layer": "Fluxo", "dxf_type": "LINE"}, "geometry": {"type": "LineString", "coordinates": [[-54.99331332022953, -10.23332635535934], [-54.9930351262734, -10.233047347638632]]}}, {"type": "Feature", "properties": {"layer": "Fluxo", "dxf_type": "LINE"}, "geometry": {"type": "LineString", "coordinates": [[-54.9933654880527, -10.233388886693824], [-54.99297265061339, -10.232994900129615]]}}, {"type": "Feature", "properties": {"layer": "Fluxo", "dxf_type": "LINE"}, "geometry": {"type": "LineString", "coordinates": [[-54.993404250669315, -10.233437972701852], [-54.9929235810775, -10.232955897048674]]}}, {"type": "Feature", "properties": {"layer": "Fluxo", "dxf_type": "LINE"}, "geometry": {"type": "LineString", "coordinates": [[-54.993436051311726, -10.233480077282065], [-54.992881473509485, -10.232923876299306]]}}, {"type": "Feature", "properties": {"layer": "Fluxo", "dxf_type": "LINE"}, "geometry": {"type": "LineString", "coordinates": [[-54.99346967204023, -10.233524006348715], [-54.9928438249744, -10.232896327625333]]}}, {"type": "Feature", "properties": {"layer": "Fluxo", "dxf_type": "LINE"}, "geometry": {"type": "LineString", "coordinates": [[-54.99351350404899, -10.233578176525635], [-54.99328387302453, -10.233347874238868]]}}, {"type": "Feature", "properties": {"layer": "Fluxo", "dxf_type": "LINE"}, "geometry": {"type": "LineString", "coordinates": [[-54.99301303643617, -10.233076245377642], [-54.99280935135211, -10.232871964060081]]}}, {"type": "Feature", "properties": {"layer": "Fluxo", "dxf_type": "LINE"}, "geometry": {"type": "LineString", "coordinates": [[-54.99355951072898, -10.233634527710379], [-54.99333646253999, -10.233410827597186]]}}, {"type": "Feature", "properties": {"layer": "Fluxo", "dxf_type": "LINE"}, "geometry": {"type": "LineString", "coordinates": [[-54.992777289984275, -10.232850018895235], [-54.9927729824072, -10.232845698704152]]}}, {"type": "Feature", "properties": {"layer": "Fluxo", "dxf_type": "LINE"}, "geometry": {"type": "LineString", "coordinates": [[-54.9936080067637, -10.233693375503206], [-54.99337528137323, -10.233459970901961]]}}, {"type": "Feature", "properties": {"layer": "Fluxo", "dxf_type": "LINE"}, "geometry": {"type": "LineString", "coordinates": [[-54.99274714209196, -10.23282999280254], [-54.992745700187434, -10.232828546675329]]}}, {"type": "Feature", "properties": {"layer": "Fluxo", "dxf_type": "LINE"}, "geometry": {"type": "LineString", "coordinates": [[-54.99365939117555, -10.23375512008892], [-54.993407042122335, -10.233502033658292]]}}, {"type": "Feature", "properties": {"layer": "Fluxo", "dxf_type": "LINE"}, "geometry": {"type": "LineString", "coordinates": [[-54.992718560341906, -10.232811538342338], [-54.99271841797087, -10.232811394644738]]}}, {"type": "Feature", "properties": {"layer": "Fluxo", "dxf_type": "LINE"}, "geometry": {"type": "LineString", "coordinates": [[-54.9937141826879, -10.233820282611585], [-54.993440658307996, -10.233545959083894]]}}, {"type": "Feature", "properties": {"layer": "Fluxo", "dxf_type": "LINE"}, "geometry": {"type": "LineString", "coordinates": [[-54.9928213769263, -10.232924866092322], [-54.99270388888962, -10.232807034916462]]}}, {"type": "Feature", "properties": {"layer": "Fluxo", "dxf_type": "LINE"}, "geometry": {"type": "LineString", "coordinates": [[-54.99377307778754, -10.233889559767785], [-54.99348446492123, -10.233600103797933]]}}, {"type": "Feature", "properties": {"layer": "Fluxo", "dxf_type": "LINE"}, "geometry": {"type": "LineString", "coordinates": [[-54.99278699943052, -10.232900598932934], [-54.99269990477038, -10.232813248305616]]}}, {"type": "Feature", "properties": {"layer": "Fluxo", "dxf_type": "LINE"}, "geometry": {"type": "LineString", "coordinates": [[-54.9938370477198, -10.23396392745138], [-54.993530437131234, -10.233656421328751]]}}, {"type": "Feature", "properties": {"layer": "Fluxo", "dxf_type": "LINE"}, "geometry": {"type": "LineString", "coordinates": [[-54.99275504235655, -10.232878757455895], [-54.992695919732746, -10.232819462592927]]}}, {"type": "Feature", "properties": {"layer": "Fluxo", "dxf_type": "LINE"}, "geometry": {"type": "LineString", "coordinates": [[-54.993907523535405, -10.234044819062627], [-54.99357888872602, -10.233715224559349]]}}, {"type": "Feature", "properties": {"layer": "Fluxo", "dxf_type": "LINE"}, "geometry": {"type": "LineString", "coordinates": [[-54.992725000554714, -10.23285883958182], [-54.99269193560749, -10.232825676885808]]}}, {"type": "Feature", "properties": {"layer": "Fluxo", "dxf_type": "LINE"}, "geometry": {"type": "LineString", "coordinates": [[-54.99398676786691, -10.234134504734891], [-54.99363021327537, -10.233776910025231]]}}, {"type": "Feature", "properties": {"layer": "Fluxo", "dxf_type": "LINE"}, "geometry": {"type": "LineString", "coordinates": [[-54.99269652854524, -10.232840493362886], [-54.992687950575196, -10.232831890269077]]}}, {"type": "Feature", "properties": {"layer": "Fluxo", "dxf_type": "LINE"}, "geometry": {"type": "LineString", "coordinates": [[-54.99407877637364, -10.234236992676523], [-54.99368492589223, -10.233841992520867]]}}, {"type": "Feature", "properties": {"layer": "Fluxo", "dxf_type": "LINE"}, "geometry": {"type": "LineString", "coordinates": [[-54.994160910981904, -10.234329576937506], [-54.99374371488448, -10.23391116326889]]}}, {"type": "Feature", "properties": {"layer": "Fluxo", "dxf_type": "LINE"}, "geometry": {"type": "LineString", "coordinates": [[-54.99419405941407, -10.234373032107596], [-54.99380753971951, -10.233985384531858]]}}, {"type": "Feature", "properties": {"layer": "Fluxo", "dxf_type": "LINE"}, "geometry": {"type": "LineString", "coordinates": [[-54.994230192353605, -10.234419480477955], [-54.993877806945484, -10.234066067864998]]}}, {"type": "Feature", "properties": {"layer": "Fluxo", "dxf_type": "LINE"}, "geometry": {"type": "LineString", "coordinates": [[-54.994270123256875, -10.23446973878361], [-54.99395674021654, -10.23415544158123]]}}, {"type": "Feature", "properties": {"layer": "Fluxo", "dxf_type": "LINE"}, "geometry": {"type": "LineString", "coordinates": [[-54.9943025652673, -10.234512485438513], [-54.99404823997063, -10.23425741839058]]}}, {"type": "Feature", "properties": {"layer": "Fluxo", "dxf_type": "LINE"}, "geometry": {"type": "LineString", "coordinates": [[-54.99429691069238, -10.234517024432572], [-54.9941319298428, -10.234351563374759]]}}, {"type": "Feature", "properties": {"layer": "Fluxo", "dxf_type": "LINE"}, "geometry": {"type": "LineString", "coordinates": [[-54.99429125520476, -10.23452156342086], [-54.99416509006142, -10.234395030371076]]}}, {"type": "Feature", "properties": {"layer": "Fluxo", "dxf_type": "LINE"}, "geometry": {"type": "LineString", "coordinates": [[-54.994285600629524, -10.234526102414643], [-54.9942012175511, -10.234441474191096]]}}, {"type": "Feature", "properties": {"layer": "Fluxo", "dxf_type": "LINE"}, "geometry": {"type": "LineString", "coordinates": [[-54.99427994605414, -10.234530641408313], [-54.994241116722215, -10.23449169885923]]}}, {"type": "Feature", "properties": {"layer": "Fluxo", "dxf_type": "LINE"}, "geometry": {"type": "LineString", "coordinates": [[-54.99427553534094, -10.234534161212972], [-54.994282121754864, -10.234527718879546]]}}, {"type": "Feature", "properties": {"layer": "Fluxo", "dxf_type": "LINE"}, "geometry": {"type": "LineString", "coordinates": [[-54.99428985228104, -10.234520156406845], [-54.99430163309737, -10.234508630793506]]}}, {"type": "Feature", "properties": {"layer": "Fluxo", "dxf_type": "LINE"}, "geometry": {"type": "LineString", "coordinates": [[-54.99427445497281, -10.23452513431704], [-54.994287338570864, -10.234512530794913]]}}, {"type": "Feature", "properties": {"layer": "Fluxo", "dxf_type": "LINE"}, "geometry": {"type": "LineString", "coordinates": [[-54.9942950690965, -10.234504968321987], [-54.99429705705083, -10.2345030235834]]}}, {"type": "Feature", "properties": {"layer": "Fluxo", "dxf_type": "LINE"}, "geometry": {"type": "LineString", "coordinates": [[-54.994266383248515, -10.234522946792037], [-54.99427194126301, -10.234517508705055]]}}, {"type": "Feature", "properties": {"layer": "Fluxo", "dxf_type": "LINE"}, "geometry": {"type": "LineString", "coordinates": [[-54.99427967178909, -10.234509946232595], [-54.99429248743201, -10.234497410085416]]}}, {"type": "Feature", "properties": {"layer": "Fluxo", "dxf_type": "LINE"}, "geometry": {"type": "LineString", "coordinates": [[-54.99426427447563, -10.234514925046263], [-54.99427715899175, -10.234502320626268]]}}, {"type": "Feature", "properties": {"layer": "Fluxo", "dxf_type": "LINE"}, "geometry": {"type": "LineString", "coordinates": [[-54.99428488951729, -10.234494758153579], [-54.99428792332837, -10.234491790293939]]}}, {"type": "Feature", "properties": {"layer": "Fluxo", "dxf_type": "LINE"}, "geometry": {"type": "LineString", "coordinates": [[-54.99425725595444, -10.234511707213994], [-54.99426176167867, -10.234507299439878]]}}, {"type": "Feature", "properties": {"layer": "Fluxo", "dxf_type": "LINE"}, "geometry": {"type": "LineString", "coordinates": [[-54.994269492204644, -10.234499736967651], [-54.994282376719866, -10.234487132547299]]}}, {"type": "Feature", "properties": {"layer": "Fluxo", "dxf_type": "LINE"}, "geometry": {"type": "LineString", "coordinates": [[-54.99425409489165, -10.234504715780904], [-54.994266979407605, -10.234492111361321]]}}, {"type": "Feature", "properties": {"layer": "Fluxo", "dxf_type": "LINE"}, "geometry": {"type": "LineString", "coordinates": [[-54.994274709933045, -10.234484548888869], [-54.99427881439857, -10.234480532751254]]}}, {"type": "Feature", "properties": {"layer": "Fluxo", "dxf_type": "LINE"}, "geometry": {"type": "LineString", "coordinates": [[-54.99424815253478, -10.234500444280979], [-54.99425158209498, -10.234497090174502]]}}, {"type": "Feature", "properties": {"layer": "Fluxo", "dxf_type": "LINE"}, "geometry": {"type": "LineString", "coordinates": [[-54.994259312620855, -10.234489527702529], [-54.99427219622336, -10.234476923276926]]}}, {"type": "Feature", "properties": {"layer": "Fluxo", "dxf_type": "LINE"}, "geometry": {"type": "LineString", "coordinates": [[-54.99424391531401, -10.234494505611464], [-54.99425679891156, -10.23448190209053]]}}, {"type": "Feature", "properties": {"layer": "Fluxo", "dxf_type": "LINE"}, "geometry": {"type": "LineString", "coordinates": [[-54.9942645294369, -10.234474339618316], [-54.99426973117396, -10.234469250960952]]}}, {"type": "Feature", "properties": {"layer": "Fluxo", "dxf_type": "LINE"}, "geometry": {"type": "LineString", "coordinates": [[-54.99423907573856, -10.234489156202107], [-54.99424140160508, -10.234486879999432]]}}, {"type": "Feature", "properties": {"layer": "Fluxo", "dxf_type": "LINE"}, "geometry": {"type": "LineString", "coordinates": [[-54.994249132130854, -10.234479317527674], [-54.994262016640064, -10.234466714011976]]}}, {"type": "Feature", "properties": {"layer": "Fluxo", "dxf_type": "LINE"}, "geometry": {"type": "LineString", "coordinates": [[-54.994234545610375, -10.234483503174362], [-54.99424661933439, -10.234471691921282]]}}, {"type": "Feature", "properties": {"layer": "Fluxo", "dxf_type": "LINE"}, "geometry": {"type": "LineString", "coordinates": [[-54.99425434985963, -10.234464129449302], [-54.99426067274768, -10.234457944013547]]}}, {"type": "Feature", "properties": {"layer": "Fluxo", "dxf_type": "LINE"}, "geometry": {"type": "LineString", "coordinates": [[-54.99423002282246, -10.234477843864376], [-54.99423122202269, -10.234476670733649]]}}, {"type": "Feature", "properties": {"layer": "Fluxo", "dxf_type": "LINE"}, "geometry": {"type": "LineString", "coordinates": [[-54.994238952548365, -10.234469108262132], [-54.99425183706309, -10.234456503842944]]}}, {"type": "Feature", "properties": {"layer": "Fluxo", "dxf_type": "LINE"}, "geometry": {"type": "LineString", "coordinates": [[-54.99422550554971, -10.234472178260893], [-54.99423643975219, -10.234461482655716]]}}, {"type": "Feature", "properties": {"layer": "Fluxo", "dxf_type": "LINE"}, "geometry": {"type": "LineString", "coordinates": [[-54.994244170277334, -10.234453920183993], [-54.9942516400266, -10.234446612818548]]}}, {"type": "Feature", "properties": {"layer": "Fluxo", "dxf_type": "LINE"}, "geometry": {"type": "LineString", "coordinates": [[-54.99422099469899, -10.234466507273432], [-54.994221042440955, -10.234466461467669]]}}, {"type": "Feature", "properties": {"layer": "Fluxo", "dxf_type": "LINE"}, "geometry": {"type": "LineString", "coordinates": [[-54.99422877296653, -10.234458898996388], [-54.99424165656853, -10.234446294571987]]}}, {"type": "Feature", "properties": {"layer": "Fluxo", "dxf_type": "LINE"}, "geometry": {"type": "LineString", "coordinates": [[-54.99421649027601, -10.234460829998097], [-54.994226259258106, -10.234451273384344]]}}, {"type": "Feature", "properties": {"layer": "Fluxo", "dxf_type": "LINE"}, "geometry": {"type": "LineString", "coordinates": [[-54.99423398978314, -10.234443710912837], [-54.99424263210385, -10.234435256466417]]}}, {"type": "Feature", "properties": {"layer": "Fluxo", "dxf_type": "LINE"}, "geometry": {"type": "LineString", "coordinates": [[-54.994218592478475, -10.234448688820947], [-54.994231476987174, -10.234436085306434]]}}, {"type": "Feature", "properties": {"layer": "Fluxo", "dxf_type": "LINE"}, "geometry": {"type": "LineString", "coordinates": [[-54.994207500718865, -10.234449455679927], [-54.994216079682886, -10.234441063214492]]}}, {"type": "Feature", "properties": {"layer": "Fluxo", "dxf_type": "LINE"}, "geometry": {"type": "LineString", "coordinates": [[-54.99422381020782, -10.234433500743222], [-54.99423364897374, -10.234423875861083]]}}, {"type": "Feature", "properties": {"layer": "Fluxo", "dxf_type": "LINE"}, "geometry": {"type": "LineString", "coordinates": [[-54.99420841289793, -10.234438479554802], [-54.99422129741215, -10.234425875136797]]}}, {"type": "Feature", "properties": {"layer": "Fluxo", "dxf_type": "LINE"}, "geometry": {"type": "LineString", "coordinates": [[-54.994229027936555, -10.234418312665303], [-54.99422916750653, -10.234418176129408]]}}, {"type": "Feature", "properties": {"layer": "Fluxo", "dxf_type": "LINE"}, "geometry": {"type": "LineString", "coordinates": [[-54.9941985359487, -10.234438058012417], [-54.994205900102635, -10.234430853948323]]}}, {"type": "Feature", "properties": {"layer": "Fluxo", "dxf_type": "LINE"}, "geometry": {"type": "LineString", "coordinates": [[-54.99421363062748, -10.23442329147729], [-54.99422469154882, -10.23441247100815]]}}, {"type": "Feature", "properties": {"layer": "Fluxo", "dxf_type": "LINE"}, "geometry": {"type": "LineString", "coordinates": [[-54.994198233318045, -10.23442827028846], [-54.99421111691956, -10.234415665865221]]}}, {"type": "Feature", "properties": {"layer": "Fluxo", "dxf_type": "LINE"}, "geometry": {"type": "LineString", "coordinates": [[-54.994218847443854, -10.234408103393978], [-54.99422022202451, -10.234406758695112]]}}, {"type": "Feature", "properties": {"layer": "Fluxo", "dxf_type": "LINE"}, "geometry": {"type": "LineString", "coordinates": [[-54.994189595976856, -10.234426635187829], [-54.994195719610495, -10.234420644676332]]}}, {"type": "Feature", "properties": {"layer": "Fluxo", "dxf_type": "LINE"}, "geometry": {"type": "LineString", "coordinates": [[-54.99420345013523, -10.234413082205553], [-54.99421575983477, -10.234401041003727]]}}, {"type": "Feature", "properties": {"layer": "Fluxo", "dxf_type": "LINE"}, "geometry": {"type": "LineString", "coordinates": [[-54.99418805283194, -10.2344180601124], [-54.99420093734015, -10.234405456599085]]}}, {"type": "Feature", "properties": {"layer": "Fluxo", "dxf_type": "LINE"}, "geometry": {"type": "LineString", "coordinates": [[-54.99420866786435, -10.234397894128062], [-54.9942113031659, -10.234395316114956]]}}, {"type": "Feature", "properties": {"layer": "Fluxo", "dxf_type": "LINE"}, "geometry": {"type": "LineString", "coordinates": [[-54.994180680797655, -10.234415188110004], [-54.99418554003723, -10.234410434505895]]}}, {"type": "Feature", "properties": {"layer": "Fluxo", "dxf_type": "LINE"}, "geometry": {"type": "LineString", "coordinates": [[-54.994193270561865, -10.234402872035334], [-54.99420615506918, -10.23439026852163]]}}, {"type": "Feature", "properties": {"layer": "Fluxo", "dxf_type": "LINE"}, "geometry": {"type": "LineString", "coordinates": [[-54.99417787325335, -10.234407850845669], [-54.99419075776707, -10.234395246428843]]}}, {"type": "Feature", "properties": {"layer": "Fluxo", "dxf_type": "LINE"}, "geometry": {"type": "LineString", "coordinates": [[-54.99419848829117, -10.234387683958056], [-54.994202408187384, -10.234383849275964]]}}, {"type": "Feature", "properties": {"layer": "Fluxo", "dxf_type": "LINE"}, "geometry": {"type": "LineString", "coordinates": [[-54.99417179132365, -10.234403716784598], [-54.99417536045893, -10.234400225239124]]}}, {"type": "Feature", "properties": {"layer": "Fluxo", "dxf_type": "LINE"}, "geometry": {"type": "LineString", "coordinates": [[-54.99418309098347, -10.234392662768801], [-54.994195974583754, -10.234380058345979]]}}, {"type": "Feature", "properties": {"layer": "Fluxo", "dxf_type": "LINE"}, "geometry": {"type": "LineString", "coordinates": [[-54.99416769367541, -10.23439764157872], [-54.994180577276424, -10.234385037156663]]}}, {"type": "Feature", "properties": {"layer": "Fluxo", "dxf_type": "LINE"}, "geometry": {"type": "LineString", "coordinates": [[-54.99418830780042, -10.234377474686116], [-54.99419353983228, -10.234372357291118]]}}, {"type": "Feature", "properties": {"layer": "Fluxo", "dxf_type": "LINE"}, "geometry": {"type": "LineString", "coordinates": [[-54.99416292756052, -10.234392220307726], [-54.994165179968746, -10.234390015966529]]}}, {"type": "Feature", "properties": {"layer": "Fluxo", "dxf_type": "LINE"}, "geometry": {"type": "LineString", "coordinates": [[-54.99417291049318, -10.234382453496439], [-54.99418579500583, -10.234369849079654]]}}, {"type": "Feature", "properties": {"layer": "Fluxo", "dxf_type": "LINE"}, "geometry": {"type": "LineString", "coordinates": [[-54.99415850486709, -10.234386462182737], [-54.99417039769897, -10.234374827889908]]}}, {"type": "Feature", "properties": {"layer": "Fluxo", "dxf_type": "LINE"}, "geometry": {"type": "LineString", "coordinates": [[-54.99417812822287, -10.234367265419612], [-54.99418469536295, -10.234360840143538]]}}, {"type": "Feature", "properties": {"layer": "Fluxo", "dxf_type": "LINE"}, "geometry": {"type": "LineString", "coordinates": [[-54.99415408768316, -10.234380698668131], [-54.99415500039742, -10.234379805795474]]}}, {"type": "Feature", "properties": {"layer": "Fluxo", "dxf_type": "LINE"}, "geometry": {"type": "LineString", "coordinates": [[-54.99416273092176, -10.234372243325618], [-54.994175615428574, -10.234359639813112]]}}, {"type": "Feature", "properties": {"layer": "Fluxo", "dxf_type": "LINE"}, "geometry": {"type": "LineString", "coordinates": [[-54.99414967783949, -10.234374928871297], [-54.99416021812784, -10.234364617719082]]}}, {"type": "Feature", "properties": {"layer": "Fluxo", "dxf_type": "LINE"}, "geometry": {"type": "LineString", "coordinates": [[-54.99416794865164, -10.234357055249006], [-54.994175877511346, -10.23434929875401]]}}, {"type": "Feature", "properties": {"layer": "Fluxo", "dxf_type": "LINE"}, "geometry": {"type": "LineString", "coordinates": [[-54.994152551345316, -10.2343620340585], [-54.99416543494509, -10.234349429636861]]}}, {"type": "Feature", "properties": {"layer": "Fluxo", "dxf_type": "LINE"}, "geometry": {"type": "LineString", "coordinates": [[-54.994140876517065, -10.234363371312266], [-54.994150037639145, -10.2343544084463]]}}, {"type": "Feature", "properties": {"layer": "Fluxo", "dxf_type": "LINE"}, "geometry": {"type": "LineString", "coordinates": [[-54.99415776816284, -10.23434684597646], [-54.99416708445805, -10.234337732207393]]}}, {"type": "Feature", "properties": {"layer": "Fluxo", "dxf_type": "LINE"}, "geometry": {"type": "LineString", "coordinates": [[-54.99414237085697, -10.23435182478554], [-54.99415525536914, -10.234339220369916]]}}, {"type": "Feature", "properties": {"layer": "Fluxo", "dxf_type": "LINE"}, "geometry": {"type": "LineString", "coordinates": [[-54.99413209999296, -10.234351788596157], [-54.99413985806363, -10.234344199178944]]}}, {"type": "Feature", "properties": {"layer": "Fluxo", "dxf_type": "LINE"}, "geometry": {"type": "LineString", "coordinates": [[-54.99414758858723, -10.234336636709338], [-54.99415831710994, -10.234326141413188]]}}, {"type": "Feature", "properties": {"layer": "Fluxo", "dxf_type": "LINE"}, "geometry": {"type": "LineString", "coordinates": [[-54.9941321912875, -10.234341614614118], [-54.99414507579382, -10.234329011102792]]}}, {"type": "Feature", "properties": {"layer": "Fluxo", "dxf_type": "LINE"}, "geometry": {"type": "LineString", "coordinates": [[-54.994152806316876, -10.234321448632965], [-54.99415394307746, -10.234320336584283]]}}, {"type": "Feature", "properties": {"layer": "Fluxo", "dxf_type": "LINE"}, "geometry": {"type": "LineString", "coordinates": [[-54.99412334917972, -10.234340180728573], [-54.99412967849446, -10.2343339890075]]}}, {"type": "Feature", "properties": {"layer": "Fluxo", "dxf_type": "LINE"}, "geometry": {"type": "LineString", "coordinates": [[-54.99413740901228, -10.234326427442033], [-54.99414950017837, -10.23431459912502]]}}, {"type": "Feature", "properties": {"layer": "Fluxo", "dxf_type": "LINE"}, "geometry": {"type": "LineString", "coordinates": [[-54.994122011713, -10.23433140534638], [-54.99413489530661, -10.234318801829822]]}}, {"type": "Feature", "properties": {"layer": "Fluxo", "dxf_type": "LINE"}, "geometry": {"type": "LineString", "coordinates": [[-54.99414262582957, -10.234311239360231], [-54.99414462572012, -10.23430928294508]]}}, {"type": "Feature", "properties": {"layer": "Fluxo", "dxf_type": "LINE"}, "geometry": {"type": "LineString", "coordinates": [[-54.994113759110775, -10.234329393872464], [-54.994119498007706, -10.234323779734128]]}}, {"type": "Feature", "properties": {"layer": "Fluxo", "dxf_type": "LINE"}, "geometry": {"type": "LineString", "coordinates": [[-54.994127228531106, -10.234316217265], [-54.9941397540167, -10.234303964070326]]}}, {"type": "Feature", "properties": {"layer": "Fluxo", "dxf_type": "LINE"}, "geometry": {"type": "LineString", "coordinates": [[-54.99411183122662, -10.234321196072832], [-54.99412471573827, -10.23430859165839]]}}, {"type": "Feature", "properties": {"layer": "Fluxo", "dxf_type": "LINE"}, "geometry": {"type": "LineString", "coordinates": [[-54.99413244626114, -10.234301029189037], [-54.99413488505675, -10.234298644308504]]}}, {"type": "Feature", "properties": {"layer": "Fluxo", "dxf_type": "LINE"}, "geometry": {"type": "LineString", "coordinates": [[-54.994104022121036, -10.234318751641998], [-54.994109318434155, -10.23431357046617]]}}, {"type": "Feature", "properties": {"layer": "Fluxo", "dxf_type": "LINE"}, "geometry": {"type": "LineString", "coordinates": [[-54.994117048957456, -10.234306007997274], [-54.994129933468216, -10.234293403582463]]}}, {"type": "Feature", "properties": {"layer": "Fluxo", "dxf_type": "LINE"}, "geometry": {"type": "LineString", "coordinates": [[-54.994101651653416, -10.23431098680469], [-54.99411453616491, -10.234298382390644]]}}, {"type": "Feature", "properties": {"layer": "Fluxo", "dxf_type": "LINE"}, "geometry": {"type": "LineString", "coordinates": [[-54.994122266687675, -10.234290819921544], [-54.99412515266939, -10.234287995779622]]}}, {"type": "Feature", "properties": {"layer": "Fluxo", "dxf_type": "LINE"}, "geometry": {"type": "LineString", "coordinates": [[-54.99409429340161, -10.234308100423107], [-54.99409913886125, -10.234303361198005]]}}, {"type": "Feature", "properties": {"layer": "Fluxo", "dxf_type": "LINE"}, "geometry": {"type": "LineString", "coordinates": [[-54.994106869384446, -10.234295798729349], [-54.9941197529825, -10.234283194309324]]}}, {"type": "Feature", "properties": {"layer": "Fluxo", "dxf_type": "LINE"}, "geometry": {"type": "LineString", "coordinates": [[-54.99409147208655, -10.234300776632466], [-54.99410435567965, -10.23428817311709]]}}, {"type": "Feature", "properties": {"layer": "Fluxo", "dxf_type": "LINE"}, "geometry": {"type": "LineString", "coordinates": [[-54.994112086202314, -10.23428061064821], [-54.994115430371764, -10.234277339177451]]}}, {"type": "Feature", "properties": {"layer": "Fluxo", "dxf_type": "LINE"}, "geometry": {"type": "LineString", "coordinates": [[-54.99408457477761, -10.234297440227067], [-54.99408895929468, -10.234293151025758]]}}, {"type": "Feature", "properties": {"layer": "Fluxo", "dxf_type": "LINE"}, "geometry": {"type": "LineString", "coordinates": [[-54.99409668981777, -10.234285588557354], [-54.99410957340998, -10.23427298504159]]}}, {"type": "Feature", "properties": {"layer": "Fluxo", "dxf_type": "LINE"}, "geometry": {"type": "LineString", "coordinates": [[-54.99408129251465, -10.23429056736394], [-54.994094176113265, -10.234277962945058]]}}, {"type": "Feature", "properties": {"layer": "Fluxo", "dxf_type": "LINE"}, "geometry": {"type": "LineString", "coordinates": [[-54.994101906635834, -10.234270400476413], [-54.994105717257014, -10.234266673592487]]}}, {"type": "Feature", "properties": {"layer": "Fluxo", "dxf_type": "LINE"}, "geometry": {"type": "LineString", "coordinates": [[-54.99407486442393, -10.234286771042603], [-54.994078778810525, -10.234282941751589]]}}, {"type": "Feature", "properties": {"layer": "Fluxo", "dxf_type": "LINE"}, "geometry": {"type": "LineString", "coordinates": [[-54.99408650933353, -10.234275379283403], [-54.99409939384379, -10.234262774869773]]}}, {"type": "Feature", "properties": {"layer": "Fluxo", "dxf_type": "LINE"}, "geometry": {"type": "LineString", "coordinates": [[-54.994071112030866, -10.234280358089572], [-54.99408399654185, -10.234267753676708]]}}, {"type": "Feature", "properties": {"layer": "Fluxo", "dxf_type": "LINE"}, "geometry": {"type": "LineString", "coordinates": [[-54.994091727064315, -10.2342601912083], [-54.994096012412584, -10.234255999019098]]}}, {"type": "Feature", "properties": {"layer": "Fluxo", "dxf_type": "LINE"}, "geometry": {"type": "LineString", "coordinates": [[-54.99406516416567, -10.23427609288095], [-54.99406859923957, -10.234272732482822]]}}, {"type": "Feature", "properties": {"layer": "Fluxo", "dxf_type": "LINE"}, "geometry": {"type": "LineString", "coordinates": [[-54.994076329762464, -10.234265170014874], [-54.99408921427257, -10.234252565601638]]}}, {"type": "Feature", "properties": {"layer": "Fluxo", "dxf_type": "LINE"}, "geometry": {"type": "LineString", "coordinates": [[-54.99406093246594, -10.23427014791674], [-54.994073816971095, -10.234257544408159]]}}, {"type": "Feature", "properties": {"layer": "Fluxo", "dxf_type": "LINE"}, "geometry": {"type": "LineString", "coordinates": [[-54.99408154749346, -10.234249981940003], [-54.99408631675102, -10.234245315462914]]}}, {"type": "Feature", "properties": {"layer": "Fluxo", "dxf_type": "LINE"}, "geometry": {"type": "LineString", "coordinates": [[-54.99405547217773, -10.234265405730902], [-54.994058419674936, -10.23426252230997]]}}, {"type": "Feature", "properties": {"layer": "Fluxo", "dxf_type": "LINE"}, "geometry": {"type": "LineString", "coordinates": [[-54.994066150197746, -10.23425495984226], [-54.994079033789454, -10.234242356327695]]}}, {"type": "Feature", "properties": {"layer": "Fluxo", "dxf_type": "LINE"}, "geometry": {"type": "LineString", "coordinates": [[-54.994050752896, -10.234259938647597], [-54.99406363649412, -10.234247334229915]]}}, {"type": "Feature", "properties": {"layer": "Fluxo", "dxf_type": "LINE"}, "geometry": {"type": "LineString", "coordinates": [[-54.99407136701638, -10.23423977176198], [-54.994076631184875, -10.234234622929565]]}}, {"type": "Feature", "properties": {"layer": "Fluxo", "dxf_type": "LINE"}, "geometry": {"type": "LineString", "coordinates": [[-54.99404578937266, -10.234254709598057], [-54.99404823919274, -10.234252313035183]]}}, {"type": "Feature", "properties": {"layer": "Fluxo", "dxf_type": "LINE"}, "geometry": {"type": "LineString", "coordinates": [[-54.99405596971544, -10.234244750567724], [-54.994068854225205, -10.234232146155273]]}}, {"type": "Feature", "properties": {"layer": "Fluxo", "dxf_type": "LINE"}, "geometry": {"type": "LineString", "coordinates": [[-54.99404095164042, -10.234249358390464], [-54.99405345692465, -10.234237124960963]]}}, {"type": "Feature", "properties": {"layer": "Fluxo", "dxf_type": "LINE"}, "geometry": {"type": "LineString", "coordinates": [[-54.99406118744682, -10.234229562493264], [-54.99406695388905, -10.234223921407793]]}}, {"type": "Feature", "properties": {"layer": "Fluxo", "dxf_type": "LINE"}, "geometry": {"type": "LineString", "coordinates": [[-54.99403611575047, -10.23424400448242], [-54.99403805962373, -10.234242103765832]]}}, {"type": "Feature", "properties": {"layer": "Fluxo", "dxf_type": "LINE"}, "geometry": {"type": "LineString", "coordinates": [[-54.99404579014634, -10.234234541298592], [-54.99405867465594, -10.234221936886538]]}}, {"type": "Feature", "properties": {"layer": "Fluxo", "dxf_type": "LINE"}, "geometry": {"type": "LineString", "coordinates": [[-54.99403128260966, -10.234238648783425], [-54.994043277355836, -10.234226915691808]]}}, {"type": "Feature", "properties": {"layer": "Fluxo", "dxf_type": "LINE"}, "geometry": {"type": "LineString", "coordinates": [[-54.9940510078779, -10.234219353224349], [-54.994057286688644, -10.234213210908875]]}}, {"type": "Feature", "properties": {"layer": "Fluxo", "dxf_type": "LINE"}, "geometry": {"type": "LineString", "coordinates": [[-54.994026451305466, -10.234233291287882], [-54.99402788006106, -10.234231893592378]]}}, {"type": "Feature", "properties": {"layer": "Fluxo", "dxf_type": "LINE"}, "geometry": {"type": "LineString", "coordinates": [[-54.994035610583566, -10.234224331125375], [-54.99404849417477, -10.234211727611976]]}}, {"type": "Feature", "properties": {"layer": "Fluxo", "dxf_type": "LINE"}, "geometry": {"type": "LineString", "coordinates": [[-54.994021622756094, -10.234227931097495], [-54.99403309688081, -10.23421670551295]]}}, {"type": "Feature", "properties": {"layer": "Fluxo", "dxf_type": "LINE"}, "geometry": {"type": "LineString", "coordinates": [[-54.99404082740277, -10.234209143045723], [-54.99404762775855, -10.23420249142152]]}}, {"type": "Feature", "properties": {"layer": "Fluxo", "dxf_type": "LINE"}, "geometry": {"type": "LineString", "coordinates": [[-54.994016796049, -10.234222568206661], [-54.99401769958081, -10.234221684316985]]}}, {"type": "Feature", "properties": {"layer": "Fluxo", "dxf_type": "LINE"}, "geometry": {"type": "LineString", "coordinates": [[-54.994025430103214, -10.234214121850219], [-54.994038314612474, -10.23420151743897]]}}, {"type": "Feature", "properties": {"layer": "Fluxo", "dxf_type": "LINE"}, "geometry": {"type": "LineString", "coordinates": [[-54.99401197209107, -10.234217203524892], [-54.994022917313295, -10.234206496243411]]}}, {"type": "Feature", "properties": {"layer": "Fluxo", "dxf_type": "LINE"}, "geometry": {"type": "LineString", "coordinates": [[-54.99403064783515, -10.234198933776423], [-54.994037978011335, -10.23419176295139]]}}, {"type": "Feature", "properties": {"layer": "Fluxo", "dxf_type": "LINE"}, "geometry": {"type": "LineString", "coordinates": [[-54.99400714996974, -10.234211837046539], [-54.99400752001376, -10.234211475047017]]}}, {"type": "Feature", "properties": {"layer": "Fluxo", "dxf_type": "LINE"}, "geometry": {"type": "LineString", "coordinates": [[-54.99401525053606, -10.234203912580503], [-54.994028135045156, -10.23419130816963]]}}, {"type": "Feature", "properties": {"layer": "Fluxo", "dxf_type": "LINE"}, "geometry": {"type": "LineString", "coordinates": [[-54.99400233060324, -10.234206467873381], [-54.994012737746424, -10.234196286973658]]}}, {"type": "Feature", "properties": {"layer": "Fluxo", "dxf_type": "LINE"}, "geometry": {"type": "LineString", "coordinates": [[-54.9940204682682, -10.234188724506902], [-54.99402833744698, -10.234181025498453]]}}, {"type": "Feature", "properties": {"layer": "Fluxo", "dxf_type": "LINE"}, "geometry": {"type": "LineString", "coordinates": [[-54.994005070975234, -10.234193702406683], [-54.99401795456594, -10.234181098894464]]}}, {"type": "Feature", "properties": {"layer": "Fluxo", "dxf_type": "LINE"}, "geometry": {"type": "LineString", "coordinates": [[-54.99399269830395, -10.234195722335182], [-54.99400255727335, -10.23418607679419]]}}, {"type": "Feature", "properties": {"layer": "Fluxo", "dxf_type": "LINE"}, "geometry": {"type": "LineString", "coordinates": [[-54.994010287795014, -10.234178514327676], [-54.99401870606549, -10.234170279062743]]}}, {"type": "Feature", "properties": {"layer": "Fluxo", "dxf_type": "LINE"}, "geometry": {"type": "LineString", "coordinates": [[-54.993994890496836, -10.234183493130926], [-54.99400777500559, -10.234170888720842]]}}, {"type": "Feature", "properties": {"layer": "Fluxo", "dxf_type": "LINE"}, "geometry": {"type": "LineString", "coordinates": [[-54.9939830742693, -10.234184968712473], [-54.993992377707784, -10.234175867524035]]}}, {"type": "Feature", "properties": {"layer": "Fluxo", "dxf_type": "LINE"}, "geometry": {"type": "LineString", "coordinates": [[-54.99400010822935, -10.234168305057771], [-54.994009084779414, -10.234159523649874]]}}, {"type": "Feature", "properties": {"layer": "Fluxo", "dxf_type": "LINE"}, "geometry": {"type": "LineString", "coordinates": [[-54.99398471093163, -10.234173283860589], [-54.99399759544023, -10.234160679450914]]}}, {"type": "Feature", "properties": {"layer": "Fluxo", "dxf_type": "LINE"}, "geometry": {"type": "LineString", "coordinates": [[-54.99397346033575, -10.234174205208715], [-54.993982198142874, -10.234165658253698]]}}, {"type": "Feature", "properties": {"layer": "Fluxo", "dxf_type": "LINE"}, "geometry": {"type": "LineString", "coordinates": [[-54.99398992866434, -10.234158095787652], [-54.993999471757974, -10.234148760152474]]}}, {"type": "Feature", "properties": {"layer": "Fluxo", "dxf_type": "LINE"}, "geometry": {"type": "LineString", "coordinates": [[-54.99397453137275, -10.234163073686185], [-54.99398741496296, -10.234150470175148]]}}, {"type": "Feature", "properties": {"layer": "Fluxo", "dxf_type": "LINE"}, "geometry": {"type": "LineString", "coordinates": [[-54.99396385557939, -10.234163433626073], [-54.993972017671744, -10.234155448073626]]}}, {"type": "Feature", "properties": {"layer": "Fluxo", "dxf_type": "LINE"}, "geometry": {"type": "LineString", "coordinates": [[-54.993979748193105, -10.23414788560782], [-54.99398986792509, -10.234137986768403]]}}, {"type": "Feature", "properties": {"layer": "Fluxo", "dxf_type": "LINE"}, "geometry": {"type": "LineString", "coordinates": [[-54.9939643508963, -10.234152864409824], [-54.993977235404564, -10.234140260000919]]}}, {"type": "Feature", "properties": {"layer": "Fluxo", "dxf_type": "LINE"}, "geometry": {"type": "LineString", "coordinates": [[-54.9939849659254, -10.234132697534887], [-54.993985069678935, -10.234132596935195]]}}, {"type": "Feature", "properties": {"layer": "Fluxo", "dxf_type": "LINE"}, "geometry": {"type": "LineString", "coordinates": [[-54.99395425909334, -10.234152653055004], [-54.993961838108135, -10.234145238802867]]}}, {"type": "Feature", "properties": {"layer": "Fluxo", "dxf_type": "LINE"}, "geometry": {"type": "LineString", "coordinates": [[-54.993969568629396, -10.234137676337296], [-54.99398027327506, -10.23412720440154]]}}, {"type": "Feature", "properties": {"layer": "Fluxo", "dxf_type": "LINE"}, "geometry": {"type": "LineString", "coordinates": [[-54.993954171333044, -10.234142655138884], [-54.993967055841146, -10.234130050730377]]}}, {"type": "Feature", "properties": {"layer": "Fluxo", "dxf_type": "LINE"}, "geometry": {"type": "LineString", "coordinates": [[-54.993974786361875, -10.234122488264598], [-54.99397547962034, -10.234121810076951]]}}, {"type": "Feature", "properties": {"layer": "Fluxo", "dxf_type": "LINE"}, "geometry": {"type": "LineString", "coordinates": [[-54.99394467270838, -10.234141862602891], [-54.993951658545164, -10.23413502953191]]}}, {"type": "Feature", "properties": {"layer": "Fluxo", "dxf_type": "LINE"}, "geometry": {"type": "LineString", "coordinates": [[-54.99395938906633, -10.23412746706659], [-54.993970687807895, -10.234116413051897]]}}, {"type": "Feature", "properties": {"layer": "Fluxo", "dxf_type": "LINE"}, "geometry": {"type": "LineString", "coordinates": [[-54.99394399177611, -10.234132444963862], [-54.99395687536583, -10.234119841454024]]}}, {"type": "Feature", "properties": {"layer": "Fluxo", "dxf_type": "LINE"}, "geometry": {"type": "LineString", "coordinates": [[-54.99396460588646, -10.234112278988466], [-54.993965898744605, -10.234111014235921]]}}, {"type": "Feature", "properties": {"layer": "Fluxo", "dxf_type": "LINE"}, "geometry": {"type": "LineString", "coordinates": [[-54.99393509550062, -10.234131064071896], [-54.99394147807599, -10.234124819351255]]}}, {"type": "Feature", "properties": {"layer": "Fluxo", "dxf_type": "LINE"}, "geometry": {"type": "LineString", "coordinates": [[-54.99394920859705, -10.234117256886156], [-54.99396111151791, -10.234105613623369]]}}, {"type": "Feature", "properties": {"layer": "Fluxo", "dxf_type": "LINE"}, "geometry": {"type": "LineString", "coordinates": [[-54.993933811301616, -10.234122235686915], [-54.993946695809385, -10.234109631279194]]}}, {"type": "Feature", "properties": {"layer": "Fluxo", "dxf_type": "LINE"}, "geometry": {"type": "LineString", "coordinates": [[-54.993954426329914, -10.234102068813868], [-54.99395632704606, -10.234100210315976]]}}, {"type": "Feature", "properties": {"layer": "Fluxo", "dxf_type": "LINE"}, "geometry": {"type": "LineString", "coordinates": [[-54.99392552656317, -10.234120256552476], [-54.993931298514326, -10.234114610079894]]}}, {"type": "Feature", "properties": {"layer": "Fluxo", "dxf_type": "LINE"}, "geometry": {"type": "LineString", "coordinates": [[-54.99393902903529, -10.234107047615032], [-54.99395154441648, -10.234094804308153]]}}, {"type": "Feature", "properties": {"layer": "Fluxo", "dxf_type": "LINE"}, "geometry": {"type": "LineString", "coordinates": [[-54.99392363174031, -10.234112026415373], [-54.99393651624791, -10.234099422008045]]}}, {"type": "Feature", "properties": {"layer": "Fluxo", "dxf_type": "LINE"}, "geometry": {"type": "LineString", "coordinates": [[-54.99394424676834, -10.234091859542962], [-54.993946764536055, -10.234089396509379]]}}, {"type": "Feature", "properties": {"layer": "Fluxo", "dxf_type": "LINE"}, "geometry": {"type": "LineString", "coordinates": [[-54.99391596772112, -10.234109440055912], [-54.99392111895331, -10.234104400808334]]}}, {"type": "Feature", "properties": {"layer": "Fluxo", "dxf_type": "LINE"}, "geometry": {"type": "LineString", "coordinates": [[-54.99392884947418, -10.234096838343707], [-54.99394173306834, -10.234084233930398]]}}, {"type": "Feature", "properties": {"layer": "Fluxo", "dxf_type": "LINE"}, "geometry": {"type": "LineString", "coordinates": [[-54.99391345218533, -10.234101816239747], [-54.993926335774546, -10.234089212731073]]}}, {"type": "Feature", "properties": {"layer": "Fluxo", "dxf_type": "LINE"}, "geometry": {"type": "LineString", "coordinates": [[-54.99393406629488, -10.234081650266242], [-54.99393721120323, -10.234078574623885]]}}, {"type": "Feature", "properties": {"layer": "Fluxo", "dxf_type": "LINE"}, "geometry": {"type": "LineString", "coordinates": [[-54.993906417149404, -10.234098614570929], [-54.99391093848608, -10.23409419062706]]}}, {"type": "Feature", "properties": {"layer": "Fluxo", "dxf_type": "LINE"}, "geometry": {"type": "LineString", "coordinates": [[-54.993918669006845, -10.23408662816267], [-54.99393155350771, -10.234074024659266]]}}, {"type": "Feature", "properties": {"layer": "Fluxo", "dxf_type": "LINE"}, "geometry": {"type": "LineString", "coordinates": [[-54.99390327171278, -10.234091606962181], [-54.99391615622005, -10.234079002555658]]}}, {"type": "Feature", "properties": {"layer": "Fluxo", "dxf_type": "LINE"}, "geometry": {"type": "LineString", "coordinates": [[-54.993923886734606, -10.234071440994931], [-54.99392766705895, -10.234067742851721]]}}, {"type": "Feature", "properties": {"layer": "Fluxo", "dxf_type": "LINE"}, "geometry": {"type": "LineString", "coordinates": [[-54.99389687576055, -10.234087780103177], [-54.993900758926365, -10.234083981355113]]}}, {"type": "Feature", "properties": {"layer": "Fluxo", "dxf_type": "LINE"}, "geometry": {"type": "LineString", "coordinates": [[-54.99390848944703, -10.23407641889096], [-54.99392137394773, -10.234063815387932]]}}, {"type": "Feature", "properties": {"layer": "Fluxo", "dxf_type": "LINE"}, "geometry": {"type": "LineString", "coordinates": [[-54.99389309215343, -10.234081397690055], [-54.99390597666053, -10.234068793283912]]}}, {"type": "Feature", "properties": {"layer": "Fluxo", "dxf_type": "LINE"}, "geometry": {"type": "LineString", "coordinates": [[-54.99391370718066, -10.234061230819533], [-54.993918132097534, -10.234056902096796]]}}, {"type": "Feature", "properties": {"layer": "Fluxo", "dxf_type": "LINE"}, "geometry": {"type": "LineString", "coordinates": [[-54.9938873444671, -10.234076936658276], [-54.9938905793673, -10.234073772082949]]}}, {"type": "Feature", "properties": {"layer": "Fluxo", "dxf_type": "LINE"}, "geometry": {"type": "LineString", "coordinates": [[-54.99389830988787, -10.23406620961903], [-54.99391119348153, -10.234053605206888]]}}, {"type": "Feature", "properties": {"layer": "Fluxo", "dxf_type": "LINE"}, "geometry": {"type": "LineString", "coordinates": [[-54.99388291259473, -10.234071188417712], [-54.993895796189115, -10.234058584006334]]}}, {"type": "Feature", "properties": {"layer": "Fluxo", "dxf_type": "LINE"}, "geometry": {"type": "LineString", "coordinates": [[-54.99390352670915, -10.234051021542193], [-54.99390860540075, -10.23404605325733]]}}, {"type": "Feature", "properties": {"layer": "Fluxo", "dxf_type": "LINE"}, "geometry": {"type": "LineString", "coordinates": [[-54.99387782144396, -10.23406608422497], [-54.993880398896344, -10.234063562804959]]}}, {"type": "Feature", "properties": {"layer": "Fluxo", "dxf_type": "LINE"}, "geometry": {"type": "LineString", "coordinates": [[-54.99388812941682, -10.234056000341278], [-54.99390101392285, -10.234043395935172]]}}, {"type": "Feature", "properties": {"layer": "Fluxo", "dxf_type": "LINE"}, "geometry": {"type": "LineString", "coordinates": [[-54.993873063602685, -10.234060654867145], [-54.99388561663089, -10.234048374734202]]}}, {"type": "Feature", "properties": {"layer": "Fluxo", "dxf_type": "LINE"}, "geometry": {"type": "LineString", "coordinates": [[-54.993893347150824, -10.234040812270297], [-54.99389908880505, -10.23403519453683]]}}, {"type": "Feature", "properties": {"layer": "Fluxo", "dxf_type": "LINE"}, "geometry": {"type": "LineString", "coordinates": [[-54.993868307603684, -10.234055222808882], [-54.99387021934426, -10.234053352628507]]}}, {"type": "Feature", "properties": {"layer": "Fluxo", "dxf_type": "LINE"}, "geometry": {"type": "LineString", "coordinates": [[-54.99387794986463, -10.234045790165082], [-54.99389083436482, -10.234033186663236]]}}, {"type": "Feature", "properties": {"layer": "Fluxo", "dxf_type": "LINE"}, "geometry": {"type": "LineString", "coordinates": [[-54.99386355435384, -10.23404978895968], [-54.993875437079, -10.234038164557964]]}}, {"type": "Feature", "properties": {"layer": "Fluxo", "dxf_type": "LINE"}, "geometry": {"type": "LineString", "coordinates": [[-54.99388316759883, -10.234030602094295], [-54.99388958138653, -10.234024327737446]]}}, {"type": "Feature", "properties": {"layer": "Fluxo", "dxf_type": "LINE"}, "geometry": {"type": "LineString", "coordinates": [[-54.99385880385882, -10.234044352415642], [-54.993860039787144, -10.234043143355757]]}}, {"type": "Feature", "properties": {"layer": "Fluxo", "dxf_type": "LINE"}, "geometry": {"type": "LineString", "coordinates": [[-54.99386777030741, -10.23403558089255], [-54.993880653900575, -10.234022976481588]]}}, {"type": "Feature", "properties": {"layer": "Fluxo", "dxf_type": "LINE"}, "geometry": {"type": "LineString", "coordinates": [[-54.993854054287866, -10.234038914069433], [-54.99386525660954, -10.234027955279787]]}}, {"type": "Feature", "properties": {"layer": "Fluxo", "dxf_type": "LINE"}, "geometry": {"type": "LineString", "coordinates": [[-54.99387298712926, -10.234020392816356], [-54.993880083156554, -10.234013451051384]]}}, {"type": "Feature", "properties": {"layer": "Fluxo", "dxf_type": "LINE"}, "geometry": {"type": "LineString", "coordinates": [[-54.99384930838427, -10.234033473034016], [-54.99384985931814, -10.234032934077165]]}}, {"type": "Feature", "properties": {"layer": "Fluxo", "dxf_type": "LINE"}, "geometry": {"type": "LineString", "coordinates": [[-54.993857589838306, -10.234025371614194], [-54.993870474343844, -10.23401276720925]]}}, {"type": "Feature", "properties": {"layer": "Fluxo", "dxf_type": "LINE"}, "geometry": {"type": "LineString", "coordinates": [[-54.993844564317286, -10.234028030202023], [-54.99385507705326, -10.234017746007037]]}}, {"type": "Feature", "properties": {"layer": "Fluxo", "dxf_type": "LINE"}, "geometry": {"type": "LineString", "coordinates": [[-54.99386280757289, -10.23401018354384], [-54.99387059410376, -10.234002566286447]]}}, {"type": "Feature", "properties": {"layer": "Fluxo", "dxf_type": "LINE"}, "geometry": {"type": "LineString", "coordinates": [[-54.99384741028807, -10.234015161437375], [-54.99386029478776, -10.23400255793673]]}}, {"type": "Feature", "properties": {"layer": "Fluxo", "dxf_type": "LINE"}, "geometry": {"type": "LineString", "coordinates": [[-54.993835082617025, -10.234017137346223], [-54.99384489750332, -10.234007535830195]]}}, {"type": "Feature", "properties": {"layer": "Fluxo", "dxf_type": "LINE"}, "geometry": {"type": "LineString", "coordinates": [[-54.99385262802285, -10.233999973367254], [-54.99386111423949, -10.233991671634849]]}}, {"type": "Feature", "properties": {"layer": "Fluxo", "dxf_type": "LINE"}, "geometry": {"type": "LineString", "coordinates": [[-54.99383723073281, -10.23400495216426], [-54.99385011432547, -10.233992347754482]]}}, {"type": "Feature", "properties": {"layer": "Fluxo", "dxf_type": "LINE"}, "geometry": {"type": "LineString", "coordinates": [[-54.99382561009395, -10.234006236411538], [-54.993834717948346, -10.23399732655706]]}}, {"type": "Feature", "properties": {"layer": "Fluxo", "dxf_type": "LINE"}, "geometry": {"type": "LineString", "coordinates": [[-54.993842448467774, -10.233989764094337], [-54.99385164355242, -10.233980768904356]]}}, {"type": "Feature", "properties": {"layer": "Fluxo", "dxf_type": "LINE"}, "geometry": {"type": "LineString", "coordinates": [[-54.993827051178194, -10.233994742890928], [-54.99383993477069, -10.23398213848154]]}}, {"type": "Feature", "properties": {"layer": "Fluxo", "dxf_type": "LINE"}, "geometry": {"type": "LineString", "coordinates": [[-54.99381614675941, -10.23399532559019], [-54.99382453748148, -10.233987117278078]]}}, {"type": "Feature", "properties": {"layer": "Fluxo", "dxf_type": "LINE"}, "geometry": {"type": "LineString", "coordinates": [[-54.99383226800081, -10.233979554815594], [-54.99384218205387, -10.233969856287205]]}}, {"type": "Feature", "properties": {"layer": "Fluxo", "dxf_type": "LINE"}, "geometry": {"type": "LineString", "coordinates": [[-54.99381687071737, -10.233984532707883], [-54.99382975521656, -10.233971929208403]]}}, {"type": "Feature", "properties": {"layer": "Fluxo", "dxf_type": "LINE"}, "geometry": {"type": "LineString", "coordinates": [[-54.99380669260773, -10.233984405786087], [-54.99381435793349, -10.233976907100637]]}}, {"type": "Feature", "properties": {"layer": "Fluxo", "dxf_type": "LINE"}, "geometry": {"type": "LineString", "coordinates": [[-54.99382208845272, -10.233969344638389], [-54.99383272881996, -10.233958935585541]]}}, {"type": "Feature", "properties": {"layer": "Fluxo", "dxf_type": "LINE"}, "geometry": {"type": "LineString", "coordinates": [[-54.993806691164046, -10.233974323434147], [-54.99381957566876, -10.233961719031194]]}}, {"type": "Feature", "properties": {"layer": "Fluxo", "dxf_type": "LINE"}, "geometry": {"type": "LineString", "coordinates": [[-54.99382730618745, -10.23395415656872], [-54.99382800679151, -10.233953471195276]]}}, {"type": "Feature", "properties": {"layer": "Fluxo", "dxf_type": "LINE"}, "geometry": {"type": "LineString", "coordinates": [[-54.99379724763891, -10.233973476999193], [-54.993804178380465, -10.233966697826883]]}}, {"type": "Feature", "properties": {"layer": "Fluxo", "dxf_type": "LINE"}, "geometry": {"type": "LineString", "coordinates": [[-54.993811908899595, -10.233959135364886], [-54.99382328568713, -10.23394800500284]]}}, {"type": "Feature", "properties": {"layer": "Fluxo", "dxf_type": "LINE"}, "geometry": {"type": "LineString", "coordinates": [[-54.993796511611386, -10.233964114160226], [-54.993809395203385, -10.233951509752027]]}}, {"type": "Feature", "properties": {"layer": "Fluxo", "dxf_type": "LINE"}, "geometry": {"type": "LineString", "coordinates": [[-54.993817125721975, -10.233943947289786], [-54.99381856733189, -10.233942537019455]]}}, {"type": "Feature", "properties": {"layer": "Fluxo", "dxf_type": "LINE"}, "geometry": {"type": "LineString", "coordinates": [[-54.993787811847255, -10.233962540133414], [-54.99379399791555, -10.233956488547314]]}}, {"type": "Feature", "properties": {"layer": "Fluxo", "dxf_type": "LINE"}, "geometry": {"type": "LineString", "coordinates": [[-54.993801728434576, -10.233948926085539], [-54.993813851731474, -10.233937066341255]]}}, {"type": "Feature", "properties": {"layer": "Fluxo", "dxf_type": "LINE"}, "geometry": {"type": "LineString", "coordinates": [[-54.993786331152506, -10.23395390397658], [-54.9937992156512, -10.233941300478284]]}}, {"type": "Feature", "properties": {"layer": "Fluxo", "dxf_type": "LINE"}, "geometry": {"type": "LineString", "coordinates": [[-54.9938069461697, -10.233933738016281], [-54.99380913797334, -10.233931592962607]]}}, {"type": "Feature", "properties": {"layer": "Fluxo", "dxf_type": "LINE"}, "geometry": {"type": "LineString", "coordinates": [[-54.99377838524415, -10.233951593380992], [-54.9937838183695, -10.23394627836927]]}}, {"type": "Feature", "properties": {"layer": "Fluxo", "dxf_type": "LINE"}, "geometry": {"type": "LineString", "coordinates": [[-54.99379154888843, -10.233938715907732], [-54.99380442696436, -10.233926117793011]]}}, {"type": "Feature", "properties": {"layer": "Fluxo", "dxf_type": "LINE"}, "geometry": {"type": "LineString", "coordinates": [[-54.99377615160114, -10.233943694702242], [-54.99378903610535, -10.233931090300453]]}}, {"type": "Feature", "properties": {"layer": "Fluxo", "dxf_type": "LINE"}, "geometry": {"type": "LineString", "coordinates": [[-54.993796766623745, -10.233923527838707], [-54.99379971779197, -10.233920640826856]]}}, {"type": "Feature", "properties": {"layer": "Fluxo", "dxf_type": "LINE"}, "geometry": {"type": "LineString", "coordinates": [[-54.9937689678239, -10.233940637645786], [-54.99377363881843, -10.233936069094913]]}}, {"type": "Feature", "properties": {"layer": "Fluxo", "dxf_type": "LINE"}, "geometry": {"type": "LineString", "coordinates": [[-54.993781369337256, -10.233928506633609], [-54.993794252928026, -10.233915902225837]]}}, {"type": "Feature", "properties": {"layer": "Fluxo", "dxf_type": "LINE"}, "geometry": {"type": "LineString", "coordinates": [[-54.993765972050426, -10.233933485427706], [-54.99377885564193, -10.233920881020701]]}}, {"type": "Feature", "properties": {"layer": "Fluxo", "dxf_type": "LINE"}, "geometry": {"type": "LineString", "coordinates": [[-54.99378658616022, -10.233913318559175], [-54.993790306799134, -10.23390967880446]]}}, {"type": "Feature", "properties": {"layer": "Fluxo", "dxf_type": "LINE"}, "geometry": {"type": "LineString", "coordinates": [[-54.99375955958082, -10.233929673831708], [-54.99376345835547, -10.233925859814743]]}}, {"type": "Feature", "properties": {"layer": "Fluxo", "dxf_type": "LINE"}, "geometry": {"type": "LineString", "coordinates": [[-54.99377118887419, -10.233918297353677], [-54.99378407337735, -10.233905692951907]]}}, {"type": "Feature", "properties": {"layer": "Fluxo", "dxf_type": "LINE"}, "geometry": {"type": "LineString", "coordinates": [[-54.9937557915935, -10.233923275243471], [-54.9937686760917, -10.233910671746354]]}}, {"type": "Feature", "properties": {"layer": "Fluxo", "dxf_type": "LINE"}, "geometry": {"type": "LineString", "coordinates": [[-54.99377640660989, -10.233903109285064], [-54.993780904983474, -10.233898708703183]]}}, {"type": "Feature", "properties": {"layer": "Fluxo", "dxf_type": "LINE"}, "geometry": {"type": "LineString", "coordinates": [[-54.99375016052628, -10.23391870013096], [-54.993753278811376, -10.233915649636097]]}}, {"type": "Feature", "properties": {"layer": "Fluxo", "dxf_type": "LINE"}, "geometry": {"type": "LineString", "coordinates": [[-54.99376100933001, -10.233908087175266], [-54.9937738938273, -10.233895483677777]]}}, {"type": "Feature", "properties": {"layer": "Fluxo", "dxf_type": "LINE"}, "geometry": {"type": "LineString", "coordinates": [[-54.99374561204409, -10.233913065968531], [-54.99375849654779, -10.233900461567925]]}}, {"type": "Feature", "properties": {"layer": "Fluxo", "dxf_type": "LINE"}, "geometry": {"type": "LineString", "coordinates": [[-54.99376622706589, -10.23389289910687], [-54.993771512356346, -10.233887728715247]]}}, {"type": "Feature", "properties": {"layer": "Fluxo", "dxf_type": "LINE"}, "geometry": {"type": "LineString", "coordinates": [[-54.993740770654604, -10.233907717447465], [-54.99374309926225, -10.233905440361136]]}}, {"type": "Feature", "properties": {"layer": "Fluxo", "dxf_type": "LINE"}, "geometry": {"type": "LineString", "coordinates": [[-54.99375082978079, -10.233897877900542], [-54.99376371337105, -10.233885273493936]]}}, {"type": "Feature", "properties": {"layer": "Fluxo", "dxf_type": "LINE"}, "geometry": {"type": "LineString", "coordinates": [[-54.993736078929935, -10.233902223413692], [-54.99374831608632, -10.233890252287553]]}}, {"type": "Feature", "properties": {"layer": "Fluxo", "dxf_type": "LINE"}, "geometry": {"type": "LineString", "coordinates": [[-54.99375604660431, -10.23388268982675], [-54.99376212890639, -10.233876740648448]]}}, {"type": "Feature", "properties": {"layer": "Fluxo", "dxf_type": "LINE"}, "geometry": {"type": "LineString", "coordinates": [[-54.9937313899601, -10.233896726685082], [-54.993732918801236, -10.233895231080348]]}}, {"type": "Feature", "properties": {"layer": "Fluxo", "dxf_type": "LINE"}, "geometry": {"type": "LineString", "coordinates": [[-54.99374064931967, -10.233887668619989], [-54.99375353382231, -10.23387506421942]]}}, {"type": "Feature", "properties": {"layer": "Fluxo", "dxf_type": "LINE"}, "geometry": {"type": "LineString", "coordinates": [[-54.99372670283253, -10.233891227256033], [-54.993738136538035, -10.233880043012624]]}}, {"type": "Feature", "properties": {"layer": "Fluxo", "dxf_type": "LINE"}, "geometry": {"type": "LineString", "coordinates": [[-54.99374586705593, -10.23387248055204], [-54.99375275464497, -10.233865742694977]]}}, {"type": "Feature", "properties": {"layer": "Fluxo", "dxf_type": "LINE"}, "geometry": {"type": "LineString", "coordinates": [[-54.993722018454115, -10.23388572603605], [-54.99372273925909, -10.2338850209011]]}}, {"type": "Feature", "properties": {"layer": "Fluxo", "dxf_type": "LINE"}, "geometry": {"type": "LineString", "coordinates": [[-54.993730469777425, -10.233877458440997], [-54.99374335427422, -10.233864854944686]]}}, {"type": "Feature", "properties": {"layer": "Fluxo", "dxf_type": "LINE"}, "geometry": {"type": "LineString", "coordinates": [[-54.9937173359123, -10.233880223019508], [-54.99372795699609, -10.233869832833589]]}}, {"type": "Feature", "properties": {"layer": "Fluxo", "dxf_type": "LINE"}, "geometry": {"type": "LineString", "coordinates": [[-54.993735687513876, -10.233862270373242], [-54.993743389566404, -10.233854735758738]]}}, {"type": "Feature", "properties": {"layer": "Fluxo", "dxf_type": "LINE"}, "geometry": {"type": "LineString", "coordinates": [[-54.99372029023015, -10.233867249165668], [-54.99373317381992, -10.233854644760243]]}}, {"type": "Feature", "properties": {"layer": "Fluxo", "dxf_type": "LINE"}, "geometry": {"type": "LineString", "coordinates": [[-54.993707978180616, -10.23386920889632], [-54.99371777653656, -10.233859623552615]]}}, {"type": "Feature", "properties": {"layer": "Fluxo", "dxf_type": "LINE"}, "geometry": {"type": "LineString", "coordinates": [[-54.99372550705426, -10.233852061092504], [-54.99373403366501, -10.23384372074362]]}}, {"type": "Feature", "properties": {"layer": "Fluxo", "dxf_type": "LINE"}, "geometry": {"type": "LineString", "coordinates": [[-54.99371010977098, -10.233857039884514], [-54.99372299427313, -10.23384443548511]]}}, {"type": "Feature", "properties": {"layer": "Fluxo", "dxf_type": "LINE"}, "geometry": {"type": "LineString", "coordinates": [[-54.99369862962609, -10.233858186694267], [-54.993707596990234, -10.233849414277065]]}}, {"type": "Feature", "properties": {"layer": "Fluxo", "dxf_type": "LINE"}, "geometry": {"type": "LineString", "coordinates": [[-54.99371532750783, -10.233841851817209], [-54.99372468695214, -10.233832695841866]]}}, {"type": "Feature", "properties": {"layer": "Fluxo", "dxf_type": "LINE"}, "geometry": {"type": "LineString", "coordinates": [[-54.99369993023068, -10.2338468297049], [-54.99371281472699, -10.233834226209792]]}}, {"type": "Feature", "properties": {"layer": "Fluxo", "dxf_type": "LINE"}, "geometry": {"type": "LineString", "coordinates": [[-54.9936892902601, -10.233847154605563], [-54.99369741745023, -10.233839204097446]]}}, {"type": "Feature", "properties": {"layer": "Fluxo", "dxf_type": "LINE"}, "geometry": {"type": "LineString", "coordinates": [[-54.993705147967724, -10.233831641637805], [-54.993715349416455, -10.233821662861232]]}}, {"type": "Feature", "properties": {"layer": "Fluxo", "dxf_type": "LINE"}, "geometry": {"type": "LineString", "coordinates": [[-54.99368975068536, -10.23383662042899], [-54.99370263427464, -10.233824016024744]]}}, {"type": "Feature", "properties": {"layer": "Fluxo", "dxf_type": "LINE"}, "geometry": {"type": "LineString", "coordinates": [[-54.99371036479159, -10.233816453564883], [-54.99371068341486, -10.233816141868282]]}}, {"type": "Feature", "properties": {"layer": "Fluxo", "dxf_type": "LINE"}, "geometry": {"type": "LineString", "coordinates": [[-54.99367996007697, -10.233836113534096], [-54.99368723699265, -10.23382899481587]]}}, {"type": "Feature", "properties": {"layer": "Fluxo", "dxf_type": "LINE"}, "geometry": {"type": "LineString", "coordinates": [[-54.99369496751005, -10.233821432356466], [-54.993706021069286, -10.233810619993934]]}}, {"type": "Feature", "properties": {"layer": "Fluxo", "dxf_type": "LINE"}, "geometry": {"type": "LineString", "coordinates": [[-54.99367957022815, -10.23382641114723], [-54.993692454729796, -10.233813806749007]]}}, {"type": "Feature", "properties": {"layer": "Fluxo", "dxf_type": "LINE"}, "geometry": {"type": "LineString", "coordinates": [[-54.99370018524665, -10.233806244289383], [-54.99370135965344, -10.233805095413512]]}}, {"type": "Feature", "properties": {"layer": "Fluxo", "dxf_type": "LINE"}, "geometry": {"type": "LineString", "coordinates": [[-54.993670639071006, -10.233825064383755], [-54.993677057448274, -10.233818785539718]]}}, {"type": "Feature", "properties": {"layer": "Fluxo", "dxf_type": "LINE"}, "geometry": {"type": "LineString", "coordinates": [[-54.99368478796557, -10.233811223080552], [-54.99369670190497, -10.233799568143883]]}}, {"type": "Feature", "properties": {"layer": "Fluxo", "dxf_type": "LINE"}, "geometry": {"type": "LineString", "coordinates": [[-54.9936693906898, -10.233816200967015], [-54.993682275185606, -10.233803597473086]]}}, {"type": "Feature", "properties": {"layer": "Fluxo", "dxf_type": "LINE"}, "geometry": {"type": "LineString", "coordinates": [[-54.99369000570236, -10.2337960350137], [-54.9936920459931, -10.2337940390777]]}}, {"type": "Feature", "properties": {"layer": "Fluxo", "dxf_type": "LINE"}, "geometry": {"type": "LineString", "coordinates": [[-54.99366132725357, -10.233814005346764], [-54.99366687790454, -10.23380857626336]]}}, {"type": "Feature", "properties": {"layer": "Fluxo", "dxf_type": "LINE"}, "geometry": {"type": "LineString", "coordinates": [[-54.993674608421735, -10.233801013804452], [-54.99368739192351, -10.233788507311077]]}}, {"type": "Feature", "properties": {"layer": "Fluxo", "dxf_type": "LINE"}, "geometry": {"type": "LineString", "coordinates": [[-54.99365921114643, -10.233805991690483], [-54.993672094729526, -10.233793388191323]]}}, {"type": "Feature", "properties": {"layer": "Fluxo", "dxf_type": "LINE"}, "geometry": {"type": "LineString", "coordinates": [[-54.99367982524618, -10.233785825732173], [-54.99368274060307, -10.233782973753502]]}}, {"type": "Feature", "properties": {"layer": "Fluxo", "dxf_type": "LINE"}, "geometry": {"type": "LineString", "coordinates": [[-54.99365202461898, -10.233802937327011], [-54.9936566974546, -10.233798366077314]]}}, {"type": "Feature", "properties": {"layer": "Fluxo", "dxf_type": "LINE"}, "geometry": {"type": "LineString", "coordinates": [[-54.99366442797169, -10.233790803618625], [-54.99367731246643, -10.233778200124702]]}}, {"type": "Feature", "properties": {"layer": "Fluxo", "dxf_type": "LINE"}, "geometry": {"type": "LineString", "coordinates": [[-54.99364903069117, -10.233795782408144], [-54.99366191519231, -10.233783178011098]]}}, {"type": "Feature", "properties": {"layer": "Fluxo", "dxf_type": "LINE"}, "geometry": {"type": "LineString", "coordinates": [[-54.99366964570887, -10.233775615552183], [-54.993673444395874, -10.233771899446559]]}}, {"type": "Feature", "properties": {"layer": "Fluxo", "dxf_type": "LINE"}, "geometry": {"type": "LineString", "coordinates": [[-54.99364273116157, -10.233791861228385], [-54.99364651791216, -10.233788156800559]]}}, {"type": "Feature", "properties": {"layer": "Fluxo", "dxf_type": "LINE"}, "geometry": {"type": "LineString", "coordinates": [[-54.99365424842916, -10.233780594342107], [-54.99366713292941, -10.233767989944694]]}}, {"type": "Feature", "properties": {"layer": "Fluxo", "dxf_type": "LINE"}, "geometry": {"type": "LineString", "coordinates": [[-54.99363885114909, -10.233785573131206], [-54.993651735650076, -10.233772968734561]]}}, {"type": "Feature", "properties": {"layer": "Fluxo", "dxf_type": "LINE"}, "geometry": {"type": "LineString", "coordinates": [[-54.993659466166534, -10.233765406275879], [-54.993664157365856, -10.233760817060737]]}}, {"type": "Feature", "properties": {"layer": "Fluxo", "dxf_type": "LINE"}, "geometry": {"type": "LineString", "coordinates": [[-54.993633446892694, -10.233780775243112], [-54.99363633837038, -10.233777947523606]]}}, {"type": "Feature", "properties": {"layer": "Fluxo", "dxf_type": "LINE"}, "geometry": {"type": "LineString", "coordinates": [[-54.99364406888728, -10.23377038506539], [-54.99365695247482, -10.233757780662756]]}}, {"type": "Feature", "properties": {"layer": "Fluxo", "dxf_type": "LINE"}, "geometry": {"type": "LineString", "coordinates": [[-54.99362880842853, -10.233775229109334], [-54.99364155519594, -10.23376275945221]]}}, {"type": "Feature", "properties": {"layer": "Fluxo", "dxf_type": "LINE"}, "geometry": {"type": "LineString", "coordinates": [[-54.993649285712294, -10.233755196993771], [-54.99365487952436, -10.233749724788256]]}}, {"type": "Feature", "properties": {"layer": "Fluxo", "dxf_type": "LINE"}, "geometry": {"type": "LineString", "coordinates": [[-54.99362417180666, -10.233769680275099], [-54.993626157922385, -10.23376773733694]]}}, {"type": "Feature", "properties": {"layer": "Fluxo", "dxf_type": "LINE"}, "geometry": {"type": "LineString", "coordinates": [[-54.993633888439184, -10.233760174878975], [-54.993646772933424, -10.233747571386234]]}}, {"type": "Feature", "properties": {"layer": "Fluxo", "dxf_type": "LINE"}, "geometry": {"type": "LineString", "coordinates": [[-54.993619537933924, -10.233764129649913], [-54.99363137566068, -10.233752549271385]]}}, {"type": "Feature", "properties": {"layer": "Fluxo", "dxf_type": "LINE"}, "geometry": {"type": "LineString", "coordinates": [[-54.99363910617694, -10.233744986813177], [-54.99364561086571, -10.23373862353303]]}}, {"type": "Feature", "properties": {"layer": "Fluxo", "dxf_type": "LINE"}, "geometry": {"type": "LineString", "coordinates": [[-54.993614905897786, -10.233758577228192], [-54.993615978381904, -10.233757528059597]]}}, {"type": "Feature", "properties": {"layer": "Fluxo", "dxf_type": "LINE"}, "geometry": {"type": "LineString", "coordinates": [[-54.9936237088986, -10.233749965601854], [-54.99363659339836, -10.233737361205621]]}}, {"type": "Feature", "properties": {"layer": "Fluxo", "dxf_type": "LINE"}, "geometry": {"type": "LineString", "coordinates": [[-54.99361027661648, -10.233753022111657], [-54.993621196120394, -10.23374233999424]]}}, {"type": "Feature", "properties": {"layer": "Fluxo", "dxf_type": "LINE"}, "geometry": {"type": "LineString", "coordinates": [[-54.993628926636546, -10.233734777536274], [-54.99363635230245, -10.23372751330067]]}}, {"type": "Feature", "properties": {"layer": "Fluxo", "dxf_type": "LINE"}, "geometry": {"type": "LineString", "coordinates": [[-54.993605649177454, -10.23374746429466], [-54.993605798842076, -10.233747318782042]]}}, {"type": "Feature", "properties": {"layer": "Fluxo", "dxf_type": "LINE"}, "geometry": {"type": "LineString", "coordinates": [[-54.99361352935867, -10.233739756324532], [-54.993626412945716, -10.233727151923066]]}}, {"type": "Feature", "properties": {"layer": "Fluxo", "dxf_type": "LINE"}, "geometry": {"type": "LineString", "coordinates": [[-54.993601024487575, -10.233741904686736], [-54.99361101566821, -10.233732130711271]]}}, {"type": "Feature", "properties": {"layer": "Fluxo", "dxf_type": "LINE"}, "geometry": {"type": "LineString", "coordinates": [[-54.99361874618427, -10.23372456825354], [-54.993627102009505, -10.233716394079927]]}}, {"type": "Feature", "properties": {"layer": "Fluxo", "dxf_type": "LINE"}, "geometry": {"type": "LineString", "coordinates": [[-54.99360334891252, -10.233729546137498], [-54.993616233406264, -10.233716942645957]]}}, {"type": "Feature", "properties": {"layer": "Fluxo", "dxf_type": "LINE"}, "geometry": {"type": "LineString", "coordinates": [[-54.993591781541504, -10.233730778279064], [-54.993600836134895, -10.233721920529845]]}}, {"type": "Feature", "properties": {"layer": "Fluxo", "dxf_type": "LINE"}, "geometry": {"type": "LineString", "coordinates": [[-54.993608566650856, -10.233714358072364], [-54.993617861811934, -10.233705265882053]]}}, {"type": "Feature", "properties": {"layer": "Fluxo", "dxf_type": "LINE"}, "geometry": {"type": "LineString", "coordinates": [[-54.993593169373895, -10.233719336859792], [-54.993606053873144, -10.233706732464743]]}}, {"type": "Feature", "properties": {"layer": "Fluxo", "dxf_type": "LINE"}, "geometry": {"type": "LineString", "coordinates": [[-54.99358254777829, -10.233719642888635], [-54.99359065659656, -10.233711711252118]]}}, {"type": "Feature", "properties": {"layer": "Fluxo", "dxf_type": "LINE"}, "geometry": {"type": "LineString", "coordinates": [[-54.993598387112414, -10.233704148794859], [-54.993608629884676, -10.233694128695797]]}}, {"type": "Feature", "properties": {"layer": "Fluxo", "dxf_type": "LINE"}, "geometry": {"type": "LineString", "coordinates": [[-54.99358298983591, -10.233709127581871], [-54.99359587342246, -10.233696523181587]]}}, {"type": "Feature", "properties": {"layer": "Fluxo", "dxf_type": "LINE"}, "geometry": {"type": "LineString", "coordinates": [[-54.99360360393777, -10.233688960724102], [-54.99360401713789, -10.233688556506745]]}}, {"type": "Feature", "properties": {"layer": "Fluxo", "dxf_type": "LINE"}, "geometry": {"type": "LineString", "coordinates": [[-54.99357332410478, -10.233708499424962], [-54.99358047705887, -10.23370150197417]]}}, {"type": "Feature", "properties": {"layer": "Fluxo", "dxf_type": "LINE"}, "geometry": {"type": "LineString", "coordinates": [[-54.993588207574625, -10.233693939517147], [-54.99359940714026, -10.233682982526783]]}}, {"type": "Feature", "properties": {"layer": "Fluxo", "dxf_type": "LINE"}, "geometry": {"type": "LineString", "coordinates": [[-54.99357281030426, -10.23369891739986], [-54.99358569388495, -10.233686313903856]]}}, {"type": "Feature", "properties": {"layer": "Fluxo", "dxf_type": "LINE"}, "geometry": {"type": "LineString", "coordinates": [[-54.993593424400174, -10.233678751446627], [-54.993594799897444, -10.23367740585199]]}}, {"type": "Feature", "properties": {"layer": "Fluxo", "dxf_type": "LINE"}, "geometry": {"type": "LineString", "coordinates": [[-54.99356410870725, -10.233697346069038], [-54.99357029661496, -10.233691291786515]]}}, {"type": "Feature", "properties": {"layer": "Fluxo", "dxf_type": "LINE"}, "geometry": {"type": "LineString", "coordinates": [[-54.993578027130624, -10.233683729329728], [-54.99359019449691, -10.233671826476757]]}}, {"type": "Feature", "properties": {"layer": "Fluxo", "dxf_type": "LINE"}, "geometry": {"type": "LineString", "coordinates": [[-54.99356262985503, -10.23368870811591], [-54.993575514353786, -10.233676103722058]]}}, {"type": "Feature", "properties": {"layer": "Fluxo", "dxf_type": "LINE"}, "geometry": {"type": "LineString", "coordinates": [[-54.99358324486891, -10.233668541265045], [-54.99358559183983, -10.233666246214483]]}}, {"type": "Feature", "properties": {"layer": "Fluxo", "dxf_type": "LINE"}, "geometry": {"type": "LineString", "coordinates": [[-54.99355490249256, -10.233686183730347], [-54.99356011707857, -10.233681082508186]]}}, {"type": "Feature", "properties": {"layer": "Fluxo", "dxf_type": "LINE"}, "geometry": {"type": "LineString", "coordinates": [[-54.99356784759413, -10.233673520051635], [-54.99358073209199, -10.233660915657392]]}}, {"type": "Feature", "properties": {"layer": "Fluxo", "dxf_type": "LINE"}, "geometry": {"type": "LineString", "coordinates": [[-54.993552450319, -10.233678498837401], [-54.99356533481759, -10.233665894443924]]}}, {"type": "Feature", "properties": {"layer": "Fluxo", "dxf_type": "LINE"}, "geometry": {"type": "LineString", "coordinates": [[-54.99357306533261, -10.233658331987149], [-54.9935763920582, -10.233655076684704]]}}, {"type": "Feature", "properties": {"layer": "Fluxo", "dxf_type": "LINE"}, "geometry": {"type": "LineString", "coordinates": [[-54.993545705460726, -10.233675012408916], [-54.99354993754283, -10.23367087322964]]}}, {"type": "Feature", "properties": {"layer": "Fluxo", "dxf_type": "LINE"}, "geometry": {"type": "LineString", "coordinates": [[-54.993557668058294, -10.233663310773323], [-54.99357055164344, -10.23365070637385]]}}, {"type": "Feature", "properties": {"layer": "Fluxo", "dxf_type": "LINE"}, "geometry": {"type": "LineString", "coordinates": [[-54.9935422707893, -10.233668288654789], [-54.993555154369496, -10.233655685159968]]}}, {"type": "Feature", "properties": {"layer": "Fluxo", "dxf_type": "LINE"}, "geometry": {"type": "LineString", "coordinates": [[-54.99356288488442, -10.233648122703427], [-54.99356720236628, -10.233643899081686]]}}, {"type": "Feature", "properties": {"layer": "Fluxo", "dxf_type": "LINE"}, "geometry": {"type": "LineString", "coordinates": [[-54.99353651852428, -10.233663832110361], [-54.993539757100876, -10.233660663041379]]}}, {"type": "Feature", "properties": {"layer": "Fluxo", "dxf_type": "LINE"}, "geometry": {"type": "LineString", "coordinates": [[-54.99354748761624, -10.2336531005853], [-54.993560372108085, -10.233640497095747]]}}, {"type": "Feature", "properties": {"layer": "Fluxo", "dxf_type": "LINE"}, "geometry": {"type": "LineString", "coordinates": [[-54.99353209034203, -10.233658079370235], [-54.993544974840276, -10.233645474977548]]}}, {"type": "Feature", "properties": {"layer": "Fluxo", "dxf_type": "LINE"}, "geometry": {"type": "LineString", "coordinates": [[-54.9935527053551, -10.233637912521264], [-54.993558021857204, -10.233632712495913]]}}, {"type": "Feature", "properties": {"layer": "Fluxo", "dxf_type": "LINE"}, "geometry": {"type": "LineString", "coordinates": [[-54.99352733985813, -10.233652642823431], [-54.99352957756644, -10.233650453762428]]}}, {"type": "Feature", "properties": {"layer": "Fluxo", "dxf_type": "LINE"}, "geometry": {"type": "LineString", "coordinates": [[-54.9935373080817, -10.233642891306587], [-54.99355019257906, -10.233630286913545]]}}, {"type": "Feature", "properties": {"layer": "Fluxo", "dxf_type": "LINE"}, "geometry": {"type": "LineString", "coordinates": [[-54.99352275374191, -10.233647044584055], [-54.99353479530603, -10.233635265698831]]}}, {"type": "Feature", "properties": {"layer": "Fluxo", "dxf_type": "LINE"}, "geometry": {"type": "LineString", "coordinates": [[-54.99354252582075, -10.233627703242767], [-54.99354885053664, -10.233621516023504]]}}, {"type": "Feature", "properties": {"layer": "Fluxo", "dxf_type": "LINE"}, "geometry": {"type": "LineString", "coordinates": [[-54.99351817037482, -10.233641444553733], [-54.993519398032646, -10.233640244483293]]}}, {"type": "Feature", "properties": {"layer": "Fluxo", "dxf_type": "LINE"}, "geometry": {"type": "LineString", "coordinates": [[-54.99352712854781, -10.233632682027693], [-54.993540012132456, -10.233620077629398]]}}, {"type": "Feature", "properties": {"layer": "Fluxo", "dxf_type": "LINE"}, "geometry": {"type": "LineString", "coordinates": [[-54.993513589762564, -10.233635841828614], [-54.993524614859886, -10.23362505641427]]}}, {"type": "Feature", "properties": {"layer": "Fluxo", "dxf_type": "LINE"}, "geometry": {"type": "LineString", "coordinates": [[-54.99353234537451, -10.23361749395844], [-54.993539688398926, -10.233610310568348]]}}, {"type": "Feature", "properties": {"layer": "Fluxo", "dxf_type": "LINE"}, "geometry": {"type": "LineString", "coordinates": [[-54.993509010986905, -10.233630237306924], [-54.993509217592646, -10.233630034294436]]}}, {"type": "Feature", "properties": {"layer": "Fluxo", "dxf_type": "LINE"}, "geometry": {"type": "LineString", "coordinates": [[-54.993516948107704, -10.233622471839064], [-54.99352983259905, -10.233609868350678]]}}, {"type": "Feature", "properties": {"layer": "Fluxo", "dxf_type": "LINE"}, "geometry": {"type": "LineString", "coordinates": [[-54.99350443405352, -10.233624630084798], [-54.99351443533262, -10.23361484623125]]}}, {"type": "Feature", "properties": {"layer": "Fluxo", "dxf_type": "LINE"}, "geometry": {"type": "LineString", "coordinates": [[-54.99352216584714, -10.233607283775658], [-54.99353053543837, -10.23359909703432]]}}, {"type": "Feature", "properties": {"layer": "Fluxo", "dxf_type": "LINE"}, "geometry": {"type": "LineString", "coordinates": [[-54.993506768575116, -10.233612262559749], [-54.99351965307197, -10.233599658167872]]}}, {"type": "Feature", "properties": {"layer": "Fluxo", "dxf_type": "LINE"}, "geometry": {"type": "LineString", "coordinates": [[-54.99349528843986, -10.233613409363874], [-54.99350425580032, -10.233604636951913]]}}, {"type": "Feature", "properties": {"layer": "Fluxo", "dxf_type": "LINE"}, "geometry": {"type": "LineString", "coordinates": [[-54.99351198631474, -10.233597074496574], [-54.993521391666334, -10.233587873613663]]}}, {"type": "Feature", "properties": {"layer": "Fluxo", "dxf_type": "LINE"}, "geometry": {"type": "LineString", "coordinates": [[-54.99349658904317, -10.233602053280235], [-54.99350947262732, -10.233589448883142]]}}, {"type": "Feature", "properties": {"layer": "Fluxo", "dxf_type": "LINE"}, "geometry": {"type": "LineString", "coordinates": [[-54.9934861510965, -10.23360217965458], [-54.993494075356125, -10.233594427666768]]}}, {"type": "Feature", "properties": {"layer": "Fluxo", "dxf_type": "LINE"}, "geometry": {"type": "LineString", "coordinates": [[-54.99350180587045, -10.233586865211647], [-54.993512257077136, -10.23357664121027]]}}, {"type": "Feature", "properties": {"layer": "Fluxo", "dxf_type": "LINE"}, "geometry": {"type": "LineString", "coordinates": [[-54.993486408605015, -10.233591843091023], [-54.993499293095866, -10.233579239603818]]}}, {"type": "Feature", "properties": {"layer": "Fluxo", "dxf_type": "LINE"}, "geometry": {"type": "LineString", "coordinates": [[-54.99350702360965, -10.233571677148472], [-54.99350769299371, -10.233571022316548]]}}, {"type": "Feature", "properties": {"layer": "Fluxo", "dxf_type": "LINE"}, "geometry": {"type": "LineString", "coordinates": [[-54.99347702385421, -10.233590940064257], [-54.993483895830806, -10.233584217483143]]}}, {"type": "Feature", "properties": {"layer": "Fluxo", "dxf_type": "LINE"}, "geometry": {"type": "LineString", "coordinates": [[-54.99349162634503, -10.233576655028259], [-54.993503131670785, -10.233565399824112]]}}, {"type": "Feature", "properties": {"layer": "Fluxo", "dxf_type": "LINE"}, "geometry": {"type": "LineString", "coordinates": [[-54.99347622907438, -10.233581633811106], [-54.99348911357074, -10.23356902942041]]}}, {"type": "Feature", "properties": {"layer": "Fluxo", "dxf_type": "LINE"}, "geometry": {"type": "LineString", "coordinates": [[-54.99349684408442, -10.233561466965304], [-54.99349857217877, -10.233559776439025]]}}, {"type": "Feature", "properties": {"layer": "Fluxo", "dxf_type": "LINE"}, "geometry": {"type": "LineString", "coordinates": [[-54.99346790578907, -10.233579692395097], [-54.993473716300464, -10.233574008203204]]}}, {"type": "Feature", "properties": {"layer": "Fluxo", "dxf_type": "LINE"}, "geometry": {"type": "LineString", "coordinates": [[-54.993481446814585, -10.233566445748556], [-54.993494015441584, -10.233554150359112]]}}, {"type": "Feature", "properties": {"layer": "Fluxo", "dxf_type": "LINE"}, "geometry": {"type": "LineString", "coordinates": [[-54.99346604954438, -10.233571424530991], [-54.99347893312804, -10.233558820135062]]}}, {"type": "Feature", "properties": {"layer": "Fluxo", "dxf_type": "LINE"}, "geometry": {"type": "LineString", "coordinates": [[-54.99348666364162, -10.233551257680205], [-54.99348946145922, -10.233548521584382]]}}, {"type": "Feature", "properties": {"layer": "Fluxo", "dxf_type": "LINE"}, "geometry": {"type": "LineString", "coordinates": [[-54.99345879690677, -10.233568435743186], [-54.99346353585822, -10.233563798917436]]}}, {"type": "Feature", "properties": {"layer": "Fluxo", "dxf_type": "LINE"}, "geometry": {"type": "LineString", "coordinates": [[-54.99347126637224, -10.233556236463045], [-54.99348415086754, -10.23354363207237]]}}, {"type": "Feature", "properties": {"layer": "Fluxo", "dxf_type": "LINE"}, "geometry": {"type": "LineString", "coordinates": [[-54.99345586910818, -10.233561214341156], [-54.993468753598535, -10.233548610855152]]}}, {"type": "Feature", "properties": {"layer": "Fluxo", "dxf_type": "LINE"}, "geometry": {"type": "LineString", "coordinates": [[-54.993476484112016, -10.233541048400516], [-54.99348035900995, -10.233537257741366]]}}, {"type": "Feature", "properties": {"layer": "Fluxo", "dxf_type": "LINE"}, "geometry": {"type": "LineString", "coordinates": [[-54.99344969630045, -10.233557169199022], [-54.99345335632917, -10.233553589637113]]}}, {"type": "Feature", "properties": {"layer": "Fluxo", "dxf_type": "LINE"}, "geometry": {"type": "LineString", "coordinates": [[-54.99346108684309, -10.233546027182939], [-54.99347397133822, -10.233533422792657]]}}, {"type": "Feature", "properties": {"layer": "Fluxo", "dxf_type": "LINE"}, "geometry": {"type": "LineString", "coordinates": [[-54.993445689579495, -10.233551005060654], [-54.99345857406967, -10.233538401575027]]}}, {"type": "Feature", "properties": {"layer": "Fluxo", "dxf_type": "LINE"}, "geometry": {"type": "LineString", "coordinates": [[-54.99346630458306, -10.233530839120629], [-54.99347126665607, -10.233525984921231]]}}, {"type": "Feature", "properties": {"layer": "Fluxo", "dxf_type": "LINE"}, "geometry": {"type": "LineString", "coordinates": [[-54.99344060578384, -10.23354589458162], [-54.993443176806444, -10.233543379452687]]}}, {"type": "Feature", "properties": {"layer": "Fluxo", "dxf_type": "LINE"}, "geometry": {"type": "LineString", "coordinates": [[-54.99345090732027, -10.23353581699875], [-54.99346379089701, -10.23352321350712]]}}, {"type": "Feature", "properties": {"layer": "Fluxo", "dxf_type": "LINE"}, "geometry": {"type": "LineString", "coordinates": [[-54.993436063745214, -10.233540253225074], [-54.9934483936346, -10.233528191385192]]}}, {"type": "Feature", "properties": {"layer": "Fluxo", "dxf_type": "LINE"}, "geometry": {"type": "LineString", "coordinates": [[-54.99345612414788, -10.233520628931027], [-54.99346218257816, -10.233514702208856]]}}, {"type": "Feature", "properties": {"layer": "Fluxo", "dxf_type": "LINE"}, "geometry": {"type": "LineString", "coordinates": [[-54.99343152445573, -10.233534610077593], [-54.99343299636615, -10.23353317016632]]}}, {"type": "Feature", "properties": {"layer": "Fluxo", "dxf_type": "LINE"}, "geometry": {"type": "LineString", "coordinates": [[-54.99344072687988, -10.233525607712616], [-54.993453611374676, -10.233513003323145]]}}, {"type": "Feature", "properties": {"layer": "Fluxo", "dxf_type": "LINE"}, "geometry": {"type": "LineString", "coordinates": [[-54.99342698700853, -10.233528964229686], [-54.993438214107044, -10.23351798210468]]}}, {"type": "Feature", "properties": {"layer": "Fluxo", "dxf_type": "LINE"}, "geometry": {"type": "LineString", "coordinates": [[-54.99344594462023, -10.233510419650754], [-54.993453116853956, -10.233503403338887]]}}, {"type": "Feature", "properties": {"layer": "Fluxo", "dxf_type": "LINE"}, "geometry": {"type": "LineString", "coordinates": [[-54.99342254871814, -10.233523223177388], [-54.99342281683906, -10.233522960885375]]}}, {"type": "Feature", "properties": {"layer": "Fluxo", "dxf_type": "LINE"}, "geometry": {"type": "LineString", "coordinates": [[-54.99343054735268, -10.233515398431928], [-54.99344343184731, -10.233502794042831]]}}, {"type": "Feature", "properties": {"layer": "Fluxo", "dxf_type": "LINE"}, "geometry": {"type": "LineString", "coordinates": [[-54.99341826653705, -10.233517327613043], [-54.993428034580134, -10.233507772823952]]}}, {"type": "Feature", "properties": {"layer": "Fluxo", "dxf_type": "LINE"}, "geometry": {"type": "LineString", "coordinates": [[-54.99343576509322, -10.233500210370263], [-54.993444545139575, -10.233491620300825]]}}, {"type": "Feature", "properties": {"layer": "Fluxo", "dxf_type": "LINE"}, "geometry": {"type": "LineString", "coordinates": [[-54.99342036783181, -10.233505188247134], [-54.99343325140805, -10.23349258475669]]}}, {"type": "Feature", "properties": {"layer": "Fluxo", "dxf_type": "LINE"}, "geometry": {"type": "LineString", "coordinates": [[-54.99340965901318, -10.233505579606394], [-54.99341785414702, -10.23349756263351]]}}, {"type": "Feature", "properties": {"layer": "Fluxo", "dxf_type": "LINE"}, "geometry": {"type": "LineString", "coordinates": [[-54.99342558466, -10.233490000180055], [-54.99343591649033, -10.233479893858672]]}}, {"type": "Feature", "properties": {"layer": "Fluxo", "dxf_type": "LINE"}, "geometry": {"type": "LineString", "coordinates": [[-54.99341018739337, -10.233494978960403], [-54.99342307188767, -10.233482374572091]]}}, {"type": "Feature", "properties": {"layer": "Fluxo", "dxf_type": "LINE"}, "geometry": {"type": "LineString", "coordinates": [[-54.99343080240011, -10.23347481211843], [-54.99343158013427, -10.233474051291907]]}}, {"type": "Feature", "properties": {"layer": "Fluxo", "dxf_type": "LINE"}, "geometry": {"type": "LineString", "coordinates": [[-54.99340099363623, -10.233493889093907], [-54.99340767462141, -10.23348735335238]]}}, {"type": "Feature", "properties": {"layer": "Fluxo", "dxf_type": "LINE"}, "geometry": {"type": "LineString", "coordinates": [[-54.99341540513429, -10.233479790899164], [-54.99342722999936, -10.23346822310292]]}}, {"type": "Feature", "properties": {"layer": "Fluxo", "dxf_type": "LINE"}, "geometry": {"type": "LineString", "coordinates": [[-54.99340000786812, -10.233484769679094], [-54.99341289236225, -10.233472165291195]]}}, {"type": "Feature", "properties": {"layer": "Fluxo", "dxf_type": "LINE"}, "geometry": {"type": "LineString", "coordinates": [[-54.9934206228746, -10.233464602837753], [-54.99342286517872, -10.233462408382168]]}}, {"type": "Feature", "properties": {"layer": "Fluxo", "dxf_type": "LINE"}, "geometry": {"type": "LineString", "coordinates": [[-54.99339227133009, -10.233482254273424], [-54.99339749509645, -10.233477144071065]]}}, {"type": "Feature", "properties": {"layer": "Fluxo", "dxf_type": "LINE"}, "geometry": {"type": "LineString", "coordinates": [[-54.99340522560924, -10.233469581618088], [-54.99341810918993, -10.233456977224172]]}}, {"type": "Feature", "properties": {"layer": "Fluxo", "dxf_type": "LINE"}, "geometry": {"type": "LineString", "coordinates": [[-54.9933898283492, -10.233474559493716], [-54.99340271192494, -10.233461956004453]]}}, {"type": "Feature", "properties": {"layer": "Fluxo", "dxf_type": "LINE"}, "geometry": {"type": "LineString", "coordinates": [[-54.99341044243719, -10.233454393551249], [-54.993414094206535, -10.233450821170065]]}}, {"type": "Feature", "properties": {"layer": "Fluxo", "dxf_type": "LINE"}, "geometry": {"type": "LineString", "coordinates": [[-54.993383490264016, -10.233470676037607], [-54.99338731466528, -10.233466933880027]]}}, {"type": "Feature", "properties": {"layer": "Fluxo", "dxf_type": "LINE"}, "geometry": {"type": "LineString", "coordinates": [[-54.99339504517796, -10.233459371427282], [-54.99340792966536, -10.23344676794327]]}}, {"type": "Feature", "properties": {"layer": "Fluxo", "dxf_type": "LINE"}, "geometry": {"type": "LineString", "coordinates": [[-54.993379647912704, -10.23346435020638], [-54.9933925324065, -10.23345174581925]]}}, {"type": "Feature", "properties": {"layer": "Fluxo", "dxf_type": "LINE"}, "geometry": {"type": "LineString", "coordinates": [[-54.993400262918655, -10.23344418336628], [-54.993405265392646, -10.233439289644354]]}}, {"type": "Feature", "properties": {"layer": "Fluxo", "dxf_type": "LINE"}, "geometry": {"type": "LineString", "coordinates": [[-54.99337465226308, -10.233459154397675], [-54.99337713514162, -10.233456724598295]]}}, {"type": "Feature", "properties": {"layer": "Fluxo", "dxf_type": "LINE"}, "geometry": {"type": "LineString", "coordinates": [[-54.99338486565421, -10.233449162145785], [-54.99339775014712, -10.233436557758285]]}}, {"type": "Feature", "properties": {"layer": "Fluxo", "dxf_type": "LINE"}, "geometry": {"type": "LineString", "coordinates": [[-54.99337021123117, -10.23345341423201], [-54.99338235288304, -10.233441536537734]]}}, {"type": "Feature", "properties": {"layer": "Fluxo", "dxf_type": "LINE"}, "geometry": {"type": "LineString", "coordinates": [[-54.99339008339509, -10.233433974085019], [-54.99339638056213, -10.233427813816283]]}}, {"type": "Feature", "properties": {"layer": "Fluxo", "dxf_type": "LINE"}, "geometry": {"type": "LineString", "coordinates": [[-54.993365756420424, -10.2334476884441], [-54.99336695561861, -10.233446515316363]]}}, {"type": "Feature", "properties": {"layer": "Fluxo", "dxf_type": "LINE"}, "geometry": {"type": "LineString", "coordinates": [[-54.9933746861311, -10.23343895286409], [-54.993387569711295, -10.233426348471374]]}}, {"type": "Feature", "properties": {"layer": "Fluxo", "dxf_type": "LINE"}, "geometry": {"type": "LineString", "coordinates": [[-54.99336128692394, -10.233441976124453], [-54.99337217244768, -10.233431327250404]]}}, {"type": "Feature", "properties": {"layer": "Fluxo", "dxf_type": "LINE"}, "geometry": {"type": "LineString", "coordinates": [[-54.99337990295963, -10.233423764797912], [-54.993387438808135, -10.233416392776322]]}}, {"type": "Feature", "properties": {"layer": "Fluxo", "dxf_type": "LINE"}, "geometry": {"type": "LineString", "coordinates": [[-54.99336450570178, -10.233428742672698], [-54.99337739018867, -10.233416139189869]]}}, {"type": "Feature", "properties": {"layer": "Fluxo", "dxf_type": "LINE"}, "geometry": {"type": "LineString", "coordinates": [[-54.99335230476932, -10.233430594607146], [-54.99336199293119, -10.233421117064601]]}}, {"type": "Feature", "properties": {"layer": "Fluxo", "dxf_type": "LINE"}, "geometry": {"type": "LineString", "coordinates": [[-54.993369723443045, -10.233413554612342], [-54.993378440124985, -10.23340502742837]]}}, {"type": "Feature", "properties": {"layer": "Fluxo", "dxf_type": "LINE"}, "geometry": {"type": "LineString", "coordinates": [[-54.993354326179976, -10.233418533390603], [-54.993367210672375, -10.23340592900428]]}}, {"type": "Feature", "properties": {"layer": "Fluxo", "dxf_type": "LINE"}, "geometry": {"type": "LineString", "coordinates": [[-54.993343265685525, -10.233419268781834], [-54.99335181340968, -10.233410907782483]]}}, {"type": "Feature", "properties": {"layer": "Fluxo", "dxf_type": "LINE"}, "geometry": {"type": "LineString", "coordinates": [[-54.99335954392143, -10.23340334533046], [-54.993369386343446, -10.233393716879787]]}}, {"type": "Feature", "properties": {"layer": "Fluxo", "dxf_type": "LINE"}, "geometry": {"type": "LineString", "coordinates": [[-54.99334414665881, -10.233408324108304], [-54.993357030238506, -10.233395719716768]]}}, {"type": "Feature", "properties": {"layer": "Fluxo", "dxf_type": "LINE"}, "geometry": {"type": "LineString", "coordinates": [[-54.99336476074972, -10.233388157264521], [-54.99336483787469, -10.233388082714546]]}}, {"type": "Feature", "properties": {"layer": "Fluxo", "dxf_type": "LINE"}, "geometry": {"type": "LineString", "coordinates": [[-54.993334169666895, -10.233407999552401], [-54.99334163297627, -10.233400698494538]]}}, {"type": "Feature", "properties": {"layer": "Fluxo", "dxf_type": "LINE"}, "geometry": {"type": "LineString", "coordinates": [[-54.993349363487916, -10.233393136042766], [-54.99336027563275, -10.233382462023181]]}}, {"type": "Feature", "properties": {"layer": "Fluxo", "dxf_type": "LINE"}, "geometry": {"type": "LineString", "coordinates": [[-54.99333396623145, -10.233398113916293], [-54.993346850717835, -10.233385510434662]]}}, {"type": "Feature", "properties": {"layer": "Fluxo", "dxf_type": "LINE"}, "geometry": {"type": "LineString", "coordinates": [[-54.99335458122894, -10.233377947982653], [-54.9933556987051, -10.233376854800056]]}}, {"type": "Feature", "properties": {"layer": "Fluxo", "dxf_type": "LINE"}, "geometry": {"type": "LineString", "coordinates": [[-54.99332501672479, -10.233396785111053], [-54.99333145346173, -10.23339048830815]]}}, {"type": "Feature", "properties": {"layer": "Fluxo", "dxf_type": "LINE"}, "geometry": {"type": "LineString", "coordinates": [[-54.99333918397328, -10.2333829258566], [-54.99335110800427, -10.23337126105079]]}}, {"type": "Feature", "properties": {"layer": "Fluxo", "dxf_type": "LINE"}, "geometry": {"type": "LineString", "coordinates": [[-54.993323786711585, -10.233387904633611], [-54.993336671203494, -10.233375300248472]]}}, {"type": "Feature", "properties": {"layer": "Fluxo", "dxf_type": "LINE"}, "geometry": {"type": "LineString", "coordinates": [[-54.9933444017145, -10.233367737796698], [-54.99334650352459, -10.233365681679283]]}}, {"type": "Feature", "properties": {"layer": "Fluxo", "dxf_type": "LINE"}, "geometry": {"type": "LineString", "coordinates": [[-54.99331580776607, -10.233385626367316], [-54.993321273942165, -10.233380279025425]]}}, {"type": "Feature", "properties": {"layer": "Fluxo", "dxf_type": "LINE"}, "geometry": {"type": "LineString", "coordinates": [[-54.993329004453614, -10.233372716574113], [-54.99334188527173, -10.233360115781654]]}}, {"type": "Feature", "properties": {"layer": "Fluxo", "dxf_type": "LINE"}, "geometry": {"type": "LineString", "coordinates": [[-54.99331360719237, -10.233377695350711], [-54.993326491684115, -10.233365090965965]]}}, {"type": "Feature", "properties": {"layer": "Fluxo", "dxf_type": "LINE"}, "geometry": {"type": "LineString", "coordinates": [[-54.99333422128248, -10.233357528508801], [-54.993337253245706, -10.233354563357864]]}}, {"type": "Feature", "properties": {"layer": "Fluxo", "dxf_type": "LINE"}, "geometry": {"type": "LineString", "coordinates": [[-54.99330654096566, -10.233374523309914], [-54.99331109442325, -10.233370069742504]]}}, {"type": "Feature", "properties": {"layer": "Fluxo", "dxf_type": "LINE"}, "geometry": {"type": "LineString", "coordinates": [[-54.9933188249346, -10.233362507291428], [-54.9933317085129, -10.233349902900699]]}}, {"type": "Feature", "properties": {"layer": "Fluxo", "dxf_type": "LINE"}, "geometry": {"type": "LineString", "coordinates": [[-54.99330342767949, -10.233367485163722], [-54.99331631125284, -10.233354881677649]]}}, {"type": "Feature", "properties": {"layer": "Fluxo", "dxf_type": "LINE"}, "geometry": {"type": "LineString", "coordinates": [[-54.99332404176366, -10.233347319226345], [-54.99332794604336, -10.233343499824546]]}}, {"type": "Feature", "properties": {"layer": "Fluxo", "dxf_type": "LINE"}, "geometry": {"type": "LineString", "coordinates": [[-54.993297217236105, -10.233363475944506], [-54.99330091399812, -10.233359859549871]]}}, {"type": "Feature", "properties": {"layer": "Fluxo", "dxf_type": "LINE"}, "geometry": {"type": "LineString", "coordinates": [[-54.99330864450937, -10.23335229709905], [-54.99332152899437, -10.233339693618209]]}}, {"type": "Feature", "properties": {"layer": "Fluxo", "dxf_type": "LINE"}, "geometry": {"type": "LineString", "coordinates": [[-54.99329324724904, -10.233357275874795], [-54.993306131740454, -10.233344671490853]]}}, {"type": "Feature", "properties": {"layer": "Fluxo", "dxf_type": "LINE"}, "geometry": {"type": "LineString", "coordinates": [[-54.99331386225116, -10.233337109039791], [-54.9933185828301, -10.233332491084925]]}}, {"type": "Feature", "properties": {"layer": "Fluxo", "dxf_type": "LINE"}, "geometry": {"type": "LineString", "coordinates": [[-54.993287837489945, -10.23335248427666], [-54.9932907344805, -10.233349650266565]]}}, {"type": "Feature", "properties": {"layer": "Fluxo", "dxf_type": "LINE"}, "geometry": {"type": "LineString", "coordinates": [[-54.99329846499165, -10.23334208781596], [-54.99331134948216, -10.233329483431628]]}}, {"type": "Feature", "properties": {"layer": "Fluxo", "dxf_type": "LINE"}, "geometry": {"type": "LineString", "coordinates": [[-54.99328312649799, -10.233347009102669], [-54.99329595222302, -10.233334462207747]]}}, {"type": "Feature", "properties": {"layer": "Fluxo", "dxf_type": "LINE"}, "geometry": {"type": "LineString", "coordinates": [[-54.99330368273363, -10.23332689975692], [-54.993309164518465, -10.233321537144652]]}}, {"type": "Feature", "properties": {"layer": "Fluxo", "dxf_type": "LINE"}, "geometry": {"type": "LineString", "coordinates": [[-54.99327840173287, -10.233341547402535], [-54.99328055496354, -10.233339440983041]]}}, {"type": "Feature", "properties": {"layer": "Fluxo", "dxf_type": "LINE"}, "geometry": {"type": "LineString", "coordinates": [[-54.993288285474584, -10.233331878532672], [-54.99330116905239, -10.23331927414311]]}}, {"type": "Feature", "properties": {"layer": "Fluxo", "dxf_type": "LINE"}, "geometry": {"type": "LineString", "coordinates": [[-54.99327366228203, -10.233336099170625], [-54.99328577179371, -10.233324252918809]]}}, {"type": "Feature", "properties": {"layer": "Fluxo", "dxf_type": "LINE"}, "geometry": {"type": "LineString", "coordinates": [[-54.99329350230422, -10.233316690468216], [-54.99329969020161, -10.233310637094183]]}}, {"type": "Feature", "properties": {"layer": "Fluxo", "dxf_type": "LINE"}, "geometry": {"type": "LineString", "coordinates": [[-54.9932689081398, -10.233330665310847], [-54.99327037454036, -10.233329230789804]]}}, {"type": "Feature", "properties": {"layer": "Fluxo", "dxf_type": "LINE"}, "geometry": {"type": "LineString", "coordinates": [[-54.9932781050513, -10.233321668339673], [-54.9932909895358, -10.233309064860029]]}}, {"type": "Feature", "properties": {"layer": "Fluxo", "dxf_type": "LINE"}, "geometry": {"type": "LineString", "coordinates": [[-54.99326414113124, -10.233325245834429], [-54.99327559228326, -10.233314042731415]]}}, {"type": "Feature", "properties": {"layer": "Fluxo", "dxf_type": "LINE"}, "geometry": {"type": "LineString", "coordinates": [[-54.99328332279367, -10.233306480281074], [-54.993290159873844, -10.233299791837423]]}}, {"type": "Feature", "properties": {"layer": "Fluxo", "dxf_type": "LINE"}, "geometry": {"type": "LineString", "coordinates": [[-54.99325935944267, -10.233319838922348], [-54.99326019502469, -10.233319021505878]]}}, {"type": "Feature", "properties": {"layer": "Fluxo", "dxf_type": "LINE"}, "geometry": {"type": "LineString", "coordinates": [[-54.993267925535534, -10.233311459055999], [-54.99328081002555, -10.233298854672851]]}}, {"type": "Feature", "properties": {"layer": "Fluxo", "dxf_type": "LINE"}, "geometry": {"type": "LineString", "coordinates": [[-54.99325456306269, -10.233314446382394], [-54.993265412767784, -10.23330383344772]]}}, {"type": "Feature", "properties": {"layer": "Fluxo", "dxf_type": "LINE"}, "geometry": {"type": "LineString", "coordinates": [[-54.993273143278095, -10.233296270997602], [-54.99328057444772, -10.233289001379973]]}}, {"type": "Feature", "properties": {"layer": "Fluxo", "dxf_type": "LINE"}, "geometry": {"type": "LineString", "coordinates": [[-54.9932497538164, -10.233309068225822], [-54.99325001550967, -10.233308812221768]]}}, {"type": "Feature", "properties": {"layer": "Fluxo", "dxf_type": "LINE"}, "geometry": {"type": "LineString", "coordinates": [[-54.99325774602042, -10.23330124977211], [-54.993270629597724, -10.233288645383727]]}}, {"type": "Feature", "properties": {"layer": "Fluxo", "dxf_type": "LINE"}, "geometry": {"type": "LineString", "coordinates": [[-54.99324492989008, -10.233303702633565], [-54.99325523234042, -10.233293624158183]]}}, {"type": "Feature", "properties": {"layer": "Fluxo", "dxf_type": "LINE"}, "geometry": {"type": "LineString", "coordinates": [[-54.99326296285063, -10.233286061708299], [-54.993270933016376, -10.233278264812334]]}}, {"type": "Feature", "properties": {"layer": "Fluxo", "dxf_type": "LINE"}, "geometry": {"type": "LineString", "coordinates": [[-54.993247565593414, -10.233291040482394], [-54.99326045008309, -10.233278436100031]]}}, {"type": "Feature", "properties": {"layer": "Fluxo", "dxf_type": "LINE"}, "geometry": {"type": "LineString", "coordinates": [[-54.993235239788355, -10.23329301457668], [-54.99324505282624, -10.23328341487407]]}}, {"type": "Feature", "properties": {"layer": "Fluxo", "dxf_type": "LINE"}, "geometry": {"type": "LineString", "coordinates": [[-54.99325278333635, -10.23327585242444], [-54.99326123648668, -10.233267583043997]]}}, {"type": "Feature", "properties": {"layer": "Fluxo", "dxf_type": "LINE"}, "geometry": {"type": "LineString", "coordinates": [[-54.99323738608527, -10.233280830294213], [-54.9932502705691, -10.233268226816149]]}}, {"type": "Feature", "properties": {"layer": "Fluxo", "dxf_type": "LINE"}, "geometry": {"type": "LineString", "coordinates": [[-54.99322549276885, -10.233282380403944], [-54.9932348733184, -10.233273204685887]]}}, {"type": "Feature", "properties": {"layer": "Fluxo", "dxf_type": "LINE"}, "geometry": {"type": "LineString", "coordinates": [[-54.99324260382841, -10.233265642236478], [-54.99325148395177, -10.233256955165464]]}}, {"type": "Feature", "properties": {"layer": "Fluxo", "dxf_type": "LINE"}, "geometry": {"type": "LineString", "coordinates": [[-54.9932272065721, -10.233270621009739], [-54.99324009014891, -10.233258016622539]]}}, {"type": "Feature", "properties": {"layer": "Fluxo", "dxf_type": "LINE"}, "geometry": {"type": "LineString", "coordinates": [[-54.993215690645314, -10.2332718019344], [-54.99322469289298, -10.233262995395746]]}}, {"type": "Feature", "properties": {"layer": "Fluxo", "dxf_type": "LINE"}, "geometry": {"type": "LineString", "coordinates": [[-54.99323242340289, -10.233255432946574], [-54.99324167632418, -10.233246381182335]]}}, {"type": "Feature", "properties": {"layer": "Fluxo", "dxf_type": "LINE"}, "geometry": {"type": "LineString", "coordinates": [[-54.99321702614705, -10.23326041171942], [-54.993229910636224, -10.23324780733824]]}}, {"type": "Feature", "properties": {"layer": "Fluxo", "dxf_type": "LINE"}, "geometry": {"type": "LineString", "coordinates": [[-54.99320583159834, -10.233261278252884], [-54.99321451338076, -10.233252786111034]]}}, {"type": "Feature", "properties": {"layer": "Fluxo", "dxf_type": "LINE"}, "geometry": {"type": "LineString", "coordinates": [[-54.993222243890564, -10.233245223662095], [-54.99323181359825, -10.233235861998512]]}}, {"type": "Feature", "properties": {"layer": "Fluxo", "dxf_type": "LINE"}, "geometry": {"type": "LineString", "coordinates": [[-54.99320684664086, -10.233250201530641], [-54.993219731124185, -10.233237598053739]]}}, {"type": "Feature", "properties": {"layer": "Fluxo", "dxf_type": "LINE"}, "geometry": {"type": "LineString", "coordinates": [[-54.99319591745301, -10.233250809370663], [-54.99320433387486, -10.233242575922231]]}}, {"type": "Feature", "properties": {"layer": "Fluxo", "dxf_type": "LINE"}, "geometry": {"type": "LineString", "coordinates": [[-54.99321206438457, -10.233235013473532], [-54.99322189486711, -10.233225396704459]]}}, {"type": "Feature", "properties": {"layer": "Fluxo", "dxf_type": "LINE"}, "geometry": {"type": "LineString", "coordinates": [[-54.99319666712964, -10.233239992245545], [-54.99320955070594, -10.233227387859548]]}}, {"type": "Feature", "properties": {"layer": "Fluxo", "dxf_type": "LINE"}, "geometry": {"type": "LineString", "coordinates": [[-54.99318594637856, -10.233240396180356], [-54.99319415345139, -10.233232366631505]]}}, {"type": "Feature", "properties": {"layer": "Fluxo", "dxf_type": "LINE"}, "geometry": {"type": "LineString", "coordinates": [[-54.99320188396101, -10.23322480418304], [-54.99321192104331, -10.233214985305816]]}}, {"type": "Feature", "properties": {"layer": "Fluxo", "dxf_type": "LINE"}, "geometry": {"type": "LineString", "coordinates": [[-54.99318648670653, -10.23322978295464], [-54.99319937119521, -10.233217178574643]]}}, {"type": "Feature", "properties": {"layer": "Fluxo", "dxf_type": "LINE"}, "geometry": {"type": "LineString", "coordinates": [[-54.993175919298906, -10.233230036879808], [-54.993183973941115, -10.233222157346193]]}}, {"type": "Feature", "properties": {"layer": "Fluxo", "dxf_type": "LINE"}, "geometry": {"type": "LineString", "coordinates": [[-54.99319170445062, -10.233214594897962], [-54.99320189212117, -10.233204628706444]]}}, {"type": "Feature", "properties": {"layer": "Fluxo", "dxf_type": "LINE"}, "geometry": {"type": "LineString", "coordinates": [[-54.99317630720229, -10.23321957276526], [-54.993189191685126, -10.233206969289544]]}}, {"type": "Feature", "properties": {"layer": "Fluxo", "dxf_type": "LINE"}, "geometry": {"type": "LineString", "coordinates": [[-54.99316583620836, -10.233219732372895], [-54.99317379443716, -10.233211947156786]]}}, {"type": "Feature", "properties": {"layer": "Fluxo", "dxf_type": "LINE"}, "geometry": {"type": "LineString", "coordinates": [[-54.99318152494658, -10.233204384708793], [-54.99319180811206, -10.23319432509859]]}}, {"type": "Feature", "properties": {"layer": "Fluxo", "dxf_type": "LINE"}, "geometry": {"type": "LineString", "coordinates": [[-54.99316612769302, -10.233209363479563], [-54.99317901126883, -10.233196759094728]]}}, {"type": "Feature", "properties": {"layer": "Fluxo", "dxf_type": "LINE"}, "geometry": {"type": "LineString", "coordinates": [[-54.993186741777706, -10.23318919664653], [-54.993186744532366, -10.233189193951736]]}}, {"type": "Feature", "properties": {"layer": "Fluxo", "dxf_type": "LINE"}, "geometry": {"type": "LineString", "coordinates": [[-54.99315569618871, -10.233209483557898], [-54.99316361401565, -10.233201737865443]]}}, {"type": "Feature", "properties": {"layer": "Fluxo", "dxf_type": "LINE"}, "geometry": {"type": "LineString", "coordinates": [[-54.99317134452496, -10.233194175417685], [-54.99318166808638, -10.233184077188254]]}}, {"type": "Feature", "properties": {"layer": "Fluxo", "dxf_type": "LINE"}, "geometry": {"type": "LineString", "coordinates": [[-54.99315594727186, -10.23319915418804], [-54.993168831760045, -10.233186549809242]]}}, {"type": "Feature", "properties": {"layer": "Fluxo", "dxf_type": "LINE"}, "geometry": {"type": "LineString", "coordinates": [[-54.99317656226882, -10.233178987361264], [-54.993176576960366, -10.233178972989098]]}}, {"type": "Feature", "properties": {"layer": "Fluxo", "dxf_type": "LINE"}, "geometry": {"type": "LineString", "coordinates": [[-54.99314550107639, -10.233199288638255], [-54.99315343450732, -10.233191528579537]]}}, {"type": "Feature", "properties": {"layer": "Fluxo", "dxf_type": "LINE"}, "geometry": {"type": "LineString", "coordinates": [[-54.99316116501654, -10.233183966132021], [-54.99317147297373, -10.233173882269423]]}}, {"type": "Feature", "properties": {"layer": "Fluxo", "dxf_type": "LINE"}, "geometry": {"type": "LineString", "coordinates": [[-54.993145767769576, -10.233188943998073], [-54.99315865225191, -10.233176340523535]]}}, {"type": "Feature", "properties": {"layer": "Fluxo", "dxf_type": "LINE"}, "geometry": {"type": "LineString", "coordinates": [[-54.993135249947514, -10.233189149416148], [-54.99314325500532, -10.233181318389533]]}}, {"type": "Feature", "properties": {"layer": "Fluxo", "dxf_type": "LINE"}, "geometry": {"type": "LineString", "coordinates": [[-54.99315098551444, -10.233173755942252], [-54.99316122276843, -10.233163741245958]]}}, {"type": "Feature", "properties": {"layer": "Fluxo", "dxf_type": "LINE"}, "geometry": {"type": "LineString", "coordinates": [[-54.993135588262255, -10.233178734711773], [-54.993148471837564, -10.233166130328119]]}}, {"type": "Feature", "properties": {"layer": "Fluxo", "dxf_type": "LINE"}, "geometry": {"type": "LineString", "coordinates": [[-54.99312494280776, -10.23317906498766], [-54.99313307458576, -10.233171109097587]]}}, {"type": "Feature", "properties": {"layer": "Fluxo", "dxf_type": "LINE"}, "geometry": {"type": "LineString", "coordinates": [[-54.99314080509477, -10.23316354665054], [-54.99315091655226, -10.233153655016135]]}}, {"type": "Feature", "properties": {"layer": "Fluxo", "dxf_type": "LINE"}, "geometry": {"type": "LineString", "coordinates": [[-54.993125407843046, -10.233168525419646], [-54.99313829233073, -10.233155921042012]]}}, {"type": "Feature", "properties": {"layer": "Fluxo", "dxf_type": "LINE"}, "geometry": {"type": "LineString", "coordinates": [[-54.99311457874458, -10.233169035347151], [-54.99312289507938, -10.233160899811065]]}}, {"type": "Feature", "properties": {"layer": "Fluxo", "dxf_type": "LINE"}, "geometry": {"type": "LineString", "coordinates": [[-54.99313062558829, -10.233153337364271], [-54.99314055524344, -10.233143622681666]]}}, {"type": "Feature", "properties": {"layer": "Fluxo", "dxf_type": "LINE"}, "geometry": {"type": "LineString", "coordinates": [[-54.99311522834271, -10.23315831522906], [-54.993128112824536, -10.233145711755727]]}}, {"type": "Feature", "properties": {"layer": "Fluxo", "dxf_type": "LINE"}, "geometry": {"type": "LineString", "coordinates": [[-54.99310415958875, -10.233159059602006], [-54.99311271557933, -10.233150689620473]]}}, {"type": "Feature", "properties": {"layer": "Fluxo", "dxf_type": "LINE"}, "geometry": {"type": "LineString", "coordinates": [[-54.99312044608815, -10.233143127173902], [-54.9931301388363, -10.23313364514645]]}}, {"type": "Feature", "properties": {"layer": "Fluxo", "dxf_type": "LINE"}, "geometry": {"type": "LineString", "coordinates": [[-54.993105048837336, -10.233148105942176], [-54.99311793241215, -10.233135501559705]]}}, {"type": "Feature", "properties": {"layer": "Fluxo", "dxf_type": "LINE"}, "geometry": {"type": "LineString", "coordinates": [[-54.99309368350382, -10.233149139548733], [-54.99310253516171, -10.233140480327926]]}}, {"type": "Feature", "properties": {"layer": "Fluxo", "dxf_type": "LINE"}, "geometry": {"type": "LineString", "coordinates": [[-54.993110265670424, -10.233132917881589], [-54.99311966734219, -10.233123720602702]]}}, {"type": "Feature", "properties": {"layer": "Fluxo", "dxf_type": "LINE"}, "geometry": {"type": "LineString", "coordinates": [[-54.99309486842008, -10.233137896649447], [-54.993107752907264, -10.233125292272998]]}}, {"type": "Feature", "properties": {"layer": "Fluxo", "dxf_type": "LINE"}, "geometry": {"type": "LineString", "coordinates": [[-54.993083151402345, -10.233139275192936], [-54.99309235565728, -10.233130271040801]]}}, {"type": "Feature", "properties": {"layer": "Fluxo", "dxf_type": "LINE"}, "geometry": {"type": "LineString", "coordinates": [[-54.9931000861659, -10.233122708594701], [-54.99310913983722, -10.233113850852567]]}}, {"type": "Feature", "properties": {"layer": "Fluxo", "dxf_type": "LINE"}, "geometry": {"type": "LineString", "coordinates": [[-54.99308468892169, -10.23312768645826], [-54.99309757340302, -10.233115082986085]]}}, {"type": "Feature", "properties": {"layer": "Fluxo", "dxf_type": "LINE"}, "geometry": {"type": "LineString", "coordinates": [[-54.99307256329567, -10.233129464726863], [-54.993082176159184, -10.23312006084959]]}}, {"type": "Feature", "properties": {"layer": "Fluxo", "dxf_type": "LINE"}, "geometry": {"type": "LineString", "coordinates": [[-54.993089906667706, -10.233112498403727], [-54.99309855723393, -10.23310403590165]]}}, {"type": "Feature", "properties": {"layer": "Fluxo", "dxf_type": "LINE"}, "geometry": {"type": "LineString", "coordinates": [[-54.99307450941827, -10.233117477170756], [-54.99308739299258, -10.233104872789484]]}}, {"type": "Feature", "properties": {"layer": "Fluxo", "dxf_type": "LINE"}, "geometry": {"type": "LineString", "coordinates": [[-54.99306191917246, -10.233119709958254], [-54.993071996656056, -10.233109851562084]]}}, {"type": "Feature", "properties": {"layer": "Fluxo", "dxf_type": "LINE"}, "geometry": {"type": "LineString", "coordinates": [[-54.993079726251935, -10.23310228911083], [-54.993087919538, -10.233094274846081]]}}, {"type": "Feature", "properties": {"layer": "Fluxo", "dxf_type": "LINE"}, "geometry": {"type": "LineString", "coordinates": [[-54.99305657553856, -10.233114852779089], [-54.99305659940665, -10.23311483032822]]}}, {"type": "Feature", "properties": {"layer": "Fluxo", "dxf_type": "LINE"}, "geometry": {"type": "LineString", "coordinates": [[-54.9930643299155, -10.233107267883073], [-54.99307721348964, -10.233094663502175]]}}, {"type": "Feature", "properties": {"layer": "Fluxo", "dxf_type": "LINE"}, "geometry": {"type": "LineString", "coordinates": [[-54.99305121812583, -10.23311000997761], [-54.99306181624104, -10.23309964226873]]}}, {"type": "Feature", "properties": {"layer": "Fluxo", "dxf_type": "LINE"}, "geometry": {"type": "LineString", "coordinates": [[-54.99306954674936, -10.23309207982334], [-54.99307722583689, -10.233084567680217]]}}, {"type": "Feature", "properties": {"layer": "Fluxo", "dxf_type": "LINE"}, "geometry": {"type": "LineString", "coordinates": [[-54.993045846939935, -10.233105180649996], [-54.99304641899777, -10.233104620130584]]}}, {"type": "Feature", "properties": {"layer": "Fluxo", "dxf_type": "LINE"}, "geometry": {"type": "LineString", "coordinates": [[-54.99305414950652, -10.233097057685653], [-54.99306703398735, -10.233084454214662]]}}, {"type": "Feature", "properties": {"layer": "Fluxo", "dxf_type": "LINE"}, "geometry": {"type": "LineString", "coordinates": [[-54.993040461980875, -10.233100364796186], [-54.993051636744894, -10.23308943207692]]}}, {"type": "Feature", "properties": {"layer": "Fluxo", "dxf_type": "LINE"}, "geometry": {"type": "LineString", "coordinates": [[-54.99305936725311, -10.233081869631764], [-54.99306647704315, -10.233074914409688]]}}, {"type": "Feature", "properties": {"layer": "Fluxo", "dxf_type": "LINE"}, "geometry": {"type": "LineString", "coordinates": [[-54.99303506233612, -10.23309556241059], [-54.9930362394964, -10.233094410842243]]}}, {"type": "Feature", "properties": {"layer": "Fluxo", "dxf_type": "LINE"}, "geometry": {"type": "LineString", "coordinates": [[-54.99304397000505, -10.233086848397546], [-54.9930568544914, -10.233074244023065]]}}, {"type": "Feature", "properties": {"layer": "Fluxo", "dxf_type": "LINE"}, "geometry": {"type": "LineString", "coordinates": [[-54.99302964799998, -10.233090774397072], [-54.99304145724372, -10.233079222788794]]}}, {"type": "Feature", "properties": {"layer": "Fluxo", "dxf_type": "LINE"}, "geometry": {"type": "LineString", "coordinates": [[-54.99304918775183, -10.233071660343874], [-54.99305567223288, -10.23306531683661]]}}, {"type": "Feature", "properties": {"layer": "Fluxo", "dxf_type": "LINE"}, "geometry": {"type": "LineString", "coordinates": [[-54.993024220797544, -10.233086000766903], [-54.993026059995685, -10.2330842015537]]}}, {"type": "Feature", "properties": {"layer": "Fluxo", "dxf_type": "LINE"}, "geometry": {"type": "LineString", "coordinates": [[-54.99303379050423, -10.23307663910924], [-54.99304667407787, -10.233064034729546]]}}, {"type": "Feature", "properties": {"layer": "Fluxo", "dxf_type": "LINE"}, "geometry": {"type": "LineString", "coordinates": [[-54.993018778915086, -10.233081239701045], [-54.99303127683065, -10.233069013494852]]}}, {"type": "Feature", "properties": {"layer": "Fluxo", "dxf_type": "LINE"}, "geometry": {"type": "LineString", "coordinates": [[-54.99303900733866, -10.233061451050173], [-54.99304481232997, -10.233055773158863]]}}, {"type": "Feature", "properties": {"layer": "Fluxo", "dxf_type": "LINE"}, "geometry": {"type": "LineString", "coordinates": [[-54.993013322335564, -10.233076493911147], [-54.99301587958875, -10.233073991355445]]}}, {"type": "Feature", "properties": {"layer": "Fluxo", "dxf_type": "LINE"}, "geometry": {"type": "LineString", "coordinates": [[-54.993023610097204, -10.233066428911238], [-54.99303649457753, -10.233053825441429]]}}, {"type": "Feature", "properties": {"layer": "Fluxo", "dxf_type": "LINE"}, "geometry": {"type": "LineString", "coordinates": [[-54.9930082128497, -10.233071407675352], [-54.99302109733645, -10.233058803302441]]}}, {"type": "Feature", "properties": {"layer": "Fluxo", "dxf_type": "LINE"}, "geometry": {"type": "LineString", "coordinates": [[-54.99302882784436, -10.233051240857996], [-54.993033895509356, -10.23304628336518]]}}, {"type": "Feature", "properties": {"layer": "Fluxo", "dxf_type": "LINE"}, "geometry": {"type": "LineString", "coordinates": [[-54.99300236786273, -10.233067041848978], [-54.99300570008933, -10.233063782066516]]}}, {"type": "Feature", "properties": {"layer": "Fluxo", "dxf_type": "LINE"}, "geometry": {"type": "LineString", "coordinates": [[-54.99301343059768, -10.23305621962253], [-54.993026315083526, -10.233043615249233]]}}, {"type": "Feature", "properties": {"layer": "Fluxo", "dxf_type": "LINE"}, "geometry": {"type": "LineString", "coordinates": [[-54.992998033350645, -10.233061198386244], [-54.99301091783722, -10.233048594013711]]}}, {"type": "Feature", "properties": {"layer": "Fluxo", "dxf_type": "LINE"}, "geometry": {"type": "LineString", "coordinates": [[-54.993018648345036, -10.233041031569503], [-54.99302292359042, -10.233036848370682]]}}, {"type": "Feature", "properties": {"layer": "Fluxo", "dxf_type": "LINE"}, "geometry": {"type": "LineString", "coordinates": [[-54.99299135737335, -10.23305764548422], [-54.992995520590554, -10.233053572777369]]}}, {"type": "Feature", "properties": {"layer": "Fluxo", "dxf_type": "LINE"}, "geometry": {"type": "LineString", "coordinates": [[-54.99300325109881, -10.233046010333622], [-54.99301613467195, -10.23303340595509]]}}, {"type": "Feature", "properties": {"layer": "Fluxo", "dxf_type": "LINE"}, "geometry": {"type": "LineString", "coordinates": [[-54.99298785385791, -10.233050988193035], [-54.9930007374261, -10.233038384719153]]}}, {"type": "Feature", "properties": {"layer": "Fluxo", "dxf_type": "LINE"}, "geometry": {"type": "LineString", "coordinates": [[-54.99300846793381, -10.233030822275195], [-54.99301189657318, -10.233027468175361]]}}, {"type": "Feature", "properties": {"layer": "Fluxo", "dxf_type": "LINE"}, "geometry": {"type": "LineString", "coordinates": [[-54.99298028904803, -10.233048303901786], [-54.992985340185584, -10.233043362578513]]}}, {"type": "Feature", "properties": {"layer": "Fluxo", "dxf_type": "LINE"}, "geometry": {"type": "LineString", "coordinates": [[-54.99299307068805, -10.233035801038886], [-54.993005955173565, -10.233023196666396]]}}, {"type": "Feature", "properties": {"layer": "Fluxo", "dxf_type": "LINE"}, "geometry": {"type": "LineString", "coordinates": [[-54.99297767344761, -10.23304077889788], [-54.992990557928174, -10.233028175430038]]}}, {"type": "Feature", "properties": {"layer": "Fluxo", "dxf_type": "LINE"}, "geometry": {"type": "LineString", "coordinates": [[-54.992998288435786, -10.233020612986307], [-54.99300081263255, -10.233018142767971]]}}, {"type": "Feature", "properties": {"layer": "Fluxo", "dxf_type": "LINE"}, "geometry": {"type": "LineString", "coordinates": [[-54.9929691647005, -10.23303901892065], [-54.99297516068811, -10.233033153288966]]}}, {"type": "Feature", "properties": {"layer": "Fluxo", "dxf_type": "LINE"}, "geometry": {"type": "LineString", "coordinates": [[-54.99298289119616, -10.233025590845706], [-54.9929952504531, -10.23301350118171]]}}, {"type": "Feature", "properties": {"layer": "Fluxo", "dxf_type": "LINE"}, "geometry": {"type": "LineString", "coordinates": [[-54.9929674939505, -10.233030569608173], [-54.99298037843658, -10.233017965236826]]}}, {"type": "Feature", "properties": {"layer": "Fluxo", "dxf_type": "LINE"}, "geometry": {"type": "LineString", "coordinates": [[-54.99298810894409, -10.233010402793324], [-54.99298967359362, -10.233008872159765]]}}, {"type": "Feature", "properties": {"layer": "Fluxo", "dxf_type": "LINE"}, "geometry": {"type": "LineString", "coordinates": [[-54.99295798342956, -10.233029788727437], [-54.99296498119129, -10.233022943999238]]}}, {"type": "Feature", "properties": {"layer": "Fluxo", "dxf_type": "LINE"}, "geometry": {"type": "LineString", "coordinates": [[-54.99297271169924, -10.233015381556196], [-54.992984082042774, -10.23300425750988]]}}, {"type": "Feature", "properties": {"layer": "Fluxo", "dxf_type": "LINE"}, "geometry": {"type": "LineString", "coordinates": [[-54.99295731445404, -10.23302036031825], [-54.99297019802741, -10.233007755941664]]}}, {"type": "Feature", "properties": {"layer": "Fluxo", "dxf_type": "LINE"}, "geometry": {"type": "LineString", "coordinates": [[-54.99297792853482, -10.233000193498404], [-54.99297847763131, -10.232999656339466]]}}, {"type": "Feature", "properties": {"layer": "Fluxo", "dxf_type": "LINE"}, "geometry": {"type": "LineString", "coordinates": [[-54.99294674522388, -10.233020615129883], [-54.99295480078258, -10.233012734703664]]}}, {"type": "Feature", "properties": {"layer": "Fluxo", "dxf_type": "LINE"}, "geometry": {"type": "LineString", "coordinates": [[-54.99296253129043, -10.23300517226086], [-54.99297285852847, -10.232995069541108]]}}, {"type": "Feature", "properties": {"layer": "Fluxo", "dxf_type": "LINE"}, "geometry": {"type": "LineString", "coordinates": [[-54.99294713405137, -10.23301015011861], [-54.99296001853143, -10.232997546651934]]}}, {"type": "Feature", "properties": {"layer": "Fluxo", "dxf_type": "LINE"}, "geometry": {"type": "LineString", "coordinates": [[-54.9929354500948, -10.233011496320238], [-54.99294462129274, -10.233002524509628]]}}, {"type": "Feature", "properties": {"layer": "Fluxo", "dxf_type": "LINE"}, "geometry": {"type": "LineString", "coordinates": [[-54.99295235180049, -10.232994962067059], [-54.99296157900899, -10.232985935461992]]}}, {"type": "Feature", "properties": {"layer": "Fluxo", "dxf_type": "LINE"}, "geometry": {"type": "LineString", "coordinates": [[-54.9929369545562, -10.23299994082828], [-54.99294983904178, -10.232987336458132]]}}, {"type": "Feature", "properties": {"layer": "Fluxo", "dxf_type": "LINE"}, "geometry": {"type": "LineString", "coordinates": [[-54.99292409803097, -10.233002434106263], [-54.99293444179787, -10.23299231521928]]}}, {"type": "Feature", "properties": {"layer": "Fluxo", "dxf_type": "LINE"}, "geometry": {"type": "LineString", "coordinates": [[-54.99294217230552, -10.232984752776966], [-54.99295024255478, -10.232976857978537]]}}, {"type": "Feature", "properties": {"layer": "Fluxo", "dxf_type": "LINE"}, "geometry": {"type": "LineString", "coordinates": [[-54.992918399967664, -10.23299792365349], [-54.992919044553595, -10.232997293979622]]}}, {"type": "Feature", "properties": {"layer": "Fluxo", "dxf_type": "LINE"}, "geometry": {"type": "LineString", "coordinates": [[-54.99292677506168, -10.232989731537769], [-54.992939658634555, -10.23297712716237]]}}, {"type": "Feature", "properties": {"layer": "Fluxo", "dxf_type": "LINE"}, "geometry": {"type": "LineString", "coordinates": [[-54.99291268812552, -10.232993427578421], [-54.9929242613911, -10.232982105923119]]}}, {"type": "Feature", "properties": {"layer": "Fluxo", "dxf_type": "LINE"}, "geometry": {"type": "LineString", "coordinates": [[-54.99293199189866, -10.232974543481024], [-54.99293885009539, -10.232967834384723]]}}, {"type": "Feature", "properties": {"layer": "Fluxo", "dxf_type": "LINE"}, "geometry": {"type": "LineString", "coordinates": [[-54.992906962510226, -10.23298894497718], [-54.99290886415298, -10.232987083779163]]}}, {"type": "Feature", "properties": {"layer": "Fluxo", "dxf_type": "LINE"}, "geometry": {"type": "LineString", "coordinates": [[-54.99291659466097, -10.232979521337528], [-54.99292947914053, -10.232966917872034]]}}, {"type": "Feature", "properties": {"layer": "Fluxo", "dxf_type": "LINE"}, "geometry": {"type": "LineString", "coordinates": [[-54.992901221291, -10.232984476742352], [-54.99291408190321, -10.232971895728484]]}}, {"type": "Feature", "properties": {"layer": "Fluxo", "dxf_type": "LINE"}, "geometry": {"type": "LineString", "coordinates": [[-54.992921812410664, -10.232964333286624], [-54.992927400706954, -10.232958866482674]]}}, {"type": "Feature", "properties": {"layer": "Fluxo", "dxf_type": "LINE"}, "geometry": {"type": "LineString", "coordinates": [[-54.99289546629295, -10.232980022885236], [-54.99289868465986, -10.232976874487997]]}}, {"type": "Feature", "properties": {"layer": "Fluxo", "dxf_type": "LINE"}, "geometry": {"type": "LineString", "coordinates": [[-54.99290641516775, -10.232969312046599], [-54.99291929965283, -10.232956707677612]]}}, {"type": "Feature", "properties": {"layer": "Fluxo", "dxf_type": "LINE"}, "geometry": {"type": "LineString", "coordinates": [[-54.992891017924485, -10.232974290805753], [-54.99290390241029, -10.232961686437534]]}}, {"type": "Feature", "properties": {"layer": "Fluxo", "dxf_type": "LINE"}, "geometry": {"type": "LineString", "coordinates": [[-54.99291163291765, -10.23295412399591], [-54.99291589530199, -10.232949954278029]]}}, {"type": "Feature", "properties": {"layer": "Fluxo", "dxf_type": "LINE"}, "geometry": {"type": "LineString", "coordinates": [[-54.9928839131466, -10.232971156485071], [-54.9928885051674, -10.232966665196631]]}}, {"type": "Feature", "properties": {"layer": "Fluxo", "dxf_type": "LINE"}, "geometry": {"type": "LineString", "coordinates": [[-54.99289623567519, -10.23295910275547], [-54.99290911924756, -10.232946498381267]]}}, {"type": "Feature", "properties": {"layer": "Fluxo", "dxf_type": "LINE"}, "geometry": {"type": "LineString", "coordinates": [[-54.99288083843806, -10.232964080610316], [-54.99289372200548, -10.232951477140755]]}}, {"type": "Feature", "properties": {"layer": "Fluxo", "dxf_type": "LINE"}, "geometry": {"type": "LineString", "coordinates": [[-54.99290145251273, -10.232943914699382], [-54.99290433205543, -10.232941097759518]]}}, {"type": "Feature", "properties": {"layer": "Fluxo", "dxf_type": "LINE"}, "geometry": {"type": "LineString", "coordinates": [[-54.99287230306551, -10.232962346680532], [-54.99287832476873, -10.232956454995547]]}}, {"type": "Feature", "properties": {"layer": "Fluxo", "dxf_type": "LINE"}, "geometry": {"type": "LineString", "coordinates": [[-54.99288605527642, -10.232948892554626], [-54.99289852931614, -10.232936689708167]]}}, {"type": "Feature", "properties": {"layer": "Fluxo", "dxf_type": "LINE"}, "geometry": {"type": "LineString", "coordinates": [[-54.99287065803407, -10.232953871312944], [-54.99288354251954, -10.232941266945533]]}}, {"type": "Feature", "properties": {"layer": "Fluxo", "dxf_type": "LINE"}, "geometry": {"type": "LineString", "coordinates": [[-54.99289127302669, -10.232933704504385], [-54.992892712798024, -10.232932296034502]]}}, {"type": "Feature", "properties": {"layer": "Fluxo", "dxf_type": "LINE"}, "geometry": {"type": "LineString", "coordinates": [[-54.992860634224584, -10.23295359346039], [-54.99286814527757, -10.232946245703799]]}}, {"type": "Feature", "properties": {"layer": "Fluxo", "dxf_type": "LINE"}, "geometry": {"type": "LineString", "coordinates": [[-54.99287587578515, -10.23293868326311], [-54.99288688158853, -10.23292791673291]]}}, {"type": "Feature", "properties": {"layer": "Fluxo", "dxf_type": "LINE"}, "geometry": {"type": "LineString", "coordinates": [[-54.992860478543264, -10.232943662021013], [-54.99287336302857, -10.232931057653978]]}}, {"type": "Feature", "properties": {"layer": "Fluxo", "dxf_type": "LINE"}, "geometry": {"type": "LineString", "coordinates": [[-54.99284890844891, -10.232944896835841], [-54.99285796578705, -10.23293603641183]]}}, {"type": "Feature", "properties": {"layer": "Fluxo", "dxf_type": "LINE"}, "geometry": {"type": "LineString", "coordinates": [[-54.992865696294544, -10.232928473971375], [-54.99287517693187, -10.23291919944939]]}}, {"type": "Feature", "properties": {"layer": "Fluxo", "dxf_type": "LINE"}, "geometry": {"type": "LineString", "coordinates": [[-54.99285029905879, -10.232933451824984], [-54.992863182625705, -10.232920848356597]]}}, {"type": "Feature", "properties": {"layer": "Fluxo", "dxf_type": "LINE"}, "geometry": {"type": "LineString", "coordinates": [[-54.99283712391341, -10.232936256795677], [-54.992847785390325, -10.232925826210147]]}}, {"type": "Feature", "properties": {"layer": "Fluxo", "dxf_type": "LINE"}, "geometry": {"type": "LineString", "coordinates": [[-54.992855515897716, -10.232918263769932], [-54.99286341443359, -10.232910537852002]]}}, {"type": "Feature", "properties": {"layer": "Fluxo", "dxf_type": "LINE"}, "geometry": {"type": "LineString", "coordinates": [[-54.99283120915232, -10.232931958330871], [-54.99283238814891, -10.23293080496676]]}}, {"type": "Feature", "properties": {"layer": "Fluxo", "dxf_type": "LINE"}, "geometry": {"type": "LineString", "coordinates": [[-54.992840118656744, -10.232923242527006], [-54.99285300314172, -10.23291063816076]]}}, {"type": "Feature", "properties": {"layer": "Fluxo", "dxf_type": "LINE"}, "geometry": {"type": "LineString", "coordinates": [[-54.992825280612394, -10.232927674243742], [-54.992837605901116, -10.232915616917774]]}}, {"type": "Feature", "properties": {"layer": "Fluxo", "dxf_type": "LINE"}, "geometry": {"type": "LineString", "coordinates": [[-54.99284533640841, -10.232908054477814], [-54.99285159500627, -10.232901931946337]]}}, {"type": "Feature", "properties": {"layer": "Fluxo", "dxf_type": "LINE"}, "geometry": {"type": "LineString", "coordinates": [[-54.99281933738678, -10.232923403624799], [-54.99282220866016, -10.232920595673972]]}}, {"type": "Feature", "properties": {"layer": "Fluxo", "dxf_type": "LINE"}, "geometry": {"type": "LineString", "coordinates": [[-54.99282993916788, -10.232913033234455], [-54.992842823652694, -10.23290042886862]]}}, {"type": "Feature", "properties": {"layer": "Fluxo", "dxf_type": "LINE"}, "geometry": {"type": "LineString", "coordinates": [[-54.992814541932695, -10.232918011086408], [-54.992827426412546, -10.232905407625223]]}}, {"type": "Feature", "properties": {"layer": "Fluxo", "dxf_type": "LINE"}, "geometry": {"type": "LineString", "coordinates": [[-54.99283515691974, -10.232897845185482], [-54.99283971773167, -10.232893382630662]]}}, {"type": "Feature", "properties": {"layer": "Fluxo", "dxf_type": "LINE"}, "geometry": {"type": "LineString", "coordinates": [[-54.99280740776826, -10.23291490641259], [-54.992812029177735, -10.232910385477105]]}}, {"type": "Feature", "properties": {"layer": "Fluxo", "dxf_type": "LINE"}, "geometry": {"type": "LineString", "coordinates": [[-54.99281975968536, -10.23290282303784], [-54.99283264325178, -10.232890219570635]]}}, {"type": "Feature", "properties": {"layer": "Fluxo", "dxf_type": "LINE"}, "geometry": {"type": "LineString", "coordinates": [[-54.99280436244494, -10.232907801793258], [-54.992817246930315, -10.232895197428567]]}}, {"type": "Feature", "properties": {"layer": "Fluxo", "dxf_type": "LINE"}, "geometry": {"type": "LineString", "coordinates": [[-54.992824976524865, -10.232887634983431], [-54.99282778352233, -10.232884889910583]]}}, {"type": "Feature", "properties": {"layer": "Fluxo", "dxf_type": "LINE"}, "geometry": {"type": "LineString", "coordinates": [[-54.992795418471694, -10.232906466682984], [-54.992801849690274, -10.23290017618393]]}}, {"type": "Feature", "properties": {"layer": "Fluxo", "dxf_type": "LINE"}, "geometry": {"type": "LineString", "coordinates": [[-54.99280958019781, -10.23289261374489], [-54.99282179438059, -10.232880665108643]]}}, {"type": "Feature", "properties": {"layer": "Fluxo", "dxf_type": "LINE"}, "geometry": {"type": "LineString", "coordinates": [[-54.992794182957844, -10.232897592499892], [-54.99280706653051, -10.232884988129967]]}}, {"type": "Feature", "properties": {"layer": "Fluxo", "dxf_type": "LINE"}, "geometry": {"type": "LineString", "coordinates": [[-54.992814797037504, -10.232877425690695], [-54.992815790553166, -10.23287645377487]]}}, {"type": "Feature", "properties": {"layer": "Fluxo", "dxf_type": "LINE"}, "geometry": {"type": "LineString", "coordinates": [[-54.99278337132216, -10.232898084447225], [-54.99279166929093, -10.232889966884917]]}}, {"type": "Feature", "properties": {"layer": "Fluxo", "dxf_type": "LINE"}, "geometry": {"type": "LineString", "coordinates": [[-54.99279939979836, -10.232882404446105], [-54.992809772946906, -10.23287225681877]]}}, {"type": "Feature", "properties": {"layer": "Fluxo", "dxf_type": "LINE"}, "geometry": {"type": "LineString", "coordinates": [[-54.99278400256454, -10.232887382296814], [-54.992796887043895, -10.232874778836791]]}}, {"type": "Feature", "properties": {"layer": "Fluxo", "dxf_type": "LINE"}, "geometry": {"type": "LineString", "coordinates": [[-54.99277126449458, -10.232889759694054], [-54.99278148981046, -10.23287975668744]]}}, {"type": "Feature", "properties": {"layer": "Fluxo", "dxf_type": "LINE"}, "geometry": {"type": "LineString", "coordinates": [[-54.99278922031778, -10.23287219424887], [-54.992797692747715, -10.232863906017121]]}}, {"type": "Feature", "properties": {"layer": "Fluxo", "dxf_type": "LINE"}, "geometry": {"type": "LineString", "coordinates": [[-54.99276518904089, -10.232885619327485], [-54.992766092570974, -10.232884735441157]]}}, {"type": "Feature", "properties": {"layer": "Fluxo", "dxf_type": "LINE"}, "geometry": {"type": "LineString", "coordinates": [[-54.99277382307874, -10.232877173003045], [-54.99278670756362, -10.232864568639553]]}}, {"type": "Feature", "properties": {"layer": "Fluxo", "dxf_type": "LINE"}, "geometry": {"type": "LineString", "coordinates": [[-54.992759098901494, -10.232881492429073], [-54.99277131032495, -10.232869547393653]]}}, {"type": "Feature", "properties": {"layer": "Fluxo", "dxf_type": "LINE"}, "geometry": {"type": "LineString", "coordinates": [[-54.99277904083218, -10.232861984955335], [-54.99278555561379, -10.23285561181106]]}}, {"type": "Feature", "properties": {"layer": "Fluxo", "dxf_type": "LINE"}, "geometry": {"type": "LineString", "coordinates": [[-54.99275299406504, -10.232877380806606], [-54.99275591308593, -10.232874526146952]]}}, {"type": "Feature", "properties": {"layer": "Fluxo", "dxf_type": "LINE"}, "geometry": {"type": "LineString", "coordinates": [[-54.9927636435936, -10.23286696370909], [-54.99277652716576, -10.23285435934035]]}}, {"type": "Feature", "properties": {"layer": "Fluxo", "dxf_type": "LINE"}, "geometry": {"type": "LineString", "coordinates": [[-54.99274824636034, -10.232871941558129], [-54.99276112992755, -10.232859338094052]]}}, {"type": "Feature", "properties": {"layer": "Fluxo", "dxf_type": "LINE"}, "geometry": {"type": "LineString", "coordinates": [[-54.99276886043468, -10.232851775655954], [-54.992774254986, -10.232846498387262]]}}, {"type": "Feature", "properties": {"layer": "Fluxo", "dxf_type": "LINE"}, "geometry": {"type": "LineString", "coordinates": [[-54.99274073939979, -10.232869201576086], [-54.99274573269467, -10.23286431594305]]}}, {"type": "Feature", "properties": {"layer": "Fluxo", "dxf_type": "LINE"}, "geometry": {"type": "LineString", "coordinates": [[-54.99275346320224, -10.232856753505413], [-54.9927663476811, -10.232844150046574]]}}, {"type": "Feature", "properties": {"layer": "Fluxo", "dxf_type": "LINE"}, "geometry": {"type": "LineString", "coordinates": [[-54.99273806596376, -10.232861732257932], [-54.99275095044903, -10.232849127895976]]}}, {"type": "Feature", "properties": {"layer": "Fluxo", "dxf_type": "LINE"}, "geometry": {"type": "LineString", "coordinates": [[-54.992758680956065, -10.232841565458115], [-54.99276170374122, -10.232838608391242]]}}, {"type": "Feature", "properties": {"layer": "Fluxo", "dxf_type": "LINE"}, "geometry": {"type": "LineString", "coordinates": [[-54.99272842505649, -10.232861079828112], [-54.99273555321093, -10.232854106648443]]}}, {"type": "Feature", "properties": {"layer": "Fluxo", "dxf_type": "LINE"}, "geometry": {"type": "LineString", "coordinates": [[-54.99274328371839, -10.23284654421104], [-54.99275542903447, -10.232834662946779]]}}, {"type": "Feature", "properties": {"layer": "Fluxo", "dxf_type": "LINE"}, "geometry": {"type": "LineString", "coordinates": [[-54.992727886480374, -10.232851522963148], [-54.99274077096547, -10.232838918601587]]}}, {"type": "Feature", "properties": {"layer": "Fluxo", "dxf_type": "LINE"}, "geometry": {"type": "LineString", "coordinates": [[-54.9927485014724, -10.23283135616396], [-54.99274915340966, -10.23283071840048]]}}, {"type": "Feature", "properties": {"layer": "Fluxo", "dxf_type": "LINE"}, "geometry": {"type": "LineString", "coordinates": [[-54.99271605102378, -10.232853017370465], [-54.99272537372783, -10.232843897353641]]}}, {"type": "Feature", "properties": {"layer": "Fluxo", "dxf_type": "LINE"}, "geometry": {"type": "LineString", "coordinates": [[-54.99273310423519, -10.23283633491647], [-54.992742877790704, -10.23282677295019]]}}, {"type": "Feature", "properties": {"layer": "Fluxo", "dxf_type": "LINE"}, "geometry": {"type": "LineString", "coordinates": [[-54.99270984151693, -10.232849007244946], [-54.99270997649551, -10.232848875200983]]}}, {"type": "Feature", "properties": {"layer": "Fluxo", "dxf_type": "LINE"}, "geometry": {"type": "LineString", "coordinates": [[-54.992717707003315, -10.232841312764275], [-54.99273059057003, -10.232828709301366]]}}, {"type": "Feature", "properties": {"layer": "Fluxo", "dxf_type": "LINE"}, "geometry": {"type": "LineString", "coordinates": [[-54.99270361639479, -10.23284501329362], [-54.99271519333852, -10.23283368714912]]}}, {"type": "Feature", "properties": {"layer": "Fluxo", "dxf_type": "LINE"}, "geometry": {"type": "LineString", "coordinates": [[-54.99272292384578, -10.232826124712188], [-54.99273032746015, -10.232818882958878]]}}, {"type": "Feature", "properties": {"layer": "Fluxo", "dxf_type": "LINE"}, "geometry": {"type": "LineString", "coordinates": [[-54.992697376586975, -10.232841032810445], [-54.99269979610098, -10.232838665899932]]}}, {"type": "Feature", "properties": {"layer": "Fluxo", "dxf_type": "LINE"}, "geometry": {"type": "LineString", "coordinates": [[-54.99270752660868, -10.232831103463461], [-54.99272041109345, -10.232818499102704]]}}, {"type": "Feature", "properties": {"layer": "Fluxo", "dxf_type": "LINE"}, "geometry": {"type": "LineString", "coordinates": [[-54.99269212937122, -10.232836082213913], [-54.99270501385672, -10.232823477853927]]}}, {"type": "Feature", "properties": {"layer": "Fluxo", "dxf_type": "LINE"}, "geometry": {"type": "LineString", "coordinates": [[-54.992712744363885, -10.23281591541723], [-54.992717777135965, -10.232810992063307]]}}, {"type": "Feature", "properties": {"layer": "Fluxo", "dxf_type": "LINE"}, "geometry": {"type": "LineString", "coordinates": [[-54.99269734712724, -10.232820894168093], [-54.992710231611845, -10.23280828980771]]}}, {"type": "Feature", "properties": {"layer": "Fluxo", "dxf_type": "LINE"}, "geometry": {"type": "LineString", "coordinates": [[-54.9992833386891, -10.235699261364962], [-54.99927839796917, -10.235694306405275]]}}, {"type": "Feature", "properties": {"layer": "Fluxo", "dxf_type": "LINE"}, "geometry": {"type": "LineString", "coordinates": [[-54.999298421928565, -10.23572459800666], [-54.99927194082921, -10.235698040586879]]}}, {"type": "Feature", "properties": {"layer": "Fluxo", "dxf_type": "LINE"}, "geometry": {"type": "LineString", "coordinates": [[-54.99929196024798, -10.23572832854499], [-54.99926550091997, -10.235701792048864]]}}, {"type": "Feature", "properties": {"layer": "Fluxo", "dxf_type": "LINE"}, "geometry": {"type": "LineString", "coordinates": [[-54.99928551580378, -10.23573207545978], [-54.99925907732888, -10.23570556078558]]}}, {"type": "Feature", "properties": {"layer": "Fluxo", "dxf_type": "LINE"}, "geometry": {"type": "LineString", "coordinates": [[-54.99927908949718, -10.235735840564429], [-54.99925267097417, -10.235709345898767]]}}, {"type": "Feature", "properties": {"layer": "Fluxo", "dxf_type": "LINE"}, "geometry": {"type": "LineString", "coordinates": [[-54.999272679508735, -10.23573962294381], [-54.99924628184452, -10.23571314919621]]}}, {"type": "Feature", "properties": {"layer": "Fluxo", "dxf_type": "LINE"}, "geometry": {"type": "LineString", "coordinates": [[-54.99926628675669, -10.235743421699686], [-54.999239909044356, -10.235716967960613]]}}, {"type": "Feature", "properties": {"layer": "Fluxo", "dxf_type": "LINE"}, "geometry": {"type": "LineString", "coordinates": [[-54.99925991123535, -10.235747237735904], [-54.9992335534749, -10.235720804005378]]}}, {"type": "Feature", "properties": {"layer": "Fluxo", "dxf_type": "LINE"}, "geometry": {"type": "LineString", "coordinates": [[-54.99925355293906, -10.23575107195636], [-54.99922721513616, -10.235724657330513]]}}, {"type": "Feature", "properties": {"layer": "Fluxo", "dxf_type": "LINE"}, "geometry": {"type": "LineString", "coordinates": [[-54.99924721187916, -10.23575492255331], [-54.99922089220869, -10.235728527020886]]}}, {"type": "Feature", "properties": {"layer": "Fluxo", "dxf_type": "LINE"}, "geometry": {"type": "LineString", "coordinates": [[-54.999240887143074, -10.235758789521112], [-54.99921458742448, -10.235732413997235]]}}, {"type": "Feature", "properties": {"layer": "Fluxo", "dxf_type": "LINE"}, "geometry": {"type": "LineString", "coordinates": [[-54.99923457963204, -10.235762674673165], [-54.99920829805155, -10.235736317338846]]}}, {"type": "Feature", "properties": {"layer": "Fluxo", "dxf_type": "LINE"}, "geometry": {"type": "LineString", "coordinates": [[-54.99922828935738, -10.235766576201684], [-54.99920202591498, -10.235740237056918]]}}, {"type": "Feature", "properties": {"layer": "Fluxo", "dxf_type": "LINE"}, "geometry": {"type": "LineString", "coordinates": [[-54.99922201631344, -10.235770495010586], [-54.99919577100913, -10.23574417405536]]}}, {"type": "Feature", "properties": {"layer": "Fluxo", "dxf_type": "LINE"}, "geometry": {"type": "LineString", "coordinates": [[-54.99921575959331, -10.235774430190329], [-54.99918953151454, -10.235748127419066]]}}, {"type": "Feature", "properties": {"layer": "Fluxo", "dxf_type": "LINE"}, "geometry": {"type": "LineString", "coordinates": [[-54.99920951919135, -10.235778382644844], [-54.999183309256324, -10.235752097159239]]}}, {"type": "Feature", "properties": {"layer": "Fluxo", "dxf_type": "LINE"}, "geometry": {"type": "LineString", "coordinates": [[-54.99920329693265, -10.23578235238533], [-54.999177103321934, -10.235756083270282]]}}, {"type": "Feature", "properties": {"layer": "Fluxo", "dxf_type": "LINE"}, "geometry": {"type": "LineString", "coordinates": [[-54.99919709008522, -10.23578633849109], [-54.99917091370568, -10.235760086656091]]}}, {"type": "Feature", "properties": {"layer": "Fluxo", "dxf_type": "LINE"}, "geometry": {"type": "LineString", "coordinates": [[-54.999190900474154, -10.2357903409733], [-54.99916474041893, -10.23576410550887]]}}, {"type": "Feature", "properties": {"layer": "Fluxo", "dxf_type": "LINE"}, "geometry": {"type": "LineString", "coordinates": [[-54.9991847280938, -10.235794360735905], [-54.999158584362874, -10.235768141642026]]}}, {"type": "Feature", "properties": {"layer": "Fluxo", "dxf_type": "LINE"}, "geometry": {"type": "LineString", "coordinates": [[-54.999178572037266, -10.23579839686937], [-54.99915244371808, -10.235772194140447]]}}, {"type": "Feature", "properties": {"layer": "Fluxo", "dxf_type": "LINE"}, "geometry": {"type": "LineString", "coordinates": [[-54.999172432304555, -10.235802449373692], [-54.999146320315326, -10.235776262111449]]}}, {"type": "Feature", "properties": {"layer": "Fluxo", "dxf_type": "LINE"}, "geometry": {"type": "LineString", "coordinates": [[-54.99916630888999, -10.235806519152797], [-54.99914021231817, -10.235780347351609]]}}, {"type": "Feature", "properties": {"layer": "Fluxo", "dxf_type": "LINE"}, "geometry": {"type": "LineString", "coordinates": [[-54.9991602027118, -10.235810605308375], [-54.99913412155737, -10.235784448968259]]}}, {"type": "Feature", "properties": {"layer": "Fluxo", "dxf_type": "LINE"}, "geometry": {"type": "LineString", "coordinates": [[-54.99915411285176, -10.235814708738719], [-54.999128046207844, -10.235788566950163]]}}, {"type": "Feature", "properties": {"layer": "Fluxo", "dxf_type": "LINE"}, "geometry": {"type": "LineString", "coordinates": [[-54.9991480393212, -10.23581882763604], [-54.99912198718779, -10.23579270039906]]}}, {"type": "Feature", "properties": {"layer": "Fluxo", "dxf_type": "LINE"}, "geometry": {"type": "LineString", "coordinates": [[-54.99914198302135, -10.23582296381374], [-54.99911594539844, -10.235796851128338]]}}, {"type": "Feature", "properties": {"layer": "Fluxo", "dxf_type": "LINE"}, "geometry": {"type": "LineString", "coordinates": [[-54.99913594213276, -10.23582711635671], [-54.99910991902601, -10.235801017318982]]}}, {"type": "Feature", "properties": {"layer": "Fluxo", "dxf_type": "LINE"}, "geometry": {"type": "LineString", "coordinates": [[-54.999129918480534, -10.235831285276157], [-54.999103908064846, -10.235805199874882]]}}, {"type": "Feature", "properties": {"layer": "Fluxo", "dxf_type": "LINE"}, "geometry": {"type": "LineString", "coordinates": [[-54.999123911152125, -10.235835470566489], [-54.99909791434005, -10.235809398807293]]}}, {"type": "Feature", "properties": {"layer": "Fluxo", "dxf_type": "LINE"}, "geometry": {"type": "LineString", "coordinates": [[-54.999117920147526, -10.235839672227703], [-54.9990919360265, -10.235813614104963]]}}, {"type": "Feature", "properties": {"layer": "Fluxo", "dxf_type": "LINE"}, "geometry": {"type": "LineString", "coordinates": [[-54.999111945461074, -10.235843891163675], [-54.99908597495498, -10.23581784487523]]}}, {"type": "Feature", "properties": {"layer": "Fluxo", "dxf_type": "LINE"}, "geometry": {"type": "LineString", "coordinates": [[-54.99910598710411, -10.235848125566646], [-54.999080028376504, -10.23582209290906]]}}, {"type": "Feature", "properties": {"layer": "Fluxo", "dxf_type": "LINE"}, "geometry": {"type": "LineString", "coordinates": [[-54.999100044158396, -10.235852376334872], [-54.99907409904572, -10.235826355511579]]}}, {"type": "Feature", "properties": {"layer": "Fluxo", "dxf_type": "LINE"}, "geometry": {"type": "LineString", "coordinates": [[-54.999094118449044, -10.235856643479618], [-54.99906818512053, -10.235830635383287]]}}, {"type": "Feature", "properties": {"layer": "Fluxo", "dxf_type": "LINE"}, "geometry": {"type": "LineString", "coordinates": [[-54.99908820906351, -10.23586092699523], [-54.9990622875248, -10.235834930721975]]}}, {"type": "Feature", "properties": {"layer": "Fluxo", "dxf_type": "LINE"}, "geometry": {"type": "LineString", "coordinates": [[-54.99908231600178, -10.23586522688172], [-54.99905640534034, -10.235839242425927]]}}, {"type": "Feature", "properties": {"layer": "Fluxo", "dxf_type": "LINE"}, "geometry": {"type": "LineString", "coordinates": [[-54.99907643835131, -10.235869543133488], [-54.999050539485346, -10.235843569596899]]}}, {"type": "Feature", "properties": {"layer": "Fluxo", "dxf_type": "LINE"}, "geometry": {"type": "LineString", "coordinates": [[-54.9990705779372, -10.235873875761754], [-54.99904468995416, -10.235847913138743]]}}, {"type": "Feature", "properties": {"layer": "Fluxo", "dxf_type": "LINE"}, "geometry": {"type": "LineString", "coordinates": [[-54.99906473294002, -10.2358782238514], [-54.99903885583423, -10.235852273045854]]}}, {"type": "Feature", "properties": {"layer": "Fluxo", "dxf_type": "LINE"}, "geometry": {"type": "LineString", "coordinates": [[-54.99905890426098, -10.235882589215826], [-54.99903303804377, -10.235856648419967]]}}, {"type": "Feature", "properties": {"layer": "Fluxo", "dxf_type": "LINE"}, "geometry": {"type": "LineString", "coordinates": [[-54.99905309191141, -10.235886970047257], [-54.999027235670226, -10.23586103925548]]}}, {"type": "Feature", "properties": {"layer": "Fluxo", "dxf_type": "LINE"}, "geometry": {"type": "LineString", "coordinates": [[-54.99904729588564, -10.23589136724956], [-54.999021449620486, -10.23586544646187]]}}, {"type": "Feature", "properties": {"layer": "Fluxo", "dxf_type": "LINE"}, "geometry": {"type": "LineString", "coordinates": [[-54.99904151527113, -10.235895780817152], [-54.99901567898766, -10.235869869129653]]}}, {"type": "Feature", "properties": {"layer": "Fluxo", "dxf_type": "LINE"}, "geometry": {"type": "LineString", "coordinates": [[-54.999035750986096, -10.235900209851733], [-54.99900992376609, -10.235874308162709]]}}, {"type": "Feature", "properties": {"layer": "Fluxo", "dxf_type": "LINE"}, "geometry": {"type": "LineString", "coordinates": [[-54.99903000302487, -10.23590465525723], [-54.999004184868326, -10.235878763566657]]}}, {"type": "Feature", "properties": {"layer": "Fluxo", "dxf_type": "LINE"}, "geometry": {"type": "LineString", "coordinates": [[-54.99902427047489, -10.235909117027974], [-54.998998462305686, -10.235883233533732]]}}, {"type": "Feature", "properties": {"layer": "Fluxo", "dxf_type": "LINE"}, "geometry": {"type": "LineString", "coordinates": [[-54.99901855425438, -10.235913594265748], [-54.99899275424175, -10.235887719860463]]}}, {"type": "Feature", "properties": {"layer": "Fluxo", "dxf_type": "LINE"}, "geometry": {"type": "LineString", "coordinates": [[-54.999012854352, -10.23591808877829], [-54.99898706341416, -10.235892222563711]]}}, {"type": "Feature", "properties": {"layer": "Fluxo", "dxf_type": "LINE"}, "geometry": {"type": "LineString", "coordinates": [[-54.99900717078477, -10.235922597853941], [-54.998981387090936, -10.235896740722726]]}}, {"type": "Feature", "properties": {"layer": "Fluxo", "dxf_type": "LINE"}, "geometry": {"type": "LineString", "coordinates": [[-54.99900150262312, -10.23592712419877], [-54.99897572709718, -10.235901274348757]]}}, {"type": "Feature", "properties": {"layer": "Fluxo", "dxf_type": "LINE"}, "geometry": {"type": "LineString", "coordinates": [[-54.99899584987838, -10.235931666004994], [-54.998970082520344, -10.23590582343619]]}}, {"type": "Feature", "properties": {"layer": "Fluxo", "dxf_type": "LINE"}, "geometry": {"type": "LineString", "coordinates": [[-54.998990214375674, -10.235936223283835], [-54.9989644542673, -10.235910388894512]]}}, {"type": "Feature", "properties": {"layer": "Fluxo", "dxf_type": "LINE"}, "geometry": {"type": "LineString", "coordinates": [[-54.99898459337166, -10.235940796922351], [-54.99895884051862, -10.235914969808602]]}}, {"type": "Feature", "properties": {"layer": "Fluxo", "dxf_type": "LINE"}, "geometry": {"type": "LineString", "coordinates": [[-54.998978989604, -10.235945386937386], [-54.99895324309374, -10.235919567093621]]}}, {"type": "Feature", "properties": {"layer": "Fluxo", "dxf_type": "LINE"}, "geometry": {"type": "LineString", "coordinates": [[-54.99897340125325, -10.235949992413806], [-54.998947662003985, -10.235924178941733]]}}, {"type": "Feature", "properties": {"layer": "Fluxo", "dxf_type": "LINE"}, "geometry": {"type": "LineString", "coordinates": [[-54.998967828313745, -10.235954614255519], [-54.99894209541292, -10.235928807149543]]}}, {"type": "Feature", "properties": {"layer": "Fluxo", "dxf_type": "LINE"}, "geometry": {"type": "LineString", "coordinates": [[-54.99896227170371, -10.235959251564234], [-54.998936545151324, -10.235933450824357]]}}, {"type": "Feature", "properties": {"layer": "Fluxo", "dxf_type": "LINE"}, "geometry": {"type": "LineString", "coordinates": [[-54.99895673050492, -10.235963905238243], [-54.99893101030097, -10.235938110864453]]}}, {"type": "Feature", "properties": {"layer": "Fluxo", "dxf_type": "LINE"}, "geometry": {"type": "LineString", "coordinates": [[-54.9989512056356, -10.235968574379257], [-54.99892549087319, -10.235942785462063]]}}, {"type": "Feature", "properties": {"layer": "Fluxo", "dxf_type": "LINE"}, "geometry": {"type": "LineString", "coordinates": [[-54.99894569709008, -10.235973259891194], [-54.998919987769206, -10.235947476430587]]}}, {"type": "Feature", "properties": {"layer": "Fluxo", "dxf_type": "LINE"}, "geometry": {"type": "LineString", "coordinates": [[-54.99894020396146, -10.235977960864508], [-54.99891449916959, -10.235952182854893]]}}, {"type": "Feature", "properties": {"layer": "Fluxo", "dxf_type": "LINE"}, "geometry": {"type": "LineString", "coordinates": [[-54.9989347262441, -10.235982678203136], [-54.99890902689942, -10.235956904746216]]}}, {"type": "Feature", "properties": {"layer": "Fluxo", "dxf_type": "LINE"}, "geometry": {"type": "LineString", "coordinates": [[-54.998929264856194, -10.235987411008773], [-54.99890357004617, -10.235961642098955]]}}, {"type": "Feature", "properties": {"layer": "Fluxo", "dxf_type": "LINE"}, "geometry": {"type": "LineString", "coordinates": [[-54.998923818885196, -10.2359921592758], [-54.998898128604154, -10.235966395816977]]}}, {"type": "Feature", "properties": {"layer": "Fluxo", "dxf_type": "LINE"}, "geometry": {"type": "LineString", "coordinates": [[-54.99891838832545, -10.23599692390813], [-54.99889270258472, -10.235971164092508]]}}, {"type": "Feature", "properties": {"layer": "Fluxo", "dxf_type": "LINE"}, "geometry": {"type": "LineString", "coordinates": [[-54.99891297409517, -10.236001704007483], [-54.99888729288907, -10.235975948738954]]}}, {"type": "Feature", "properties": {"layer": "Fluxo", "dxf_type": "LINE"}, "geometry": {"type": "LineString", "coordinates": [[-54.99890757618867, -10.236006500477737], [-54.99888189769778, -10.2359807488412]]}}, {"type": "Feature", "properties": {"layer": "Fluxo", "dxf_type": "LINE"}, "geometry": {"type": "LineString", "coordinates": [[-54.998902193699095, -10.236011312409403], [-54.99887651883594, -10.235985564410457]]}}, {"type": "Feature", "properties": {"layer": "Fluxo", "dxf_type": "LINE"}, "geometry": {"type": "LineString", "coordinates": [[-54.99889682662076, -10.236016140706356], [-54.99887115539102, -10.235990395441133]]}}, {"type": "Feature", "properties": {"layer": "Fluxo", "dxf_type": "LINE"}, "geometry": {"type": "LineString", "coordinates": [[-54.99889147495932, -10.236020984464723], [-54.998865807362996, -10.235995241933205]]}}, {"type": "Feature", "properties": {"layer": "Fluxo", "dxf_type": "LINE"}, "geometry": {"type": "LineString", "coordinates": [[-54.99888613962735, -10.23602584369012], [-54.998860474746216, -10.236000104790582]]}}, {"type": "Feature", "properties": {"layer": "Fluxo", "dxf_type": "LINE"}, "geometry": {"type": "LineString", "coordinates": [[-54.99888082061918, -10.236030719286418], [-54.99885515755201, -10.236004982205477]]}}, {"type": "Feature", "properties": {"layer": "Fluxo", "dxf_type": "LINE"}, "geometry": {"type": "LineString", "coordinates": [[-54.998875516115355, -10.236035610338522], [-54.99884985576904, -10.236009875985676]]}}, {"type": "Feature", "properties": {"layer": "Fluxo", "dxf_type": "LINE"}, "geometry": {"type": "LineString", "coordinates": [[-54.99887022885355, -10.236040516863254], [-54.99884457032118, -10.236014784329019]]}}, {"type": "Feature", "properties": {"layer": "Fluxo", "dxf_type": "LINE"}, "geometry": {"type": "LineString", "coordinates": [[-54.99886495609042, -10.236045439747677], [-54.99883929937203, -10.236019709032043]]}}, {"type": "Feature", "properties": {"layer": "Fluxo", "dxf_type": "LINE"}, "geometry": {"type": "LineString", "coordinates": [[-54.998859699656755, -10.236050378099138], [-54.998834044752314, -10.236024649202099]]}}, {"type": "Feature", "properties": {"layer": "Fluxo", "dxf_type": "LINE"}, "geometry": {"type": "LineString", "coordinates": [[-54.998854458640004, -10.236055331911999], [-54.998828804636965, -10.23602960482795]]}}, {"type": "Feature", "properties": {"layer": "Fluxo", "dxf_type": "LINE"}, "geometry": {"type": "LineString", "coordinates": [[-54.99884923303449, -10.236060302090156], [-54.99882358085106, -10.236034575920835]]}}, {"type": "Feature", "properties": {"layer": "Fluxo", "dxf_type": "LINE"}, "geometry": {"type": "LineString", "coordinates": [[-54.99884402375842, -10.236065287735364], [-54.99881837248206, -10.236039562475124]]}}, {"type": "Feature", "properties": {"layer": "Fluxo", "dxf_type": "LINE"}, "geometry": {"type": "LineString", "coordinates": [[-54.9988388298936, -10.236070289745864], [-54.99881317861742, -10.236044564485228]]}}, {"type": "Feature", "properties": {"layer": "Fluxo", "dxf_type": "LINE"}, "geometry": {"type": "LineString", "coordinates": [[-54.998833652358236, -10.236075307223388], [-54.998808001082224, -10.236049581962352]]}}, {"type": "Feature", "properties": {"layer": "Fluxo", "dxf_type": "LINE"}, "geometry": {"type": "LineString", "coordinates": [[-54.998828045859845, -10.236079895410294], [-54.998802182378384, -10.236053956421506]]}}, {"type": "Feature", "properties": {"layer": "Fluxo", "dxf_type": "LINE"}, "geometry": {"type": "LineString", "coordinates": [[-54.99882224892085, -10.236084291697802], [-54.9987964307783, -10.236058399087558]]}}, {"type": "Feature", "properties": {"layer": "Fluxo", "dxf_type": "LINE"}, "geometry": {"type": "LineString", "coordinates": [[-54.99881652997392, -10.236088766202327], [-54.99879075173462, -10.236062913609738]]}}, {"type": "Feature", "properties": {"layer": "Fluxo", "dxf_type": "LINE"}, "geometry": {"type": "LineString", "coordinates": [[-54.99881088811217, -10.236093318014374], [-54.99878514524166, -10.236067500891963]]}}, {"type": "Feature", "properties": {"layer": "Fluxo", "dxf_type": "LINE"}, "geometry": {"type": "LineString", "coordinates": [[-54.998805324236805, -10.23609794894736], [-54.99877961039256, -10.236072160024692]]}}, {"type": "Feature", "properties": {"layer": "Fluxo", "dxf_type": "LINE"}, "geometry": {"type": "LineString", "coordinates": [[-54.998799837452275, -10.23610265628399], [-54.9987741471873, -10.23607689100797]]}}, {"type": "Feature", "properties": {"layer": "Fluxo", "dxf_type": "LINE"}, "geometry": {"type": "LineString", "coordinates": [[-54.99879442775293, -10.236107440928167], [-54.998768754713325, -10.236081693836168]]}}, {"type": "Feature", "properties": {"layer": "Fluxo", "dxf_type": "LINE"}, "geometry": {"type": "LineString", "coordinates": [[-54.99878909423186, -10.236112301970392], [-54.99876343479575, -10.236086568520513]]}}, {"type": "Feature", "properties": {"layer": "Fluxo", "dxf_type": "LINE"}, "geometry": {"type": "LineString", "coordinates": [[-54.998783837795955, -10.236117240320173], [-54.99875818470256, -10.236091514140279]]}}, {"type": "Feature", "properties": {"layer": "Fluxo", "dxf_type": "LINE"}, "geometry": {"type": "LineString", "coordinates": [[-54.99877865753267, -10.236122255971887], [-54.99875300625321, -10.236096531610595]]}}, {"type": "Feature", "properties": {"layer": "Fluxo", "dxf_type": "LINE"}, "geometry": {"type": "LineString", "coordinates": [[-54.998773553447656, -10.236127348021657], [-54.99874789945903, -10.236101619123694]]}}, {"type": "Feature", "properties": {"layer": "Fluxo", "dxf_type": "LINE"}, "geometry": {"type": "LineString", "coordinates": [[-54.99876852645347, -10.23613251647509], [-54.998742863390476, -10.236106779385617]]}}, {"type": "Feature", "properties": {"layer": "Fluxo", "dxf_type": "LINE"}, "geometry": {"type": "LineString", "coordinates": [[-54.99876357654445, -10.236137762236105], [-54.998737898971406, -10.236112010594205]]}}, {"type": "Feature", "properties": {"layer": "Fluxo", "dxf_type": "LINE"}, "geometry": {"type": "LineString", "coordinates": [[-54.998758702813696, -10.23614308439518], [-54.99873300528929, -10.23611731274385]]}}, {"type": "Feature", "properties": {"layer": "Fluxo", "dxf_type": "LINE"}, "geometry": {"type": "LineString", "coordinates": [[-54.9987539061681, -10.236148483861829], [-54.998728183245326, -10.236122687647939]]}}, {"type": "Feature", "properties": {"layer": "Fluxo", "dxf_type": "LINE"}, "geometry": {"type": "LineString", "coordinates": [[-54.998749186602005, -10.23615396153993], [-54.99872343285086, -10.2361281334987]]}}, {"type": "Feature", "properties": {"layer": "Fluxo", "dxf_type": "LINE"}, "geometry": {"type": "LineString", "coordinates": [[-54.99874454412672, -10.236159515621724], [-54.99871875500712, -10.236133652109547]]}}, {"type": "Feature", "properties": {"layer": "Fluxo", "dxf_type": "LINE"}, "geometry": {"type": "LineString", "coordinates": [[-54.99873997963782, -10.236165148824508], [-54.998714148807196, -10.236139242570962]]}}, {"type": "Feature", "properties": {"layer": "Fluxo", "dxf_type": "LINE"}, "geometry": {"type": "LineString", "coordinates": [[-54.998735494053506, -10.236170860249981], [-54.99870961515232, -10.236144906696339]]}}, {"type": "Feature", "properties": {"layer": "Fluxo", "dxf_type": "LINE"}, "geometry": {"type": "LineString", "coordinates": [[-54.99873108736813, -10.236176650802046], [-54.99870515405382, -10.236150642677915]]}}, {"type": "Feature", "properties": {"layer": "Fluxo", "dxf_type": "LINE"}, "geometry": {"type": "LineString", "coordinates": [[-54.998726758669115, -10.236182520475078], [-54.99870076640726, -10.23615645323296]]}}, {"type": "Feature", "properties": {"layer": "Fluxo", "dxf_type": "LINE"}, "geometry": {"type": "LineString", "coordinates": [[-54.998722510688474, -10.236188470189841], [-54.99869645313085, -10.236162337463202]]}}, {"type": "Feature", "properties": {"layer": "Fluxo", "dxf_type": "LINE"}, "geometry": {"type": "LineString", "coordinates": [[-54.99871834342053, -10.23619450085021], [-54.99869221330636, -10.236168296266928]]}}, {"type": "Feature", "properties": {"layer": "Fluxo", "dxf_type": "LINE"}, "geometry": {"type": "LineString", "coordinates": [[-54.99871425685961, -10.236200613360092], [-54.998688049671465, -10.236174329660972]]}}, {"type": "Feature", "properties": {"layer": "Fluxo", "dxf_type": "LINE"}, "geometry": {"type": "LineString", "coordinates": [[-54.99871025283083, -10.236206807730682], [-54.99868396038972, -10.2361804394419]]}}, {"type": "Feature", "properties": {"layer": "Fluxo", "dxf_type": "LINE"}, "geometry": {"type": "LineString", "coordinates": [[-54.99870633132853, -10.236213084865907], [-54.99867994728623, -10.236186625620945]]}}, {"type": "Feature", "properties": {"layer": "Fluxo", "dxf_type": "LINE"}, "geometry": {"type": "LineString", "coordinates": [[-54.99870249416646, -10.236219446584752], [-54.9986760121861, -10.23619288820931]]}}, {"type": "Feature", "properties": {"layer": "Fluxo", "dxf_type": "LINE"}, "geometry": {"type": "LineString", "coordinates": [[-54.99869874134465, -10.236225892887235], [-54.99867215416544, -10.23619922900918]]}}, {"type": "Feature", "properties": {"layer": "Fluxo", "dxf_type": "LINE"}, "geometry": {"type": "LineString", "coordinates": [[-54.99869507375862, -10.236232426490623], [-54.99866837413114, -10.236205648930065]]}}, {"type": "Feature", "properties": {"layer": "Fluxo", "dxf_type": "LINE"}, "geometry": {"type": "LineString", "coordinates": [[-54.998691494151714, -10.236239046507887], [-54.998664673902645, -10.236212148887082]]}}, {"type": "Feature", "properties": {"layer": "Fluxo", "dxf_type": "LINE"}, "geometry": {"type": "LineString", "coordinates": [[-54.998688003425166, -10.236245754752419], [-54.99866105439251, -10.23621872888584]]}}, {"type": "Feature", "properties": {"layer": "Fluxo", "dxf_type": "LINE"}, "geometry": {"type": "LineString", "coordinates": [[-54.99868460156195, -10.2362525539359], [-54.998657516496266, -10.236225391643638]]}}, {"type": "Feature", "properties": {"layer": "Fluxo", "dxf_type": "LINE"}, "geometry": {"type": "LineString", "coordinates": [[-54.99868129129973, -10.23625944407514], [-54.998654062044714, -10.236232136267802]]}}, {"type": "Feature", "properties": {"layer": "Fluxo", "dxf_type": "LINE"}, "geometry": {"type": "LineString", "coordinates": [[-54.99867807353408, -10.236266427887434], [-54.99865069010829, -10.236238965464386]]}}, {"type": "Feature", "properties": {"layer": "Fluxo", "dxf_type": "LINE"}, "geometry": {"type": "LineString", "coordinates": [[-54.998674950996985, -10.236273506293545], [-54.998647404331535, -10.236245880159728]]}}, {"type": "Feature", "properties": {"layer": "Fluxo", "dxf_type": "LINE"}, "geometry": {"type": "LineString", "coordinates": [[-54.998671924589665, -10.23628068110682], [-54.998644205615676, -10.236252882167259]]}}, {"type": "Feature", "properties": {"layer": "Fluxo", "dxf_type": "LINE"}, "geometry": {"type": "LineString", "coordinates": [[-54.998668996120216, -10.236287955050196], [-54.99864109395504, -10.236259972390831]]}}, {"type": "Feature", "properties": {"layer": "Fluxo", "dxf_type": "LINE"}, "geometry": {"type": "LineString", "coordinates": [[-54.99866616922753, -10.236295329953888], [-54.99863807298852, -10.2362671526607]]}}, {"type": "Feature", "properties": {"layer": "Fluxo", "dxf_type": "LINE"}, "geometry": {"type": "LineString", "coordinates": [[-54.998663444812834, -10.236302807631292], [-54.99863514361732, -10.236274424790263]]}}, {"type": "Feature", "properties": {"layer": "Fluxo", "dxf_type": "LINE"}, "geometry": {"type": "LineString", "coordinates": [[-54.99866082559677, -10.236310390810928], [-54.99863230674268, -10.236281790592903]]}}, {"type": "Feature", "properties": {"layer": "Fluxo", "dxf_type": "LINE"}, "geometry": {"type": "LineString", "coordinates": [[-54.99865831429435, -10.236318083125173], [-54.998629566003466, -10.23628925189885]]}}, {"type": "Feature", "properties": {"layer": "Fluxo", "dxf_type": "LINE"}, "geometry": {"type": "LineString", "coordinates": [[-54.9986559136319, -10.236325886398676], [-54.99862692230091, -10.23629681052153]]}}, {"type": "Feature", "properties": {"layer": "Fluxo", "dxf_type": "LINE"}, "geometry": {"type": "LineString", "coordinates": [[-54.99865362724264, -10.236333803365543], [-54.998624378349994, -10.236304470093298]]}}, {"type": "Feature", "properties": {"layer": "Fluxo", "dxf_type": "LINE"}, "geometry": {"type": "LineString", "coordinates": [[-54.998651458748434, -10.236341838567688], [-54.998621936882714, -10.236312231534924]]}}, {"type": "Feature", "properties": {"layer": "Fluxo", "dxf_type": "LINE"}, "geometry": {"type": "LineString", "coordinates": [[-54.99864941086429, -10.236349995637516], [-54.99861959970153, -10.236320098473168]]}}, {"type": "Feature", "properties": {"layer": "Fluxo", "dxf_type": "LINE"}, "geometry": {"type": "LineString", "coordinates": [[-54.99864748813599, -10.236358277314725], [-54.99861737044531, -10.236328072738283]]}}, {"type": "Feature", "properties": {"layer": "Fluxo", "dxf_type": "LINE"}, "geometry": {"type": "LineString", "coordinates": [[-54.99864569509228, -10.236366689050769], [-54.99861525182904, -10.236336157962658]]}}, {"type": "Feature", "properties": {"layer": "Fluxo", "dxf_type": "LINE"}, "geometry": {"type": "LineString", "coordinates": [[-54.99864403535506, -10.236375235387518], [-54.998613247480286, -10.236344357784299]]}}, {"type": "Feature", "properties": {"layer": "Fluxo", "dxf_type": "LINE"}, "geometry": {"type": "LineString", "coordinates": [[-54.99864251528386, -10.236383920883743], [-54.99861136011403, -10.236352675835636]]}}, {"type": "Feature", "properties": {"layer": "Fluxo", "dxf_type": "LINE"}, "geometry": {"type": "LineString", "coordinates": [[-54.99864114031436, -10.236392751900324], [-54.99860959427606, -10.23636111485637]]}}, {"type": "Feature", "properties": {"layer": "Fluxo", "dxf_type": "LINE"}, "geometry": {"type": "LineString", "coordinates": [[-54.99863991588787, -10.236401733894287], [-54.99860795449513, -10.236369680297928]]}}, {"type": "Feature", "properties": {"layer": "Fluxo", "dxf_type": "LINE"}, "geometry": {"type": "LineString", "coordinates": [[-54.99863884925383, -10.23641087504555], [-54.99860644348624, -10.23637837579272]]}}, {"type": "Feature", "properties": {"layer": "Fluxo", "dxf_type": "LINE"}, "geometry": {"type": "LineString", "coordinates": [[-54.99863794858555, -10.236420181731845], [-54.99860506760893, -10.236387205899447]]}}, {"type": "Feature", "properties": {"layer": "Fluxo", "dxf_type": "LINE"}, "geometry": {"type": "LineString", "coordinates": [[-54.99863722113247, -10.236429662133105], [-54.99860383229887, -10.236396176979063]]}}, {"type": "Feature", "properties": {"layer": "Fluxo", "dxf_type": "LINE"}, "geometry": {"type": "LineString", "coordinates": [[-54.99863667596347, -10.236439325344348], [-54.99860274208482, -10.236405294482955]]}}, {"type": "Feature", "properties": {"layer": "Fluxo", "dxf_type": "LINE"}, "geometry": {"type": "LineString", "coordinates": [[-54.99863632395552, -10.236449183183506], [-54.9986018051401, -10.236414564788866]]}}, {"type": "Feature", "properties": {"layer": "Fluxo", "dxf_type": "LINE"}, "geometry": {"type": "LineString", "coordinates": [[-54.998636177816394, -10.23645924657584], [-54.99860102690038, -10.236423994257708]]}}, {"type": "Feature", "properties": {"layer": "Fluxo", "dxf_type": "LINE"}, "geometry": {"type": "LineString", "coordinates": [[-54.998636249329955, -10.236469528248755], [-54.99860041552196, -10.236433591978878]]}}, {"type": "Feature", "properties": {"layer": "Fluxo", "dxf_type": "LINE"}, "geometry": {"type": "LineString", "coordinates": [[-54.99863655391329, -10.236480043663814], [-54.99859998099763, -10.236443365245288]]}}, {"type": "Feature", "properties": {"layer": "Fluxo", "dxf_type": "LINE"}, "geometry": {"type": "LineString", "coordinates": [[-54.998637107884726, -10.236490810095951], [-54.998599730559796, -10.236453324948473]]}}, {"type": "Feature", "properties": {"layer": "Fluxo", "dxf_type": "LINE"}, "geometry": {"type": "LineString", "coordinates": [[-54.99863793302087, -10.236501847565448], [-54.9985996769219, -10.23646348110981]]}}, {"type": "Feature", "properties": {"layer": "Fluxo", "dxf_type": "LINE"}, "geometry": {"type": "LineString", "coordinates": [[-54.99863905016883, -10.236513178798639], [-54.99859983095526, -10.23647384645114]]}}, {"type": "Feature", "properties": {"layer": "Fluxo", "dxf_type": "LINE"}, "geometry": {"type": "LineString", "coordinates": [[-54.998640487453436, -10.236524830182352], [-54.9986002062745, -10.236484432807208]]}}, {"type": "Feature", "properties": {"layer": "Fluxo", "dxf_type": "LINE"}, "geometry": {"type": "LineString", "coordinates": [[-54.99864227751699, -10.236536835362545], [-54.998600819197954, -10.236495257452953]]}}, {"type": "Feature", "properties": {"layer": "Fluxo", "dxf_type": "LINE"}, "geometry": {"type": "LineString", "coordinates": [[-54.998644458443096, -10.236549233442213], [-54.998601686043926, -10.236506337663307]]}}, {"type": "Feature", "properties": {"layer": "Fluxo", "dxf_type": "LINE"}, "geometry": {"type": "LineString", "coordinates": [[-54.99864707740125, -10.236562069907743], [-54.99860282858904, -10.236517693458573]]}}, {"type": "Feature", "properties": {"layer": "Fluxo", "dxf_type": "LINE"}, "geometry": {"type": "LineString", "coordinates": [[-54.99865019332781, -10.236575405684553], [-54.99860426949417, -10.236529349384089]]}}, {"type": "Feature", "properties": {"layer": "Fluxo", "dxf_type": "LINE"}, "geometry": {"type": "LineString", "coordinates": [[-54.99865388241834, -10.236589314459184], [-54.9986060377967, -10.236541331832274]]}}, {"type": "Feature", "properties": {"layer": "Fluxo", "dxf_type": "LINE"}, "geometry": {"type": "LineString", "coordinates": [[-54.99865824078027, -10.236603896254453], [-54.998608164308145, -10.236553675341776]]}}, {"type": "Feature", "properties": {"layer": "Fluxo", "dxf_type": "LINE"}, "geometry": {"type": "LineString", "coordinates": [[-54.99866340174309, -10.236619282055571], [-54.998610691669235, -10.236566419947549]]}}, {"type": "Feature", "properties": {"layer": "Fluxo", "dxf_type": "LINE"}, "geometry": {"type": "LineString", "coordinates": [[-54.998671043949095, -10.236637156255567], [-54.99861366611989, -10.23657961384202]]}}, {"type": "Feature", "properties": {"layer": "Fluxo", "dxf_type": "LINE"}, "geometry": {"type": "LineString", "coordinates": [[-54.99868307457674, -10.236659432441993], [-54.998617149339815, -10.236593317063555]]}}, {"type": "Feature", "properties": {"layer": "Fluxo", "dxf_type": "LINE"}, "geometry": {"type": "LineString", "coordinates": [[-54.99868985886355, -10.2366764471564], [-54.99862121749622, -10.236607607818176]]}}, {"type": "Feature", "properties": {"layer": "Fluxo", "dxf_type": "LINE"}, "geometry": {"type": "LineString", "coordinates": [[-54.99869421451264, -10.236691025319262], [-54.998625972177535, -10.23662258525851]]}}, {"type": "Feature", "properties": {"layer": "Fluxo", "dxf_type": "LINE"}, "geometry": {"type": "LineString", "coordinates": [[-54.998697056567195, -10.23670408552249], [-54.99863154667357, -10.236638386696953]]}}, {"type": "Feature", "properties": {"layer": "Fluxo", "dxf_type": "LINE"}, "geometry": {"type": "LineString", "coordinates": [[-54.9986988230479, -10.23671606795967], [-54.99864146244348, -10.236658541020422]]}}, {"type": "Feature", "properties": {"layer": "Fluxo", "dxf_type": "LINE"}, "geometry": {"type": "LineString", "coordinates": [[-54.99869976608064, -10.236727223664708], [-54.99865197221979, -10.236679291971862]]}}, {"type": "Feature", "properties": {"layer": "Fluxo", "dxf_type": "LINE"}, "geometry": {"type": "LineString", "coordinates": [[-54.99870004436496, -10.236737712704421], [-54.99865750591339, -10.236695051578737]]}}, {"type": "Feature", "properties": {"layer": "Fluxo", "dxf_type": "LINE"}, "geometry": {"type": "LineString", "coordinates": [[-54.998699766727285, -10.236747644219097], [-54.99866076422759, -10.236708529243682]]}}, {"type": "Feature", "properties": {"layer": "Fluxo", "dxf_type": "LINE"}, "geometry": {"type": "LineString", "coordinates": [[-54.99869901115421, -10.236757097329848], [-54.99866260326352, -10.236720583537117]]}}, {"type": "Feature", "properties": {"layer": "Fluxo", "dxf_type": "LINE"}, "geometry": {"type": "LineString", "coordinates": [[-54.99869783751162, -10.236766130256024], [-54.99866343020773, -10.236731623729593]]}}, {"type": "Feature", "properties": {"layer": "Fluxo", "dxf_type": "LINE"}, "geometry": {"type": "LineString", "coordinates": [[-54.998696289324414, -10.236774787557632], [-54.99866347632769, -10.236741879936435]]}}, {"type": "Feature", "properties": {"layer": "Fluxo", "dxf_type": "LINE"}, "geometry": {"type": "LineString", "coordinates": [[-54.998694402868075, -10.236783105614789], [-54.99866288853342, -10.23675150040098]]}}, {"type": "Feature", "properties": {"layer": "Fluxo", "dxf_type": "LINE"}, "geometry": {"type": "LineString", "coordinates": [[-54.99869220534354, -10.236791112616414], [-54.99866176658245, -10.236760585168497]]}}, {"type": "Feature", "properties": {"layer": "Fluxo", "dxf_type": "LINE"}, "geometry": {"type": "LineString", "coordinates": [[-54.998689720341204, -10.236798830401808], [-54.998660180299424, -10.23676920517453]]}}, {"type": "Feature", "properties": {"layer": "Fluxo", "dxf_type": "LINE"}, "geometry": {"type": "LineString", "coordinates": [[-54.99868696598749, -10.236806278968784], [-54.99865818410321, -10.236777414085381]]}}, {"type": "Feature", "properties": {"layer": "Fluxo", "dxf_type": "LINE"}, "geometry": {"type": "LineString", "coordinates": [[-54.99868395861767, -10.236813472880614], [-54.99865581790252, -10.236785251015228]]}}, {"type": "Feature", "properties": {"layer": "Fluxo", "dxf_type": "LINE"}, "geometry": {"type": "LineString", "coordinates": [[-54.99868071092252, -10.236820425774207], [-54.99865311252582, -10.236792747791052]]}}, {"type": "Feature", "properties": {"layer": "Fluxo", "dxf_type": "LINE"}, "geometry": {"type": "LineString", "coordinates": [[-54.99867723378468, -10.23682714856357], [-54.9986500924534, -10.23679992987331]]}}, {"type": "Feature", "properties": {"layer": "Fluxo", "dxf_type": "LINE"}, "geometry": {"type": "LineString", "coordinates": [[-54.99867353536046, -10.23683365033812], [-54.99864677764812, -10.236806815463238]]}}, {"type": "Feature", "properties": {"layer": "Fluxo", "dxf_type": "LINE"}, "geometry": {"type": "LineString", "coordinates": [[-54.9986696229163, -10.236839936566101], [-54.99864318352137, -10.236813420926302]]}}, {"type": "Feature", "properties": {"layer": "Fluxo", "dxf_type": "LINE"}, "geometry": {"type": "LineString", "coordinates": [[-54.99866550370163, -10.236846015427409], [-54.99863932276958, -10.23681975899551]]}}, {"type": "Feature", "properties": {"layer": "Fluxo", "dxf_type": "LINE"}, "geometry": {"type": "LineString", "coordinates": [[-54.998661181338335, -10.236851891463912], [-54.99863520354907, -10.236825838760266]]}}, {"type": "Feature", "properties": {"layer": "Fluxo", "dxf_type": "LINE"}, "geometry": {"type": "LineString", "coordinates": [[-54.99865666037218, -10.236857567415381], [-54.99863083494005, -10.23683166750781]]}}, {"type": "Feature", "properties": {"layer": "Fluxo", "dxf_type": "LINE"}, "geometry": {"type": "LineString", "coordinates": [[-54.99865194351816, -10.23686304691417], [-54.99862622237818, -10.236837251599024]]}}, {"type": "Feature", "properties": {"layer": "Fluxo", "dxf_type": "LINE"}, "geometry": {"type": "LineString", "coordinates": [[-54.998647031677514, -10.236868331773668], [-54.998621368584104, -10.236842593762422]]}}, {"type": "Feature", "properties": {"layer": "Fluxo", "dxf_type": "LINE"}, "geometry": {"type": "LineString", "coordinates": [[-54.99864192758222, -10.236873422914602], [-54.99861627536596, -10.236847696720885]]}}, {"type": "Feature", "properties": {"layer": "Fluxo", "dxf_type": "LINE"}, "geometry": {"type": "LineString", "coordinates": [[-54.99862989110043, -10.236881772542542], [-54.998603620387655, -10.236855426067057]]}}, {"type": "Feature", "properties": {"layer": "Fluxo", "dxf_type": "LINE"}, "geometry": {"type": "LineString", "coordinates": [[-54.99862360805101, -10.23688568132955], [-54.998597579477504, -10.23685957769084]]}}, {"type": "Feature", "properties": {"layer": "Fluxo", "dxf_type": "LINE"}, "geometry": {"type": "LineString", "coordinates": [[-54.99861760432279, -10.236889870243251], [-54.998591755307594, -10.236863947589551]]}}, {"type": "Feature", "properties": {"layer": "Fluxo", "dxf_type": "LINE"}, "geometry": {"type": "LineString", "coordinates": [[-54.99861187265496, -10.236894332911541], [-54.99858614517426, -10.236868530323008]]}}, {"type": "Feature", "properties": {"layer": "Fluxo", "dxf_type": "LINE"}, "geometry": {"type": "LineString", "coordinates": [[-54.99860640852444, -10.23689906297913], [-54.99858074542727, -10.236873325868766]]}}, {"type": "Feature", "properties": {"layer": "Fluxo", "dxf_type": "LINE"}, "geometry": {"type": "LineString", "coordinates": [[-54.998601209204864, -10.236904058621406], [-54.99857555517108, -10.23687833150956]]}}, {"type": "Feature", "properties": {"layer": "Fluxo", "dxf_type": "LINE"}, "geometry": {"type": "LineString", "coordinates": [[-54.99859627378368, -10.236909319832774], [-54.99857057532389, -10.23688354634712]]}}, {"type": "Feature", "properties": {"layer": "Fluxo", "dxf_type": "LINE"}, "geometry": {"type": "LineString", "coordinates": [[-54.998591605905446, -10.236914847539582], [-54.99856580495615, -10.236888973087524]]}}, {"type": "Feature", "properties": {"layer": "Fluxo", "dxf_type": "LINE"}, "geometry": {"type": "LineString", "coordinates": [[-54.99858720736126, -10.236920647176417], [-54.99856124771241, -10.236894612657109]]}}, {"type": "Feature", "properties": {"layer": "Fluxo", "dxf_type": "LINE"}, "geometry": {"type": "LineString", "coordinates": [[-54.99858308541754, -10.236926724211537], [-54.99855690630767, -10.236900468688273]]}}, {"type": "Feature", "properties": {"layer": "Fluxo", "dxf_type": "LINE"}, "geometry": {"type": "LineString", "coordinates": [[-54.99857925006141, -10.236933086841688], [-54.9985527834569, -10.236906544813454]]}}, {"type": "Feature", "properties": {"layer": "Fluxo", "dxf_type": "LINE"}, "geometry": {"type": "LineString", "coordinates": [[-54.99857571124028, -10.236939749590881], [-54.99854888733344, -10.236912847410379]]}}, {"type": "Feature", "properties": {"layer": "Fluxo", "dxf_type": "LINE"}, "geometry": {"type": "LineString", "coordinates": [[-54.998572488032785, -10.236946726135338], [-54.998545223367266, -10.236919383743873]]}}, {"type": "Feature", "properties": {"layer": "Fluxo", "dxf_type": "LINE"}, "geometry": {"type": "LineString", "coordinates": [[-54.99856959764146, -10.236954038275057], [-54.99854180154549, -10.236926162010686]]}}, {"type": "Feature", "properties": {"layer": "Fluxo", "dxf_type": "LINE"}, "geometry": {"type": "LineString", "coordinates": [[-54.99856706910372, -10.2369617124025], [-54.99853863274509, -10.236933194028754]]}}, {"type": "Feature", "properties": {"layer": "Fluxo", "dxf_type": "LINE"}, "geometry": {"type": "LineString", "coordinates": [[-54.99856493596874, -10.236969783073175], [-54.99853572966247, -10.23694049253113]]}}, {"type": "Feature", "properties": {"layer": "Fluxo", "dxf_type": "LINE"}, "geometry": {"type": "LineString", "coordinates": [[-54.99856324266833, -10.23697829575659], [-54.99853310952852, -10.236948074798384]]}}, {"type": "Feature", "properties": {"layer": "Fluxo", "dxf_type": "LINE"}, "geometry": {"type": "LineString", "coordinates": [[-54.998562049975334, -10.236987309581732], [-54.99853079138221, -10.23695596083397]]}}, {"type": "Feature", "properties": {"layer": "Fluxo", "dxf_type": "LINE"}, "geometry": {"type": "LineString", "coordinates": [[-54.998561443131514, -10.236996910945729], [-54.99852880153461, -10.236964175205706]]}}, {"type": "Feature", "properties": {"layer": "Fluxo", "dxf_type": "LINE"}, "geometry": {"type": "LineString", "coordinates": [[-54.99856154275294, -10.2370072208125], [-54.998527169901664, -10.236972749734978]]}}, {"type": "Feature", "properties": {"layer": "Fluxo", "dxf_type": "LINE"}, "geometry": {"type": "LineString", "coordinates": [[-54.998562535658515, -10.237018426539667], [-54.998525937304684, -10.236981723541652]]}}, {"type": "Feature", "properties": {"layer": "Fluxo", "dxf_type": "LINE"}, "geometry": {"type": "LineString", "coordinates": [[-54.998571047563175, -10.237037173859552], [-54.998525153616804, -10.236991147552308]]}}, {"type": "Feature", "properties": {"layer": "Fluxo", "dxf_type": "LINE"}, "geometry": {"type": "LineString", "coordinates": [[-54.998578402280025, -10.237054760653669], [-54.998524886854604, -10.237001089979648]]}}, {"type": "Feature", "properties": {"layer": "Fluxo", "dxf_type": "LINE"}, "geometry": {"type": "LineString", "coordinates": [[-54.99858293839621, -10.237069519808799], [-54.99852523042186, -10.237011645406414]]}}, {"type": "Feature", "properties": {"layer": "Fluxo", "dxf_type": "LINE"}, "geometry": {"type": "LineString", "coordinates": [[-54.99858581490814, -10.237082614573605], [-54.9985263185493, -10.237022946631253]]}}, {"type": "Feature", "properties": {"layer": "Fluxo", "dxf_type": "LINE"}, "geometry": {"type": "LineString", "coordinates": [[-54.998588407428386, -10.23710563448554], [-54.99854020271599, -10.237057291668823]]}}, {"type": "Feature", "properties": {"layer": "Fluxo", "dxf_type": "LINE"}, "geometry": {"type": "LineString", "coordinates": [[-54.9985885795954, -10.237116018016547], [-54.998546177154026, -10.23707349329592]]}}, {"type": "Feature", "properties": {"layer": "Fluxo", "dxf_type": "LINE"}, "geometry": {"type": "LineString", "coordinates": [[-54.998588177702366, -10.237125825832184], [-54.99854952251962, -10.237087059177696]]}}, {"type": "Feature", "properties": {"layer": "Fluxo", "dxf_type": "LINE"}, "geometry": {"type": "LineString", "coordinates": [[-54.99858728610113, -10.237135140708435], [-54.99855131983381, -10.237099071633978]]}}, {"type": "Feature", "properties": {"layer": "Fluxo", "dxf_type": "LINE"}, "geometry": {"type": "LineString", "coordinates": [[-54.998585963716714, -10.237144025378555], [-54.99855204157926, -10.237110005419707]]}}, {"type": "Feature", "properties": {"layer": "Fluxo", "dxf_type": "LINE"}, "geometry": {"type": "LineString", "coordinates": [[-54.99858425953804, -10.237152526244019], [-54.9985519453063, -10.237120119737611]]}}, {"type": "Feature", "properties": {"layer": "Fluxo", "dxf_type": "LINE"}, "geometry": {"type": "LineString", "coordinates": [[-54.998582208928056, -10.23716067967932], [-54.998551191545346, -10.237129573761917]]}}, {"type": "Feature", "properties": {"layer": "Fluxo", "dxf_type": "LINE"}, "geometry": {"type": "LineString", "coordinates": [[-54.9985798399946, -10.237168514782933], [-54.99854988639654, -10.237138474808377]]}}, {"type": "Feature", "properties": {"layer": "Fluxo", "dxf_type": "LINE"}, "geometry": {"type": "LineString", "coordinates": [[-54.99857717723498, -10.237176054303635], [-54.99854810421898, -10.237146898360107]]}}, {"type": "Feature", "properties": {"layer": "Fluxo", "dxf_type": "LINE"}, "geometry": {"type": "LineString", "coordinates": [[-54.998574238775596, -10.237183318239284], [-54.998545900344155, -10.237154898088992]]}}, {"type": "Feature", "properties": {"layer": "Fluxo", "dxf_type": "LINE"}, "geometry": {"type": "LineString", "coordinates": [[-54.998571040044894, -10.237190320243611], [-54.99854331466375, -10.237162515820945]]}}, {"type": "Feature", "properties": {"layer": "Fluxo", "dxf_type": "LINE"}, "geometry": {"type": "LineString", "coordinates": [[-54.99856759463484, -10.23719707576696], [-54.99854038074962, -10.2371697824959]]}}, {"type": "Feature", "properties": {"layer": "Fluxo", "dxf_type": "LINE"}, "geometry": {"type": "LineString", "coordinates": [[-54.998563912538195, -10.237203592102174], [-54.99853712125128, -10.237176724466986]]}}, {"type": "Feature", "properties": {"layer": "Fluxo", "dxf_type": "LINE"}, "geometry": {"type": "LineString", "coordinates": [[-54.9985600009874, -10.237209880140824], [-54.99853355704414, -10.237183359941078]]}}, {"type": "Feature", "properties": {"layer": "Fluxo", "dxf_type": "LINE"}, "geometry": {"type": "LineString", "coordinates": [[-54.998555705822845, -10.2372157834596], [-54.9985297008133, -10.237189703458984]]}}, {"type": "Feature", "properties": {"layer": "Fluxo", "dxf_type": "LINE"}, "geometry": {"type": "LineString", "coordinates": [[-54.9985514541944, -10.237221729530553], [-54.99852539024285, -10.237195589507975]]}}, {"type": "Feature", "properties": {"layer": "Fluxo", "dxf_type": "LINE"}, "geometry": {"type": "LineString", "coordinates": [[-54.998547423846446, -10.23722789752015], [-54.9985211603739, -10.237201558310442]]}}, {"type": "Feature", "properties": {"layer": "Fluxo", "dxf_type": "LINE"}, "geometry": {"type": "LineString", "coordinates": [[-54.998543621121534, -10.237234294698842], [-54.99851711370178, -10.237207709928558]]}}, {"type": "Feature", "properties": {"layer": "Fluxo", "dxf_type": "LINE"}, "geometry": {"type": "LineString", "coordinates": [[-54.99854005419298, -10.237240927444386], [-54.9985132547496, -10.237214050717656]]}}, {"type": "Feature", "properties": {"layer": "Fluxo", "dxf_type": "LINE"}, "geometry": {"type": "LineString", "coordinates": [[-54.99853673303089, -10.237247806665188], [-54.998509588970016, -10.237220584326936]]}}, {"type": "Feature", "properties": {"layer": "Fluxo", "dxf_type": "LINE"}, "geometry": {"type": "LineString", "coordinates": [[-54.99853366851793, -10.237254943275316], [-54.99850612270558, -10.237227318026852]]}}, {"type": "Feature", "properties": {"layer": "Fluxo", "dxf_type": "LINE"}, "geometry": {"type": "LineString", "coordinates": [[-54.99853087515864, -10.2372623527307], [-54.99850286230451, -10.237234258183914]]}}, {"type": "Feature", "properties": {"layer": "Fluxo", "dxf_type": "LINE"}, "geometry": {"type": "LineString", "coordinates": [[-54.998528372009005, -10.237270052323145], [-54.99849981683002, -10.23724141479706]]}}, {"type": "Feature", "properties": {"layer": "Fluxo", "dxf_type": "LINE"}, "geometry": {"type": "LineString", "coordinates": [[-54.998526179921804, -10.237278063875138], [-54.99849699535665, -10.23724879605743]]}}, {"type": "Feature", "properties": {"layer": "Fluxo", "dxf_type": "LINE"}, "geometry": {"type": "LineString", "coordinates": [[-54.99852432519112, -10.237286414666158], [-54.99849441149341, -10.237256414703722]]}}, {"type": "Feature", "properties": {"layer": "Fluxo", "dxf_type": "LINE"}, "geometry": {"type": "LineString", "coordinates": [[-54.99852284319693, -10.237295138359045], [-54.99849207883794, -10.237264285282334]]}}, {"type": "Feature", "properties": {"layer": "Fluxo", "dxf_type": "LINE"}, "geometry": {"type": "LineString", "coordinates": [[-54.99852177655733, -10.23730427860436], [-54.99849001280168, -10.237272424158762]]}}, {"type": "Feature", "properties": {"layer": "Fluxo", "dxf_type": "LINE"}, "geometry": {"type": "LineString", "coordinates": [[-54.99852118149941, -10.237313891791302], [-54.998488235161275, -10.237280851353276]]}}, {"type": "Feature", "properties": {"layer": "Fluxo", "dxf_type": "LINE"}, "geometry": {"type": "LineString", "coordinates": [[-54.998521134196125, -10.23732405522204], [-54.99848676949018, -10.237289591416886]]}}, {"type": "Feature", "properties": {"layer": "Fluxo", "dxf_type": "LINE"}, "geometry": {"type": "LineString", "coordinates": [[-54.9985217398522, -10.237334873495085], [-54.99848564662257, -10.237298675272688]]}}, {"type": "Feature", "properties": {"layer": "Fluxo", "dxf_type": "LINE"}, "geometry": {"type": "LineString", "coordinates": [[-54.998523155365014, -10.23734650305056], [-54.998484902834, -10.237308139300824]]}}, {"type": "Feature", "properties": {"layer": "Fluxo", "dxf_type": "LINE"}, "geometry": {"type": "LineString", "coordinates": [[-54.99852562468756, -10.237359188544865], [-54.99848458527699, -10.237318031699372]]}}, {"type": "Feature", "properties": {"layer": "Fluxo", "dxf_type": "LINE"}, "geometry": {"type": "LineString", "coordinates": [[-54.99853138600308, -10.23737517734353], [-54.998484756538176, -10.237328413416297]]}}, {"type": "Feature", "properties": {"layer": "Fluxo", "dxf_type": "LINE"}, "geometry": {"type": "LineString", "coordinates": [[-54.99853686800313, -10.237390885111306], [-54.99848549823185, -10.23733936721075]]}}, {"type": "Feature", "properties": {"layer": "Fluxo", "dxf_type": "LINE"}, "geometry": {"type": "LineString", "coordinates": [[-54.99854070037372, -10.23740493849282], [-54.99848692462028, -10.237351008584076]]}}, {"type": "Feature", "properties": {"layer": "Fluxo", "dxf_type": "LINE"}, "geometry": {"type": "LineString", "coordinates": [[-54.998543371014875, -10.237417827704657], [-54.998489202582284, -10.237363503077086]]}}, {"type": "Feature", "properties": {"layer": "Fluxo", "dxf_type": "LINE"}, "geometry": {"type": "LineString", "coordinates": [[-54.998546239224126, -10.237441124105397], [-54.998499627886616, -10.237394378368299]]}}, {"type": "Feature", "properties": {"layer": "Fluxo", "dxf_type": "LINE"}, "geometry": {"type": "LineString", "coordinates": [[-54.99854673242635, -10.237451829600118], [-54.99850414132287, -10.237409115690772]]}}, {"type": "Feature", "properties": {"layer": "Fluxo", "dxf_type": "LINE"}, "geometry": {"type": "LineString", "coordinates": [[-54.99854672593865, -10.2374620330547], [-54.998507092196625, -10.237422285035253]]}}, {"type": "Feature", "properties": {"layer": "Fluxo", "dxf_type": "LINE"}, "geometry": {"type": "LineString", "coordinates": [[-54.99854628323186, -10.237471799942105], [-54.99850894119559, -10.23743435023716]]}}, {"type": "Feature", "properties": {"layer": "Fluxo", "dxf_type": "LINE"}, "geometry": {"type": "LineString", "coordinates": [[-54.99854545419614, -10.23748117847726], [-54.998509949514805, -10.237445571425676]]}}, {"type": "Feature", "properties": {"layer": "Fluxo", "dxf_type": "LINE"}, "geometry": {"type": "LineString", "coordinates": [[-54.99854427690946, -10.237490208667058], [-54.998510283103435, -10.237456116847627]]}}, {"type": "Feature", "properties": {"layer": "Fluxo", "dxf_type": "LINE"}, "geometry": {"type": "LineString", "coordinates": [[-54.998542784031116, -10.237498921445821], [-54.99851005352001, -10.237466096564168]]}}, {"type": "Feature", "properties": {"layer": "Fluxo", "dxf_type": "LINE"}, "geometry": {"type": "LineString", "coordinates": [[-54.998541001855195, -10.23750734409303], [-54.99850934147189, -10.237475592424964]]}}, {"type": "Feature", "properties": {"layer": "Fluxo", "dxf_type": "LINE"}, "geometry": {"type": "LineString", "coordinates": [[-54.998538964843455, -10.237515511169793], [-54.99850820499424, -10.237484663542089]]}}, {"type": "Feature", "properties": {"layer": "Fluxo", "dxf_type": "LINE"}, "geometry": {"type": "LineString", "coordinates": [[-54.998536950503784, -10.237523700984111], [-54.99850669216346, -10.237493356311436]]}}, {"type": "Feature", "properties": {"layer": "Fluxo", "dxf_type": "LINE"}, "geometry": {"type": "LineString", "coordinates": [[-54.998534785614794, -10.23753174072473], [-54.99850483834249, -10.237501707107501]]}}, {"type": "Feature", "properties": {"layer": "Fluxo", "dxf_type": "LINE"}, "geometry": {"type": "LineString", "coordinates": [[-54.99853247653604, -10.237539634950409], [-54.99851776226914, -10.237524878259803]]}}, {"type": "Feature", "properties": {"layer": "Fluxo", "dxf_type": "LINE"}, "geometry": {"type": "LineString", "coordinates": [[-54.99853002779063, -10.237547390016433], [-54.99851548765183, -10.23753280704643]]}}, {"type": "Feature", "properties": {"layer": "Fluxo", "dxf_type": "LINE"}, "geometry": {"type": "LineString", "coordinates": [[-54.99852744392432, -10.23755500866253], [-54.99851306520588, -10.237540588487846]]}}, {"type": "Feature", "properties": {"layer": "Fluxo", "dxf_type": "LINE"}, "geometry": {"type": "LineString", "coordinates": [[-54.998524729460236, -10.237562497243998], [-54.99851050038394, -10.237548226233315]]}}, {"type": "Feature", "properties": {"layer": "Fluxo", "dxf_type": "LINE"}, "geometry": {"type": "LineString", "coordinates": [[-54.998521888949796, -10.237569857596691], [-54.99850779770912, -10.237555726638137]]}}, {"type": "Feature", "properties": {"layer": "Fluxo", "dxf_type": "LINE"}, "geometry": {"type": "LineString", "coordinates": [[-54.99851892418413, -10.237577095155142], [-54.99850496263408, -10.237563093351522]]}}, {"type": "Feature", "properties": {"layer": "Fluxo", "dxf_type": "LINE"}, "geometry": {"type": "LineString", "coordinates": [[-54.998515838807776, -10.237584210845718], [-54.99850199696693, -10.23757032909637]]}}, {"type": "Feature", "properties": {"layer": "Fluxo", "dxf_type": "LINE"}, "geometry": {"type": "LineString", "coordinates": [[-54.99851263643695, -10.237591210114184], [-54.99849890614899, -10.237577439329696]]}}, {"type": "Feature", "properties": {"layer": "Fluxo", "dxf_type": "LINE"}, "geometry": {"type": "LineString", "coordinates": [[-54.99850931980933, -10.237598092977384], [-54.99849569108149, -10.237584425864899]]}}, {"type": "Feature", "properties": {"layer": "Fluxo", "dxf_type": "LINE"}, "geometry": {"type": "LineString", "coordinates": [[-54.998505889809124, -10.237604863960401], [-54.99849235721708, -10.237591292351212]]}}, {"type": "Feature", "properties": {"layer": "Fluxo", "dxf_type": "LINE"}, "geometry": {"type": "LineString", "coordinates": [[-54.998502350987785, -10.237611524899044], [-54.998488905456995, -10.237598040602014]]}}, {"type": "Feature", "properties": {"layer": "Fluxo", "dxf_type": "LINE"}, "geometry": {"type": "LineString", "coordinates": [[-54.998498703339635, -10.23761807669721], [-54.99848533851622, -10.2376046742497]]}}, {"type": "Feature", "properties": {"layer": "Fluxo", "dxf_type": "LINE"}, "geometry": {"type": "LineString", "coordinates": [[-54.99849494957967, -10.237624522987312], [-54.99848165912676, -10.237611194215015]]}}, {"type": "Feature", "properties": {"layer": "Fluxo", "dxf_type": "LINE"}, "geometry": {"type": "LineString", "coordinates": [[-54.998491090620455, -10.237630863774934], [-54.99847786909673, -10.237617603220835]]}}, {"type": "Feature", "properties": {"layer": "Fluxo", "dxf_type": "LINE"}, "geometry": {"type": "LineString", "coordinates": [[-54.99848713010088, -10.237637100890325], [-54.998473969327335, -10.23762390308056]]}}, {"type": "Feature", "properties": {"layer": "Fluxo", "dxf_type": "LINE"}, "geometry": {"type": "LineString", "coordinates": [[-54.99848306709137, -10.237643237039514], [-54.99846996255059, -10.237630094714921]]}}, {"type": "Feature", "properties": {"layer": "Fluxo", "dxf_type": "LINE"}, "geometry": {"type": "LineString", "coordinates": [[-54.99847890342272, -10.237649271329872], [-54.998465849662026, -10.237636180841164]]}}, {"type": "Feature", "properties": {"layer": "Fluxo", "dxf_type": "LINE"}, "geometry": {"type": "LineString", "coordinates": [[-54.99847464090304, -10.237655206484249], [-54.998461632486794, -10.237642161470541]]}}, {"type": "Feature", "properties": {"layer": "Fluxo", "dxf_type": "LINE"}, "geometry": {"type": "LineString", "coordinates": [[-54.99847027952665, -10.237661043406565], [-54.998457311019195, -10.237648037506938]]}}, {"type": "Feature", "properties": {"layer": "Fluxo", "dxf_type": "LINE"}, "geometry": {"type": "LineString", "coordinates": [[-54.99846582111868, -10.237666782108027], [-54.998452887067344, -10.237653811673235]]}}, {"type": "Feature", "properties": {"layer": "Fluxo", "dxf_type": "LINE"}, "geometry": {"type": "LineString", "coordinates": [[-54.99846126566778, -10.237672424396408], [-54.998448362462035, -10.23765948307677]]}}, {"type": "Feature", "properties": {"layer": "Fluxo", "dxf_type": "LINE"}, "geometry": {"type": "LineString", "coordinates": [[-54.998456614092184, -10.237677969373426], [-54.9984437353668, -10.237665053514093]]}}, {"type": "Feature", "properties": {"layer": "Fluxo", "dxf_type": "LINE"}, "geometry": {"type": "LineString", "coordinates": [[-54.99845186729311, -10.237683418852487], [-54.99843900851933, -10.237670523002043]]}}, {"type": "Feature", "properties": {"layer": "Fluxo", "dxf_type": "LINE"}, "geometry": {"type": "LineString", "coordinates": [[-54.99844702526489, -10.237688773737457], [-54.99843418190827, -10.237675893348388]]}}, {"type": "Feature", "properties": {"layer": "Fluxo", "dxf_type": "LINE"}, "geometry": {"type": "LineString", "coordinates": [[-54.99844208801887, -10.237694032220576], [-54.99842925554498, -10.237681162745336]]}}, {"type": "Feature", "properties": {"layer": "Fluxo", "dxf_type": "LINE"}, "geometry": {"type": "LineString", "coordinates": [[-54.99843693584007, -10.237699075151232], [-54.99842411062137, -10.237686212951832]]}}, {"type": "Feature", "properties": {"layer": "Fluxo", "dxf_type": "LINE"}, "geometry": {"type": "LineString", "coordinates": [[-54.99843191878185, -10.23770425450169], [-54.998419081773676, -10.237691380478564]]}}, {"type": "Feature", "properties": {"layer": "Fluxo", "dxf_type": "LINE"}, "geometry": {"type": "LineString", "coordinates": [[-54.99842708129308, -10.237709613029873], [-54.99841421798519, -10.237696712630946]]}}, {"type": "Feature", "properties": {"layer": "Fluxo", "dxf_type": "LINE"}, "geometry": {"type": "LineString", "coordinates": [[-54.998422424274985, -10.237715152549164], [-54.99840952106405, -10.237702212131873]]}}, {"type": "Feature", "properties": {"layer": "Fluxo", "dxf_type": "LINE"}, "geometry": {"type": "LineString", "coordinates": [[-54.99841795044822, -10.237720875788076], [-54.99840499009767, -10.237707878975774]]}}, {"type": "Feature", "properties": {"layer": "Fluxo", "dxf_type": "LINE"}, "geometry": {"type": "LineString", "coordinates": [[-54.99841366071402, -10.237726784560024], [-54.99840062872495, -10.237713714992854]]}}, {"type": "Feature", "properties": {"layer": "Fluxo", "dxf_type": "LINE"}, "geometry": {"type": "LineString", "coordinates": [[-54.99840956051937, -10.23773288341814], [-54.99839643966089, -10.237719723815552]]}}, {"type": "Feature", "properties": {"layer": "Fluxo", "dxf_type": "LINE"}, "geometry": {"type": "LineString", "coordinates": [[-54.99840565349749, -10.237739175096557], [-54.99839242562048, -10.237725909076262]]}}, {"type": "Feature", "properties": {"layer": "Fluxo", "dxf_type": "LINE"}, "geometry": {"type": "LineString", "coordinates": [[-54.998401944177175, -10.237745665046694], [-54.99838859115517, -10.237732272610831]]}}, {"type": "Feature", "properties": {"layer": "Fluxo", "dxf_type": "LINE"}, "geometry": {"type": "LineString", "coordinates": [[-54.99839843981351, -10.23775236054459], [-54.998384939869844, -10.237738821672847]]}}, {"type": "Feature", "properties": {"layer": "Fluxo", "dxf_type": "LINE"}, "geometry": {"type": "LineString", "coordinates": [[-54.998395146749075, -10.23775926886066], [-54.99838147812973, -10.23774555991718]]}}, {"type": "Feature", "properties": {"layer": "Fluxo", "dxf_type": "LINE"}, "geometry": {"type": "LineString", "coordinates": [[-54.99839193985022, -10.237766261771728], [-54.99837821136482, -10.237752494608639]]}}, {"type": "Feature", "properties": {"layer": "Fluxo", "dxf_type": "LINE"}, "geometry": {"type": "LineString", "coordinates": [[-54.99838807998005, -10.23777260164786], [-54.99837489744155, -10.237759382005835]]}}, {"type": "Feature", "properties": {"layer": "Fluxo", "dxf_type": "LINE"}, "geometry": {"type": "LineString", "coordinates": [[-54.99838378843071, -10.237778508600156], [-54.998370831718816, -10.237765513616589]]}}, {"type": "Feature", "properties": {"layer": "Fluxo", "dxf_type": "LINE"}, "geometry": {"type": "LineString", "coordinates": [[-54.998379084252534, -10.237784000824275], [-54.99836624090176, -10.237771119528482]]}}, {"type": "Feature", "properties": {"layer": "Fluxo", "dxf_type": "LINE"}, "geometry": {"type": "LineString", "coordinates": [[-54.99837397560186, -10.23778908740962], [-54.9983611422156, -10.23777621792596]]}}, {"type": "Feature", "properties": {"layer": "Fluxo", "dxf_type": "LINE"}, "geometry": {"type": "LineString", "coordinates": [[-54.998368462473024, -10.237793769260074], [-54.99835553931625, -10.237780807927564]]}}, {"type": "Feature", "properties": {"layer": "Fluxo", "dxf_type": "LINE"}, "geometry": {"type": "LineString", "coordinates": [[-54.99836253852916, -10.23779803820132], [-54.998349416758266, -10.237784878591125]]}}, {"type": "Feature", "properties": {"layer": "Fluxo", "dxf_type": "LINE"}, "geometry": {"type": "LineString", "coordinates": [[-54.99835618834749, -10.237801879675624], [-54.99834274463136, -10.237788397191352]]}}, {"type": "Feature", "properties": {"layer": "Fluxo", "dxf_type": "LINE"}, "geometry": {"type": "LineString", "coordinates": [[-54.99834938744206, -10.23780526912639], [-54.99832412787046, -10.237779937620292]]}}, {"type": "Feature", "properties": {"layer": "Fluxo", "dxf_type": "LINE"}, "geometry": {"type": "LineString", "coordinates": [[-54.998344746443045, -10.237831245558283], [-54.99831245667647, -10.237798862673616]]}}, {"type": "Feature", "properties": {"layer": "Fluxo", "dxf_type": "LINE"}, "geometry": {"type": "LineString", "coordinates": [[-54.99843628584278, -10.237933259771191], [-54.99840201360316, -10.23789888781304]]}}, {"type": "Feature", "properties": {"layer": "Fluxo", "dxf_type": "LINE"}, "geometry": {"type": "LineString", "coordinates": [[-54.99834739259022, -10.23784411021398], [-54.998309904537535, -10.23780651405304]]}}, {"type": "Feature", "properties": {"layer": "Fluxo", "dxf_type": "LINE"}, "geometry": {"type": "LineString", "coordinates": [[-54.99843877692712, -10.237945967094019], [-54.9983839409675, -10.237890973946172]]}}, {"type": "Feature", "properties": {"layer": "Fluxo", "dxf_type": "LINE"}, "geometry": {"type": "LineString", "coordinates": [[-54.99835515813003, -10.23786210811486], [-54.998308226644596, -10.237815041290268]]}}, {"type": "Feature", "properties": {"layer": "Fluxo", "dxf_type": "LINE"}, "geometry": {"type": "LineString", "coordinates": [[-54.998438709665656, -10.23795611051479], [-54.998307703220576, -10.237824726325941]]}}, {"type": "Feature", "properties": {"layer": "Fluxo", "dxf_type": "LINE"}, "geometry": {"type": "LineString", "coordinates": [[-54.99843720679843, -10.237964814191225], [-54.99830852924658, -10.237835764703437]]}}, {"type": "Feature", "properties": {"layer": "Fluxo", "dxf_type": "LINE"}, "geometry": {"type": "LineString", "coordinates": [[-54.9984346855001, -10.237972495591087], [-54.99831075640972, -10.237848209168352]]}}, {"type": "Feature", "properties": {"layer": "Fluxo", "dxf_type": "LINE"}, "geometry": {"type": "LineString", "coordinates": [[-54.99843134709438, -10.23797935752809], [-54.998402462673816, -10.237950389834383]]}}, {"type": "Feature", "properties": {"layer": "Fluxo", "dxf_type": "LINE"}, "geometry": {"type": "LineString", "coordinates": [[-54.99838257459701, -10.23793044441671], [-54.99831529523765, -10.23786297105484]]}}, {"type": "Feature", "properties": {"layer": "Fluxo", "dxf_type": "LINE"}, "geometry": {"type": "LineString", "coordinates": [[-54.99842731219188, -10.23798552187005], [-54.99842730131488, -10.237985510052116]]}}, {"type": "Feature", "properties": {"layer": "Fluxo", "dxf_type": "LINE"}, "geometry": {"type": "LineString", "coordinates": [[-54.99836205155224, -10.237920072165291], [-54.99832551027642, -10.237883426430136]]}}, {"type": "Feature", "properties": {"layer": "Fluxo", "dxf_type": "LINE"}, "geometry": {"type": "LineString", "coordinates": [[-54.998423333522005, -10.237991741697277], [-54.99839701650447, -10.237965348807998]]}}, {"type": "Feature", "properties": {"layer": "Fluxo", "dxf_type": "LINE"}, "geometry": {"type": "LineString", "coordinates": [[-54.998419532602256, -10.237998139787152], [-54.99839301788283, -10.237971548625714]]}}, {"type": "Feature", "properties": {"layer": "Fluxo", "dxf_type": "LINE"}, "geometry": {"type": "LineString", "coordinates": [[-54.99841591305452, -10.238004720681593], [-54.998389170705856, -10.237977901234366]]}}, {"type": "Feature", "properties": {"layer": "Fluxo", "dxf_type": "LINE"}, "geometry": {"type": "LineString", "coordinates": [[-54.99841248305216, -10.238011490758373], [-54.99838548043186, -10.237984409379331]]}}, {"type": "Feature", "properties": {"layer": "Fluxo", "dxf_type": "LINE"}, "geometry": {"type": "LineString", "coordinates": [[-54.998409247123924, -10.23801845546887], [-54.99838194885196, -10.237991078495163]]}}, {"type": "Feature", "properties": {"layer": "Fluxo", "dxf_type": "LINE"}, "geometry": {"type": "LineString", "coordinates": [[-54.998406213431835, -10.23802562299866], [-54.99837858141882, -10.237997912231128]]}}, {"type": "Feature", "properties": {"layer": "Fluxo", "dxf_type": "LINE"}, "geometry": {"type": "LineString", "coordinates": [[-54.99840339103913, -10.238033003346672], [-54.99837538449201, -10.238004915145957]]}}, {"type": "Feature", "properties": {"layer": "Fluxo", "dxf_type": "LINE"}, "geometry": {"type": "LineString", "coordinates": [[-54.99840079083981, -10.238040605619155], [-54.99837236167642, -10.238012094493245]]}}, {"type": "Feature", "properties": {"layer": "Fluxo", "dxf_type": "LINE"}, "geometry": {"type": "LineString", "coordinates": [[-54.99839842370522, -10.238048442537982], [-54.99836952115104, -10.23801945574688]]}}, {"type": "Feature", "properties": {"layer": "Fluxo", "dxf_type": "LINE"}, "geometry": {"type": "LineString", "coordinates": [[-54.998396305970715, -10.238056528666414], [-54.99836687016535, -10.238027007086751]]}}, {"type": "Feature", "properties": {"layer": "Fluxo", "dxf_type": "LINE"}, "geometry": {"type": "LineString", "coordinates": [[-54.99839445304775, -10.238064880369913], [-54.998364416875674, -10.238034757602325]]}}, {"type": "Feature", "properties": {"layer": "Fluxo", "dxf_type": "LINE"}, "geometry": {"type": "LineString", "coordinates": [[-54.99839288669602, -10.238073520380496], [-54.998362172170346, -10.238042717303733]]}}, {"type": "Feature", "properties": {"layer": "Fluxo", "dxf_type": "LINE"}, "geometry": {"type": "LineString", "coordinates": [[-54.99839163141288, -10.238082471446978], [-54.99836014784462, -10.238050897110673]]}}, {"type": "Feature", "properties": {"layer": "Fluxo", "dxf_type": "LINE"}, "geometry": {"type": "LineString", "coordinates": [[-54.99839071712003, -10.23809176448688], [-54.998358357496166, -10.238059311569577]]}}, {"type": "Feature", "properties": {"layer": "Fluxo", "dxf_type": "LINE"}, "geometry": {"type": "LineString", "coordinates": [[-54.998390180999955, -10.238101436789872], [-54.99835681563522, -10.238067975232518]]}}, {"type": "Feature", "properties": {"layer": "Fluxo", "dxf_type": "LINE"}, "geometry": {"type": "LineString", "coordinates": [[-54.99839007020527, -10.238111536554065], [-54.99835554221337, -10.238076908108594]]}}, {"type": "Feature", "properties": {"layer": "Fluxo", "dxf_type": "LINE"}, "geometry": {"type": "LineString", "coordinates": [[-54.99839044641582, -10.238122123817906], [-54.998354558083385, -10.238086132020289]]}}, {"type": "Feature", "properties": {"layer": "Fluxo", "dxf_type": "LINE"}, "geometry": {"type": "LineString", "coordinates": [[-54.99839139124037, -10.23813328224459], [-54.99835389137022, -10.23809567335445]]}}, {"type": "Feature", "properties": {"layer": "Fluxo", "dxf_type": "LINE"}, "geometry": {"type": "LineString", "coordinates": [[-54.998393018057165, -10.238145122810382], [-54.99835357380933, -10.23810556484763]]}}, {"type": "Feature", "properties": {"layer": "Fluxo", "dxf_type": "LINE"}, "geometry": {"type": "LineString", "coordinates": [[-54.998395488269935, -10.238157811022575], [-54.99835364439133, -10.23811584651236]]}}, {"type": "Feature", "properties": {"layer": "Fluxo", "dxf_type": "LINE"}, "geometry": {"type": "LineString", "coordinates": [[-54.998398359328014, -10.238170901235483], [-54.99835415481459, -10.238126569286509]]}}, {"type": "Feature", "properties": {"layer": "Fluxo", "dxf_type": "LINE"}, "geometry": {"type": "LineString", "coordinates": [[-54.99844145276607, -10.238224328858534], [-54.998355170386546, -10.23813779684657]]}}, {"type": "Feature", "properties": {"layer": "Fluxo", "dxf_type": "LINE"}, "geometry": {"type": "LineString", "coordinates": [[-54.99845284496962, -10.23824596386517], [-54.99835677542526, -10.238149617391972]]}}, {"type": "Feature", "properties": {"layer": "Fluxo", "dxf_type": "LINE"}, "geometry": {"type": "LineString", "coordinates": [[-54.99845929734454, -10.238262644804637], [-54.99835909146534, -10.238162150988492]]}}, {"type": "Feature", "properties": {"layer": "Fluxo", "dxf_type": "LINE"}, "geometry": {"type": "LineString", "coordinates": [[-54.998462458309994, -10.238296446602872], [-54.99841176044643, -10.238245601706337]]}}, {"type": "Feature", "properties": {"layer": "Fluxo", "dxf_type": "LINE"}, "geometry": {"type": "LineString", "coordinates": [[-54.99845345819093, -10.238297629603371], [-54.99842161002853, -10.2382656896477]]}}, {"type": "Feature", "properties": {"layer": "Fluxo", "dxf_type": "LINE"}, "geometry": {"type": "LineString", "coordinates": [[-54.99844445715361, -10.238298813501881], [-54.998426792750294, -10.238281098186016]]}}, {"type": "Feature", "properties": {"layer": "Fluxo", "dxf_type": "LINE"}, "geometry": {"type": "LineString", "coordinates": [[-54.99843545702883, -10.238299997405743], [-54.998429788966334, -10.238294313006659]]}}, {"type": "Feature", "properties": {"layer": "Fluxo", "dxf_type": "LINE"}, "geometry": {"type": "LineString", "coordinates": [[-54.998459305436555, -10.238296861087619], [-54.99846368813513, -10.238292573624117]]}}, {"type": "Feature", "properties": {"layer": "Fluxo", "dxf_type": "LINE"}, "geometry": {"type": "LineString", "coordinates": [[-54.998447396301266, -10.238298427531774], [-54.99844829065463, -10.238297552612595]]}}, {"type": "Feature", "properties": {"layer": "Fluxo", "dxf_type": "LINE"}, "geometry": {"type": "LineString", "coordinates": [[-54.998456021209854, -10.238289990041064], [-54.99846449185583, -10.23828170346014]]}}, {"type": "Feature", "properties": {"layer": "Fluxo", "dxf_type": "LINE"}, "geometry": {"type": "LineString", "coordinates": [[-54.99844062373511, -10.238294968125292], [-54.998453507381576, -10.238282364438467]]}}, {"type": "Feature", "properties": {"layer": "Fluxo", "dxf_type": "LINE"}, "geometry": {"type": "LineString", "coordinates": [[-54.99846123793626, -10.238274801866714], [-54.99846253539124, -10.238273532605032]]}}, {"type": "Feature", "properties": {"layer": "Fluxo", "dxf_type": "LINE"}, "geometry": {"type": "LineString", "coordinates": [[-54.9984299643073, -10.23829531201751], [-54.9984381099072, -10.238287342522627]]}}, {"type": "Feature", "properties": {"layer": "Fluxo", "dxf_type": "LINE"}, "geometry": {"type": "LineString", "coordinates": [[-54.998445840462324, -10.238279779951347], [-54.998458725020456, -10.23826717626975]]}}, {"type": "Feature", "properties": {"layer": "Fluxo", "dxf_type": "LINE"}, "geometry": {"type": "LineString", "coordinates": [[-54.99843044298236, -10.238284758939033], [-54.998443327546894, -10.238272154354329]]}}, {"type": "Feature", "properties": {"layer": "Fluxo", "dxf_type": "LINE"}, "geometry": {"type": "LineString", "coordinates": [[-54.99845105810149, -10.238264591782812], [-54.998457716160765, -10.238258079299388]]}}, {"type": "Feature", "properties": {"layer": "Fluxo", "dxf_type": "LINE"}, "geometry": {"type": "LineString", "coordinates": [[-54.998426158806936, -10.238278866113003], [-54.99842793006731, -10.238277133341976]]}}, {"type": "Feature", "properties": {"layer": "Fluxo", "dxf_type": "LINE"}, "geometry": {"type": "LineString", "coordinates": [[-54.99843566062233, -10.238269570770916], [-54.998448545185965, -10.238256966185824]]}}, {"type": "Feature", "properties": {"layer": "Fluxo", "dxf_type": "LINE"}, "geometry": {"type": "LineString", "coordinates": [[-54.99842368354499, -10.238271202782787], [-54.998433147707196, -10.238261945173877]]}}, {"type": "Feature", "properties": {"layer": "Fluxo", "dxf_type": "LINE"}, "geometry": {"type": "LineString", "coordinates": [[-54.99844087826168, -10.238254382602593], [-54.99845181434657, -10.23824368415532]]}}, {"type": "Feature", "properties": {"layer": "Fluxo", "dxf_type": "LINE"}, "geometry": {"type": "LineString", "coordinates": [[-54.99842548078299, -10.238259361590286], [-54.9984383644339, -10.238246756999976]]}}, {"type": "Feature", "properties": {"layer": "Fluxo", "dxf_type": "LINE"}, "geometry": {"type": "LineString", "coordinates": [[-54.998446094987855, -10.238239194428482], [-54.99844849247873, -10.238236849034168]]}}, {"type": "Feature", "properties": {"layer": "Fluxo", "dxf_type": "LINE"}, "geometry": {"type": "LineString", "coordinates": [[-54.998417739488204, -10.238256849862855], [-54.99842296695558, -10.238251735987609]]}}, {"type": "Feature", "properties": {"layer": "Fluxo", "dxf_type": "LINE"}, "geometry": {"type": "LineString", "coordinates": [[-54.99843069750997, -10.238244173416561], [-54.99844358207255, -10.238231568831509]]}}, {"type": "Feature", "properties": {"layer": "Fluxo", "dxf_type": "LINE"}, "geometry": {"type": "LineString", "coordinates": [[-54.9984153000374, -10.238249151499952], [-54.99842818459504, -10.238236547819554]]}}, {"type": "Feature", "properties": {"layer": "Fluxo", "dxf_type": "LINE"}, "geometry": {"type": "LineString", "coordinates": [[-54.998435915148896, -10.23822898524828], [-54.99844116006181, -10.238223854305375]]}}, {"type": "Feature", "properties": {"layer": "Fluxo", "dxf_type": "LINE"}, "geometry": {"type": "LineString", "coordinates": [[-54.998410600823966, -10.2382436646938], [-54.99841278712285, -10.238241525902865]]}}, {"type": "Feature", "properties": {"layer": "Fluxo", "dxf_type": "LINE"}, "geometry": {"type": "LineString", "coordinates": [[-54.99842051767714, -10.238233963332075], [-54.99843340223388, -10.238221359651284]]}}, {"type": "Feature", "properties": {"layer": "Fluxo", "dxf_type": "LINE"}, "geometry": {"type": "LineString", "coordinates": [[-54.99840661690964, -10.238237478131978], [-54.998418004762506, -10.238226337735023]]}}, {"type": "Feature", "properties": {"layer": "Fluxo", "dxf_type": "LINE"}, "geometry": {"type": "LineString", "coordinates": [[-54.99842573531625, -10.23821877516399], [-54.998432956253644, -10.238211711134948]]}}, {"type": "Feature", "properties": {"layer": "Fluxo", "dxf_type": "LINE"}, "geometry": {"type": "LineString", "coordinates": [[-54.99840237038249, -10.23823154847656], [-54.9984026072851, -10.23823131672183]]}}, {"type": "Feature", "properties": {"layer": "Fluxo", "dxf_type": "LINE"}, "geometry": {"type": "LineString", "coordinates": [[-54.99841033783929, -10.238223754151257], [-54.99842322148898, -10.238211149561357]]}}, {"type": "Feature", "properties": {"layer": "Fluxo", "dxf_type": "LINE"}, "geometry": {"type": "LineString", "coordinates": [[-54.998397865833674, -10.238225871236168], [-54.99840782401239, -10.238216128548569]]}}, {"type": "Feature", "properties": {"layer": "Fluxo", "dxf_type": "LINE"}, "geometry": {"type": "LineString", "coordinates": [[-54.99841555456604, -10.23820856597777], [-54.998423919608506, -10.238200383603093]]}}, {"type": "Feature", "properties": {"layer": "Fluxo", "dxf_type": "LINE"}, "geometry": {"type": "LineString", "coordinates": [[-54.99840015708953, -10.23821354496462], [-54.99841304165161, -10.238200940380748]]}}, {"type": "Feature", "properties": {"layer": "Fluxo", "dxf_type": "LINE"}, "geometry": {"type": "LineString", "coordinates": [[-54.99838809921043, -10.238215256023675], [-54.998397644175476, -10.238205919367525]]}}, {"type": "Feature", "properties": {"layer": "Fluxo", "dxf_type": "LINE"}, "geometry": {"type": "LineString", "coordinates": [[-54.998405374729025, -10.238198356796982], [-54.99841407217523, -10.238189848343373]]}}, {"type": "Feature", "properties": {"layer": "Fluxo", "dxf_type": "LINE"}, "geometry": {"type": "LineString", "coordinates": [[-54.99836112913278, -10.238171051809898], [-54.99837232140176, -10.238160102746745]]}}, {"type": "Feature", "properties": {"layer": "Fluxo", "dxf_type": "LINE"}, "geometry": {"type": "LineString", "coordinates": [[-54.99838005195447, -10.238152540176666], [-54.99839231212566, -10.238140545515796]]}}, {"type": "Feature", "properties": {"layer": "Fluxo", "dxf_type": "LINE"}, "geometry": {"type": "LineString", "coordinates": [[-54.99836465448061, -10.238157519162261], [-54.99837753812857, -10.238144914573962]]}}, {"type": "Feature", "properties": {"layer": "Fluxo", "dxf_type": "LINE"}, "geometry": {"type": "LineString", "coordinates": [[-54.99838526868074, -10.238137352003662], [-54.99839120685379, -10.23813154286438]]}}, {"type": "Feature", "properties": {"layer": "Fluxo", "dxf_type": "LINE"}, "geometry": {"type": "LineString", "coordinates": [[-54.99835757706702, -10.238154357981761], [-54.99836214065508, -10.238149893559498]]}}, {"type": "Feature", "properties": {"layer": "Fluxo", "dxf_type": "LINE"}, "geometry": {"type": "LineString", "coordinates": [[-54.9983698712077, -10.238142330989659], [-54.99838275576732, -10.238129726406598]]}}, {"type": "Feature", "properties": {"layer": "Fluxo", "dxf_type": "LINE"}, "geometry": {"type": "LineString", "coordinates": [[-54.99835617429064, -10.238145646371224], [-54.998367358294644, -10.238134705392541]]}}, {"type": "Feature", "properties": {"layer": "Fluxo", "dxf_type": "LINE"}, "geometry": {"type": "LineString", "coordinates": [[-54.99837508884672, -10.238127142822481], [-54.99838797340545, -10.238114538239062]]}}, {"type": "Feature", "properties": {"layer": "Fluxo", "dxf_type": "LINE"}, "geometry": {"type": "LineString", "coordinates": [[-54.998359691379804, -10.238132120904174], [-54.99837257593359, -10.238119517225416]]}}, {"type": "Feature", "properties": {"layer": "Fluxo", "dxf_type": "LINE"}, "geometry": {"type": "LineString", "coordinates": [[-54.998380306485124, -10.238111954655128], [-54.99839015263639, -10.238102321556882]]}}, {"type": "Feature", "properties": {"layer": "Fluxo", "dxf_type": "LINE"}, "geometry": {"type": "LineString", "coordinates": [[-54.99835421259984, -10.2381273958285], [-54.99835717846704, -10.238124495307035]]}}, {"type": "Feature", "properties": {"layer": "Fluxo", "dxf_type": "LINE"}, "geometry": {"type": "LineString", "coordinates": [[-54.99836490901902, -10.238116932737226], [-54.998377792659355, -10.238104329052462]]}}, {"type": "Feature", "properties": {"layer": "Fluxo", "dxf_type": "LINE"}, "geometry": {"type": "LineString", "coordinates": [[-54.99838552321036, -10.23809676648195], [-54.99839072312823, -10.238091679555009]]}}, {"type": "Feature", "properties": {"layer": "Fluxo", "dxf_type": "LINE"}, "geometry": {"type": "LineString", "coordinates": [[-54.998353705089066, -10.238117809304615], [-54.99836239519362, -10.238109307134508]]}}, {"type": "Feature", "properties": {"layer": "Fluxo", "dxf_type": "LINE"}, "geometry": {"type": "LineString", "coordinates": [[-54.99837012574506, -10.238101744564457], [-54.998383010297054, -10.238089140884933]]}}, {"type": "Feature", "properties": {"layer": "Fluxo", "dxf_type": "LINE"}, "geometry": {"type": "LineString", "coordinates": [[-54.99839074084752, -10.238081578314217], [-54.99839188128503, -10.238080462657589]]}}, {"type": "Feature", "properties": {"layer": "Fluxo", "dxf_type": "LINE"}, "geometry": {"type": "LineString", "coordinates": [[-54.99835472827374, -10.238106723550029], [-54.99836761283213, -10.238094118967382]]}}, {"type": "Feature", "properties": {"layer": "Fluxo", "dxf_type": "LINE"}, "geometry": {"type": "LineString", "coordinates": [[-54.99837534338304, -10.23808655639711], [-54.998388227934136, -10.23807395271723]]}}, {"type": "Feature", "properties": {"layer": "Fluxo", "dxf_type": "LINE"}, "geometry": {"type": "LineString", "coordinates": [[-54.998359945912526, -10.238091535383086], [-54.99837283047003, -10.23807893080009]]}}, {"type": "Feature", "properties": {"layer": "Fluxo", "dxf_type": "LINE"}, "geometry": {"type": "LineString", "coordinates": [[-54.9983805610204, -10.238071368229587], [-54.99839344465804, -10.238058764543705]]}}, {"type": "Feature", "properties": {"layer": "Fluxo", "dxf_type": "LINE"}, "geometry": {"type": "LineString", "coordinates": [[-54.99835450202576, -10.23808677617311], [-54.998357432999896, -10.238083909785992]]}}, {"type": "Feature", "properties": {"layer": "Fluxo", "dxf_type": "LINE"}, "geometry": {"type": "LineString", "coordinates": [[-54.9983651635507, -10.238076347215973], [-54.99837804719474, -10.238063742626967]]}}, {"type": "Feature", "properties": {"layer": "Fluxo", "dxf_type": "LINE"}, "geometry": {"type": "LineString", "coordinates": [[-54.998385777744566, -10.238056180056246], [-54.99839866229387, -10.238043576375603]]}}, {"type": "Feature", "properties": {"layer": "Fluxo", "dxf_type": "LINE"}, "geometry": {"type": "LineString", "coordinates": [[-54.998355721704954, -10.238075499091707], [-54.99836264972542, -10.238068721613296]]}}, {"type": "Feature", "properties": {"layer": "Fluxo", "dxf_type": "LINE"}, "geometry": {"type": "LineString", "coordinates": [[-54.998370380275695, -10.238061159043035], [-54.998383264831396, -10.238048554459272]]}}, {"type": "Feature", "properties": {"layer": "Fluxo", "dxf_type": "LINE"}, "geometry": {"type": "LineString", "coordinates": [[-54.99839099538068, -10.238040991888326], [-54.99840387992909, -10.238028388207326]]}}, {"type": "Feature", "properties": {"layer": "Fluxo", "dxf_type": "LINE"}, "geometry": {"type": "LineString", "coordinates": [[-54.99835755108649, -10.23806362555624], [-54.998367867362894, -10.238053533446008]]}}, {"type": "Feature", "properties": {"layer": "Fluxo", "dxf_type": "LINE"}, "geometry": {"type": "LineString", "coordinates": [[-54.99837559791261, -10.23804597087552], [-54.998388482467426, -10.2380333662914]]}}, {"type": "Feature", "properties": {"layer": "Fluxo", "dxf_type": "LINE"}, "geometry": {"type": "LineString", "coordinates": [[-54.99839621301618, -10.23802580372023], [-54.99840909665114, -10.238013200033226]]}}, {"type": "Feature", "properties": {"layer": "Fluxo", "dxf_type": "LINE"}, "geometry": {"type": "LineString", "coordinates": [[-54.998360200444196, -10.238050949861893], [-54.998373084999734, -10.238038345278541]]}}, {"type": "Feature", "properties": {"layer": "Fluxo", "dxf_type": "LINE"}, "geometry": {"type": "LineString", "coordinates": [[-54.99838081554893, -10.238030782707835], [-54.99839369919028, -10.238018178117708]]}}, {"type": "Feature", "properties": {"layer": "Fluxo", "dxf_type": "LINE"}, "geometry": {"type": "LineString", "coordinates": [[-54.9984014297385, -10.238010615546315], [-54.998414314285114, -10.237998011864564]]}}, {"type": "Feature", "properties": {"layer": "Fluxo", "dxf_type": "LINE"}, "geometry": {"type": "LineString", "coordinates": [[-54.99842204483236, -10.23799044929249], [-54.99842784526767, -10.237984774893013]]}}, {"type": "Feature", "properties": {"layer": "Fluxo", "dxf_type": "LINE"}, "geometry": {"type": "LineString", "coordinates": [[-54.99836541808131, -10.238035761694613], [-54.9983783017234, -10.238023157105253]]}}, {"type": "Feature", "properties": {"layer": "Fluxo", "dxf_type": "LINE"}, "geometry": {"type": "LineString", "coordinates": [[-54.99838603227205, -10.238015594534321], [-54.998398916825074, -10.238002989949438]]}}, {"type": "Feature", "properties": {"layer": "Fluxo", "dxf_type": "LINE"}, "geometry": {"type": "LineString", "coordinates": [[-54.99840664737275, -10.237995427377836], [-54.99841953191847, -10.237982823695699]]}}, {"type": "Feature", "properties": {"layer": "Fluxo", "dxf_type": "LINE"}, "geometry": {"type": "LineString", "coordinates": [[-54.99842726246518, -10.237975261123397], [-54.99843695434828, -10.237965778932693]]}}, {"type": "Feature", "properties": {"layer": "Fluxo", "dxf_type": "LINE"}, "geometry": {"type": "LineString", "coordinates": [[-54.998370634805255, -10.238020573521505], [-54.998383519359, -10.238007968937392]]}}, {"type": "Feature", "properties": {"layer": "Fluxo", "dxf_type": "LINE"}, "geometry": {"type": "LineString", "coordinates": [[-54.99839124990712, -10.238000406366233], [-54.99840413445924, -10.237987801780992]]}}, {"type": "Feature", "properties": {"layer": "Fluxo", "dxf_type": "LINE"}, "geometry": {"type": "LineString", "coordinates": [[-54.99841186500638, -10.23798023920915], [-54.998424748638655, -10.237967635521029]]}}, {"type": "Feature", "properties": {"layer": "Fluxo", "dxf_type": "LINE"}, "geometry": {"type": "LineString", "coordinates": [[-54.998432479184814, -10.237960072948502], [-54.99843888105743, -10.237953810178917]]}}, {"type": "Feature", "properties": {"layer": "Fluxo", "dxf_type": "LINE"}, "geometry": {"type": "LineString", "coordinates": [[-54.998375852441136, -10.238005385353823], [-54.99838873699399, -10.237992780769352]]}}, {"type": "Feature", "properties": {"layer": "Fluxo", "dxf_type": "LINE"}, "geometry": {"type": "LineString", "coordinates": [[-54.99839646754157, -10.23798521819797], [-54.998409351180236, -10.237972613606727]]}}, {"type": "Feature", "properties": {"layer": "Fluxo", "dxf_type": "LINE"}, "geometry": {"type": "LineString", "coordinates": [[-54.998417081726835, -10.237965051034662], [-54.99842996627077, -10.237952447351795]]}}, {"type": "Feature", "properties": {"layer": "Fluxo", "dxf_type": "LINE"}, "geometry": {"type": "LineString", "coordinates": [[-54.998437696816396, -10.237944884779044], [-54.99843858382847, -10.237944016142006]]}}, {"type": "Feature", "properties": {"layer": "Fluxo", "dxf_type": "LINE"}, "geometry": {"type": "LineString", "coordinates": [[-54.99838379813259, -10.237987527509219], [-54.99839395371579, -10.237977592595492]]}}, {"type": "Feature", "properties": {"layer": "Fluxo", "dxf_type": "LINE"}, "geometry": {"type": "LineString", "coordinates": [[-54.99840168426283, -10.237970030023886], [-54.99841456881316, -10.237957425437882]]}}, {"type": "Feature", "properties": {"layer": "Fluxo", "dxf_type": "LINE"}, "geometry": {"type": "LineString", "coordinates": [[-54.99842229935923, -10.23794986286561], [-54.99843518390227, -10.237937259182353]]}}, {"type": "Feature", "properties": {"layer": "Fluxo", "dxf_type": "LINE"}, "geometry": {"type": "LineString", "coordinates": [[-54.99839888945408, -10.237962680197276], [-54.99839917134953, -10.237962404427053]]}}, {"type": "Feature", "properties": {"layer": "Fluxo", "dxf_type": "LINE"}, "geometry": {"type": "LineString", "coordinates": [[-54.99840690189604, -10.237954841855242], [-54.998419786439804, -10.237942238172751]]}}, {"type": "Feature", "properties": {"layer": "Fluxo", "dxf_type": "LINE"}, "geometry": {"type": "LineString", "coordinates": [[-54.99842751698533, -10.237934675600238], [-54.99843434124707, -10.237927998720496]]}}, {"type": "Feature", "properties": {"layer": "Fluxo", "dxf_type": "LINE"}, "geometry": {"type": "LineString", "coordinates": [[-54.99840241204736, -10.23794914933926], [-54.99840438898265, -10.23794721625844]]}}, {"type": "Feature", "properties": {"layer": "Fluxo", "dxf_type": "LINE"}, "geometry": {"type": "LineString", "coordinates": [[-54.99841211952862, -10.237939653686386], [-54.998425003158935, -10.237927049997909]]}}, {"type": "Feature", "properties": {"layer": "Fluxo", "dxf_type": "LINE"}, "geometry": {"type": "LineString", "coordinates": [[-54.99840029488392, -10.237941137490095], [-54.998409605702605, -10.237932028084007]]}}, {"type": "Feature", "properties": {"layer": "Fluxo", "dxf_type": "LINE"}, "geometry": {"type": "LineString", "coordinates": [[-54.998417336248025, -10.237924465511728], [-54.998426824272016, -10.237915184545775]]}}, {"type": "Feature", "properties": {"layer": "Fluxo", "dxf_type": "LINE"}, "geometry": {"type": "LineString", "coordinates": [[-54.99840193878611, -10.237929444501349], [-54.99841482333448, -10.237916839915009]]}}, {"type": "Feature", "properties": {"layer": "Fluxo", "dxf_type": "LINE"}, "geometry": {"type": "LineString", "coordinates": [[-54.99838845215815, -10.237932553277393], [-54.99839942587293, -10.237921818904562]]}}, {"type": "Feature", "properties": {"layer": "Fluxo", "dxf_type": "LINE"}, "geometry": {"type": "LineString", "coordinates": [[-54.99840715641826, -10.237914256332537], [-54.998416665567, -10.237904953802657]]}}, {"type": "Feature", "properties": {"layer": "Fluxo", "dxf_type": "LINE"}, "geometry": {"type": "LineString", "coordinates": [[-54.998376361500654, -10.237924213406222], [-54.99838924604392, -10.237911609724932]]}}, {"type": "Feature", "properties": {"layer": "Fluxo", "dxf_type": "LINE"}, "geometry": {"type": "LineString", "coordinates": [[-54.99839697658915, -10.237904047153126], [-54.9984021939551, -10.23789894225421]]}}, {"type": "Feature", "properties": {"layer": "Fluxo", "dxf_type": "LINE"}, "geometry": {"type": "LineString", "coordinates": [[-54.99836715747415, -10.237923133533988], [-54.998373848588145, -10.237916587809373]]}}, {"type": "Feature", "properties": {"layer": "Fluxo", "dxf_type": "LINE"}, "geometry": {"type": "LineString", "coordinates": [[-54.99838157913381, -10.23790902523803], [-54.99839446276363, -10.237896421550737]]}}, {"type": "Feature", "properties": {"layer": "Fluxo", "dxf_type": "LINE"}, "geometry": {"type": "LineString", "coordinates": [[-54.99836618167245, -10.237914004225997], [-54.99837906530867, -10.23790139963558]]}}, {"type": "Feature", "properties": {"layer": "Fluxo", "dxf_type": "LINE"}, "geometry": {"type": "LineString", "coordinates": [[-54.99838679585379, -10.237893837064016], [-54.998387626842685, -10.23789302502963]]}}, {"type": "Feature", "properties": {"layer": "Fluxo", "dxf_type": "LINE"}, "geometry": {"type": "LineString", "coordinates": [[-54.99835478216755, -10.237915072127194], [-54.99836366784768, -10.237906378623494]]}}, {"type": "Feature", "properties": {"layer": "Fluxo", "dxf_type": "LINE"}, "geometry": {"type": "LineString", "coordinates": [[-54.998371398393246, -10.23789881605239], [-54.99838116740025, -10.237889259312036]]}}, {"type": "Feature", "properties": {"layer": "Fluxo", "dxf_type": "LINE"}, "geometry": {"type": "LineString", "coordinates": [[-54.99835600093235, -10.23790379503994], [-54.99836888548095, -10.237891190455535]]}}, {"type": "Feature", "properties": {"layer": "Fluxo", "dxf_type": "LINE"}, "geometry": {"type": "LineString", "coordinates": [[-54.99834371901251, -10.23790572618235], [-54.99835348802043, -10.237896169443033]]}}, {"type": "Feature", "properties": {"layer": "Fluxo", "dxf_type": "LINE"}, "geometry": {"type": "LineString", "coordinates": [[-54.9983612185659, -10.23788860687216], [-54.99836970113811, -10.237880308614399]]}}, {"type": "Feature", "properties": {"layer": "Fluxo", "dxf_type": "LINE"}, "geometry": {"type": "LineString", "coordinates": [[-54.99834582111112, -10.23789358495541], [-54.998358705653885, -10.237880981275284]]}}, {"type": "Feature", "properties": {"layer": "Fluxo", "dxf_type": "LINE"}, "geometry": {"type": "LineString", "coordinates": [[-54.99833392668314, -10.23789513702581], [-54.99834330819949, -10.23788595935848]]}}, {"type": "Feature", "properties": {"layer": "Fluxo", "dxf_type": "LINE"}, "geometry": {"type": "LineString", "coordinates": [[-54.99835103874486, -10.237878396787842], [-54.99836008418951, -10.237869547888215]]}}, {"type": "Feature", "properties": {"layer": "Fluxo", "dxf_type": "LINE"}, "geometry": {"type": "LineString", "coordinates": [[-54.998335641284875, -10.237883375774564], [-54.99834852492059, -10.237870771185348]]}}, {"type": "Feature", "properties": {"layer": "Fluxo", "dxf_type": "LINE"}, "geometry": {"type": "LineString", "coordinates": [[-54.998325423538226, -10.237883287596084], [-54.998333127460974, -10.237875750172014]]}}, {"type": "Feature", "properties": {"layer": "Fluxo", "dxf_type": "LINE"}, "geometry": {"type": "LineString", "coordinates": [[-54.998340858006245, -10.237868187601617], [-54.99835237256046, -10.237856923242807]]}}, {"type": "Feature", "properties": {"layer": "Fluxo", "dxf_type": "LINE"}, "geometry": {"type": "LineString", "coordinates": [[-54.99832546054672, -10.237873166587919], [-54.99833834509482, -10.237860562004695]]}}, {"type": "Feature", "properties": {"layer": "Fluxo", "dxf_type": "LINE"}, "geometry": {"type": "LineString", "coordinates": [[-54.99834607563955, -10.237852999434075], [-54.99834930779498, -10.23784983750876]]}}, {"type": "Feature", "properties": {"layer": "Fluxo", "dxf_type": "LINE"}, "geometry": {"type": "LineString", "coordinates": [[-54.998318291311165, -10.23787009613908], [-54.99832294763567, -10.237865540990946]]}}, {"type": "Feature", "properties": {"layer": "Fluxo", "dxf_type": "LINE"}, "geometry": {"type": "LineString", "coordinates": [[-54.99833067818084, -10.23785797842078], [-54.998343562728046, -10.237845373837187]]}}, {"type": "Feature", "properties": {"layer": "Fluxo", "dxf_type": "LINE"}, "geometry": {"type": "LineString", "coordinates": [[-54.99831528715502, -10.23786295021486], [-54.998328165269704, -10.237850352823841]]}}, {"type": "Feature", "properties": {"layer": "Fluxo", "dxf_type": "LINE"}, "geometry": {"type": "LineString", "coordinates": [[-54.99833589581434, -10.23784279025346], [-54.99834509644398, -10.237833788641876]]}}, {"type": "Feature", "properties": {"layer": "Fluxo", "dxf_type": "LINE"}, "geometry": {"type": "LineString", "coordinates": [[-54.9983126980315, -10.237855399174622], [-54.99831276781668, -10.23785533090579]]}}, {"type": "Feature", "properties": {"layer": "Fluxo", "dxf_type": "LINE"}, "geometry": {"type": "LineString", "coordinates": [[-54.99832049836175, -10.237847768335865], [-54.99833338199057, -10.237835164650955]]}}, {"type": "Feature", "properties": {"layer": "Fluxo", "dxf_type": "LINE"}, "geometry": {"type": "LineString", "coordinates": [[-54.99834111253466, -10.237827602080344], [-54.998344217974655, -10.23782456411687]]}}, {"type": "Feature", "properties": {"layer": "Fluxo", "dxf_type": "LINE"}, "geometry": {"type": "LineString", "coordinates": [[-54.99831056802677, -10.237847398093436], [-54.99831798453835, -10.237840142733287]]}}, {"type": "Feature", "properties": {"layer": "Fluxo", "dxf_type": "LINE"}, "geometry": {"type": "LineString", "coordinates": [[-54.998325715082885, -10.237832580163154], [-54.99833859962337, -10.237819976483465]]}}, {"type": "Feature", "properties": {"layer": "Fluxo", "dxf_type": "LINE"}, "geometry": {"type": "LineString", "coordinates": [[-54.998346330166925, -10.237812413912636], [-54.99835921471144, -10.23779980932792]]}}, {"type": "Feature", "properties": {"layer": "Fluxo", "dxf_type": "LINE"}, "geometry": {"type": "LineString", "coordinates": [[-54.99836694525402, -10.237792246756415], [-54.99837982888437, -10.237779642164947]]}}, {"type": "Feature", "properties": {"layer": "Fluxo", "dxf_type": "LINE"}, "geometry": {"type": "LineString", "coordinates": [[-54.998387559425964, -10.237772079592744], [-54.99838984764418, -10.237769841092888]]}}, {"type": "Feature", "properties": {"layer": "Fluxo", "dxf_type": "LINE"}, "geometry": {"type": "LineString", "coordinates": [[-54.998310317625084, -10.237837559149016], [-54.99832320217197, -10.237824954566225]]}}, {"type": "Feature", "properties": {"layer": "Fluxo", "dxf_type": "LINE"}, "geometry": {"type": "LineString", "coordinates": [[-54.99833093271596, -10.237817391995852], [-54.998343817255545, -10.237804788315792]]}}, {"type": "Feature", "properties": {"layer": "Fluxo", "dxf_type": "LINE"}, "geometry": {"type": "LineString", "coordinates": [[-54.99835154779856, -10.237797225744751], [-54.99836443142963, -10.237784621154049]]}}, {"type": "Feature", "properties": {"layer": "Fluxo", "dxf_type": "LINE"}, "geometry": {"type": "LineString", "coordinates": [[-54.99837216197167, -10.237777058582305], [-54.998385046513675, -10.237764453996077]]}}, {"type": "Feature", "properties": {"layer": "Fluxo", "dxf_type": "LINE"}, "geometry": {"type": "LineString", "coordinates": [[-54.99839277705474, -10.237756891423652], [-54.998399454385115, -10.237750360075681]]}}, {"type": "Feature", "properties": {"layer": "Fluxo", "dxf_type": "LINE"}, "geometry": {"type": "LineString", "coordinates": [[-54.998315535258975, -10.237822370982133], [-54.998328419804956, -10.237809766398955]]}}, {"type": "Feature", "properties": {"layer": "Fluxo", "dxf_type": "LINE"}, "geometry": {"type": "LineString", "coordinates": [[-54.998336150348415, -10.237802203828355], [-54.99834903397454, -10.237789600142325]]}}, {"type": "Feature", "properties": {"layer": "Fluxo", "dxf_type": "LINE"}, "geometry": {"type": "LineString", "coordinates": [[-54.99835676451703, -10.237782037571044], [-54.998369649059754, -10.237769432985582]]}}, {"type": "Feature", "properties": {"layer": "Fluxo", "dxf_type": "LINE"}, "geometry": {"type": "LineString", "coordinates": [[-54.99837737960126, -10.237761870413616], [-54.998390264142365, -10.23774926582703]]}}, {"type": "Feature", "properties": {"layer": "Fluxo", "dxf_type": "LINE"}, "geometry": {"type": "LineString", "coordinates": [[-54.99839799468289, -10.237741703254382], [-54.99841087830415, -10.237729099564907]]}}, {"type": "Feature", "properties": {"layer": "Fluxo", "dxf_type": "LINE"}, "geometry": {"type": "LineString", "coordinates": [[-54.998307785705805, -10.237819868242555], [-54.99831302234835, -10.237814745385183]]}}, {"type": "Feature", "properties": {"layer": "Fluxo", "dxf_type": "LINE"}, "geometry": {"type": "LineString", "coordinates": [[-54.99832075289224, -10.237807182815047], [-54.99833363652477, -10.237794578225897]]}}, {"type": "Feature", "properties": {"layer": "Fluxo", "dxf_type": "LINE"}, "geometry": {"type": "LineString", "coordinates": [[-54.99834136706769, -10.237787015655073], [-54.998354251605484, -10.237774411974266]]}}, {"type": "Feature", "properties": {"layer": "Fluxo", "dxf_type": "LINE"}, "geometry": {"type": "LineString", "coordinates": [[-54.99836198214742, -10.237766849402762], [-54.99837486668926, -10.237754244816944]]}}, {"type": "Feature", "properties": {"layer": "Fluxo", "dxf_type": "LINE"}, "geometry": {"type": "LineString", "coordinates": [[-54.998382597230226, -10.237746682244754], [-54.99839548085787, -10.237734077652163]]}}, {"type": "Feature", "properties": {"layer": "Fluxo", "dxf_type": "LINE"}, "geometry": {"type": "LineString", "coordinates": [[-54.998403211397864, -10.23772651507929], [-54.998416095930786, -10.237713911395076]]}}, {"type": "Feature", "properties": {"layer": "Fluxo", "dxf_type": "LINE"}, "geometry": {"type": "LineString", "coordinates": [[-54.998423826469796, -10.23770634882152], [-54.99843671100676, -10.23769374423226]]}}, {"type": "Feature", "properties": {"layer": "Fluxo", "dxf_type": "LINE"}, "geometry": {"type": "LineString", "coordinates": [[-54.998444441544805, -10.237686181658018], [-54.99845732516191, -10.237673577965912]]}}, {"type": "Feature", "properties": {"layer": "Fluxo", "dxf_type": "LINE"}, "geometry": {"type": "LineString", "coordinates": [[-54.99846505569897, -10.237666015390985], [-54.998470691764375, -10.237660501780548]]}}, {"type": "Feature", "properties": {"layer": "Fluxo", "dxf_type": "LINE"}, "geometry": {"type": "LineString", "coordinates": [[-54.998309501231425, -10.237808105189345], [-54.99831823906897, -10.237799557212515]]}}, {"type": "Feature", "properties": {"layer": "Fluxo", "dxf_type": "LINE"}, "geometry": {"type": "LineString", "coordinates": [[-54.99832596961233, -10.23779199464217], [-54.998338854156515, -10.237779390058243]]}}, {"type": "Feature", "properties": {"layer": "Fluxo", "dxf_type": "LINE"}, "geometry": {"type": "LineString", "coordinates": [[-54.9983465846989, -10.2377718274872], [-54.998359469235794, -10.237759223806018]]}}, {"type": "Feature", "properties": {"layer": "Fluxo", "dxf_type": "LINE"}, "geometry": {"type": "LineString", "coordinates": [[-54.9983671997772, -10.237751661234306], [-54.998380083405586, -10.23773905664248]]}}, {"type": "Feature", "properties": {"layer": "Fluxo", "dxf_type": "LINE"}, "geometry": {"type": "LineString", "coordinates": [[-54.99838781394601, -10.237731494070067], [-54.99840069848533, -10.237718889482718]]}}, {"type": "Feature", "properties": {"layer": "Fluxo", "dxf_type": "LINE"}, "geometry": {"type": "LineString", "coordinates": [[-54.998408429024785, -10.23771132690964], [-54.998421313556804, -10.237698723225034]]}}, {"type": "Feature", "properties": {"layer": "Fluxo", "dxf_type": "LINE"}, "geometry": {"type": "LineString", "coordinates": [[-54.998429044095275, -10.237691160651252], [-54.99844192771878, -10.237678556056009]]}}, {"type": "Feature", "properties": {"layer": "Fluxo", "dxf_type": "LINE"}, "geometry": {"type": "LineString", "coordinates": [[-54.998449658256284, -10.237670993481558], [-54.99846254278506, -10.237658389794674]]}}, {"type": "Feature", "properties": {"layer": "Fluxo", "dxf_type": "LINE"}, "geometry": {"type": "LineString", "coordinates": [[-54.99847027332159, -10.237650827219522], [-54.998483157854395, -10.23763822262761]]}}, {"type": "Feature", "properties": {"layer": "Fluxo", "dxf_type": "LINE"}, "geometry": {"type": "LineString", "coordinates": [[-54.998490887477395, -10.237630660046179], [-54.998491723980266, -10.23762984171779]]}}, {"type": "Feature", "properties": {"layer": "Fluxo", "dxf_type": "LINE"}, "geometry": {"type": "LineString", "coordinates": [[-54.99831573993173, -10.237791918141484], [-54.998323456701534, -10.237784369045285]]}}, {"type": "Feature", "properties": {"layer": "Fluxo", "dxf_type": "LINE"}, "geometry": {"type": "LineString", "coordinates": [[-54.998331187244354, -10.237776806474699], [-54.99834407178764, -10.2377642018904]]}}, {"type": "Feature", "properties": {"layer": "Fluxo", "dxf_type": "LINE"}, "geometry": {"type": "LineString", "coordinates": [[-54.998351802329495, -10.237756639319132], [-54.998364685952936, -10.237744035631978]]}}, {"type": "Feature", "properties": {"layer": "Fluxo", "dxf_type": "LINE"}, "geometry": {"type": "LineString", "coordinates": [[-54.9983724164938, -10.237736473060025], [-54.99838530103384, -10.237723868473447]]}}, {"type": "Feature", "properties": {"layer": "Fluxo", "dxf_type": "LINE"}, "geometry": {"type": "LineString", "coordinates": [[-54.998393031573734, -10.237716305900808], [-54.998405916112155, -10.237703701313102]]}}, {"type": "Feature", "properties": {"layer": "Fluxo", "dxf_type": "LINE"}, "geometry": {"type": "LineString", "coordinates": [[-54.99841364665107, -10.237696138739778], [-54.99842653026964, -10.237683535049191]]}}, {"type": "Feature", "properties": {"layer": "Fluxo", "dxf_type": "LINE"}, "geometry": {"type": "LineString", "coordinates": [[-54.998434260807585, -10.237675972475198], [-54.998447145342745, -10.237663367885192]]}}, {"type": "Feature", "properties": {"layer": "Fluxo", "dxf_type": "LINE"}, "geometry": {"type": "LineString", "coordinates": [[-54.99845487587971, -10.237655805310506], [-54.998467760407586, -10.237643201623248]]}}, {"type": "Feature", "properties": {"layer": "Fluxo", "dxf_type": "LINE"}, "geometry": {"type": "LineString", "coordinates": [[-54.99847549094358, -10.23763563904789], [-54.99848837456293, -10.237623034449989]]}}, {"type": "Feature", "properties": {"layer": "Fluxo", "dxf_type": "LINE"}, "geometry": {"type": "LineString", "coordinates": [[-54.99849610509795, -10.237615471873932], [-54.99850478231669, -10.237606984080072]]}}, {"type": "Feature", "properties": {"layer": "Fluxo", "dxf_type": "LINE"}, "geometry": {"type": "LineString", "coordinates": [[-54.99846829692443, -10.237632591952597], [-54.99847297711693, -10.23762801344603]]}}, {"type": "Feature", "properties": {"layer": "Fluxo", "dxf_type": "LINE"}, "geometry": {"type": "LineString", "coordinates": [[-54.99848070765239, -10.237620450870434], [-54.99849359218341, -10.237607846277776]]}}, {"type": "Feature", "properties": {"layer": "Fluxo", "dxf_type": "LINE"}, "geometry": {"type": "LineString", "coordinates": [[-54.99850132271789, -10.237600283701491], [-54.998514206334725, -10.237587679102095]]}}, {"type": "Feature", "properties": {"layer": "Fluxo", "dxf_type": "LINE"}, "geometry": {"type": "LineString", "coordinates": [[-54.998485925273144, -10.2376052626984], [-54.99849880889071, -10.23759265809977]]}}, {"type": "Feature", "properties": {"layer": "Fluxo", "dxf_type": "LINE"}, "geometry": {"type": "LineString", "coordinates": [[-54.998506539424646, -10.237585095523261], [-54.99851942395315, -10.237572490929091]]}}, {"type": "Feature", "properties": {"layer": "Fluxo", "dxf_type": "LINE"}, "geometry": {"type": "LineString", "coordinates": [[-54.998494620216036, -10.237586671855318], [-54.998504026509934, -10.237577469927173]]}}, {"type": "Feature", "properties": {"layer": "Fluxo", "dxf_type": "LINE"}, "geometry": {"type": "LineString", "coordinates": [[-54.998511757043346, -10.237569907350442], [-54.998524641570945, -10.237557302755897]]}}, {"type": "Feature", "properties": {"layer": "Fluxo", "dxf_type": "LINE"}, "geometry": {"type": "LineString", "coordinates": [[-54.998502678822405, -10.237568704420198], [-54.998509244128556, -10.237562281754384]]}}, {"type": "Feature", "properties": {"layer": "Fluxo", "dxf_type": "LINE"}, "geometry": {"type": "LineString", "coordinates": [[-54.99851697466142, -10.237554719177446], [-54.99852985827557, -10.237542114576911]]}}, {"type": "Feature", "properties": {"layer": "Fluxo", "dxf_type": "LINE"}, "geometry": {"type": "LineString", "coordinates": [[-54.99850901024728, -10.237552426639898], [-54.99851446083399, -10.237547093575804]]}}, {"type": "Feature", "properties": {"layer": "Fluxo", "dxf_type": "LINE"}, "geometry": {"type": "LineString", "coordinates": [[-54.99852219136632, -10.237539530998625], [-54.99853507589213, -10.237526926403335]]}}, {"type": "Feature", "properties": {"layer": "Fluxo", "dxf_type": "LINE"}, "geometry": {"type": "LineString", "coordinates": [[-54.99851408921313, -10.23753737410641], [-54.99851967845136, -10.237531905402632]]}}, {"type": "Feature", "properties": {"layer": "Fluxo", "dxf_type": "LINE"}, "geometry": {"type": "LineString", "coordinates": [[-54.99852740898315, -10.23752434282523], [-54.99853981694962, -10.237512204434346]]}}, {"type": "Feature", "properties": {"layer": "Fluxo", "dxf_type": "LINE"}, "geometry": {"type": "LineString", "coordinates": [[-54.998518201293685, -10.237523266552433], [-54.99852489606811, -10.237516717229273]]}}, {"type": "Feature", "properties": {"layer": "Fluxo", "dxf_type": "LINE"}, "geometry": {"type": "LineString", "coordinates": [[-54.99853262659936, -10.23750915465166], [-54.998542714212114, -10.237499286201604]]}}, {"type": "Feature", "properties": {"layer": "Fluxo", "dxf_type": "LINE"}, "geometry": {"type": "LineString", "coordinates": [[-54.99851226604619, -10.237488735393903], [-54.99852515056421, -10.237476131702538]]}}, {"type": "Feature", "properties": {"layer": "Fluxo", "dxf_type": "LINE"}, "geometry": {"type": "LineString", "coordinates": [[-54.99853288109429, -10.237468569124717], [-54.99854576470379, -10.237455964522713]]}}, {"type": "Feature", "properties": {"layer": "Fluxo", "dxf_type": "LINE"}, "geometry": {"type": "LineString", "coordinates": [[-54.998508545666645, -10.237482291029556], [-54.99850975313166, -10.23748110979793]]}}, {"type": "Feature", "properties": {"layer": "Fluxo", "dxf_type": "LINE"}, "geometry": {"type": "LineString", "coordinates": [[-54.99851748366217, -10.237473547220551], [-54.99853036726674, -10.23746094352322]]}}, {"type": "Feature", "properties": {"layer": "Fluxo", "dxf_type": "LINE"}, "geometry": {"type": "LineString", "coordinates": [[-54.998538097796285, -10.237453380945157], [-54.998546486686486, -10.237445175207453]]}}, {"type": "Feature", "properties": {"layer": "Fluxo", "dxf_type": "LINE"}, "geometry": {"type": "LineString", "coordinates": [[-54.99850974329667, -10.23747103550431], [-54.99851496983499, -10.237465921619016]]}}, {"type": "Feature", "properties": {"layer": "Fluxo", "dxf_type": "LINE"}, "geometry": {"type": "LineString", "coordinates": [[-54.99852270036497, -10.237458359041414], [-54.998535584881196, -10.237445755349304]]}}, {"type": "Feature", "properties": {"layer": "Fluxo", "dxf_type": "LINE"}, "geometry": {"type": "LineString", "coordinates": [[-54.9985433154102, -10.23743819277102], [-54.99854579828819, -10.237435763835038]]}}, {"type": "Feature", "properties": {"layer": "Fluxo", "dxf_type": "LINE"}, "geometry": {"type": "LineString", "coordinates": [[-54.99851024859112, -10.237460456374498], [-54.99852018745027, -10.23745073344551]]}}, {"type": "Feature", "properties": {"layer": "Fluxo", "dxf_type": "LINE"}, "geometry": {"type": "LineString", "coordinates": [[-54.99852791797971, -10.237443170867685], [-54.99854080249504, -10.237430567175219]]}}, {"type": "Feature", "properties": {"layer": "Fluxo", "dxf_type": "LINE"}, "geometry": {"type": "LineString", "coordinates": [[-54.998512520543194, -10.237448149867415], [-54.998525405059254, -10.237435546175718]]}}, {"type": "Feature", "properties": {"layer": "Fluxo", "dxf_type": "LINE"}, "geometry": {"type": "LineString", "coordinates": [[-54.998533135588154, -10.237427983597668], [-54.99854339215673, -10.237417948960537]]}}, {"type": "Feature", "properties": {"layer": "Fluxo", "dxf_type": "LINE"}, "geometry": {"type": "LineString", "coordinates": [[-54.99850961279237, -10.237440910529761], [-54.998510007628774, -10.237440524271488]]}}, {"type": "Feature", "properties": {"layer": "Fluxo", "dxf_type": "LINE"}, "geometry": {"type": "LineString", "coordinates": [[-54.99851773815812, -10.237432961693914], [-54.99853062176073, -10.237420357996212]]}}, {"type": "Feature", "properties": {"layer": "Fluxo", "dxf_type": "LINE"}, "geometry": {"type": "LineString", "coordinates": [[-54.998538352289096, -10.23741279541794], [-54.998541733189974, -10.23740948796885]]}}, {"type": "Feature", "properties": {"layer": "Fluxo", "dxf_type": "LINE"}, "geometry": {"type": "LineString", "coordinates": [[-54.9985086167844, -10.237431800983487], [-54.998515224331065, -10.237425336092405]]}}, {"type": "Feature", "properties": {"layer": "Fluxo", "dxf_type": "LINE"}, "geometry": {"type": "LineString", "coordinates": [[-54.99852295485987, -10.237417773514592], [-54.99853583937414, -10.237405169822132]]}}, {"type": "Feature", "properties": {"layer": "Fluxo", "dxf_type": "LINE"}, "geometry": {"type": "LineString", "coordinates": [[-54.998507557424624, -10.237422752514314], [-54.998520441945296, -10.237410147918732]]}}, {"type": "Feature", "properties": {"layer": "Fluxo", "dxf_type": "LINE"}, "geometry": {"type": "LineString", "coordinates": [[-54.99852817247356, -10.237402585340694], [-54.99853761181629, -10.237393351072368]]}}, {"type": "Feature", "properties": {"layer": "Fluxo", "dxf_type": "LINE"}, "geometry": {"type": "LineString", "coordinates": [[-54.998512775039124, -10.237407564340819], [-54.9985256595589, -10.237394959744865]]}}, {"type": "Feature", "properties": {"layer": "Fluxo", "dxf_type": "LINE"}, "geometry": {"type": "LineString", "coordinates": [[-54.99853339008662, -10.237387397166623], [-54.99853518337802, -10.237385642835271]]}}, {"type": "Feature", "properties": {"layer": "Fluxo", "dxf_type": "LINE"}, "geometry": {"type": "LineString", "coordinates": [[-54.998503460839096, -10.23740659226816], [-54.99851026212484, -10.237399938744938]]}}, {"type": "Feature", "properties": {"layer": "Fluxo", "dxf_type": "LINE"}, "geometry": {"type": "LineString", "coordinates": [[-54.99851799265301, -10.237392376167152], [-54.99853087625932, -10.23737977156521]]}}, {"type": "Feature", "properties": {"layer": "Fluxo", "dxf_type": "LINE"}, "geometry": {"type": "LineString", "coordinates": [[-54.99850259521903, -10.237397355166847], [-54.99851547882608, -10.237384750565685]]}}, {"type": "Feature", "properties": {"layer": "Fluxo", "dxf_type": "LINE"}, "geometry": {"type": "LineString", "coordinates": [[-54.998523209353706, -10.237377187987661], [-54.99852965528006, -10.237370883000194]]}}, {"type": "Feature", "properties": {"layer": "Fluxo", "dxf_type": "LINE"}, "geometry": {"type": "LineString", "coordinates": [[-54.99849850480178, -10.237391271903546], [-54.99850008139248, -10.237389729565345]]}}, {"type": "Feature", "properties": {"layer": "Fluxo", "dxf_type": "LINE"}, "geometry": {"type": "LineString", "coordinates": [[-54.99850781192055, -10.237382166987778], [-54.99852069643925, -10.237369562391846]]}}, {"type": "Feature", "properties": {"layer": "Fluxo", "dxf_type": "LINE"}, "geometry": {"type": "LineString", "coordinates": [[-54.998495630113304, -10.237383999324102], [-54.99850529900647, -10.237374541391908]]}}, {"type": "Feature", "properties": {"layer": "Fluxo", "dxf_type": "LINE"}, "geometry": {"type": "LineString", "coordinates": [[-54.998513029534, -10.23736697881412], [-54.998524797497254, -10.237355465616483]]}}, {"type": "Feature", "properties": {"layer": "Fluxo", "dxf_type": "LINE"}, "geometry": {"type": "LineString", "coordinates": [[-54.998490435332634, -10.237368913414876], [-54.99849511919317, -10.237364331314037]]}}, {"type": "Feature", "properties": {"layer": "Fluxo", "dxf_type": "LINE"}, "geometry": {"type": "LineString", "coordinates": [[-54.9985028497206, -10.237356768736486], [-54.99851573332003, -10.237344165038861]]}}, {"type": "Feature", "properties": {"layer": "Fluxo", "dxf_type": "LINE"}, "geometry": {"type": "LineString", "coordinates": [[-54.99848860650157, -10.237360617700215], [-54.99850033589418, -10.237349143135026]]}}, {"type": "Feature", "properties": {"layer": "Fluxo", "dxf_type": "LINE"}, "geometry": {"type": "LineString", "coordinates": [[-54.998508066421074, -10.23734158055725], [-54.99852095093215, -10.237328976864852]]}}, {"type": "Feature", "properties": {"layer": "Fluxo", "dxf_type": "LINE"}, "geometry": {"type": "LineString", "coordinates": [[-54.99849266898964, -10.237346559556942], [-54.998505553507115, -10.237333954961422]]}}, {"type": "Feature", "properties": {"layer": "Fluxo", "dxf_type": "LINE"}, "geometry": {"type": "LineString", "coordinates": [[-54.99851328403347, -10.237326392383423], [-54.9985210843388, -10.23731876244014]]}}, {"type": "Feature", "properties": {"layer": "Fluxo", "dxf_type": "LINE"}, "geometry": {"type": "LineString", "coordinates": [[-54.998485884498436, -10.237343112736413], [-54.99849015607606, -10.237338933961057]]}}, {"type": "Feature", "properties": {"layer": "Fluxo", "dxf_type": "LINE"}, "geometry": {"type": "LineString", "coordinates": [[-54.998497886602856, -10.237331371383517], [-54.99851077111944, -10.237318766787626]]}}, {"type": "Feature", "properties": {"layer": "Fluxo", "dxf_type": "LINE"}, "geometry": {"type": "LineString", "coordinates": [[-54.99851850164526, -10.237311204209417], [-54.99852146108033, -10.237308309068645]]}}, {"type": "Feature", "properties": {"layer": "Fluxo", "dxf_type": "LINE"}, "geometry": {"type": "LineString", "coordinates": [[-54.99848505193477, -10.237333843297252], [-54.99849537368919, -10.237323745787668]]}}, {"type": "Feature", "properties": {"layer": "Fluxo", "dxf_type": "LINE"}, "geometry": {"type": "LineString", "coordinates": [[-54.998503104215445, -10.237316183209904], [-54.998515987818585, -10.237303578608042]]}}, {"type": "Feature", "properties": {"layer": "Fluxo", "dxf_type": "LINE"}, "geometry": {"type": "LineString", "coordinates": [[-54.99848770678528, -10.237321162209584], [-54.99850059038914, -10.237308557608491]]}}, {"type": "Feature", "properties": {"layer": "Fluxo", "dxf_type": "LINE"}, "geometry": {"type": "LineString", "coordinates": [[-54.998508320914866, -10.237300995030502], [-54.99852120542966, -10.237288390433863]]}}, {"type": "Feature", "properties": {"layer": "Fluxo", "dxf_type": "LINE"}, "geometry": {"type": "LineString", "coordinates": [[-54.99848465671098, -10.237314062104609], [-54.998485193871915, -10.237313536613714]]}}, {"type": "Feature", "properties": {"layer": "Fluxo", "dxf_type": "LINE"}, "geometry": {"type": "LineString", "coordinates": [[-54.998492923485514, -10.23730597403059], [-54.998505808001035, -10.237293369434717]]}}, {"type": "Feature", "properties": {"layer": "Fluxo", "dxf_type": "LINE"}, "geometry": {"type": "LineString", "coordinates": [[-54.99851353852622, -10.23728580685651], [-54.99852642304012, -10.237273202259495]]}}, {"type": "Feature", "properties": {"layer": "Fluxo", "dxf_type": "LINE"}, "geometry": {"type": "LineString", "coordinates": [[-54.99848521893487, -10.237303427281809], [-54.99849041057206, -10.237298348434749]]}}, {"type": "Feature", "properties": {"layer": "Fluxo", "dxf_type": "LINE"}, "geometry": {"type": "LineString", "coordinates": [[-54.99849814109768, -10.237290785856999], [-54.99851102561231, -10.237278181260756]]}}, {"type": "Feature", "properties": {"layer": "Fluxo", "dxf_type": "LINE"}, "geometry": {"type": "LineString", "coordinates": [[-54.99851875613695, -10.237270618682334], [-54.9985316397374, -10.237258014079334]]}}, {"type": "Feature", "properties": {"layer": "Fluxo", "dxf_type": "LINE"}, "geometry": {"type": "LineString", "coordinates": [[-54.99848640830546, -10.237292178937137], [-54.998495628184145, -10.23728316026119]]}}, {"type": "Feature", "properties": {"layer": "Fluxo", "dxf_type": "LINE"}, "geometry": {"type": "LineString", "coordinates": [[-54.99850335870923, -10.237275597683217], [-54.9985162423104, -10.237262993081004]]}}, {"type": "Feature", "properties": {"layer": "Fluxo", "dxf_type": "LINE"}, "geometry": {"type": "LineString", "coordinates": [[-54.99852397283451, -10.237255430502342], [-54.99853685734662, -10.237242825904584]]}}, {"type": "Feature", "properties": {"layer": "Fluxo", "dxf_type": "LINE"}, "geometry": {"type": "LineString", "coordinates": [[-54.99848836346313, -10.237280183238818], [-54.998500844883054, -10.237267972081845]]}}, {"type": "Feature", "properties": {"layer": "Fluxo", "dxf_type": "LINE"}, "geometry": {"type": "LineString", "coordinates": [[-54.9985085754076, -10.237260409503648], [-54.99852145992043, -10.237247804906657]]}}, {"type": "Feature", "properties": {"layer": "Fluxo", "dxf_type": "LINE"}, "geometry": {"type": "LineString", "coordinates": [[-54.998529190444, -10.237240242327774], [-54.99854207495522, -10.237227637729658]]}}, {"type": "Feature", "properties": {"layer": "Fluxo", "dxf_type": "LINE"}, "geometry": {"type": "LineString", "coordinates": [[-54.99854980547781, -10.237220075150091], [-54.99855960107858, -10.237210493252944]]}}, {"type": "Feature", "properties": {"layer": "Fluxo", "dxf_type": "LINE"}, "geometry": {"type": "LineString", "coordinates": [[-54.998493177986, -10.237265387600242], [-54.998506062493895, -10.237252783907905]]}}, {"type": "Feature", "properties": {"layer": "Fluxo", "dxf_type": "LINE"}, "geometry": {"type": "LineString", "coordinates": [[-54.9985137930179, -10.237245221329482], [-54.998526677529846, -10.237232616732117]]}}, {"type": "Feature", "properties": {"layer": "Fluxo", "dxf_type": "LINE"}, "geometry": {"type": "LineString", "coordinates": [[-54.998534408052876, -10.23722505415303], [-54.99854729165064, -10.23721244954891]]}}, {"type": "Feature", "properties": {"layer": "Fluxo", "dxf_type": "LINE"}, "geometry": {"type": "LineString", "coordinates": [[-54.99855502217269, -10.23720488696912], [-54.99856790667571, -10.237192283273364]]}}, {"type": "Feature", "properties": {"layer": "Fluxo", "dxf_type": "LINE"}, "geometry": {"type": "LineString", "coordinates": [[-54.99849839559712, -10.237250199426482], [-54.99851128010412, -10.237237595733776]]}}, {"type": "Feature", "properties": {"layer": "Fluxo", "dxf_type": "LINE"}, "geometry": {"type": "LineString", "coordinates": [[-54.99851901062758, -10.237230033155146], [-54.998531894226076, -10.237217428551793]]}}, {"type": "Feature", "properties": {"layer": "Fluxo", "dxf_type": "LINE"}, "geometry": {"type": "LineString", "coordinates": [[-54.998539624748574, -10.237209865972464], [-54.99855250925798, -10.237197261373584]]}}, {"type": "Feature", "properties": {"layer": "Fluxo", "dxf_type": "LINE"}, "geometry": {"type": "LineString", "coordinates": [[-54.99856023977951, -10.23718969879357], [-54.998573124281634, -10.237177095097456]]}}, {"type": "Feature", "properties": {"layer": "Fluxo", "dxf_type": "LINE"}, "geometry": {"type": "LineString", "coordinates": [[-54.99850361320761, -10.237235011252535], [-54.998516496801166, -10.237222407553855]]}}, {"type": "Feature", "properties": {"layer": "Fluxo", "dxf_type": "LINE"}, "geometry": {"type": "LineString", "coordinates": [[-54.9985242273241, -10.237214844974986], [-54.998537111834246, -10.237202240376872]]}}, {"type": "Feature", "properties": {"layer": "Fluxo", "dxf_type": "LINE"}, "geometry": {"type": "LineString", "coordinates": [[-54.9985448423562, -10.23719467779732], [-54.998557726864725, -10.237182073198085]]}}, {"type": "Feature", "properties": {"layer": "Fluxo", "dxf_type": "LINE"}, "geometry": {"type": "LineString", "coordinates": [[-54.99856545738004, -10.237174511521733], [-54.99857834097438, -10.237161906915729]]}}, {"type": "Feature", "properties": {"layer": "Fluxo", "dxf_type": "LINE"}, "geometry": {"type": "LineString", "coordinates": [[-54.99851137429641, -10.23721733485621], [-54.998521714410145, -10.237207219379341]]}}, {"type": "Feature", "properties": {"layer": "Fluxo", "dxf_type": "LINE"}, "geometry": {"type": "LineString", "coordinates": [[-54.99852944493254, -10.237199656800248], [-54.99854232944179, -10.237187052201778]]}}, {"type": "Feature", "properties": {"layer": "Fluxo", "dxf_type": "LINE"}, "geometry": {"type": "LineString", "coordinates": [[-54.998550059963215, -10.237179489622003], [-54.99856294355261, -10.237166885920649]]}}, {"type": "Feature", "properties": {"layer": "Fluxo", "dxf_type": "LINE"}, "geometry": {"type": "LineString", "coordinates": [[-54.99857067407306, -10.237159323340189], [-54.99858355857906, -10.23714671873944]]}}, {"type": "Feature", "properties": {"layer": "Fluxo", "dxf_type": "LINE"}, "geometry": {"type": "LineString", "coordinates": [[-54.99853466254036, -10.237184468625335], [-54.99854754613616, -10.237171864020864]]}}, {"type": "Feature", "properties": {"layer": "Fluxo", "dxf_type": "LINE"}, "geometry": {"type": "LineString", "coordinates": [[-54.998555276657044, -10.237164301440863], [-54.99856816115811, -10.237151697744768]]}}, {"type": "Feature", "properties": {"layer": "Fluxo", "dxf_type": "LINE"}, "geometry": {"type": "LineString", "coordinates": [[-54.998575891678016, -10.237144135164082], [-54.99858756688348, -10.237132713591741]]}}, {"type": "Feature", "properties": {"layer": "Fluxo", "dxf_type": "LINE"}, "geometry": {"type": "LineString", "coordinates": [[-54.998541113326986, -10.2371680731626], [-54.99855276374247, -10.23715667584537]]}}, {"type": "Feature", "properties": {"layer": "Fluxo", "dxf_type": "LINE"}, "geometry": {"type": "LineString", "coordinates": [[-54.99856049426282, -10.237149113265163], [-54.998573378762984, -10.237136509568677]]}}, {"type": "Feature", "properties": {"layer": "Fluxo", "dxf_type": "LINE"}, "geometry": {"type": "LineString", "coordinates": [[-54.998581109282355, -10.237128946987767], [-54.9985884091548, -10.237121805697807]]}}, {"type": "Feature", "properties": {"layer": "Fluxo", "dxf_type": "LINE"}, "geometry": {"type": "LineString", "coordinates": [[-54.998546571507944, -10.237152649639132], [-54.998557981348156, -10.237141487669703]]}}, {"type": "Feature", "properties": {"layer": "Fluxo", "dxf_type": "LINE"}, "geometry": {"type": "LineString", "coordinates": [[-54.99856571186797, -10.237133925089251], [-54.99857859545468, -10.237121321386782]]}}, {"type": "Feature", "properties": {"layer": "Fluxo", "dxf_type": "LINE"}, "geometry": {"type": "LineString", "coordinates": [[-54.99858632597351, -10.237113758805647], [-54.99858858021073, -10.237111553539352]]}}, {"type": "Feature", "properties": {"layer": "Fluxo", "dxf_type": "LINE"}, "geometry": {"type": "LineString", "coordinates": [[-54.998550314447556, -10.237138904093804], [-54.998563198040664, -10.237126299488214]]}}, {"type": "Feature", "properties": {"layer": "Fluxo", "dxf_type": "LINE"}, "geometry": {"type": "LineString", "coordinates": [[-54.998570928559936, -10.23711873690754], [-54.99858381305831, -10.237106133210325]]}}, {"type": "Feature", "properties": {"layer": "Fluxo", "dxf_type": "LINE"}, "geometry": {"type": "LineString", "coordinates": [[-54.99855553114034, -10.237123715912496], [-54.99856841564512, -10.237111111312148]]}}, {"type": "Feature", "properties": {"layer": "Fluxo", "dxf_type": "LINE"}, "geometry": {"type": "LineString", "coordinates": [[-54.99857614616384, -10.237103548731266], [-54.9985873200122, -10.237092618520919]]}}, {"type": "Feature", "properties": {"layer": "Fluxo", "dxf_type": "LINE"}, "geometry": {"type": "LineString", "coordinates": [[-54.9985520522553, -10.237117035302733], [-54.998553018225884, -10.237116090317048]]}}, {"type": "Feature", "properties": {"layer": "Fluxo", "dxf_type": "LINE"}, "geometry": {"type": "LineString", "coordinates": [[-54.99856074874506, -10.237108527736629], [-54.99857363324894, -10.237095923135904]]}}, {"type": "Feature", "properties": {"layer": "Fluxo", "dxf_type": "LINE"}, "geometry": {"type": "LineString", "coordinates": [[-54.99858136376713, -10.237088360554786], [-54.99858602466615, -10.237083800908412]]}}, {"type": "Feature", "properties": {"layer": "Fluxo", "dxf_type": "LINE"}, "geometry": {"type": "LineString", "coordinates": [[-54.998551932230015, -10.237107068801697], [-54.99855823583053, -10.237100902141215]]}}, {"type": "Feature", "properties": {"layer": "Fluxo", "dxf_type": "LINE"}, "geometry": {"type": "LineString", "coordinates": [[-54.998565966349155, -10.237093339560552], [-54.998578849939584, -10.237080734953842]]}}, {"type": "Feature", "properties": {"layer": "Fluxo", "dxf_type": "LINE"}, "geometry": {"type": "LineString", "coordinates": [[-54.99855117129074, -10.237097728392964], [-54.998563452521985, -10.237085713959553]]}}, {"type": "Feature", "properties": {"layer": "Fluxo", "dxf_type": "LINE"}, "geometry": {"type": "LineString", "coordinates": [[-54.998571183040085, -10.23707815137867], [-54.998582331182945, -10.237067245416176]]}}, {"type": "Feature", "properties": {"layer": "Fluxo", "dxf_type": "LINE"}, "geometry": {"type": "LineString", "coordinates": [[-54.99855578562257, -10.237083130384024], [-54.99856867012539, -10.237070525783324]]}}, {"type": "Feature", "properties": {"layer": "Fluxo", "dxf_type": "LINE"}, "geometry": {"type": "LineString", "coordinates": [[-54.99857640064294, -10.237062963202227], [-54.99857999640321, -10.237059445555438]]}}, {"type": "Feature", "properties": {"layer": "Fluxo", "dxf_type": "LINE"}, "geometry": {"type": "LineString", "coordinates": [[-54.998548100358846, -10.237080564773846], [-54.99855327270824, -10.23707550478862]]}}, {"type": "Feature", "properties": {"layer": "Fluxo", "dxf_type": "LINE"}, "geometry": {"type": "LineString", "coordinates": [[-54.998561003226236, -10.237067942207988], [-54.99857388772816, -10.237055337606913]]}}, {"type": "Feature", "properties": {"layer": "Fluxo", "dxf_type": "LINE"}, "geometry": {"type": "LineString", "coordinates": [[-54.998545911583065, -10.237072621183332], [-54.99855849031184, -10.237060316612617]]}}, {"type": "Feature", "properties": {"layer": "Fluxo", "dxf_type": "LINE"}, "geometry": {"type": "LineString", "coordinates": [[-54.9985662208293, -10.237052754031744], [-54.99857446463287, -10.237044689314622]]}}, {"type": "Feature", "properties": {"layer": "Fluxo", "dxf_type": "LINE"}, "geometry": {"type": "LineString", "coordinates": [[-54.99855082341872, -10.2370577321332], [-54.99856370700225, -10.23704512843079]]}}, {"type": "Feature", "properties": {"layer": "Fluxo", "dxf_type": "LINE"}, "geometry": {"type": "LineString", "coordinates": [[-54.99854043123478, -10.237057814638797], [-54.998548309592046, -10.237050106532193]]}}, {"type": "Feature", "properties": {"layer": "Fluxo", "dxf_type": "LINE"}, "geometry": {"type": "LineString", "coordinates": [[-54.998556040109406, -10.237042543951556], [-54.99856788793688, -10.237030953503506]]}}, {"type": "Feature", "properties": {"layer": "Fluxo", "dxf_type": "LINE"}, "geometry": {"type": "LineString", "coordinates": [[-54.99854064269362, -10.237047522956482], [-54.998553527195206, -10.237034918356196]]}}, {"type": "Feature", "properties": {"layer": "Fluxo", "dxf_type": "LINE"}, "geometry": {"type": "LineString", "coordinates": [[-54.998561257712026, -10.237027355775353], [-54.99856423826278, -10.237024439973219]]}}, {"type": "Feature", "properties": {"layer": "Fluxo", "dxf_type": "LINE"}, "geometry": {"type": "LineString", "coordinates": [[-54.99853364884698, -10.237044281848677], [-54.998538129779796, -10.237039897361068]]}}, {"type": "Feature", "properties": {"layer": "Fluxo", "dxf_type": "LINE"}, "geometry": {"type": "LineString", "coordinates": [[-54.99854586029705, -10.237032334780672], [-54.99855874479775, -10.237019730180025]]}}, {"type": "Feature", "properties": {"layer": "Fluxo", "dxf_type": "LINE"}, "geometry": {"type": "LineString", "coordinates": [[-54.998527416486446, -10.237030209183825], [-54.9985279499682, -10.237029688189763]]}}, {"type": "Feature", "properties": {"layer": "Fluxo", "dxf_type": "LINE"}, "geometry": {"type": "LineString", "coordinates": [[-54.998535680485354, -10.2370221256096], [-54.998548564073324, -10.237009521003717]]}}, {"type": "Feature", "properties": {"layer": "Fluxo", "dxf_type": "LINE"}, "geometry": {"type": "LineString", "coordinates": [[-54.998556294589505, -10.237001958422871], [-54.99856144305783, -10.236996922696287]]}}, {"type": "Feature", "properties": {"layer": "Fluxo", "dxf_type": "LINE"}, "geometry": {"type": "LineString", "coordinates": [[-54.99852612389102, -10.237021389780475], [-54.998533166659186, -10.23701450000858]]}}, {"type": "Feature", "properties": {"layer": "Fluxo", "dxf_type": "LINE"}, "geometry": {"type": "LineString", "coordinates": [[-54.99854089717581, -10.237006937428193], [-54.99855378167544, -10.236994332827551]]}}, {"type": "Feature", "properties": {"layer": "Fluxo", "dxf_type": "LINE"}, "geometry": {"type": "LineString", "coordinates": [[-54.99856151219108, -10.2369867702465], [-54.99856217239308, -10.236986124386428]]}}, {"type": "Feature", "properties": {"layer": "Fluxo", "dxf_type": "LINE"}, "geometry": {"type": "LineString", "coordinates": [[-54.99852549976742, -10.237011915528806], [-54.998538384262105, -10.236999311832822]]}}, {"type": "Feature", "properties": {"layer": "Fluxo", "dxf_type": "LINE"}, "geometry": {"type": "LineString", "coordinates": [[-54.99854611477819, -10.236991749252212], [-54.99855899927693, -10.236979144651214]]}}, {"type": "Feature", "properties": {"layer": "Fluxo", "dxf_type": "LINE"}, "geometry": {"type": "LineString", "coordinates": [[-54.99853071737061, -10.23699672735323], [-54.99854360186441, -10.23698412365689]]}}, {"type": "Feature", "properties": {"layer": "Fluxo", "dxf_type": "LINE"}, "geometry": {"type": "LineString", "coordinates": [[-54.99855133237996, -10.236976561076053], [-54.998564215965246, -10.236963956469054]]}}, {"type": "Feature", "properties": {"layer": "Fluxo", "dxf_type": "LINE"}, "geometry": {"type": "LineString", "coordinates": [[-54.998525100864754, -10.23699213792854], [-54.99852820445721, -10.236989101757837]]}}, {"type": "Feature", "properties": {"layer": "Fluxo", "dxf_type": "LINE"}, "geometry": {"type": "LineString", "coordinates": [[-54.99853593497319, -10.236981539177481], [-54.998548818553544, -10.236968935475135]]}}, {"type": "Feature", "properties": {"layer": "Fluxo", "dxf_type": "LINE"}, "geometry": {"type": "LineString", "coordinates": [[-54.998556549068546, -10.236961372894076], [-54.99856943356549, -10.236948768292317]]}}, {"type": "Feature", "properties": {"layer": "Fluxo", "dxf_type": "LINE"}, "geometry": {"type": "LineString", "coordinates": [[-54.99852599914846, -10.23698117524021], [-54.99853342114715, -10.236973913576504]]}}, {"type": "Feature", "properties": {"layer": "Fluxo", "dxf_type": "LINE"}, "geometry": {"type": "LineString", "coordinates": [[-54.99854115166259, -10.236966350995909], [-54.9985540361546, -10.236953747298804]]}}, {"type": "Feature", "properties": {"layer": "Fluxo", "dxf_type": "LINE"}, "geometry": {"type": "LineString", "coordinates": [[-54.99856176666907, -10.236946184717539], [-54.99857465116512, -10.236933580115402]]}}, {"type": "Feature", "properties": {"layer": "Fluxo", "dxf_type": "LINE"}, "geometry": {"type": "LineString", "coordinates": [[-54.998582381678624, -10.236926017533436], [-54.99858573869921, -10.236922733437904]]}}, {"type": "Feature", "properties": {"layer": "Fluxo", "dxf_type": "LINE"}, "geometry": {"type": "LineString", "coordinates": [[-54.99862362454501, -10.236885670583925], [-54.99863649526286, -10.236873079452499]]}}, {"type": "Feature", "properties": {"layer": "Fluxo", "dxf_type": "LINE"}, "geometry": {"type": "LineString", "coordinates": [[-54.998644225773425, -10.236865516868495], [-54.99865710934475, -10.236852913160073]]}}, {"type": "Feature", "properties": {"layer": "Fluxo", "dxf_type": "LINE"}, "geometry": {"type": "LineString", "coordinates": [[-54.99866483985434, -10.23684535057537], [-54.99866826114877, -10.236842003599325]]}}, {"type": "Feature", "properties": {"layer": "Fluxo", "dxf_type": "LINE"}, "geometry": {"type": "LineString", "coordinates": [[-54.99852776056123, -10.236969368173026], [-54.998538638749025, -10.236958725400582]]}}, {"type": "Feature", "properties": {"layer": "Fluxo", "dxf_type": "LINE"}, "geometry": {"type": "LineString", "coordinates": [[-54.998546369263934, -10.236951162819757], [-54.99855925375504, -10.236938559122297]]}}, {"type": "Feature", "properties": {"layer": "Fluxo", "dxf_type": "LINE"}, "geometry": {"type": "LineString", "coordinates": [[-54.998566984268976, -10.236930996540789], [-54.998579867851575, -10.236918391932669]]}}, {"type": "Feature", "properties": {"layer": "Fluxo", "dxf_type": "LINE"}, "geometry": {"type": "LineString", "coordinates": [[-54.99858759836453, -10.236910829350478], [-54.99860048285239, -10.236898225650735]]}}, {"type": "Feature", "properties": {"layer": "Fluxo", "dxf_type": "LINE"}, "geometry": {"type": "LineString", "coordinates": [[-54.99860821336438, -10.23689066306786], [-54.99862109785628, -10.236878058463075]]}}, {"type": "Feature", "properties": {"layer": "Fluxo", "dxf_type": "LINE"}, "geometry": {"type": "LineString", "coordinates": [[-54.99862882836729, -10.236870495879515], [-54.998641711945005, -10.236857891267988]]}}, {"type": "Feature", "properties": {"layer": "Fluxo", "dxf_type": "LINE"}, "geometry": {"type": "LineString", "coordinates": [[-54.99864944245504, -10.236850328683746], [-54.998662326938025, -10.236837724980564]]}}, {"type": "Feature", "properties": {"layer": "Fluxo", "dxf_type": "LINE"}, "geometry": {"type": "LineString", "coordinates": [[-54.99867005744708, -10.236830162395636], [-54.998681350655936, -10.236819114499715]]}}, {"type": "Feature", "properties": {"layer": "Fluxo", "dxf_type": "LINE"}, "geometry": {"type": "LineString", "coordinates": [[-54.99853097185277, -10.23695614182506], [-54.99854385635028, -10.236943537224477]]}}, {"type": "Feature", "properties": {"layer": "Fluxo", "dxf_type": "LINE"}, "geometry": {"type": "LineString", "coordinates": [[-54.99855158686466, -10.23693597464343], [-54.99856447044231, -10.23692337093997]]}}, {"type": "Feature", "properties": {"layer": "Fluxo", "dxf_type": "LINE"}, "geometry": {"type": "LineString", "coordinates": [[-54.998572200955714, -10.236915808358237], [-54.99858508544996, -10.236903203755377]]}}, {"type": "Feature", "properties": {"layer": "Fluxo", "dxf_type": "LINE"}, "geometry": {"type": "LineString", "coordinates": [[-54.99859281596238, -10.23689564117296], [-54.99860570044935, -10.236883037472829]]}}, {"type": "Feature", "properties": {"layer": "Fluxo", "dxf_type": "LINE"}, "geometry": {"type": "LineString", "coordinates": [[-54.998613430960795, -10.236875474889729], [-54.998626314539244, -10.236862870278971]]}}, {"type": "Feature", "properties": {"layer": "Fluxo", "dxf_type": "LINE"}, "geometry": {"type": "LineString", "coordinates": [[-54.99863404504971, -10.236855307695187], [-54.99864692953909, -10.236842703088888]]}}, {"type": "Feature", "properties": {"layer": "Fluxo", "dxf_type": "LINE"}, "geometry": {"type": "LineString", "coordinates": [[-54.99865466004859, -10.236835140504418], [-54.998667544530676, -10.236822536800881]]}}, {"type": "Feature", "properties": {"layer": "Fluxo", "dxf_type": "LINE"}, "geometry": {"type": "LineString", "coordinates": [[-54.998675275039204, -10.23681497421573], [-54.99868815861277, -10.236802369601532]]}}, {"type": "Feature", "properties": {"layer": "Fluxo", "dxf_type": "LINE"}, "geometry": {"type": "LineString", "coordinates": [[-54.9985361894543, -10.236940953649142], [-54.99854907303836, -10.236928349042556]]}}, {"type": "Feature", "properties": {"layer": "Fluxo", "dxf_type": "LINE"}, "geometry": {"type": "LineString", "coordinates": [[-54.99855680354653, -10.236920787365175], [-54.99856968804151, -10.236908182763083]]}}, {"type": "Feature", "properties": {"layer": "Fluxo", "dxf_type": "LINE"}, "geometry": {"type": "LineString", "coordinates": [[-54.99857741855437, -10.236900620181128], [-54.998590303047735, -10.23688801557787]]}}, {"type": "Feature", "properties": {"layer": "Fluxo", "dxf_type": "LINE"}, "geometry": {"type": "LineString", "coordinates": [[-54.99859803355962, -10.236880452995235], [-54.99861091713313, -10.236867849289132]]}}, {"type": "Feature", "properties": {"layer": "Fluxo", "dxf_type": "LINE"}, "geometry": {"type": "LineString", "coordinates": [[-54.99861864764404, -10.236860286705808], [-54.99863153213415, -10.236847682100272]]}}, {"type": "Feature", "properties": {"layer": "Fluxo", "dxf_type": "LINE"}, "geometry": {"type": "LineString", "coordinates": [[-54.99863926264408, -10.236840119516266], [-54.99865214713256, -10.236827514909592]]}}, {"type": "Feature", "properties": {"layer": "Fluxo", "dxf_type": "LINE"}, "geometry": {"type": "LineString", "coordinates": [[-54.99865987764152, -10.236819952324916], [-54.99867276121016, -10.236807348615377]]}}, {"type": "Feature", "properties": {"layer": "Fluxo", "dxf_type": "LINE"}, "geometry": {"type": "LineString", "coordinates": [[-54.99868049171814, -10.236799786030002], [-54.998693314682534, -10.236787241605553]]}}, {"type": "Feature", "properties": {"layer": "Fluxo", "dxf_type": "LINE"}, "geometry": {"type": "LineString", "coordinates": [[-54.99854252085894, -10.236924675864898], [-54.99855429063271, -10.236913161769944]]}}, {"type": "Feature", "properties": {"layer": "Fluxo", "dxf_type": "LINE"}, "geometry": {"type": "LineString", "coordinates": [[-54.998562021146, -10.236905599188466], [-54.9985749056401, -10.236892994585983]]}}, {"type": "Feature", "properties": {"layer": "Fluxo", "dxf_type": "LINE"}, "geometry": {"type": "LineString", "coordinates": [[-54.99858263615241, -10.236885432003804], [-54.998595519732326, -10.236872827394567]]}}, {"type": "Feature", "properties": {"layer": "Fluxo", "dxf_type": "LINE"}, "geometry": {"type": "LineString", "coordinates": [[-54.998603250243676, -10.236865264811717], [-54.99861613472884, -10.236852661110843]]}}, {"type": "Feature", "properties": {"layer": "Fluxo", "dxf_type": "LINE"}, "geometry": {"type": "LineString", "coordinates": [[-54.99862386523922, -10.236845098527294], [-54.99863674972843, -10.236832493921387]]}}, {"type": "Feature", "properties": {"layer": "Fluxo", "dxf_type": "LINE"}, "geometry": {"type": "LineString", "coordinates": [[-54.99864448023782, -10.236824931337171], [-54.99865736381286, -10.236812326724513]]}}, {"type": "Feature", "properties": {"layer": "Fluxo", "dxf_type": "LINE"}, "geometry": {"type": "LineString", "coordinates": [[-54.99866509432128, -10.236804764139595], [-54.998677978801574, -10.236792160435295]]}}, {"type": "Feature", "properties": {"layer": "Fluxo", "dxf_type": "LINE"}, "geometry": {"type": "LineString", "coordinates": [[-54.99868570930902, -10.236784597849713], [-54.998696424954204, -10.236774114968421]]}}, {"type": "Feature", "properties": {"layer": "Fluxo", "dxf_type": "LINE"}, "geometry": {"type": "LineString", "coordinates": [[-54.99855679029995, -10.2369006315849], [-54.9985595082321, -10.236897973593269]]}}, {"type": "Feature", "properties": {"layer": "Fluxo", "dxf_type": "LINE"}, "geometry": {"type": "LineString", "coordinates": [[-54.99856723874486, -10.236890411011553], [-54.9985801223255, -10.236877806403083]]}}, {"type": "Feature", "properties": {"layer": "Fluxo", "dxf_type": "LINE"}, "geometry": {"type": "LineString", "coordinates": [[-54.99858785283728, -10.236870243820679], [-54.99860073732885, -10.236857639216694]]}}, {"type": "Feature", "properties": {"layer": "Fluxo", "dxf_type": "LINE"}, "geometry": {"type": "LineString", "coordinates": [[-54.99863908961505, -10.236820120938798], [-54.99864196640953, -10.23681730573671]]}}, {"type": "Feature", "properties": {"layer": "Fluxo", "dxf_type": "LINE"}, "geometry": {"type": "LineString", "coordinates": [[-54.99864969691839, -10.236809743152255], [-54.998662581405085, -10.236797138544835]]}}, {"type": "Feature", "properties": {"layer": "Fluxo", "dxf_type": "LINE"}, "geometry": {"type": "LineString", "coordinates": [[-54.99867031191297, -10.236789575959694], [-54.99868319639236, -10.236776972255038]]}}, {"type": "Feature", "properties": {"layer": "Fluxo", "dxf_type": "LINE"}, "geometry": {"type": "LineString", "coordinates": [[-54.99869092689928, -10.236769409669211], [-54.99869841867391, -10.236762079731028]]}}, {"type": "Feature", "properties": {"layer": "Fluxo", "dxf_type": "LINE"}, "geometry": {"type": "LineString", "coordinates": [[-54.998654914510894, -10.236794554972759], [-54.99866779899669, -10.23678195036498]]}}, {"type": "Feature", "properties": {"layer": "Fluxo", "dxf_type": "LINE"}, "geometry": {"type": "LineString", "coordinates": [[-54.99867552950404, -10.236774387779619], [-54.99868841306999, -10.236761784068959]]}}, {"type": "Feature", "properties": {"layer": "Fluxo", "dxf_type": "LINE"}, "geometry": {"type": "LineString", "coordinates": [[-54.99869614357635, -10.236754221482911], [-54.998699562114695, -10.236750877201114]]}}, {"type": "Feature", "properties": {"layer": "Fluxo", "dxf_type": "LINE"}, "geometry": {"type": "LineString", "coordinates": [[-54.99866013210278, -10.236779366793089], [-54.998673015675124, -10.23676676217931]]}}, {"type": "Feature", "properties": {"layer": "Fluxo", "dxf_type": "LINE"}, "geometry": {"type": "LineString", "coordinates": [[-54.99868074618193, -10.236759199593726], [-54.99869363065954, -10.23674659588832]]}}, {"type": "Feature", "properties": {"layer": "Fluxo", "dxf_type": "LINE"}, "geometry": {"type": "LineString", "coordinates": [[-54.998665348781486, -10.236764178607597], [-54.99867823326549, -10.23675157399906]]}}, {"type": "Feature", "properties": {"layer": "Fluxo", "dxf_type": "LINE"}, "geometry": {"type": "LineString", "coordinates": [[-54.99868596377176, -10.236744011413267], [-54.99869884824847, -10.236731407707468]]}}, {"type": "Feature", "properties": {"layer": "Fluxo", "dxf_type": "LINE"}, "geometry": {"type": "LineString", "coordinates": [[-54.99866226014053, -10.236757116231898], [-54.99866283586542, -10.236756553012883]]}}, {"type": "Feature", "properties": {"layer": "Fluxo", "dxf_type": "LINE"}, "geometry": {"type": "LineString", "coordinates": [[-54.99867056637213, -10.23674899042753], [-54.99868345085524, -10.236736385818634]]}}, {"type": "Feature", "properties": {"layer": "Fluxo", "dxf_type": "LINE"}, "geometry": {"type": "LineString", "coordinates": [[-54.99869118136097, -10.2367288232326], [-54.998699311292604, -10.236720869896201]]}}, {"type": "Feature", "properties": {"layer": "Fluxo", "dxf_type": "LINE"}, "geometry": {"type": "LineString", "coordinates": [[-54.99866329890526, -10.236746016105815], [-54.99866805345598, -10.236741364832863]]}}, {"type": "Feature", "properties": {"layer": "Fluxo", "dxf_type": "LINE"}, "geometry": {"type": "LineString", "coordinates": [[-54.99867578396215, -10.23673380224729], [-54.99868866753181, -10.236721197632388]]}}, {"type": "Feature", "properties": {"layer": "Fluxo", "dxf_type": "LINE"}, "geometry": {"type": "LineString", "coordinates": [[-54.998696398037005, -10.236713635046133], [-54.998698283145295, -10.236711790885316]]}}, {"type": "Feature", "properties": {"layer": "Fluxo", "dxf_type": "LINE"}, "geometry": {"type": "LineString", "coordinates": [[-54.998663531477085, -10.2367357037621], [-54.99867327013336, -10.236726176647021]]}}, {"type": "Feature", "properties": {"layer": "Fluxo", "dxf_type": "LINE"}, "geometry": {"type": "LineString", "coordinates": [[-54.998681000638996, -10.236718614061225], [-54.99869388512031, -10.236706009451565]]}}, {"type": "Feature", "properties": {"layer": "Fluxo", "dxf_type": "LINE"}, "geometry": {"type": "LineString", "coordinates": [[-54.99866560324063, -10.236723593075496], [-54.99867848772268, -10.236710988466607]]}}, {"type": "Feature", "properties": {"layer": "Fluxo", "dxf_type": "LINE"}, "geometry": {"type": "LineString", "coordinates": [[-54.99868621822777, -10.236703425880599], [-54.998695117628124, -10.236694719788852]]}}, {"type": "Feature", "properties": {"layer": "Fluxo", "dxf_type": "LINE"}, "geometry": {"type": "LineString", "coordinates": [[-54.99866214456234, -10.23671689180119], [-54.99866309032469, -10.236715967480825]]}}, {"type": "Feature", "properties": {"layer": "Fluxo", "dxf_type": "LINE"}, "geometry": {"type": "LineString", "coordinates": [[-54.99867082083022, -10.236708404895262], [-54.99868370531137, -10.236695800286011]]}}, {"type": "Feature", "properties": {"layer": "Fluxo", "dxf_type": "LINE"}, "geometry": {"type": "LineString", "coordinates": [[-54.998691435815935, -10.236688237699767], [-54.998693045457706, -10.236686663021777]]}}, {"type": "Feature", "properties": {"layer": "Fluxo", "dxf_type": "LINE"}, "geometry": {"type": "LineString", "coordinates": [[-54.998660703210824, -10.236708217918462], [-54.998668307914194, -10.236700779300635]]}}, {"type": "Feature", "properties": {"layer": "Fluxo", "dxf_type": "LINE"}, "geometry": {"type": "LineString", "coordinates": [[-54.99867603841919, -10.236693216714853], [-54.99868892198689, -10.2366806120996]]}}, {"type": "Feature", "properties": {"layer": "Fluxo", "dxf_type": "LINE"}, "geometry": {"type": "LineString", "coordinates": [[-54.99866064102777, -10.236698194825227], [-54.99867352459053, -10.236685591114629]]}}, {"type": "Feature", "properties": {"layer": "Fluxo", "dxf_type": "LINE"}, "geometry": {"type": "LineString", "coordinates": [[-54.99868125509499, -10.23667802852862], [-54.998688041667734, -10.236671389370176]]}}, {"type": "Feature", "properties": {"layer": "Fluxo", "dxf_type": "LINE"}, "geometry": {"type": "LineString", "coordinates": [[-54.998656603864674, -10.236692060368668], [-54.99865812719948, -10.236690569224953]]}}, {"type": "Feature", "properties": {"layer": "Fluxo", "dxf_type": "LINE"}, "geometry": {"type": "LineString", "coordinates": [[-54.998665857704374, -10.236683006639401], [-54.9986787421788, -10.236670402934045]]}}, {"type": "Feature", "properties": {"layer": "Fluxo", "dxf_type": "LINE"}, "geometry": {"type": "LineString", "coordinates": [[-54.99865401932781, -10.23668450483954], [-54.99866334478856, -10.236675381044773]]}}, {"type": "Feature", "properties": {"layer": "Fluxo", "dxf_type": "LINE"}, "geometry": {"type": "LineString", "coordinates": [[-54.99867107529292, -10.236667818458995], [-54.99868200396113, -10.236657127177434]]}}, {"type": "Feature", "properties": {"layer": "Fluxo", "dxf_type": "LINE"}, "geometry": {"type": "LineString", "coordinates": [[-54.9986556778971, -10.23667279747325], [-54.99866856237136, -10.236660193768303]]}}, {"type": "Feature", "properties": {"layer": "Fluxo", "dxf_type": "LINE"}, "geometry": {"type": "LineString", "coordinates": [[-54.998676292875174, -10.23665263118231], [-54.99867862975359, -10.236650344165845]]}}, {"type": "Feature", "properties": {"layer": "Fluxo", "dxf_type": "LINE"}, "geometry": {"type": "LineString", "coordinates": [[-54.99864791000145, -10.236670312711926], [-54.998653164981576, -10.236665171878617]]}}, {"type": "Feature", "properties": {"layer": "Fluxo", "dxf_type": "LINE"}, "geometry": {"type": "LineString", "coordinates": [[-54.998660895485834, -10.23665760929308], [-54.99867377904664, -10.236645005582128]]}}, {"type": "Feature", "properties": {"layer": "Fluxo", "dxf_type": "LINE"}, "geometry": {"type": "LineString", "coordinates": [[-54.998645498090475, -10.236662588306915], [-54.99865838165768, -10.236649983692846]]}}, {"type": "Feature", "properties": {"layer": "Fluxo", "dxf_type": "LINE"}, "geometry": {"type": "LineString", "coordinates": [[-54.998666112161395, -10.236642421107083], [-54.99867121562858, -10.236637429392745]]}}, {"type": "Feature", "properties": {"layer": "Fluxo", "dxf_type": "LINE"}, "geometry": {"type": "LineString", "coordinates": [[-54.998640661163016, -10.236657235344758], [-54.99864298426268, -10.23665496270663]]}}, {"type": "Feature", "properties": {"layer": "Fluxo", "dxf_type": "LINE"}, "geometry": {"type": "LineString", "coordinates": [[-54.99865071476684, -10.236647400121326], [-54.99866359924571, -10.236634795512497]]}}, {"type": "Feature", "properties": {"layer": "Fluxo", "dxf_type": "LINE"}, "geometry": {"type": "LineString", "coordinates": [[-54.99864053496106, -10.23663719095499], [-54.99865341943975, -10.236624586346572]]}}, {"type": "Feature", "properties": {"layer": "Fluxo", "dxf_type": "LINE"}, "geometry": {"type": "LineString", "coordinates": [[-54.99866114994284, -10.236617023760822], [-54.99866223712221, -10.236615959298112]]}}, {"type": "Feature", "properties": {"layer": "Fluxo", "dxf_type": "LINE"}, "geometry": {"type": "LineString", "coordinates": [[-54.9986308718636, -10.236636559331107], [-54.99863802204603, -10.236629565360328]]}}, {"type": "Feature", "properties": {"layer": "Fluxo", "dxf_type": "LINE"}, "geometry": {"type": "LineString", "coordinates": [[-54.998645752549564, -10.236622002775059], [-54.998658636114804, -10.236609398160635]]}}, {"type": "Feature", "properties": {"layer": "Fluxo", "dxf_type": "LINE"}, "geometry": {"type": "LineString", "coordinates": [[-54.998630355161595, -10.23662698088456], [-54.9986432387219, -10.236614377174812]]}}, {"type": "Feature", "properties": {"layer": "Fluxo", "dxf_type": "LINE"}, "geometry": {"type": "LineString", "coordinates": [[-54.99865096922488, -10.236606814589301], [-54.99865723608892, -10.236600682951625]]}}, {"type": "Feature", "properties": {"layer": "Fluxo", "dxf_type": "LINE"}, "geometry": {"type": "LineString", "coordinates": [[-54.99862562015173, -10.236621529117587], [-54.998627841334304, -10.236619355284283]]}}, {"type": "Feature", "properties": {"layer": "Fluxo", "dxf_type": "LINE"}, "geometry": {"type": "LineString", "coordinates": [[-54.998635571837724, -10.23661179269923], [-54.998648456309695, -10.236599188994703]]}}, {"type": "Feature", "properties": {"layer": "Fluxo", "dxf_type": "LINE"}, "geometry": {"type": "LineString", "coordinates": [[-54.99862314305342, -10.23661386758625], [-54.99863305892291, -10.236604167104575]]}}, {"type": "Feature", "properties": {"layer": "Fluxo", "dxf_type": "LINE"}, "geometry": {"type": "LineString", "coordinates": [[-54.99864078942579, -10.236596604519303], [-54.9986526813057, -10.236584970946899]]}}, {"type": "Feature", "properties": {"layer": "Fluxo", "dxf_type": "LINE"}, "geometry": {"type": "LineString", "coordinates": [[-54.99862539203343, -10.236601583532702], [-54.9986382765109, -10.236588978924686]]}}, {"type": "Feature", "properties": {"layer": "Fluxo", "dxf_type": "LINE"}, "geometry": {"type": "LineString", "coordinates": [[-54.99864600701325, -10.2365814163392], [-54.99865057975351, -10.236576942924673]]}}, {"type": "Feature", "properties": {"layer": "Fluxo", "dxf_type": "LINE"}, "geometry": {"type": "LineString", "coordinates": [[-54.99861850012836, -10.23659824091193], [-54.99862287911891, -10.23659395793803]]}}, {"type": "Feature", "properties": {"layer": "Fluxo", "dxf_type": "LINE"}, "geometry": {"type": "LineString", "coordinates": [[-54.9986306096217, -10.23658639535299], [-54.99864349318571, -10.236573790739001]]}}, {"type": "Feature", "properties": {"layer": "Fluxo", "dxf_type": "LINE"}, "geometry": {"type": "LineString", "coordinates": [[-54.99861633981091, -10.236590270379295], [-54.99862809579454, -10.236578769752752]]}}, {"type": "Feature", "properties": {"layer": "Fluxo", "dxf_type": "LINE"}, "geometry": {"type": "LineString", "coordinates": [[-54.99863582629679, -10.236571207167493], [-54.99864674302514, -10.236560527564235]]}}, {"type": "Feature", "properties": {"layer": "Fluxo", "dxf_type": "LINE"}, "geometry": {"type": "LineString", "coordinates": [[-54.99862042890569, -10.236576186180883], [-54.9986333133821, -10.236563581572883]]}}, {"type": "Feature", "properties": {"layer": "Fluxo", "dxf_type": "LINE"}, "geometry": {"type": "LineString", "coordinates": [[-54.99864104388381, -10.236556018987393], [-54.998645017025474, -10.236552132147137]]}}, {"type": "Feature", "properties": {"layer": "Fluxo", "dxf_type": "LINE"}, "geometry": {"type": "LineString", "coordinates": [[-54.99861235525076, -10.236573999641179], [-54.998617915991375, -10.236568560586221]]}}, {"type": "Feature", "properties": {"layer": "Fluxo", "dxf_type": "LINE"}, "geometry": {"type": "LineString", "coordinates": [[-54.99862564649352, -10.236560998001194], [-54.99863853096903, -10.236548393392823]]}}, {"type": "Feature", "properties": {"layer": "Fluxo", "dxf_type": "LINE"}, "geometry": {"type": "LineString", "coordinates": [[-54.99861053834817, -10.236565693153375], [-54.99862313357913, -10.236553372406563]]}}, {"type": "Feature", "properties": {"layer": "Fluxo", "dxf_type": "LINE"}, "geometry": {"type": "LineString", "coordinates": [[-54.99863086408074, -10.236545809821314], [-54.99864197364023, -10.23653494067623]]}}, {"type": "Feature", "properties": {"layer": "Fluxo", "dxf_type": "LINE"}, "geometry": {"type": "LineString", "coordinates": [[-54.998615466696585, -10.236550787930808], [-54.99862835025371, -10.23653818422112]]}}, {"type": "Feature", "properties": {"layer": "Fluxo", "dxf_type": "LINE"}, "geometry": {"type": "LineString", "coordinates": [[-54.99863608075478, -10.236530621635646], [-54.9986406672676, -10.236526134746995]]}}, {"type": "Feature", "properties": {"layer": "Fluxo", "dxf_type": "LINE"}, "geometry": {"type": "LineString", "coordinates": [[-54.998607272755386, -10.236548719065263], [-54.99861295286993, -10.236543162330543]]}}, {"type": "Feature", "properties": {"layer": "Fluxo", "dxf_type": "LINE"}, "geometry": {"type": "LineString", "coordinates": [[-54.998620683371435, -10.236535599745546], [-54.998633567840216, -10.236522996041078]]}}, {"type": "Feature", "properties": {"layer": "Fluxo", "dxf_type": "LINE"}, "geometry": {"type": "LineString", "coordinates": [[-54.998605833241726, -10.236540043386071], [-54.99861817045725, -10.236527974150926]]}}, {"type": "Feature", "properties": {"layer": "Fluxo", "dxf_type": "LINE"}, "geometry": {"type": "LineString", "coordinates": [[-54.998625900958224, -10.236520411565685], [-54.99863851272023, -10.23650807374494]]}}, {"type": "Feature", "properties": {"layer": "Fluxo", "dxf_type": "LINE"}, "geometry": {"type": "LineString", "coordinates": [[-54.99861050356967, -10.236525390579061], [-54.99862338804395, -10.236512785971101]]}}, {"type": "Feature", "properties": {"layer": "Fluxo", "dxf_type": "LINE"}, "geometry": {"type": "LineString", "coordinates": [[-54.99863111854439, -10.236505223385638], [-54.998637679231315, -10.236498805203583]]}}, {"type": "Feature", "properties": {"layer": "Fluxo", "dxf_type": "LINE"}, "geometry": {"type": "LineString", "coordinates": [[-54.99860336465923, -10.236522290498408], [-54.99860799065578, -10.236517764984418]]}}, {"type": "Feature", "properties": {"layer": "Fluxo", "dxf_type": "LINE"}, "geometry": {"type": "LineString", "coordinates": [[-54.998615721156646, -10.236510202399415], [-54.99862860471748, -10.236497597785489]]}}, {"type": "Feature", "properties": {"layer": "Fluxo", "dxf_type": "LINE"}, "geometry": {"type": "LineString", "coordinates": [[-54.998636335217384, -10.236490035199804], [-54.99863701928611, -10.236489366888055]]}}, {"type": "Feature", "properties": {"layer": "Fluxo", "dxf_type": "LINE"}, "geometry": {"type": "LineString", "coordinates": [[-54.99860234660902, -10.236513202510588], [-54.998613207330116, -10.236502576799213]]}}, {"type": "Feature", "properties": {"layer": "Fluxo", "dxf_type": "LINE"}, "geometry": {"type": "LineString", "coordinates": [[-54.99862093783045, -10.236495014213988], [-54.99863382230294, -10.236482409605285]]}}, {"type": "Feature", "properties": {"layer": "Fluxo", "dxf_type": "LINE"}, "geometry": {"type": "LineString", "coordinates": [[-54.99860554044317, -10.236499993227348], [-54.998618424916394, -10.23648738861941]]}}, {"type": "Feature", "properties": {"layer": "Fluxo", "dxf_type": "LINE"}, "geometry": {"type": "LineString", "coordinates": [[-54.99862615541619, -10.236479826033962], [-54.99863625676121, -10.236469944099563]]}}, {"type": "Feature", "properties": {"layer": "Fluxo", "dxf_type": "LINE"}, "geometry": {"type": "LineString", "coordinates": [[-54.99860077329755, -10.23649457290006], [-54.998603027529484, -10.236492367632717]]}}, {"type": "Feature", "properties": {"layer": "Fluxo", "dxf_type": "LINE"}, "geometry": {"type": "LineString", "coordinates": [[-54.99861075802972, -10.236484805047732], [-54.99862364250205, -10.23647220043942]]}}, {"type": "Feature", "properties": {"layer": "Fluxo", "dxf_type": "LINE"}, "geometry": {"type": "LineString", "coordinates": [[-54.99863137300132, -10.236464637853746], [-54.998636175294884, -10.236459939870118]]}}, {"type": "Feature", "properties": {"layer": "Fluxo", "dxf_type": "LINE"}, "geometry": {"type": "LineString", "coordinates": [[-54.99860023364034, -10.236485016910516], [-54.99860824511595, -10.236477179453132]]}}, {"type": "Feature", "properties": {"layer": "Fluxo", "dxf_type": "LINE"}, "geometry": {"type": "LineString", "coordinates": [[-54.99861597561566, -10.23646961686792], [-54.99862885917453, -10.23645701225364]]}}, {"type": "Feature", "properties": {"layer": "Fluxo", "dxf_type": "LINE"}, "geometry": {"type": "LineString", "coordinates": [[-54.998600578235305, -10.236474594977386], [-54.99861346178925, -10.23646199126776]]}}, {"type": "Feature", "properties": {"layer": "Fluxo", "dxf_type": "LINE"}, "geometry": {"type": "LineString", "coordinates": [[-54.99862119228841, -10.236454428682322], [-54.99863407675894, -10.236441824073266]]}}, {"type": "Feature", "properties": {"layer": "Fluxo", "dxf_type": "LINE"}, "geometry": {"type": "LineString", "coordinates": [[-54.998605794908876, -10.236459406792193], [-54.998618679374474, -10.236446803087789]]}}, {"type": "Feature", "properties": {"layer": "Fluxo", "dxf_type": "LINE"}, "geometry": {"type": "LineString", "coordinates": [[-54.9986264098731, -10.236439240502127], [-54.9986372935404, -10.236428593236246]]}}, {"type": "Feature", "properties": {"layer": "Fluxo", "dxf_type": "LINE"}, "geometry": {"type": "LineString", "coordinates": [[-54.99859970460214, -10.236455281784492], [-54.99860328199531, -10.236451781197605]]}}, {"type": "Feature", "properties": {"layer": "Fluxo", "dxf_type": "LINE"}, "geometry": {"type": "LineString", "coordinates": [[-54.99861101249438, -10.236444218612405], [-54.99862389695908, -10.23643161490763]]}}, {"type": "Feature", "properties": {"layer": "Fluxo", "dxf_type": "LINE"}, "geometry": {"type": "LineString", "coordinates": [[-54.99863162745717, -10.236424052321745], [-54.99863817529268, -10.236417645811306]]}}, {"type": "Feature", "properties": {"layer": "Fluxo", "dxf_type": "LINE"}, "geometry": {"type": "LineString", "coordinates": [[-54.99859992707356, -10.236444979322052], [-54.99860849958073, -10.236436593017853]]}}, {"type": "Feature", "properties": {"layer": "Fluxo", "dxf_type": "LINE"}, "geometry": {"type": "LineString", "coordinates": [[-54.99861623007926, -10.236429030432427], [-54.998629113630514, -10.236416426721682]]}}, {"type": "Feature", "properties": {"layer": "Fluxo", "dxf_type": "LINE"}, "geometry": {"type": "LineString", "coordinates": [[-54.998636844128065, -10.236408864135575], [-54.99863934719679, -10.236406415434987]]}}, {"type": "Feature", "properties": {"layer": "Fluxo", "dxf_type": "LINE"}, "geometry": {"type": "LineString", "coordinates": [[-54.99860083269533, -10.236434009446178], [-54.998613716252976, -10.236421404832292]]}}, {"type": "Feature", "properties": {"layer": "Fluxo", "dxf_type": "LINE"}, "geometry": {"type": "LineString", "coordinates": [[-54.99862144675097, -10.236413842246662], [-54.99863433121388, -10.236401238541141]]}}, {"type": "Feature", "properties": {"layer": "Fluxo", "dxf_type": "LINE"}, "geometry": {"type": "LineString", "coordinates": [[-54.99860604936785, -10.236418821260816], [-54.998618933831494, -10.23640621755606]]}}, {"type": "Feature", "properties": {"layer": "Fluxo", "dxf_type": "LINE"}, "geometry": {"type": "LineString", "coordinates": [[-54.99862666432894, -10.236398654970191], [-54.99863954879662, -10.236386050360409]]}}, {"type": "Feature", "properties": {"layer": "Fluxo", "dxf_type": "LINE"}, "geometry": {"type": "LineString", "coordinates": [[-54.99860197731606, -10.236412720938844], [-54.99860353645441, -10.236411195666271]]}}, {"type": "Feature", "properties": {"layer": "Fluxo", "dxf_type": "LINE"}, "geometry": {"type": "LineString", "coordinates": [[-54.9986112669523, -10.236403633080863], [-54.99862415141505, -10.236391029375731]]}}, {"type": "Feature", "properties": {"layer": "Fluxo", "dxf_type": "LINE"}, "geometry": {"type": "LineString", "coordinates": [[-54.99863188191196, -10.236383466789658], [-54.99864476546619, -10.236370862173889]]}}, {"type": "Feature", "properties": {"layer": "Fluxo", "dxf_type": "LINE"}, "geometry": {"type": "LineString", "coordinates": [[-54.99860318044087, -10.23640146002151], [-54.998608754038784, -10.23639600748635]]}}, {"type": "Feature", "properties": {"layer": "Fluxo", "dxf_type": "LINE"}, "geometry": {"type": "LineString", "coordinates": [[-54.998616484536136, -10.236388444900717], [-54.99862936808543, -10.23637584118962]]}}, {"type": "Feature", "properties": {"layer": "Fluxo", "dxf_type": "LINE"}, "geometry": {"type": "LineString", "coordinates": [[-54.99863709858181, -10.2363682786033], [-54.99864753507271, -10.236358068796962]]}}, {"type": "Feature", "properties": {"layer": "Fluxo", "dxf_type": "LINE"}, "geometry": {"type": "LineString", "coordinates": [[-54.998604678314265, -10.236389910757568], [-54.99861397070998, -10.23638081930064]]}}, {"type": "Feature", "properties": {"layer": "Fluxo", "dxf_type": "LINE"}, "geometry": {"type": "LineString", "coordinates": [[-54.998621701206794, -10.236373256714783], [-54.998634585667745, -10.236360653008912]]}}, {"type": "Feature", "properties": {"layer": "Fluxo", "dxf_type": "LINE"}, "geometry": {"type": "LineString", "coordinates": [[-54.99864231616358, -10.236353090422364], [-54.99865066737587, -10.236344920600894]]}}, {"type": "Feature", "properties": {"layer": "Fluxo", "dxf_type": "LINE"}, "geometry": {"type": "LineString", "coordinates": [[-54.999264315490215, -10.23574459914343], [-54.99927363814391, -10.235735478920882]]}}, {"type": "Feature", "properties": {"layer": "Fluxo", "dxf_type": "LINE"}, "geometry": {"type": "LineString", "coordinates": [[-54.99928136860952, -10.235727916313124], [-54.99929207226556, -10.23571744417487]]}}, {"type": "Feature", "properties": {"layer": "Fluxo", "dxf_type": "LINE"}, "geometry": {"type": "LineString", "coordinates": [[-54.99860649757025, -10.236378046193089], [-54.99861918829311, -10.236365631120337]]}}, {"type": "Feature", "properties": {"layer": "Fluxo", "dxf_type": "LINE"}, "geometry": {"type": "LineString", "coordinates": [[-54.99862691878939, -10.236358068534253], [-54.99863980324944, -10.236345464828009]]}}, {"type": "Feature", "properties": {"layer": "Fluxo", "dxf_type": "LINE"}, "geometry": {"type": "LineString", "coordinates": [[-54.998647533744744, -10.236337902241258], [-54.99865435428926, -10.23633122894203]]}}, {"type": "Feature", "properties": {"layer": "Fluxo", "dxf_type": "LINE"}, "geometry": {"type": "LineString", "coordinates": [[-54.999237154876255, -10.235761085138167], [-54.999237625921474, -10.235760624321308]]}}, {"type": "Feature", "properties": {"layer": "Fluxo", "dxf_type": "LINE"}, "geometry": {"type": "LineString", "coordinates": [[-54.9992453563885, -10.235753061714696], [-54.99925824080546, -10.235740457070348]]}}, {"type": "Feature", "properties": {"layer": "Fluxo", "dxf_type": "LINE"}, "geometry": {"type": "LineString", "coordinates": [[-54.999265971271505, -10.23573289446307], [-54.999278854768626, -10.23572029071586]]}}, {"type": "Feature", "properties": {"layer": "Fluxo", "dxf_type": "LINE"}, "geometry": {"type": "LineString", "coordinates": [[-54.9992865852337, -10.235712728107876], [-54.999288777016524, -10.235710583916683]]}}, {"type": "Feature", "properties": {"layer": "Fluxo", "dxf_type": "LINE"}, "geometry": {"type": "LineString", "coordinates": [[-54.99861152140917, -10.23636304754921], [-54.99862440587562, -10.236350442939843]]}}, {"type": "Feature", "properties": {"layer": "Fluxo", "dxf_type": "LINE"}, "geometry": {"type": "LineString", "coordinates": [[-54.998632136371356, -10.236342880353536], [-54.998645019917966, -10.23633027664132]]}}, {"type": "Feature", "properties": {"layer": "Fluxo", "dxf_type": "LINE"}, "geometry": {"type": "LineString", "coordinates": [[-54.99865275041273, -10.236322714054326], [-54.998658689459894, -10.23631690400395]]}}, {"type": "Feature", "properties": {"layer": "Fluxo", "dxf_type": "LINE"}, "geometry": {"type": "LineString", "coordinates": [[-54.99920934507474, -10.235778207116779], [-54.99922222857584, -10.23576560337263]]}}, {"type": "Feature", "properties": {"layer": "Fluxo", "dxf_type": "LINE"}, "geometry": {"type": "LineString", "coordinates": [[-54.9992299590433, -10.235758040766482], [-54.99924284346099, -10.2357454361229]]}}, {"type": "Feature", "properties": {"layer": "Fluxo", "dxf_type": "LINE"}, "geometry": {"type": "LineString", "coordinates": [[-54.999250573927476, -10.235737873516083], [-54.99926345834355, -10.235725268871361]]}}, {"type": "Feature", "properties": {"layer": "Fluxo", "dxf_type": "LINE"}, "geometry": {"type": "LineString", "coordinates": [[-54.999271188809054, -10.23571770626384], [-54.99928407230528, -10.235705102516256]]}}, {"type": "Feature", "properties": {"layer": "Fluxo", "dxf_type": "LINE"}, "geometry": {"type": "LineString", "coordinates": [[-54.99861673899195, -10.236347859368898], [-54.998629622544954, -10.236335254753563]]}}, {"type": "Feature", "properties": {"layer": "Fluxo", "dxf_type": "LINE"}, "geometry": {"type": "LineString", "coordinates": [[-54.99863735304016, -10.236327692167027], [-54.998650237498424, -10.236315088460037]]}}, {"type": "Feature", "properties": {"layer": "Fluxo", "dxf_type": "LINE"}, "geometry": {"type": "LineString", "coordinates": [[-54.99865796799265, -10.236307525872821], [-54.99866379409834, -10.236301826310259]]}}, {"type": "Feature", "properties": {"layer": "Fluxo", "dxf_type": "LINE"}, "geometry": {"type": "LineString", "coordinates": [[-54.99917804420929, -10.235798744346388], [-54.99918621725915, -10.23579074877152]]}}, {"type": "Feature", "properties": {"layer": "Fluxo", "dxf_type": "LINE"}, "geometry": {"type": "LineString", "coordinates": [[-54.99919394772802, -10.235783186166517], [-54.99920683123551, -10.235770581519247]]}}, {"type": "Feature", "properties": {"layer": "Fluxo", "dxf_type": "LINE"}, "geometry": {"type": "LineString", "coordinates": [[-54.99921456170341, -10.235763018913554], [-54.999227446116166, -10.23575041517463]]}}, {"type": "Feature", "properties": {"layer": "Fluxo", "dxf_type": "LINE"}, "geometry": {"type": "LineString", "coordinates": [[-54.99923517658309, -10.235742852568254], [-54.99924806099989, -10.23573024792432]]}}, {"type": "Feature", "properties": {"layer": "Fluxo", "dxf_type": "LINE"}, "geometry": {"type": "LineString", "coordinates": [[-54.999255791465835, -10.23572268531726], [-54.999268674968455, -10.235710080666554]]}}, {"type": "Feature", "properties": {"layer": "Fluxo", "dxf_type": "LINE"}, "geometry": {"type": "LineString", "coordinates": [[-54.99927640543343, -10.235702518058808], [-54.99928218652447, -10.235696862496424]]}}, {"type": "Feature", "properties": {"layer": "Fluxo", "dxf_type": "LINE"}, "geometry": {"type": "LineString", "coordinates": [[-54.99862195566156, -10.236332671182796], [-54.99863484012622, -10.236320066572683]]}}, {"type": "Feature", "properties": {"layer": "Fluxo", "dxf_type": "LINE"}, "geometry": {"type": "LineString", "coordinates": [[-54.99864257062089, -10.236312503985928], [-54.99865545507826, -10.23629990027858]]}}, {"type": "Feature", "properties": {"layer": "Fluxo", "dxf_type": "LINE"}, "geometry": {"type": "LineString", "coordinates": [[-54.99866318557194, -10.236292337691138], [-54.99866983807513, -10.236285829679765]]}}, {"type": "Feature", "properties": {"layer": "Fluxo", "dxf_type": "LINE"}, "geometry": {"type": "LineString", "coordinates": [[-54.99914529164439, -10.235820700846036], [-54.99915020502461, -10.235815894159714]]}}, {"type": "Feature", "properties": {"layer": "Fluxo", "dxf_type": "LINE"}, "geometry": {"type": "LineString", "coordinates": [[-54.99915793549489, -10.235808331555855], [-54.99917081991163, -10.235795727819976]]}}, {"type": "Feature", "properties": {"layer": "Fluxo", "dxf_type": "LINE"}, "geometry": {"type": "LineString", "coordinates": [[-54.99917855038095, -10.235788165215427], [-54.999191433889166, -10.235775560568927]]}}, {"type": "Feature", "properties": {"layer": "Fluxo", "dxf_type": "LINE"}, "geometry": {"type": "LineString", "coordinates": [[-54.999199164357506, -10.235767997963698], [-54.999212048776656, -10.235755393321648]]}}, {"type": "Feature", "properties": {"layer": "Fluxo", "dxf_type": "LINE"}, "geometry": {"type": "LineString", "coordinates": [[-54.999219779244015, -10.235747830715738], [-54.99923266365588, -10.235735226976454]]}}, {"type": "Feature", "properties": {"layer": "Fluxo", "dxf_type": "LINE"}, "geometry": {"type": "LineString", "coordinates": [[-54.99924039412226, -10.235727664369856], [-54.99925327762561, -10.235715059719917]]}}, {"type": "Feature", "properties": {"layer": "Fluxo", "dxf_type": "LINE"}, "geometry": {"type": "LineString", "coordinates": [[-54.999261008091025, -10.235707497112635], [-54.99926881935912, -10.235699855456575]]}}, {"type": "Feature", "properties": {"layer": "Fluxo", "dxf_type": "LINE"}, "geometry": {"type": "LineString", "coordinates": [[-54.99861774220432, -10.236326709195657], [-54.998619442748, -10.236325045588396]]}}, {"type": "Feature", "properties": {"layer": "Fluxo", "dxf_type": "LINE"}, "geometry": {"type": "LineString", "coordinates": [[-54.99862717324311, -10.236317483002098], [-54.99864005770687, -10.236304878391612]]}}, {"type": "Feature", "properties": {"layer": "Fluxo", "dxf_type": "LINE"}, "geometry": {"type": "LineString", "coordinates": [[-54.998647788201, -10.23629731580465], [-54.998660671744915, -10.236284712091297]]}}, {"type": "Feature", "properties": {"layer": "Fluxo", "dxf_type": "LINE"}, "geometry": {"type": "LineString", "coordinates": [[-54.998668402238074, -10.236277149503637], [-54.998677069315065, -10.236268670673903]]}}, {"type": "Feature", "properties": {"layer": "Fluxo", "dxf_type": "LINE"}, "geometry": {"type": "LineString", "coordinates": [[-54.99910952272561, -10.235845609088605], [-54.999114192779125, -10.235841040446678]]}}, {"type": "Feature", "properties": {"layer": "Fluxo", "dxf_type": "LINE"}, "geometry": {"type": "LineString", "coordinates": [[-54.99912192325082, -10.235833477843961], [-54.999134807675574, -10.235820873206102]]}}, {"type": "Feature", "properties": {"layer": "Fluxo", "dxf_type": "LINE"}, "geometry": {"type": "LineString", "coordinates": [[-54.9991425381463, -10.235813310602715], [-54.99915542256943, -10.235800705963717]]}}, {"type": "Feature", "properties": {"layer": "Fluxo", "dxf_type": "LINE"}, "geometry": {"type": "LineString", "coordinates": [[-54.999163153039184, -10.23579314335963], [-54.999176036542465, -10.235780539617771]]}}, {"type": "Feature", "properties": {"layer": "Fluxo", "dxf_type": "LINE"}, "geometry": {"type": "LineString", "coordinates": [[-54.99918376701124, -10.235772977013017], [-54.99919665143113, -10.23576037237174]]}}, {"type": "Feature", "properties": {"layer": "Fluxo", "dxf_type": "LINE"}, "geometry": {"type": "LineString", "coordinates": [[-54.99920438189892, -10.235752809766282], [-54.99921726631718, -10.235740205123864]]}}, {"type": "Feature", "properties": {"layer": "Fluxo", "dxf_type": "LINE"}, "geometry": {"type": "LineString", "coordinates": [[-54.999224996784, -10.235732642517739], [-54.99923788028241, -10.23572003877246]]}}, {"type": "Feature", "properties": {"layer": "Fluxo", "dxf_type": "LINE"}, "geometry": {"type": "LineString", "coordinates": [[-54.99862181018002, -10.236312644752804], [-54.99862466032947, -10.236309857407733]]}}, {"type": "Feature", "properties": {"layer": "Fluxo", "dxf_type": "LINE"}, "geometry": {"type": "LineString", "coordinates": [[-54.99863239082403, -10.236302294821215], [-54.99864527437435, -10.236289690204757]]}}, {"type": "Feature", "properties": {"layer": "Fluxo", "dxf_type": "LINE"}, "geometry": {"type": "LineString", "coordinates": [[-54.99865300486793, -10.23628212761755], [-54.99866588932351, -10.23626952390944]]}}, {"type": "Feature", "properties": {"layer": "Fluxo", "dxf_type": "LINE"}, "geometry": {"type": "LineString", "coordinates": [[-54.99867361981613, -10.236261961321572], [-54.99868587988634, -10.236249967536335]]}}, {"type": "Feature", "properties": {"layer": "Fluxo", "dxf_type": "LINE"}, "geometry": {"type": "LineString", "coordinates": [[-54.999069513472946, -10.235874665573254], [-54.999078181446556, -10.235866185830263]]}}, {"type": "Feature", "properties": {"layer": "Fluxo", "dxf_type": "LINE"}, "geometry": {"type": "LineString", "coordinates": [[-54.999085911919664, -10.235858623228705], [-54.99909879543423, -10.235846018587143]]}}, {"type": "Feature", "properties": {"layer": "Fluxo", "dxf_type": "LINE"}, "geometry": {"type": "LineString", "coordinates": [[-54.99910652590637, -10.235838455984883], [-54.99911941032619, -10.235825852251683]]}}, {"type": "Feature", "properties": {"layer": "Fluxo", "dxf_type": "LINE"}, "geometry": {"type": "LineString", "coordinates": [[-54.99912714079735, -10.23581828964876], [-54.99914002522121, -10.235805685010527]]}}, {"type": "Feature", "properties": {"layer": "Fluxo", "dxf_type": "LINE"}, "geometry": {"type": "LineString", "coordinates": [[-54.999147755691396, -10.2357981224069], [-54.99916063920108, -10.23578551776192]]}}, {"type": "Feature", "properties": {"layer": "Fluxo", "dxf_type": "LINE"}, "geometry": {"type": "LineString", "coordinates": [[-54.99916836967029, -10.235777955157609], [-54.99918125408524, -10.235765351421001]]}}, {"type": "Feature", "properties": {"layer": "Fluxo", "dxf_type": "LINE"}, "geometry": {"type": "LineString", "coordinates": [[-54.99918898455347, -10.235757788816008], [-54.999201868972456, -10.235745184174355]]}}, {"type": "Feature", "properties": {"layer": "Fluxo", "dxf_type": "LINE"}, "geometry": {"type": "LineString", "coordinates": [[-54.999209599439716, -10.235737621568695], [-54.99921549806988, -10.235731850124322]]}}, {"type": "Feature", "properties": {"layer": "Fluxo", "dxf_type": "LINE"}, "geometry": {"type": "LineString", "coordinates": [[-54.99862654110444, -10.236297932658378], [-54.998629876997754, -10.23629466922128]]}}, {"type": "Feature", "properties": {"layer": "Fluxo", "dxf_type": "LINE"}, "geometry": {"type": "LineString", "coordinates": [[-54.99863760749178, -10.236287106634538], [-54.998650491953754, -10.236274502023305]]}}, {"type": "Feature", "properties": {"layer": "Fluxo", "dxf_type": "LINE"}, "geometry": {"type": "LineString", "coordinates": [[-54.99865822244681, -10.236266939435879], [-54.99867110690148, -10.236254335727411]]}}, {"type": "Feature", "properties": {"layer": "Fluxo", "dxf_type": "LINE"}, "geometry": {"type": "LineString", "coordinates": [[-54.99867883739356, -10.2362467731393], [-54.99869172093974, -10.236234168520172]]}}, {"type": "Feature", "properties": {"layer": "Fluxo", "dxf_type": "LINE"}, "geometry": {"type": "LineString", "coordinates": [[-54.99902928476506, -10.235903935836037], [-54.99904216919615, -10.23589133120315]]}}, {"type": "Feature", "properties": {"layer": "Fluxo", "dxf_type": "LINE"}, "geometry": {"type": "LineString", "coordinates": [[-54.99904989967067, -10.235883768602722], [-54.999062784094484, -10.235871164872565]]}}, {"type": "Feature", "properties": {"layer": "Fluxo", "dxf_type": "LINE"}, "geometry": {"type": "LineString", "coordinates": [[-54.999070514568025, -10.235863602271452], [-54.999083398083314, -10.235850997630678]]}}, {"type": "Feature", "properties": {"layer": "Fluxo", "dxf_type": "LINE"}, "geometry": {"type": "LineString", "coordinates": [[-54.99909112855589, -10.23584343502888], [-54.99910401298211, -10.23583083039256]]}}, {"type": "Feature", "properties": {"layer": "Fluxo", "dxf_type": "LINE"}, "geometry": {"type": "LineString", "coordinates": [[-54.9991117434537, -10.235823267790076], [-54.99912462787263, -10.235810664056519]]}}, {"type": "Feature", "properties": {"layer": "Fluxo", "dxf_type": "LINE"}, "geometry": {"type": "LineString", "coordinates": [[-54.99913235834325, -10.235803101453351], [-54.99914524185367, -10.235790496809136]]}}, {"type": "Feature", "properties": {"layer": "Fluxo", "dxf_type": "LINE"}, "geometry": {"type": "LineString", "coordinates": [[-54.99915297232332, -10.235782934205286], [-54.99916585674466, -10.23577032956556]]}}, {"type": "Feature", "properties": {"layer": "Fluxo", "dxf_type": "LINE"}, "geometry": {"type": "LineString", "coordinates": [[-54.999173587213335, -10.235762766961026], [-54.99918647162738, -10.235750163224026]]}}, {"type": "Feature", "properties": {"layer": "Fluxo", "dxf_type": "LINE"}, "geometry": {"type": "LineString", "coordinates": [[-54.99863205894282, -10.236282450741149], [-54.99863509457797, -10.236279481040237]]}}, {"type": "Feature", "properties": {"layer": "Fluxo", "dxf_type": "LINE"}, "geometry": {"type": "LineString", "coordinates": [[-54.99864282507146, -10.236271918453271], [-54.99865570953254, -10.236259313841678]]}}, {"type": "Feature", "properties": {"layer": "Fluxo", "dxf_type": "LINE"}, "geometry": {"type": "LineString", "coordinates": [[-54.998663440025055, -10.23625175125403], [-54.998676323566286, -10.236239147539555]]}}, {"type": "Feature", "properties": {"layer": "Fluxo", "dxf_type": "LINE"}, "geometry": {"type": "LineString", "coordinates": [[-54.998684054057826, -10.23623158495122], [-54.99869693851566, -10.23621898033735]]}}, {"type": "Feature", "properties": {"layer": "Fluxo", "dxf_type": "LINE"}, "geometry": {"type": "LineString", "coordinates": [[-54.99870466900622, -10.236211417748333], [-54.99871170899535, -10.236204530662949]]}}, {"type": "Feature", "properties": {"layer": "Fluxo", "dxf_type": "LINE"}, "geometry": {"type": "LineString", "coordinates": [[-54.99896338725973, -10.23595831834342], [-54.998964928029686, -10.235956811033878]]}}, {"type": "Feature", "properties": {"layer": "Fluxo", "dxf_type": "LINE"}, "geometry": {"type": "LineString", "coordinates": [[-54.998972658507576, -10.235949248435963], [-54.99898554294265, -10.235936643806124]]}}, {"type": "Feature", "properties": {"layer": "Fluxo", "dxf_type": "LINE"}, "geometry": {"type": "LineString", "coordinates": [[-54.99899327341956, -10.235929081207528], [-54.99900615785301, -10.235916476576532]]}}, {"type": "Feature", "properties": {"layer": "Fluxo", "dxf_type": "LINE"}, "geometry": {"type": "LineString", "coordinates": [[-54.999013888328946, -10.235908913977246], [-54.99902677184255, -10.235896310243406]]}}, {"type": "Feature", "properties": {"layer": "Fluxo", "dxf_type": "LINE"}, "geometry": {"type": "LineString", "coordinates": [[-54.999034502317514, -10.235888747643438], [-54.99904738674771, -10.235876143010161]]}}, {"type": "Feature", "properties": {"layer": "Fluxo", "dxf_type": "LINE"}, "geometry": {"type": "LineString", "coordinates": [[-54.999055117221694, -10.23586858040951], [-54.999068000732045, -10.235855976673388]]}}, {"type": "Feature", "properties": {"layer": "Fluxo", "dxf_type": "LINE"}, "geometry": {"type": "LineString", "coordinates": [[-54.99907573120506, -10.235848414072052], [-54.99908861563201, -10.235835809436495]]}}, {"type": "Feature", "properties": {"layer": "Fluxo", "dxf_type": "LINE"}, "geometry": {"type": "LineString", "coordinates": [[-54.99909634610405, -10.235828246834473], [-54.99910923052936, -10.235815642197794]]}}, {"type": "Feature", "properties": {"layer": "Fluxo", "dxf_type": "LINE"}, "geometry": {"type": "LineString", "coordinates": [[-54.99911696100043, -10.23580807959509], [-54.9991298445059, -10.235795475855529]]}}, {"type": "Feature", "properties": {"layer": "Fluxo", "dxf_type": "LINE"}, "geometry": {"type": "LineString", "coordinates": [[-54.99913757497599, -10.235787913252139], [-54.99915045939807, -10.235775308613178]]}}, {"type": "Feature", "properties": {"layer": "Fluxo", "dxf_type": "LINE"}, "geometry": {"type": "LineString", "coordinates": [[-54.99863853723854, -10.236266029226838], [-54.99864031215757, -10.236264292859]]}}, {"type": "Feature", "properties": {"layer": "Fluxo", "dxf_type": "LINE"}, "geometry": {"type": "LineString", "coordinates": [[-54.998648042650515, -10.236256730271826], [-54.99866092619815, -10.236244125654233]]}}, {"type": "Feature", "properties": {"layer": "Fluxo", "dxf_type": "LINE"}, "geometry": {"type": "LineString", "coordinates": [[-54.99866865669013, -10.23623656306636], [-54.998681541143014, -10.236223959357126]]}}, {"type": "Feature", "properties": {"layer": "Fluxo", "dxf_type": "LINE"}, "geometry": {"type": "LineString", "coordinates": [[-54.99868927163402, -10.236216396768583], [-54.99870215609095, -10.23620379215432]]}}, {"type": "Feature", "properties": {"layer": "Fluxo", "dxf_type": "LINE"}, "geometry": {"type": "LineString", "coordinates": [[-54.99870988658098, -10.23619622956508], [-54.998722770123734, -10.236183624944067]]}}, {"type": "Feature", "properties": {"layer": "Fluxo", "dxf_type": "LINE"}, "geometry": {"type": "LineString", "coordinates": [[-54.99873050061279, -10.23617606235415], [-54.9987433850608, -10.236163458641501]]}}, {"type": "Feature", "properties": {"layer": "Fluxo", "dxf_type": "LINE"}, "geometry": {"type": "LineString", "coordinates": [[-54.99875111554888, -10.236155896050889], [-54.99876399908838, -10.236143291427595]]}}, {"type": "Feature", "properties": {"layer": "Fluxo", "dxf_type": "LINE"}, "geometry": {"type": "LineString", "coordinates": [[-54.99877172957548, -10.236135728836313], [-54.998784614020245, -10.236123125121377]]}}, {"type": "Feature", "properties": {"layer": "Fluxo", "dxf_type": "LINE"}, "geometry": {"type": "LineString", "coordinates": [[-54.99879234450638, -10.236115562529399], [-54.99880522895518, -10.236102957909436]]}}, {"type": "Feature", "properties": {"layer": "Fluxo", "dxf_type": "LINE"}, "geometry": {"type": "LineString", "coordinates": [[-54.99881295944033, -10.236095395316788], [-54.99882584297496, -10.23608279069007]]}}, {"type": "Feature", "properties": {"layer": "Fluxo", "dxf_type": "LINE"}, "geometry": {"type": "LineString", "coordinates": [[-54.99883357345914, -10.236075228096722], [-54.99884645789902, -10.236062624378368]]}}, {"type": "Feature", "properties": {"layer": "Fluxo", "dxf_type": "LINE"}, "geometry": {"type": "LineString", "coordinates": [[-54.998854188382225, -10.236055061784349], [-54.99886707282615, -10.236042457160965]]}}, {"type": "Feature", "properties": {"layer": "Fluxo", "dxf_type": "LINE"}, "geometry": {"type": "LineString", "coordinates": [[-54.998874803308375, -10.236034894566245], [-54.998887686838124, -10.236022289936109]]}}, {"type": "Feature", "properties": {"layer": "Fluxo", "dxf_type": "LINE"}, "geometry": {"type": "LineString", "coordinates": [[-54.99889541731938, -10.236014727340725], [-54.99890830175439, -10.236002123618947]]}}, {"type": "Feature", "properties": {"layer": "Fluxo", "dxf_type": "LINE"}, "geometry": {"type": "LineString", "coordinates": [[-54.99891603223467, -10.23599456102286], [-54.99892891667372, -10.235981956396056]]}}, {"type": "Feature", "properties": {"layer": "Fluxo", "dxf_type": "LINE"}, "geometry": {"type": "LineString", "coordinates": [[-54.998936647153016, -10.235974393799301], [-54.9989495306779, -10.235961789165742]]}}, {"type": "Feature", "properties": {"layer": "Fluxo", "dxf_type": "LINE"}, "geometry": {"type": "LineString", "coordinates": [[-54.99895726115622, -10.235954226568287], [-54.99897014558636, -10.235941622843088]]}}, {"type": "Feature", "properties": {"layer": "Fluxo", "dxf_type": "LINE"}, "geometry": {"type": "LineString", "coordinates": [[-54.998977876063705, -10.235934060244967], [-54.99899076049788, -10.235921455614738]]}}, {"type": "Feature", "properties": {"layer": "Fluxo", "dxf_type": "LINE"}, "geometry": {"type": "LineString", "coordinates": [[-54.99899849097426, -10.235913893015915], [-54.99901137449426, -10.235901288378935]]}}, {"type": "Feature", "properties": {"layer": "Fluxo", "dxf_type": "LINE"}, "geometry": {"type": "LineString", "coordinates": [[-54.99901910496399, -10.235893726683333], [-54.99903198939492, -10.235881122050825]]}}, {"type": "Feature", "properties": {"layer": "Fluxo", "dxf_type": "LINE"}, "geometry": {"type": "LineString", "coordinates": [[-54.99903971986935, -10.235873559450631], [-54.9990526033861, -10.235860954811372]]}}, {"type": "Feature", "properties": {"layer": "Fluxo", "dxf_type": "LINE"}, "geometry": {"type": "LineString", "coordinates": [[-54.99906033385954, -10.235853392210512], [-54.99907321828156, -10.23584078847961]]}}, {"type": "Feature", "properties": {"layer": "Fluxo", "dxf_type": "LINE"}, "geometry": {"type": "LineString", "coordinates": [[-54.999080948754035, -10.23583322587805], [-54.999093833180076, -10.235820621242123]]}}, {"type": "Feature", "properties": {"layer": "Fluxo", "dxf_type": "LINE"}, "geometry": {"type": "LineString", "coordinates": [[-54.99910156365158, -10.235813058639893], [-54.99911444716346, -10.235800453997213]]}}, {"type": "Feature", "properties": {"layer": "Fluxo", "dxf_type": "LINE"}, "geometry": {"type": "LineString", "coordinates": [[-54.99912217763398, -10.235792891394283], [-54.99912327030674, -10.235791823347279]]}}, {"type": "Feature", "properties": {"layer": "Fluxo", "dxf_type": "LINE"}, "geometry": {"type": "LineString", "coordinates": [[-54.99865325931641, -10.23624154208456], [-54.998666143775694, -10.236228937472207]]}}, {"type": "Feature", "properties": {"layer": "Fluxo", "dxf_type": "LINE"}, "geometry": {"type": "LineString", "coordinates": [[-54.99867387426714, -10.23622137488411], [-54.99868675871913, -10.236208771174521]]}}, {"type": "Feature", "properties": {"layer": "Fluxo", "dxf_type": "LINE"}, "geometry": {"type": "LineString", "coordinates": [[-54.9986944892096, -10.236201208585737], [-54.99870737275308, -10.236188603965491]]}}, {"type": "Feature", "properties": {"layer": "Fluxo", "dxf_type": "LINE"}, "geometry": {"type": "LineString", "coordinates": [[-54.99871510324257, -10.236181041376023], [-54.99872798769698, -10.236168436760265]]}}, {"type": "Feature", "properties": {"layer": "Fluxo", "dxf_type": "LINE"}, "geometry": {"type": "LineString", "coordinates": [[-54.99873571818549, -10.236160874170114], [-54.99874860263262, -10.236148270457088]]}}, {"type": "Feature", "properties": {"layer": "Fluxo", "dxf_type": "LINE"}, "geometry": {"type": "LineString", "coordinates": [[-54.9987563322076, -10.236140707860654], [-54.998769216658765, -10.236128103242603]]}}, {"type": "Feature", "properties": {"layer": "Fluxo", "dxf_type": "LINE"}, "geometry": {"type": "LineString", "coordinates": [[-54.99877694714532, -10.23612054065108], [-54.99878983158919, -10.236107936935772]]}}, {"type": "Feature", "properties": {"layer": "Fluxo", "dxf_type": "LINE"}, "geometry": {"type": "LineString", "coordinates": [[-54.998797562074785, -10.236100374343586], [-54.99881044561014, -10.236087769717637]]}}, {"type": "Feature", "properties": {"layer": "Fluxo", "dxf_type": "LINE"}, "geometry": {"type": "LineString", "coordinates": [[-54.99881817609475, -10.236080207124747], [-54.998831060541036, -10.236067602503269]]}}, {"type": "Feature", "properties": {"layer": "Fluxo", "dxf_type": "LINE"}, "geometry": {"type": "LineString", "coordinates": [[-54.99883879102468, -10.236060039909697], [-54.99885167546367, -10.236047436190985]]}}, {"type": "Feature", "properties": {"layer": "Fluxo", "dxf_type": "LINE"}, "geometry": {"type": "LineString", "coordinates": [[-54.998859405946334, -10.236039873596727], [-54.99887228947681, -10.236027268967355]]}}, {"type": "Feature", "properties": {"layer": "Fluxo", "dxf_type": "LINE"}, "geometry": {"type": "LineString", "coordinates": [[-54.998880019958506, -10.236019706372431], [-54.99889290439991, -10.236007101747534]]}}, {"type": "Feature", "properties": {"layer": "Fluxo", "dxf_type": "LINE"}, "geometry": {"type": "LineString", "coordinates": [[-54.99890063488063, -10.235999539151905], [-54.99891351931474, -10.235986935429755]]}}, {"type": "Feature", "properties": {"layer": "Fluxo", "dxf_type": "LINE"}, "geometry": {"type": "LineString", "coordinates": [[-54.99892124979448, -10.235979372833462], [-54.998934133320084, -10.23596676820067]]}}, {"type": "Feature", "properties": {"layer": "Fluxo", "dxf_type": "LINE"}, "geometry": {"type": "LineString", "coordinates": [[-54.99894186379884, -10.235959205603677], [-54.99895474823538, -10.235946600975359]]}}, {"type": "Feature", "properties": {"layer": "Fluxo", "dxf_type": "LINE"}, "geometry": {"type": "LineString", "coordinates": [[-54.99896247871317, -10.235939038377678], [-54.99897536314241, -10.235926434652121]]}}, {"type": "Feature", "properties": {"layer": "Fluxo", "dxf_type": "LINE"}, "geometry": {"type": "LineString", "coordinates": [[-54.99898309361922, -10.235918872053759], [-54.99899597713995, -10.23590626741755]]}}, {"type": "Feature", "properties": {"layer": "Fluxo", "dxf_type": "LINE"}, "geometry": {"type": "LineString", "coordinates": [[-54.999003707615785, -10.235898704818519], [-54.99901659204178, -10.235886101090667]]}}, {"type": "Feature", "properties": {"layer": "Fluxo", "dxf_type": "LINE"}, "geometry": {"type": "LineString", "coordinates": [[-54.99902432251664, -10.235878538490933], [-54.99903720603412, -10.235865933852441]]}}, {"type": "Feature", "properties": {"layer": "Fluxo", "dxf_type": "LINE"}, "geometry": {"type": "LineString", "coordinates": [[-54.999044936508, -10.235858371252045], [-54.99905782093641, -10.235845766618016]]}}, {"type": "Feature", "properties": {"layer": "Fluxo", "dxf_type": "LINE"}, "geometry": {"type": "LineString", "coordinates": [[-54.99906555140932, -10.235838204016918], [-54.999078435830434, -10.235825600285645]]}}, {"type": "Feature", "properties": {"layer": "Fluxo", "dxf_type": "LINE"}, "geometry": {"type": "LineString", "coordinates": [[-54.99908616630238, -10.235818037683881], [-54.99908739671927, -10.235816833087544]]}}, {"type": "Feature", "properties": {"layer": "Fluxo", "dxf_type": "LINE"}, "geometry": {"type": "LineString", "coordinates": [[-54.99865847689423, -10.236226353902719], [-54.99867136135262, -10.236213749290009]]}}, {"type": "Feature", "properties": {"layer": "Fluxo", "dxf_type": "LINE"}, "geometry": {"type": "LineString", "coordinates": [[-54.99867909184352, -10.236206186701684], [-54.998691975382066, -10.236193582986095]]}}, {"type": "Feature", "properties": {"layer": "Fluxo", "dxf_type": "LINE"}, "geometry": {"type": "LineString", "coordinates": [[-54.998699705872, -10.236186020397088], [-54.99871259032714, -10.236173415782096]]}}, {"type": "Feature", "properties": {"layer": "Fluxo", "dxf_type": "LINE"}, "geometry": {"type": "LineString", "coordinates": [[-54.99872032081609, -10.236165853192407], [-54.99873320526394, -10.236153249480148]]}}, {"type": "Feature", "properties": {"layer": "Fluxo", "dxf_type": "LINE"}, "geometry": {"type": "LineString", "coordinates": [[-54.99874093575192, -10.23614568688977], [-54.99875381929125, -10.236133082266885]]}}, {"type": "Feature", "properties": {"layer": "Fluxo", "dxf_type": "LINE"}, "geometry": {"type": "LineString", "coordinates": [[-54.99876154977825, -10.236125519675827], [-54.998774434228515, -10.236112915057399]]}}, {"type": "Feature", "properties": {"layer": "Fluxo", "dxf_type": "LINE"}, "geometry": {"type": "LineString", "coordinates": [[-54.99878216471455, -10.236105352465652], [-54.998795048244965, -10.236092748744376]]}}, {"type": "Feature", "properties": {"layer": "Fluxo", "dxf_type": "LINE"}, "geometry": {"type": "LineString", "coordinates": [[-54.99880277873002, -10.236085186151946], [-54.998815663177034, -10.236072581531237]]}}, {"type": "Feature", "properties": {"layer": "Fluxo", "dxf_type": "LINE"}, "geometry": {"type": "LineString", "coordinates": [[-54.99882339366111, -10.23606501893813], [-54.998836278106495, -10.236052414316292]]}}, {"type": "Feature", "properties": {"layer": "Fluxo", "dxf_type": "LINE"}, "geometry": {"type": "LineString", "coordinates": [[-54.9988440085896, -10.236044851722495], [-54.99885689211514, -10.23603224799778]]}}, {"type": "Feature", "properties": {"layer": "Fluxo", "dxf_type": "LINE"}, "geometry": {"type": "LineString", "coordinates": [[-54.99886462259727, -10.236024685403299], [-54.99887750703941, -10.236012080779185]]}}, {"type": "Feature", "properties": {"layer": "Fluxo", "dxf_type": "LINE"}, "geometry": {"type": "LineString", "coordinates": [[-54.99888523752056, -10.23600451818402], [-54.99889812196107, -10.235991913558749]]}}, {"type": "Feature", "properties": {"layer": "Fluxo", "dxf_type": "LINE"}, "geometry": {"type": "LineString", "coordinates": [[-54.99890585244125, -10.2359843509629], [-54.998918735961915, -10.23597174723478]]}}, {"type": "Feature", "properties": {"layer": "Fluxo", "dxf_type": "LINE"}, "geometry": {"type": "LineString", "coordinates": [[-54.99892646644111, -10.235964184638245], [-54.99893935087837, -10.235951580010692]]}}, {"type": "Feature", "properties": {"layer": "Fluxo", "dxf_type": "LINE"}, "geometry": {"type": "LineString", "coordinates": [[-54.998947081356604, -10.235944017413475], [-54.998959965792245, -10.2359314127848]]}}, {"type": "Feature", "properties": {"layer": "Fluxo", "dxf_type": "LINE"}, "geometry": {"type": "LineString", "coordinates": [[-54.99896769626949, -10.235923850186897], [-54.99898057978528, -10.235911246455338]]}}, {"type": "Feature", "properties": {"layer": "Fluxo", "dxf_type": "LINE"}, "geometry": {"type": "LineString", "coordinates": [[-54.99898831026156, -10.235903683856751], [-54.999001194693946, -10.235891079225794]]}}, {"type": "Feature", "properties": {"layer": "Fluxo", "dxf_type": "LINE"}, "geometry": {"type": "LineString", "coordinates": [[-54.99900892516925, -10.235883516626524], [-54.99902180868179, -10.235870912892683]]}}, {"type": "Feature", "properties": {"layer": "Fluxo", "dxf_type": "LINE"}, "geometry": {"type": "LineString", "coordinates": [[-54.99902953915611, -10.235863350292728], [-54.999042423585244, -10.235850745659492]]}}, {"type": "Feature", "properties": {"layer": "Fluxo", "dxf_type": "LINE"}, "geometry": {"type": "LineString", "coordinates": [[-54.998667137795046, -10.23620779718463], [-54.99867657801637, -10.236198561101986]]}}, {"type": "Feature", "properties": {"layer": "Fluxo", "dxf_type": "LINE"}, "geometry": {"type": "LineString", "coordinates": [[-54.99868430850674, -10.236190998513441], [-54.99869719295694, -10.236178394803106]]}}, {"type": "Feature", "properties": {"layer": "Fluxo", "dxf_type": "LINE"}, "geometry": {"type": "LineString", "coordinates": [[-54.99870492344633, -10.236170832213878], [-54.998717807900576, -10.236158227598493]]}}, {"type": "Feature", "properties": {"layer": "Fluxo", "dxf_type": "LINE"}, "geometry": {"type": "LineString", "coordinates": [[-54.99872553838899, -10.236150665008578], [-54.99873842192339, -10.23613806129035]]}}, {"type": "Feature", "properties": {"layer": "Fluxo", "dxf_type": "LINE"}, "geometry": {"type": "LineString", "coordinates": [[-54.99874615241083, -10.236130498699753], [-54.99875903686183, -10.23611789408209]]}}, {"type": "Feature", "properties": {"layer": "Fluxo", "dxf_type": "LINE"}, "geometry": {"type": "LineString", "coordinates": [[-54.998766767348286, -10.236110331490803], [-54.998779650885105, -10.23609772686641]]}}, {"type": "Feature", "properties": {"layer": "Fluxo", "dxf_type": "LINE"}, "geometry": {"type": "LineString", "coordinates": [[-54.99878738137059, -10.236090164274438], [-54.99880026581267, -10.236077560558385]]}}, {"type": "Feature", "properties": {"layer": "Fluxo", "dxf_type": "LINE"}, "geometry": {"type": "LineString", "coordinates": [[-54.99880799629719, -10.236069997965735], [-54.9988208807433, -10.236057393344668]]}}, {"type": "Feature", "properties": {"layer": "Fluxo", "dxf_type": "LINE"}, "geometry": {"type": "LineString", "coordinates": [[-54.99882861122685, -10.236049830751332], [-54.998841494758786, -10.236037226123495]]}}, {"type": "Feature", "properties": {"layer": "Fluxo", "dxf_type": "LINE"}, "geometry": {"type": "LineString", "coordinates": [[-54.998849225241344, -10.236029663529473], [-54.998862109678555, -10.236017059810017]]}}, {"type": "Feature", "properties": {"layer": "Fluxo", "dxf_type": "LINE"}, "geometry": {"type": "LineString", "coordinates": [[-54.99886984016014, -10.236009497215312], [-54.99888272460138, -10.235996892590807]]}}, {"type": "Feature", "properties": {"layer": "Fluxo", "dxf_type": "LINE"}, "geometry": {"type": "LineString", "coordinates": [[-54.998890455082, -10.235989329995418], [-54.99890333860906, -10.235976725364178]]}}, {"type": "Feature", "properties": {"layer": "Fluxo", "dxf_type": "LINE"}, "geometry": {"type": "LineString", "coordinates": [[-54.9989110690887, -10.235969162768104], [-54.99892395352102, -10.235956559045205]]}}, {"type": "Feature", "properties": {"layer": "Fluxo", "dxf_type": "LINE"}, "geometry": {"type": "LineString", "coordinates": [[-54.998931683999686, -10.235948996448448], [-54.99894456843605, -10.235936391820537]]}}, {"type": "Feature", "properties": {"layer": "Fluxo", "dxf_type": "LINE"}, "geometry": {"type": "LineString", "coordinates": [[-54.998952298913736, -10.235928829223095], [-54.99896518243593, -10.23591622458842]]}}, {"type": "Feature", "properties": {"layer": "Fluxo", "dxf_type": "LINE"}, "geometry": {"type": "LineString", "coordinates": [[-54.99897291291264, -10.235908661990294], [-54.99898579734009, -10.235896058263993]]}}, {"type": "Feature", "properties": {"layer": "Fluxo", "dxf_type": "LINE"}, "geometry": {"type": "LineString", "coordinates": [[-54.998993527815834, -10.23588849566518], [-54.99900068348689, -10.235881495387893]]}}, {"type": "Feature", "properties": {"layer": "Fluxo", "dxf_type": "LINE"}, "geometry": {"type": "LineString", "coordinates": [[-54.99868952608188, -10.236175810330634], [-54.998702410531195, -10.23616320661991]]}}, {"type": "Feature", "properties": {"layer": "Fluxo", "dxf_type": "LINE"}, "geometry": {"type": "LineString", "coordinates": [[-54.99871014102005, -10.236155644030456], [-54.998723024560846, -10.23614303940909]]}}, {"type": "Feature", "properties": {"layer": "Fluxo", "dxf_type": "LINE"}, "geometry": {"type": "LineString", "coordinates": [[-54.99873075504872, -10.236135476818967], [-54.998743639494776, -10.23612287310596]]}}, {"type": "Feature", "properties": {"layer": "Fluxo", "dxf_type": "LINE"}, "geometry": {"type": "LineString", "coordinates": [[-54.99875136998168, -10.236115310515137], [-54.99876425351922, -10.236102705891492]]}}, {"type": "Feature", "properties": {"layer": "Fluxo", "dxf_type": "LINE"}, "geometry": {"type": "LineString", "coordinates": [[-54.998771984005145, -10.236095143299998], [-54.998784868453626, -10.236082538680822]]}}, {"type": "Feature", "properties": {"layer": "Fluxo", "dxf_type": "LINE"}, "geometry": {"type": "LineString", "coordinates": [[-54.99879259893857, -10.236074976088632], [-54.998805483379755, -10.236062372372206]]}}, {"type": "Feature", "properties": {"layer": "Fluxo", "dxf_type": "LINE"}, "geometry": {"type": "LineString", "coordinates": [[-54.998813213863734, -10.236054809779347], [-54.9988260973964, -10.236042205152275]]}}, {"type": "Feature", "properties": {"layer": "Fluxo", "dxf_type": "LINE"}, "geometry": {"type": "LineString", "coordinates": [[-54.99883382787941, -10.236034642558716], [-54.99884671232301, -10.236022037936122]]}}, {"type": "Feature", "properties": {"layer": "Fluxo", "dxf_type": "LINE"}, "geometry": {"type": "LineString", "coordinates": [[-54.998854442805026, -10.236014475341893], [-54.998867327241335, -10.236001871622044]]}}, {"type": "Feature", "properties": {"layer": "Fluxo", "dxf_type": "LINE"}, "geometry": {"type": "LineString", "coordinates": [[-54.99887505772239, -10.235994309027115], [-54.99888794125018, -10.235981704396625]]}}, {"type": "Feature", "properties": {"layer": "Fluxo", "dxf_type": "LINE"}, "geometry": {"type": "LineString", "coordinates": [[-54.99889567173026, -10.23597414180103], [-54.99890855616898, -10.23596153717501]]}}, {"type": "Feature", "properties": {"layer": "Fluxo", "dxf_type": "LINE"}, "geometry": {"type": "LineString", "coordinates": [[-54.998916286648075, -10.235953974578715], [-54.99892917107951, -10.235941370855443]]}}, {"type": "Feature", "properties": {"layer": "Fluxo", "dxf_type": "LINE"}, "geometry": {"type": "LineString", "coordinates": [[-54.998936901557634, -10.235933808258478], [-54.99894153488596, -10.23592927555085]]}}, {"type": "Feature", "properties": {"layer": "Fluxo", "dxf_type": "LINE"}, "geometry": {"type": "LineString", "coordinates": [[-54.99870578708073, -10.23614981857694], [-54.99870762719227, -10.236148018430908]]}}, {"type": "Feature", "properties": {"layer": "Fluxo", "dxf_type": "LINE"}, "geometry": {"type": "LineString", "coordinates": [[-54.99871535768058, -10.23614045584125], [-54.99872824213303, -10.236127851225124]]}}, {"type": "Feature", "properties": {"layer": "Fluxo", "dxf_type": "LINE"}, "geometry": {"type": "LineString", "coordinates": [[-54.99873597262037, -10.236120288634758], [-54.998748857065536, -10.236107684921379]]}}, {"type": "Feature", "properties": {"layer": "Fluxo", "dxf_type": "LINE"}, "geometry": {"type": "LineString", "coordinates": [[-54.99875658663935, -10.236100122324737], [-54.99876947108856, -10.23608751770633]]}}, {"type": "Feature", "properties": {"layer": "Fluxo", "dxf_type": "LINE"}, "geometry": {"type": "LineString", "coordinates": [[-54.998777201573944, -10.236079955114597], [-54.99879008602152, -10.23606735049505]]}}, {"type": "Feature", "properties": {"layer": "Fluxo", "dxf_type": "LINE"}, "geometry": {"type": "LineString", "coordinates": [[-54.99879781650594, -10.236059787902633], [-54.99881070003367, -10.236047184180238]]}}, {"type": "Feature", "properties": {"layer": "Fluxo", "dxf_type": "LINE"}, "geometry": {"type": "LineString", "coordinates": [[-54.99881843051711, -10.236039621587139], [-54.99882389850939, -10.236034272348133]]}}, {"type": "Feature", "properties": {"layer": "Fluxo", "dxf_type": "LINE"}, "geometry": {"type": "LineString", "coordinates": [[-54.99834474251127, -10.230727774403288], [-54.99834091798437, -10.230763731592155]]}}, {"type": "Feature", "properties": {"layer": "Fluxo", "dxf_type": "LINE"}, "geometry": {"type": "LineString", "coordinates": [[-54.992780006121315, -10.23285011428697], [-54.99270607034256, -10.232803632451787]]}}, {"type": "Feature", "properties": {"layer": "Fluxo", "dxf_type": "LINE"}, "geometry": {"type": "LineString", "coordinates": [[-54.99164200422009, -10.232444244601211], [-54.9916390508099, -10.232480281965698]]}}, {"type": "Feature", "properties": {"layer": "Fluxo", "dxf_type": "LINE"}, "geometry": {"type": "LineString", "coordinates": [[-54.99430390530446, -10.234511409895175], [-54.99427554621199, -10.234534173934875]]}}, {"type": "Feature", "properties": {"layer": "Fluxo", "dxf_type": "LINE"}, "geometry": {"type": "LineString", "coordinates": [[-54.99846695928775, -10.238295854204244], [-54.99843077338626, -10.238300613085949]]}}, {"type": "Feature", "properties": {"layer": "Fluxo", "dxf_type": "LINE"}, "geometry": {"type": "LineString", "coordinates": [[-54.99928039206605, -10.235693126389965], [-54.99929613952232, -10.235725912741918]]}}, {"type": "Feature", "properties": {"layer": "Fluxo", "dxf_type": "LINE"}, "geometry": {"type": "LineString", "coordinates": [[-54.99270607034256, -10.232803632451787], [-54.992686499959106, -10.23283415287663]]}}, {"type": "Feature", "properties": {"layer": "Fluxo", "dxf_type": "LINE"}, "geometry": {"type": "LineString", "coordinates": [[-54.9930438744554, -10.233112795775474], [-54.99388506935424, -10.234090598066118]]}}, {"type": "Feature", "properties": {"layer": "Fluxo", "dxf_type": "LINE"}, "geometry": {"type": "LineString", "coordinates": [[-54.99654336693191, -10.24833751568526], [-54.997202680082964, -10.247516688241715]]}}, {"type": "Feature", "properties": {"layer": "Fluxo", "dxf_type": "LINE"}, "geometry": {"type": "LineString", "coordinates": [[-54.99655764992305, -10.248348770789171], [-54.99721696398438, -10.247527943320229]]}}, {"type": "Feature", "properties": {"layer": "Fluxo", "dxf_type": "LINE"}, "geometry": {"type": "LineString", "coordinates": [[-54.99652908394184, -10.2483262605809], [-54.997188397095194, -10.247505433168383]]}}, {"type": "Feature", "properties": {"layer": "Fluxo", "dxf_type": "LINE"}, "geometry": {"type": "LineString", "coordinates": [[-54.997202680082964, -10.247516688241715], [-54.99920131592837, -10.24435304437971]]}}, {"type": "Feature", "properties": {"layer": "Fluxo", "dxf_type": "LINE"}, "geometry": {"type": "LineString", "coordinates": [[-54.997187207527446, -10.247507098999517], [-54.99918584342954, -10.244343455248677]]}}, {"type": "Feature", "properties": {"layer": "Fluxo", "dxf_type": "LINE"}, "geometry": {"type": "LineString", "coordinates": [[-54.997218152639505, -10.247526277483349], [-54.999216788422544, -10.244362634414065]]}}, {"type": "Feature", "properties": {"layer": "Fluxo", "dxf_type": "LINE"}, "geometry": {"type": "LineString", "coordinates": [[-54.99446802415914, -10.250974354164377], [-54.99444057717527, -10.250950517382183]]}}, {"type": "Feature", "properties": {"layer": "Fluxo", "dxf_type": "LINE"}, "geometry": {"type": "LineString", "coordinates": [[-54.983350124963614, -10.249842316669449], [-54.98332634311598, -10.2498689909651]]}}, {"type": "Feature", "properties": {"layer": "Fluxo", "dxf_type": "LINE"}, "geometry": {"type": "LineString", "coordinates": [[-54.98332634311598, -10.2498689909651], [-54.983378011197104, -10.249865648946747]]}}]}