{"type": "FeatureCollection", "name": "numero_dos_lotes", "crs": {"type": "name", "properties": {"name": "urn:ogc:def:crs:OGC:1.3:CRS84"}}, "properties": {"source": "8be78050_MAPA TRIBUTAÇÃO 2021 (1).dxf", "assumed_crs": "EPSG:4326", "local_crs": false, "note": "Coordenadas locais do desenho (sem CRS). Use base 'Só CAD' no mapa.", "extent": [4300.4554, 2373.7696, 8215.3349, 6186.7838], "georef": true, "transform": {"scale": 1, "rotation_deg": 0, "tx": 713717.6034368816, "ty": 8862616.121289995, "rmse_m": 0, "epsg": 31981}, "layer": "NUMERO_DOS_LOTES", "source_file": "8be78050_MAPA TRIBUTAÇÃO 2021 (1)_georef.geojson", "n_features": 102}, "features": [{"type": "Feature", "properties": {"layer": "NUMERO_DOS_LOTES", "dxf_type": "CIRCLE", "radius_m": 0.96}, "geometry": {"type": "Polygon", "coordinates": [[[-54.978882302041434, -10.245048408815673], [-54.9788824797179, -10.245046725025707], [-54.97888298642436, -10.24504510745912], [-54.978883801683374, -10.245043619262551], [-54.97888489501939, -10.245042317193088], [-54.97888622322098, -10.245041251601227], [-54.97888773583924, -10.245040462849445], [-54.97888937427512, -10.245039981306462], [-54.97889107726637, -10.245039825573633], [-54.978892777237206, -10.245040002462147], [-54.97889441035379, -10.245040504343862], [-54.978895912856714, -10.24504131184019], [-54.97889722744901, -10.245042393861896], [-54.978898303284666, -10.245043709416777], [-54.97889909961896, -10.245045207632385], [-54.97889958578542, -10.24504683137153], [-54.97889974302112, -10.24504851724361], [-54.978899564426435, -10.245050201931809], [-54.978899057725776, -10.245051818594542], [-54.9788982424668, -10.245053306791158], [-54.97889715003762, -10.24505460977022], [-54.97889582183599, -10.245055675362115], [-54.97889430921767, -10.245056464113945], [-54.97889266986914, -10.245056945651244], [-54.978890967790356, -10.245057101389742], [-54.97888926690686, -10.245056924495524], [-54.97888763470278, -10.245056422619463], [-54.978886132199825, -10.245055615123068], [-54.97888481760753, -10.245054533101317], [-54.978883740865065, -10.245053216636844], [-54.978882944530845, -10.245051718421209], [-54.97888245835874, -10.245050095585947], [-54.978882302041434, -10.245048408815673]]]}}, {"type": "Feature", "properties": {"layer": "NUMERO_DOS_LOTES", "dxf_type": "CIRCLE", "radius_m": 1}, "geometry": {"type": "Polygon", "coordinates": [[[-54.978823183064755, -10.24498772584815], [-54.97882337041699, -10.244985955342731], [-54.97882390320242, -10.24498425477838], [-54.97882476001385, -10.244982690007687], [-54.978825909445966, -10.244981320493668], [-54.97882730553249, -10.244980199281445], [-54.97882889688901, -10.24497937034332], [-54.97883062035368, -10.244978864019638], [-54.97883241008996, -10.244978700691142], [-54.97883419761525, -10.244978886259432], [-54.97883591452714, -10.244979413971903], [-54.97883749525259, -10.244980262630833], [-54.97883887701923, -10.244981401112948], [-54.978840009004, -10.24498278481053], [-54.97884084682908, -10.244984360116778], [-54.978841357107534, -10.24498606716587], [-54.97884152200617, -10.24498783986125], [-54.9788413346483, -10.244989611270576], [-54.978840802775515, -10.244991311840645], [-54.978839945051554, -10.244992876605718], [-54.97883879561943, -10.244994246119786], [-54.9788373995386, -10.244995366428181], [-54.97883580817627, -10.244996196270229], [-54.97883408471151, -10.244996702593903], [-54.97883229497513, -10.244996865922406], [-54.97883050744974, -10.24499668035407], [-54.97882879053778, -10.244996152641574], [-54.97882720981802, -10.2449953030787], [-54.97882582804565, -10.244994165500403], [-54.97882469606092, -10.24499278180278], [-54.978823859148484, -10.244991206502174], [-54.97882334795755, -10.2449894994474], [-54.978823183064755, -10.24498772584815]]]}}, {"type": "Feature", "properties": {"layer": "NUMERO_DOS_LOTES", "dxf_type": "CIRCLE", "radius_m": 1.01}, "geometry": {"type": "Polygon", "coordinates": [[[-54.97876433646483, -10.244918483604065], [-54.97876452477566, -10.244916705873372], [-54.978765059432156, -10.244914998089488], [-54.978765919933956, -10.244913427014506], [-54.9787670739689, -10.244912051201911], [-54.97876847646612, -10.244910926414127], [-54.978770074238966, -10.244910092996566], [-54.978771805015256, -10.244909584910776], [-54.978773602057366, -10.24490942072405], [-54.97877539778954, -10.24490960724752], [-54.97877712199001, -10.244910136813353], [-54.97877870816169, -10.244910990025916], [-54.97878009629287, -10.244912132163408], [-54.978781232799896, -10.244913522216622], [-54.978782074234715, -10.244915103872783], [-54.97878258720467, -10.244916818169921], [-54.97878275296975, -10.24491859810197], [-54.97878256465329, -10.244920376736552], [-54.97878202999688, -10.2449220845205], [-54.97878116858254, -10.244923655589858], [-54.97878001454758, -10.24492503140251], [-54.97877861205034, -10.24492615619034], [-54.97877701518998, -10.244926989613598], [-54.97877528441359, -10.244927497699402], [-54.97877348645881, -10.244927661880444], [-54.9787716916391, -10.24492747536262], [-54.97876996743857, -10.244926945796736], [-54.97876838035429, -10.244926092578453], [-54.9787669922231, -10.244924950440907], [-54.97876585571611, -10.244923560387646], [-54.97876501519394, -10.244921978737128], [-54.97876450222408, -10.244920264439966], [-54.97876433646483, -10.244918483604065]]]}}, {"type": "Feature", "properties": {"layer": "NUMERO_DOS_LOTES", "dxf_type": "CIRCLE", "radius_m": 1.01}, "geometry": {"type": "Polygon", "coordinates": [[[-54.978620191247394, -10.244746354588765], [-54.97862037957018, -10.244744575050538], [-54.978620914238384, -10.244742865459196], [-54.97862177657678, -10.244741292588223], [-54.97862293152406, -10.244739916781796], [-54.9786243349448, -10.2447387901925], [-54.97862593363523, -10.24473795587733], [-54.978627666235745, -10.24473744780353], [-54.978629465107645, -10.24473728272488], [-54.978631262658034, -10.244737470164191], [-54.978632988682364, -10.244737999741904], [-54.97863457667216, -10.24473885387018], [-54.978635965703184, -10.244739997821485], [-54.978637103121585, -10.24474138788065], [-54.978637945456434, -10.244742971350403], [-54.97863845841402, -10.244744687455354], [-54.97863862416692, -10.244746469195057], [-54.978638435838505, -10.244748249637206], [-54.97863790117037, -10.244749959228596], [-54.97863703883202, -10.244751532099619], [-54.97863588388474, -10.244752907906097], [-54.97863448046395, -10.24475403449544], [-54.97863288177346, -10.24475486881064], [-54.97863114917284, -10.244755376884452], [-54.978629349394, -10.244755541053538], [-54.978627552750346, -10.24475535452375], [-54.978625826725946, -10.244754824945995], [-54.97862423873611, -10.244753970817664], [-54.97862284970508, -10.244752826866305], [-54.978621712286724, -10.244751436807098], [-54.97862086995195, -10.244749853337314], [-54.97862035699446, -10.24474813723235], [-54.978620191247394, -10.244746354588765]]]}}, {"type": "Feature", "properties": {"layer": "NUMERO_DOS_LOTES", "dxf_type": "CIRCLE", "radius_m": 1.01}, "geometry": {"type": "Polygon", "coordinates": [[[-54.97847027036268, -10.244573067868112], [-54.97847045772187, -10.244571296459302], [-54.97847099050794, -10.244569595895715], [-54.9784718482377, -10.244568030227834], [-54.97847299766926, -10.244566660715035], [-54.978474394667195, -10.244565539509864], [-54.978475985115175, -10.244564709663662], [-54.978477709490235, -10.244564203347206], [-54.9784795001365, -10.244564040025901], [-54.97848128765894, -10.24456422559567], [-54.97848300548035, -10.244564753315137], [-54.97848458528438, -10.244565602873445], [-54.97848596796052, -10.244566741362183], [-54.978487099942406, -10.244568125060452], [-54.978487937759134, -10.244569701270981], [-54.97848844894793, -10.244571408325852], [-54.978488613839076, -10.244573181924917], [-54.97848842647998, -10.244574953333752], [-54.97848789369398, -10.244576653897385], [-54.97848703596426, -10.244578219565316], [-54.9784858865327, -10.24457958907817], [-54.97848448953472, -10.244580710283381], [-54.978482899086664, -10.244581540129614], [-54.97848117471151, -10.244582046446078], [-54.978479384977696, -10.244582209773036], [-54.97847759654261, -10.244582024197575], [-54.978475878721135, -10.244581496478066], [-54.97847429891706, -10.244580646919704], [-54.97847291624092, -10.244579508430919], [-54.97847178425907, -10.244578124732602], [-54.978470946442414, -10.244576548522046], [-54.97847043525371, -10.244574841467161], [-54.97847027036268, -10.244573067868112]]]}}, {"type": "Feature", "properties": {"layer": "NUMERO_DOS_LOTES", "dxf_type": "CIRCLE", "radius_m": 1.01}, "geometry": {"type": "Polygon", "coordinates": [[[-54.97841142294677, -10.244503833716974], [-54.978411611270296, -10.244502054179039], [-54.97841214685718, -10.244500343689952], [-54.97841300828304, -10.244498770813909], [-54.97841416414828, -10.24449739411001], [-54.978415567568355, -10.244496267521514], [-54.978417167170356, -10.244495433212926], [-54.97841889976959, -10.244494925140044], [-54.978420699552544, -10.244494760067985], [-54.978422496188685, -10.244494947502487], [-54.97842422221121, -10.244495477080998], [-54.978425811111734, -10.244496331215625], [-54.97842720105352, -10.244497475173187], [-54.978428338464475, -10.244498866136642], [-54.978429179885204, -10.24450044960096], [-54.97842969374831, -10.244502166615524], [-54.97842985950016, -10.244503948355113], [-54.97842967117101, -10.244505728796971], [-54.97842913558992, -10.244507438382227], [-54.978428274164095, -10.244509011258321], [-54.97842711921142, -10.24451038796795], [-54.97842571487301, -10.24451151545467], [-54.97842411527667, -10.244512348859432], [-54.9784223826716, -10.2445128578362], [-54.97842058380684, -10.244513022010052], [-54.978418786252305, -10.244512835473715], [-54.97841706023544, -10.244512304991286], [-54.97841547132915, -10.244511451760463], [-54.97841408230566, -10.244510306904665], [-54.97841294398218, -10.244508915935494], [-54.978412102561514, -10.244507332471144], [-54.978411588692786, -10.244505616360446], [-54.97841142294677, -10.244503833716974]]]}}, {"type": "Feature", "properties": {"layer": "NUMERO_DOS_LOTES", "dxf_type": "CIRCLE", "radius_m": 1}, "geometry": {"type": "Polygon", "coordinates": [[[-54.978352667395654, -10.244434940002224], [-54.978352852832735, -10.244433183948155], [-54.97835338096453, -10.244431497818486], [-54.978354231307854, -10.244429945663702], [-54.978355370626524, -10.244428587839309], [-54.97835675569772, -10.244427476503489], [-54.97835833332339, -10.244426653809361], [-54.97836004215549, -10.244426151916336], [-54.97836181727584, -10.244425990306826], [-54.978363589295164, -10.244426173972867], [-54.97836529254317, -10.244426697082607], [-54.97836685870352, -10.244427539325166], [-54.97836822957832, -10.244428667797797], [-54.9783693515955, -10.244430039683454], [-54.97837018219678, -10.24443160229057], [-54.978370688913664, -10.244433294855071], [-54.97837085207648, -10.244435053076792], [-54.978370666645226, -10.244436808227013], [-54.97837013850777, -10.244438495260603], [-54.978369288170214, -10.244440046511563], [-54.97836814885154, -10.24444140433602], [-54.97836676378031, -10.244442515671887], [-54.978365187067126, -10.244443338371715], [-54.978363477322375, -10.244443840259063], [-54.97836170311448, -10.244444001874236], [-54.9783599301825, -10.244443818202491], [-54.97835822784699, -10.244443295098398], [-54.97835666077403, -10.244442452850116], [-54.978355289899234, -10.244441324377433], [-54.978354167882095, -10.244439952491717], [-54.97835333727516, -10.244438390788448], [-54.9783528305641, -10.24443669732006], [-54.978352667395654, -10.244434940002224]]]}}, {"type": "Feature", "properties": {"layer": "NUMERO_DOS_LOTES", "dxf_type": "CIRCLE", "radius_m": 1.01}, "geometry": {"type": "Polygon", "coordinates": [[[-54.97829378594747, -10.24436561162012], [-54.97829397427141, -10.244363832082348], [-54.97829450985279, -10.244362122497396], [-54.97829537127866, -10.24436054962169], [-54.97829652622542, -10.2443591738164], [-54.978297930557666, -10.244358047234044], [-54.978299529246534, -10.244357212920276], [-54.978301260932476, -10.244356704842236], [-54.97830306070884, -10.244356540674566], [-54.97830485734975, -10.244356727205686], [-54.97830658245869, -10.24435725677897], [-54.97830817135817, -10.244358110913987], [-54.97830956038636, -10.244359254866186], [-54.97831069780207, -10.244360644925996], [-54.978311539221934, -10.244362228390452], [-54.978312053090015, -10.244363944501176], [-54.978312218841275, -10.244365726240698], [-54.97831203051171, -10.244367506682394], [-54.978311494936136, -10.244369215363514], [-54.9783106335103, -10.244370788239273], [-54.97830947855781, -10.244372164948492], [-54.97830807513809, -10.24437329153655], [-54.97830647554232, -10.244374124940794], [-54.97830474385054, -10.24437463392274], [-54.97830294498664, -10.24437479809606], [-54.978301147433065, -10.24437461155925], [-54.97829942232978, -10.244374081082029], [-54.9782978343371, -10.244373227856508], [-54.97829644439634, -10.244372083898599], [-54.978295306986396, -10.24437069293487], [-54.97829446556662, -10.244369109470384], [-54.978293951692905, -10.244367394263525], [-54.97829378594747, -10.24436561162012]]]}}, {"type": "Feature", "properties": {"layer": "NUMERO_DOS_LOTES", "dxf_type": "CIRCLE", "radius_m": 1.01}, "geometry": {"type": "Polygon", "coordinates": [[[-54.978237376672894, -10.244294281070847], [-54.97823756499129, -10.244292502437014], [-54.97823810056702, -10.244290793756054], [-54.97823896199289, -10.24428922088051], [-54.97824011602124, -10.244287845973629], [-54.97824151944071, -10.24428671938582], [-54.97824311721098, -10.244285885970486], [-54.97824484889655, -10.244285377892687], [-54.97824664684734, -10.244285213713907], [-54.97824844348776, -10.244285400245257], [-54.97825016859619, -10.244285929818748], [-54.97825175567574, -10.244286783038726], [-54.97825314470342, -10.244287926991074], [-54.978254281211825, -10.244289316141419], [-54.97825512263126, -10.24429089960594], [-54.97825563559214, -10.244292614807131], [-54.97825580134885, -10.244294395642763], [-54.978255613030555, -10.244296174276611], [-54.978255078367454, -10.244297882963286], [-54.978254216947356, -10.244299454935007], [-54.978253062913275, -10.244300830745834], [-54.978251659493765, -10.244301957333676], [-54.97825006172342, -10.244302790749037], [-54.97824833003776, -10.244303298826862], [-54.9782465311743, -10.244303462999941], [-54.978244735446346, -10.244303276474254], [-54.97824301033784, -10.244302746900699], [-54.97824142325825, -10.244301893680671], [-54.978240034230566, -10.244300749728286], [-54.978238897727934, -10.244299359673999], [-54.97823805630285, -10.244297777113326], [-54.978237542429504, -10.244296061906452], [-54.978237376672894, -10.244294281070847]]]}}, {"type": "Feature", "properties": {"layer": "NUMERO_DOS_LOTES", "dxf_type": "CIRCLE", "radius_m": 1}, "geometry": {"type": "Polygon", "coordinates": [[[-54.97871824244942, -10.24507534687462], [-54.97871842980236, -10.245073576369405], [-54.97871896167599, -10.245071875799695], [-54.978719819400766, -10.245070311035088], [-54.978720968833656, -10.245068941521593], [-54.97872236492091, -10.245067820309972], [-54.97872395627809, -10.2450669913725], [-54.97872567974332, -10.245066485049517], [-54.97872746948003, -10.245066321721689], [-54.978729257005625, -10.245066507290655], [-54.97873097391768, -10.245067035003716], [-54.97873255464314, -10.24506788366318], [-54.97873393640963, -10.24506902214574], [-54.97873506839412, -10.245070405843652], [-54.9787359053062, -10.24507198114445], [-54.97873641649668, -10.245073688199293], [-54.97873658139467, -10.245075460894599], [-54.97873639403608, -10.245077232303734], [-54.978735861249966, -10.245078932867813], [-54.978735004437794, -10.245080497638147], [-54.978733855004904, -10.245081867151692], [-54.978732458923346, -10.245082987459469], [-54.978730867560365, -10.245083817300861], [-54.97872914409504, -10.245084323623859], [-54.97872735435822, -10.245084486951676], [-54.97872556683252, -10.245084301382677], [-54.97872384992039, -10.245083773669572], [-54.97872226920063, -10.245082924106162], [-54.9787208874284, -10.245081786527441], [-54.97871975544396, -10.245080402829487], [-54.97871891761938, -10.245078827522983], [-54.97871840734157, -10.245077120473807], [-54.97871824244942, -10.24507534687462]]]}}, {"type": "Feature", "properties": {"layer": "NUMERO_DOS_LOTES", "dxf_type": "CIRCLE", "radius_m": 1.01}, "geometry": {"type": "Polygon", "coordinates": [[[-54.97865939585781, -10.245006105517014], [-54.978659584175084, -10.245004326882654], [-54.97866011883234, -10.245002619099068], [-54.978660979334926, -10.245001048024518], [-54.978662133370655, -10.244999672212463], [-54.97866353586859, -10.244998547425268], [-54.978665133642096, -10.244997714008363], [-54.978666864418955, -10.244997205923275], [-54.9786686614615, -10.244997041737216], [-54.978670457193985, -10.244997228261365], [-54.97867218139461, -10.244997757827795], [-54.9786737675663, -10.244998611040897], [-54.97867515569734, -10.24499975317885], [-54.97867629220408, -10.24500114323238], [-54.97867713363846, -10.245002724888748], [-54.97867764660788, -10.245004439185978], [-54.978677812366584, -10.245006220021827], [-54.97867762405512, -10.245007997752358], [-54.97867708939794, -10.245009705535969], [-54.978676227977104, -10.245011277508793], [-54.9786750739471, -10.245012652417024], [-54.978673671443396, -10.245013778108126], [-54.97867207458812, -10.245014610626855], [-54.97867034381116, -10.245015118711972], [-54.97866854585594, -10.245015282892345], [-54.978666751035924, -10.24501509637384], [-54.97866502683523, -10.245014566807349], [-54.9786634397452, -10.245013714492403], [-54.978662051619885, -10.245012571450532], [-54.97866091510747, -10.245011182300837], [-54.978660074591446, -10.24500959974622], [-54.97865956162214, -10.245007885448993], [-54.97865939585781, -10.245006105517014]]]}}, {"type": "Feature", "properties": {"layer": "NUMERO_DOS_LOTES", "dxf_type": "CIRCLE", "radius_m": 1.01}, "geometry": {"type": "Polygon", "coordinates": [[[-54.97860059912461, -10.244937208854166], [-54.978600787447824, -10.244935429315996], [-54.978601322116646, -10.244933719724788], [-54.97860218445582, -10.244932146854003], [-54.97860333940976, -10.244930770143949], [-54.97860474283153, -10.244929643554906], [-54.978606341517306, -10.244928810143929], [-54.978608074124665, -10.244928301166548], [-54.97860987390448, -10.244928136997787], [-54.97861167054906, -10.24492832352784], [-54.978613396568576, -10.244928854009732], [-54.97861498456488, -10.244929707234373], [-54.97861637359652, -10.244930851185913], [-54.97861751100961, -10.244932242149108], [-54.97861835334467, -10.244933825618974], [-54.978618866302256, -10.24493554172397], [-54.97861903205494, -10.24493732346368], [-54.97861884372608, -10.244939103905757], [-54.978618309063066, -10.24494081259312], [-54.97861744672392, -10.244942385463974], [-54.978616291769995, -10.24494376217408], [-54.97861488834818, -10.244944888763168], [-54.97861328966233, -10.244945722174178], [-54.97861155705487, -10.244946231151548], [-54.97860975818752, -10.244946395325991], [-54.97860796063028, -10.24494620879022], [-54.97860623461068, -10.244945678308298], [-54.97860464661434, -10.244944825083602], [-54.978603257582705, -10.24494368113201], [-54.978602120169654, -10.244942290168773], [-54.97860127783467, -10.244940706698861], [-54.97860076487146, -10.244938991497742], [-54.97860059912461, -10.244937208854166]]]}}, {"type": "Feature", "properties": {"layer": "NUMERO_DOS_LOTES", "dxf_type": "CIRCLE", "radius_m": 1.01}, "geometry": {"type": "Polygon", "coordinates": [[[-54.97854178602078, -10.244868019215435], [-54.978541973380075, -10.244866247806575], [-54.97854250616659, -10.244864547242923], [-54.978543362984546, -10.244862981569291], [-54.97854451241716, -10.244861612056404], [-54.9785459094164, -10.244860490851144], [-54.97854750077845, -10.244859661010524], [-54.97854922424259, -10.244859154688312], [-54.97855101489059, -10.244858991366922], [-54.97855280332732, -10.244859176942295], [-54.97855452023785, -10.244859704656024], [-54.97855610095602, -10.244860554219965], [-54.97855748363355, -10.244861692708668], [-54.978558615616585, -10.244863076406924], [-54.97855945343421, -10.244864652617457], [-54.97855996462357, -10.244866359672354], [-54.978560129514946, -10.244868133271455], [-54.97855994215574, -10.244869904680346], [-54.97855940936931, -10.244871605244041], [-54.97855855163882, -10.244873170912054], [-54.978557402206214, -10.244874540424991], [-54.97855600520693, -10.244875661630298], [-54.97855441385053, -10.244876490567068], [-54.978552690386294, -10.244876996889294], [-54.978550899738195, -10.244877160210656], [-54.97854911130137, -10.244876974635272], [-54.978547394390766, -10.244876446921495], [-54.97854581366683, -10.24487559826138], [-54.978544430989295, -10.244874459772625], [-54.9785432990063, -10.244873076074324], [-54.97854246210132, -10.244871499869431], [-54.97854195091206, -10.244869792814528], [-54.97854178602078, -10.244868019215435]]]}}, {"type": "Feature", "properties": {"layer": "NUMERO_DOS_LOTES", "dxf_type": "CIRCLE", "radius_m": 1.01}, "geometry": {"type": "Polygon", "coordinates": [[[-54.978482937632286, -10.244798785059364], [-54.9784831268742, -10.244797004623171], [-54.97848366154324, -10.244795295032217], [-54.97848452388243, -10.244793722161774], [-54.97848567883617, -10.244792345452112], [-54.978487083170116, -10.244791218869201], [-54.978488681861066, -10.244790384554847], [-54.978490414467686, -10.244789875578], [-54.97849221424664, -10.244789711409735], [-54.97849401180282, -10.244789897945967], [-54.97849573782132, -10.244790428428294], [-54.97849732581085, -10.2447912825572], [-54.978498715754036, -10.244792426514731], [-54.97849985316615, -10.24479381747817], [-54.97850069550034, -10.24479540094817], [-54.97850120936974, -10.244797117058882], [-54.97850137511609, -10.244798899702385], [-54.978501186786836, -10.244800680144298], [-54.97850065120531, -10.24480238972962], [-54.97849978886615, -10.244803962600118], [-54.978498633912416, -10.24480533930983], [-54.97849722957843, -10.244806465892767], [-54.97849563088741, -10.24480730020717], [-54.97849389828069, -10.244807809184028], [-54.978492098501626, -10.244807973352284], [-54.978490300945346, -10.24480778681602], [-54.97848857492677, -10.244807256333651], [-54.978486986937206, -10.244806402204674], [-54.97848559699403, -10.244805258247109], [-54.97848445958195, -10.244803867283625], [-54.97848361724784, -10.244802283813595], [-54.9784831042911, -10.244800567708545], [-54.978482937632286, -10.244798785059364]]]}}, {"type": "Feature", "properties": {"layer": "NUMERO_DOS_LOTES", "dxf_type": "CIRCLE", "radius_m": 1}, "geometry": {"type": "Polygon", "coordinates": [[[-54.978424182939534, -10.24472989044715], [-54.97842436837099, -10.244728135296903], [-54.978424896508955, -10.244726448263291], [-54.97842574684731, -10.244724897012306], [-54.978426886167014, -10.24472353918783], [-54.9784282712395, -10.244722427851917], [-54.97842984795411, -10.244721605152028], [-54.978431556787825, -10.244721103258918], [-54.9784333319099, -10.244720941649343], [-54.97843510484351, -10.24472112532097], [-54.978436807180614, -10.244721648424976], [-54.97843837425509, -10.244722490673164], [-54.97843974513127, -10.244723619145764], [-54.978440867149594, -10.244724991031411], [-54.978441697757475, -10.244726552734653], [-54.9784422044692, -10.244728246203051], [-54.978442367637975, -10.244730003520937], [-54.978442182200894, -10.244731759575105], [-54.978441654068725, -10.244733445704865], [-54.97844080372468, -10.24473499785978], [-54.978439664404966, -10.24473635568432], [-54.978438279332444, -10.24473746702028], [-54.9784367017052, -10.244738289714522], [-54.978434992871385, -10.244738791607647], [-54.97843321774922, -10.244738953217208], [-54.978431444815506, -10.244738769545556], [-54.978429742478326, -10.244738246441504], [-54.978428176316385, -10.244737404198938], [-54.97842680544021, -10.244736275726288], [-54.978425683421925, -10.244734903840582], [-54.97842485281984, -10.244733341233433], [-54.97842434610248, -10.24473164866892], [-54.978424182939534, -10.24472989044715]]]}}, {"type": "Feature", "properties": {"layer": "NUMERO_DOS_LOTES", "dxf_type": "CIRCLE", "radius_m": 1.01}, "geometry": {"type": "Polygon", "coordinates": [[[-54.97836530142556, -10.244660562969651], [-54.9783654897496, -10.244658783431827], [-54.97836602441886, -10.24465707384113], [-54.97836688675807, -10.244655500971025], [-54.978368041705885, -10.244654125165649], [-54.97836944512687, -10.244652998577546], [-54.97837104381725, -10.244652164263671], [-54.978372776417416, -10.24465165619122], [-54.978374575288676, -10.244651491113911], [-54.978376371925606, -10.244651678548838], [-54.978378097948806, -10.244652208127736], [-54.97837968593729, -10.244653062257047], [-54.97838107587945, -10.244654206214877], [-54.97838221329633, -10.244655596274674], [-54.97838305471707, -10.244657179739134], [-54.97838356858572, -10.24465889584988], [-54.97838373433722, -10.244660677589444], [-54.978383546013276, -10.244662457127314], [-54.978383010431536, -10.244664166712381], [-54.97838214900493, -10.244665739588216], [-54.97838099405711, -10.244667115393645], [-54.97837958972351, -10.244668241976118], [-54.978377991033064, -10.244669076290005], [-54.9783762584328, -10.244669584362489], [-54.97837445956716, -10.24466974853589], [-54.978372662924414, -10.244669562004825], [-54.978370936901136, -10.244669032425866], [-54.97836934891261, -10.244668178296516], [-54.97836795988302, -10.244667034344308], [-54.978366822466185, -10.24466564428447], [-54.97836598013295, -10.244664060814303], [-54.97836546717696, -10.244662344709221], [-54.97836530142556, -10.244660562969651]]]}}, {"type": "Feature", "properties": {"layer": "NUMERO_DOS_LOTES", "dxf_type": "CIRCLE", "radius_m": 1.01}, "geometry": {"type": "Polygon", "coordinates": [[[-54.97830958428882, -10.244598952887314], [-54.97830977169477, -10.244597174247769], [-54.97831030727097, -10.244595465566743], [-54.9783111686919, -10.244593893595], [-54.97831232272708, -10.244592517784147], [-54.97831372614218, -10.244591392100144], [-54.97831532391401, -10.244590558684727], [-54.97831705560702, -10.244590049702955], [-54.978318854472164, -10.24458988552979], [-54.97832065020182, -10.244590072055383], [-54.97832237530627, -10.244590602532716], [-54.97832396238744, -10.244591455752651], [-54.978325351422285, -10.24459259880108], [-54.978326487926154, -10.244593988855314], [-54.97832732935222, -10.24459557141596], [-54.978327843226246, -10.24459728662285], [-54.97832800898319, -10.244599067458505], [-54.97832782065905, -10.244600846996299], [-54.97832728508292, -10.244602555677368], [-54.978326423662025, -10.244604127649161], [-54.97832526962685, -10.24460550346005], [-54.97832386621171, -10.24460662914412], [-54.978322268439804, -10.244607462559566], [-54.97832053675243, -10.244607970637453], [-54.97831873879974, -10.244608134816302], [-54.97831694215742, -10.244607948284987], [-54.97831521704717, -10.244607418711501], [-54.97831362996596, -10.244606565491516], [-54.97831224093112, -10.244605422443014], [-54.9783111044273, -10.244604032388757], [-54.978310263001305, -10.244602449828074], [-54.97830974912737, -10.244600734621178], [-54.97830958428882, -10.244598952887314]]]}}, {"type": "Feature", "properties": {"layer": "NUMERO_DOS_LOTES", "dxf_type": "CIRCLE", "radius_m": 1.21}, "geometry": {"type": "Polygon", "coordinates": [[[-54.978066229152354, -10.244791854029371], [-54.97806645436753, -10.244789725811069], [-54.97806709428441, -10.244787681524056], [-54.978068124666315, -10.244785801465868], [-54.97806950582597, -10.244784155894868], [-54.978071184427726, -10.244782808657172], [-54.978073096259656, -10.244781811780381], [-54.97807516715754, -10.244781203671506], [-54.978077318491756, -10.244781007343278], [-54.97807946716727, -10.244781230414125], [-54.97808153019217, -10.244781864232689], [-54.97808342923479, -10.244782884810075], [-54.97808509062369, -10.244784252819853], [-54.978086450811624, -10.244785915439863], [-54.97808745727657, -10.244787808165636], [-54.978088071225166, -10.244789860250718], [-54.978088269440654, -10.244791991102447], [-54.97808804423134, -10.244794118416902], [-54.978087404314564, -10.244796162703977], [-54.97808637392698, -10.244798043666119], [-54.978084992773056, -10.244799688333316], [-54.978083314171236, -10.244801035571077], [-54.97808140233921, -10.244802032447911], [-54.97807933144119, -10.244802640556802], [-54.97807718010681, -10.244802836885015], [-54.97807503143116, -10.24480261381413], [-54.97807296840616, -10.244801979995499], [-54.97807106936349, -10.244800959418038], [-54.97806940797459, -10.244799591408185], [-54.97806804778099, -10.244797929691986], [-54.978067041321864, -10.244796036062292], [-54.978066427373406, -10.244793983977198], [-54.978066229152354, -10.244791854029371]]]}}, {"type": "Feature", "properties": {"layer": "NUMERO_DOS_LOTES", "dxf_type": "CIRCLE", "radius_m": 1.14}, "geometry": {"type": "Polygon", "coordinates": [[[-54.97812242474709, -10.244863640666784], [-54.978122637342345, -10.244861631686422], [-54.97812324185392, -10.244859701976038], [-54.97812421407952, -10.244857926409894], [-54.978125517993604, -10.2448563734613], [-54.97812710212001, -10.244855101564495], [-54.97812890682684, -10.24485416006382], [-54.978130862518405, -10.244853586490795], [-54.97813289331996, -10.244853401163551], [-54.97813492161184, -10.24485361173458], [-54.97813686987751, -10.24485420958659], [-54.97813866159321, -10.24485517345368], [-54.97814023038231, -10.2448564649587], [-54.97814151450544, -10.244858034002496], [-54.9781424641439, -10.244859821520873], [-54.978143044143096, -10.24486175859784], [-54.978143231251885, -10.244863770064017], [-54.97814301865676, -10.24486577904442], [-54.978142414151, -10.244867707850984], [-54.97814144192546, -10.244869483417212], [-54.97814013800565, -10.244871037269732], [-54.97813855297235, -10.244872308257058], [-54.97813674917799, -10.244873249763451], [-54.97813479348057, -10.244873824240367], [-54.978132762678875, -10.244874009567596], [-54.97813073438687, -10.244873798996528], [-54.978128786126845, -10.244873200240587], [-54.97812699349852, -10.244872236367755], [-54.97812542561627, -10.244870945772202], [-54.978124141498924, -10.244869375824486], [-54.978123191860554, -10.244867588306056], [-54.978122611855746, -10.244865652132948], [-54.97812242474709, -10.244863640666784]]]}}, {"type": "Feature", "properties": {"layer": "NUMERO_DOS_LOTES", "dxf_type": "CIRCLE", "radius_m": 1.2}, "geometry": {"type": "Polygon", "coordinates": [[[-54.9781808274808, -10.244932910068561], [-54.97818105079016, -10.244930794492998], [-54.978181687894626, -10.244928761939068], [-54.97818271182555, -10.244926891783416], [-54.97818408562764, -10.244925255205318], [-54.97818575414009, -10.244923916039566], [-54.97818765590012, -10.244922924523044], [-54.97818971491262, -10.244922319955302], [-54.97819185437879, -10.244922124456588], [-54.978193991197834, -10.244922346549213], [-54.978196042383516, -10.244922976677985], [-54.97819793051097, -10.244923991763553], [-54.978199582827, -10.244925351581315], [-54.97820093486028, -10.244927005111213], [-54.9782019359139, -10.244928887860128], [-54.978202546287584, -10.244930928172067], [-54.9782027436714, -10.24493304636392], [-54.978202519443876, -10.244935162837708], [-54.978201883252076, -10.244937195397375], [-54.97820085840864, -10.244939065547431], [-54.978199485524854, -10.244940701227401], [-54.978197816094045, -10.24494204129142], [-54.978195915252215, -10.24494303190978], [-54.978193856233844, -10.244943637381413], [-54.97819171677325, -10.24494383197624], [-54.97818957994834, -10.244943610787445], [-54.97818752876829, -10.244942979754734], [-54.97818563972248, -10.244941965567296], [-54.978183988324744, -10.244940604851253], [-54.97818263537323, -10.244938952219496], [-54.97818163523228, -10.244937069476213], [-54.97818102394616, -10.244935029158585], [-54.9781808274808, -10.244932910068561]]]}}, {"type": "Feature", "properties": {"layer": "NUMERO_DOS_LOTES", "dxf_type": "CIRCLE", "radius_m": 1.21}, "geometry": {"type": "Polygon", "coordinates": [[[-54.9782396160567, -10.245001925152428], [-54.97823984128262, -10.244999795126088], [-54.97824048211744, -10.244997749940424], [-54.978241513429104, -10.244995867175678], [-54.978242895513155, -10.244994219801884], [-54.9782445759465, -10.244992871670856], [-54.978246489610335, -10.244991873900664], [-54.97824856234041, -10.244991264898383], [-54.978250715501325, -10.24499106858061], [-54.9782528660037, -10.244991291661949], [-54.97825493176241, -10.244991926400617], [-54.978256831713736, -10.244992947886876], [-54.97825849492388, -10.244994316811328], [-54.97825985601464, -10.244995981244363], [-54.978260863376526, -10.244997876687217], [-54.978261478233286, -10.244999929681791], [-54.97826167643834, -10.24500206234139], [-54.97826145121255, -10.245004192367773], [-54.978260810372106, -10.245006238457373], [-54.97825977906623, -10.245008120318307], [-54.97825839698218, -10.245009767692176], [-54.97825671654878, -10.245011115823267], [-54.9782548037974, -10.245012113599175], [-54.97825273015462, -10.245012722595817], [-54.97825057699356, -10.245012918913575], [-54.97824842649104, -10.245012695832195], [-54.9782463616448, -10.24501206109912], [-54.97824446078085, -10.24501103960711], [-54.97824279757071, -10.245009670682585], [-54.97824143648, -10.245008006249483], [-54.97824042911249, -10.245006111710477], [-54.9782398142616, -10.245004057812015], [-54.9782396160567, -10.245001925152428]]]}}, {"type": "Feature", "properties": {"layer": "NUMERO_DOS_LOTES", "dxf_type": "CIRCLE", "radius_m": 1.2}, "geometry": {"type": "Polygon", "coordinates": [[[-54.97829845087884, -10.245071134859016], [-54.978298675128926, -10.245069014769552], [-54.97829931225033, -10.245066979503688], [-54.97830033893612, -10.245065106653012], [-54.978301713668195, -10.245063467368475], [-54.97830338584856, -10.245062125513243], [-54.97830528944012, -10.24506113310359], [-54.97830735302779, -10.245060526755875], [-54.978309495232686, -10.245060331273573], [-54.97831163570313, -10.245060553388317], [-54.978313690528836, -10.24506118534699], [-54.9783155813895, -10.245062201353013], [-54.978317236427266, -10.24506356389905], [-54.9783185911822, -10.24506522015733], [-54.97831959313224, -10.245067105623402], [-54.978320205314766, -10.245069148658272], [-54.97832040267063, -10.245071271369586], [-54.978320178426415, -10.245073390555211], [-54.97831954038682, -10.24507542671934], [-54.97831851461365, -10.245077299575751], [-54.97831713896901, -10.245078938854705], [-54.97831546678859, -10.245080280709999], [-54.978313563196906, -10.24508127311968], [-54.97831150052741, -10.245081878569227], [-54.97830935740407, -10.245082074949712], [-54.97830721785178, -10.245081851936725], [-54.978305162107674, -10.245081220876173], [-54.97830327124696, -10.245080204870094], [-54.97830161620919, -10.24507884232398], [-54.97830026236687, -10.2450771860713], [-54.978299259504375, -10.245075300599526], [-54.97829864824028, -10.245073256666434], [-54.97829845087884, -10.245071134859016]]]}}, {"type": "Feature", "properties": {"layer": "NUMERO_DOS_LOTES", "dxf_type": "CIRCLE", "radius_m": 1.21}, "geometry": {"type": "Polygon", "coordinates": [[[-54.97835723492973, -10.245140151710178], [-54.97835746018381, -10.245138017164258], [-54.978358102877884, -10.245135966566389], [-54.97835913603758, -10.245134080197076], [-54.97836052179505, -10.245132429229972], [-54.97836220498374, -10.245131078403789], [-54.97836412231571, -10.245130077944076], [-54.978366200527795, -10.24512946807133], [-54.978368358258294, -10.245129270877442], [-54.97837051331893, -10.245129494890442], [-54.97837258363596, -10.245130130560842], [-54.978374488134186, -10.245131154786634], [-54.97837615497864, -10.245132526445033], [-54.978377518785344, -10.245134194510339], [-54.97837852886307, -10.245136093585563], [-54.978379144598904, -10.24513815200902], [-54.97837934368859, -10.245140289193753], [-54.97837911752208, -10.245142423734054], [-54.978378475740676, -10.245144474337668], [-54.978377441668464, -10.24514636070138], [-54.9783760568293, -10.24514801077036], [-54.97837437272225, -10.245149362494805], [-54.9783724553959, -10.24515036205069], [-54.97837037717795, -10.245150972827325], [-54.978368219453024, -10.245151169117323], [-54.97836606438652, -10.245150946008156], [-54.97836399407511, -10.245150309433816], [-54.97836208957111, -10.245149286111824], [-54.97836042364495, -10.245147913555147], [-54.978359058920006, -10.245146246387977], [-54.97835804975496, -10.245144347318385], [-54.978357433106694, -10.24514228888924], [-54.97835723492973, -10.245140151710178]]]}}, {"type": "Feature", "properties": {"layer": "NUMERO_DOS_LOTES", "dxf_type": "CIRCLE", "radius_m": 1.21}, "geometry": {"type": "Polygon", "coordinates": [[[-54.97841607229669, -10.245209255662372], [-54.97841629752188, -10.245207125635737], [-54.978416938362045, -10.24520507954574], [-54.97841796966795, -10.245203197684257], [-54.97841935175235, -10.24520155030973], [-54.97842103218638, -10.24520020217787], [-54.97842294493868, -10.24519920440111], [-54.97842501858263, -10.245198595403576], [-54.97842717174508, -10.245198399084869], [-54.978429322249184, -10.245198622165342], [-54.97843138709715, -10.24519925689753], [-54.97843328796293, -10.245200278388767], [-54.97843495117491, -10.24520164731265], [-54.97843631226741, -10.245203311745273], [-54.978437319636605, -10.245205206284007], [-54.978437934488966, -10.24520726018239], [-54.97843813269508, -10.245209392842108], [-54.97843790747004, -10.245211522868788], [-54.978437266635716, -10.245213568054975], [-54.978436235324125, -10.245215450820393], [-54.97843485323973, -10.245217098194995], [-54.97843317280563, -10.245218446326916], [-54.97843125914068, -10.24521944409804], [-54.978429186409144, -10.245220053101285], [-54.97842703324654, -10.24522024941996], [-54.9784248827423, -10.245220026339458], [-54.97842281698166, -10.245219391601516], [-54.9784209170284, -10.245218370115884], [-54.97841925381642, -10.245217001191925], [-54.97841789272397, -10.245215336759237], [-54.97841688536061, -10.245213441316599], [-54.978416270502656, -10.245211388322074], [-54.97841607229669, -10.245209255662372]]]}}, {"type": "Feature", "properties": {"layer": "NUMERO_DOS_LOTES", "dxf_type": "CIRCLE", "radius_m": 1.2}, "geometry": {"type": "Polygon", "coordinates": [[[-54.97847489622489, -10.245278467994364], [-54.9784751204857, -10.245276346096855], [-54.97847575853647, -10.245274308124584], [-54.978476786152, -10.245272432567345], [-54.97847816363357, -10.245270791491336], [-54.978479837645494, -10.245269448742746], [-54.97848174398724, -10.245268454541476], [-54.97848380940133, -10.245267848204186], [-54.9784859543512, -10.245267651834121], [-54.978488096642764, -10.245267874863213], [-54.978490154208, -10.24526850683811], [-54.97849204779677, -10.24526952466821], [-54.978493704655776, -10.245270888128912], [-54.97849506122612, -10.245272546205893], [-54.97849606498568, -10.245274434394704], [-54.97849667715234, -10.245276480141138], [-54.97849687449781, -10.245278604660317], [-54.978496650231406, -10.245280727461742], [-54.97849601218075, -10.24528276543408], [-54.978494984565266, -10.245284640991393], [-54.9784936070837, -10.245286282067479], [-54.978491933071716, -10.245287624816127], [-54.978490026729865, -10.245288619017446], [-54.978487961315636, -10.245289225354746], [-54.97848581636561, -10.245289421724797], [-54.978483674073914, -10.245289198695662], [-54.978481616508574, -10.245288566720703], [-54.97847972291975, -10.245287548890529], [-54.978478066060745, -10.245286185429755], [-54.97847670949045, -10.245284527352707], [-54.97847570573101, -10.245282639163857], [-54.97847509356447, -10.245280593417403], [-54.97847489622489, -10.245278467994364]]]}}, {"type": "Feature", "properties": {"layer": "NUMERO_DOS_LOTES", "dxf_type": "CIRCLE", "radius_m": 1.21}, "geometry": {"type": "Polygon", "coordinates": [[[-54.97853236522116, -10.24534116010439], [-54.978532590451586, -10.245339029173683], [-54.97853323220977, -10.245336982185178], [-54.9785342635271, -10.245335098515536], [-54.97853564744256, -10.245333450247994], [-54.97853732788276, -10.245332101211709], [-54.97853924246655, -10.245331102541826], [-54.978541317023904, -10.245330493549332], [-54.97854347201821, -10.245330296337503], [-54.97854562343026, -10.245330520326926], [-54.978547690104534, -10.245331155069943], [-54.978549591878355, -10.245332177470262], [-54.978551255998376, -10.245333547303316], [-54.978552617998844, -10.245335212645214], [-54.97855362627017, -10.245337108997214], [-54.97855424111769, -10.245339163799429], [-54.97855444023135, -10.245341297368773], [-54.97855421408277, -10.245343429197725], [-54.978553573237264, -10.245345476191972], [-54.97855254100741, -10.245347359856012], [-54.97855115801025, -10.245349007225428], [-54.9785494766517, -10.245350357159982], [-54.97854756207352, -10.245351354926028], [-54.97854548751604, -10.245351963918536], [-54.978543333434146, -10.245352161136028], [-54.9785411811094, -10.24535193714089], [-54.978539114435, -10.245351302397808], [-54.978537212655404, -10.24535028090129], [-54.97853554945368, -10.245348910169957], [-54.97853418653497, -10.245347245726196], [-54.978533179176324, -10.245345349379829], [-54.97853256341637, -10.245343294571922], [-54.97853236522116, -10.24534116010439]]]}}, {"type": "Feature", "properties": {"layer": "NUMERO_DOS_LOTES", "dxf_type": "CIRCLE", "radius_m": 0.96}, "geometry": {"type": "Polygon", "coordinates": [[[-54.97877208481841, -10.245144658351762], [-54.9787722624956, -10.245142974561986], [-54.978772769202834, -10.245141356995717], [-54.978773584462644, -10.245139868799594], [-54.978774677799436, -10.24513856673066], [-54.97877600600751, -10.24513750023551], [-54.97877751862644, -10.245136711484383], [-54.97877915797547, -10.245136229947763], [-54.978780860048886, -10.245136075113818], [-54.978782560025785, -10.245136251099122], [-54.97878419314255, -10.24513675298145], [-54.9787856956455, -10.245137560478316], [-54.97878701023193, -10.24513864340436], [-54.97878808697989, -10.245139958965245], [-54.978788883313754, -10.245141457181049], [-54.978789368567114, -10.245143080914593], [-54.97878952580216, -10.245144766786618], [-54.978789347212484, -10.245146450570745], [-54.97878884141789, -10.245148068142711], [-54.978788026158114, -10.245149556338896], [-54.97878693282132, -10.24515085840788], [-54.97878560461321, -10.24515192490307], [-54.978784091994214, -10.245152713654226], [-54.978782452650826, -10.245153194286981], [-54.97878075057159, -10.245153350024772], [-54.97877905060032, -10.245153173135582], [-54.97877741747777, -10.245152672157095], [-54.97877591497479, -10.245151864660182], [-54.97877460038835, -10.24515078173409], [-54.978773523640434, -10.245149466173158], [-54.97877272730664, -10.245147967957315], [-54.978772241140796, -10.245146344218103], [-54.97877208481841, -10.245144658351762]]]}}, {"type": "Feature", "properties": {"layer": "NUMERO_DOS_LOTES", "dxf_type": "CIRCLE", "radius_m": 1}, "geometry": {"type": "Polygon", "coordinates": [[[-54.97836936968838, -10.245366640230376], [-54.97836955704373, -10.245364869725794], [-54.978370089832445, -10.245363169162808], [-54.97837094664725, -10.245361604393953], [-54.9783720960827, -10.245360234882202], [-54.97837349308493, -10.245359113678251], [-54.978375083531716, -10.245358284737279], [-54.9783768069988, -10.245357778416563], [-54.978378596736995, -10.245357615091008], [-54.97838038517617, -10.24535780066784], [-54.978382102088766, -10.245358328382927], [-54.97838368190169, -10.2453591770385], [-54.97838506458028, -10.2453603155282], [-54.97838619565123, -10.245361699221538], [-54.97838703347447, -10.245363274528703], [-54.978387544663136, -10.245364981583796], [-54.97838770955898, -10.245366754278905], [-54.97838752220374, -10.245368524783528], [-54.97838698941508, -10.24537022534656], [-54.97838613168202, -10.245371791013655], [-54.97838498316487, -10.245373159627253], [-54.9783835861626, -10.245374280831248], [-54.97838199571001, -10.24537511067614], [-54.97838027224856, -10.245375616092995], [-54.9783784815977, -10.245375779412862], [-54.97837669407099, -10.245375593841679], [-54.97837497715259, -10.245375067030423], [-54.97837339734536, -10.245374217470907], [-54.97837201466677, -10.245373078981151], [-54.97837088267756, -10.24537169618597], [-54.97837004577269, -10.245370119980594], [-54.978369534584125, -10.245368412925488], [-54.97836936968838, -10.245366640230376]]]}}, {"type": "Feature", "properties": {"layer": "NUMERO_DOS_LOTES", "dxf_type": "CIRCLE", "radius_m": 1.01}, "geometry": {"type": "Polygon", "coordinates": [[[-54.97831052314918, -10.245297397911063], [-54.97831071146313, -10.245295620181217], [-54.97831124612294, -10.245293912398683], [-54.97831210754643, -10.245292340427365], [-54.978313261579, -10.24529096552092], [-54.978314664085076, -10.245289839831873], [-54.97831626094247, -10.245289007315355], [-54.97831799172119, -10.245288499232542], [-54.97831978967778, -10.245288335054436], [-54.97832158449873, -10.245288521575118], [-54.9783233086999, -10.245289051143578], [-54.97832489578992, -10.245289903460264], [-54.978326283914754, -10.245291046503553], [-54.97832742042625, -10.245292435654326], [-54.97832826094092, -10.245294018209588], [-54.97832877390851, -10.245295732507074], [-54.97832893967079, -10.245297512438851], [-54.978328751351214, -10.245299291072618], [-54.97832821669148, -10.245300998855177], [-54.97832735618633, -10.245302569928352], [-54.97832620215377, -10.245303944834847], [-54.97832479964764, -10.245305070523942], [-54.97832320187187, -10.245305903938691], [-54.978321471093054, -10.245306412021531], [-54.978319674048926, -10.24530657620528], [-54.97831787831531, -10.245306389678914], [-54.978316154114076, -10.245305860110394], [-54.97831456794231, -10.245305006895457], [-54.97831317981747, -10.245303863852113], [-54.97831204330602, -10.245302474701292], [-54.978311201873126, -10.2453008930442], [-54.97831068890564, -10.245299178746723], [-54.97831052314918, -10.245297397911063]]]}}, {"type": "Feature", "properties": {"layer": "NUMERO_DOS_LOTES", "dxf_type": "CIRCLE", "radius_m": 1.01}, "geometry": {"type": "Polygon", "coordinates": [[[-54.97825172645654, -10.245228502094248], [-54.97825191478215, -10.245226722556716], [-54.9782524503661, -10.245225012972234], [-54.97825331179532, -10.24522344009721], [-54.978254466751814, -10.24522206338889], [-54.97825587108857, -10.245220936807549], [-54.978257469776544, -10.245220103398754], [-54.97825920238577, -10.24521959442366], [-54.978261001254495, -10.245219430251503], [-54.97826279790011, -10.245219616783757], [-54.97826452392016, -10.245220147267688], [-54.9782661119165, -10.24522100049412], [-54.97826750186022, -10.245222144452791], [-54.97826863927235, -10.245223535417106], [-54.97826948069342, -10.24522511888199], [-54.97826999456174, -10.245226834992918], [-54.97827016031227, -10.245228616732431], [-54.978269971986755, -10.245230396269978], [-54.97826943640288, -10.245232105854502], [-54.978268574973704, -10.245233678729582], [-54.97826742001721, -10.24523505543795], [-54.97826601568041, -10.245236182019354], [-54.97826441699236, -10.24523701542818], [-54.97826268438304, -10.24523752440327], [-54.97826088551421, -10.24523768857543], [-54.978259088868505, -10.24523750204313], [-54.97825736284837, -10.245236971559176], [-54.978255774851995, -10.24523611833269], [-54.97825438490827, -10.245234974373947], [-54.97825324749619, -10.245233583409584], [-54.97825240607519, -10.245231999944671], [-54.97825189220696, -10.245230283833735], [-54.97825172645654, -10.245228502094248]]]}}, {"type": "Feature", "properties": {"layer": "NUMERO_DOS_LOTES", "dxf_type": "CIRCLE", "radius_m": 1.01}, "geometry": {"type": "Polygon", "coordinates": [[[-54.978192913399354, -10.24515931239772], [-54.97819310076103, -10.245157540989494], [-54.97819363355582, -10.245155839523013], [-54.97819449128321, -10.245154274760337], [-54.978195640718376, -10.245152905249217], [-54.97819703772002, -10.245151784045955], [-54.97819862817169, -10.24515095420184], [-54.97820035255026, -10.245150447887564], [-54.97820214319973, -10.245150284568448], [-54.97820393072491, -10.245150470140334], [-54.97820564854855, -10.245150997861767], [-54.97820722835418, -10.245151847421814], [-54.978208611943806, -10.245152985917665], [-54.97820974301331, -10.245154369611324], [-54.97821058083524, -10.245155944918695], [-54.97821109201706, -10.245157652877714], [-54.9782112569063, -10.24515942647662], [-54.97821106955045, -10.245161196980984], [-54.97821053675574, -10.245162898447505], [-54.97820967902838, -10.245164463210234], [-54.97820853050579, -10.2451658327271], [-54.97820713259153, -10.245166953924732], [-54.97820554213978, -10.24516778376888], [-54.97820381776113, -10.245168290083166], [-54.97820202802412, -10.245168453407926], [-54.97820023958627, -10.245168267830353], [-54.978198521762565, -10.245167740108876], [-54.97819694195689, -10.245166890548777], [-54.97819555927983, -10.245165752058549], [-54.9781944272978, -10.24516436835915], [-54.97819358947594, -10.245162793051755], [-54.97819307829422, -10.245161085092725], [-54.978192913399354, -10.24515931239772]]]}}, {"type": "Feature", "properties": {"layer": "NUMERO_DOS_LOTES", "dxf_type": "CIRCLE", "radius_m": 1.01}, "geometry": {"type": "Polygon", "coordinates": [[[-54.978134065970096, -10.24509007818949], [-54.97813425430185, -10.24508829774826], [-54.978134789886006, -10.245086588164037], [-54.97813565131524, -10.245085015289328], [-54.978136807184114, -10.245083638587115], [-54.978138210607916, -10.245082512000542], [-54.97813981021362, -10.245081677694047], [-54.97814154282211, -10.245081168719478], [-54.97814334260254, -10.245081004553501], [-54.97814513924719, -10.24508119108626], [-54.978146865266226, -10.245081721570621], [-54.978148454168355, -10.245082575706991], [-54.97814984411106, -10.245083719666], [-54.978150981522205, -10.245085110630528], [-54.9781518229424, -10.245086694095564], [-54.97815233680998, -10.245088410206527], [-54.97815250255419, -10.245090192849839], [-54.97815231422253, -10.245091973291107], [-54.97815177863845, -10.245093682875378], [-54.97815091720925, -10.245095255750119], [-54.97814976225294, -10.245096632458077], [-54.97814835791653, -10.245097759039005], [-54.97814675831076, -10.245098593345528], [-54.978145025707896, -10.24509910141625], [-54.9781432268342, -10.24509926649177], [-54.97814142928262, -10.245099079049433], [-54.97813970325778, -10.245098549468882], [-54.97813811435561, -10.245097695332458], [-54.97813672532548, -10.24509655137909], [-54.9781355870018, -10.245095160408823], [-54.978134745581684, -10.245093576943777], [-54.9781342317142, -10.245091860832801], [-54.978134065970096, -10.24509007818949]]]}}, {"type": "Feature", "properties": {"layer": "NUMERO_DOS_LOTES", "dxf_type": "CIRCLE", "radius_m": 1}, "geometry": {"type": "Polygon", "coordinates": [[[-54.97807531041109, -10.24502118351381], [-54.978075495850646, -10.245019427460315], [-54.978076023985395, -10.24501774133162], [-54.97807687432632, -10.245016190082048], [-54.97807801364856, -10.245014832259304], [-54.97807939872344, -10.245013720925373], [-54.97808097635277, -10.245012898233316], [-54.97808268518833, -10.245012396342451], [-54.97808446031758, -10.245012233831238], [-54.978086233246486, -10.245012418408928], [-54.97808793558412, -10.245012941514943], [-54.97808950174607, -10.245013783759223], [-54.97809087262177, -10.245014912233279], [-54.978091994639136, -10.245016284120014], [-54.97809282524562, -10.24501784582394], [-54.978093331961276, -10.245019538388712], [-54.9780934951222, -10.245021296610282], [-54.97809330968275, -10.245023052663804], [-54.978092781548064, -10.24502473879254], [-54.97809193120145, -10.24502629094604], [-54.978090791879204, -10.245027648768854], [-54.97808940680429, -10.245028760102828], [-54.97808783009319, -10.245029581896715], [-54.978086121257526, -10.245030083787576], [-54.97808434612817, -10.245030246298777], [-54.97808257319918, -10.245030061721057], [-54.97808087086146, -10.245029538615016], [-54.978079303781186, -10.245028697268886], [-54.978077932905485, -10.24502756879478], [-54.978076810888155, -10.24502619690798], [-54.97807598028748, -10.245024634300151], [-54.97807547357192, -10.245022941735364], [-54.97807531041109, -10.24502118351381]]]}}, {"type": "Feature", "properties": {"layer": "NUMERO_DOS_LOTES", "dxf_type": "CIRCLE", "radius_m": 1.01}, "geometry": {"type": "Polygon", "coordinates": [[[-54.978016428943896, -10.244951855978465], [-54.978016617276054, -10.244950075537382], [-54.978017152854704, -10.244948366857306], [-54.97801801428395, -10.244946793982958], [-54.97801916924006, -10.244945417275462], [-54.978020573576046, -10.244944290695026], [-54.97802217226288, -10.244943457287226], [-54.978023903958075, -10.244942948307502], [-54.97802570373765, -10.24494278414203], [-54.97802750038134, -10.244942970675282], [-54.97802922639935, -10.244943501160089], [-54.9780308143936, -10.244944354387304], [-54.978032203422714, -10.24494549834095], [-54.978033340832894, -10.244946889305727], [-54.97803418225221, -10.24494847277088], [-54.978034696124766, -10.244950187977988], [-54.97803486186839, -10.244951970621248], [-54.97803467354205, -10.244953750158482], [-54.97803413795775, -10.24495545974249], [-54.97803327652854, -10.244957032616892], [-54.97803212157815, -10.244958408420553], [-54.9780307181547, -10.24495953500671], [-54.97802911946779, -10.244960368414535], [-54.97802738685993, -10.244960877388612], [-54.97802558799282, -10.24496104155973], [-54.978023790436474, -10.244960855020793], [-54.97802206533095, -10.244960324541596], [-54.978020477336656, -10.244959471314331], [-54.97801908739498, -10.244958327354958], [-54.97801794997911, -10.244956937294027], [-54.97801710855987, -10.244955353828843], [-54.97801659469314, -10.244953637717837], [-54.978016428943896, -10.244951855978465]]]}}, {"type": "Feature", "properties": {"layer": "NUMERO_DOS_LOTES", "dxf_type": "CIRCLE", "radius_m": 1.01}, "geometry": {"type": "Polygon", "coordinates": [[[-54.97796151986552, -10.24489162752542], [-54.97796170818642, -10.244889848892168], [-54.97796224285261, -10.24488814020654], [-54.97796310427616, -10.244886568236227], [-54.97796425922647, -10.244885192432799], [-54.97796566264399, -10.244884066750798], [-54.97796726041802, -10.244883233337548], [-54.977968992112906, -10.244882724358066], [-54.97797079006697, -10.244882560181491], [-54.97797258579766, -10.244882746709294], [-54.97797431090265, -10.244883277188643], [-54.97797589798387, -10.244884130410382], [-54.97797728701825, -10.244885273460289], [-54.977978424433715, -10.244886663521296], [-54.97797926585836, -10.24488824608264], [-54.97797977881801, -10.244889961284091], [-54.977979944572816, -10.244891742119567], [-54.97797975624628, -10.244893521656724], [-54.97797922158589, -10.24489522943852], [-54.977978360156655, -10.244896802312761], [-54.97797720521207, -10.244898177212367], [-54.97797580178877, -10.244899303798286], [-54.97797420401468, -10.244900137211566], [-54.977972472325426, -10.244900645287187], [-54.97797067437126, -10.24490080946375], [-54.97796887864047, -10.244900622935914], [-54.97796715352967, -10.244900093360398], [-54.97796556644841, -10.244899240138606], [-54.977964177419764, -10.244898096184773], [-54.97796303999861, -10.244896707027594], [-54.97796219857977, -10.244895123562344], [-54.97796168561448, -10.244893409264762], [-54.97796151986552, -10.24489162752542]]]}}, {"type": "Feature", "properties": {"layer": "NUMERO_DOS_LOTES", "dxf_type": "CIRCLE", "radius_m": 1.21}, "geometry": {"type": "Polygon", "coordinates": [[[-54.977720544768566, -10.245087921050002], [-54.977720769986604, -10.245085792832457], [-54.97772140990654, -10.245083748546715], [-54.977722440291565, -10.245081868490212], [-54.97772382054173, -10.245080222915618], [-54.977725499146416, -10.245078875680314], [-54.97772741098098, -10.245077878806136], [-54.97772948279369, -10.245077270705648], [-54.97773163321715, -10.245077074374457], [-54.977733781893924, -10.24507729744792], [-54.97773584583208, -10.245077931274585], [-54.9777377439622, -10.245078951848408], [-54.977739405350576, -10.245080319859941], [-54.977740765537376, -10.245081982481267], [-54.97774177200066, -10.245083875207882], [-54.9777423859471, -10.245085927293246], [-54.977742584160026, -10.245088058144747], [-54.977742358947864, -10.245090185458459], [-54.97774171902804, -10.245092229744278], [-54.97774068863733, -10.245094110704716], [-54.97773930748033, -10.245095755369833], [-54.977737628875595, -10.245097102605204], [-54.977735717953486, -10.245098099485116], [-54.977733646140635, -10.245098707585607], [-54.977731494804466, -10.245098903911101], [-54.97772934704011, -10.245098680843276], [-54.977727283101856, -10.245098047016564], [-54.977725384059106, -10.245097026436971], [-54.97772372267074, -10.245095658425363], [-54.977722363390825, -10.245093996713525], [-54.97772135693338, -10.245092103083008], [-54.977720742987074, -10.245090050997609], [-54.977720544768566, -10.245087921050002]]]}}, {"type": "Feature", "properties": {"layer": "NUMERO_DOS_LOTES", "dxf_type": "CIRCLE", "radius_m": 1.14}, "geometry": {"type": "Polygon", "coordinates": [[[-54.977773551841516, -10.245154932422437], [-54.977773764439476, -10.245152923442793], [-54.977774368948204, -10.245150994637477], [-54.97777534208931, -10.24514921907861], [-54.97777664509945, -10.245147665222461], [-54.977778230135435, -10.245146394237473], [-54.97778003484473, -10.245145452739246], [-54.977781989631566, -10.245144878259245], [-54.97778402043479, -10.245144692934574], [-54.977786048727836, -10.245144903508095], [-54.97778799698838, -10.245145502266274], [-54.97778978961669, -10.245146466141078], [-54.977791357498404, -10.245147756738213], [-54.977792641614705, -10.24514932668712], [-54.97779359216413, -10.245151114211968], [-54.977794171254445, -10.245153050379674], [-54.9777943583608, -10.24515506184563], [-54.977794145762964, -10.245157070825307], [-54.977793542161166, -10.245159000540236], [-54.9777925690201, -10.245160776099167], [-54.977791265103136, -10.245162329045833], [-54.977789680973935, -10.245163600940428], [-54.97778787626454, -10.245164542438696], [-54.977785920570746, -10.245165116009161], [-54.97778388976739, -10.245165301333813], [-54.97778186147422, -10.245165090760262], [-54.97777991412041, -10.245164492911574], [-54.97777812149205, -10.245163529036704], [-54.9777765527035, -10.245162237529948], [-54.977775269494096, -10.245160668490536], [-54.97777431894475, -10.245158880965647], [-54.97777373894774, -10.24515694388838], [-54.977773551841516, -10.245154932422437]]]}}, {"type": "Feature", "properties": {"layer": "NUMERO_DOS_LOTES", "dxf_type": "CIRCLE", "radius_m": 1.2}, "geometry": {"type": "Polygon", "coordinates": [[[-54.97783195452245, -10.24522420278534], [-54.97783217875296, -10.245222086312353], [-54.97783281494217, -10.245220054657878], [-54.977833839788765, -10.245218184509602], [-54.97783521268133, -10.245216547927914], [-54.97783688210924, -10.245215208770224], [-54.977838782959296, -10.245214217250629], [-54.97784084289231, -10.245213611787394], [-54.977842981441945, -10.245213417189595], [-54.977845118267936, -10.245213638380966], [-54.9778471703611, -10.245214269421707], [-54.97784905848859, -10.245215284509403], [-54.97785070989149, -10.245216644323243], [-54.977852062836185, -10.24521829786013], [-54.97785306297554, -10.245220180604196], [-54.97785367426537, -10.245222220018235], [-54.97785387164089, -10.245224339113715], [-54.97785364741051, -10.245226455586762], [-54.97785301030884, -10.245228487235606], [-54.977851986374866, -10.245230357389651], [-54.97785061256974, -10.245231993965735], [-54.97784894405434, -10.24523333312917], [-54.97784704320417, -10.245234324648806], [-54.97784498327675, -10.245234929208161], [-54.977842843808666, -10.245235124704143], [-54.97784070790084, -10.245234902614534], [-54.97783865580184, -10.245234272477619], [-54.9778367676743, -10.24523325738985], [-54.97783511535883, -10.245231897570255], [-54.977833763326764, -10.245230244038984], [-54.977832762274936, -10.245228361289183], [-54.97783215189783, -10.245226321880821], [-54.97783195452245, -10.24522420278534]]]}}, {"type": "Feature", "properties": {"layer": "NUMERO_DOS_LOTES", "dxf_type": "CIRCLE", "radius_m": 1.21}, "geometry": {"type": "Polygon", "coordinates": [[[-54.97789074305191, -10.24529321792703], [-54.97789096919327, -10.245291087907129], [-54.97789161003687, -10.245289041818852], [-54.97789264134593, -10.245287159959693], [-54.97789402343306, -10.245285512588], [-54.97789570295673, -10.245284164453702], [-54.97789761662318, -10.245283166686129], [-54.97789969026806, -10.245282557692244], [-54.97790184343074, -10.245282361377189], [-54.97790399393435, -10.24528258446118], [-54.97790605878113, -10.245283219196608], [-54.97790795964507, -10.245284240690685], [-54.97790962285464, -10.245285609616905], [-54.97791098394425, -10.245287274051261], [-54.97791199131016, -10.245289168591071], [-54.97791260615901, -10.245291222489824], [-54.97791280436149, -10.245293355149188], [-54.97791257913283, -10.245295485174807], [-54.97791193828933, -10.245297531263146], [-54.97791090698033, -10.245299413122364], [-54.9779095248932, -10.245301060494134], [-54.9779078444569, -10.245302408622821], [-54.97790593079035, -10.245303406390443], [-54.97790385805789, -10.245304015390031], [-54.97790170489506, -10.245304211705053], [-54.97789955439132, -10.245303988621037], [-54.977897488631854, -10.245303353879855], [-54.97789558776787, -10.2453023323857], [-54.977893925470866, -10.24530096346508], [-54.97789256438132, -10.245299299030659], [-54.977891557015504, -10.245297404490822], [-54.97789094216681, -10.245295350592057], [-54.97789074305191, -10.24529321792703]]]}}, {"type": "Feature", "properties": {"layer": "NUMERO_DOS_LOTES", "dxf_type": "CIRCLE", "radius_m": 1.2}, "geometry": {"type": "Polygon", "coordinates": [[[-54.97794957782739, -10.245362427691434], [-54.97794980208034, -10.245360307602734], [-54.97795044011735, -10.245358272343802], [-54.97795146589368, -10.245356399489157], [-54.977952841541374, -10.245354760212384], [-54.97795451281206, -10.24535341835387], [-54.9779564173188, -10.24535242595249], [-54.97795847999611, -10.245351819601817], [-54.977960623115344, -10.24535162412791], [-54.977962762674444, -10.2453518462396], [-54.9779648175008, -10.245352478200699], [-54.977966709274064, -10.245353494214529], [-54.977968363398695, -10.24535485675665], [-54.97796971815248, -10.24535651301624], [-54.97797072101339, -10.245358398488815], [-54.97797133228118, -10.245360441518315], [-54.97797152963449, -10.245362564229392], [-54.977971305387406, -10.245364683414264], [-54.97797066826307, -10.245366718678916], [-54.977969641568485, -10.245368592431838], [-54.9779682659208, -10.245370231708685], [-54.97796659465578, -10.245371572663405], [-54.97796469014321, -10.245372565968683], [-54.977962627471484, -10.2453731714155], [-54.97796048526468, -10.245373366895084], [-54.97795834479287, -10.245373144777655], [-54.97795628996069, -10.24537251372037], [-54.97795439819309, -10.24537149680261], [-54.97795274406273, -10.245370135164272], [-54.977951389309, -10.245368478904615], [-54.97795038736649, -10.245366592533799], [-54.977949775186275, -10.245364549498625], [-54.97794957782739, -10.245362427691434]]]}}, {"type": "Feature", "properties": {"layer": "NUMERO_DOS_LOTES", "dxf_type": "CIRCLE", "radius_m": 1.21}, "geometry": {"type": "Polygon", "coordinates": [[[-54.97800836183183, -10.245431444600401], [-54.97800858800709, -10.245429309157048], [-54.978009229785926, -10.245427259458625], [-54.97801026294876, -10.245425373091033], [-54.978011648709305, -10.245423722126047], [-54.9780133328192, -10.245422370404071], [-54.97801525014807, -10.245421370850854], [-54.97801732744982, -10.245420760975168], [-54.97801948609466, -10.24542056378968], [-54.97802164115652, -10.245420787805337], [-54.978023710561644, -10.245421423472502], [-54.978025615978204, -10.245422446802245], [-54.978027281903785, -10.245423819360614], [-54.978028646621894, -10.245425487432904], [-54.97802965578534, -10.24542738650328], [-54.97803027152472, -10.245429444023186], [-54.9780304706061, -10.245431582111557], [-54.97803024443672, -10.245433716651096], [-54.97802960265798, -10.245435766349567], [-54.978028569489474, -10.245437653621112], [-54.97802718373467, -10.245439303682296], [-54.97802550053727, -10.245440655410029], [-54.978023582295734, -10.245441654957615], [-54.97802150499384, -10.245442264833315], [-54.978019347261416, -10.245442462024448], [-54.978017191286845, -10.245442238003088], [-54.97801512188162, -10.24544160233586], [-54.97801321737757, -10.24544057901172], [-54.97801155053942, -10.24543920644758], [-54.97801018581565, -10.245437539279102], [-54.978009176658034, -10.245435639304802], [-54.97800856091879, -10.245433581784901], [-54.97800836183183, -10.245431444600401]]]}}, {"type": "Feature", "properties": {"layer": "NUMERO_DOS_LOTES", "dxf_type": "CIRCLE", "radius_m": 1.21}, "geometry": {"type": "Polygon", "coordinates": [[[-54.97806719915228, -10.245500548610444], [-54.97806742438034, -10.245498418584557], [-54.97806806522355, -10.245496372495838], [-54.97806909653832, -10.245494489732195], [-54.978070478620054, -10.245492843263643], [-54.97807215905699, -10.245491495134187], [-54.978074072724475, -10.245490497365717], [-54.97807614545809, -10.24548988836522], [-54.97807829862805, -10.245489691145384], [-54.978080449127646, -10.245489915132353], [-54.97808251488883, -10.24549054987267], [-54.97808441575464, -10.245491571366047], [-54.97808607805349, -10.24549294028602], [-54.97808743915056, -10.245494603816093], [-54.978088446512324, -10.245496499259533], [-54.9780890613625, -10.245498553158203], [-54.97808926047861, -10.245500685823377], [-54.978089034338126, -10.245502815843619], [-54.97808839350074, -10.245504861028524], [-54.97808736218604, -10.245506743792243], [-54.97808598009858, -10.245508391164748], [-54.97808430057414, -10.24550973929994], [-54.97808238690656, -10.245510737068455], [-54.978080313260236, -10.245511346063294], [-54.978078160095855, -10.245511542379234], [-54.97807600959039, -10.245511319296101], [-54.97807394474166, -10.245510684561395], [-54.978072043875805, -10.245509663067942], [-54.978070380664384, -10.245508294142219], [-54.978069019573105, -10.245506629708206], [-54.97806801221145, -10.245504734264722], [-54.97806739735567, -10.245502681269913], [-54.97806719915228, -10.245500548610444]]]}}, {"type": "Feature", "properties": {"layer": "NUMERO_DOS_LOTES", "dxf_type": "CIRCLE", "radius_m": 1.2}, "geometry": {"type": "Polygon", "coordinates": [[[-54.978126023033816, -10.245569761000246], [-54.97812624821005, -10.245567639109172], [-54.97812688626386, -10.245565601138155], [-54.97812791388251, -10.245563725582631], [-54.97812929045457, -10.245562084503032], [-54.97813096447511, -10.245560740852966], [-54.97813287081374, -10.245559747558175], [-54.97813493623579, -10.24555914031973], [-54.978137081181686, -10.245558944856258], [-54.97813922439278, -10.245559166989779], [-54.97814128195292, -10.245559799870978], [-54.978143175547466, -10.245560816799337], [-54.97814483240017, -10.245562181165674], [-54.9781461880568, -10.245563839238299], [-54.97814719181464, -10.24556572742793], [-54.97814780397915, -10.245567773174669], [-54.97814800223461, -10.245569897699292], [-54.97814777705851, -10.24557201959041], [-54.97814713899907, -10.245574058465362], [-54.978146111386216, -10.245575933117093], [-54.97814473481416, -10.245577574196744], [-54.978143060793556, -10.24557891784689], [-54.9781411544491, -10.245579912045587], [-54.97813908903264, -10.245580518380187], [-54.978136943174015, -10.245580713837965], [-54.97813480087536, -10.245580491710081], [-54.978132743309374, -10.245579859732679], [-54.978130849720515, -10.245578841900384], [-54.978129192867804, -10.245577477533956], [-54.97812783721124, -10.245575819461285], [-54.97812683344776, -10.245573932175484], [-54.97812622128913, -10.245571885524853], [-54.978126023033816, -10.245569761000246]]]}}, {"type": "Feature", "properties": {"layer": "NUMERO_DOS_LOTES", "dxf_type": "CIRCLE", "radius_m": 1.21}, "geometry": {"type": "Polygon", "coordinates": [[[-54.97818349199077, -10.245632453167865], [-54.97818371814236, -10.245630321339721], [-54.97818435899104, -10.245628274346807], [-54.97818539122406, -10.245626390684553], [-54.9781867742243, -10.245624743317313], [-54.978188455585695, -10.245623393385232], [-54.97819037016638, -10.245622395621844], [-54.97819244472596, -10.245621786632077], [-54.97819459880947, -10.24562158941731], [-54.978196751135314, -10.245621813415042], [-54.978198817810245, -10.245622448160496], [-54.978200719589836, -10.245623469659082], [-54.97820238370355, -10.245624840397781], [-54.97820374570859, -10.245626504837126], [-54.97820475306565, -10.245628401184284], [-54.97820536882355, -10.245630455992476], [-54.97820556701633, -10.245632590459785], [-54.97820534178318, -10.245634721389774], [-54.97820470002205, -10.245636768377079], [-54.97820366870164, -10.245638652045082], [-54.97820228569567, -10.245640300316271], [-54.97820060433995, -10.245641649344545], [-54.97819868975343, -10.245642648011849], [-54.9781966151937, -10.245643257001632], [-54.97819446019748, -10.245643454210711], [-54.97819230878407, -10.245643230218612], [-54.97819024210902, -10.24564259547309], [-54.978188340335116, -10.245641573070554], [-54.97818667621567, -10.245640203235654], [-54.97818531421641, -10.24563853789237], [-54.9781843059469, -10.245636641539493], [-54.978183691101705, -10.24563458673696], [-54.97818349199077, -10.245632453167865]]]}}, {"type": "Feature", "properties": {"layer": "NUMERO_DOS_LOTES", "dxf_type": "CIRCLE", "radius_m": 0.96}, "geometry": {"type": "Polygon", "coordinates": [[[-54.97842460512289, -10.245437315387958], [-54.97842478372065, -10.245435630700584], [-54.97842529042456, -10.245434014039201], [-54.97842610568684, -10.245432525844416], [-54.9784271981135, -10.245431223771458], [-54.97842852632386, -10.245430157278223], [-54.978430038944865, -10.245429368529138], [-54.97843167829567, -10.245428886994686], [-54.9784333803705, -10.245428732162898], [-54.97843508126094, -10.245428908155953], [-54.97843671346567, -10.245429410034506], [-54.97843821596865, -10.245430217533078], [-54.97843953146722, -10.245431300466175], [-54.9784406073017, -10.24543261602243], [-54.97844140363422, -10.245434114238906], [-54.97844188980416, -10.245435737074471], [-54.97844204611888, -10.245437423844512], [-54.97844186843951, -10.245439107633713], [-54.978441361729935, -10.245440725199026], [-54.978440546467695, -10.245442213393861], [-54.97843945404104, -10.245443515466865], [-54.97843812492379, -10.245444581050592], [-54.978436612296996, -10.245445370703576], [-54.9784349738644, -10.24544585133984], [-54.978433270871186, -10.245446007069818], [-54.97843157089894, -10.245445830178536], [-54.978429937775864, -10.245445329198143], [-54.978428435278566, -10.245444520795646], [-54.978427120686845, -10.245443438772055], [-54.9784260448524, -10.245442123215756], [-54.97842524851994, -10.245440624999256], [-54.97842476235582, -10.245439001259788], [-54.97842460512289, -10.245437315387958]]]}}, {"type": "Feature", "properties": {"layer": "NUMERO_DOS_LOTES", "dxf_type": "CIRCLE", "radius_m": 1}, "geometry": {"type": "Polygon", "coordinates": [[[-54.978020496310705, -10.245657933084509], [-54.978020684581, -10.245656162586226], [-54.9780212164597, -10.245654462018612], [-54.9780220741954, -10.245652896352997], [-54.978023223627666, -10.245651527746867], [-54.97802461971974, -10.245650406539239], [-54.978026211087, -10.245649576702226], [-54.97802793455022, -10.24564907128765], [-54.97802972428987, -10.245648907964386], [-54.978031511817505, -10.245649093537715], [-54.97803322873637, -10.24564962035095], [-54.9780348085436, -10.2456504699122], [-54.97803619122171, -10.24565160840337], [-54.978037323209996, -10.245652991199607], [-54.97803816011352, -10.245654567405643], [-54.978038671300375, -10.245656274460988], [-54.978038836194074, -10.245658047155919], [-54.978038648836446, -10.24565981765991], [-54.978038116045255, -10.245661518221889], [-54.97803725922789, -10.245663082989358], [-54.9780361097899, -10.245664452499414], [-54.97803471278521, -10.24566557370141], [-54.97803312233617, -10.245666402640252], [-54.97803139886713, -10.245666908958713], [-54.978029609127375, -10.24566707228197], [-54.97802782159964, -10.245666886708612], [-54.978026104686435, -10.245666358991453], [-54.97802452396087, -10.245665510328356], [-54.978023142195326, -10.245664371842809], [-54.97802201021281, -10.24566298814265], [-54.97802117239106, -10.245661412834783], [-54.978020662116876, -10.245659705785105], [-54.978020496310705, -10.245657933084509]]]}}, {"type": "Feature", "properties": {"layer": "NUMERO_DOS_LOTES", "dxf_type": "CIRCLE", "radius_m": 1.01}, "geometry": {"type": "Polygon", "coordinates": [[[-54.97796165073076, -10.245588690713044], [-54.977961839047104, -10.24558691298382], [-54.97796237370947, -10.245585205202358], [-54.977963234223, -10.245583633226794], [-54.97796438825812, -10.2455822583221], [-54.977965790766625, -10.245581132635058], [-54.97796738853877, -10.245580300126399], [-54.977969119325095, -10.24557979114197], [-54.97797091636486, -10.245579627864368], [-54.977972712105135, -10.245579813489027], [-54.9779744363011, -10.245580343963415], [-54.9779760224786, -10.245581196276216], [-54.97797741060295, -10.245582339320979], [-54.97797854711348, -10.245583728472859], [-54.977979388539296, -10.24558531103449], [-54.977979901505066, -10.24558702533221], [-54.9779800672652, -10.245588805263806], [-54.97797987894322, -10.245590583896922], [-54.97797934428094, -10.245592291678445], [-54.977978482860614, -10.245593862744508], [-54.97797732882549, -10.245595237649255], [-54.97797592631694, -10.245596363336341], [-54.977974329451555, -10.24559719675458], [-54.97797259867087, -10.245597704835133], [-54.9779708007127, -10.245597869010938], [-54.97796900589062, -10.245597682488034], [-54.97796728168885, -10.245597152917494], [-54.977965694604485, -10.24559629969509], [-54.977964306480125, -10.245595156650271], [-54.97796316996964, -10.245593767498349], [-54.97796232945074, -10.24559218584624], [-54.97796181648506, -10.245590471548493], [-54.97796165073076, -10.245588690713044]]]}}, {"type": "Feature", "properties": {"layer": "NUMERO_DOS_LOTES", "dxf_type": "CIRCLE", "radius_m": 1.01}, "geometry": {"type": "Polygon", "coordinates": [[[-54.977902853171834, -10.245519794832706], [-54.97790304241814, -10.245518014397616], [-54.977903577086344, -10.245516305712389], [-54.977904439430745, -10.245514732844468], [-54.9779055943898, -10.245513356137904], [-54.97790699781642, -10.245512229552896], [-54.97790859650658, -10.245511396146284], [-54.97791032911767, -10.245510887173468], [-54.97791212798788, -10.245510723003582], [-54.97791392554707, -10.245510909543732], [-54.97791565156768, -10.245511440029698], [-54.97791723956404, -10.245512293257917], [-54.977918628594736, -10.245513437212393], [-54.97791976600588, -10.245514828177813], [-54.977920608338096, -10.245516411649065], [-54.97792112129776, -10.245518126850696], [-54.97792128704041, -10.245519909493888], [-54.9779210987125, -10.245521689030793], [-54.97792056403864, -10.245523398619941], [-54.977919701694276, -10.245524971487916], [-54.97791854673521, -10.245526348194527], [-54.97791714330856, -10.245527474779585], [-54.97791554461833, -10.245528308186223], [-54.97791381200714, -10.245528817159054], [-54.97791201222425, -10.245528981323252], [-54.97791021557753, -10.245528794788749], [-54.97790848955685, -10.245528264302742], [-54.977906901560445, -10.245527411074466], [-54.97790551252976, -10.245526267119939], [-54.97790437511865, -10.245524876154475], [-54.97790353278651, -10.245523292683192], [-54.977903019832674, -10.245521576577671], [-54.977902853171834, -10.245519794832706]]]}}, {"type": "Feature", "properties": {"layer": "NUMERO_DOS_LOTES", "dxf_type": "CIRCLE", "radius_m": 1.01}, "geometry": {"type": "Polygon", "coordinates": [[[-54.97784404016703, -10.245450604174486], [-54.97784422843794, -10.245448833676464], [-54.97784476032269, -10.245447132205358], [-54.97784561805268, -10.24544556744411], [-54.977846767496125, -10.24544419703084], [-54.97784816449445, -10.245443076733451], [-54.977849755860866, -10.245442246897204], [-54.97785147932873, -10.245441740579503], [-54.97785326997967, -10.245441577262676], [-54.977855058418434, -10.245441762842418], [-54.977856775330046, -10.245442290560215], [-54.97785835604827, -10.245443140127701], [-54.977859738730594, -10.24544427771547], [-54.977860870705975, -10.245445662319803], [-54.97786170852649, -10.245447237627856], [-54.977862219706495, -10.24544894558713], [-54.97786238459931, -10.245450718281948], [-54.977862197235346, -10.24545248968957], [-54.977861664438095, -10.245454191155043], [-54.977860806708144, -10.245455755916344], [-54.97785965727043, -10.245457125425792], [-54.97785826026633, -10.245458246627097], [-54.97785666889984, -10.245459076463376], [-54.977854945431886, -10.24545958278107], [-54.977853154780846, -10.245459746097904], [-54.97785136634197, -10.245459560518118], [-54.9778496494303, -10.24545903280029], [-54.97784806871202, -10.245458183232753], [-54.97784668603544, -10.245457044741059], [-54.97784555405437, -10.245455661040557], [-54.977844716233925, -10.245454085732469], [-54.97784420596658, -10.245452377778863], [-54.97784404016703, -10.245450604174486]]]}}, {"type": "Feature", "properties": {"layer": "NUMERO_DOS_LOTES", "dxf_type": "CIRCLE", "radius_m": 1.01}, "geometry": {"type": "Polygon", "coordinates": [[[-54.97778519277872, -10.245381370812318], [-54.97778538111287, -10.24537959037171], [-54.97778591669958, -10.245377880788556], [-54.97778677904973, -10.245376307017086], [-54.97778793400286, -10.245374931214828], [-54.977789338347385, -10.24537380373206], [-54.97779093703698, -10.24537297032595], [-54.97779266964734, -10.245372461353648], [-54.977794469429256, -10.245372297189968], [-54.97779626698749, -10.24537248373059], [-54.97779799300707, -10.245373014217002], [-54.977799581002394, -10.245373867445615], [-54.97780097093889, -10.245375012309974], [-54.9778021083548, -10.245376402371729], [-54.977802950680406, -10.245377986747012], [-54.97780346454616, -10.245379702858216], [-54.977803630288214, -10.245381485501339], [-54.9778034419599, -10.2453832650381], [-54.977802906373256, -10.245384974621315], [-54.97780204402315, -10.24538654839282], [-54.97780088906428, -10.245387925099026], [-54.977799484725445, -10.245389051677945], [-54.97779788603578, -10.245389885084087], [-54.977796153425324, -10.2453903940564], [-54.977794353643304, -10.24539055822007], [-54.97779255608497, -10.245390371679418], [-54.97779083006532, -10.245389841192964], [-54.97778924206995, -10.245388987964295], [-54.977787852127726, -10.245387844003778], [-54.97778671471759, -10.24538645303808], [-54.977785872392055, -10.24538486866279], [-54.977785358526404, -10.245383152551558], [-54.97778519277872, -10.245381370812318]]]}}, {"type": "Feature", "properties": {"layer": "NUMERO_DOS_LOTES", "dxf_type": "CIRCLE", "radius_m": 1}, "geometry": {"type": "Polygon", "coordinates": [[[-54.97772643726603, -10.245312476078844], [-54.97772662362051, -10.245310720031656], [-54.977727151757776, -10.245309033904004], [-54.97772800210701, -10.245307481751967], [-54.97772914143179, -10.245306123930938], [-54.97773052650905, -10.245305012598985], [-54.97773210322224, -10.245304190807287], [-54.97773381205965, -10.245303688918684], [-54.97773558719036, -10.245303526409728], [-54.97773736012027, -10.245303710989589], [-54.97773906245845, -10.245304234097595], [-54.977740629538715, -10.24530507544544], [-54.977742000413954, -10.245306203920956], [-54.97774312243037, -10.245307575808795], [-54.977743952117144, -10.245309138411608], [-54.977744458831, -10.245310830976631], [-54.977744622902364, -10.24531258920368], [-54.97774443654798, -10.245314345250897], [-54.97774390841078, -10.245316031378595], [-54.97774305897989, -10.24531758263248], [-54.97774191965511, -10.245318940453547], [-54.977740534577805, -10.24532005178554], [-54.97773895694625, -10.245320874475473], [-54.977737248108745, -10.245321376364098], [-54.97773547297793, -10.245321538873048], [-54.97773370004792, -10.245321354293155], [-54.97773199770968, -10.245320831185088], [-54.97773043154767, -10.245319988938995], [-54.97772906067244, -10.24531886046343], [-54.977727938656066, -10.245317488575557], [-54.97772710805106, -10.245315926870918], [-54.977726601337295, -10.245314234305885], [-54.97772643726603, -10.245312476078844]]]}}, {"type": "Feature", "properties": {"layer": "NUMERO_DOS_LOTES", "dxf_type": "CIRCLE", "radius_m": 1.01}, "geometry": {"type": "Polygon", "coordinates": [[[-54.97766755675817, -10.245243148491321], [-54.97766774509273, -10.24524136805088], [-54.97766827976137, -10.245239659366185], [-54.977669142105796, -10.245238086498928], [-54.97767029706447, -10.2452367097932], [-54.97767170049031, -10.245235583209096], [-54.97767329917933, -10.245234749803483], [-54.97767503178896, -10.245234240831715], [-54.977676830657444, -10.245234076662854], [-54.977678627302154, -10.245234263198304], [-54.977680353320714, -10.245234793685148], [-54.977681941315, -10.24523564691415], [-54.97768333034362, -10.245236790869276], [-54.97768446775284, -10.245238181835138], [-54.9776853100833, -10.24523976530668], [-54.97768582395404, -10.24524148051404], [-54.97768598969551, -10.2452432631571], [-54.977685801366775, -10.245245042693696], [-54.977685265785645, -10.245246751372761], [-54.97768440343553, -10.24524832514395], [-54.97768324848258, -10.245249700945852], [-54.9776818450567, -10.245250827529997], [-54.977680246367605, -10.245251660935642], [-54.97767851375787, -10.245252169907426], [-54.977676714889284, -10.245252334076277], [-54.97767491824448, -10.245252147540793], [-54.97767319222585, -10.245251617053906], [-54.97767160423153, -10.245250763824847], [-54.97767021520289, -10.245249619869675], [-54.97766907778799, -10.245248229807638], [-54.97766823546334, -10.245246645432195], [-54.97766772250526, -10.245244930230498], [-54.97766755675817, -10.245243148491321]]]}}, {"type": "Feature", "properties": {"layer": "NUMERO_DOS_LOTES", "dxf_type": "CIRCLE", "radius_m": 1.01}, "geometry": {"type": "Polygon", "coordinates": [[[-54.97761344867169, -10.245183112979799], [-54.97761363608242, -10.245181334341508], [-54.977614171663724, -10.245179625662592], [-54.977615033089876, -10.245178053693708], [-54.977616187130174, -10.24517667788637], [-54.977617590550125, -10.245175552206359], [-54.97761918832634, -10.2451747187953], [-54.977620920023085, -10.245174209818098], [-54.9776227188912, -10.245174045649474], [-54.977624514622924, -10.24517423217948], [-54.97762623972846, -10.245174762660856], [-54.977627826809716, -10.245175615884365], [-54.97762921584361, -10.245176758935758], [-54.97763035234556, -10.245178148992178], [-54.97763119376879, -10.245179731554215], [-54.97763170763918, -10.245181446761611], [-54.97763187339184, -10.245183227596888], [-54.9776316850629, -10.245185007133394], [-54.977631149481674, -10.24518671581235], [-54.977630288055565, -10.24518828778129], [-54.97762913401526, -10.245189663588699], [-54.977627730595266, -10.245190789268738], [-54.97762613281898, -10.24519162267982], [-54.977624401122135, -10.245192131657058], [-54.977622603172215, -10.245192294927454], [-54.9776208065221, -10.245192109295635], [-54.97761908141649, -10.245191578814197], [-54.9776174943352, -10.245190725590637], [-54.9776161053013, -10.245189582539203], [-54.977614968799394, -10.245188192482724], [-54.97761412737624, -10.245186609920657], [-54.97761361350594, -10.245184894713253], [-54.97761344867169, -10.245183112979799]]]}}, {"type": "Feature", "properties": {"layer": "NUMERO_DOS_LOTES", "dxf_type": "CIRCLE", "radius_m": 1.21}, "geometry": {"type": "Polygon", "coordinates": [[[-54.97736905444225, -10.245376256447926], [-54.977369279663165, -10.245374128231145], [-54.97736991958043, -10.245372084850551], [-54.97737094997431, -10.245370203891893], [-54.9773723311401, -10.245368558325103], [-54.977374009741936, -10.245367211996085], [-54.977375920666546, -10.24536621511884], [-54.977377992487206, -10.245365606117211], [-54.977380143824966, -10.245365409794447], [-54.97738229250295, -10.245365632870556], [-54.97738435552342, -10.245366267597865], [-54.97738625456613, -10.245367288179533], [-54.97738791595964, -10.245368655288964], [-54.97738927523269, -10.245370317905923], [-54.977390281688514, -10.245372211537244], [-54.97739089655106, -10.245374262724718], [-54.977391094761394, -10.245376393575983], [-54.97739086954061, -10.245378521792802], [-54.97739022870516, -10.245380566071674], [-54.97738919831707, -10.245382446126516], [-54.97738781806384, -10.245384091699076], [-54.977386139456215, -10.245385438932033], [-54.97738422761894, -10.245386435803645], [-54.97738215671644, -10.24538704390707], [-54.97738000537852, -10.245387240229839], [-54.9773778567004, -10.245387017153671], [-54.97737579276152, -10.245386383324517], [-54.97737389463133, -10.245385362748452], [-54.97737223324355, -10.245383994735068], [-54.97737087305799, -10.245382332112348], [-54.97736986659653, -10.245380439384874], [-54.97736925265244, -10.245378387299173], [-54.97736905444225, -10.245376256447926]]]}}, {"type": "Feature", "properties": {"layer": "NUMERO_DOS_LOTES", "dxf_type": "CIRCLE", "radius_m": 1.14}, "geometry": {"type": "Polygon", "coordinates": [[[-54.97742467922615, -10.245446224585997], [-54.977424891826814, -10.245444215607073], [-54.97742549633843, -10.245442286802946], [-54.97742646856992, -10.245440511240018], [-54.97742777249551, -10.245438957391528], [-54.9774293566274, -10.245437685499237], [-54.97743116133343, -10.245436744907371], [-54.97743311703495, -10.245436170435614], [-54.977435147839834, -10.245435985113524], [-54.97743717613404, -10.245436195689528], [-54.977439123482625, -10.245436794444332], [-54.97744091611671, -10.24543775741726], [-54.97744248490472, -10.245439048925634], [-54.97744376901992, -10.245440618875788], [-54.977444718655185, -10.245442406395744], [-54.977445298656, -10.24544434256941], [-54.97744548575992, -10.245446354035144], [-54.97744527315938, -10.245448363014104], [-54.977444668642136, -10.24545029272216], [-54.977443696410695, -10.24545206828514], [-54.97744239249082, -10.245453621229842], [-54.97744080744632, -10.245454893116491], [-54.9774390027402, -10.2454558337084], [-54.97743704795113, -10.245456408185845], [-54.9774350171461, -10.245456593507921], [-54.977432988851774, -10.24545638293188], [-54.977431040590524, -10.245455784171343], [-54.977429247956394, -10.245454821198349], [-54.97742768008095, -10.245453529695602], [-54.977426395960066, -10.245451960649248], [-54.9774254463249, -10.245450173129269], [-54.97742486632994, -10.245448236051718], [-54.97742467922615, -10.245446224585997]]]}}, {"type": "Feature", "properties": {"layer": "NUMERO_DOS_LOTES", "dxf_type": "CIRCLE", "radius_m": 1.2}, "geometry": {"type": "Polygon", "coordinates": [[[-54.977483081860036, -10.245515495006169], [-54.97748330518083, -10.245513378528242], [-54.97748394229138, -10.24551134597684], [-54.97748496622851, -10.24550947582459], [-54.977486340030964, -10.245507840154541], [-54.97748800855491, -10.245506500089686], [-54.97748990940184, -10.245505509476544], [-54.97749196933707, -10.245504904016041], [-54.97749410880104, -10.245504709426633], [-54.97749624471568, -10.245504930614945], [-54.97749829680949, -10.245505561658092], [-54.97750018494275, -10.245506575844056], [-54.97750183725192, -10.245507936569206], [-54.97750318928862, -10.245509589197855], [-54.977504190338855, -10.245511471948419], [-54.97750480070821, -10.245513512260942], [-54.97750499808117, -10.245515631356207], [-54.97750477385368, -10.24551774692462], [-54.977504137655814, -10.24551977948176], [-54.97750311280617, -10.245521649628426], [-54.977501739910544, -10.245523286208101], [-54.97750007047971, -10.245524625363466], [-54.97749816962694, -10.245525616880508], [-54.97749610969729, -10.245526221437155], [-54.97749397114003, -10.2455264169361], [-54.9774918343184, -10.245526194838192], [-54.97748978221876, -10.245525564698857], [-54.97748789409118, -10.24552454960896], [-54.97748624268885, -10.245523189793287], [-54.97748488974537, -10.245521536255024], [-54.977483889607804, -10.245519653510078], [-54.97748327832602, -10.245517613191861], [-54.977483081860036, -10.245515495006169]]]}}, {"type": "Feature", "properties": {"layer": "NUMERO_DOS_LOTES", "dxf_type": "CIRCLE", "radius_m": 1.21}, "geometry": {"type": "Polygon", "coordinates": [[[-54.97754187034305, -10.245584510205665], [-54.97754209557472, -10.245582380180833], [-54.97754273642138, -10.24558033409384], [-54.977543767739284, -10.245578451332518], [-54.977545149823754, -10.245576804866797], [-54.97754683026289, -10.245575456740577], [-54.97754874393196, -10.24557445897562], [-54.977550816666515, -10.245573849978772], [-54.97755296983096, -10.245573653666469], [-54.97755512033579, -10.245573876753074], [-54.9775571860958, -10.245574511496637], [-54.9775590860472, -10.245575532987175], [-54.977560749256206, -10.245576901915161], [-54.977562110350384, -10.245578565446968], [-54.97756311770887, -10.245580460891482], [-54.977563732555524, -10.245582514790522], [-54.97756393075542, -10.245584647449666], [-54.9775637055239, -10.245586777474523], [-54.977563064683075, -10.245588822657705], [-54.97756203336522, -10.245590705419103], [-54.97756065127503, -10.245592352788773], [-54.97755897083582, -10.245593700915059], [-54.97755705807921, -10.24559469868574], [-54.97755498443196, -10.245595307676926], [-54.97755283126736, -10.245595503989211], [-54.977550680762384, -10.245595280902561], [-54.97754861591485, -10.245594646164616], [-54.97754671505082, -10.24559362466832], [-54.977545051841815, -10.245592255740261], [-54.977543690753436, -10.245590591304515], [-54.97754268339506, -10.245588695859952], [-54.9775420685428, -10.245586642864776], [-54.97754187034305, -10.245584510205665]]]}}, {"type": "Feature", "properties": {"layer": "NUMERO_DOS_LOTES", "dxf_type": "CIRCLE", "radius_m": 1.2}, "geometry": {"type": "Polygon", "coordinates": [[[-54.97760070507187, -10.245653720027875], [-54.97760092932768, -10.24565159993993], [-54.97760156645516, -10.245649564676597], [-54.9776025931529, -10.245647690925459], [-54.97760396788535, -10.245646052548972], [-54.97760564007149, -10.245644710698508], [-54.977607543674, -10.245643717390198], [-54.977609607260376, -10.24564311195179], [-54.97761174946879, -10.245642916474926], [-54.97761388994169, -10.245643138594918], [-54.97761594477441, -10.245643769654563], [-54.977617835629424, -10.245644786568707], [-54.97761949066605, -10.245646149118281], [-54.97762084542441, -10.245647804475315], [-54.97762184736533, -10.245649690846912], [-54.97762245954351, -10.245651733882374], [-54.977622656894255, -10.245653856593218], [-54.977622432644324, -10.245655975777327], [-54.97762179460438, -10.245658011035063], [-54.97762076881926, -10.245659884791957], [-54.977619393174244, -10.245661523162838], [-54.97761772098804, -10.24566286501335], [-54.97761581738543, -10.245663858321718], [-54.97761375471148, -10.24566446376582], [-54.97761161159035, -10.245664659236992], [-54.97760947202988, -10.245664437122635], [-54.977607416284485, -10.245663806057248], [-54.97760552542942, -10.245662789143015], [-54.97760387039279, -10.245661426593383], [-54.97760251654705, -10.245659771241964], [-54.97760151369367, -10.245657884864647], [-54.9776009024282, -10.245655841834827], [-54.97760070507187, -10.245653720027875]]]}}, {"type": "Feature", "properties": {"layer": "NUMERO_DOS_LOTES", "dxf_type": "CIRCLE", "radius_m": 1.21}, "geometry": {"type": "Polygon", "coordinates": [[[-54.97765948812303, -10.24572273608511], [-54.97765971429543, -10.245720601546378], [-54.97766035607733, -10.245718551849235], [-54.97766139016159, -10.24571666458516], [-54.97766277500691, -10.245715014520481], [-54.977664459119715, -10.245713662800897], [-54.977666376451204, -10.2457126632503], [-54.977668454667764, -10.245712053383022], [-54.977670612401816, -10.245711856194616], [-54.97767276746491, -10.2457120802129], [-54.97767483778325, -10.245712715888182], [-54.97767674228727, -10.245713739214393], [-54.97767840912485, -10.245715111780228], [-54.97767977293496, -10.245716778944294], [-54.97768078300354, -10.245718678925053], [-54.97768139874074, -10.245720736445245], [-54.97768159782526, -10.245722873629523], [-54.977681371647265, -10.24572500907217], [-54.97768072986547, -10.245727058769377], [-54.977679695787, -10.245728945129652], [-54.97767831093595, -10.245730596098284], [-54.97767662682308, -10.245731947817932], [-54.97767470949149, -10.24573294736857], [-54.97767263127479, -10.24573355723585], [-54.977670473540584, -10.245733754424258], [-54.977668318477356, -10.245733530405916], [-54.97766624815892, -10.245732894730587], [-54.97766434365483, -10.245731871404299], [-54.97766267681725, -10.245730498838387], [-54.97766131301293, -10.245728830770382], [-54.97766030293872, -10.245726931693452], [-54.97765968720167, -10.245724874173249], [-54.97765948812303, -10.24572273608511]]]}}, {"type": "Feature", "properties": {"layer": "NUMERO_DOS_LOTES", "dxf_type": "CIRCLE", "radius_m": 1.21}, "geometry": {"type": "Polygon", "coordinates": [[[-54.977718326309514, -10.245791840158661], [-54.97771855154045, -10.245789710133552], [-54.977719192380995, -10.245787664949958], [-54.97772022369888, -10.24578578218804], [-54.977721605783685, -10.245784135721589], [-54.977723285316685, -10.245782786684984], [-54.97772519898678, -10.245781788919132], [-54.97772727262947, -10.24578118083091], [-54.97772942580119, -10.245780983613813], [-54.97773157630203, -10.245781207603418], [-54.97773364115702, -10.245781841436617], [-54.97773554202287, -10.245782862932137], [-54.97773720522798, -10.245784232763432], [-54.97773856632389, -10.245785896294825], [-54.97773957368395, -10.24578779173908], [-54.97774018853769, -10.245789844734196], [-54.97774038673865, -10.245791977393438], [-54.97774016150213, -10.24579410832247], [-54.97773952066169, -10.245796153506127], [-54.977738489343864, -10.245798036268134], [-54.97773710725905, -10.245799682734662], [-54.977735426813425, -10.245801031765653], [-54.97773351314323, -10.245802029531548], [-54.97773144041297, -10.245802637625443], [-54.97772928724109, -10.245802834842548], [-54.97772713674012, -10.245802610852884], [-54.977725070972454, -10.245801977013956], [-54.97772317010655, -10.245800955518364], [-54.977721507814, -10.245799585692671], [-54.97772014671815, -10.245797922161216], [-54.9777191393582, -10.2457960267169], [-54.9777185245046, -10.245793973721769], [-54.977718326309514, -10.245791840158661]]]}}, {"type": "Feature", "properties": {"layer": "NUMERO_DOS_LOTES", "dxf_type": "CIRCLE", "radius_m": 1.2}, "geometry": {"type": "Polygon", "coordinates": [[[-54.97777715013865, -10.245861053510165], [-54.97777737440518, -10.245858931614158], [-54.97777801246204, -10.2458568936444], [-54.97777904008379, -10.245855018090577], [-54.97778041757148, -10.245853377018769], [-54.97778209159492, -10.245852033371081], [-54.97778399794188, -10.245851039175033], [-54.97778606336042, -10.245850432843165], [-54.977788208308084, -10.245850237382417], [-54.97779035060783, -10.245850459512889], [-54.97779240817435, -10.245851091492655], [-54.977794301763204, -10.245852109327009], [-54.97779595861534, -10.24585347369512], [-54.97779731518337, -10.245855131774723], [-54.97779831802696, -10.245857019959509], [-54.97779893110186, -10.245859065712226], [-54.97779912844219, -10.245861190230956], [-54.9777989041758, -10.245863312126984], [-54.97779826520648, -10.245865350091128], [-54.977797238497345, -10.245867225650702], [-54.97779586100966, -10.245868866722589], [-54.977794186986166, -10.24587021037034], [-54.9777922806391, -10.245871204566427], [-54.97779021522041, -10.245871810898313], [-54.9777880702726, -10.245872006359043], [-54.97778592797271, -10.245871784228534], [-54.97778387040609, -10.245871152248704], [-54.977781976817184, -10.245870134414274], [-54.97778031996505, -10.245868770046087], [-54.97777896339707, -10.245867111966419], [-54.977777959641024, -10.245865223775914], [-54.977777347478835, -10.24586317802886], [-54.97777715013865, -10.245861053510165]]]}}, {"type": "Feature", "properties": {"layer": "NUMERO_DOS_LOTES", "dxf_type": "CIRCLE", "radius_m": 1.21}, "geometry": {"type": "Polygon", "coordinates": [[[-54.97783461905628, -10.245923745735373], [-54.97783484429818, -10.245921613902318], [-54.97783548606248, -10.245919566916342], [-54.97783651738606, -10.245917683250132], [-54.977837900395095, -10.245916034981114], [-54.97783958175367, -10.245914685955315], [-54.97784149633697, -10.245913688194541], [-54.977843570904525, -10.245913078303632], [-54.97784572589664, -10.245912882001148], [-54.977847877316876, -10.245913105091967], [-54.977849943986726, -10.245913740743735], [-54.97785184576635, -10.245914762244466], [-54.97785350988523, -10.245916132081055], [-54.97785487188338, -10.245917797425603], [-54.977855880151296, -10.245919693779262], [-54.97785649499445, -10.245921748582083], [-54.977856693184656, -10.245923883049164], [-54.977856467948634, -10.245926013978384], [-54.977855827097, -10.245928060970101], [-54.97785479486091, -10.24592994463071], [-54.97785341185187, -10.245931592899803], [-54.97785173049324, -10.24593294192567], [-54.9778498159041, -10.245933940590358], [-54.97784774134213, -10.245934549577411], [-54.977845587262436, -10.245934745885558], [-54.9778434349295, -10.245934522789016], [-54.977841368253806, -10.245933888041057], [-54.97783946647986, -10.245932865636378], [-54.97783780236099, -10.245931495799713], [-54.97783644036289, -10.2459298304551], [-54.97783543300765, -10.245927934107073], [-54.97783481725206, -10.24592587929856], [-54.97783461905628, -10.245923745735373]]]}}, {"type": "Feature", "properties": {"layer": "NUMERO_DOS_LOTES", "dxf_type": "CIRCLE", "radius_m": 0.96}, "geometry": {"type": "Polygon", "coordinates": [[[-54.978074566715556, -10.245726671195092], [-54.97807474530985, -10.245724987412197], [-54.97807525110934, -10.245723369842265], [-54.97807606637408, -10.245721881648837], [-54.97807715971573, -10.245720579583217], [-54.97807848792266, -10.24571951399576], [-54.97808000055145, -10.245718724344876], [-54.978081639898285, -10.245718243716459], [-54.97808334198022, -10.245718087982958], [-54.978085041953335, -10.245718264876302], [-54.97808667507685, -10.245718765858586], [-54.978088177574136, -10.245719574262733], [-54.978089492165395, -10.245720656287673], [-54.97809056891152, -10.245721971850658], [-54.97809136524268, -10.245723470067785], [-54.97809185140516, -10.245725093807469], [-54.978092007723575, -10.245726779673449], [-54.97809183004193, -10.245728463462044], [-54.978091323329934, -10.245730081026355], [-54.97809050806523, -10.245731569219831], [-54.97808941472358, -10.245732871285496], [-54.97808808651089, -10.245733937776873], [-54.97808657388776, -10.245734726523908], [-54.978084934535104, -10.24573520805621], [-54.97808323245881, -10.245735362885824], [-54.97808153247988, -10.24573518689633], [-54.97807989936202, -10.245734685010131], [-54.978078396858976, -10.245733877509814], [-54.978077082273444, -10.245732794580947], [-54.97807600552736, -10.245731479017925], [-54.978075209196255, -10.245729980800768], [-54.978074723946435, -10.245728357066735], [-54.978074566715556, -10.245726671195092]]]}}, {"type": "Feature", "properties": {"layer": "NUMERO_DOS_LOTES", "dxf_type": "CIRCLE", "radius_m": 1}, "geometry": {"type": "Polygon", "coordinates": [[[-54.97767162322893, -10.245949225442669], [-54.97767181059477, -10.245947454035466], [-54.97767234338858, -10.245945753474583], [-54.977673200208585, -10.245944188708592], [-54.97767434964913, -10.245942819200332], [-54.977675746650455, -10.245941698904254], [-54.97767733710732, -10.245940869063741], [-54.977679060578126, -10.245940362747556], [-54.97768085031925, -10.245940199426547], [-54.977682638760484, -10.24594038500776], [-54.97768435567416, -10.2459409127269], [-54.97768593548141, -10.245941762289926], [-54.97768731816478, -10.24594289987869], [-54.9776884492338, -10.245944283574229], [-54.97768928705421, -10.245945858882752], [-54.977689798239254, -10.245947565938348], [-54.97768996312509, -10.245949339536962], [-54.97768977576507, -10.245951110040316], [-54.97768924297133, -10.245952810601246], [-54.97768838523881, -10.245954375361615], [-54.97768723671082, -10.245955744875602], [-54.977685839703724, -10.2459568660756], [-54.97768424925251, -10.245957695012267], [-54.97768252578161, -10.245958201328463], [-54.97768073512781, -10.245958364643768], [-54.97767894759905, -10.245958179068218], [-54.977677230685316, -10.245957651349038], [-54.97767565087229, -10.245956802689832], [-54.97767426819465, -10.24595566419714], [-54.9776731362131, -10.245954280495884], [-54.97767229930533, -10.245952705193003], [-54.97767178812039, -10.245950998137397], [-54.97767162322893, -10.245949225442669]]]}}, {"type": "Feature", "properties": {"layer": "NUMERO_DOS_LOTES", "dxf_type": "CIRCLE", "radius_m": 1.01}, "geometry": {"type": "Polygon", "coordinates": [[[-54.97761277678312, -10.245879983007699], [-54.97761296510759, -10.245878204375236], [-54.977613499772495, -10.245876496594812], [-54.97761436119547, -10.245874925530229], [-54.97761551523316, -10.245873550627309], [-54.977616917744086, -10.245872424942254], [-54.977618514611585, -10.245871591526226], [-54.977620245394036, -10.245871083447966], [-54.977622043353584, -10.245870919274434], [-54.977623838176584, -10.245871105799505], [-54.977625562378826, -10.245871635372035], [-54.97762714946319, -10.245872488596177], [-54.977628537587066, -10.245873631642434], [-54.977629674096626, -10.245875020795399], [-54.977630514614184, -10.24587660244817], [-54.97763102757813, -10.24587831674616], [-54.97763119333038, -10.24588009758144], [-54.97763100501174, -10.245881875310038], [-54.9776304703469, -10.245883583090505], [-54.97762960983081, -10.245885155064695], [-54.977628455793116, -10.245886529967672], [-54.97762705328215, -10.245887655652767], [-54.97762545550774, -10.245888488159274], [-54.97762372471946, -10.245888997141417], [-54.977621927678115, -10.245889160416745], [-54.97762013193671, -10.245888974789837], [-54.977618407740124, -10.24588844431339], [-54.97761682156257, -10.24588759199875], [-54.977615433438686, -10.245886448952442], [-54.97761429692917, -10.245885059799429], [-54.977613455504844, -10.245883477237072], [-54.977612942541, -10.245881762939074], [-54.97761277678312, -10.245879983007699]]]}}, {"type": "Feature", "properties": {"layer": "NUMERO_DOS_LOTES", "dxf_type": "CIRCLE", "radius_m": 1.01}, "geometry": {"type": "Polygon", "coordinates": [[[-54.977553980183046, -10.245811087075174], [-54.977554168519184, -10.245809306635058], [-54.97755470410823, -10.245807597052691], [-54.97755556554267, -10.245806024180526], [-54.97755672049857, -10.245804648379593], [-54.97755812484018, -10.245803521802252], [-54.977559723538256, -10.245802687493951], [-54.97756145523292, -10.245802179421627], [-54.977563255017174, -10.245802015259704], [-54.97756505166483, -10.245802201796376], [-54.9775667776917, -10.245802731380483], [-54.97756836568238, -10.245803585514373], [-54.97756975562515, -10.245804729476017], [-54.97757089304106, -10.24580611953867], [-54.97757173445929, -10.245807703004937], [-54.977572248323966, -10.245809419116371], [-54.97757241406446, -10.245811201759352], [-54.97757222573415, -10.24581298129564], [-54.977571690145176, -10.245814690878053], [-54.97757082871077, -10.245816263750271], [-54.97756967375487, -10.245817639551253], [-54.977568269413226, -10.245818766128625], [-54.97756667071507, -10.245819600436953], [-54.97756493810775, -10.24582010850363], [-54.97756313923596, -10.245820272671203], [-54.97756134167563, -10.245820086128841], [-54.97755961656125, -10.245819556550348], [-54.97755802857054, -10.245818702416406], [-54.97755663862777, -10.245817558454725], [-54.977555501211896, -10.245816168392029], [-54.977554659793746, -10.245814584925732], [-54.97755414592917, -10.245812868814284], [-54.977553980183046, -10.245811087075174]]]}}, {"type": "Feature", "properties": {"layer": "NUMERO_DOS_LOTES", "dxf_type": "CIRCLE", "radius_m": 1.01}, "geometry": {"type": "Polygon", "coordinates": [[[-54.97749516722489, -10.245741896359167], [-54.97749535459135, -10.245740124952214], [-54.97749588738548, -10.24573842439173], [-54.9774967451238, -10.245736858728026], [-54.97749789456407, -10.245735489220378], [-54.977499291570545, -10.245734368021118], [-54.97750088202083, -10.245733539085219], [-54.977502606403114, -10.245733032775487], [-54.97750439706125, -10.24573286855706], [-54.97750618458275, -10.245733055037189], [-54.97750790240747, -10.245733582762668], [-54.97750948221889, -10.2457344314224], [-54.977510864895, -10.245735569915514], [-54.97751199687515, -10.24573695361707], [-54.97751283468852, -10.245738529829694], [-54.977513345872445, -10.245740236885327], [-54.97751351075739, -10.24574201048384], [-54.97751332339103, -10.245743781890829], [-54.97751279059697, -10.245745482451374], [-54.97751193285869, -10.245747048115126], [-54.977510783418424, -10.245748417622812], [-54.97750938641191, -10.24574953882212], [-54.977507795955816, -10.245750368661918], [-54.97750607157344, -10.245750874971666], [-54.97750428183349, -10.245751038291903], [-54.977502493393594, -10.245750852709927], [-54.97750077556881, -10.2457503249844], [-54.97749919576307, -10.245749475420737], [-54.97749781308696, -10.245748336927573], [-54.97749668110686, -10.245746953225987], [-54.97749584329357, -10.245745377013337], [-54.97749533210974, -10.245743669957676], [-54.97749516722489, -10.245741896359167]]]}}, {"type": "Feature", "properties": {"layer": "NUMERO_DOS_LOTES", "dxf_type": "CIRCLE", "radius_m": 1.01}, "geometry": {"type": "Polygon", "coordinates": [[[-54.977436319889, -10.245672662035291], [-54.97743650821982, -10.2456708824992], [-54.97743704380908, -10.245669172917086], [-54.977437905249275, -10.245667599141388], [-54.97743906112327, -10.245666222442669], [-54.977440464551925, -10.245665095860124], [-54.97744206415627, -10.24566426246188], [-54.9774437967685, -10.245663753491852], [-54.97744559655189, -10.245663589330457], [-54.97744739319859, -10.245663775867607], [-54.977449119218704, -10.245664306356057], [-54.97745070812663, -10.245665159592134], [-54.97745209806838, -10.24566630355408], [-54.97745323547759, -10.245667694520835], [-54.97745407688921, -10.245669278891116], [-54.97745459075314, -10.245670995002584], [-54.97745475649878, -10.24567277674164], [-54.97745456816232, -10.245674557181639], [-54.97745403257313, -10.245676266763777], [-54.97745317113298, -10.245677840539548], [-54.977452016177274, -10.245679216340108], [-54.977450611830285, -10.245680343820911], [-54.97744901222587, -10.245681177219183], [-54.977447279613536, -10.245681686189204], [-54.97744548074261, -10.245681850356283], [-54.977443683183246, -10.245681663813412], [-54.97744195716305, -10.245681133324934], [-54.97744036825509, -10.245680280088804], [-54.97743897923164, -10.245679135228588], [-54.977437840904166, -10.245677745160004], [-54.97743699949263, -10.245676160789678], [-54.9774364856288, -10.245674444678212], [-54.977436319889, -10.245672662035291]]]}}, {"type": "Feature", "properties": {"layer": "NUMERO_DOS_LOTES", "dxf_type": "CIRCLE", "radius_m": 1}, "geometry": {"type": "Polygon", "coordinates": [[[-54.9773775644169, -10.245603768147902], [-54.97737774986117, -10.24560201209565], [-54.97737827800096, -10.245600325969052], [-54.977379128352766, -10.245598773818433], [-54.97738026768008, -10.245597415999132], [-54.97738165275973, -10.245596304669162], [-54.97738323039338, -10.24559548198142], [-54.97738493923263, -10.245594980095047], [-54.97738671435906, -10.245594818492238], [-54.977388486383155, -10.245595002164702], [-54.977390189634434, -10.24559552528041], [-54.97739175579643, -10.245596367528224], [-54.9773931266712, -10.245597496005189], [-54.97739424868666, -10.245598867894126], [-54.9773950792846, -10.245600430503293], [-54.97739558599665, -10.245602123068553], [-54.97739574915333, -10.24560388128975], [-54.97739556370915, -10.245605637342013], [-54.97739503556943, -10.245607323468652], [-54.977394185223396, -10.24560887471545], [-54.977393045896086, -10.245610232534803], [-54.977391660816394, -10.245611343864814], [-54.97739008409524, -10.245612166558264], [-54.97738837434333, -10.245612668438966], [-54.97738660012936, -10.245612830047447], [-54.9773848271926, -10.245612646369274], [-54.97738312485382, -10.245612123259201], [-54.97738155777922, -10.245611281005663], [-54.97738018690445, -10.245610152528643], [-54.977379064889035, -10.245608780639659], [-54.97737823428543, -10.245607218934337], [-54.977377727573476, -10.24560552636907], [-54.9773775644169, -10.245603768147902]]]}}, {"type": "Feature", "properties": {"layer": "NUMERO_DOS_LOTES", "dxf_type": "CIRCLE", "radius_m": 1.01}, "geometry": {"type": "Polygon", "coordinates": [[[-54.977318683048985, -10.245534439592975], [-54.97731887138021, -10.245532660057046], [-54.9773194069697, -10.24553095047519], [-54.97732026840416, -10.245529377603708], [-54.977321423359676, -10.24552800180359], [-54.977322827700505, -10.245526875227187], [-54.97732442639171, -10.245526041823764], [-54.97732615809065, -10.245525532848577], [-54.97732795787317, -10.245525368687694], [-54.97732975451892, -10.245525555225331], [-54.97733147962545, -10.24552608570855], [-54.97733306761976, -10.245526938939342], [-54.97733445756048, -10.245528082901602], [-54.977335594974456, -10.245529472964714], [-54.97733643639093, -10.245531056431252], [-54.97733695025411, -10.24553277254276], [-54.97733711599916, -10.245534554281749], [-54.97733692766229, -10.245536334721585], [-54.97733639207861, -10.245538043399593], [-54.97733553064419, -10.245539616271131], [-54.97733437568294, -10.245540992975172], [-54.977332971342065, -10.245542119551635], [-54.97733137265079, -10.24554295295509], [-54.97732964095176, -10.245543461930271], [-54.97732784208169, -10.245543626096842], [-54.97732604452329, -10.245543439553478], [-54.97732431941668, -10.245542909070231], [-54.97732273142233, -10.245542055839385], [-54.97732134148161, -10.245540911877056], [-54.977320204073415, -10.245539520910024], [-54.977319362657006, -10.245537937443455], [-54.977318848788194, -10.24553622223583], [-54.977318683048985, -10.245534439592975]]]}}, {"type": "Feature", "properties": {"layer": "NUMERO_DOS_LOTES", "dxf_type": "CIRCLE", "radius_m": 1.01}, "geometry": {"type": "Polygon", "coordinates": [[[-54.977263779057274, -10.24547500379247], [-54.977263967382974, -10.245473225160513], [-54.97726450205427, -10.245471516476977], [-54.97726536348303, -10.245469944509528], [-54.977266517525905, -10.24546856870393], [-54.97726792094828, -10.245467443025948], [-54.977269518726686, -10.24546660961708], [-54.97727125042531, -10.24546610064214], [-54.977273049294894, -10.245465936475824], [-54.97727484502765, -10.245466123008018], [-54.977276570133725, -10.24546665349145], [-54.97727815721501, -10.245467506716754], [-54.97727954624844, -10.24546864976961], [-54.9772806827494, -10.245470039827156], [-54.97728152417121, -10.245471622389884], [-54.97728203803978, -10.245473337597533], [-54.97728220379028, -10.245475118432601], [-54.97728201545895, -10.245476897968478], [-54.97728147988089, -10.245478605742509], [-54.977280618446436, -10.245480178613885], [-54.97727946440929, -10.245481553515644], [-54.97727806098114, -10.245482680097567], [-54.977276463202664, -10.245483513506459], [-54.977274731509674, -10.24548402157752], [-54.977272933552555, -10.245484185749522], [-54.97727113690713, -10.245483999211602], [-54.97726941179525, -10.245483469632015], [-54.97726782471393, -10.245482616406665], [-54.97726643568623, -10.24548147244986], [-54.97726529917957, -10.245480083296162], [-54.977264457763575, -10.24547849982953], [-54.97726394480193, -10.245476785531421], [-54.977263779057274, -10.24547500379247]]]}}, {"type": "Feature", "properties": {"layer": "NUMERO_DOS_LOTES", "dxf_type": "CIRCLE", "radius_m": 1.21}, "geometry": {"type": "Polygon", "coordinates": [[[-54.97702379678615, -10.245670458555507], [-54.977024022009914, -10.245668330339505], [-54.97702466284278, -10.24566628696582], [-54.97702569323978, -10.24566440600888], [-54.977027073496075, -10.245662760438472], [-54.97702875210655, -10.245661413207966], [-54.977030663946344, -10.245660416338989], [-54.97703273485096, -10.245659808238265], [-54.97703488619051, -10.245659611918214], [-54.977037034869745, -10.245659834996932], [-54.9770390988092, -10.245660468828458], [-54.9770409969394, -10.245661489406576], [-54.97704265832664, -10.245662857421634], [-54.97704401851113, -10.245664520045604], [-54.97704502496529, -10.24566641367773], [-54.97704563891311, -10.245668464859842], [-54.9770458371209, -10.245670595710854], [-54.97704561189727, -10.245672723926917], [-54.97704497197707, -10.245674767306344], [-54.97704394158013, -10.245676648263363], [-54.97704256041126, -10.245678293828162], [-54.97704088180074, -10.245679641058736], [-54.9770389708734, -10.24568063793343], [-54.97703689905608, -10.245681246028495], [-54.97703474771638, -10.245681442348534], [-54.977032599037, -10.24568121926977], [-54.97703053601001, -10.245680585443857], [-54.977028636967184, -10.245679564859989], [-54.97702697557995, -10.245678196844855], [-54.97702561630808, -10.245676534226499], [-54.977024609854034, -10.24567464059433], [-54.977023994993786, -10.245672589406523], [-54.97702379678615, -10.245670458555507]]]}}, {"type": "Feature", "properties": {"layer": "NUMERO_DOS_LOTES", "dxf_type": "CIRCLE", "radius_m": 1.14}, "geometry": {"type": "Polygon", "coordinates": [[[-54.97707580508157, -10.245737516242196], [-54.977076017684944, -10.245735507263996], [-54.97707662220517, -10.245733577557182], [-54.977077594439606, -10.245731801995875], [-54.97707889836237, -10.24573024905322], [-54.97708048340956, -10.245728977168893], [-54.977082288118055, -10.245728036579495], [-54.977084242909115, -10.245727462104634], [-54.97708627371567, -10.245727276785122], [-54.97708830201103, -10.24572748736361], [-54.97709025027281, -10.24572808612639], [-54.977092042906925, -10.245729049101339], [-54.97709361078182, -10.245730340605684], [-54.977094894901676, -10.245731909653228], [-54.977095845447884, -10.245733697179642], [-54.97709642452834, -10.245735634251792], [-54.97709661162984, -10.245737645717304], [-54.97709639902659, -10.245739654695527], [-54.977095795419025, -10.24574158440809], [-54.977094822277806, -10.245743359059897], [-54.977093518349314, -10.245744912906492], [-54.97709193421464, -10.245746184796557], [-54.977090129506045, -10.245747125385995], [-54.977088173802294, -10.245747699855192], [-54.97708614299561, -10.245747885174689], [-54.97708411470012, -10.245747674596164], [-54.97708216735082, -10.245747075839004], [-54.97708037471666, -10.245746112863985], [-54.97707880592919, -10.245744821353897], [-54.977077521815126, -10.24574325140242], [-54.97707657217584, -10.245741464785537], [-54.97707599218294, -10.24573952770768], [-54.97707580508157, -10.245737516242196]]]}}, {"type": "Feature", "properties": {"layer": "NUMERO_DOS_LOTES", "dxf_type": "CIRCLE", "radius_m": 1.2}, "geometry": {"type": "Polygon", "coordinates": [[[-54.977134207668406, -10.245806786719635], [-54.977134431904624, -10.24580467024815], [-54.97713506810564, -10.245802637692325], [-54.97713609295844, -10.245800767547438], [-54.97713746585711, -10.245799130969923], [-54.97713913529077, -10.245797791817006], [-54.97714103614604, -10.245796800302609], [-54.97714309607777, -10.245796195748687], [-54.977145234636644, -10.245796000252442], [-54.977147371459345, -10.245796222352924], [-54.97714942355953, -10.24579685249462], [-54.977151311687095, -10.245797867586568], [-54.97715296308886, -10.245799227403921], [-54.977154316031246, -10.245800880943438], [-54.97715531616722, -10.245802763689166], [-54.97715592744698, -10.245804804007669], [-54.97715612390481, -10.24580692309702], [-54.97715590058704, -10.245809038670354], [-54.97715526347356, -10.24581107122056], [-54.977154239533384, -10.245812941371183], [-54.97715286572215, -10.245814577943097], [-54.97715119720099, -10.245815917101755], [-54.97714929634563, -10.24581690861621], [-54.97714723641376, -10.245817513170147], [-54.977145096942166, -10.245817708660699], [-54.97714296103189, -10.245817486565851], [-54.9771409089316, -10.245816856424097], [-54.97713902080398, -10.245815841332055], [-54.97713736848965, -10.24581448150895], [-54.97713601645989, -10.245812827975046], [-54.97713501541145, -10.245810945223615], [-54.9771344050444, -10.245808904910778], [-54.977134207668406, -10.245806786719635]]]}}, {"type": "Feature", "properties": {"layer": "NUMERO_DOS_LOTES", "dxf_type": "CIRCLE", "radius_m": 1.21}, "geometry": {"type": "Polygon", "coordinates": [[[-54.97719299610497, -10.245875801976926], [-54.97719322225781, -10.24587367105468], [-54.977193862189225, -10.245871625867128], [-54.977194893510266, -10.245869743107537], [-54.97719627651036, -10.245868096649595], [-54.97719795604557, -10.245866747616226], [-54.97719986971726, -10.245865749853886], [-54.97720194244831, -10.245865141763641], [-54.97720409653283, -10.245864944555873], [-54.97720624703316, -10.245865168548992], [-54.977208311886976, -10.245865802385431], [-54.97721021275099, -10.245866823883794], [-54.977211875041114, -10.245868193711742], [-54.9772132370467, -10.245869857250552], [-54.97721424440348, -10.24587175269588], [-54.97721485925369, -10.24587380569136], [-54.977215057445285, -10.24587593925413], [-54.97721483221089, -10.245878069278227], [-54.977214191367004, -10.245880114460162], [-54.97721316004603, -10.245881997219845], [-54.97721177704592, -10.24588364367786], [-54.977210097510664, -10.245884992711298], [-54.97720818383887, -10.24588599047368], [-54.97720611110768, -10.245886598563922], [-54.97720395793558, -10.245886795777372], [-54.97720180652254, -10.245886571778513], [-54.97719974166862, -10.24588593794203], [-54.97719784080455, -10.24588491644359], [-54.977196178514426, -10.245883546615563], [-54.97719481650889, -10.245881883076692], [-54.977193809152226, -10.245879987631302], [-54.97719319521472, -10.245877934641486], [-54.97719299610497, -10.245875801976926]]]}}, {"type": "Feature", "properties": {"layer": "NUMERO_DOS_LOTES", "dxf_type": "CIRCLE", "radius_m": 1.2}, "geometry": {"type": "Polygon", "coordinates": [[[-54.97725183079286, -10.245945010953102], [-54.97725205504579, -10.245942891769795], [-54.97725269308888, -10.245940856513396], [-54.97725371887716, -10.245938982758283], [-54.97725509452523, -10.245937344389564], [-54.9772567658017, -10.245936002535814], [-54.97725867031937, -10.245935009235785], [-54.97726073299541, -10.245934403794397], [-54.97726287611815, -10.245934208325933], [-54.977265015679706, -10.245934430442869], [-54.97726707051307, -10.245935061504953], [-54.97726896228069, -10.245936078426908], [-54.97727061640418, -10.245937440972561], [-54.977271971161386, -10.245939096330911], [-54.977272974013175, -10.245940982709014], [-54.97727358527662, -10.245943025739098], [-54.97727378263054, -10.245945147545832], [-54.97727355837201, -10.245947267633058], [-54.9772729212416, -10.245949302895218], [-54.97727189454653, -10.24595117574085], [-54.97727051889273, -10.245952815013517], [-54.97726884761621, -10.245954156867315], [-54.977266943104155, -10.24595514926353], [-54.977264880422254, -10.245955755608792], [-54.97726273821193, -10.245955951082918], [-54.97726059773767, -10.245955728960263], [-54.97725854290993, -10.245955096994255], [-54.97725665113652, -10.245954080976084], [-54.977254997013034, -10.24595271843037], [-54.977253642261616, -10.245951062168084], [-54.97725264031676, -10.245949176699494], [-54.97725202814089, -10.245947133663696], [-54.97725183079286, -10.245945010953102]]]}}, {"type": "Feature", "properties": {"layer": "NUMERO_DOS_LOTES", "dxf_type": "CIRCLE", "radius_m": 1.21}, "geometry": {"type": "Polygon", "coordinates": [[[-54.9773106147044, -10.246014027977692], [-54.977310840879674, -10.246011893439727], [-54.977311482670366, -10.246009842839978], [-54.97731251583946, -10.246007956475815], [-54.977313901600425, -10.246006306418916], [-54.977315585716134, -10.246004954701744], [-54.97731750305025, -10.246003955153768], [-54.97731958036222, -10.246003344379673], [-54.97732173809231, -10.246003148097879], [-54.977323894074935, -10.246003371220608], [-54.977325963475614, -10.246004007796527], [-54.97732786797968, -10.246005031124884], [-54.97732953481669, -10.24600640369249], [-54.97733089953821, -10.246008070863558], [-54.97733190869824, -10.246009969935603], [-54.97733252442752, -10.24601202835997], [-54.97733272350946, -10.246014165544015], [-54.977332497334324, -10.246016300082003], [-54.97733185554374, -10.246018350681835], [-54.9773308223747, -10.24602023704607], [-54.977329436608, -10.24602188800692], [-54.977327752497956, -10.246023238820266], [-54.97732583515801, -10.246024239272161], [-54.977323757851636, -10.246024849142396], [-54.9773215992031, -10.246025046322389], [-54.97731944413863, -10.24602482230141], [-54.97731737473211, -10.246024186629295], [-54.97731547023371, -10.246023162396986], [-54.977313803390985, -10.246021790733197], [-54.977312438675256, -10.246020122658187], [-54.977311429515325, -10.246018223586105], [-54.97731081378619, -10.246016165161704], [-54.9773106147044, -10.246014027977692]]]}}, {"type": "Feature", "properties": {"layer": "NUMERO_DOS_LOTES", "dxf_type": "CIRCLE", "radius_m": 1.21}, "geometry": {"type": "Polygon", "coordinates": [[[-54.977369451931786, -10.246083132103418], [-54.97736967716558, -10.246081002079073], [-54.977370318009186, -10.246078956896742], [-54.9773713493302, -10.24607707413654], [-54.977372731423806, -10.24607542676831], [-54.97737441186655, -10.24607407864365], [-54.97737632553926, -10.246073080880429], [-54.97737839827735, -10.24607247188538], [-54.97738055144511, -10.24607227557489], [-54.977382701952905, -10.246072498663255], [-54.977384767715385, -10.246073133408446], [-54.97738666858127, -10.246074154906093], [-54.97738833087897, -10.246075523829616], [-54.97738969196799, -10.24607718826621], [-54.97739069932634, -10.246079083711292], [-54.9773913141779, -10.24608113670671], [-54.977391512376286, -10.246083269365723], [-54.97739128714263, -10.24608539939011], [-54.97739064629341, -10.246087445476382], [-54.977389614972445, -10.246089328236677], [-54.97738823288457, -10.246090974701104], [-54.97738655335434, -10.246092322831494], [-54.977384639681524, -10.246093320594754], [-54.97738256603073, -10.24609392958414], [-54.977380412862814, -10.246094125894617], [-54.97737826235489, -10.246093902806209], [-54.97737619750487, -10.246093268066632], [-54.97737429663892, -10.246092246568914], [-54.97737263342865, -10.246090877639652], [-54.977371272333954, -10.246089214106867], [-54.97737026497571, -10.246087318661724], [-54.97736965013003, -10.246085264762417], [-54.977369451931786, -10.246083132103418]]]}}, {"type": "Feature", "properties": {"layer": "NUMERO_DOS_LOTES", "dxf_type": "CIRCLE", "radius_m": 1.2}, "geometry": {"type": "Polygon", "coordinates": [[[-54.977428275714246, -10.246152345512712], [-54.97742850090194, -10.246150222719288], [-54.97742913896183, -10.246148184750787], [-54.9774301665867, -10.246146309198677], [-54.97743154315915, -10.246144669027153], [-54.97743321718547, -10.246143325381864], [-54.97743512353504, -10.24614233118842], [-54.97743718895582, -10.24614172485927], [-54.97743933390524, -10.246141529401246], [-54.97744147711879, -10.246141751540017], [-54.97744353468595, -10.246142383522212], [-54.97744542827484, -10.246143401358701], [-54.97744708512641, -10.246144765728575], [-54.97744844078645, -10.246146422899942], [-54.97744944454091, -10.246148311091233], [-54.97745005670106, -10.246150356838575], [-54.977450254945666, -10.246152482266604], [-54.977450029763844, -10.246154604156212], [-54.97744939170405, -10.246156642124777], [-54.97744836407924, -10.246158517676964], [-54.97744698750106, -10.246160158752435], [-54.97744531348041, -10.2461615014939], [-54.97744340713073, -10.246162495687399], [-54.977441341704086, -10.246163102920441], [-54.977439195841946, -10.246163298372773], [-54.97743705354083, -10.246163076239636], [-54.977434995979294, -10.246162443353501], [-54.97743310239035, -10.246161425516926], [-54.97743144553305, -10.246160062050865], [-54.9774300898788, -10.24615840397556], [-54.977429086124445, -10.246156515784225], [-54.97742847396443, -10.246154470036869], [-54.977428275714246, -10.246152345512712]]]}}, {"type": "Feature", "properties": {"layer": "NUMERO_DOS_LOTES", "dxf_type": "CIRCLE", "radius_m": 1.21}, "geometry": {"type": "Polygon", "coordinates": [[[-54.977485744598276, -10.246215036891659], [-54.97748597074988, -10.246212905968907], [-54.97748661160467, -10.246210858978518], [-54.97748764384396, -10.246208975319712], [-54.97748902685606, -10.246207327052797], [-54.97749070821754, -10.246205978029385], [-54.97749262280919, -10.246204979367356], [-54.977494697373245, -10.246204370383065], [-54.97749685145456, -10.246204174077642], [-54.9774990037886, -10.246204397176772], [-54.977501070464825, -10.246205031927088], [-54.97750297223876, -10.24620605433384], [-54.9775046354445, -10.246207424166538], [-54.977505998354054, -10.246209089518086], [-54.9775070057077, -10.246210985866883], [-54.97750762054867, -10.246213040670005], [-54.9775078196546, -10.246215174238667], [-54.97750759349741, -10.246217306065324], [-54.97750695264271, -10.246219353055778], [-54.97750592131606, -10.246221236720332], [-54.97750453739138, -10.246222884981663], [-54.97750285694242, -10.246224234010803], [-54.97750094235066, -10.246225232672876], [-54.97749886778646, -10.24622584165718], [-54.97749671279243, -10.246226037956925], [-54.977494561370825, -10.246225814863413], [-54.97749249469448, -10.246225180113036], [-54.9774905929205, -10.24622415770621], [-54.977488928802195, -10.246222787867774], [-54.977487566805266, -10.246221122521822], [-54.977486558539155, -10.246219226167305], [-54.97748594369832, -10.246217171364167], [-54.977485744598276, -10.246215036891659]]]}}, {"type": "Feature", "properties": {"layer": "NUMERO_DOS_LOTES", "dxf_type": "CIRCLE", "radius_m": 0.96}, "geometry": {"type": "Polygon", "coordinates": [[[-54.97772735345702, -10.246018132116026], [-54.977727531141014, -10.246016448328055], [-54.977728037855485, -10.246014830764796], [-54.9777288531227, -10.246013342572716], [-54.977729946466766, -10.24601204050875], [-54.977731274675975, -10.24601097492319], [-54.97773278730111, -10.246010186178234], [-54.977734425742874, -10.246009704642415], [-54.977736128738776, -10.246009548916744], [-54.97773782871287, -10.246009725812163], [-54.97773946183117, -10.24601022770024], [-54.97774096433422, -10.246011035202198], [-54.977742278925035, -10.246012117228533], [-54.97774335475768, -10.24601343278688], [-54.977744151087514, -10.246014931004662], [-54.97774463724828, -10.246016554744582], [-54.97774479447723, -10.246018240616051], [-54.97774461587502, -10.24601992530225], [-54.97774410916635, -10.246021541961689], [-54.97774329389345, -10.246023031057693], [-54.97774220146195, -10.246024333127382], [-54.9777408732527, -10.246025398712986], [-54.977739360627496, -10.246026187457948], [-54.97773772127308, -10.246026668988119], [-54.97773601918965, -10.246026824719456], [-54.97773431830289, -10.246026647818335], [-54.977732686097106, -10.246026145935877], [-54.97773118359402, -10.246025338433887], [-54.977729869003205, -10.246024256407507], [-54.97772879225803, -10.246022940843442], [-54.97772799593399, -10.246021441721757], [-54.97772750976758, -10.246019818885685], [-54.97772735345702, -10.246018132116026]]]}}, {"type": "Feature", "properties": {"layer": "NUMERO_DOS_LOTES", "dxf_type": "CIRCLE", "radius_m": 0.96}, "geometry": {"type": "Polygon", "coordinates": [[[-54.97817949081697, -10.244488149424141], [-54.97817966941448, -10.244486464736953], [-54.978180176117114, -10.244484848075814], [-54.97818099137713, -10.244483359881315], [-54.97818208380634, -10.244482056904804], [-54.97818341200703, -10.244480991315788], [-54.97818492462345, -10.24448020256706], [-54.978186563969224, -10.244479721032953], [-54.97818826604449, -10.244479565297617], [-54.97818996692386, -10.244479742194848], [-54.978191599123384, -10.244480244073655], [-54.97819310162152, -10.24448105157243], [-54.9781944171215, -10.244482133601792], [-54.97819549294664, -10.244483450062], [-54.9781962892764, -10.244484948278485], [-54.97819677544451, -10.244486571113988], [-54.97819693267099, -10.244488257889575], [-54.97819675407929, -10.244489941672917], [-54.978196247370995, -10.244491559237986], [-54.97819543211102, -10.244493047432533], [-54.97819433968753, -10.244494349505215], [-54.978193010574245, -10.244495415088593], [-54.97819149795775, -10.244496203837354], [-54.97818985952446, -10.244496685377143], [-54.97818815653654, -10.244496841106796], [-54.978186456569645, -10.244496664215212], [-54.9781848234575, -10.244496162330691], [-54.97818332095932, -10.244495354831866], [-54.97818200637191, -10.244494272808133], [-54.97818093054107, -10.24449295725176], [-54.97818013421138, -10.24449145903525], [-54.97817964804908, -10.244489835295843], [-54.97817949081697, -10.244488149424141]]]}}, {"type": "Feature", "properties": {"layer": "NUMERO_DOS_LOTES", "dxf_type": "CIRCLE", "radius_m": 1}, "geometry": {"type": "Polygon", "coordinates": [[[-54.97811476438127, -10.244543897978856], [-54.978114952649186, -10.244542127480175], [-54.978115484524395, -10.244540426911847], [-54.97811634225562, -10.24453886124522], [-54.97811749168259, -10.244537492637825], [-54.978118887768765, -10.244536371428724], [-54.978120478211444, -10.244535542488281], [-54.978122201673976, -10.24453503616812], [-54.97812399231988, -10.244534872848773], [-54.97812577984155, -10.244535058420427], [-54.978127496749295, -10.244535586135957], [-54.97812907655764, -10.244536434791916], [-54.97813045923212, -10.244537573281896], [-54.97813159121786, -10.244538956077214], [-54.978132428120055, -10.24454053228264], [-54.97813293930681, -10.244542239337697], [-54.97813310420169, -10.244544012032687], [-54.978132916846434, -10.244545782537053], [-54.97813238405873, -10.24454748309975], [-54.978131527240116, -10.244549048772125], [-54.97813037781314, -10.244550417379571], [-54.978128980814354, -10.244551538583044], [-54.978127390371604, -10.24455236752349], [-54.97812566690898, -10.244552873843684], [-54.978123877175534, -10.244553037168677], [-54.9781220887412, -10.244552851591337], [-54.978120371833384, -10.244552323875746], [-54.97811879202499, -10.244551475219756], [-54.97811741026309, -10.244550336735395], [-54.97811627827738, -10.244548953940033], [-54.97811544046271, -10.244547377728885], [-54.9781149301886, -10.24454567067949], [-54.97811476438127, -10.244543897978856]]]}}, {"type": "Feature", "properties": {"layer": "NUMERO_DOS_LOTES", "dxf_type": "CIRCLE", "radius_m": 1.01}, "geometry": {"type": "Polygon", "coordinates": [[[-54.978044819339715, -10.244602145921045], [-54.97804500674711, -10.24460036728192], [-54.978045542318924, -10.244598659505481], [-54.97804640282275, -10.244597088432894], [-54.97804755685316, -10.244595713527092], [-54.97804895935643, -10.244594587838723], [-54.97805055712872, -10.244593754424745], [-54.97805228699103, -10.244593246337011], [-54.97805408494348, -10.244593082159648], [-54.97805588067271, -10.244593268686696], [-54.978057604869626, -10.244593798255785], [-54.97805919103729, -10.244594651471207], [-54.97806057915841, -10.244595794514929], [-54.978061715666676, -10.244597183665974], [-54.97806255618446, -10.24459876531751], [-54.97806307006272, -10.244600479620674], [-54.978063235818155, -10.244602260456196], [-54.97806304750402, -10.244604038185782], [-54.97806251193228, -10.244605745962264], [-54.97806165142277, -10.244607317938778], [-54.97806049739234, -10.244608692844633], [-54.97805909488904, -10.244609818533052], [-54.97805749803497, -10.244610651048857], [-54.978055767259995, -10.244611159130928], [-54.97805396930744, -10.24461132330828], [-54.978052173578114, -10.2446111367812], [-54.97805045029369, -10.244610607217743], [-54.9780488632077, -10.244609754900472], [-54.978047475086576, -10.244608611856693], [-54.97804633857835, -10.244607222705602], [-54.978045498066365, -10.24460564015016], [-54.97804498418821, -10.244603925846992], [-54.978044819339715, -10.244602145921045]]]}}, {"type": "Feature", "properties": {"layer": "NUMERO_DOS_LOTES", "dxf_type": "CIRCLE", "radius_m": 1.01}, "geometry": {"type": "Polygon", "coordinates": [[[-54.97797525221875, -10.244660373595861], [-54.97797544054492, -10.244658594058661], [-54.977975976128704, -10.244656884474699], [-54.977976837557065, -10.244655311600306], [-54.9779779925063, -10.244653935796656], [-54.977979395928344, -10.244652809210484], [-54.97798099553193, -10.244651974904418], [-54.97798272721975, -10.244651466828488], [-54.97798452700334, -10.244651301759058], [-54.97798632363962, -10.244651489196094], [-54.97798804966177, -10.244652018776941], [-54.97798963764884, -10.244652872907945], [-54.977991026676705, -10.244654016861514], [-54.977992165004174, -10.244655406928008], [-54.977993006422786, -10.244656990393125], [-54.97799352028922, -10.244658706504069], [-54.9779936860385, -10.24466048824343], [-54.97799349770669, -10.244662268684534], [-54.97799296212298, -10.244663978268557], [-54.97799210069466, -10.24466555114299], [-54.97799094483286, -10.244666926941017], [-54.97798954141078, -10.244668053527231], [-54.977987942719686, -10.244668887839003], [-54.977986210119205, -10.24466939590927], [-54.977984411253786, -10.244669560080492], [-54.97798261369912, -10.244669373541624], [-54.977980888589464, -10.244668843966409], [-54.977979299689785, -10.244667989829678], [-54.977977910661934, -10.244666845876056], [-54.97797677324706, -10.244665455815191], [-54.977975931828524, -10.24466387235006], [-54.97797541796219, -10.24466215623909], [-54.97797525221875, -10.244660373595861]]]}}, {"type": "Feature", "properties": {"layer": "NUMERO_DOS_LOTES", "dxf_type": "CIRCLE", "radius_m": 1.01}, "geometry": {"type": "Polygon", "coordinates": [[[-54.977905441872345, -10.24471867205113], [-54.97790562923486, -10.244716900643281], [-54.977906162024155, -10.244715200081258], [-54.97790701884437, -10.24471363440981], [-54.97790816827861, -10.244712264899585], [-54.97790956527879, -10.244711143697359], [-54.97791115664108, -10.244710313860024], [-54.97791288101728, -10.244709807546894], [-54.9779146707515, -10.24470964422324], [-54.97791645918635, -10.244709829801883], [-54.977918177006984, -10.244710357524303], [-54.97791975680963, -10.244711207085206], [-54.97792113948382, -10.244712345576069], [-54.97792227146326, -10.244713729275922], [-54.97792310927716, -10.244715305487432], [-54.977923620462825, -10.244717012542646], [-54.97792378535069, -10.244718786141394], [-54.97792359798827, -10.24472055754927], [-54.97792306519904, -10.244722258111338], [-54.9779222074663, -10.24472382377716], [-54.97792105803207, -10.244725193287438], [-54.97791966103184, -10.24472631448971], [-54.977918070587776, -10.244727143428875], [-54.97791634621147, -10.244727649742018], [-54.97791455556459, -10.244727813059967], [-54.9779127680422, -10.244727627486988], [-54.9779110502215, -10.244727099764525], [-54.97790946950053, -10.244726251101769], [-54.97790808682634, -10.244725112610853], [-54.97790695484694, -10.244723728910955], [-54.97790611794568, -10.244722152705087], [-54.977905606760096, -10.244720445649865], [-54.977905441872345, -10.24471867205113]]]}}, {"type": "Feature", "properties": {"layer": "NUMERO_DOS_LOTES", "dxf_type": "CIRCLE", "radius_m": 1.01}, "geometry": {"type": "Polygon", "coordinates": [[[-54.97783549589001, -10.244776912696302], [-54.977835684222875, -10.244775132255482], [-54.977836219807685, -10.244773422671928], [-54.97783708123709, -10.244771849798122], [-54.977838237105644, -10.244770473096954], [-54.97783964053439, -10.244769345607732], [-54.97784124013312, -10.244768512206416], [-54.97784297273998, -10.244768003233181], [-54.97784477251844, -10.24476783906856], [-54.97784656916086, -10.244768025602587], [-54.977848295177495, -10.244768556088141], [-54.97784988408287, -10.24476940932166], [-54.977851274017375, -10.244770554185356], [-54.97785241142617, -10.244771945150509], [-54.977853252844206, -10.244773528615891], [-54.977853766709906, -10.24477524472695], [-54.9778539324526, -10.24477702737011], [-54.977853744119834, -10.244778807810958], [-54.977853208535095, -10.24478051739454], [-54.977852347105724, -10.244782090268417], [-54.977851192149735, -10.244783466975292], [-54.977849787814115, -10.244784593555028], [-54.977848188209585, -10.24478542786025], [-54.97784645560836, -10.2447859359296], [-54.97784465673662, -10.244786101003784], [-54.97784285918728, -10.244785913560156], [-54.97784113316483, -10.244785383978453], [-54.977839544265144, -10.244784529841002], [-54.97783815523748, -10.24478338588679], [-54.97783701691616, -10.24478199491593], [-54.9778361754982, -10.244780411450506], [-54.9778356616326, -10.244778695339448], [-54.97783549589001, -10.244776912696302]]]}}, {"type": "Feature", "properties": {"layer": "NUMERO_DOS_LOTES", "dxf_type": "CIRCLE", "radius_m": 1}, "geometry": {"type": "Polygon", "coordinates": [[[-54.97776606407718, -10.244835234256216], [-54.977766250430655, -10.244833478208863], [-54.97776677856644, -10.244831792080907], [-54.9777676280012, -10.244830239922768], [-54.97776876732374, -10.244828882101201], [-54.9777701523985, -10.244827770768627], [-54.97777173002732, -10.244826948078043], [-54.977773438862, -10.244826446188716], [-54.977775213984295, -10.2448262845829], [-54.977776986917405, -10.244826468258172], [-54.977778689253284, -10.24482699136551], [-54.9777802554133, -10.244827833610957], [-54.97778162628698, -10.244828962085968], [-54.97778274830232, -10.244830333973422], [-54.97778357890109, -10.244831896581651], [-54.9777840856149, -10.244833589146552], [-54.97778424968676, -10.244835347373625], [-54.97778406333339, -10.244837103421009], [-54.977783535197666, -10.244838789549009], [-54.9777826848561, -10.244840340797644], [-54.97778154553357, -10.244841698619249], [-54.97778016045877, -10.244842809951862], [-54.97777858374244, -10.244843632648157], [-54.97777687490767, -10.244844134537509], [-54.97777509978527, -10.244844296143299], [-54.977773326852066, -10.244844112468014], [-54.97777162451611, -10.244843589360618], [-54.97777005744349, -10.244842747109443], [-54.9777686865698, -10.244841618634382], [-54.97776756455452, -10.244840246746897], [-54.977766734862655, -10.244838685048194], [-54.97776622814894, -10.244836992483279], [-54.97776606407718, -10.244835234256216]]]}}, {"type": "Feature", "properties": {"layer": "NUMERO_DOS_LOTES", "dxf_type": "CIRCLE", "radius_m": 1.01}, "geometry": {"type": "Polygon", "coordinates": [[[-54.97769594675247, -10.2448934313118], [-54.9776961350863, -10.244891650871235], [-54.97769667066639, -10.244889942191978], [-54.97769753209685, -10.24488836931875], [-54.97769868705386, -10.244886992612606], [-54.9777000913904, -10.244885866033735], [-54.977701690077446, -10.24488503262762], [-54.97770342177249, -10.24488452364962], [-54.977705220638974, -10.244884359480219], [-54.97770701819437, -10.244884546020819], [-54.97770874329866, -10.244885076501511], [-54.97771033129148, -10.244885929730073], [-54.97771172123153, -10.244887073690483], [-54.97771285863993, -10.24488846465608], [-54.9777137000574, -10.244890048121734], [-54.9777142139281, -10.244891763329024], [-54.977714379669926, -10.244893545972102], [-54.97771419134194, -10.244895325508802], [-54.977713655756176, -10.24489703509198], [-54.97771279432577, -10.244898607965267], [-54.97771163937448, -10.244899983767581], [-54.9777102350379, -10.244901110346497], [-54.97770863634505, -10.244901944656538], [-54.97770690465564, -10.244902452730654], [-54.97770510487648, -10.244902616894372], [-54.97770330823356, -10.244902430359417], [-54.97770158312346, -10.244901900782574], [-54.977699995136334, -10.244901046650067], [-54.97769860519629, -10.2448999026896], [-54.9776974677822, -10.244898512627838], [-54.9776966263648, -10.244896929162154], [-54.97769611249992, -10.244895213050976], [-54.97769594675247, -10.2448934313118]]]}}, {"type": "Feature", "properties": {"layer": "NUMERO_DOS_LOTES", "dxf_type": "CIRCLE", "radius_m": 1.01}, "geometry": {"type": "Polygon", "coordinates": [[[-54.977626172132375, -10.244951692849142], [-54.97762636045521, -10.244949914216457], [-54.97762689603582, -10.244948205537408], [-54.9776277565485, -10.244946633562662], [-54.9776289115003, -10.244945257760765], [-54.97763031491903, -10.244944132080475], [-54.977631912693944, -10.244943298669122], [-54.977633644389364, -10.244942789691597], [-54.977635442343576, -10.244942625516973], [-54.97763723898662, -10.24494281205234], [-54.97763896317844, -10.244943342527742], [-54.97764055117128, -10.244944195756661], [-54.97764193929182, -10.244945338802157], [-54.97764307670576, -10.244946728864083], [-54.97764391812867, -10.244948311425999], [-54.97764443108645, -10.244950026627663], [-54.97764459683931, -10.244951807462952], [-54.977644408510834, -10.244953586999522], [-54.9776438738486, -10.244955294780418], [-54.977643012417666, -10.244956867653416], [-54.977641857471596, -10.244958242551506], [-54.977640454959655, -10.244959369141375], [-54.97763885627211, -10.244960202547082], [-54.97763712549489, -10.244960710626437], [-54.977635326628, -10.244960874795355], [-54.97763353089743, -10.244960688265657], [-54.97763180578723, -10.24496015868839], [-54.977630218706935, -10.244959305465093], [-54.977628829679546, -10.244958161510011], [-54.977627692259915, -10.244956772351902], [-54.977626851755375, -10.244955188891753], [-54.9776263378794, -10.244953474588279], [-54.977626172132375, -10.244951692849142]]]}}, {"type": "Feature", "properties": {"layer": "NUMERO_DOS_LOTES", "dxf_type": "CIRCLE", "radius_m": 1.21}, "geometry": {"type": "Polygon", "coordinates": [[[-54.97755547964625, -10.245009197505127], [-54.97755570486521, -10.24500706928789], [-54.97755634478015, -10.245005025906513], [-54.977557375171436, -10.245003144946788], [-54.97755875633446, -10.245001499378663], [-54.97756043493346, -10.245000153048133], [-54.97756234585527, -10.244999156169253], [-54.977564417673285, -10.244998547165903], [-54.97756656900865, -10.244998350841403], [-54.977568717684576, -10.24499857391583], [-54.977570780703424, -10.244999208641582], [-54.97757267974498, -10.245000229221862], [-54.97757434113786, -10.245001596330157], [-54.977575700410846, -10.245003258946275], [-54.97757670686717, -10.24500515257705], [-54.97757732173073, -10.245007203764306], [-54.977577519942585, -10.245009334615693], [-54.977577294723766, -10.245011462832974], [-54.97757665389063, -10.245013507112615], [-54.97757562350513, -10.245015387168541], [-54.97757424325467, -10.24501703274242], [-54.97757256464988, -10.245018379976889], [-54.97757065281541, -10.245019376850133], [-54.97756858191555, -10.245019984955304], [-54.977566430580026, -10.245020181279788], [-54.97756428190396, -10.245019958205317], [-54.97756221796672, -10.245019324377697], [-54.97756031983767, -10.245018303803022], [-54.97755865845052, -10.245016935790778], [-54.977557298265026, -10.245015273168915], [-54.97755629180308, -10.245013380441975], [-54.97755567785795, -10.245011328356503], [-54.97755547964625, -10.245009197505127]]]}}, {"type": "Feature", "properties": {"layer": "NUMERO_DOS_LOTES", "dxf_type": "CIRCLE", "radius_m": 1.14}, "geometry": {"type": "Polygon", "coordinates": [[[-54.97748625506064, -10.245067636879462], [-54.977486467660206, -10.245065627900335], [-54.9774870721703, -10.245063699095844], [-54.97748804439992, -10.245061923532408], [-54.97748934832335, -10.24506036968326], [-54.97749093244714, -10.245059098694128], [-54.97749273715643, -10.245058157197576], [-54.97749469285545, -10.245057582724973], [-54.97749672365792, -10.245057397402027], [-54.97749875194988, -10.245057607977195], [-54.97750070020905, -10.245058206736902], [-54.97750249283575, -10.245059170613015], [-54.97750406071567, -10.24506046121124], [-54.977505344830064, -10.245062031160968], [-54.97750629446498, -10.24506381868063], [-54.97750687446595, -10.245065754854169], [-54.97750706157053, -10.245067766319943], [-54.97750684897108, -10.245069775299092], [-54.97750624445535, -10.245071705007533], [-54.977505272225784, -10.245073480571019], [-54.977503968302344, -10.245075034420234], [-54.9775023841785, -10.245076305409423], [-54.97750057946912, -10.24507724690601], [-54.97749862377571, -10.245077820474755], [-54.97749659296737, -10.245078006701563], [-54.97749456468102, -10.245077795222482], [-54.97749261641602, -10.245077197366596], [-54.97749082378928, -10.245076233490412], [-54.97748925590936, -10.24507494289212], [-54.977487971795014, -10.245073372942334], [-54.97748702216019, -10.24507158542265], [-54.97748644216507, -10.245069648345206], [-54.97748625506064, -10.245067636879462]]]}}, {"type": "Feature", "properties": {"layer": "NUMERO_DOS_LOTES", "dxf_type": "CIRCLE", "radius_m": 1.2}, "geometry": {"type": "Polygon", "coordinates": [[[-54.977416090682446, -10.24512575492176], [-54.9774163140029, -10.245123638443886], [-54.97741695111258, -10.245121605892486], [-54.97741797504837, -10.245119735740243], [-54.97741934884904, -10.245118100070183], [-54.97742101737084, -10.245116760005304], [-54.97742291821534, -10.245115769392147], [-54.97742497814796, -10.24511516393158], [-54.97742711761494, -10.245114968438239], [-54.977429253521166, -10.245115190530363], [-54.9774313056124, -10.245115821573458], [-54.9774331937433, -10.245116835759333], [-54.977434846050414, -10.245118196484416], [-54.97743619808546, -10.245119849112998], [-54.977437199134485, -10.245121731863502], [-54.97743780950312, -10.245123772175985], [-54.97743800687591, -10.245125891271188], [-54.97743778264876, -10.24512800683957], [-54.97743714645175, -10.245130039396711], [-54.977436121603446, -10.245131909543353], [-54.97743474870961, -10.245133546123038], [-54.977433079280914, -10.245134885278429], [-54.97743117843058, -10.245135876795505], [-54.97742911850355, -10.24513648135221], [-54.97742697994899, -10.245136676851214], [-54.97742484313006, -10.245136454753373], [-54.97742279103299, -10.245135824614092], [-54.97742090290776, -10.245134809524265], [-54.977419251507484, -10.245133449708659], [-54.97741789856566, -10.245131796170462], [-54.97741689842931, -10.245129913425593], [-54.97741628714824, -10.245127873107414], [-54.977416090682446, -10.24512575492176]]]}}, {"type": "Feature", "properties": {"layer": "NUMERO_DOS_LOTES", "dxf_type": "CIRCLE", "radius_m": 1.21}, "geometry": {"type": "Polygon", "coordinates": [[[-54.97734614833815, -10.245183970140147], [-54.977346373570285, -10.245181840115613], [-54.977347014411095, -10.245179794932904], [-54.977348045728284, -10.24517791217215], [-54.97734942781718, -10.245176264803211], [-54.97735110825452, -10.245174916677708], [-54.97735302100876, -10.245173918907879], [-54.97735509465325, -10.245173309917515], [-54.97735724781481, -10.24517311360601], [-54.97735939831661, -10.245173336693375], [-54.97736146407353, -10.245173971437621], [-54.977363364021954, -10.245174992928737], [-54.97736502722816, -10.245176361857212], [-54.97736638831412, -10.24517802629323], [-54.97736739567052, -10.245179921737911], [-54.97736801052131, -10.245181974733121], [-54.97736820872016, -10.245184107392118], [-54.977367983482424, -10.24518623832057], [-54.97736734264172, -10.245188283503344], [-54.97736631132459, -10.245190166264175], [-54.97736492924142, -10.245191812729312], [-54.9773632487983, -10.245193161758754], [-54.97736133604395, -10.245194159528646], [-54.97735926240505, -10.24519476761513], [-54.97735710923761, -10.245194964830496], [-54.9773549587414, -10.245194740839214], [-54.97735289297864, -10.245194106998795], [-54.977350993030164, -10.24519308550759], [-54.977349329829686, -10.245191715675162], [-54.97734796873805, -10.245190052142954], [-54.97734696138176, -10.245188156698228], [-54.977346346531114, -10.245186103703004], [-54.97734614833815, -10.245183970140147]]]}}, {"type": "Feature", "properties": {"layer": "NUMERO_DOS_LOTES", "dxf_type": "CIRCLE", "radius_m": 1.2}, "geometry": {"type": "Polygon", "coordinates": [[[-54.977276527594974, -10.24524226778773], [-54.97727675185207, -10.245240147700317], [-54.97727738989272, -10.245238112443472], [-54.977278415677816, -10.245236238687745], [-54.97727979132204, -10.24523460031825], [-54.97728146350672, -10.245233258469291], [-54.97728336710143, -10.245232266066438], [-54.97728542977836, -10.24523165972013], [-54.977287572896316, -10.245231464250587], [-54.9772897124533, -10.24523168636647], [-54.97729176818932, -10.245232318337102], [-54.977293659046474, -10.245233334348631], [-54.9772953140796, -10.245234696899198], [-54.97729666792212, -10.245236352251288], [-54.977297670772664, -10.245238238628993], [-54.97729828203581, -10.245240281658903], [-54.97729847938463, -10.245242404369534], [-54.97729825513341, -10.245244523553113], [-54.97729761800543, -10.245246558815683], [-54.97729659130783, -10.245248432565807], [-54.97729521657617, -10.245250070941053], [-54.97729354439142, -10.245251412790097], [-54.97729164079088, -10.245252406096853], [-54.97728957720697, -10.24525301153362], [-54.977287435001436, -10.245253207008824], [-54.977285294531754, -10.245252984887223], [-54.977283239702466, -10.245252353826084], [-54.97728134885098, -10.245251336910618], [-54.977279693817856, -10.245249974359957], [-54.97727833906283, -10.245248319002128], [-54.97727733712495, -10.245246432630058], [-54.97727672494938, -10.24524438959447], [-54.977276527594974, -10.24524226778773]]]}}, {"type": "Feature", "properties": {"layer": "NUMERO_DOS_LOTES", "dxf_type": "CIRCLE", "radius_m": 1.21}, "geometry": {"type": "Polygon", "coordinates": [[[-54.977206580644214, -10.245300482033615], [-54.97720680682447, -10.245298346591797], [-54.97720744860773, -10.245296296895896], [-54.9772084826868, -10.245294410537342], [-54.97720986753756, -10.245292759570777], [-54.977211551643514, -10.245291408757325], [-54.97721346897884, -10.245290408305285], [-54.977215547192785, -10.245289798440531], [-54.97721770492362, -10.245289601254633], [-54.97721985998301, -10.245289825275318], [-54.9772219302973, -10.245290460952804], [-54.97722383479137, -10.24529148518481], [-54.977225501630414, -10.245292856848332], [-54.97722686543068, -10.245294524917412], [-54.9772278745886, -10.245296423989304], [-54.97722849123499, -10.245298481515363], [-54.97722869031097, -10.245300619603215], [-54.977228464136594, -10.245302754141198], [-54.97722782144088, -10.245304803831488], [-54.9772267882687, -10.245306691099671], [-54.977225403423674, -10.245308341162438], [-54.97722371931192, -10.24530969287983], [-54.977221801982225, -10.245310692428035], [-54.9772197237624, -10.245311303196683], [-54.97721756603715, -10.245311499478689], [-54.97721541097189, -10.245311276361836], [-54.977213340663226, -10.24531063978041], [-54.97721143616337, -10.245309616452206], [-54.97720976933006, -10.245308243884734], [-54.97720840552412, -10.24530657671946], [-54.977207395459466, -10.245304676737973], [-54.97720677972579, -10.245302619217576], [-54.977206580644214, -10.245300482033615]]]}}, {"type": "Feature", "properties": {"layer": "NUMERO_DOS_LOTES", "dxf_type": "CIRCLE", "radius_m": 1.21}, "geometry": {"type": "Polygon", "coordinates": [[[-54.977136824091396, -10.245358745351602], [-54.977137049325265, -10.245356615327529], [-54.97713769016789, -10.245354570145578], [-54.97713872148696, -10.24535268738585], [-54.9771401035777, -10.24535104001817], [-54.97714178401677, -10.245349691894132], [-54.97714369768516, -10.24534869413153], [-54.97714577041842, -10.245348085137127], [-54.977147923581036, -10.245347888827258], [-54.977150074083575, -10.245348111916208], [-54.97715213984089, -10.245348746661913], [-54.9771540407019, -10.24534976816001], [-54.977155702995205, -10.245351137083848], [-54.977157064080465, -10.24535280152066], [-54.977158071435845, -10.245354696965842], [-54.97715868628532, -10.245356749961232], [-54.97715888448263, -10.245358882620089], [-54.9771586592489, -10.245361012644208], [-54.97715801840064, -10.245363058730097], [-54.977156987087355, -10.245364940586041], [-54.97715560499661, -10.245366587953797], [-54.97715392547005, -10.245367936083584], [-54.977152011801564, -10.245368933846226], [-54.9771499381556, -10.245369542834949], [-54.97714778499282, -10.245369739144813], [-54.97714563449014, -10.24536951605581], [-54.97714356964529, -10.245368881315734], [-54.97714166878423, -10.245367859817565], [-54.97714000557836, -10.245366490887966], [-54.97713864449316, -10.245364826451091], [-54.97713763713215, -10.245362931909726], [-54.977137022288545, -10.245360878010448], [-54.977136824091396, -10.245358745351602]]]}}, {"type": "Feature", "properties": {"layer": "NUMERO_DOS_LOTES", "dxf_type": "CIRCLE", "radius_m": 1.2}, "geometry": {"type": "Polygon", "coordinates": [[[-54.977067194171525, -10.245417039266808], [-54.9770674184418, -10.245414917372088], [-54.97706805650148, -10.24541287940437], [-54.977069084125034, -10.24541100385327], [-54.97707046161342, -10.245409362784763], [-54.97707213563643, -10.245408019140827], [-54.97707404198187, -10.245407024948836], [-54.97707610739785, -10.245406418621174], [-54.97707825234199, -10.245406223164624], [-54.977080394637404, -10.245406445299114], [-54.97708245219895, -10.245407077282575], [-54.97708434578236, -10.245408095120156], [-54.97708600262881, -10.2454094594909], [-54.97708735919114, -10.245411117572438], [-54.97708836202921, -10.245413005758392], [-54.97708897509898, -10.245415051511467], [-54.9770891724348, -10.245417176029724], [-54.97708894816467, -10.245419297924471], [-54.977088309192524, -10.245421335886569], [-54.977087282481584, -10.245423211443423], [-54.9770859049932, -10.245424852512008], [-54.97708423097012, -10.245426196156005], [-54.97708232462458, -10.245427190348037], [-54.97708025920846, -10.24542779667572], [-54.97707811426418, -10.245427992132255], [-54.977075971968624, -10.245427769997722], [-54.97707391440698, -10.245427138014193], [-54.97707202082351, -10.24542612017654], [-54.97707036397706, -10.245424755805722], [-54.97706900741479, -10.245423097724116], [-54.977068003664264, -10.245421209532443], [-54.97706739150719, -10.245419163785035], [-54.977067194171525, -10.245417039266808]]]}}, {"type": "Feature", "properties": {"layer": "NUMERO_DOS_LOTES", "dxf_type": "CIRCLE", "radius_m": 1.21}, "geometry": {"type": "Polygon", "coordinates": [[[-54.976997269915046, -10.245475260825355], [-54.97699749516153, -10.245473128993817], [-54.97699813601685, -10.245471082004638], [-54.97699916825547, -10.245469198347383], [-54.97700055126573, -10.245467550082347], [-54.977002232624265, -10.24546620106107], [-54.97700414721199, -10.245465202401324], [-54.97700622177128, -10.245464593419365], [-54.977008375847184, -10.24546439711627], [-54.97701052817535, -10.24546462021763], [-54.97701259484548, -10.24546525496999], [-54.97701449661334, -10.2454662773785], [-54.97701616072581, -10.245467647218277], [-54.977017522717446, -10.245469312565172], [-54.97701853006641, -10.245471208914578], [-54.97701914581612, -10.245473263723499], [-54.97701934400092, -10.245475398190033], [-54.97701911876032, -10.245477529117718], [-54.97701847699253, -10.2454795761013], [-54.97701744566654, -10.24548145976429], [-54.97701606265626, -10.24548310802942], [-54.97701438129768, -10.24548445705076], [-54.97701246670984, -10.245485455710556], [-54.977010392150405, -10.245486064692523], [-54.9770082371618, -10.245486260989924], [-54.977006085746055, -10.245486037894201], [-54.97700401907581, -10.245485403141778], [-54.977002117307904, -10.245484380733195], [-54.97700045319543, -10.24548301089334], [-54.97699909120386, -10.245481345546363], [-54.97699808294243, -10.245479449191254], [-54.97699746810543, -10.24547739438798], [-54.976997269915046, -10.245475260825355]]]}}, {"type": "Feature", "properties": {"layer": "NUMERO_DOS_LOTES", "dxf_type": "CIRCLE", "radius_m": 1.21}, "geometry": {"type": "Polygon", "coordinates": [[[-54.97692749507128, -10.245533518546306], [-54.9769277203126, -10.245531387618815], [-54.97692836116854, -10.245529340629869], [-54.97692939340779, -10.245527456972978], [-54.97693077641867, -10.245525808708345], [-54.97693245777778, -10.245524459687548], [-54.97693437236603, -10.245523461028322], [-54.97693644692578, -10.24552285204693], [-54.97693860100775, -10.24552265484049], [-54.97694075333043, -10.245522878846268], [-54.9769428200007, -10.245523513599098], [-54.97694472176857, -10.245524536008036], [-54.97694638588092, -10.245525905848169], [-54.97694774787232, -10.245527571195346], [-54.97694875613352, -10.245529467550579], [-54.97694937097022, -10.245531522353899], [-54.97694956916024, -10.245533655916491], [-54.976949343913326, -10.245535787747917], [-54.976948703057495, -10.245537834736925], [-54.97694767081831, -10.245539718393893], [-54.976946287813156, -10.24554136575471], [-54.97694460645398, -10.245542714775587], [-54.976942691865624, -10.245543713434841], [-54.97694061730574, -10.245544322416265], [-54.97693846231105, -10.245544519616992], [-54.9769363109008, -10.245544295616869], [-54.97693424423042, -10.245543660863959], [-54.976932342462504, -10.24554263845496], [-54.97693067835015, -10.245541268614733], [-54.97692931635307, -10.245539604171386], [-54.97692830809199, -10.24553770781611], [-54.976927693255426, -10.245535653012775], [-54.97692749507128, -10.245533518546306]]]}}, {"type": "Feature", "properties": {"layer": "NUMERO_DOS_LOTES", "dxf_type": "CIRCLE", "radius_m": 1.25}, "geometry": {"type": "Polygon", "coordinates": [[[-54.97685936699673, -10.245587100614527], [-54.97685959903942, -10.24558490464783], [-54.97686025946123, -10.245582794507026], [-54.97686132309532, -10.245580853195452], [-54.97686274840025, -10.245579155479277], [-54.97686448113317, -10.245577764294772], [-54.976866454315434, -10.245576736171593], [-54.97686859196887, -10.245576107697296], [-54.976870812703, -10.245575905482736], [-54.97687303069633, -10.24557613532116], [-54.97687516020771, -10.24557679035163], [-54.97687712019066, -10.245577842952379], [-54.97687883513717, -10.2455792555931], [-54.97688023879107, -10.245580970914974], [-54.97688127771225, -10.245582925311568], [-54.97688191131108, -10.245585043505585], [-54.97688211638831, -10.245587242192673], [-54.97688188342747, -10.245589439057625], [-54.9768812230115, -10.245591548294609], [-54.97688015937747, -10.245593489606279], [-54.97687873406681, -10.245595188226408], [-54.97687700133956, -10.245596578507108], [-54.976875028151454, -10.245597607534206], [-54.97687289050359, -10.24559823510463], [-54.976870669763585, -10.245598438223066], [-54.97686845177582, -10.245598207480706], [-54.97686632225861, -10.245597553354054], [-54.97686436228133, -10.245596499849354], [-54.97686264732909, -10.245595088112424], [-54.97686124368098, -10.245593371886608], [-54.976860204759916, -10.245591417489951], [-54.9768595711555, -10.24558930019981], [-54.97685936699673, -10.245587100614527]]]}}, {"type": "Feature", "properties": {"layer": "NUMERO_DOS_LOTES", "dxf_type": "CIRCLE", "radius_m": 0.96}, "geometry": {"type": "Polygon", "coordinates": [[[-54.97705457513201, -10.245933187825443], [-54.97705475373765, -10.245931503140309], [-54.977055259536804, -10.24592988647691], [-54.977056074806534, -10.245928398287074], [-54.97705716815255, -10.245927096225833], [-54.9770584963688, -10.24592602973949], [-54.977060008994535, -10.245925240997924], [-54.977061648348766, -10.245924759471267], [-54.977063350425546, -10.245924604647312], [-54.97706505040387, -10.245924780642202], [-54.97706668352004, -10.245925282533396], [-54.97706818602042, -10.245926090038052], [-54.97706950060239, -10.245927172970498], [-54.97707057734417, -10.245928488536174], [-54.97707137367039, -10.245929986754966], [-54.97707185983321, -10.245931609591349], [-54.97707201614028, -10.24593329636066], [-54.977071838453035, -10.245934980147624], [-54.977071331735644, -10.245936597709273], [-54.97707051646595, -10.24593808589914], [-54.97706942311993, -10.245939387960425], [-54.97706809490938, -10.245940453542936], [-54.97706658228357, -10.245941242284525], [-54.97706494292926, -10.245941723811194], [-54.97706324084665, -10.245941879539032], [-54.977061540873976, -10.245941702640222], [-54.977059907757734, -10.24594120074899], [-54.977058405257324, -10.24594039324429], [-54.97705709066962, -10.245939311215665], [-54.97705601392787, -10.24593799564995], [-54.97705521760172, -10.245936497431147], [-54.97705473235729, -10.245934873696543], [-54.97705457513201, -10.245933187825443]]]}}]}