{"type": "FeatureCollection", "name": "quadras", "crs": {"type": "name", "properties": {"name": "urn:ogc:def:crs:OGC:1.3:CRS84"}}, "properties": {"source": "8be78050_MAPA TRIBUTAÇÃO 2021 (1).dxf", "assumed_crs": "EPSG:4326", "local_crs": false, "note": "Coordenadas locais do desenho (sem CRS). Use base 'Só CAD' no mapa.", "extent": [4300.4554, 2373.7696, 8215.3349, 6186.7838], "georef": true, "transform": {"scale": 1, "rotation_deg": 0, "tx": 713717.6034368816, "ty": 8862616.121289995, "rmse_m": 0, "epsg": 31981}, "layer": "quadras", "source_file": "8be78050_MAPA TRIBUTAÇÃO 2021 (1)_georef.geojson", "n_features": 1073}, "features": [{"type": "Feature", "properties": {"layer": "quadras", "dxf_type": "LINE"}, "geometry": {"type": "LineString", "coordinates": [[-54.99870965415064, -10.243658721843431], [-54.99892088178652, -10.243956132901868]]}}, {"type": "Feature", "properties": {"layer": "quadras", "dxf_type": "LINE"}, "geometry": {"type": "LineString", "coordinates": [[-54.99892088178652, -10.243956132901868], [-54.99911521167109, -10.244231172635988]]}}, {"type": "Feature", "properties": {"layer": "quadras", "dxf_type": "LINE"}, "geometry": {"type": "LineString", "coordinates": [[-54.99911521167109, -10.244231172635988], [-54.999163194786234, -10.244137940715126]]}}, {"type": "Feature", "properties": {"layer": "quadras", "dxf_type": "LINE"}, "geometry": {"type": "LineString", "coordinates": [[-54.999163194786234, -10.244137940715126], [-54.99923454766172, -10.24392473012155]]}}, {"type": "Feature", "properties": {"layer": "quadras", "dxf_type": "LINE"}, "geometry": {"type": "LineString", "coordinates": [[-54.99923454766172, -10.24392473012155], [-54.99926896391652, -10.243570598231134]]}}, {"type": "Feature", "properties": {"layer": "quadras", "dxf_type": "LINE"}, "geometry": {"type": "LineString", "coordinates": [[-54.99926896391652, -10.243570598231134], [-54.999236978160006, -10.243453568319236]]}}, {"type": "Feature", "properties": {"layer": "quadras", "dxf_type": "LINE"}, "geometry": {"type": "LineString", "coordinates": [[-54.999236978160006, -10.243453568319236], [-54.99917719540461, -10.243456117415649]]}}, {"type": "Feature", "properties": {"layer": "quadras", "dxf_type": "LINE"}, "geometry": {"type": "LineString", "coordinates": [[-54.99917719540461, -10.243456117415649], [-54.998854298243394, -10.243537969254927]]}}, {"type": "Feature", "properties": {"layer": "quadras", "dxf_type": "LINE"}, "geometry": {"type": "LineString", "coordinates": [[-54.998854298243394, -10.243537969254927], [-54.998854297336486, -10.243537968345423]]}}, {"type": "Feature", "properties": {"layer": "quadras", "dxf_type": "LINE"}, "geometry": {"type": "LineString", "coordinates": [[-54.998854297336486, -10.243537968345423], [-54.998779549562364, -10.243597403198558]]}}, {"type": "Feature", "properties": {"layer": "quadras", "dxf_type": "LINE"}, "geometry": {"type": "LineString", "coordinates": [[-54.998779549562364, -10.243597403198558], [-54.99870965415064, -10.243658721843431]]}}, {"type": "Feature", "properties": {"layer": "quadras", "dxf_type": "LINE"}, "geometry": {"type": "LineString", "coordinates": [[-54.99870965415064, -10.243658721843431], [-54.99870965415064, -10.243658721843431]]}}, {"type": "Feature", "properties": {"layer": "quadras", "dxf_type": "LINE"}, "geometry": {"type": "LineString", "coordinates": [[-54.99751122844103, -10.241718562856747], [-54.99755783385212, -10.24178084721945]]}}, {"type": "Feature", "properties": {"layer": "quadras", "dxf_type": "LINE"}, "geometry": {"type": "LineString", "coordinates": [[-54.99755783385212, -10.24178084721945], [-54.99759207546804, -10.241828859333793]]}}, {"type": "Feature", "properties": {"layer": "quadras", "dxf_type": "LINE"}, "geometry": {"type": "LineString", "coordinates": [[-54.99759207546804, -10.241828859333793], [-54.99761553131776, -10.24186083090123]]}}, {"type": "Feature", "properties": {"layer": "quadras", "dxf_type": "LINE"}, "geometry": {"type": "LineString", "coordinates": [[-54.99761553131776, -10.24186083090123], [-54.99767378363874, -10.241936894062786]]}}, {"type": "Feature", "properties": {"layer": "quadras", "dxf_type": "LINE"}, "geometry": {"type": "LineString", "coordinates": [[-54.99767378363874, -10.241936894062786], [-54.997818267499476, -10.241823836871133]]}}, {"type": "Feature", "properties": {"layer": "quadras", "dxf_type": "LINE"}, "geometry": {"type": "LineString", "coordinates": [[-54.997818267499476, -10.241823836871133], [-54.99788752870151, -10.241770455433146]]}}, {"type": "Feature", "properties": {"layer": "quadras", "dxf_type": "LINE"}, "geometry": {"type": "LineString", "coordinates": [[-54.99788752870151, -10.241770455433146], [-54.99788753970338, -10.241770447365562]]}}, {"type": "Feature", "properties": {"layer": "quadras", "dxf_type": "LINE"}, "geometry": {"type": "LineString", "coordinates": [[-54.99788753970338, -10.241770447365562], [-54.9979560794152, -10.241718601752366]]}}, {"type": "Feature", "properties": {"layer": "quadras", "dxf_type": "LINE"}, "geometry": {"type": "LineString", "coordinates": [[-54.9979560794152, -10.241718601752366], [-54.9979560794152, -10.241718601752366]]}}, {"type": "Feature", "properties": {"layer": "quadras", "dxf_type": "LINE"}, "geometry": {"type": "LineString", "coordinates": [[-54.9979560794152, -10.241718601752366], [-54.998030481082566, -10.241663359104944]]}}, {"type": "Feature", "properties": {"layer": "quadras", "dxf_type": "LINE"}, "geometry": {"type": "LineString", "coordinates": [[-54.998030481082566, -10.241663359104944], [-54.998033573723376, -10.241666586167895]]}}, {"type": "Feature", "properties": {"layer": "quadras", "dxf_type": "LINE"}, "geometry": {"type": "LineString", "coordinates": [[-54.998033573723376, -10.241666586167895], [-54.99811198533788, -10.241611344679914]]}}, {"type": "Feature", "properties": {"layer": "quadras", "dxf_type": "LINE"}, "geometry": {"type": "LineString", "coordinates": [[-54.99811198533788, -10.241611344679914], [-54.99825660333487, -10.241502316849155]]}}, {"type": "Feature", "properties": {"layer": "quadras", "dxf_type": "LINE"}, "geometry": {"type": "LineString", "coordinates": [[-54.99825660333487, -10.241502316849155], [-54.9983297833499, -10.241447734593827]]}}, {"type": "Feature", "properties": {"layer": "quadras", "dxf_type": "LINE"}, "geometry": {"type": "LineString", "coordinates": [[-54.9983297833499, -10.241447734593827], [-54.99841246289852, -10.241392526513417]]}}, {"type": "Feature", "properties": {"layer": "quadras", "dxf_type": "LINE"}, "geometry": {"type": "LineString", "coordinates": [[-54.99841246289852, -10.241392526513417], [-54.998482552748044, -10.241342461084685]]}}, {"type": "Feature", "properties": {"layer": "quadras", "dxf_type": "LINE"}, "geometry": {"type": "LineString", "coordinates": [[-54.998482552748044, -10.241342461084685], [-54.99855691812706, -10.241283083511611]]}}, {"type": "Feature", "properties": {"layer": "quadras", "dxf_type": "LINE"}, "geometry": {"type": "LineString", "coordinates": [[-54.99855691812706, -10.241283083511611], [-54.99862552576186, -10.241228379023257]]}}, {"type": "Feature", "properties": {"layer": "quadras", "dxf_type": "LINE"}, "geometry": {"type": "LineString", "coordinates": [[-54.99862552576186, -10.241228379023257], [-54.998695830602045, -10.241173271866712]]}}, {"type": "Feature", "properties": {"layer": "quadras", "dxf_type": "LINE"}, "geometry": {"type": "LineString", "coordinates": [[-54.998695830602045, -10.241173271866712], [-54.9987650282672, -10.241112662019686]]}}, {"type": "Feature", "properties": {"layer": "quadras", "dxf_type": "LINE"}, "geometry": {"type": "LineString", "coordinates": [[-54.9987650282672, -10.241112662019686], [-54.998836887047396, -10.24105772799535]]}}, {"type": "Feature", "properties": {"layer": "quadras", "dxf_type": "LINE"}, "geometry": {"type": "LineString", "coordinates": [[-54.998836887047396, -10.24105772799535], [-54.99887124538394, -10.241028951465962]]}}, {"type": "Feature", "properties": {"layer": "quadras", "dxf_type": "LINE"}, "geometry": {"type": "LineString", "coordinates": [[-54.99887124538394, -10.241028951465962], [-54.998908803986204, -10.241004139347226]]}}, {"type": "Feature", "properties": {"layer": "quadras", "dxf_type": "LINE"}, "geometry": {"type": "LineString", "coordinates": [[-54.998908803986204, -10.241004139347226], [-54.99896708582238, -10.240937146561054]]}}, {"type": "Feature", "properties": {"layer": "quadras", "dxf_type": "LINE"}, "geometry": {"type": "LineString", "coordinates": [[-54.99896708582238, -10.240937146561054], [-54.99897403151463, -10.240955355457956]]}}, {"type": "Feature", "properties": {"layer": "quadras", "dxf_type": "LINE"}, "geometry": {"type": "LineString", "coordinates": [[-54.99897403151463, -10.240955355457956], [-54.99902977855381, -10.240919144659085]]}}, {"type": "Feature", "properties": {"layer": "quadras", "dxf_type": "LINE"}, "geometry": {"type": "LineString", "coordinates": [[-54.99902977855381, -10.240919144659085], [-54.99907637496944, -10.240895296564641]]}}, {"type": "Feature", "properties": {"layer": "quadras", "dxf_type": "LINE"}, "geometry": {"type": "LineString", "coordinates": [[-54.99907637496944, -10.240895296564641], [-54.99907774581644, -10.240938353481798]]}}, {"type": "Feature", "properties": {"layer": "quadras", "dxf_type": "LINE"}, "geometry": {"type": "LineString", "coordinates": [[-54.99907774581644, -10.240938353481798], [-54.99918645944312, -10.24092890377957]]}}, {"type": "Feature", "properties": {"layer": "quadras", "dxf_type": "LINE"}, "geometry": {"type": "LineString", "coordinates": [[-54.99918645944312, -10.24092890377957], [-54.99933618100586, -10.240922919754912]]}}, {"type": "Feature", "properties": {"layer": "quadras", "dxf_type": "LINE"}, "geometry": {"type": "LineString", "coordinates": [[-54.99933618100586, -10.240922919754912], [-54.99933109163217, -10.240801792424069]]}}, {"type": "Feature", "properties": {"layer": "quadras", "dxf_type": "LINE"}, "geometry": {"type": "LineString", "coordinates": [[-54.99933109163217, -10.240801792424069], [-54.99930720851448, -10.240803301495834]]}}, {"type": "Feature", "properties": {"layer": "quadras", "dxf_type": "LINE"}, "geometry": {"type": "LineString", "coordinates": [[-54.99930720851448, -10.240803301495834], [-54.99930459478287, -10.240735774929583]]}}, {"type": "Feature", "properties": {"layer": "quadras", "dxf_type": "LINE"}, "geometry": {"type": "LineString", "coordinates": [[-54.99930459478287, -10.240735774929583], [-54.99930459478287, -10.240735774929583]]}}, {"type": "Feature", "properties": {"layer": "quadras", "dxf_type": "LINE"}, "geometry": {"type": "LineString", "coordinates": [[-54.99930459478287, -10.240735774929583], [-54.999301181201965, -10.240645317211772]]}}, {"type": "Feature", "properties": {"layer": "quadras", "dxf_type": "LINE"}, "geometry": {"type": "LineString", "coordinates": [[-54.999301181201965, -10.240645317211772], [-54.99929664929793, -10.240645305604424]]}}, {"type": "Feature", "properties": {"layer": "quadras", "dxf_type": "LINE"}, "geometry": {"type": "LineString", "coordinates": [[-54.99929664929793, -10.240645305604424], [-54.99929423677073, -10.240553839841592]]}}, {"type": "Feature", "properties": {"layer": "quadras", "dxf_type": "LINE"}, "geometry": {"type": "LineString", "coordinates": [[-54.99929423677073, -10.240553839841592], [-54.99928512622122, -10.240463900280867]]}}, {"type": "Feature", "properties": {"layer": "quadras", "dxf_type": "LINE"}, "geometry": {"type": "LineString", "coordinates": [[-54.99928512622122, -10.240463900280867], [-54.99927601657888, -10.240373961629892]]}}, {"type": "Feature", "properties": {"layer": "quadras", "dxf_type": "LINE"}, "geometry": {"type": "LineString", "coordinates": [[-54.99927601657888, -10.240373961629892], [-54.99926690694251, -10.240284022075299]]}}, {"type": "Feature", "properties": {"layer": "quadras", "dxf_type": "LINE"}, "geometry": {"type": "LineString", "coordinates": [[-54.99926690694251, -10.240284022075299], [-54.99925769673084, -10.240193093913037]]}}, {"type": "Feature", "properties": {"layer": "quadras", "dxf_type": "LINE"}, "geometry": {"type": "LineString", "coordinates": [[-54.99925769673084, -10.240193093913037], [-54.99925389306988, -10.240155533252242]]}}, {"type": "Feature", "properties": {"layer": "quadras", "dxf_type": "LINE"}, "geometry": {"type": "LineString", "coordinates": [[-54.99925389306988, -10.240155533252242], [-54.999224674944756, -10.240107846876864]]}}, {"type": "Feature", "properties": {"layer": "quadras", "dxf_type": "LINE"}, "geometry": {"type": "LineString", "coordinates": [[-54.999224674944756, -10.240107846876864], [-54.999180296831746, -10.240117634562475]]}}, {"type": "Feature", "properties": {"layer": "quadras", "dxf_type": "LINE"}, "geometry": {"type": "LineString", "coordinates": [[-54.999180296831746, -10.240117634562475], [-54.99908142993096, -10.240197168280073]]}}, {"type": "Feature", "properties": {"layer": "quadras", "dxf_type": "LINE"}, "geometry": {"type": "LineString", "coordinates": [[-54.99908142993096, -10.240197168280073], [-54.99906012367391, -10.240214308484347]]}}, {"type": "Feature", "properties": {"layer": "quadras", "dxf_type": "LINE"}, "geometry": {"type": "LineString", "coordinates": [[-54.99906012367391, -10.240214308484347], [-54.99892171334861, -10.240317774317107]]}}, {"type": "Feature", "properties": {"layer": "quadras", "dxf_type": "LINE"}, "geometry": {"type": "LineString", "coordinates": [[-54.99892171334861, -10.240317774317107], [-54.99882980216186, -10.240381738153067]]}}, {"type": "Feature", "properties": {"layer": "quadras", "dxf_type": "LINE"}, "geometry": {"type": "LineString", "coordinates": [[-54.99882980216186, -10.240381738153067], [-54.99876682200937, -10.240428560786512]]}}, {"type": "Feature", "properties": {"layer": "quadras", "dxf_type": "LINE"}, "geometry": {"type": "LineString", "coordinates": [[-54.99876682200937, -10.240428560786512], [-54.998700527894144, -10.240477321815888]]}}, {"type": "Feature", "properties": {"layer": "quadras", "dxf_type": "LINE"}, "geometry": {"type": "LineString", "coordinates": [[-54.998700527894144, -10.240477321815888], [-54.998651587902984, -10.240513548239207]]}}, {"type": "Feature", "properties": {"layer": "quadras", "dxf_type": "LINE"}, "geometry": {"type": "LineString", "coordinates": [[-54.998651587902984, -10.240513548239207], [-54.998570100092614, -10.240573476825316]]}}, {"type": "Feature", "properties": {"layer": "quadras", "dxf_type": "LINE"}, "geometry": {"type": "LineString", "coordinates": [[-54.998570100092614, -10.240573476825316], [-54.99849795811907, -10.240627161645943]]}}, {"type": "Feature", "properties": {"layer": "quadras", "dxf_type": "LINE"}, "geometry": {"type": "LineString", "coordinates": [[-54.99849795811907, -10.240627161645943], [-54.99841251001667, -10.240691382950006]]}}, {"type": "Feature", "properties": {"layer": "quadras", "dxf_type": "LINE"}, "geometry": {"type": "LineString", "coordinates": [[-54.99841251001667, -10.240691382950006], [-54.99835405032667, -10.240738131156883]]}}, {"type": "Feature", "properties": {"layer": "quadras", "dxf_type": "LINE"}, "geometry": {"type": "LineString", "coordinates": [[-54.99835405032667, -10.240738131156883], [-54.9982785348133, -10.240801787125248]]}}, {"type": "Feature", "properties": {"layer": "quadras", "dxf_type": "LINE"}, "geometry": {"type": "LineString", "coordinates": [[-54.9982785348133, -10.240801787125248], [-54.99822226673914, -10.240874348579837]]}}, {"type": "Feature", "properties": {"layer": "quadras", "dxf_type": "LINE"}, "geometry": {"type": "LineString", "coordinates": [[-54.99822226673914, -10.240874348579837], [-54.99814020789277, -10.240913118985196]]}}, {"type": "Feature", "properties": {"layer": "quadras", "dxf_type": "LINE"}, "geometry": {"type": "LineString", "coordinates": [[-54.99814020789277, -10.240913118985196], [-54.99806827255678, -10.240968173494212]]}}, {"type": "Feature", "properties": {"layer": "quadras", "dxf_type": "LINE"}, "geometry": {"type": "LineString", "coordinates": [[-54.99806827255678, -10.240968173494212], [-54.99806827255678, -10.240968173494212]]}}, {"type": "Feature", "properties": {"layer": "quadras", "dxf_type": "LINE"}, "geometry": {"type": "LineString", "coordinates": [[-54.99806827255678, -10.240968173494212], [-54.99799553870143, -10.241021768654084]]}}, {"type": "Feature", "properties": {"layer": "quadras", "dxf_type": "LINE"}, "geometry": {"type": "LineString", "coordinates": [[-54.99799553870143, -10.241021768654084], [-54.99799553870143, -10.241021768654084]]}}, {"type": "Feature", "properties": {"layer": "quadras", "dxf_type": "LINE"}, "geometry": {"type": "LineString", "coordinates": [[-54.99799553870143, -10.241021768654084], [-54.99792847772775, -10.241072136455031]]}}, {"type": "Feature", "properties": {"layer": "quadras", "dxf_type": "LINE"}, "geometry": {"type": "LineString", "coordinates": [[-54.99792847772775, -10.241072136455031], [-54.99786457063316, -10.241120767330624]]}}, {"type": "Feature", "properties": {"layer": "quadras", "dxf_type": "LINE"}, "geometry": {"type": "LineString", "coordinates": [[-54.99786457063316, -10.241120767330624], [-54.99778439052189, -10.241183131650804]]}}, {"type": "Feature", "properties": {"layer": "quadras", "dxf_type": "LINE"}, "geometry": {"type": "LineString", "coordinates": [[-54.99778439052189, -10.241183131650804], [-54.99770982797998, -10.241240030157135]]}}, {"type": "Feature", "properties": {"layer": "quadras", "dxf_type": "LINE"}, "geometry": {"type": "LineString", "coordinates": [[-54.99770982797998, -10.241240030157135], [-54.99763414586422, -10.241289914534095]]}}, {"type": "Feature", "properties": {"layer": "quadras", "dxf_type": "LINE"}, "geometry": {"type": "LineString", "coordinates": [[-54.99763414586422, -10.241289914534095], [-54.99756311957999, -10.24134100084849]]}}, {"type": "Feature", "properties": {"layer": "quadras", "dxf_type": "LINE"}, "geometry": {"type": "LineString", "coordinates": [[-54.99756311957999, -10.24134100084849], [-54.99756311957999, -10.24134100084849]]}}, {"type": "Feature", "properties": {"layer": "quadras", "dxf_type": "LINE"}, "geometry": {"type": "LineString", "coordinates": [[-54.99756311957999, -10.24134100084849], [-54.99748082547475, -10.241396287895029]]}}, {"type": "Feature", "properties": {"layer": "quadras", "dxf_type": "LINE"}, "geometry": {"type": "LineString", "coordinates": [[-54.99748082547475, -10.241396287895029], [-54.997339446424284, -10.241500039200336]]}}, {"type": "Feature", "properties": {"layer": "quadras", "dxf_type": "LINE"}, "geometry": {"type": "LineString", "coordinates": [[-54.997339446424284, -10.241500039200336], [-54.99739056143825, -10.241569950628717]]}}, {"type": "Feature", "properties": {"layer": "quadras", "dxf_type": "LINE"}, "geometry": {"type": "LineString", "coordinates": [[-54.99739056143825, -10.241569950628717], [-54.99740527554391, -10.241559593691534]]}}, {"type": "Feature", "properties": {"layer": "quadras", "dxf_type": "LINE"}, "geometry": {"type": "LineString", "coordinates": [[-54.99740527554391, -10.241559593691534], [-54.99746156214455, -10.241643924705516]]}}, {"type": "Feature", "properties": {"layer": "quadras", "dxf_type": "LINE"}, "geometry": {"type": "LineString", "coordinates": [[-54.99746156214455, -10.241643924705516], [-54.99746153464271, -10.241643944422478]]}}, {"type": "Feature", "properties": {"layer": "quadras", "dxf_type": "LINE"}, "geometry": {"type": "LineString", "coordinates": [[-54.99746153464271, -10.241643944422478], [-54.99751122844103, -10.241718562856747]]}}, {"type": "Feature", "properties": {"layer": "quadras", "dxf_type": "LINE"}, "geometry": {"type": "LineString", "coordinates": [[-54.99751122844103, -10.241718562856747], [-54.99751122844103, -10.241718562856747]]}}, {"type": "Feature", "properties": {"layer": "quadras", "dxf_type": "LINE"}, "geometry": {"type": "LineString", "coordinates": [[-54.99814855558301, -10.238855228051673], [-54.998319776393345, -10.23909506312586]]}}, {"type": "Feature", "properties": {"layer": "quadras", "dxf_type": "LINE"}, "geometry": {"type": "LineString", "coordinates": [[-54.998319776393345, -10.23909506312586], [-54.99835501486082, -10.239072593287009]]}}, {"type": "Feature", "properties": {"layer": "quadras", "dxf_type": "LINE"}, "geometry": {"type": "LineString", "coordinates": [[-54.99835501486082, -10.239072593287009], [-54.99840005651443, -10.239152544105679]]}}, {"type": "Feature", "properties": {"layer": "quadras", "dxf_type": "LINE"}, "geometry": {"type": "LineString", "coordinates": [[-54.99840005651443, -10.239152544105679], [-54.99845292860163, -10.239249902059406]]}}, {"type": "Feature", "properties": {"layer": "quadras", "dxf_type": "LINE"}, "geometry": {"type": "LineString", "coordinates": [[-54.99845292860163, -10.239249902059406], [-54.99852187058922, -10.239357889604408]]}}, {"type": "Feature", "properties": {"layer": "quadras", "dxf_type": "LINE"}, "geometry": {"type": "LineString", "coordinates": [[-54.99852187058922, -10.239357889604408], [-54.998560682694624, -10.239422162390895]]}}, {"type": "Feature", "properties": {"layer": "quadras", "dxf_type": "LINE"}, "geometry": {"type": "LineString", "coordinates": [[-54.998560682694624, -10.239422162390895], [-54.99861076527862, -10.23950173202537]]}}, {"type": "Feature", "properties": {"layer": "quadras", "dxf_type": "LINE"}, "geometry": {"type": "LineString", "coordinates": [[-54.99861076527862, -10.23950173202537], [-54.998653949620895, -10.239566740385419]]}}, {"type": "Feature", "properties": {"layer": "quadras", "dxf_type": "LINE"}, "geometry": {"type": "LineString", "coordinates": [[-54.998653949620895, -10.239566740385419], [-54.99877360909869, -10.239499269214116]]}}, {"type": "Feature", "properties": {"layer": "quadras", "dxf_type": "LINE"}, "geometry": {"type": "LineString", "coordinates": [[-54.99877360909869, -10.239499269214116], [-54.998777226498895, -10.239507149281755]]}}, {"type": "Feature", "properties": {"layer": "quadras", "dxf_type": "LINE"}, "geometry": {"type": "LineString", "coordinates": [[-54.998777226498895, -10.239507149281755], [-54.99886465563322, -10.239456575688582]]}}, {"type": "Feature", "properties": {"layer": "quadras", "dxf_type": "LINE"}, "geometry": {"type": "LineString", "coordinates": [[-54.99886465563322, -10.239456575688582], [-54.99899079476772, -10.239382799640785]]}}, {"type": "Feature", "properties": {"layer": "quadras", "dxf_type": "LINE"}, "geometry": {"type": "LineString", "coordinates": [[-54.99899079476772, -10.239382799640785], [-54.99893941204893, -10.239308986376539]]}}, {"type": "Feature", "properties": {"layer": "quadras", "dxf_type": "LINE"}, "geometry": {"type": "LineString", "coordinates": [[-54.99893941204893, -10.239308986376539], [-54.99888277274737, -10.239231687779847]]}}, {"type": "Feature", "properties": {"layer": "quadras", "dxf_type": "LINE"}, "geometry": {"type": "LineString", "coordinates": [[-54.99888277274737, -10.239231687779847], [-54.998837878811784, -10.239169052579161]]}}, {"type": "Feature", "properties": {"layer": "quadras", "dxf_type": "LINE"}, "geometry": {"type": "LineString", "coordinates": [[-54.998837878811784, -10.239169052579161], [-54.998831047087634, -10.239160324743244]]}}, {"type": "Feature", "properties": {"layer": "quadras", "dxf_type": "LINE"}, "geometry": {"type": "LineString", "coordinates": [[-54.998831047087634, -10.239160324743244], [-54.99882737909816, -10.239121654902688]]}}, {"type": "Feature", "properties": {"layer": "quadras", "dxf_type": "LINE"}, "geometry": {"type": "LineString", "coordinates": [[-54.99882737909816, -10.239121654902688], [-54.99878378692908, -10.239054447524204]]}}, {"type": "Feature", "properties": {"layer": "quadras", "dxf_type": "LINE"}, "geometry": {"type": "LineString", "coordinates": [[-54.99878378692908, -10.239054447524204], [-54.998708057538906, -10.238978681127481]]}}, {"type": "Feature", "properties": {"layer": "quadras", "dxf_type": "LINE"}, "geometry": {"type": "LineString", "coordinates": [[-54.998708057538906, -10.238978681127481], [-54.99863736826791, -10.238886790799]]}}, {"type": "Feature", "properties": {"layer": "quadras", "dxf_type": "LINE"}, "geometry": {"type": "LineString", "coordinates": [[-54.99863736826791, -10.238886790799], [-54.99843831537346, -10.238644414528402]]}}, {"type": "Feature", "properties": {"layer": "quadras", "dxf_type": "LINE"}, "geometry": {"type": "LineString", "coordinates": [[-54.99843831537346, -10.238644414528402], [-54.99837250091341, -10.238693878142712]]}}, {"type": "Feature", "properties": {"layer": "quadras", "dxf_type": "LINE"}, "geometry": {"type": "LineString", "coordinates": [[-54.99837250091341, -10.238693878142712], [-54.998296148129434, -10.23875245352736]]}}, {"type": "Feature", "properties": {"layer": "quadras", "dxf_type": "LINE"}, "geometry": {"type": "LineString", "coordinates": [[-54.998296148129434, -10.23875245352736], [-54.99822098537971, -10.238805494255104]]}}, {"type": "Feature", "properties": {"layer": "quadras", "dxf_type": "LINE"}, "geometry": {"type": "LineString", "coordinates": [[-54.99822098537971, -10.238805494255104], [-54.99814855558301, -10.238855228051673]]}}, {"type": "Feature", "properties": {"layer": "quadras", "dxf_type": "LINE"}, "geometry": {"type": "LineString", "coordinates": [[-54.99814855558301, -10.238855228051673], [-54.99814855558301, -10.238855228051673]]}}, {"type": "Feature", "properties": {"layer": "quadras", "dxf_type": "LINE"}, "geometry": {"type": "LineString", "coordinates": [[-54.99691966366507, -10.240891000206412], [-54.99706213900831, -10.24077772484237]]}}, {"type": "Feature", "properties": {"layer": "quadras", "dxf_type": "LINE"}, "geometry": {"type": "LineString", "coordinates": [[-54.99706213900831, -10.24077772484237], [-54.99711192754837, -10.24074417140253]]}}, {"type": "Feature", "properties": {"layer": "quadras", "dxf_type": "LINE"}, "geometry": {"type": "LineString", "coordinates": [[-54.99711192754837, -10.24074417140253], [-54.997248362581814, -10.240631136238134]]}}, {"type": "Feature", "properties": {"layer": "quadras", "dxf_type": "LINE"}, "geometry": {"type": "LineString", "coordinates": [[-54.997248362581814, -10.240631136238134], [-54.9973261510684, -10.24056391319113]]}}, {"type": "Feature", "properties": {"layer": "quadras", "dxf_type": "LINE"}, "geometry": {"type": "LineString", "coordinates": [[-54.9973261510684, -10.24056391319113], [-54.997396929741626, -10.240510811435957]]}}, {"type": "Feature", "properties": {"layer": "quadras", "dxf_type": "LINE"}, "geometry": {"type": "LineString", "coordinates": [[-54.997396929741626, -10.240510811435957], [-54.99749067650896, -10.240443779700483]]}}, {"type": "Feature", "properties": {"layer": "quadras", "dxf_type": "LINE"}, "geometry": {"type": "LineString", "coordinates": [[-54.99749067650896, -10.240443779700483], [-54.997481093778696, -10.240432361095504]]}}, {"type": "Feature", "properties": {"layer": "quadras", "dxf_type": "LINE"}, "geometry": {"type": "LineString", "coordinates": [[-54.997481093778696, -10.240432361095504], [-54.997548127084336, -10.240371698419903]]}}, {"type": "Feature", "properties": {"layer": "quadras", "dxf_type": "LINE"}, "geometry": {"type": "LineString", "coordinates": [[-54.997548127084336, -10.240371698419903], [-54.99761784336248, -10.240307843315126]]}}, {"type": "Feature", "properties": {"layer": "quadras", "dxf_type": "LINE"}, "geometry": {"type": "LineString", "coordinates": [[-54.99761784336248, -10.240307843315126], [-54.99774729266723, -10.240191662598733]]}}, {"type": "Feature", "properties": {"layer": "quadras", "dxf_type": "LINE"}, "geometry": {"type": "LineString", "coordinates": [[-54.99774729266723, -10.240191662598733], [-54.9978334842146, -10.240114248760914]]}}, {"type": "Feature", "properties": {"layer": "quadras", "dxf_type": "LINE"}, "geometry": {"type": "LineString", "coordinates": [[-54.9978334842146, -10.240114248760914], [-54.997894451684104, -10.240061241038443]]}}, {"type": "Feature", "properties": {"layer": "quadras", "dxf_type": "LINE"}, "geometry": {"type": "LineString", "coordinates": [[-54.997894451684104, -10.240061241038443], [-54.99796306835783, -10.239997643010408]]}}, {"type": "Feature", "properties": {"layer": "quadras", "dxf_type": "LINE"}, "geometry": {"type": "LineString", "coordinates": [[-54.99796306835783, -10.239997643010408], [-54.99805483023787, -10.239913111536199]]}}, {"type": "Feature", "properties": {"layer": "quadras", "dxf_type": "LINE"}, "geometry": {"type": "LineString", "coordinates": [[-54.99805483023787, -10.239913111536199], [-54.99813594238707, -10.239860239492257]]}}, {"type": "Feature", "properties": {"layer": "quadras", "dxf_type": "LINE"}, "geometry": {"type": "LineString", "coordinates": [[-54.99813594238707, -10.239860239492257], [-54.9982167495648, -10.239806371229948]]}}, {"type": "Feature", "properties": {"layer": "quadras", "dxf_type": "LINE"}, "geometry": {"type": "LineString", "coordinates": [[-54.9982167495648, -10.239806371229948], [-54.998216864433985, -10.239806535547082]]}}, {"type": "Feature", "properties": {"layer": "quadras", "dxf_type": "LINE"}, "geometry": {"type": "LineString", "coordinates": [[-54.998216864433985, -10.239806535547082], [-54.998290462039485, -10.239756017125078]]}}, {"type": "Feature", "properties": {"layer": "quadras", "dxf_type": "LINE"}, "geometry": {"type": "LineString", "coordinates": [[-54.998290462039485, -10.239756017125078], [-54.99836691177081, -10.239706618116584]]}}, {"type": "Feature", "properties": {"layer": "quadras", "dxf_type": "LINE"}, "geometry": {"type": "LineString", "coordinates": [[-54.99836691177081, -10.239706618116584], [-54.998454340406745, -10.239653521801808]]}}, {"type": "Feature", "properties": {"layer": "quadras", "dxf_type": "LINE"}, "geometry": {"type": "LineString", "coordinates": [[-54.998454340406745, -10.239653521801808], [-54.99856810333771, -10.2395814451004]]}}, {"type": "Feature", "properties": {"layer": "quadras", "dxf_type": "LINE"}, "geometry": {"type": "LineString", "coordinates": [[-54.99856810333771, -10.2395814451004], [-54.99852157477466, -10.239505309640853]]}}, {"type": "Feature", "properties": {"layer": "quadras", "dxf_type": "LINE"}, "geometry": {"type": "LineString", "coordinates": [[-54.99852157477466, -10.239505309640853], [-54.998440369010936, -10.239366519542347]]}}, {"type": "Feature", "properties": {"layer": "quadras", "dxf_type": "LINE"}, "geometry": {"type": "LineString", "coordinates": [[-54.998440369010936, -10.239366519542347], [-54.998293037901874, -10.239112285561081]]}}, {"type": "Feature", "properties": {"layer": "quadras", "dxf_type": "LINE"}, "geometry": {"type": "LineString", "coordinates": [[-54.998293037901874, -10.239112285561081], [-54.998306371122524, -10.239103088831449]]}}, {"type": "Feature", "properties": {"layer": "quadras", "dxf_type": "LINE"}, "geometry": {"type": "LineString", "coordinates": [[-54.998306371122524, -10.239103088831449], [-54.99814781163651, -10.238879407953537]]}}, {"type": "Feature", "properties": {"layer": "quadras", "dxf_type": "LINE"}, "geometry": {"type": "LineString", "coordinates": [[-54.99814781163651, -10.238879407953537], [-54.998083822713724, -10.238930838816895]]}}, {"type": "Feature", "properties": {"layer": "quadras", "dxf_type": "LINE"}, "geometry": {"type": "LineString", "coordinates": [[-54.998083822713724, -10.238930838816895], [-54.99802307870099, -10.23898420233693]]}}, {"type": "Feature", "properties": {"layer": "quadras", "dxf_type": "LINE"}, "geometry": {"type": "LineString", "coordinates": [[-54.99802307870099, -10.23898420233693], [-54.997973436318674, -10.23902186702815]]}}, {"type": "Feature", "properties": {"layer": "quadras", "dxf_type": "LINE"}, "geometry": {"type": "LineString", "coordinates": [[-54.997973436318674, -10.23902186702815], [-54.99791920454378, -10.239061994676181]]}}, {"type": "Feature", "properties": {"layer": "quadras", "dxf_type": "LINE"}, "geometry": {"type": "LineString", "coordinates": [[-54.99791920454378, -10.239061994676181], [-54.997861659996104, -10.2391099832322]]}}, {"type": "Feature", "properties": {"layer": "quadras", "dxf_type": "LINE"}, "geometry": {"type": "LineString", "coordinates": [[-54.997861659996104, -10.2391099832322], [-54.9977807941891, -10.239169730187424]]}}, {"type": "Feature", "properties": {"layer": "quadras", "dxf_type": "LINE"}, "geometry": {"type": "LineString", "coordinates": [[-54.9977807941891, -10.239169730187424], [-54.997737357089605, -10.239203227070982]]}}, {"type": "Feature", "properties": {"layer": "quadras", "dxf_type": "LINE"}, "geometry": {"type": "LineString", "coordinates": [[-54.997737357089605, -10.239203227070982], [-54.99767118015934, -10.239260101345879]]}}, {"type": "Feature", "properties": {"layer": "quadras", "dxf_type": "LINE"}, "geometry": {"type": "LineString", "coordinates": [[-54.99767118015934, -10.239260101345879], [-54.99760231989312, -10.239319347250051]]}}, {"type": "Feature", "properties": {"layer": "quadras", "dxf_type": "LINE"}, "geometry": {"type": "LineString", "coordinates": [[-54.99760231989312, -10.239319347250051], [-54.99754357385074, -10.23937220319437]]}}, {"type": "Feature", "properties": {"layer": "quadras", "dxf_type": "LINE"}, "geometry": {"type": "LineString", "coordinates": [[-54.99754357385074, -10.23937220319437], [-54.99749321219117, -10.239413655320519]]}}, {"type": "Feature", "properties": {"layer": "quadras", "dxf_type": "LINE"}, "geometry": {"type": "LineString", "coordinates": [[-54.99749321219117, -10.239413655320519], [-54.997421700701175, -10.239476256485887]]}}, {"type": "Feature", "properties": {"layer": "quadras", "dxf_type": "LINE"}, "geometry": {"type": "LineString", "coordinates": [[-54.997421700701175, -10.239476256485887], [-54.99734579837112, -10.239535853072987]]}}, {"type": "Feature", "properties": {"layer": "quadras", "dxf_type": "LINE"}, "geometry": {"type": "LineString", "coordinates": [[-54.99734579837112, -10.239535853072987], [-54.99725618981599, -10.239608085253696]]}}, {"type": "Feature", "properties": {"layer": "quadras", "dxf_type": "LINE"}, "geometry": {"type": "LineString", "coordinates": [[-54.99725618981599, -10.239608085253696], [-54.99718590524568, -10.239663921711593]]}}, {"type": "Feature", "properties": {"layer": "quadras", "dxf_type": "LINE"}, "geometry": {"type": "LineString", "coordinates": [[-54.99718590524568, -10.239663921711593], [-54.99710906393445, -10.239728580741943]]}}, {"type": "Feature", "properties": {"layer": "quadras", "dxf_type": "LINE"}, "geometry": {"type": "LineString", "coordinates": [[-54.99710906393445, -10.239728580741943], [-54.99703516878174, -10.239792024939376]]}}, {"type": "Feature", "properties": {"layer": "quadras", "dxf_type": "LINE"}, "geometry": {"type": "LineString", "coordinates": [[-54.99703516878174, -10.239792024939376], [-54.99696650654095, -10.239849636686793]]}}, {"type": "Feature", "properties": {"layer": "quadras", "dxf_type": "LINE"}, "geometry": {"type": "LineString", "coordinates": [[-54.99696650654095, -10.239849636686793], [-54.99690366597271, -10.239901686271898]]}}, {"type": "Feature", "properties": {"layer": "quadras", "dxf_type": "LINE"}, "geometry": {"type": "LineString", "coordinates": [[-54.99690366597271, -10.239901686271898], [-54.99676207475698, -10.24001563688544]]}}, {"type": "Feature", "properties": {"layer": "quadras", "dxf_type": "LINE"}, "geometry": {"type": "LineString", "coordinates": [[-54.99676207475698, -10.24001563688544], [-54.996690915264615, -10.24007169560253]]}}, {"type": "Feature", "properties": {"layer": "quadras", "dxf_type": "LINE"}, "geometry": {"type": "LineString", "coordinates": [[-54.996690915264615, -10.24007169560253], [-54.99662159188263, -10.240130663585504]]}}, {"type": "Feature", "properties": {"layer": "quadras", "dxf_type": "LINE"}, "geometry": {"type": "LineString", "coordinates": [[-54.99662159188263, -10.240130663585504], [-54.99655238544145, -10.240188298982861]]}}, {"type": "Feature", "properties": {"layer": "quadras", "dxf_type": "LINE"}, "geometry": {"type": "LineString", "coordinates": [[-54.99655238544145, -10.240188298982861], [-54.99647565308759, -10.240250535972667]]}}, {"type": "Feature", "properties": {"layer": "quadras", "dxf_type": "LINE"}, "geometry": {"type": "LineString", "coordinates": [[-54.99647565308759, -10.240250535972667], [-54.99647108805933, -10.240292574612289]]}}, {"type": "Feature", "properties": {"layer": "quadras", "dxf_type": "LINE"}, "geometry": {"type": "LineString", "coordinates": [[-54.99647108805933, -10.240292574612289], [-54.99656941956327, -10.240419334505242]]}}, {"type": "Feature", "properties": {"layer": "quadras", "dxf_type": "LINE"}, "geometry": {"type": "LineString", "coordinates": [[-54.99656941956327, -10.240419334505242], [-54.9966216141442, -10.240489927876311]]}}, {"type": "Feature", "properties": {"layer": "quadras", "dxf_type": "LINE"}, "geometry": {"type": "LineString", "coordinates": [[-54.9966216141442, -10.240489927876311], [-54.996680555926176, -10.240569189842692]]}}, {"type": "Feature", "properties": {"layer": "quadras", "dxf_type": "LINE"}, "geometry": {"type": "LineString", "coordinates": [[-54.996680555926176, -10.240569189842692], [-54.996745869579904, -10.240652074200582]]}}, {"type": "Feature", "properties": {"layer": "quadras", "dxf_type": "LINE"}, "geometry": {"type": "LineString", "coordinates": [[-54.996745869579904, -10.240652074200582], [-54.99691966366507, -10.240891000206412]]}}, {"type": "Feature", "properties": {"layer": "quadras", "dxf_type": "LINE"}, "geometry": {"type": "LineString", "coordinates": [[-54.99691966366507, -10.240891000206412], [-54.99691966366507, -10.240891000206412]]}}, {"type": "Feature", "properties": {"layer": "quadras", "dxf_type": "LINE"}, "geometry": {"type": "LineString", "coordinates": [[-54.99880174240658, -10.2386574026659], [-54.99886668366078, -10.238754467817598]]}}, {"type": "Feature", "properties": {"layer": "quadras", "dxf_type": "LINE"}, "geometry": {"type": "LineString", "coordinates": [[-54.99886668366078, -10.238754467817598], [-54.998892410549, -10.238792468866087]]}}, {"type": "Feature", "properties": {"layer": "quadras", "dxf_type": "LINE"}, "geometry": {"type": "LineString", "coordinates": [[-54.998892410549, -10.238792468866087], [-54.998916942055736, -10.238828705331485]]}}, {"type": "Feature", "properties": {"layer": "quadras", "dxf_type": "LINE"}, "geometry": {"type": "LineString", "coordinates": [[-54.998916942055736, -10.238828705331485], [-54.99894385168556, -10.238868451899936]]}}, {"type": "Feature", "properties": {"layer": "quadras", "dxf_type": "LINE"}, "geometry": {"type": "LineString", "coordinates": [[-54.99894385168556, -10.238868451899936], [-54.99897319638169, -10.238911796602071]]}}, {"type": "Feature", "properties": {"layer": "quadras", "dxf_type": "LINE"}, "geometry": {"type": "LineString", "coordinates": [[-54.99897319638169, -10.238911796602071], [-54.99901342429826, -10.238971216747762]]}}, {"type": "Feature", "properties": {"layer": "quadras", "dxf_type": "LINE"}, "geometry": {"type": "LineString", "coordinates": [[-54.99901342429826, -10.238971216747762], [-54.99904776122007, -10.23902193563604]]}}, {"type": "Feature", "properties": {"layer": "quadras", "dxf_type": "LINE"}, "geometry": {"type": "LineString", "coordinates": [[-54.99904776122007, -10.23902193563604], [-54.99911044643227, -10.239114526924393]]}}, {"type": "Feature", "properties": {"layer": "quadras", "dxf_type": "LINE"}, "geometry": {"type": "LineString", "coordinates": [[-54.99911044643227, -10.239114526924393], [-54.99915498520998, -10.239208927425711]]}}, {"type": "Feature", "properties": {"layer": "quadras", "dxf_type": "LINE"}, "geometry": {"type": "LineString", "coordinates": [[-54.99915498520998, -10.239208927425711], [-54.99918926505794, -10.239244593809016]]}}, {"type": "Feature", "properties": {"layer": "quadras", "dxf_type": "LINE"}, "geometry": {"type": "LineString", "coordinates": [[-54.99918926505794, -10.239244593809016], [-54.9992756372053, -10.239243087629395]]}}, {"type": "Feature", "properties": {"layer": "quadras", "dxf_type": "LINE"}, "geometry": {"type": "LineString", "coordinates": [[-54.9992756372053, -10.239243087629395], [-54.99926980353257, -10.23910616687156]]}}, {"type": "Feature", "properties": {"layer": "quadras", "dxf_type": "LINE"}, "geometry": {"type": "LineString", "coordinates": [[-54.99926980353257, -10.23910616687156], [-54.99926720371523, -10.239017198399376]]}}, {"type": "Feature", "properties": {"layer": "quadras", "dxf_type": "LINE"}, "geometry": {"type": "LineString", "coordinates": [[-54.99926720371523, -10.239017198399376], [-54.99927381015907, -10.23901702751498]]}}, {"type": "Feature", "properties": {"layer": "quadras", "dxf_type": "LINE"}, "geometry": {"type": "LineString", "coordinates": [[-54.99927381015907, -10.23901702751498], [-54.999265795635395, -10.2389273740092]]}}, {"type": "Feature", "properties": {"layer": "quadras", "dxf_type": "LINE"}, "geometry": {"type": "LineString", "coordinates": [[-54.999265795635395, -10.2389273740092], [-54.99924551699507, -10.238926766587017]]}}, {"type": "Feature", "properties": {"layer": "quadras", "dxf_type": "LINE"}, "geometry": {"type": "LineString", "coordinates": [[-54.99924551699507, -10.238926766587017], [-54.999245253062, -10.238832178322099]]}}, {"type": "Feature", "properties": {"layer": "quadras", "dxf_type": "LINE"}, "geometry": {"type": "LineString", "coordinates": [[-54.999245253062, -10.238832178322099], [-54.99924493299168, -10.238740429841696]]}}, {"type": "Feature", "properties": {"layer": "quadras", "dxf_type": "LINE"}, "geometry": {"type": "LineString", "coordinates": [[-54.99924493299168, -10.238740429841696], [-54.9992529068583, -10.238739910316976]]}}, {"type": "Feature", "properties": {"layer": "quadras", "dxf_type": "LINE"}, "geometry": {"type": "LineString", "coordinates": [[-54.9992529068583, -10.238739910316976], [-54.999251517928435, -10.23864775753502]]}}, {"type": "Feature", "properties": {"layer": "quadras", "dxf_type": "LINE"}, "geometry": {"type": "LineString", "coordinates": [[-54.999251517928435, -10.23864775753502], [-54.99924625421302, -10.238558209533071]]}}, {"type": "Feature", "properties": {"layer": "quadras", "dxf_type": "LINE"}, "geometry": {"type": "LineString", "coordinates": [[-54.99924625421302, -10.238558209533071], [-54.99924316863673, -10.238473500979705]]}}, {"type": "Feature", "properties": {"layer": "quadras", "dxf_type": "LINE"}, "geometry": {"type": "LineString", "coordinates": [[-54.99924316863673, -10.238473500979705], [-54.999240216374616, -10.2383847038924]]}}, {"type": "Feature", "properties": {"layer": "quadras", "dxf_type": "LINE"}, "geometry": {"type": "LineString", "coordinates": [[-54.999240216374616, -10.2383847038924], [-54.999233467030685, -10.2382388051485]]}}, {"type": "Feature", "properties": {"layer": "quadras", "dxf_type": "LINE"}, "geometry": {"type": "LineString", "coordinates": [[-54.999233467030685, -10.2382388051485], [-54.999230413865234, -10.238183135363931]]}}, {"type": "Feature", "properties": {"layer": "quadras", "dxf_type": "LINE"}, "geometry": {"type": "LineString", "coordinates": [[-54.999230413865234, -10.238183135363931], [-54.99912079843988, -10.238184318743379]]}}, {"type": "Feature", "properties": {"layer": "quadras", "dxf_type": "LINE"}, "geometry": {"type": "LineString", "coordinates": [[-54.99912079843988, -10.238184318743379], [-54.99901595188821, -10.238190215554233]]}}, {"type": "Feature", "properties": {"layer": "quadras", "dxf_type": "LINE"}, "geometry": {"type": "LineString", "coordinates": [[-54.99901595188821, -10.238190215554233], [-54.998923287406804, -10.238225537684121]]}}, {"type": "Feature", "properties": {"layer": "quadras", "dxf_type": "LINE"}, "geometry": {"type": "LineString", "coordinates": [[-54.998923287406804, -10.238225537684121], [-54.99884745768783, -10.238247153190203]]}}, {"type": "Feature", "properties": {"layer": "quadras", "dxf_type": "LINE"}, "geometry": {"type": "LineString", "coordinates": [[-54.99884745768783, -10.238247153190203], [-54.99885415795891, -10.238269275466108]]}}, {"type": "Feature", "properties": {"layer": "quadras", "dxf_type": "LINE"}, "geometry": {"type": "LineString", "coordinates": [[-54.99885415795891, -10.238269275466108], [-54.99879076191649, -10.238293720794637]]}}, {"type": "Feature", "properties": {"layer": "quadras", "dxf_type": "LINE"}, "geometry": {"type": "LineString", "coordinates": [[-54.99879076191649, -10.238293720794637], [-54.99875679677745, -10.238326064867984]]}}, {"type": "Feature", "properties": {"layer": "quadras", "dxf_type": "LINE"}, "geometry": {"type": "LineString", "coordinates": [[-54.99875679677745, -10.238326064867984], [-54.99870307270869, -10.238375346234951]]}}, {"type": "Feature", "properties": {"layer": "quadras", "dxf_type": "LINE"}, "geometry": {"type": "LineString", "coordinates": [[-54.99870307270869, -10.238375346234951], [-54.998622033611056, -10.238449682636734]]}}, {"type": "Feature", "properties": {"layer": "quadras", "dxf_type": "LINE"}, "geometry": {"type": "LineString", "coordinates": [[-54.998622033611056, -10.238449682636734], [-54.99880174240658, -10.2386574026659]]}}, {"type": "Feature", "properties": {"layer": "quadras", "dxf_type": "LINE"}, "geometry": {"type": "LineString", "coordinates": [[-54.99880174240658, -10.2386574026659], [-54.99880174240658, -10.2386574026659]]}}, {"type": "Feature", "properties": {"layer": "quadras", "dxf_type": "LINE"}, "geometry": {"type": "LineString", "coordinates": [[-54.999164677622495, -10.239924506364414], [-54.999164677622495, -10.239924506364414]]}}, {"type": "Feature", "properties": {"layer": "quadras", "dxf_type": "LINE"}, "geometry": {"type": "LineString", "coordinates": [[-54.999164677622495, -10.239924506364414], [-54.99917176034399, -10.239863806224774]]}}, {"type": "Feature", "properties": {"layer": "quadras", "dxf_type": "LINE"}, "geometry": {"type": "LineString", "coordinates": [[-54.99917176034399, -10.239863806224774], [-54.99917025752682, -10.239854890614744]]}}, {"type": "Feature", "properties": {"layer": "quadras", "dxf_type": "LINE"}, "geometry": {"type": "LineString", "coordinates": [[-54.99917025752682, -10.239854890614744], [-54.999156641631814, -10.239774681205114]]}}, {"type": "Feature", "properties": {"layer": "quadras", "dxf_type": "LINE"}, "geometry": {"type": "LineString", "coordinates": [[-54.999156641631814, -10.239774681205114], [-54.99915664071925, -10.239774681199501]]}}, {"type": "Feature", "properties": {"layer": "quadras", "dxf_type": "LINE"}, "geometry": {"type": "LineString", "coordinates": [[-54.99915664071925, -10.239774681199501], [-54.99914306773499, -10.239694760406]]}}, {"type": "Feature", "properties": {"layer": "quadras", "dxf_type": "LINE"}, "geometry": {"type": "LineString", "coordinates": [[-54.99914306773499, -10.239694760406], [-54.99914306773499, -10.239694760406]]}}, {"type": "Feature", "properties": {"layer": "quadras", "dxf_type": "LINE"}, "geometry": {"type": "LineString", "coordinates": [[-54.99914306773499, -10.239694760406], [-54.99913056111008, -10.239624084278104]]}}, {"type": "Feature", "properties": {"layer": "quadras", "dxf_type": "LINE"}, "geometry": {"type": "LineString", "coordinates": [[-54.99913056111008, -10.239624084278104], [-54.99911793725984, -10.239552746660753]]}}, {"type": "Feature", "properties": {"layer": "quadras", "dxf_type": "LINE"}, "geometry": {"type": "LineString", "coordinates": [[-54.99911793725984, -10.239552746660753], [-54.999116564969654, -10.239544991588595]]}}, {"type": "Feature", "properties": {"layer": "quadras", "dxf_type": "LINE"}, "geometry": {"type": "LineString", "coordinates": [[-54.999116564969654, -10.239544991588595], [-54.99909130245566, -10.239513550466222]]}}, {"type": "Feature", "properties": {"layer": "quadras", "dxf_type": "LINE"}, "geometry": {"type": "LineString", "coordinates": [[-54.99909130245566, -10.239513550466222], [-54.99903038011818, -10.239500460196394]]}}, {"type": "Feature", "properties": {"layer": "quadras", "dxf_type": "LINE"}, "geometry": {"type": "LineString", "coordinates": [[-54.99903038011818, -10.239500460196394], [-54.99887646284009, -10.239564265916187]]}}, {"type": "Feature", "properties": {"layer": "quadras", "dxf_type": "LINE"}, "geometry": {"type": "LineString", "coordinates": [[-54.99887646284009, -10.239564265916187], [-54.99879868706463, -10.239606119084655]]}}, {"type": "Feature", "properties": {"layer": "quadras", "dxf_type": "LINE"}, "geometry": {"type": "LineString", "coordinates": [[-54.99879868706463, -10.239606119084655], [-54.998698647574734, -10.239659024923233]]}}, {"type": "Feature", "properties": {"layer": "quadras", "dxf_type": "LINE"}, "geometry": {"type": "LineString", "coordinates": [[-54.998698647574734, -10.239659024923233], [-54.99860352550359, -10.239707943040168]]}}, {"type": "Feature", "properties": {"layer": "quadras", "dxf_type": "LINE"}, "geometry": {"type": "LineString", "coordinates": [[-54.99860352550359, -10.239707943040168], [-54.99852038356256, -10.239760131117164]]}}, {"type": "Feature", "properties": {"layer": "quadras", "dxf_type": "LINE"}, "geometry": {"type": "LineString", "coordinates": [[-54.99852038356256, -10.239760131117164], [-54.99844378522935, -10.239808342397186]]}}, {"type": "Feature", "properties": {"layer": "quadras", "dxf_type": "LINE"}, "geometry": {"type": "LineString", "coordinates": [[-54.99844378522935, -10.239808342397186], [-54.99837068754835, -10.23986179987713]]}}, {"type": "Feature", "properties": {"layer": "quadras", "dxf_type": "LINE"}, "geometry": {"type": "LineString", "coordinates": [[-54.99837068754835, -10.23986179987713], [-54.99829605542509, -10.239914293349239]]}}, {"type": "Feature", "properties": {"layer": "quadras", "dxf_type": "LINE"}, "geometry": {"type": "LineString", "coordinates": [[-54.99829605542509, -10.239914293349239], [-54.99820926068613, -10.239981106027047]]}}, {"type": "Feature", "properties": {"layer": "quadras", "dxf_type": "LINE"}, "geometry": {"type": "LineString", "coordinates": [[-54.99820926068613, -10.239981106027047], [-54.99815112631159, -10.240026496718489]]}}, {"type": "Feature", "properties": {"layer": "quadras", "dxf_type": "LINE"}, "geometry": {"type": "LineString", "coordinates": [[-54.99815112631159, -10.240026496718489], [-54.99809396646215, -10.24007103285911]]}}, {"type": "Feature", "properties": {"layer": "quadras", "dxf_type": "LINE"}, "geometry": {"type": "LineString", "coordinates": [[-54.99809396646215, -10.24007103285911], [-54.998028366276316, -10.240120320485827]]}}, {"type": "Feature", "properties": {"layer": "quadras", "dxf_type": "LINE"}, "geometry": {"type": "LineString", "coordinates": [[-54.998028366276316, -10.240120320485827], [-54.99795559274077, -10.240173438157553]]}}, {"type": "Feature", "properties": {"layer": "quadras", "dxf_type": "LINE"}, "geometry": {"type": "LineString", "coordinates": [[-54.99795559274077, -10.240173438157553], [-54.99785849065491, -10.240245246528719]]}}, {"type": "Feature", "properties": {"layer": "quadras", "dxf_type": "LINE"}, "geometry": {"type": "LineString", "coordinates": [[-54.99785849065491, -10.240245246528719], [-54.99777639218818, -10.240310862244957]]}}, {"type": "Feature", "properties": {"layer": "quadras", "dxf_type": "LINE"}, "geometry": {"type": "LineString", "coordinates": [[-54.99777639218818, -10.240310862244957], [-54.99770723407007, -10.240369832407605]]}}, {"type": "Feature", "properties": {"layer": "quadras", "dxf_type": "LINE"}, "geometry": {"type": "LineString", "coordinates": [[-54.99770723407007, -10.240369832407605], [-54.99766958599682, -10.240400033929316]]}}, {"type": "Feature", "properties": {"layer": "quadras", "dxf_type": "LINE"}, "geometry": {"type": "LineString", "coordinates": [[-54.99766958599682, -10.240400033929316], [-54.99760279823193, -10.240458508842302]]}}, {"type": "Feature", "properties": {"layer": "quadras", "dxf_type": "LINE"}, "geometry": {"type": "LineString", "coordinates": [[-54.99760279823193, -10.240458508842302], [-54.99753805434499, -10.240515580776698]]}}, {"type": "Feature", "properties": {"layer": "quadras", "dxf_type": "LINE"}, "geometry": {"type": "LineString", "coordinates": [[-54.99753805434499, -10.240515580776698], [-54.99746759400865, -10.24057656312242]]}}, {"type": "Feature", "properties": {"layer": "quadras", "dxf_type": "LINE"}, "geometry": {"type": "LineString", "coordinates": [[-54.99746759400865, -10.24057656312242], [-54.99739398135134, -10.240636700755841]]}}, {"type": "Feature", "properties": {"layer": "quadras", "dxf_type": "LINE"}, "geometry": {"type": "LineString", "coordinates": [[-54.99739398135134, -10.240636700755841], [-54.99732688093459, -10.240698881560938]]}}, {"type": "Feature", "properties": {"layer": "quadras", "dxf_type": "LINE"}, "geometry": {"type": "LineString", "coordinates": [[-54.99732688093459, -10.240698881560938], [-54.99726898585958, -10.240743328919335]]}}, {"type": "Feature", "properties": {"layer": "quadras", "dxf_type": "LINE"}, "geometry": {"type": "LineString", "coordinates": [[-54.99726898585958, -10.240743328919335], [-54.99723068987606, -10.240781653557505]]}}, {"type": "Feature", "properties": {"layer": "quadras", "dxf_type": "LINE"}, "geometry": {"type": "LineString", "coordinates": [[-54.99723068987606, -10.240781653557505], [-54.997185038627, -10.240808444031627]]}}, {"type": "Feature", "properties": {"layer": "quadras", "dxf_type": "LINE"}, "geometry": {"type": "LineString", "coordinates": [[-54.997185038627, -10.240808444031627], [-54.997166242941546, -10.24082323669007]]}}, {"type": "Feature", "properties": {"layer": "quadras", "dxf_type": "LINE"}, "geometry": {"type": "LineString", "coordinates": [[-54.997166242941546, -10.24082323669007], [-54.99714840565098, -10.240837275953671]]}}, {"type": "Feature", "properties": {"layer": "quadras", "dxf_type": "LINE"}, "geometry": {"type": "LineString", "coordinates": [[-54.99714840565098, -10.240837275953671], [-54.99713107461976, -10.240850916087881]]}}, {"type": "Feature", "properties": {"layer": "quadras", "dxf_type": "LINE"}, "geometry": {"type": "LineString", "coordinates": [[-54.99713107461976, -10.240850916087881], [-54.997073222330116, -10.240896535148757]]}}, {"type": "Feature", "properties": {"layer": "quadras", "dxf_type": "LINE"}, "geometry": {"type": "LineString", "coordinates": [[-54.997073222330116, -10.240896535148757], [-54.99701164138885, -10.240948220058293]]}}, {"type": "Feature", "properties": {"layer": "quadras", "dxf_type": "LINE"}, "geometry": {"type": "LineString", "coordinates": [[-54.99701164138885, -10.240948220058293], [-54.99697436741003, -10.240978703089969]]}}, {"type": "Feature", "properties": {"layer": "quadras", "dxf_type": "LINE"}, "geometry": {"type": "LineString", "coordinates": [[-54.99697436741003, -10.240978703089969], [-54.997020875389126, -10.241047899192784]]}}, {"type": "Feature", "properties": {"layer": "quadras", "dxf_type": "LINE"}, "geometry": {"type": "LineString", "coordinates": [[-54.997020875389126, -10.241047899192784], [-54.99703959880215, -10.241075733305816]]}}, {"type": "Feature", "properties": {"layer": "quadras", "dxf_type": "LINE"}, "geometry": {"type": "LineString", "coordinates": [[-54.99703959880215, -10.241075733305816], [-54.99709993399442, -10.241165224472633]]}}, {"type": "Feature", "properties": {"layer": "quadras", "dxf_type": "LINE"}, "geometry": {"type": "LineString", "coordinates": [[-54.99709993399442, -10.241165224472633], [-54.99715454457838, -10.241239287472517]]}}, {"type": "Feature", "properties": {"layer": "quadras", "dxf_type": "LINE"}, "geometry": {"type": "LineString", "coordinates": [[-54.99715454457838, -10.241239287472517], [-54.997208457002785, -10.241313648078412]]}}, {"type": "Feature", "properties": {"layer": "quadras", "dxf_type": "LINE"}, "geometry": {"type": "LineString", "coordinates": [[-54.997208457002785, -10.241313648078412], [-54.997277223520996, -10.24140856497442]]}}, {"type": "Feature", "properties": {"layer": "quadras", "dxf_type": "LINE"}, "geometry": {"type": "LineString", "coordinates": [[-54.997277223520996, -10.24140856497442], [-54.99749386673223, -10.241244747718364]]}}, {"type": "Feature", "properties": {"layer": "quadras", "dxf_type": "LINE"}, "geometry": {"type": "LineString", "coordinates": [[-54.99749386673223, -10.241244747718364], [-54.99763632083695, -10.241132388543557]]}}, {"type": "Feature", "properties": {"layer": "quadras", "dxf_type": "LINE"}, "geometry": {"type": "LineString", "coordinates": [[-54.99763632083695, -10.241132388543557], [-54.99777579807978, -10.241018261868527]]}}, {"type": "Feature", "properties": {"layer": "quadras", "dxf_type": "LINE"}, "geometry": {"type": "LineString", "coordinates": [[-54.99777579807978, -10.241018261868527], [-54.99784413551028, -10.240962702591426]]}}, {"type": "Feature", "properties": {"layer": "quadras", "dxf_type": "LINE"}, "geometry": {"type": "LineString", "coordinates": [[-54.99784413551028, -10.240962702591426], [-54.99790802381641, -10.240910806626749]]}}, {"type": "Feature", "properties": {"layer": "quadras", "dxf_type": "LINE"}, "geometry": {"type": "LineString", "coordinates": [[-54.99790802381641, -10.240910806626749], [-54.99798411960561, -10.240850095702537]]}}, {"type": "Feature", "properties": {"layer": "quadras", "dxf_type": "LINE"}, "geometry": {"type": "LineString", "coordinates": [[-54.99798411960561, -10.240850095702537], [-54.99805735242072, -10.240798276203423]]}}, {"type": "Feature", "properties": {"layer": "quadras", "dxf_type": "LINE"}, "geometry": {"type": "LineString", "coordinates": [[-54.99805735242072, -10.240798276203423], [-54.998130265022354, -10.240744544721606]]}}, {"type": "Feature", "properties": {"layer": "quadras", "dxf_type": "LINE"}, "geometry": {"type": "LineString", "coordinates": [[-54.998130265022354, -10.240744544721606], [-54.99820454023513, -10.240689339170615]]}}, {"type": "Feature", "properties": {"layer": "quadras", "dxf_type": "LINE"}, "geometry": {"type": "LineString", "coordinates": [[-54.99820454023513, -10.240689339170615], [-54.99827627242348, -10.240637849343571]]}}, {"type": "Feature", "properties": {"layer": "quadras", "dxf_type": "LINE"}, "geometry": {"type": "LineString", "coordinates": [[-54.99827627242348, -10.240637849343571], [-54.998341605455984, -10.240601195082952]]}}, {"type": "Feature", "properties": {"layer": "quadras", "dxf_type": "LINE"}, "geometry": {"type": "LineString", "coordinates": [[-54.998341605455984, -10.240601195082952], [-54.99839670505622, -10.240553261941134]]}}, {"type": "Feature", "properties": {"layer": "quadras", "dxf_type": "LINE"}, "geometry": {"type": "LineString", "coordinates": [[-54.99839670505622, -10.240553261941134], [-54.99849851817209, -10.240474297105418]]}}, {"type": "Feature", "properties": {"layer": "quadras", "dxf_type": "LINE"}, "geometry": {"type": "LineString", "coordinates": [[-54.99849851817209, -10.240474297105418], [-54.998576027484646, -10.240419824543409]]}}, {"type": "Feature", "properties": {"layer": "quadras", "dxf_type": "LINE"}, "geometry": {"type": "LineString", "coordinates": [[-54.998576027484646, -10.240419824543409], [-54.9986765599959, -10.240341901210785]]}}, {"type": "Feature", "properties": {"layer": "quadras", "dxf_type": "LINE"}, "geometry": {"type": "LineString", "coordinates": [[-54.9986765599959, -10.240341901210785], [-54.998776944213745, -10.240267971365466]]}}, {"type": "Feature", "properties": {"layer": "quadras", "dxf_type": "LINE"}, "geometry": {"type": "LineString", "coordinates": [[-54.998776944213745, -10.240267971365466], [-54.99886076955834, -10.240202726646709]]}}, {"type": "Feature", "properties": {"layer": "quadras", "dxf_type": "LINE"}, "geometry": {"type": "LineString", "coordinates": [[-54.99886076955834, -10.240202726646709], [-54.99890394342884, -10.240175125199181]]}}, {"type": "Feature", "properties": {"layer": "quadras", "dxf_type": "LINE"}, "geometry": {"type": "LineString", "coordinates": [[-54.99890394342884, -10.240175125199181], [-54.998962054831125, -10.240134699472456]]}}, {"type": "Feature", "properties": {"layer": "quadras", "dxf_type": "LINE"}, "geometry": {"type": "LineString", "coordinates": [[-54.998962054831125, -10.240134699472456], [-54.99909131808202, -10.240049279319699]]}}, {"type": "Feature", "properties": {"layer": "quadras", "dxf_type": "LINE"}, "geometry": {"type": "LineString", "coordinates": [[-54.99909131808202, -10.240049279319699], [-54.999139104531885, -10.23999455232523]]}}, {"type": "Feature", "properties": {"layer": "quadras", "dxf_type": "LINE"}, "geometry": {"type": "LineString", "coordinates": [[-54.999139104531885, -10.23999455232523], [-54.99916204283891, -10.239947083742745]]}}, {"type": "Feature", "properties": {"layer": "quadras", "dxf_type": "LINE"}, "geometry": {"type": "LineString", "coordinates": [[-54.99916204283891, -10.239947083742745], [-54.999164677622495, -10.239924506364414]]}}, {"type": "Feature", "properties": {"layer": "quadras", "dxf_type": "LINE"}, "geometry": {"type": "LineString", "coordinates": [[-54.99894097075404, -10.241135347498457], [-54.9988667457917, -10.241192431884286]]}}, {"type": "Feature", "properties": {"layer": "quadras", "dxf_type": "LINE"}, "geometry": {"type": "LineString", "coordinates": [[-54.9988667457917, -10.241192431884286], [-54.998798745568614, -10.241244148182004]]}}, {"type": "Feature", "properties": {"layer": "quadras", "dxf_type": "LINE"}, "geometry": {"type": "LineString", "coordinates": [[-54.998798745568614, -10.241244148182004], [-54.9987482105738, -10.241283373947002]]}}, {"type": "Feature", "properties": {"layer": "quadras", "dxf_type": "LINE"}, "geometry": {"type": "LineString", "coordinates": [[-54.9987482105738, -10.241283373947002], [-54.998677394817726, -10.241337727710864]]}}, {"type": "Feature", "properties": {"layer": "quadras", "dxf_type": "LINE"}, "geometry": {"type": "LineString", "coordinates": [[-54.998677394817726, -10.241337727710864], [-54.998609100568984, -10.241392952988065]]}}, {"type": "Feature", "properties": {"layer": "quadras", "dxf_type": "LINE"}, "geometry": {"type": "LineString", "coordinates": [[-54.998609100568984, -10.241392952988065], [-54.99852401199313, -10.241459473368305]]}}, {"type": "Feature", "properties": {"layer": "quadras", "dxf_type": "LINE"}, "geometry": {"type": "LineString", "coordinates": [[-54.99852401199313, -10.241459473368305], [-54.998445837901784, -10.241520509685616]]}}, {"type": "Feature", "properties": {"layer": "quadras", "dxf_type": "LINE"}, "geometry": {"type": "LineString", "coordinates": [[-54.998445837901784, -10.241520509685616], [-54.99838140711741, -10.241571874517748]]}}, {"type": "Feature", "properties": {"layer": "quadras", "dxf_type": "LINE"}, "geometry": {"type": "LineString", "coordinates": [[-54.99838140711741, -10.241571874517748], [-54.99831619871608, -10.241624557891168]]}}, {"type": "Feature", "properties": {"layer": "quadras", "dxf_type": "LINE"}, "geometry": {"type": "LineString", "coordinates": [[-54.99831619871608, -10.241624557891168], [-54.99817134250641, -10.241738672461116]]}}, {"type": "Feature", "properties": {"layer": "quadras", "dxf_type": "LINE"}, "geometry": {"type": "LineString", "coordinates": [[-54.99817134250641, -10.241738672461116], [-54.99810731432771, -10.241797999651483]]}}, {"type": "Feature", "properties": {"layer": "quadras", "dxf_type": "LINE"}, "geometry": {"type": "LineString", "coordinates": [[-54.99810731432771, -10.241797999651483], [-54.998027670345245, -10.241859251865638]]}}, {"type": "Feature", "properties": {"layer": "quadras", "dxf_type": "LINE"}, "geometry": {"type": "LineString", "coordinates": [[-54.998027670345245, -10.241859251865638], [-54.997951655274264, -10.241916509359307]]}}, {"type": "Feature", "properties": {"layer": "quadras", "dxf_type": "LINE"}, "geometry": {"type": "LineString", "coordinates": [[-54.997951655274264, -10.241916509359307], [-54.997904470768816, -10.241954779342398]]}}, {"type": "Feature", "properties": {"layer": "quadras", "dxf_type": "LINE"}, "geometry": {"type": "LineString", "coordinates": [[-54.997904470768816, -10.241954779342398], [-54.99776689923028, -10.242053828540376]]}}, {"type": "Feature", "properties": {"layer": "quadras", "dxf_type": "LINE"}, "geometry": {"type": "LineString", "coordinates": [[-54.99776689923028, -10.242053828540376], [-54.99782888020972, -10.24213982978007]]}}, {"type": "Feature", "properties": {"layer": "quadras", "dxf_type": "LINE"}, "geometry": {"type": "LineString", "coordinates": [[-54.99782888020972, -10.24213982978007], [-54.997883529190595, -10.242215822828097]]}}, {"type": "Feature", "properties": {"layer": "quadras", "dxf_type": "LINE"}, "geometry": {"type": "LineString", "coordinates": [[-54.997883529190595, -10.242215822828097], [-54.998080962869594, -10.242084229348853]]}}, {"type": "Feature", "properties": {"layer": "quadras", "dxf_type": "LINE"}, "geometry": {"type": "LineString", "coordinates": [[-54.998080962869594, -10.242084229348853], [-54.99815599811175, -10.242030417881113]]}}, {"type": "Feature", "properties": {"layer": "quadras", "dxf_type": "LINE"}, "geometry": {"type": "LineString", "coordinates": [[-54.99815599811175, -10.242030417881113], [-54.998242765860034, -10.241964228870465]]}}, {"type": "Feature", "properties": {"layer": "quadras", "dxf_type": "LINE"}, "geometry": {"type": "LineString", "coordinates": [[-54.998242765860034, -10.241964228870465], [-54.99831892067651, -10.241910148549312]]}}, {"type": "Feature", "properties": {"layer": "quadras", "dxf_type": "LINE"}, "geometry": {"type": "LineString", "coordinates": [[-54.99831892067651, -10.241910148549312], [-54.998455436708625, -10.241815371752516]]}}, {"type": "Feature", "properties": {"layer": "quadras", "dxf_type": "LINE"}, "geometry": {"type": "LineString", "coordinates": [[-54.998455436708625, -10.241815371752516], [-54.99853084483215, -10.241757963948414]]}}, {"type": "Feature", "properties": {"layer": "quadras", "dxf_type": "LINE"}, "geometry": {"type": "LineString", "coordinates": [[-54.99853084483215, -10.241757963948414], [-54.998604100734326, -10.241701473014007]]}}, {"type": "Feature", "properties": {"layer": "quadras", "dxf_type": "LINE"}, "geometry": {"type": "LineString", "coordinates": [[-54.998604100734326, -10.241701473014007], [-54.99866428282864, -10.24164786376051]]}}, {"type": "Feature", "properties": {"layer": "quadras", "dxf_type": "LINE"}, "geometry": {"type": "LineString", "coordinates": [[-54.99866428282864, -10.24164786376051], [-54.99875629229711, -10.24157673976812]]}}, {"type": "Feature", "properties": {"layer": "quadras", "dxf_type": "LINE"}, "geometry": {"type": "LineString", "coordinates": [[-54.99875629229711, -10.24157673976812], [-54.998791574742434, -10.241549486634572]]}}, {"type": "Feature", "properties": {"layer": "quadras", "dxf_type": "LINE"}, "geometry": {"type": "LineString", "coordinates": [[-54.998791574742434, -10.241549486634572], [-54.99883503366097, -10.24152288672674]]}}, {"type": "Feature", "properties": {"layer": "quadras", "dxf_type": "LINE"}, "geometry": {"type": "LineString", "coordinates": [[-54.99883503366097, -10.24152288672674], [-54.99886019008805, -10.241507817635966]]}}, {"type": "Feature", "properties": {"layer": "quadras", "dxf_type": "LINE"}, "geometry": {"type": "LineString", "coordinates": [[-54.99886019008805, -10.241507817635966], [-54.998904334394034, -10.241484122626307]]}}, {"type": "Feature", "properties": {"layer": "quadras", "dxf_type": "LINE"}, "geometry": {"type": "LineString", "coordinates": [[-54.998904334394034, -10.241484122626307], [-54.99896134852803, -10.241453394723257]]}}, {"type": "Feature", "properties": {"layer": "quadras", "dxf_type": "LINE"}, "geometry": {"type": "LineString", "coordinates": [[-54.99896134852803, -10.241453394723257], [-54.9990398003186, -10.241422277144899]]}}, {"type": "Feature", "properties": {"layer": "quadras", "dxf_type": "LINE"}, "geometry": {"type": "LineString", "coordinates": [[-54.9990398003186, -10.241422277144899], [-54.99908666762247, -10.241417820805987]]}}, {"type": "Feature", "properties": {"layer": "quadras", "dxf_type": "LINE"}, "geometry": {"type": "LineString", "coordinates": [[-54.99908666762247, -10.241417820805987], [-54.99929303726675, -10.241404295016567]]}}, {"type": "Feature", "properties": {"layer": "quadras", "dxf_type": "LINE"}, "geometry": {"type": "LineString", "coordinates": [[-54.99929303726675, -10.241404295016567], [-54.99931868780269, -10.24138290145449]]}}, {"type": "Feature", "properties": {"layer": "quadras", "dxf_type": "LINE"}, "geometry": {"type": "LineString", "coordinates": [[-54.99931868780269, -10.24138290145449], [-54.99931358360218, -10.241232852978746]]}}, {"type": "Feature", "properties": {"layer": "quadras", "dxf_type": "LINE"}, "geometry": {"type": "LineString", "coordinates": [[-54.99931358360218, -10.241232852978746], [-54.99932749625521, -10.241232121418568]]}}, {"type": "Feature", "properties": {"layer": "quadras", "dxf_type": "LINE"}, "geometry": {"type": "LineString", "coordinates": [[-54.99932749625521, -10.241232121418568], [-54.9993232189435, -10.241132125602613]]}}, {"type": "Feature", "properties": {"layer": "quadras", "dxf_type": "LINE"}, "geometry": {"type": "LineString", "coordinates": [[-54.9993232189435, -10.241132125602613], [-54.999316902279105, -10.24103164268092]]}}, {"type": "Feature", "properties": {"layer": "quadras", "dxf_type": "LINE"}, "geometry": {"type": "LineString", "coordinates": [[-54.999316902279105, -10.24103164268092], [-54.99904996426665, -10.241059303871765]]}}, {"type": "Feature", "properties": {"layer": "quadras", "dxf_type": "LINE"}, "geometry": {"type": "LineString", "coordinates": [[-54.99904996426665, -10.241059303871765], [-54.999041613933144, -10.241060908485236]]}}, {"type": "Feature", "properties": {"layer": "quadras", "dxf_type": "LINE"}, "geometry": {"type": "LineString", "coordinates": [[-54.999041613933144, -10.241060908485236], [-54.99903729265538, -10.241064272517791]]}}, {"type": "Feature", "properties": {"layer": "quadras", "dxf_type": "LINE"}, "geometry": {"type": "LineString", "coordinates": [[-54.99903729265538, -10.241064272517791], [-54.99903272104875, -10.241072191691547]]}}, {"type": "Feature", "properties": {"layer": "quadras", "dxf_type": "LINE"}, "geometry": {"type": "LineString", "coordinates": [[-54.99903272104875, -10.241072191691547], [-54.99894097075404, -10.241135347498457]]}}, {"type": "Feature", "properties": {"layer": "quadras", "dxf_type": "LINE"}, "geometry": {"type": "LineString", "coordinates": [[-54.99894097075404, -10.241135347498457], [-54.99894097075404, -10.241135347498457]]}}, {"type": "Feature", "properties": {"layer": "quadras", "dxf_type": "LINE"}, "geometry": {"type": "LineString", "coordinates": [[-54.99869518137138, -10.241733472910438], [-54.99869468277039, -10.241732650886998]]}}, {"type": "Feature", "properties": {"layer": "quadras", "dxf_type": "LINE"}, "geometry": {"type": "LineString", "coordinates": [[-54.99869468277039, -10.241732650886998], [-54.99857576972201, -10.241812786815398]]}}, {"type": "Feature", "properties": {"layer": "quadras", "dxf_type": "LINE"}, "geometry": {"type": "LineString", "coordinates": [[-54.99857576972201, -10.241812786815398], [-54.99857631231883, -10.241813578376345]]}}, {"type": "Feature", "properties": {"layer": "quadras", "dxf_type": "LINE"}, "geometry": {"type": "LineString", "coordinates": [[-54.99857631231883, -10.241813578376345], [-54.9984649611407, -10.241891809220318]]}}, {"type": "Feature", "properties": {"layer": "quadras", "dxf_type": "LINE"}, "geometry": {"type": "LineString", "coordinates": [[-54.9984649611407, -10.241891809220318], [-54.99835106722192, -10.241979086199944]]}}, {"type": "Feature", "properties": {"layer": "quadras", "dxf_type": "LINE"}, "geometry": {"type": "LineString", "coordinates": [[-54.99835106722192, -10.241979086199944], [-54.99826102668583, -10.242047925287775]]}}, {"type": "Feature", "properties": {"layer": "quadras", "dxf_type": "LINE"}, "geometry": {"type": "LineString", "coordinates": [[-54.99826102668583, -10.242047925287775], [-54.99817152289992, -10.242117318136824]]}}, {"type": "Feature", "properties": {"layer": "quadras", "dxf_type": "LINE"}, "geometry": {"type": "LineString", "coordinates": [[-54.99817152289992, -10.242117318136824], [-54.997936483569255, -10.242294566020657]]}}, {"type": "Feature", "properties": {"layer": "quadras", "dxf_type": "LINE"}, "geometry": {"type": "LineString", "coordinates": [[-54.997936483569255, -10.242294566020657], [-54.997994718095825, -10.242382359257194]]}}, {"type": "Feature", "properties": {"layer": "quadras", "dxf_type": "LINE"}, "geometry": {"type": "LineString", "coordinates": [[-54.997994718095825, -10.242382359257194], [-54.99799460347435, -10.242382446232112]]}}, {"type": "Feature", "properties": {"layer": "quadras", "dxf_type": "LINE"}, "geometry": {"type": "LineString", "coordinates": [[-54.99799460347435, -10.242382446232112], [-54.99803687508308, -10.242444442643773]]}}, {"type": "Feature", "properties": {"layer": "quadras", "dxf_type": "LINE"}, "geometry": {"type": "LineString", "coordinates": [[-54.99803687508308, -10.242444442643773], [-54.998036995140275, -10.242444362029781]]}}, {"type": "Feature", "properties": {"layer": "quadras", "dxf_type": "LINE"}, "geometry": {"type": "LineString", "coordinates": [[-54.998036995140275, -10.242444362029781], [-54.99810620852324, -10.242540710688624]]}}, {"type": "Feature", "properties": {"layer": "quadras", "dxf_type": "LINE"}, "geometry": {"type": "LineString", "coordinates": [[-54.99810620852324, -10.242540710688624], [-54.998410531667595, -10.242303018940696]]}}, {"type": "Feature", "properties": {"layer": "quadras", "dxf_type": "LINE"}, "geometry": {"type": "LineString", "coordinates": [[-54.998410531667595, -10.242303018940696], [-54.99852606371099, -10.242218670812163]]}}, {"type": "Feature", "properties": {"layer": "quadras", "dxf_type": "LINE"}, "geometry": {"type": "LineString", "coordinates": [[-54.99852606371099, -10.242218670812163], [-54.998632717605105, -10.24213960294992]]}}, {"type": "Feature", "properties": {"layer": "quadras", "dxf_type": "LINE"}, "geometry": {"type": "LineString", "coordinates": [[-54.998632717605105, -10.24213960294992], [-54.99863175137862, -10.24213811276042]]}}, {"type": "Feature", "properties": {"layer": "quadras", "dxf_type": "LINE"}, "geometry": {"type": "LineString", "coordinates": [[-54.99863175137862, -10.24213811276042], [-54.99871728963242, -10.24207267895557]]}}, {"type": "Feature", "properties": {"layer": "quadras", "dxf_type": "LINE"}, "geometry": {"type": "LineString", "coordinates": [[-54.99871728963242, -10.24207267895557], [-54.9987100245836, -10.24205751702242]]}}, {"type": "Feature", "properties": {"layer": "quadras", "dxf_type": "LINE"}, "geometry": {"type": "LineString", "coordinates": [[-54.9987100245836, -10.24205751702242], [-54.99878584947766, -10.242018492116072]]}}, {"type": "Feature", "properties": {"layer": "quadras", "dxf_type": "LINE"}, "geometry": {"type": "LineString", "coordinates": [[-54.99878584947766, -10.242018492116072], [-54.9988485685905, -10.241974932907041]]}}, {"type": "Feature", "properties": {"layer": "quadras", "dxf_type": "LINE"}, "geometry": {"type": "LineString", "coordinates": [[-54.9988485685905, -10.241974932907041], [-54.998995666063635, -10.241900983204747]]}}, {"type": "Feature", "properties": {"layer": "quadras", "dxf_type": "LINE"}, "geometry": {"type": "LineString", "coordinates": [[-54.998995666063635, -10.241900983204747], [-54.99909951511464, -10.241851778003701]]}}, {"type": "Feature", "properties": {"layer": "quadras", "dxf_type": "LINE"}, "geometry": {"type": "LineString", "coordinates": [[-54.99909951511464, -10.241851778003701], [-54.99920766714299, -10.241841997675872]]}}, {"type": "Feature", "properties": {"layer": "quadras", "dxf_type": "LINE"}, "geometry": {"type": "LineString", "coordinates": [[-54.99920766714299, -10.241841997675872], [-54.999316723164966, -10.241832135191604]]}}, {"type": "Feature", "properties": {"layer": "quadras", "dxf_type": "LINE"}, "geometry": {"type": "LineString", "coordinates": [[-54.999316723164966, -10.241832135191604], [-54.99930845969294, -10.241727181236296]]}}, {"type": "Feature", "properties": {"layer": "quadras", "dxf_type": "LINE"}, "geometry": {"type": "LineString", "coordinates": [[-54.99930845969294, -10.241727181236296], [-54.99929195123962, -10.241509230322286]]}}, {"type": "Feature", "properties": {"layer": "quadras", "dxf_type": "LINE"}, "geometry": {"type": "LineString", "coordinates": [[-54.99929195123962, -10.241509230322286], [-54.999206896415146, -10.241520755458344]]}}, {"type": "Feature", "properties": {"layer": "quadras", "dxf_type": "LINE"}, "geometry": {"type": "LineString", "coordinates": [[-54.999206896415146, -10.241520755458344], [-54.99908678190759, -10.241539005192099]]}}, {"type": "Feature", "properties": {"layer": "quadras", "dxf_type": "LINE"}, "geometry": {"type": "LineString", "coordinates": [[-54.99908678190759, -10.241539005192099], [-54.998977280653214, -10.241558615505632]]}}, {"type": "Feature", "properties": {"layer": "quadras", "dxf_type": "LINE"}, "geometry": {"type": "LineString", "coordinates": [[-54.998977280653214, -10.241558615505632], [-54.998868624663935, -10.241612823248438]]}}, {"type": "Feature", "properties": {"layer": "quadras", "dxf_type": "LINE"}, "geometry": {"type": "LineString", "coordinates": [[-54.998868624663935, -10.241612823248438], [-54.99869518137138, -10.241733472910438]]}}, {"type": "Feature", "properties": {"layer": "quadras", "dxf_type": "LINE"}, "geometry": {"type": "LineString", "coordinates": [[-54.99869518137138, -10.241733472910438], [-54.99869518137138, -10.241733472910438]]}}, {"type": "Feature", "properties": {"layer": "quadras", "dxf_type": "LINE"}, "geometry": {"type": "LineString", "coordinates": [[-55.00352050797021, -10.256342279646523], [-55.00392982003112, -10.256005756526413]]}}, {"type": "Feature", "properties": {"layer": "quadras", "dxf_type": "LINE"}, "geometry": {"type": "LineString", "coordinates": [[-55.0040200968489, -10.255931534083398], [-55.00442677412263, -10.255597175117195]]}}, {"type": "Feature", "properties": {"layer": "quadras", "dxf_type": "LINE"}, "geometry": {"type": "LineString", "coordinates": [[-55.00452279620755, -10.255518228618758], [-55.0049294458615, -10.255183890346247]]}}, {"type": "Feature", "properties": {"layer": "quadras", "dxf_type": "LINE"}, "geometry": {"type": "LineString", "coordinates": [[-55.00512819179345, -10.255020486163342], [-55.00554037835234, -10.254681594364124]]}}, {"type": "Feature", "properties": {"layer": "quadras", "dxf_type": "LINE"}, "geometry": {"type": "LineString", "coordinates": [[-55.005644272736234, -10.254596173934381], [-55.00604396741772, -10.254267550938861]]}}, {"type": "Feature", "properties": {"layer": "quadras", "dxf_type": "LINE"}, "geometry": {"type": "LineString", "coordinates": [[-55.000727403991206, -10.256249058014932], [-55.00004092670746, -10.256840194433058]]}}, {"type": "Feature", "properties": {"layer": "quadras", "dxf_type": "LINE"}, "geometry": {"type": "LineString", "coordinates": [[-55.00004092670746, -10.256840194433058], [-54.99964286603047, -10.256370611245863]]}}, {"type": "Feature", "properties": {"layer": "quadras", "dxf_type": "LINE"}, "geometry": {"type": "LineString", "coordinates": [[-54.99962375745959, -10.256368800497624], [-54.999271823922065, -10.256651567323235]]}}, {"type": "Feature", "properties": {"layer": "quadras", "dxf_type": "LINE"}, "geometry": {"type": "LineString", "coordinates": [[-54.999269959915246, -10.25667081031341], [-54.999961926954434, -10.257487793251846]]}}, {"type": "Feature", "properties": {"layer": "quadras", "dxf_type": "LINE"}, "geometry": {"type": "LineString", "coordinates": [[-55.00065906279484, -10.256144268397444], [-55.00034661598821, -10.255771679849161]]}}, {"type": "Feature", "properties": {"layer": "quadras", "dxf_type": "LINE"}, "geometry": {"type": "LineString", "coordinates": [[-55.000327078671376, -10.255770132262082], [-54.99973720974761, -10.25628051884571]]}}, {"type": "Feature", "properties": {"layer": "quadras", "dxf_type": "LINE"}, "geometry": {"type": "LineString", "coordinates": [[-54.999735815323334, -10.256299545083271], [-55.00004655963553, -10.256659192154123]]}}, {"type": "Feature", "properties": {"layer": "quadras", "dxf_type": "LINE"}, "geometry": {"type": "LineString", "coordinates": [[-55.00006582063889, -10.25666071275626], [-55.000657391152146, -10.256163267632791]]}}, {"type": "Feature", "properties": {"layer": "quadras", "dxf_type": "LINE"}, "geometry": {"type": "LineString", "coordinates": [[-55.00110910686024, -10.25670618371072], [-55.00003046030363, -10.257589878758985]]}}, {"type": "Feature", "properties": {"layer": "quadras", "dxf_type": "LINE"}, "geometry": {"type": "LineString", "coordinates": [[-55.00043067418835, -10.255706541756238], [-55.001113897238575, -10.256536019592033]]}}, {"type": "Feature", "properties": {"layer": "quadras", "dxf_type": "LINE"}, "geometry": {"type": "LineString", "coordinates": [[-55.001133230851615, -10.256537896723483], [-55.001527211462616, -10.256215101986271]]}}, {"type": "Feature", "properties": {"layer": "quadras", "dxf_type": "LINE"}, "geometry": {"type": "LineString", "coordinates": [[-55.001529208097686, -10.256196225862826], [-55.0008648662655, -10.255367150679636]]}}, {"type": "Feature", "properties": {"layer": "quadras", "dxf_type": "LINE"}, "geometry": {"type": "LineString", "coordinates": [[-55.000845668117265, -10.255364931791837], [-55.000432806274794, -10.255687322993069]]}}, {"type": "Feature", "properties": {"layer": "quadras", "dxf_type": "LINE"}, "geometry": {"type": "LineString", "coordinates": [[-55.00121009414195, -10.25663126612507], [-55.00160385361244, -10.256304599336593]]}}, {"type": "Feature", "properties": {"layer": "quadras", "dxf_type": "LINE"}, "geometry": {"type": "LineString", "coordinates": [[-55.00162313911847, -10.256306288124444], [-55.0024103360074, -10.257237323441533]]}}, {"type": "Feature", "properties": {"layer": "quadras", "dxf_type": "LINE"}, "geometry": {"type": "LineString", "coordinates": [[-55.00198337716573, -10.257588303111204], [-55.00120829030803, -10.256650246476203]]}}, {"type": "Feature", "properties": {"layer": "quadras", "dxf_type": "LINE"}, "geometry": {"type": "LineString", "coordinates": [[-55.00103457339789, -10.256606879902069], [-55.0007470768796, -10.25625082245605]]}}, {"type": "Feature", "properties": {"layer": "quadras", "dxf_type": "LINE"}, "geometry": {"type": "LineString", "coordinates": [[-55.00170585796258, -10.256230165984864], [-55.001954745250465, -10.256529610151196]]}}, {"type": "Feature", "properties": {"layer": "quadras", "dxf_type": "LINE"}, "geometry": {"type": "LineString", "coordinates": [[-55.0017076731027, -10.256211123323435], [-55.00262189831135, -10.255458052981739]]}}, {"type": "Feature", "properties": {"layer": "quadras", "dxf_type": "LINE"}, "geometry": {"type": "LineString", "coordinates": [[-55.00264116248798, -10.255459790381488], [-55.00289251316484, -10.255758132692558]]}}, {"type": "Feature", "properties": {"layer": "quadras", "dxf_type": "LINE"}, "geometry": {"type": "LineString", "coordinates": [[-55.00289074966201, -10.25577724891], [-55.00197406103364, -10.256531422041013]]}}, {"type": "Feature", "properties": {"layer": "quadras", "dxf_type": "LINE"}, "geometry": {"type": "LineString", "coordinates": [[-55.00203409138349, -10.256602871500366], [-55.00294869797316, -10.255849930116977]]}}, {"type": "Feature", "properties": {"layer": "quadras", "dxf_type": "LINE"}, "geometry": {"type": "LineString", "coordinates": [[-55.00296793405197, -10.25585164111531], [-55.00322069834673, -10.256149944062454]]}}, {"type": "Feature", "properties": {"layer": "quadras", "dxf_type": "LINE"}, "geometry": {"type": "LineString", "coordinates": [[-55.00321891986387, -10.256169122563236], [-55.00230214377106, -10.25691762929826]]}}, {"type": "Feature", "properties": {"layer": "quadras", "dxf_type": "LINE"}, "geometry": {"type": "LineString", "coordinates": [[-55.002282977928395, -10.256915915969676], [-55.00203238311083, -10.256622047700827]]}}, {"type": "Feature", "properties": {"layer": "quadras", "dxf_type": "LINE"}, "geometry": {"type": "LineString", "coordinates": [[-55.00235694518312, -10.256996000452048], [-55.003278571512276, -10.256245121672855]]}}, {"type": "Feature", "properties": {"layer": "quadras", "dxf_type": "LINE"}, "geometry": {"type": "LineString", "coordinates": [[-55.00329766561507, -10.256246773932148], [-55.003429484050685, -10.256399225101923]]}}, {"type": "Feature", "properties": {"layer": "quadras", "dxf_type": "LINE"}, "geometry": {"type": "LineString", "coordinates": [[-55.00161812616663, -10.256122926883066], [-55.00094046738604, -10.255303226758057]]}}, {"type": "Feature", "properties": {"layer": "quadras", "dxf_type": "LINE"}, "geometry": {"type": "LineString", "coordinates": [[-55.00094234372262, -10.25528418086833], [-55.001851212095104, -10.254540971189103]]}}, {"type": "Feature", "properties": {"layer": "quadras", "dxf_type": "LINE"}, "geometry": {"type": "LineString", "coordinates": [[-55.001870445838776, -10.254542748209333], [-55.002547797548495, -10.255348054187284]]}}, {"type": "Feature", "properties": {"layer": "quadras", "dxf_type": "LINE"}, "geometry": {"type": "LineString", "coordinates": [[-55.00254609650347, -10.25536710479749], [-55.00163753428633, -10.256124708622867]]}}, {"type": "Feature", "properties": {"layer": "quadras", "dxf_type": "LINE"}, "geometry": {"type": "LineString", "coordinates": [[-55.00350121124036, -10.256340483333178], [-55.002718196923354, -10.255401866919843]]}}, {"type": "Feature", "properties": {"layer": "quadras", "dxf_type": "LINE"}, "geometry": {"type": "LineString", "coordinates": [[-55.002719876402196, -10.255382906566856], [-55.00312128425682, -10.255044480015583]]}}, {"type": "Feature", "properties": {"layer": "quadras", "dxf_type": "LINE"}, "geometry": {"type": "LineString", "coordinates": [[-55.00314067583646, -10.255046127772328], [-55.00393159530087, -10.255986646692199]]}}, {"type": "Feature", "properties": {"layer": "quadras", "dxf_type": "LINE"}, "geometry": {"type": "LineString", "coordinates": [[-55.00400069959383, -10.255929616059921], [-55.00322876863427, -10.254982082056078]]}}, {"type": "Feature", "properties": {"layer": "quadras", "dxf_type": "LINE"}, "geometry": {"type": "LineString", "coordinates": [[-55.00323065320362, -10.254963156400105], [-55.00362679910931, -10.254635869195265]]}}, {"type": "Feature", "properties": {"layer": "quadras", "dxf_type": "LINE"}, "geometry": {"type": "LineString", "coordinates": [[-55.003646132289475, -10.254637658475165], [-55.00442859555957, -10.255578119793203]]}}, {"type": "Feature", "properties": {"layer": "quadras", "dxf_type": "LINE"}, "geometry": {"type": "LineString", "coordinates": [[-55.00450338447416, -10.255516293365805], [-55.00373456846317, -10.254569465671402]]}}, {"type": "Feature", "properties": {"layer": "quadras", "dxf_type": "LINE"}, "geometry": {"type": "LineString", "coordinates": [[-55.00373651336391, -10.254550518682704], [-55.00413584044702, -10.254223555737115]]}}, {"type": "Feature", "properties": {"layer": "quadras", "dxf_type": "LINE"}, "geometry": {"type": "LineString", "coordinates": [[-55.00415515763272, -10.254225419006316], [-55.00493129715152, -10.25516487135352]]}}, {"type": "Feature", "properties": {"layer": "quadras", "dxf_type": "LINE"}, "geometry": {"type": "LineString", "coordinates": [[-55.00510886159726, -10.255018649980244], [-55.00433068773272, -10.254078572659795]]}}, {"type": "Feature", "properties": {"layer": "quadras", "dxf_type": "LINE"}, "geometry": {"type": "LineString", "coordinates": [[-55.0043325602438, -10.254059519455879], [-55.00474242216549, -10.253724460506822]]}}, {"type": "Feature", "properties": {"layer": "quadras", "dxf_type": "LINE"}, "geometry": {"type": "LineString", "coordinates": [[-55.00476169211979, -10.25372628457611], [-55.0055421906442, -10.254662529020463]]}}, {"type": "Feature", "properties": {"layer": "quadras", "dxf_type": "LINE"}, "geometry": {"type": "LineString", "coordinates": [[-55.00562498784747, -10.254594392299966], [-55.004841940150534, -10.253658441523694]]}}, {"type": "Feature", "properties": {"layer": "quadras", "dxf_type": "LINE"}, "geometry": {"type": "LineString", "coordinates": [[-55.00534601516523, -10.25324078992326], [-55.00562052799811, -10.253022959397812]]}}, {"type": "Feature", "properties": {"layer": "quadras", "dxf_type": "LINE"}, "geometry": {"type": "LineString", "coordinates": [[-55.00526535439061, -10.25332182522511], [-55.006045736195674, -10.254248432891153]]}}, {"type": "Feature", "properties": {"layer": "quadras", "dxf_type": "LINE"}, "geometry": {"type": "LineString", "coordinates": [[-55.00534406199041, -10.253260056881171], [-55.00612302166873, -10.254184974341149]]}}, {"type": "Feature", "properties": {"layer": "quadras", "dxf_type": "LINE"}, "geometry": {"type": "LineString", "coordinates": [[-55.002624814395844, -10.25528347051602], [-55.00195083663057, -10.254474521831819]]}}, {"type": "Feature", "properties": {"layer": "quadras", "dxf_type": "LINE"}, "geometry": {"type": "LineString", "coordinates": [[-55.0019526867112, -10.25445543056569], [-55.00235493862165, -10.254126955962574]]}}, {"type": "Feature", "properties": {"layer": "quadras", "dxf_type": "LINE"}, "geometry": {"type": "LineString", "coordinates": [[-55.002374137828944, -10.254128707426577], [-55.00305474365732, -10.254932888078978]]}}, {"type": "Feature", "properties": {"layer": "quadras", "dxf_type": "LINE"}, "geometry": {"type": "LineString", "coordinates": [[-55.00305295057248, -10.254952068297596], [-55.00264407152793, -10.25528531091784]]}}, {"type": "Feature", "properties": {"layer": "quadras", "dxf_type": "LINE"}, "geometry": {"type": "LineString", "coordinates": [[-55.00313491599351, -10.25486775959858], [-55.002467484597666, -10.254053731400717]]}}, {"type": "Feature", "properties": {"layer": "quadras", "dxf_type": "LINE"}, "geometry": {"type": "LineString", "coordinates": [[-55.00246933744109, -10.254034775730863], [-55.00286626145137, -10.253706558592796]]}}, {"type": "Feature", "properties": {"layer": "quadras", "dxf_type": "LINE"}, "geometry": {"type": "LineString", "coordinates": [[-55.002885629945126, -10.25370838156941], [-55.00355800973924, -10.254522364373354]]}}, {"type": "Feature", "properties": {"layer": "quadras", "dxf_type": "LINE"}, "geometry": {"type": "LineString", "coordinates": [[-55.003556124443406, -10.25454141025337], [-55.00315425296609, -10.254869672770987]]}}, {"type": "Feature", "properties": {"layer": "quadras", "dxf_type": "LINE"}, "geometry": {"type": "LineString", "coordinates": [[-55.003642422419226, -10.254460084751175], [-55.002962634016285, -10.25364735640346]]}}, {"type": "Feature", "properties": {"layer": "quadras", "dxf_type": "LINE"}, "geometry": {"type": "LineString", "coordinates": [[-55.002964405340705, -10.253628296271962], [-55.00336675442958, -10.25329578729775]]}}, {"type": "Feature", "properties": {"layer": "quadras", "dxf_type": "LINE"}, "geometry": {"type": "LineString", "coordinates": [[-55.00338609660611, -10.253297583864857], [-55.004062882305455, -10.254112331304084]]}}, {"type": "Feature", "properties": {"layer": "quadras", "dxf_type": "LINE"}, "geometry": {"type": "LineString", "coordinates": [[-55.004061088476966, -10.254131350637657], [-55.00366174211525, -10.254461839596177]]}}, {"type": "Feature", "properties": {"layer": "quadras", "dxf_type": "LINE"}, "geometry": {"type": "LineString", "coordinates": [[-55.00423714786507, -10.253967312203901], [-55.00356156844262, -10.25315386873988]]}}, {"type": "Feature", "properties": {"layer": "quadras", "dxf_type": "LINE"}, "geometry": {"type": "LineString", "coordinates": [[-55.00356337511676, -10.253134840452198], [-55.003973970948785, -10.252795849396366]]}}, {"type": "Feature", "properties": {"layer": "quadras", "dxf_type": "LINE"}, "geometry": {"type": "LineString", "coordinates": [[-55.00399325416031, -10.252797585900971], [-55.004675204292724, -10.253608439961699]]}}, {"type": "Feature", "properties": {"layer": "quadras", "dxf_type": "LINE"}, "geometry": {"type": "LineString", "coordinates": [[-55.004673411666154, -10.253627565977077], [-55.00425644514106, -10.2539691464164]]}}, {"type": "Feature", "properties": {"layer": "quadras", "dxf_type": "LINE"}, "geometry": {"type": "LineString", "coordinates": [[-55.00474828999453, -10.2535459746874], [-55.004071479131206, -10.252736236149943]]}}, {"type": "Feature", "properties": {"layer": "quadras", "dxf_type": "LINE"}, "geometry": {"type": "LineString", "coordinates": [[-55.00407335307888, -10.252717097987311], [-55.00447979252583, -10.252387597087852]]}}, {"type": "Feature", "properties": {"layer": "quadras", "dxf_type": "LINE"}, "geometry": {"type": "LineString", "coordinates": [[-55.004578616204896, -10.252307481636658], [-55.004724134631935, -10.252189508126778]]}}, {"type": "Feature", "properties": {"layer": "quadras", "dxf_type": "LINE"}, "geometry": {"type": "LineString", "coordinates": [[-55.004499007504236, -10.25238944251441], [-55.0051717245957, -10.253194134691322]]}}, {"type": "Feature", "properties": {"layer": "quadras", "dxf_type": "LINE"}, "geometry": {"type": "LineString", "coordinates": [[-55.00551073616474, -10.25292983171054], [-55.00525980046822, -10.253138482912442]]}}, {"type": "Feature", "properties": {"layer": "quadras", "dxf_type": "LINE"}, "geometry": {"type": "LineString", "coordinates": [[-55.00516998279292, -10.253213166115522], [-55.00476763622225, -10.253547713349862]]}}, {"type": "Feature", "properties": {"layer": "quadras", "dxf_type": "LINE"}, "geometry": {"type": "LineString", "coordinates": [[-54.99954590972385, -10.256275621806651], [-54.999192259352, -10.256554208179175]]}}, {"type": "Feature", "properties": {"layer": "quadras", "dxf_type": "LINE"}, "geometry": {"type": "LineString", "coordinates": [[-54.99917304699848, -10.256552065023545], [-54.99851826313852, -10.255741042024988]]}}, {"type": "Feature", "properties": {"layer": "quadras", "dxf_type": "LINE"}, "geometry": {"type": "LineString", "coordinates": [[-54.99852026401067, -10.255722099087484], [-54.998861113836355, -10.25544469276703]]}}, {"type": "Feature", "properties": {"layer": "quadras", "dxf_type": "LINE"}, "geometry": {"type": "LineString", "coordinates": [[-54.99888040886807, -10.255446593282699], [-54.999547992387726, -10.256256435297198]]}}, {"type": "Feature", "properties": {"layer": "quadras", "dxf_type": "LINE"}, "geometry": {"type": "LineString", "coordinates": [[-54.999647132768, -10.256192826697957], [-54.99895726410839, -10.255386767880502]]}}, {"type": "Feature", "properties": {"layer": "quadras", "dxf_type": "LINE"}, "geometry": {"type": "LineString", "coordinates": [[-54.998959040625834, -10.255367504467538], [-54.99957126392178, -10.254871622930565]]}}, {"type": "Feature", "properties": {"layer": "quadras", "dxf_type": "LINE"}, "geometry": {"type": "LineString", "coordinates": [[-54.99959043270369, -10.254873423189288], [-55.00026930457353, -10.255677803173972]]}}, {"type": "Feature", "properties": {"layer": "quadras", "dxf_type": "LINE"}, "geometry": {"type": "LineString", "coordinates": [[-55.00026757934902, -10.25569690331356], [-54.99966635285012, -10.256194463672472]]}}, {"type": "Feature", "properties": {"layer": "quadras", "dxf_type": "LINE"}, "geometry": {"type": "LineString", "coordinates": [[-55.00034573996683, -10.25560661882245], [-54.99967820921585, -10.254813606070563]]}}, {"type": "Feature", "properties": {"layer": "quadras", "dxf_type": "LINE"}, "geometry": {"type": "LineString", "coordinates": [[-54.99967996275659, -10.254794505209258], [-55.0000822793686, -10.254462634679522]]}}, {"type": "Feature", "properties": {"layer": "quadras", "dxf_type": "LINE"}, "geometry": {"type": "LineString", "coordinates": [[-55.0001015254123, -10.25446433685207], [-55.00077611078064, -10.255260381507469]]}}, {"type": "Feature", "properties": {"layer": "quadras", "dxf_type": "LINE"}, "geometry": {"type": "LineString", "coordinates": [[-55.00077424777168, -10.255279629051637], [-55.00036487747601, -10.255608466759641]]}}, {"type": "Feature", "properties": {"layer": "quadras", "dxf_type": "LINE"}, "geometry": {"type": "LineString", "coordinates": [[-55.00085090251374, -10.255200362095902], [-55.00016235796868, -10.254390537190604]]}}, {"type": "Feature", "properties": {"layer": "quadras", "dxf_type": "LINE"}, "geometry": {"type": "LineString", "coordinates": [[-55.00016404688287, -10.254371403381356], [-55.00057183821573, -10.254033586292476]]}}, {"type": "Feature", "properties": {"layer": "quadras", "dxf_type": "LINE"}, "geometry": {"type": "LineString", "coordinates": [[-55.00059135262639, -10.254035568492268], [-55.00125929998986, -10.254870920098575]]}}, {"type": "Feature", "properties": {"layer": "quadras", "dxf_type": "LINE"}, "geometry": {"type": "LineString", "coordinates": [[-55.00125721266286, -10.254889851705544], [-55.000870017617764, -10.255202142067127]]}}, {"type": "Feature", "properties": {"layer": "quadras", "dxf_type": "LINE"}, "geometry": {"type": "LineString", "coordinates": [[-55.001356040119205, -10.254793227377055], [-55.000679407776495, -10.253965024060202]]}}, {"type": "Feature", "properties": {"layer": "quadras", "dxf_type": "LINE"}, "geometry": {"type": "LineString", "coordinates": [[-55.00068123024395, -10.253946126084047], [-55.00108489456398, -10.253609313215588]]}}, {"type": "Feature", "properties": {"layer": "quadras", "dxf_type": "LINE"}, "geometry": {"type": "LineString", "coordinates": [[-55.00110424911696, -10.253611025027185], [-55.00179375282796, -10.254434039548734]]}}, {"type": "Feature", "properties": {"layer": "quadras", "dxf_type": "LINE"}, "geometry": {"type": "LineString", "coordinates": [[-55.001791954728596, -10.254453135651673], [-55.00137541814626, -10.254795137289706]]}}, {"type": "Feature", "properties": {"layer": "quadras", "dxf_type": "LINE"}, "geometry": {"type": "LineString", "coordinates": [[-55.001866281679376, -10.254372721431773], [-55.001182314106, -10.253557971349887]]}}, {"type": "Feature", "properties": {"layer": "quadras", "dxf_type": "LINE"}, "geometry": {"type": "LineString", "coordinates": [[-55.00118415728931, -10.253538820393166], [-55.001593554388144, -10.253206132225385]]}}, {"type": "Feature", "properties": {"layer": "quadras", "dxf_type": "LINE"}, "geometry": {"type": "LineString", "coordinates": [[-55.00161283112201, -10.253208026116772], [-55.002287453274995, -10.25402433863364]]}}, {"type": "Feature", "properties": {"layer": "quadras", "dxf_type": "LINE"}, "geometry": {"type": "LineString", "coordinates": [[-55.002285638523915, -10.254043330691763], [-55.001885585944756, -10.254374457302532]]}}, {"type": "Feature", "properties": {"layer": "quadras", "dxf_type": "LINE"}, "geometry": {"type": "LineString", "coordinates": [[-55.0023734926889, -10.253951954442618], [-55.00168354410779, -10.253139774564684]]}}, {"type": "Feature", "properties": {"layer": "quadras", "dxf_type": "LINE"}, "geometry": {"type": "LineString", "coordinates": [[-55.00168521635377, -10.253120661416029], [-55.002092675132104, -10.25278182103415]]}}, {"type": "Feature", "properties": {"layer": "quadras", "dxf_type": "LINE"}, "geometry": {"type": "LineString", "coordinates": [[-55.00211200044937, -10.252783532597663], [-55.00280150031308, -10.253604216625686]]}}, {"type": "Feature", "properties": {"layer": "quadras", "dxf_type": "LINE"}, "geometry": {"type": "LineString", "coordinates": [[-55.00279965442969, -10.253623376631884], [-55.00239264347838, -10.253953711933361]]}}, {"type": "Feature", "properties": {"layer": "quadras", "dxf_type": "LINE"}, "geometry": {"type": "LineString", "coordinates": [[-55.0028780945988, -10.25353954975435], [-55.00218807007414, -10.252722032715063]]}}, {"type": "Feature", "properties": {"layer": "quadras", "dxf_type": "LINE"}, "geometry": {"type": "LineString", "coordinates": [[-55.00218984742519, -10.25270288947031], [-55.002601870543, -10.252365300227604]]}}, {"type": "Feature", "properties": {"layer": "quadras", "dxf_type": "LINE"}, "geometry": {"type": "LineString", "coordinates": [[-55.00262119759048, -10.252367169954272], [-55.00330315309227, -10.253194034670944]]}}, {"type": "Feature", "properties": {"layer": "quadras", "dxf_type": "LINE"}, "geometry": {"type": "LineString", "coordinates": [[-55.003301234860274, -10.253213094809857], [-55.00289727987014, -10.253541336348908]]}}, {"type": "Feature", "properties": {"layer": "quadras", "dxf_type": "LINE"}, "geometry": {"type": "LineString", "coordinates": [[-55.00347620155838, -10.25304817865949], [-55.0028024129899, -10.252221745936932]]}}, {"type": "Feature", "properties": {"layer": "quadras", "dxf_type": "LINE"}, "geometry": {"type": "LineString", "coordinates": [[-55.00280433885812, -10.252202779859504], [-55.00321108654738, -10.251869569228985]]}}, {"type": "Feature", "properties": {"layer": "quadras", "dxf_type": "LINE"}, "geometry": {"type": "LineString", "coordinates": [[-55.00323038639609, -10.251871407109993], [-55.00390599920735, -10.252685441137713]]}}, {"type": "Feature", "properties": {"layer": "quadras", "dxf_type": "LINE"}, "geometry": {"type": "LineString", "coordinates": [[-55.003904314616584, -10.252704361710952], [-55.00349574179099, -10.253049971011086]]}}, {"type": "Feature", "properties": {"layer": "quadras", "dxf_type": "LINE"}, "geometry": {"type": "LineString", "coordinates": [[-55.00398328656579, -10.252622101526942], [-55.00329643802026, -10.25181319164959]]}}, {"type": "Feature", "properties": {"layer": "quadras", "dxf_type": "LINE"}, "geometry": {"type": "LineString", "coordinates": [[-55.00329785688384, -10.251794298376918], [-55.003692018728415, -10.251449805437883]]}}, {"type": "Feature", "properties": {"layer": "quadras", "dxf_type": "LINE"}, "geometry": {"type": "LineString", "coordinates": [[-55.003241309106514, -10.2517111150951], [-55.00362828470422, -10.251372902831282]]}}, {"type": "Feature", "properties": {"layer": "quadras", "dxf_type": "LINE"}, "geometry": {"type": "LineString", "coordinates": [[-55.00371159000203, -10.251451289710879], [-55.00440458077069, -10.25227455379246]]}}, {"type": "Feature", "properties": {"layer": "quadras", "dxf_type": "LINE"}, "geometry": {"type": "LineString", "coordinates": [[-55.00377144020585, -10.251367119554079], [-55.00448173638964, -10.252210942941952]]}}, {"type": "Feature", "properties": {"layer": "quadras", "dxf_type": "LINE"}, "geometry": {"type": "LineString", "coordinates": [[-55.00462884462621, -10.252107252236563], [-55.00450101044326, -10.252212680258125]]}}, {"type": "Feature", "properties": {"layer": "quadras", "dxf_type": "LINE"}, "geometry": {"type": "LineString", "coordinates": [[-55.004402825720575, -10.252293655630911], [-55.00400252258352, -10.252623794350697]]}}, {"type": "Feature", "properties": {"layer": "quadras", "dxf_type": "LINE"}, "geometry": {"type": "LineString", "coordinates": [[-54.99878623087033, -10.255359493994284], [-54.998441108050045, -10.255639668838844]]}}, {"type": "Feature", "properties": {"layer": "quadras", "dxf_type": "LINE"}, "geometry": {"type": "LineString", "coordinates": [[-54.99842182313838, -10.255637754798908], [-54.99774791523396, -10.254819702559864]]}}, {"type": "Feature", "properties": {"layer": "quadras", "dxf_type": "LINE"}, "geometry": {"type": "LineString", "coordinates": [[-54.99774984567846, -10.25480064349724], [-54.998083812992355, -10.254529576289267]]}}, {"type": "Feature", "properties": {"layer": "quadras", "dxf_type": "LINE"}, "geometry": {"type": "LineString", "coordinates": [[-54.998102978242954, -10.254531350395133], [-54.99878804076654, -10.255340294064384]]}}, {"type": "Feature", "properties": {"layer": "quadras", "dxf_type": "LINE"}, "geometry": {"type": "LineString", "coordinates": [[-54.99887197994223, -10.255266515979057], [-54.99819009743575, -10.254457782799735]]}}, {"type": "Feature", "properties": {"layer": "quadras", "dxf_type": "LINE"}, "geometry": {"type": "LineString", "coordinates": [[-54.99819191719724, -10.254438613672054], [-54.99879505253507, -10.253948056710756]]}}, {"type": "Feature", "properties": {"layer": "quadras", "dxf_type": "LINE"}, "geometry": {"type": "LineString", "coordinates": [[-54.99881429308373, -10.253949899027068], [-54.99949452757486, -10.254765297236899]]}}, {"type": "Feature", "properties": {"layer": "quadras", "dxf_type": "LINE"}, "geometry": {"type": "LineString", "coordinates": [[-54.99949260571822, -10.25478445852539], [-54.998891118409475, -10.255268349541106]]}}, {"type": "Feature", "properties": {"layer": "quadras", "dxf_type": "LINE"}, "geometry": {"type": "LineString", "coordinates": [[-54.99957904299109, -10.254696354833795], [-54.99889692106447, -10.25387964260475]]}}, {"type": "Feature", "properties": {"layer": "quadras", "dxf_type": "LINE"}, "geometry": {"type": "LineString", "coordinates": [[-54.99889852832803, -10.253860732484991], [-54.99929534615376, -10.253521790121596]]}}, {"type": "Feature", "properties": {"layer": "quadras", "dxf_type": "LINE"}, "geometry": {"type": "LineString", "coordinates": [[-55.00000290786645, -10.254347186736085], [-54.99931483354917, -10.253523415174861]]}}, {"type": "Feature", "properties": {"layer": "quadras", "dxf_type": "LINE"}, "geometry": {"type": "LineString", "coordinates": [[-54.99959834604639, -10.254698135126835], [-55.000001115331614, -10.254366252110458]]}}, {"type": "Feature", "properties": {"layer": "quadras", "dxf_type": "LINE"}, "geometry": {"type": "LineString", "coordinates": [[-55.00008365222217, -10.25428083237685], [-54.99940036947136, -10.253468489862906]]}}, {"type": "Feature", "properties": {"layer": "quadras", "dxf_type": "LINE"}, "geometry": {"type": "LineString", "coordinates": [[-54.99940219268675, -10.253449337908858], [-54.9998080831926, -10.253118787481274]]}}, {"type": "Feature", "properties": {"layer": "quadras", "dxf_type": "LINE"}, "geometry": {"type": "LineString", "coordinates": [[-54.999827330137435, -10.253120623441372], [-55.00050562534444, -10.253933651245006]]}}, {"type": "Feature", "properties": {"layer": "quadras", "dxf_type": "LINE"}, "geometry": {"type": "LineString", "coordinates": [[-55.0005038200698, -10.253952716550113], [-55.000102918026066, -10.254282583480867]]}}, {"type": "Feature", "properties": {"layer": "quadras", "dxf_type": "LINE"}, "geometry": {"type": "LineString", "coordinates": [[-55.000592453185206, -10.253863946257018], [-54.99990559214208, -10.253051449815873]]}}, {"type": "Feature", "properties": {"layer": "quadras", "dxf_type": "LINE"}, "geometry": {"type": "LineString", "coordinates": [[-54.999907298167024, -10.25303235136648], [-55.000307934878094, -10.252699997883603]]}}, {"type": "Feature", "properties": {"layer": "quadras", "dxf_type": "LINE"}, "geometry": {"type": "LineString", "coordinates": [[-55.00032725366446, -10.25270172668519], [-55.001013703965725, -10.253520011224104]]}}, {"type": "Feature", "properties": {"layer": "quadras", "dxf_type": "LINE"}, "geometry": {"type": "LineString", "coordinates": [[-55.00061165320303, -10.253865706864985], [-55.001011879160835, -10.253539140596912]]}}, {"type": "Feature", "properties": {"layer": "quadras", "dxf_type": "LINE"}, "geometry": {"type": "LineString", "coordinates": [[-55.00109675006297, -10.253454017803639], [-55.00041080973109, -10.252636615177854]]}}, {"type": "Feature", "properties": {"layer": "quadras", "dxf_type": "LINE"}, "geometry": {"type": "LineString", "coordinates": [[-55.000412536414146, -10.252617563850638], [-55.00081223918618, -10.25228524356973]]}}, {"type": "Feature", "properties": {"layer": "quadras", "dxf_type": "LINE"}, "geometry": {"type": "LineString", "coordinates": [[-55.000831516424654, -10.252286900671523], [-55.001523385303486, -10.253101636218487]]}}, {"type": "Feature", "properties": {"layer": "quadras", "dxf_type": "LINE"}, "geometry": {"type": "LineString", "coordinates": [[-55.00152167545017, -10.253120778058813], [-55.00111604506653, -10.25345576449947]]}}, {"type": "Feature", "properties": {"layer": "quadras", "dxf_type": "LINE"}, "geometry": {"type": "LineString", "coordinates": [[-55.00159265284246, -10.25304383420356], [-55.00091979241078, -10.252228195224093]]}}, {"type": "Feature", "properties": {"layer": "quadras", "dxf_type": "LINE"}, "geometry": {"type": "LineString", "coordinates": [[-55.00092164931497, -10.252209183557795], [-55.00133441043586, -10.251869801776277]]}}, {"type": "Feature", "properties": {"layer": "quadras", "dxf_type": "LINE"}, "geometry": {"type": "LineString", "coordinates": [[-55.00135371230417, -10.25187160362243], [-55.002029200247264, -10.25268225471634]]}}, {"type": "Feature", "properties": {"layer": "quadras", "dxf_type": "LINE"}, "geometry": {"type": "LineString", "coordinates": [[-55.00202742908801, -10.252701282294145], [-55.0016120404677, -10.253045652845673]]}}, {"type": "Feature", "properties": {"layer": "quadras", "dxf_type": "LINE"}, "geometry": {"type": "LineString", "coordinates": [[-55.00209334734594, -10.25261344741794], [-55.00142963463382, -10.251809411493092]]}}, {"type": "Feature", "properties": {"layer": "quadras", "dxf_type": "LINE"}, "geometry": {"type": "LineString", "coordinates": [[-55.00143152822588, -10.25179036479003], [-55.001843481405096, -10.251454205100831]]}}, {"type": "Feature", "properties": {"layer": "quadras", "dxf_type": "LINE"}, "geometry": {"type": "LineString", "coordinates": [[-55.00186274109655, -10.251456035578869], [-55.002536453182174, -10.252264028998345]]}}, {"type": "Feature", "properties": {"layer": "quadras", "dxf_type": "LINE"}, "geometry": {"type": "LineString", "coordinates": [[-55.0025344169246, -10.252283277321075], [-55.0021124634754, -10.25261547949046]]}}, {"type": "Feature", "properties": {"layer": "quadras", "dxf_type": "LINE"}, "geometry": {"type": "LineString", "coordinates": [[-55.00271512692325, -10.252113642214747], [-55.002031977223176, -10.25132163215765]]}}, {"type": "Feature", "properties": {"layer": "quadras", "dxf_type": "LINE"}, "geometry": {"type": "LineString", "coordinates": [[-55.00203368052528, -10.2513023610038], [-55.00245428837087, -10.250959133295188]]}}, {"type": "Feature", "properties": {"layer": "quadras", "dxf_type": "LINE"}, "geometry": {"type": "LineString", "coordinates": [[-55.00255289784619, -10.250878665523429], [-55.002888419412415, -10.250604868795659]]}}, {"type": "Feature", "properties": {"layer": "quadras", "dxf_type": "LINE"}, "geometry": {"type": "LineString", "coordinates": [[-55.00247358789749, -10.250961011885087], [-55.003139349494305, -10.251766915124497]]}}, {"type": "Feature", "properties": {"layer": "quadras", "dxf_type": "LINE"}, "geometry": {"type": "LineString", "coordinates": [[-55.00255100796359, -10.250897715885724], [-55.00322165720369, -10.251709534479541]]}}, {"type": "Feature", "properties": {"layer": "quadras", "dxf_type": "LINE"}, "geometry": {"type": "LineString", "coordinates": [[-55.00313746421627, -10.251785961907345], [-55.002734244495066, -10.252115295509997]]}}, {"type": "Feature", "properties": {"layer": "quadras", "dxf_type": "LINE"}, "geometry": {"type": "LineString", "coordinates": [[-54.99759719780724, -10.254623400491774], [-54.99691592330158, -10.253810901648999]]}}, {"type": "Feature", "properties": {"layer": "quadras", "dxf_type": "LINE"}, "geometry": {"type": "LineString", "coordinates": [[-54.99691769603903, -10.253791819027763], [-54.997248648764966, -10.25351892526363]]}}, {"type": "Feature", "properties": {"layer": "quadras", "dxf_type": "LINE"}, "geometry": {"type": "LineString", "coordinates": [[-54.99726789739739, -10.253520634838598], [-54.997952493466194, -10.254329371464257]]}}, {"type": "Feature", "properties": {"layer": "quadras", "dxf_type": "LINE"}, "geometry": {"type": "LineString", "coordinates": [[-54.9979507808079, -10.254348487012932], [-54.99761650653858, -10.25462514297024]]}}, {"type": "Feature", "properties": {"layer": "quadras", "dxf_type": "LINE"}, "geometry": {"type": "LineString", "coordinates": [[-54.9980285690264, -10.254269708681392], [-54.997352050485546, -10.253451402454122]]}}, {"type": "Feature", "properties": {"layer": "quadras", "dxf_type": "LINE"}, "geometry": {"type": "LineString", "coordinates": [[-54.99735380315177, -10.253432458905303], [-54.997950314100905, -10.252932924549581]]}}, {"type": "Feature", "properties": {"layer": "quadras", "dxf_type": "LINE"}, "geometry": {"type": "LineString", "coordinates": [[-54.997969718623, -10.252934657635924], [-54.9986515086084, -10.253754421555215]]}}, {"type": "Feature", "properties": {"layer": "quadras", "dxf_type": "LINE"}, "geometry": {"type": "LineString", "coordinates": [[-54.99864972082273, -10.25377344626125], [-54.99804793843983, -10.254271522914609]]}}, {"type": "Feature", "properties": {"layer": "quadras", "dxf_type": "LINE"}, "geometry": {"type": "LineString", "coordinates": [[-54.99873856775131, -10.253683966489234], [-54.99805372756813, -10.252868710786624]]}}, {"type": "Feature", "properties": {"layer": "quadras", "dxf_type": "LINE"}, "geometry": {"type": "LineString", "coordinates": [[-54.99805558930677, -10.252849539204819], [-54.998455345754785, -10.252526034111723]]}}, {"type": "Feature", "properties": {"layer": "quadras", "dxf_type": "LINE"}, "geometry": {"type": "LineString", "coordinates": [[-54.998474559622984, -10.252527896154199], [-54.99915513981454, -10.25334351891836]]}}, {"type": "Feature", "properties": {"layer": "quadras", "dxf_type": "LINE"}, "geometry": {"type": "LineString", "coordinates": [[-54.99915329868054, -10.253362615618823], [-54.998757802241364, -10.253685753629302]]}}, {"type": "Feature", "properties": {"layer": "quadras", "dxf_type": "LINE"}, "geometry": {"type": "LineString", "coordinates": [[-54.99924565767544, -10.253272040040848], [-54.998562100126584, -10.252455285473399]]}}, {"type": "Feature", "properties": {"layer": "quadras", "dxf_type": "LINE"}, "geometry": {"type": "LineString", "coordinates": [[-54.99856394511169, -10.252436159879084], [-54.99896654910543, -10.252108259449951]]}}, {"type": "Feature", "properties": {"layer": "quadras", "dxf_type": "LINE"}, "geometry": {"type": "LineString", "coordinates": [[-54.99898585123008, -10.252110161774317], [-54.999661989061, -10.25293109387681]]}}, {"type": "Feature", "properties": {"layer": "quadras", "dxf_type": "LINE"}, "geometry": {"type": "LineString", "coordinates": [[-54.999660105559656, -10.25295011258825], [-54.999264921301894, -10.253273835461599]]}}, {"type": "Feature", "properties": {"layer": "quadras", "dxf_type": "LINE"}, "geometry": {"type": "LineString", "coordinates": [[-54.999747890212596, -10.252860982950727], [-54.999062784668595, -10.25203598597599]]}}, {"type": "Feature", "properties": {"layer": "quadras", "dxf_type": "LINE"}, "geometry": {"type": "LineString", "coordinates": [[-54.99906456223115, -10.252016981986872], [-54.999465741235376, -10.25168388976797]]}}, {"type": "Feature", "properties": {"layer": "quadras", "dxf_type": "LINE"}, "geometry": {"type": "LineString", "coordinates": [[-54.99948506814328, -10.2516856213695], [-55.000177349948096, -10.252511712063994]]}}, {"type": "Feature", "properties": {"layer": "quadras", "dxf_type": "LINE"}, "geometry": {"type": "LineString", "coordinates": [[-55.00017550131566, -10.252530852125414], [-54.999767147893756, -10.252862850614946]]}}, {"type": "Feature", "properties": {"layer": "quadras", "dxf_type": "LINE"}, "geometry": {"type": "LineString", "coordinates": [[-55.00025476021093, -10.252444141148802], [-54.99956919304799, -10.251616949388817]]}}, {"type": "Feature", "properties": {"layer": "quadras", "dxf_type": "LINE"}, "geometry": {"type": "LineString", "coordinates": [[-54.99957111906686, -10.25159784235333], [-54.9999757520163, -10.251270753641007]]}}, {"type": "Feature", "properties": {"layer": "quadras", "dxf_type": "LINE"}, "geometry": {"type": "LineString", "coordinates": [[-54.9999949947446, -10.251272662762965], [-55.00068070979332, -10.252101270160527]]}}, {"type": "Feature", "properties": {"layer": "quadras", "dxf_type": "LINE"}, "geometry": {"type": "LineString", "coordinates": [[-55.00067875363573, -10.2521203896832], [-55.00027397190583, -10.252446062731293]]}}, {"type": "Feature", "properties": {"layer": "quadras", "dxf_type": "LINE"}, "geometry": {"type": "LineString", "coordinates": [[-55.00075177315611, -10.252025298728567], [-55.00007631243454, -10.251203659667842]]}}, {"type": "Feature", "properties": {"layer": "quadras", "dxf_type": "LINE"}, "geometry": {"type": "LineString", "coordinates": [[-55.00007811963647, -10.251184720021445], [-55.000475608842436, -10.25085378009161]]}}, {"type": "Feature", "properties": {"layer": "quadras", "dxf_type": "LINE"}, "geometry": {"type": "LineString", "coordinates": [[-55.00049493409684, -10.250855479073365], [-55.0011831330066, -10.251673498653874]]}}, {"type": "Feature", "properties": {"layer": "quadras", "dxf_type": "LINE"}, "geometry": {"type": "LineString", "coordinates": [[-55.001181317261945, -10.251692645263644], [-55.000771089885866, -10.252027204653285]]}}, {"type": "Feature", "properties": {"layer": "quadras", "dxf_type": "LINE"}, "geometry": {"type": "LineString", "coordinates": [[-55.00126462361928, -10.251610962071462], [-55.00057176372017, -10.25079193140078]]}}, {"type": "Feature", "properties": {"layer": "quadras", "dxf_type": "LINE"}, "geometry": {"type": "LineString", "coordinates": [[-55.00057345043506, -10.250772843664315], [-55.00098785325126, -10.250427944627283]]}}, {"type": "Feature", "properties": {"layer": "quadras", "dxf_type": "LINE"}, "geometry": {"type": "LineString", "coordinates": [[-55.00100729892875, -10.250429793462716], [-55.001690680272965, -10.251265812106004]]}}, {"type": "Feature", "properties": {"layer": "quadras", "dxf_type": "LINE"}, "geometry": {"type": "LineString", "coordinates": [[-55.00168870559176, -10.251284841141235], [-55.00128378135981, -10.251612750377284]]}}, {"type": "Feature", "properties": {"layer": "quadras", "dxf_type": "LINE"}, "geometry": {"type": "LineString", "coordinates": [[-54.99681968442302, -10.253691470421044], [-54.99616925624267, -10.252871421518716]]}}, {"type": "Feature", "properties": {"layer": "quadras", "dxf_type": "LINE"}, "geometry": {"type": "LineString", "coordinates": [[-54.99617077540706, -10.25285304692256], [-54.99646625469871, -10.252585031393545]]}}, {"type": "Feature", "properties": {"layer": "quadras", "dxf_type": "LINE"}, "geometry": {"type": "LineString", "coordinates": [[-54.996485985081414, -10.252586313707923], [-54.997181768434736, -10.25340733226063]]}}, {"type": "Feature", "properties": {"layer": "quadras", "dxf_type": "LINE"}, "geometry": {"type": "LineString", "coordinates": [[-54.99717977591486, -10.25342668290089], [-54.99683894239168, -10.253693727857486]]}}, {"type": "Feature", "properties": {"layer": "quadras", "dxf_type": "LINE"}, "geometry": {"type": "LineString", "coordinates": [[-54.99726370192161, -10.253340140828119], [-54.99658628338868, -10.25253015235619]]}}, {"type": "Feature", "properties": {"layer": "quadras", "dxf_type": "LINE"}, "geometry": {"type": "LineString", "coordinates": [[-54.996588123871774, -10.252511035806462], [-54.99718531353142, -10.252024012691768]]}}, {"type": "Feature", "properties": {"layer": "quadras", "dxf_type": "LINE"}, "geometry": {"type": "LineString", "coordinates": [[-54.99720452151073, -10.252025787085842], [-54.9978867272309, -10.252834704712086]]}}, {"type": "Feature", "properties": {"layer": "quadras", "dxf_type": "LINE"}, "geometry": {"type": "LineString", "coordinates": [[-54.99788489278671, -10.252853888210312], [-54.9972829150298, -10.25334198305787]]}}, {"type": "Feature", "properties": {"layer": "quadras", "dxf_type": "LINE"}, "geometry": {"type": "LineString", "coordinates": [[-54.997972568318744, -10.252767225272466], [-54.99728036925115, -10.251960176988284]]}}, {"type": "Feature", "properties": {"layer": "quadras", "dxf_type": "LINE"}, "geometry": {"type": "LineString", "coordinates": [[-54.99728201933118, -10.251940998689289], [-54.99769781113694, -10.251596539118827]]}}, {"type": "Feature", "properties": {"layer": "quadras", "dxf_type": "LINE"}, "geometry": {"type": "LineString", "coordinates": [[-54.99771727282821, -10.251598456053893], [-54.99838333947467, -10.25242102283337]]}}, {"type": "Feature", "properties": {"layer": "quadras", "dxf_type": "LINE"}, "geometry": {"type": "LineString", "coordinates": [[-54.99838154031624, -10.25243982510254], [-54.99799188094987, -10.252768766157704]]}}, {"type": "Feature", "properties": {"layer": "quadras", "dxf_type": "LINE"}, "geometry": {"type": "LineString", "coordinates": [[-54.998470946344185, -10.252348159485567], [-54.997789596676654, -10.251533720772853]]}}, {"type": "Feature", "properties": {"layer": "quadras", "dxf_type": "LINE"}, "geometry": {"type": "LineString", "coordinates": [[-54.9977914077265, -10.251514626617663], [-54.99819354359229, -10.251184857578293]]}}, {"type": "Feature", "properties": {"layer": "quadras", "dxf_type": "LINE"}, "geometry": {"type": "LineString", "coordinates": [[-54.998212818010906, -10.251186655815804], [-54.99889225198397, -10.25199961575349]]}}, {"type": "Feature", "properties": {"layer": "quadras", "dxf_type": "LINE"}, "geometry": {"type": "LineString", "coordinates": [[-54.99889048507336, -10.252018665905519], [-54.99849026583785, -10.252349912801195]]}}, {"type": "Feature", "properties": {"layer": "quadras", "dxf_type": "LINE"}, "geometry": {"type": "LineString", "coordinates": [[-54.99898250903474, -10.251937781046992], [-54.99829029377229, -10.2511260866711]]}}, {"type": "Feature", "properties": {"layer": "quadras", "dxf_type": "LINE"}, "geometry": {"type": "LineString", "coordinates": [[-54.998291939798875, -10.251106960756742], [-54.9987088617664, -10.25075964099964]]}}, {"type": "Feature", "properties": {"layer": "quadras", "dxf_type": "LINE"}, "geometry": {"type": "LineString", "coordinates": [[-54.9987283029577, -10.250761474578647], [-54.99940493065907, -10.251587494219695]]}}, {"type": "Feature", "properties": {"layer": "quadras", "dxf_type": "LINE"}, "geometry": {"type": "LineString", "coordinates": [[-54.99940309148703, -10.251606430945559], [-54.99900175709836, -10.25193942541738]]}}, {"type": "Feature", "properties": {"layer": "quadras", "dxf_type": "LINE"}, "geometry": {"type": "LineString", "coordinates": [[-54.999488805244056, -10.251518133734491], [-54.99881022365494, -10.250694264404045]]}}, {"type": "Feature", "properties": {"layer": "quadras", "dxf_type": "LINE"}, "geometry": {"type": "LineString", "coordinates": [[-54.99881200900279, -10.250675327354614], [-54.99921336306634, -10.250340236761545]]}}, {"type": "Feature", "properties": {"layer": "quadras", "dxf_type": "LINE"}, "geometry": {"type": "LineString", "coordinates": [[-54.99923278446486, -10.250342022276358], [-54.99991863121472, -10.251173029518826]]}}, {"type": "Feature", "properties": {"layer": "quadras", "dxf_type": "LINE"}, "geometry": {"type": "LineString", "coordinates": [[-54.99991665041697, -10.251192144359225], [-54.999508031211406, -10.25152009701976]]}}, {"type": "Feature", "properties": {"layer": "quadras", "dxf_type": "LINE"}, "geometry": {"type": "LineString", "coordinates": [[-54.99931097595004, -10.25027612135655], [-54.999987023484906, -10.25110646792456]]}}, {"type": "Feature", "properties": {"layer": "quadras", "dxf_type": "LINE"}, "geometry": {"type": "LineString", "coordinates": [[-55.00000646988276, -10.251108351180001], [-55.00040959162714, -10.250773945999827]]}}, {"type": "Feature", "properties": {"layer": "quadras", "dxf_type": "LINE"}, "geometry": {"type": "LineString", "coordinates": [[-55.00041142983616, -10.25075500563394], [-54.99973984519253, -10.249935578721004]]}}, {"type": "Feature", "properties": {"layer": "quadras", "dxf_type": "LINE"}, "geometry": {"type": "LineString", "coordinates": [[-54.999720656272295, -10.249933543380667], [-54.99931307252466, -10.250257029835447]]}}, {"type": "Feature", "properties": {"layer": "quadras", "dxf_type": "LINE"}, "geometry": {"type": "LineString", "coordinates": [[-54.99980182356679, -10.249869254239945], [-55.00049395121943, -10.250685977257517]]}}, {"type": "Feature", "properties": {"layer": "quadras", "dxf_type": "LINE"}, "geometry": {"type": "LineString", "coordinates": [[-55.00051325943101, -10.250687627319536], [-55.00092090141318, -10.250347238920918]]}}, {"type": "Feature", "properties": {"layer": "quadras", "dxf_type": "LINE"}, "geometry": {"type": "LineString", "coordinates": [[-55.00092269657969, -10.250328316359393], [-55.000244761041195, -10.249502926105023]]}}, {"type": "Feature", "properties": {"layer": "quadras", "dxf_type": "LINE"}, "geometry": {"type": "LineString", "coordinates": [[-55.000225365630705, -10.249501076640366], [-54.999803532429226, -10.249850132301265]]}}, {"type": "Feature", "properties": {"layer": "quadras", "dxf_type": "LINE"}, "geometry": {"type": "LineString", "coordinates": [[-54.99607227529367, -10.252776765706807], [-54.99539066660788, -10.251955042953245]]}}, {"type": "Feature", "properties": {"layer": "quadras", "dxf_type": "LINE"}, "geometry": {"type": "LineString", "coordinates": [[-54.99539248835376, -10.251936013083139], [-54.99570775058305, -10.251676219393458]]}}, {"type": "Feature", "properties": {"layer": "quadras", "dxf_type": "LINE"}, "geometry": {"type": "LineString", "coordinates": [[-54.99572705339815, -10.251677998974383], [-54.996409635103994, -10.25249513877529]]}}, {"type": "Feature", "properties": {"layer": "quadras", "dxf_type": "LINE"}, "geometry": {"type": "LineString", "coordinates": [[-54.99640791761481, -10.252514142186397], [-54.99609168238158, -10.252778519707979]]}}, {"type": "Feature", "properties": {"layer": "quadras", "dxf_type": "LINE"}, "geometry": {"type": "LineString", "coordinates": [[-54.99649369499261, -10.252422993582078], [-54.9958108490605, -10.25160808590493]]}}, {"type": "Feature", "properties": {"layer": "quadras", "dxf_type": "LINE"}, "geometry": {"type": "LineString", "coordinates": [[-54.99581260986488, -10.251589018590419], [-54.996408824018836, -10.251096000472094]]}}, {"type": "Feature", "properties": {"layer": "quadras", "dxf_type": "LINE"}, "geometry": {"type": "LineString", "coordinates": [[-54.99642819677998, -10.251097828344804], [-54.9971051293155, -10.251918192420352]]}}, {"type": "Feature", "properties": {"layer": "quadras", "dxf_type": "LINE"}, "geometry": {"type": "LineString", "coordinates": [[-54.997103296952126, -10.251937185192595], [-54.99651299620516, -10.252424746901614]]}}, {"type": "Feature", "properties": {"layer": "quadras", "dxf_type": "LINE"}, "geometry": {"type": "LineString", "coordinates": [[-54.99718705897064, -10.251851396829057], [-54.996516353373906, -10.251033614037954]]}}, {"type": "Feature", "properties": {"layer": "quadras", "dxf_type": "LINE"}, "geometry": {"type": "LineString", "coordinates": [[-54.99651813404855, -10.25101471677061], [-54.996915294814116, -10.250681711640615]]}}, {"type": "Feature", "properties": {"layer": "quadras", "dxf_type": "LINE"}, "geometry": {"type": "LineString", "coordinates": [[-54.996934633138196, -10.250683353058685], [-54.99762225265365, -10.251496283995714]]}}, {"type": "Feature", "properties": {"layer": "quadras", "dxf_type": "LINE"}, "geometry": {"type": "LineString", "coordinates": [[-54.99762046300811, -10.251515456017403], [-54.99720638834167, -10.251853312981366]]}}, {"type": "Feature", "properties": {"layer": "quadras", "dxf_type": "LINE"}, "geometry": {"type": "LineString", "coordinates": [[-54.997697906019766, -10.251426859814993], [-54.99701540110804, -10.250620119883754]]}}, {"type": "Feature", "properties": {"layer": "quadras", "dxf_type": "LINE"}, "geometry": {"type": "LineString", "coordinates": [[-54.997017170605986, -10.250600962208798], [-54.99742273742023, -10.250268839683876]]}}, {"type": "Feature", "properties": {"layer": "quadras", "dxf_type": "LINE"}, "geometry": {"type": "LineString", "coordinates": [[-54.99744202889471, -10.250270672410517], [-54.998118802775224, -10.251085029727616]]}}, {"type": "Feature", "properties": {"layer": "quadras", "dxf_type": "LINE"}, "geometry": {"type": "LineString", "coordinates": [[-54.99811690955039, -10.251104134229903], [-54.997717075615, -10.251428638455762]]}}, {"type": "Feature", "properties": {"layer": "quadras", "dxf_type": "LINE"}, "geometry": {"type": "LineString", "coordinates": [[-54.99822562575783, -10.251014903441675], [-54.997535797784074, -10.250195408428684]]}}, {"type": "Feature", "properties": {"layer": "quadras", "dxf_type": "LINE"}, "geometry": {"type": "LineString", "coordinates": [[-54.99753758255931, -10.250176282475735], [-54.997938313036904, -10.249847678099496]]}}, {"type": "Feature", "properties": {"layer": "quadras", "dxf_type": "LINE"}, "geometry": {"type": "LineString", "coordinates": [[-54.99795752668787, -10.249849402745063], [-54.998649900871634, -10.250666102322544]]}}, {"type": "Feature", "properties": {"layer": "quadras", "dxf_type": "LINE"}, "geometry": {"type": "LineString", "coordinates": [[-54.998648158869585, -10.250685256577924], [-54.9982448803793, -10.251016655453405]]}}, {"type": "Feature", "properties": {"layer": "quadras", "dxf_type": "LINE"}, "geometry": {"type": "LineString", "coordinates": [[-54.998731676550804, -10.250592043148421], [-54.998049664872134, -10.249773785030532]]}}, {"type": "Feature", "properties": {"layer": "quadras", "dxf_type": "LINE"}, "geometry": {"type": "LineString", "coordinates": [[-54.998051494025944, -10.249754707249547], [-54.99844227109906, -10.249434419197863]]}}, {"type": "Feature", "properties": {"layer": "quadras", "dxf_type": "LINE"}, "geometry": {"type": "LineString", "coordinates": [[-54.99846149375777, -10.249436160135652], [-54.99915046375834, -10.250251109464239]]}}, {"type": "Feature", "properties": {"layer": "quadras", "dxf_type": "LINE"}, "geometry": {"type": "LineString", "coordinates": [[-54.99914865682296, -10.250270291350477], [-54.99875092235789, -10.250593888175796]]}}, {"type": "Feature", "properties": {"layer": "quadras", "dxf_type": "LINE"}, "geometry": {"type": "LineString", "coordinates": [[-54.999229757691964, -10.250185643810816], [-54.99854348609076, -10.249368095301131]]}}, {"type": "Feature", "properties": {"layer": "quadras", "dxf_type": "LINE"}, "geometry": {"type": "LineString", "coordinates": [[-54.998545301831754, -10.2493489677127], [-54.99894867993128, -10.249019445148722]]}}, {"type": "Feature", "properties": {"layer": "quadras", "dxf_type": "LINE"}, "geometry": {"type": "LineString", "coordinates": [[-54.99896788333013, -10.249021198588794], [-54.999652795363644, -10.249830962355007]]}}, {"type": "Feature", "properties": {"layer": "quadras", "dxf_type": "LINE"}, "geometry": {"type": "LineString", "coordinates": [[-54.999651149903904, -10.249850014175477], [-54.99924913230743, -10.250187320564066]]}}, {"type": "Feature", "properties": {"layer": "quadras", "dxf_type": "LINE"}, "geometry": {"type": "LineString", "coordinates": [[-54.99972066215437, -10.24977217670516], [-54.99905311148023, -10.248965370941592]]}}, {"type": "Feature", "properties": {"layer": "quadras", "dxf_type": "LINE"}, "geometry": {"type": "LineString", "coordinates": [[-54.99905509334925, -10.248946232615701], [-54.99947557975584, -10.248609528000562]]}}, {"type": "Feature", "properties": {"layer": "quadras", "dxf_type": "LINE"}, "geometry": {"type": "LineString", "coordinates": [[-54.999494718441426, -10.248611411172197], [-55.000157017376715, -10.249401532603336]]}}, {"type": "Feature", "properties": {"layer": "quadras", "dxf_type": "LINE"}, "geometry": {"type": "LineString", "coordinates": [[-55.00015540639443, -10.249420477077905], [-54.999740171743255, -10.24977386600681]]}}, {"type": "Feature", "properties": {"layer": "quadras", "dxf_type": "LINE"}, "geometry": {"type": "LineString", "coordinates": [[-54.99531448619989, -10.25187122771727], [-54.9949869404139, -10.251502980924903]]}}, {"type": "Feature", "properties": {"layer": "quadras", "dxf_type": "LINE"}, "geometry": {"type": "LineString", "coordinates": [[-54.994986693631205, -10.251485340277897], [-54.995268809070964, -10.251149920122486]]}}, {"type": "Feature", "properties": {"layer": "quadras", "dxf_type": "LINE"}, "geometry": {"type": "LineString", "coordinates": [[-54.994857934600184, -10.251412472408344], [-54.99516725822333, -10.251044703485926]]}}, {"type": "Feature", "properties": {"layer": "quadras", "dxf_type": "LINE"}, "geometry": {"type": "LineString", "coordinates": [[-54.9952899420816, -10.251150037856359], [-54.99564091663247, -10.251576980417312]]}}, {"type": "Feature", "properties": {"layer": "quadras", "dxf_type": "LINE"}, "geometry": {"type": "LineString", "coordinates": [[-54.99563953861812, -10.251595547509941], [-54.995333995342584, -10.251872270996342]]}}, {"type": "Feature", "properties": {"layer": "quadras", "dxf_type": "LINE"}, "geometry": {"type": "LineString", "coordinates": [[-54.9957233108911, -10.25150830794347], [-54.99535740367753, -10.251049610765369]]}}, {"type": "Feature", "properties": {"layer": "quadras", "dxf_type": "LINE"}, "geometry": {"type": "LineString", "coordinates": [[-54.995357722635674, -10.251032415622637], [-54.99586204544443, -10.250445775454534]]}}, {"type": "Feature", "properties": {"layer": "quadras", "dxf_type": "LINE"}, "geometry": {"type": "LineString", "coordinates": [[-54.995238604921916, -10.250947898001879], [-54.99573438234424, -10.250362930910743]]}}, {"type": "Feature", "properties": {"layer": "quadras", "dxf_type": "LINE"}, "geometry": {"type": "LineString", "coordinates": [[-54.99588300309614, -10.250445908330253], [-54.996347326898466, -10.251000256551544]]}}, {"type": "Feature", "properties": {"layer": "quadras", "dxf_type": "LINE"}, "geometry": {"type": "LineString", "coordinates": [[-54.996345487260484, -10.25101938576053], [-54.99574274696445, -10.251510373982963]]}}, {"type": "Feature", "properties": {"layer": "quadras", "dxf_type": "LINE"}, "geometry": {"type": "LineString", "coordinates": [[-54.996424685121106, -10.250931706454105], [-54.9959497451336, -10.250364651511164]]}}, {"type": "Feature", "properties": {"layer": "quadras", "dxf_type": "LINE"}, "geometry": {"type": "LineString", "coordinates": [[-54.99595002209675, -10.25034701679611], [-54.99616184785244, -10.250109572886274]]}}, {"type": "Feature", "properties": {"layer": "quadras", "dxf_type": "LINE"}, "geometry": {"type": "LineString", "coordinates": [[-54.99583283966135, -10.250259954148868], [-54.9960524263213, -10.250013810926113]]}}, {"type": "Feature", "properties": {"layer": "quadras", "dxf_type": "LINE"}, "geometry": {"type": "LineString", "coordinates": [[-54.99686239254526, -10.250602405285152], [-54.9964437651496, -10.250933642797538]]}}, {"type": "Feature", "properties": {"layer": "quadras", "dxf_type": "LINE"}, "geometry": {"type": "LineString", "coordinates": [[-54.99643212734865, -10.249881508523147], [-54.996834052933295, -10.249560162474475]]}}, {"type": "Feature", "properties": {"layer": "quadras", "dxf_type": "LINE"}, "geometry": {"type": "LineString", "coordinates": [[-54.99632345885837, -10.249782527004895], [-54.99674204041915, -10.249447864127871]]}}, {"type": "Feature", "properties": {"layer": "quadras", "dxf_type": "LINE"}, "geometry": {"type": "LineString", "coordinates": [[-54.99685324678038, -10.24956212840646], [-54.99735179473323, -10.250165775596455]]}}, {"type": "Feature", "properties": {"layer": "quadras", "dxf_type": "LINE"}, "geometry": {"type": "LineString", "coordinates": [[-54.99735019999109, -10.250184576401418], [-54.996954111495214, -10.25052691374507]]}}, {"type": "Feature", "properties": {"layer": "quadras", "dxf_type": "LINE"}, "geometry": {"type": "LineString", "coordinates": [[-54.99616184785244, -10.250109572886274], [-54.99633840502535, -10.249954575912279]]}}, {"type": "Feature", "properties": {"layer": "quadras", "dxf_type": "LINE"}, "geometry": {"type": "LineString", "coordinates": [[-54.996064994899704, -10.25000134289946], [-54.99625846873543, -10.249831493988566]]}}, {"type": "Feature", "properties": {"layer": "quadras", "dxf_type": "LINE"}, "geometry": {"type": "LineString", "coordinates": [[-54.99745032077342, -10.250091149295121], [-54.99693280350434, -10.249473021083503]]}}, {"type": "Feature", "properties": {"layer": "quadras", "dxf_type": "LINE"}, "geometry": {"type": "LineString", "coordinates": [[-54.99746964199719, -10.250092893617088], [-54.99830578931759, -10.249400038478178]]}}, {"type": "Feature", "properties": {"layer": "quadras", "dxf_type": "LINE"}, "geometry": {"type": "LineString", "coordinates": [[-55.00457665623643, -10.252326517136598], [-55.00524036911107, -10.253136641616926]]}}, {"type": "Feature", "properties": {"layer": "quadras", "dxf_type": "LINE"}, "geometry": {"type": "LineString", "coordinates": [[-55.005246282945365, -10.25331992919052], [-55.00484392143799, -10.25363920909709]]}}, {"type": "Feature", "properties": {"layer": "quadras", "dxf_type": "LINE"}, "geometry": {"type": "LineString", "coordinates": [[-54.99830578931759, -10.249400038478178], [-54.99778794997015, -10.248782892994173]]}}, {"type": "Feature", "properties": {"layer": "quadras", "dxf_type": "LINE"}, "geometry": {"type": "LineString", "coordinates": [[-54.99778794997015, -10.248782892994173], [-54.99693280350434, -10.249473021083503]]}}, {"type": "Feature", "properties": {"layer": "quadras", "dxf_type": "LINE"}, "geometry": {"type": "LineString", "coordinates": [[-54.99625846873543, -10.249831493988566], [-54.99632345885837, -10.249782527004895]]}}, {"type": "Feature", "properties": {"layer": "quadras", "dxf_type": "LINE"}, "geometry": {"type": "LineString", "coordinates": [[-54.996064994899704, -10.25000134289946], [-54.9960524263213, -10.250013810926113]]}}, {"type": "Feature", "properties": {"layer": "quadras", "dxf_type": "LINE"}, "geometry": {"type": "LineString", "coordinates": [[-54.99583283966135, -10.250259954148868], [-54.99573438234424, -10.250362930910743]]}}, {"type": "Feature", "properties": {"layer": "quadras", "dxf_type": "LINE"}, "geometry": {"type": "LineString", "coordinates": [[-54.995238604921916, -10.250947898001879], [-54.99516725822333, -10.251044703485926]]}}, {"type": "Feature", "properties": {"layer": "quadras", "dxf_type": "LINE"}, "geometry": {"type": "LineString", "coordinates": [[-54.99674390929635, -10.249428575998849], [-54.99621637329941, -10.248808646168163]]}}, {"type": "Feature", "properties": {"layer": "quadras", "dxf_type": "LINE"}, "geometry": {"type": "LineString", "coordinates": [[-55.00103262217595, -10.256625785221347], [-54.999981153886125, -10.257489515233198]]}}, {"type": "Feature", "properties": {"layer": "quadras", "dxf_type": "LWPOLYLINE"}, "geometry": {"type": "Polygon", "coordinates": [[[-54.99889692106447, -10.25387964260475], [-54.99889852832803, -10.253860732484991], [-54.99929534615376, -10.253521790121596], [-54.99931483354917, -10.253523415174861], [-55.00000290786645, -10.254347186736085], [-55.000001115331614, -10.254366252110458], [-54.99959834604639, -10.254698135126835], [-54.99957904299109, -10.254696354833795], [-54.99889692106447, -10.25387964260475]]]}}, {"type": "Feature", "properties": {"layer": "quadras", "dxf_type": "LWPOLYLINE"}, "geometry": {"type": "Polygon", "coordinates": [[[-54.99570775058305, -10.251676219393458], [-54.99572705339815, -10.251677998974383], [-54.996409635103994, -10.25249513877529], [-54.99640791761481, -10.252514142186397], [-54.99609168238158, -10.252778519707979], [-54.99607227529367, -10.252776765706807], [-54.99539066660788, -10.251955042953245], [-54.99539248835376, -10.251936013083139], [-54.99570775058305, -10.251676219393458]]]}}, {"type": "Feature", "properties": {"layer": "quadras", "dxf_type": "LWPOLYLINE"}, "geometry": {"type": "Polygon", "coordinates": [[[-54.995333995342584, -10.251872270996342], [-54.99531448619989, -10.25187122771727], [-54.9949869404139, -10.251502980924903], [-54.994986693631205, -10.251485340277897], [-54.995268809070964, -10.251149920122486], [-54.9952899420816, -10.251150037856359], [-54.99564091663247, -10.251576980417312], [-54.99563953861812, -10.251595547509941], [-54.995333995342584, -10.251872270996342]]]}}, {"type": "Feature", "properties": {"layer": "quadras", "dxf_type": "LWPOLYLINE"}, "geometry": {"type": "Polygon", "coordinates": [[[-54.99746964199719, -10.250092893617088], [-54.99745032077342, -10.250091149295121], [-54.99693280350434, -10.249473021083503], [-54.99778794997015, -10.248782892994173], [-54.99830578931759, -10.249400038478178], [-54.99746964199719, -10.250092893617088]]]}}, {"type": "Feature", "properties": {"layer": "quadras", "dxf_type": "LWPOLYLINE"}, "geometry": {"type": "Polygon", "coordinates": [[[-55.00163753428633, -10.256124708622867], [-55.00161812616663, -10.256122926883066], [-55.00094046738604, -10.255303226758057], [-55.00094234372262, -10.25528418086833], [-55.001851212095104, -10.254540971189103], [-55.001870445838776, -10.254542748209333], [-55.002547797548495, -10.255348054187284], [-55.00254609650347, -10.25536710479749], [-55.00163753428633, -10.256124708622867]]]}}, {"type": "Feature", "properties": {"layer": "quadras", "dxf_type": "LWPOLYLINE"}, "geometry": {"type": "Polygon", "coordinates": [[[-54.99746964199719, -10.250092893617088], [-54.99745032077342, -10.250091149295121], [-54.99693280350434, -10.249473021083503], [-54.99778794997015, -10.248782892994173], [-54.99830578931759, -10.249400038478178], [-54.99746964199719, -10.250092893617088]]]}}, {"type": "Feature", "properties": {"layer": "quadras", "dxf_type": "LWPOLYLINE"}, "geometry": {"type": "Polygon", "coordinates": [[[-54.996064994899704, -10.25000134289946], [-54.9960524263213, -10.250013810926113], [-54.99583283966135, -10.250259954148868], [-54.99573438234424, -10.250362930910743], [-54.995238604921916, -10.250947898001879], [-54.99516725822333, -10.251044703485926], [-54.99485793551847, -10.251412471510086], [-54.99483691299663, -10.251412487303211], [-54.99447906575475, -10.250988325529187], [-54.99621637329941, -10.248808646168163], [-54.99674390929635, -10.249428575998849], [-54.99674204041915, -10.249447864127871], [-54.99632345885837, -10.249782527004895], [-54.99625846873543, -10.249831493988566], [-54.996064994899704, -10.25000134289946]]]}}, {"type": "Feature", "properties": {"layer": "quadras", "dxf_type": "LWPOLYLINE"}, "geometry": {"type": "Polygon", "coordinates": [[[-54.99539066660788, -10.251955042953245], [-54.99539248835376, -10.251936013083139], [-54.99570775058305, -10.251676219393458], [-54.99572705339815, -10.251677998974383], [-54.996409635103994, -10.25249513877529], [-54.99640791761481, -10.252514142186397], [-54.99609168238158, -10.252778519707979], [-54.99607227529367, -10.252776765706807], [-54.99539066660788, -10.251955042953245]]]}}, {"type": "Feature", "properties": {"layer": "quadras", "dxf_type": "LWPOLYLINE"}, "geometry": {"type": "Polygon", "coordinates": [[[-54.9949869404139, -10.251502980924903], [-54.994986693631205, -10.251485340277897], [-54.995268809070964, -10.251149920122486], [-54.9952899420816, -10.251150037856359], [-54.99564091663247, -10.251576980417312], [-54.99563953861812, -10.251595547509941], [-54.995333995342584, -10.251872270996342], [-54.99531448619989, -10.25187122771727], [-54.9949869404139, -10.251502980924903]]]}}, {"type": "Feature", "properties": {"layer": "quadras", "dxf_type": "LWPOLYLINE"}, "geometry": {"type": "Polygon", "coordinates": [[[-55.001851212095104, -10.254540971189103], [-55.001870445838776, -10.254542748209333], [-55.002547797548495, -10.255348054187284], [-55.00254609650347, -10.25536710479749], [-55.00163753428633, -10.256124708622867], [-55.00161812616663, -10.256122926883066], [-55.00094046738604, -10.255303226758057], [-55.00094234372262, -10.25528418086833], [-55.001851212095104, -10.254540971189103]]]}}, {"type": "Feature", "properties": {"layer": "quadras", "dxf_type": "LWPOLYLINE"}, "geometry": {"type": "Polygon", "coordinates": [[[-55.00000290786645, -10.254347186736085], [-55.000001115331614, -10.254366252110458], [-54.99959834604639, -10.254698135126835], [-54.99957904299109, -10.254696354833795], [-54.99889692106447, -10.25387964260475], [-54.99889852832803, -10.253860732484991], [-54.99929534615376, -10.253521790121596], [-54.99931483354917, -10.253523415174861], [-55.00000290786645, -10.254347186736085]]]}}, {"type": "Feature", "properties": {"layer": "quadras", "dxf_type": "LINE"}, "geometry": {"type": "LineString", "coordinates": [[-55.00003046030363, -10.257589878758985], [-55.00110910686024, -10.25670618371072]]}}, {"type": "Feature", "properties": {"layer": "quadras", "dxf_type": "LINE"}, "geometry": {"type": "LineString", "coordinates": [[-55.00112850297723, -10.25670813715868], [-55.00196484941945, -10.25773875496436]]}}, {"type": "Feature", "properties": {"layer": "quadras", "dxf_type": "LWPOLYLINE"}, "geometry": {"type": "Polygon", "coordinates": [[[-55.00525980046822, -10.253138482912442], [-55.00524036911107, -10.253136641616926], [-55.00457665623643, -10.252326517136598], [-55.004578616204896, -10.252307481636658], [-55.004724134631935, -10.252189508126778], [-55.00481607787818, -10.252268875285601], [-55.004782593903705, -10.252312209082916], [-55.00551073616474, -10.25292983171054], [-55.00525980046822, -10.253138482912442]]]}}, {"type": "Feature", "properties": {"layer": "quadras", "dxf_type": "LWPOLYLINE"}, "geometry": {"type": "Polygon", "coordinates": [[[-55.00534406199041, -10.253260056881171], [-55.00534601516523, -10.25324078992326], [-55.00562052799811, -10.253022959397812], [-55.00657403484426, -10.253831735174794], [-55.00614227755307, -10.254186721414703], [-55.00612302166873, -10.254184974341149], [-55.00534406199041, -10.253260056881171]]]}}, {"type": "Feature", "properties": {"layer": "quadras", "dxf_type": "LINE"}, "geometry": {"type": "LineString", "coordinates": [[-55.00322165720369, -10.251709534479541], [-55.00255100796359, -10.250897715885724]]}}, {"type": "Feature", "properties": {"layer": "quadras", "dxf_type": "LINE"}, "geometry": {"type": "LineString", "coordinates": [[-55.00255289784619, -10.250878665523429], [-55.002888419412415, -10.250604868795659]]}}, {"type": "Feature", "properties": {"layer": "quadras", "dxf_type": "LINE"}, "geometry": {"type": "LineString", "coordinates": [[-55.00370274800013, -10.251307822095988], [-55.003241309106514, -10.2517111150951]]}}, {"type": "Feature", "properties": {"layer": "quadras", "dxf_type": "LWPOLYLINE"}, "geometry": {"type": "Polygon", "coordinates": [[[-55.00462884462621, -10.252107252236563], [-55.00450101044326, -10.252212680258125], [-55.00448173638964, -10.252210942941952], [-55.00377144020585, -10.251367119554079], [-55.00462884462621, -10.252107252236563]]]}}, {"type": "Feature", "properties": {"layer": "quadras", "dxf_type": "LINE"}, "geometry": {"type": "LineString", "coordinates": [[-54.99621637329941, -10.248808646168163], [-54.99674390929635, -10.249428575998849]]}}, {"type": "Feature", "properties": {"layer": "quadras", "dxf_type": "LINE"}, "geometry": {"type": "LineString", "coordinates": [[-54.99674204041915, -10.249447864127871], [-54.99632345885837, -10.249782527004895]]}}, {"type": "Feature", "properties": {"layer": "quadras", "dxf_type": "LINE"}, "geometry": {"type": "LineString", "coordinates": [[-54.99632345885837, -10.249782527004895], [-54.99625846873543, -10.249831493988566]]}}, {"type": "Feature", "properties": {"layer": "quadras", "dxf_type": "LINE"}, "geometry": {"type": "LineString", "coordinates": [[-54.99625846873543, -10.249831493988566], [-54.996064994899704, -10.25000134289946]]}}, {"type": "Feature", "properties": {"layer": "quadras", "dxf_type": "LINE"}, "geometry": {"type": "LineString", "coordinates": [[-54.996064994899704, -10.25000134289946], [-54.9960524263213, -10.250013810926113]]}}, {"type": "Feature", "properties": {"layer": "quadras", "dxf_type": "LINE"}, "geometry": {"type": "LineString", "coordinates": [[-54.9960524263213, -10.250013810926113], [-54.99583283966135, -10.250259954148868]]}}, {"type": "Feature", "properties": {"layer": "quadras", "dxf_type": "LINE"}, "geometry": {"type": "LineString", "coordinates": [[-54.99583283966135, -10.250259954148868], [-54.99573438234424, -10.250362930910743]]}}, {"type": "Feature", "properties": {"layer": "quadras", "dxf_type": "LINE"}, "geometry": {"type": "LineString", "coordinates": [[-54.99573438234424, -10.250362930910743], [-54.995238604921916, -10.250947898001879]]}}, {"type": "Feature", "properties": {"layer": "quadras", "dxf_type": "LINE"}, "geometry": {"type": "LineString", "coordinates": [[-54.995238604921916, -10.250947898001879], [-54.99516725822333, -10.251044703485926]]}}, {"type": "Feature", "properties": {"layer": "quadras", "dxf_type": "LINE"}, "geometry": {"type": "LineString", "coordinates": [[-54.99516725822333, -10.251044703485926], [-54.99485793551847, -10.251412471510086]]}}, {"type": "Feature", "properties": {"layer": "quadras", "dxf_type": "LINE"}, "geometry": {"type": "LineString", "coordinates": [[-54.99483691299663, -10.251412487303211], [-54.99447906575475, -10.250988325529187]]}}, {"type": "Feature", "properties": {"layer": "quadras", "dxf_type": "LINE"}, "geometry": {"type": "LineString", "coordinates": [[-54.99447906575475, -10.250988325529187], [-54.99621637329941, -10.248808646168163]]}}, {"type": "Feature", "properties": {"layer": "quadras", "dxf_type": "LINE"}, "geometry": {"type": "LineString", "coordinates": [[-54.996934420659926, -10.250525166205742], [-54.99643003562919, -10.249900527710977]]}}, {"type": "Feature", "properties": {"layer": "quadras", "dxf_type": "LINE"}, "geometry": {"type": "LineString", "coordinates": [[-54.996358175648574, -10.249956254370725], [-54.99686453927469, -10.250583343946133]]}}, {"type": "Feature", "properties": {"layer": "quadras", "dxf_type": "LINE"}, "geometry": {"type": "LineString", "coordinates": [[-55.00235549182587, -10.257015569624619], [-55.00249515629022, -10.257168417420246]]}}, {"type": "Feature", "properties": {"layer": "quadras", "dxf_type": "LINE"}, "geometry": {"type": "LineString", "coordinates": [[-55.00251404981775, -10.257169752127428], [-55.00342783015074, -10.2564184766856]]}}, {"type": "Feature", "properties": {"layer": "quadras", "dxf_type": "LINE"}, "geometry": {"type": "LineString", "coordinates": [[-55.00240858417879, -10.25725646141405], [-55.00200271469983, -10.257590149493964]]}}, {"type": "Feature", "properties": {"layer": "quadras", "dxf_type": "LINE"}, "geometry": {"type": "LineString", "coordinates": [[-55.00370274800013, -10.251307822095988], [-55.002888419412415, -10.250604868795659]]}}, {"type": "Feature", "properties": {"layer": "quadras", "dxf_type": "LINE"}, "geometry": {"type": "LineString", "coordinates": [[-55.000037132906584, -10.243019071518589], [-55.00001726240769, -10.24145081735228]]}}, {"type": "Feature", "properties": {"layer": "quadras", "dxf_type": "LINE"}, "geometry": {"type": "LineString", "coordinates": [[-55.00000336158215, -10.241437430615024], [-54.99971162780593, -10.241441935835104]]}}, {"type": "Feature", "properties": {"layer": "quadras", "dxf_type": "LINE"}, "geometry": {"type": "LineString", "coordinates": [[-54.99973139144951, -10.24303688920622], [-55.00002363789311, -10.243032798675062]]}}, {"type": "Feature", "properties": {"layer": "quadras", "dxf_type": "LINE"}, "geometry": {"type": "LineString", "coordinates": [[-54.99979125637831, -10.241317721076701], [-55.00000523577411, -10.24131212655393]]}}, {"type": "Feature", "properties": {"layer": "quadras", "dxf_type": "LINE"}, "geometry": {"type": "LineString", "coordinates": [[-54.99977742719521, -10.241306592776466], [-54.99959521065315, -10.240313947387046]]}}, {"type": "Feature", "properties": {"layer": "quadras", "dxf_type": "LINE"}, "geometry": {"type": "LineString", "coordinates": [[-54.99959521065315, -10.240313947387046], [-54.99954704562326, -10.240044901764598]]}}, {"type": "Feature", "properties": {"layer": "quadras", "dxf_type": "LINE"}, "geometry": {"type": "LineString", "coordinates": [[-54.99999468923781, -10.239769729439425], [-55.00001856118438, -10.241298363087704]]}}, {"type": "Feature", "properties": {"layer": "quadras", "dxf_type": "LINE"}, "geometry": {"type": "LineString", "coordinates": [[-54.99954704562326, -10.240044901764598], [-54.999538570906914, -10.239780880206428]]}}, {"type": "Feature", "properties": {"layer": "quadras", "dxf_type": "LINE"}, "geometry": {"type": "LineString", "coordinates": [[-54.99955191407693, -10.239766894494007], [-54.99998066409816, -10.239756384433669]]}}, {"type": "Feature", "properties": {"layer": "quadras", "dxf_type": "LINE"}, "geometry": {"type": "LineString", "coordinates": [[-54.99956244857055, -10.239651391638159], [-54.99999476601617, -10.239644048224573]]}}, {"type": "Feature", "properties": {"layer": "quadras", "dxf_type": "LINE"}, "geometry": {"type": "LineString", "coordinates": [[-55.000008218801824, -10.239630333436054], [-54.99999095733454, -10.238159644837987]]}}, {"type": "Feature", "properties": {"layer": "quadras", "dxf_type": "LINE"}, "geometry": {"type": "LineString", "coordinates": [[-54.99997708590832, -10.238146245649535], [-54.999532285147545, -10.238152158569445]]}}, {"type": "Feature", "properties": {"layer": "quadras", "dxf_type": "LINE"}, "geometry": {"type": "LineString", "coordinates": [[-54.99951878242783, -10.238165986934444], [-54.99954852802763, -10.239638106920198]]}}, {"type": "Feature", "properties": {"layer": "quadras", "dxf_type": "LINE"}, "geometry": {"type": "LineString", "coordinates": [[-55.000185844887476, -10.243030907367412], [-55.00063083374557, -10.243027840606533]]}}, {"type": "Feature", "properties": {"layer": "quadras", "dxf_type": "LINE"}, "geometry": {"type": "LineString", "coordinates": [[-55.000158401597396, -10.24153737554295], [-55.00017206111272, -10.243017472532545]]}}, {"type": "Feature", "properties": {"layer": "quadras", "dxf_type": "LINE"}, "geometry": {"type": "LineString", "coordinates": [[-55.00059827562589, -10.241504215161173], [-55.00017145993724, -10.241523707148744]]}}, {"type": "Feature", "properties": {"layer": "quadras", "dxf_type": "LINE"}, "geometry": {"type": "LineString", "coordinates": [[-55.00061259251827, -10.241517474270793], [-55.00064442438159, -10.243013996497705]]}}, {"type": "Feature", "properties": {"layer": "quadras", "dxf_type": "LINE"}, "geometry": {"type": "LineString", "coordinates": [[-55.00123243313901, -10.242998643497561], [-55.00119738679825, -10.241533041521302]]}}, {"type": "Feature", "properties": {"layer": "quadras", "dxf_type": "LINE"}, "geometry": {"type": "LineString", "coordinates": [[-55.00075567228596, -10.243009335602084], [-55.00074490021501, -10.241537110998868]]}}, {"type": "Feature", "properties": {"layer": "quadras", "dxf_type": "LINE"}, "geometry": {"type": "LineString", "coordinates": [[-55.0007696768023, -10.243022792564073], [-55.001219064087415, -10.243012519731328]]}}, {"type": "Feature", "properties": {"layer": "quadras", "dxf_type": "LINE"}, "geometry": {"type": "LineString", "coordinates": [[-55.000583369985776, -10.239768628319563], [-55.000139772425804, -10.239767831085976]]}}, {"type": "Feature", "properties": {"layer": "quadras", "dxf_type": "LINE"}, "geometry": {"type": "LineString", "coordinates": [[-55.0001260598177, -10.239781502701781], [-55.00013962664902, -10.24139278942486]]}}, {"type": "Feature", "properties": {"layer": "quadras", "dxf_type": "LINE"}, "geometry": {"type": "LineString", "coordinates": [[-55.00015343494215, -10.241406234343088], [-55.000593363149434, -10.241402408438887]]}}, {"type": "Feature", "properties": {"layer": "quadras", "dxf_type": "LINE"}, "geometry": {"type": "LineString", "coordinates": [[-55.00060693144034, -10.24138876756376], [-55.00059703386077, -10.239782103960277]]}}, {"type": "Feature", "properties": {"layer": "quadras", "dxf_type": "LINE"}, "geometry": {"type": "LineString", "coordinates": [[-55.00014686784346, -10.239642456959443], [-55.000584281632435, -10.239639148477607]]}}, {"type": "Feature", "properties": {"layer": "quadras", "dxf_type": "LINE"}, "geometry": {"type": "LineString", "coordinates": [[-55.000109926537654, -10.238156333879454], [-55.00013307633964, -10.239629109780797]]}}, {"type": "Feature", "properties": {"layer": "quadras", "dxf_type": "LINE"}, "geometry": {"type": "LineString", "coordinates": [[-55.00059786480318, -10.239625448924224], [-55.00058228806517, -10.238143822776992]]}}, {"type": "Feature", "properties": {"layer": "quadras", "dxf_type": "LINE"}, "geometry": {"type": "LineString", "coordinates": [[-55.00056822230825, -10.23813041066394], [-55.00012323628388, -10.238142568477452]]}}, {"type": "Feature", "properties": {"layer": "quadras", "dxf_type": "LINE"}, "geometry": {"type": "LineString", "coordinates": [[-55.000744780134994, -10.241378592552563], [-55.000720052193195, -10.239792599923426]]}}, {"type": "Feature", "properties": {"layer": "quadras", "dxf_type": "LINE"}, "geometry": {"type": "LineString", "coordinates": [[-55.000733337337955, -10.239778837969792], [-55.001767387228924, -10.23974871428098]]}}, {"type": "Feature", "properties": {"layer": "quadras", "dxf_type": "LINE"}, "geometry": {"type": "LineString", "coordinates": [[-55.00178147765888, -10.239762140073678], [-55.0017965949479, -10.24136210075382]]}}, {"type": "Feature", "properties": {"layer": "quadras", "dxf_type": "LINE"}, "geometry": {"type": "LineString", "coordinates": [[-55.00178312407852, -10.241375784771305], [-55.00075868488951, -10.24139194041872]]}}, {"type": "Feature", "properties": {"layer": "quadras", "dxf_type": "LINE"}, "geometry": {"type": "LineString", "coordinates": [[-55.00117893188234, -10.239633930294634], [-55.00073051560205, -10.239646134370417]]}}, {"type": "Feature", "properties": {"layer": "quadras", "dxf_type": "LINE"}, "geometry": {"type": "LineString", "coordinates": [[-55.000716451024616, -10.23963266983119], [-55.00070671480632, -10.238158691436949]]}}, {"type": "Feature", "properties": {"layer": "quadras", "dxf_type": "LINE"}, "geometry": {"type": "LineString", "coordinates": [[-55.001151922102146, -10.238140806912329], [-55.00072026744893, -10.238145045008814]]}}, {"type": "Feature", "properties": {"layer": "quadras", "dxf_type": "LINE"}, "geometry": {"type": "LineString", "coordinates": [[-55.00116574391722, -10.238154122593642], [-55.00119224276991, -10.239620134126298]]}}, {"type": "Feature", "properties": {"layer": "quadras", "dxf_type": "LINE"}, "geometry": {"type": "LineString", "coordinates": [[-55.00132124472009, -10.241532145853355], [-55.00137017021912, -10.242997807014845]]}}, {"type": "Feature", "properties": {"layer": "quadras", "dxf_type": "LINE"}, "geometry": {"type": "LineString", "coordinates": [[-55.001383937835016, -10.243010917199447], [-55.001802899247, -10.243008303516463]]}}, {"type": "Feature", "properties": {"layer": "quadras", "dxf_type": "LINE"}, "geometry": {"type": "LineString", "coordinates": [[-55.00181650133707, -10.242994663706627], [-55.001807656835716, -10.241536638099106]]}}, {"type": "Feature", "properties": {"layer": "quadras", "dxf_type": "LINE"}, "geometry": {"type": "LineString", "coordinates": [[-55.00179411969735, -10.241523161458348], [-55.00133507719296, -10.241518140477051]]}}, {"type": "Feature", "properties": {"layer": "quadras", "dxf_type": "LINE"}, "geometry": {"type": "LineString", "coordinates": [[-55.00195097781778, -10.242993081087898], [-55.00193213274555, -10.241530041320672]]}}, {"type": "Feature", "properties": {"layer": "quadras", "dxf_type": "LINE"}, "geometry": {"type": "LineString", "coordinates": [[-55.00194566505404, -10.241516310670473], [-55.00238963396039, -10.241511316710573]]}}, {"type": "Feature", "properties": {"layer": "quadras", "dxf_type": "LINE"}, "geometry": {"type": "LineString", "coordinates": [[-55.00240347790465, -10.241524770809567], [-55.00241473129379, -10.242987524767866]]}}, {"type": "Feature", "properties": {"layer": "quadras", "dxf_type": "LINE"}, "geometry": {"type": "LineString", "coordinates": [[-55.002401210313785, -10.243001185896093], [-55.001964833179024, -10.243006465680809]]}}, {"type": "Feature", "properties": {"layer": "quadras", "dxf_type": "LINE"}, "geometry": {"type": "LineString", "coordinates": [[-55.00193094608955, -10.23974070057796], [-55.0023672682255, -10.239737365834486]]}}, {"type": "Feature", "properties": {"layer": "quadras", "dxf_type": "LINE"}, "geometry": {"type": "LineString", "coordinates": [[-55.002381062770944, -10.239750828657327], [-55.00239236853347, -10.241356598578927]]}}, {"type": "Feature", "properties": {"layer": "quadras", "dxf_type": "LINE"}, "geometry": {"type": "LineString", "coordinates": [[-55.001936035878195, -10.241361738083814], [-55.001917364688374, -10.239754415574225]]}}, {"type": "Feature", "properties": {"layer": "quadras", "dxf_type": "LINE"}, "geometry": {"type": "LineString", "coordinates": [[-55.00254084766455, -10.241381062350307], [-55.002977314586175, -10.241366351271655]]}}, {"type": "Feature", "properties": {"layer": "quadras", "dxf_type": "LINE"}, "geometry": {"type": "LineString", "coordinates": [[-55.002990537126436, -10.241352676517382], [-55.00297566750782, -10.239739739551254]]}}, {"type": "Feature", "properties": {"layer": "quadras", "dxf_type": "LINE"}, "geometry": {"type": "LineString", "coordinates": [[-55.00296180156602, -10.239726306140376], [-55.0025180688431, -10.239731997005487]]}}, {"type": "Feature", "properties": {"layer": "quadras", "dxf_type": "LINE"}, "geometry": {"type": "LineString", "coordinates": [[-55.002504558484546, -10.239745737777225], [-55.002526693802736, -10.2413676949384]]}}, {"type": "Feature", "properties": {"layer": "quadras", "dxf_type": "LINE"}, "geometry": {"type": "LineString", "coordinates": [[-55.003190024513465, -10.24299315714379], [-55.00361850954063, -10.242990376323176]]}}, {"type": "Feature", "properties": {"layer": "quadras", "dxf_type": "LINE"}, "geometry": {"type": "LineString", "coordinates": [[-55.00363210850094, -10.242976788831369], [-55.003628927424586, -10.241506524812742]]}}, {"type": "Feature", "properties": {"layer": "quadras", "dxf_type": "LINE"}, "geometry": {"type": "LineString", "coordinates": [[-55.003615110353174, -10.241492995895745], [-55.003180088836096, -10.241497039503725]]}}, {"type": "Feature", "properties": {"layer": "quadras", "dxf_type": "LINE"}, "geometry": {"type": "LineString", "coordinates": [[-55.00316652880261, -10.24151068688383], [-55.00317624627929, -10.242979688098433]]}}, {"type": "Feature", "properties": {"layer": "quadras", "dxf_type": "LINE"}, "geometry": {"type": "LineString", "coordinates": [[-55.00318097290096, -10.241365696312998], [-55.00361242857965, -10.241361816086625]]}}, {"type": "Feature", "properties": {"layer": "quadras", "dxf_type": "LINE"}, "geometry": {"type": "LineString", "coordinates": [[-55.00362599165016, -10.241348117177958], [-55.00360902962476, -10.23973040402089]]}}, {"type": "Feature", "properties": {"layer": "quadras", "dxf_type": "LINE"}, "geometry": {"type": "LineString", "coordinates": [[-55.00359509418333, -10.239716988284211], [-55.00315513136388, -10.239724852700022]]}}, {"type": "Feature", "properties": {"layer": "quadras", "dxf_type": "LINE"}, "geometry": {"type": "LineString", "coordinates": [[-55.00314169112588, -10.239738621051616], [-55.00316716110246, -10.24135235000691]]}}, {"type": "Feature", "properties": {"layer": "quadras", "dxf_type": "LINE"}, "geometry": {"type": "LineString", "coordinates": [[-55.00314756717647, -10.239609726499584], [-55.003593650849204, -10.239591326403982]]}}, {"type": "Feature", "properties": {"layer": "quadras", "dxf_type": "LINE"}, "geometry": {"type": "LineString", "coordinates": [[-55.003606769235844, -10.239577652773583], [-55.00359292952065, -10.238117940625154]]}}, {"type": "Feature", "properties": {"layer": "quadras", "dxf_type": "LINE"}, "geometry": {"type": "LineString", "coordinates": [[-55.003578954976454, -10.238104512004705], [-55.003141619796146, -10.238113565327874]]}}, {"type": "Feature", "properties": {"layer": "quadras", "dxf_type": "LINE"}, "geometry": {"type": "LineString", "coordinates": [[-55.003128217181995, -10.238127167600931], [-55.00313330831669, -10.239596226504744]]}}, {"type": "Feature", "properties": {"layer": "quadras", "dxf_type": "LINE"}, "geometry": {"type": "LineString", "coordinates": [[-55.00416330563536, -10.238108043325713], [-55.00373777418423, -10.2381125182638]]}}, {"type": "Feature", "properties": {"layer": "quadras", "dxf_type": "LINE"}, "geometry": {"type": "LineString", "coordinates": [[-55.00372423144884, -10.238126202867534], [-55.003737946552356, -10.239578941464996]]}}, {"type": "Feature", "properties": {"layer": "quadras", "dxf_type": "LINE"}, "geometry": {"type": "LineString", "coordinates": [[-55.00375188556151, -10.239592370776423], [-55.00418277498429, -10.239584550178623]]}}, {"type": "Feature", "properties": {"layer": "quadras", "dxf_type": "LINE"}, "geometry": {"type": "LineString", "coordinates": [[-55.00419621130712, -10.239570817003512], [-55.00417713813782, -10.23812142495385]]}}, {"type": "Feature", "properties": {"layer": "quadras", "dxf_type": "LINE"}, "geometry": {"type": "LineString", "coordinates": [[-55.00374945403505, -10.239716577066561], [-55.004191169187834, -10.23970520812503]]}}, {"type": "Feature", "properties": {"layer": "quadras", "dxf_type": "LINE"}, "geometry": {"type": "LineString", "coordinates": [[-55.004205212449044, -10.239718607327573], [-55.004223864885944, -10.241332971485392]]}}, {"type": "Feature", "properties": {"layer": "quadras", "dxf_type": "LINE"}, "geometry": {"type": "LineString", "coordinates": [[-55.00421059747038, -10.241346678565717], [-55.0037707529284, -10.241360051757027]]}}, {"type": "Feature", "properties": {"layer": "quadras", "dxf_type": "LINE"}, "geometry": {"type": "LineString", "coordinates": [[-55.003756644724454, -10.241346670206877], [-55.003736121778225, -10.239730301817845]]}}, {"type": "Feature", "properties": {"layer": "quadras", "dxf_type": "LINE"}, "geometry": {"type": "LineString", "coordinates": [[-55.00379008543918, -10.24298837802008], [-55.00423178070408, -10.242968519148286]]}}, {"type": "Feature", "properties": {"layer": "quadras", "dxf_type": "LINE"}, "geometry": {"type": "LineString", "coordinates": [[-55.004244845368476, -10.242954703268778], [-55.00421522823269, -10.241485100885955]]}}, {"type": "Feature", "properties": {"layer": "quadras", "dxf_type": "LINE"}, "geometry": {"type": "LineString", "coordinates": [[-55.00420105000754, -10.241471821064819], [-55.00376388005275, -10.241487396323082]]}}, {"type": "Feature", "properties": {"layer": "quadras", "dxf_type": "LINE"}, "geometry": {"type": "LineString", "coordinates": [[-55.00375068517221, -10.241501175235152], [-55.00377577781546, -10.242975062124936]]}}, {"type": "Feature", "properties": {"layer": "quadras", "dxf_type": "LINE"}, "geometry": {"type": "LineString", "coordinates": [[-55.004385233891476, -10.242966543077578], [-55.00480976201138, -10.242952830511978]]}}, {"type": "Feature", "properties": {"layer": "quadras", "dxf_type": "LINE"}, "geometry": {"type": "LineString", "coordinates": [[-55.00482300416246, -10.242939232636008], [-55.004817955176385, -10.241469949578187]]}}, {"type": "Feature", "properties": {"layer": "quadras", "dxf_type": "LINE"}, "geometry": {"type": "LineString", "coordinates": [[-55.004803893335655, -10.24145644179937], [-55.004360043487644, -10.241468438014845]]}}, {"type": "Feature", "properties": {"layer": "quadras", "dxf_type": "LINE"}, "geometry": {"type": "LineString", "coordinates": [[-55.004346730011875, -10.24148221351647], [-55.00437110153793, -10.24295321472106]]}}, {"type": "Feature", "properties": {"layer": "quadras", "dxf_type": "LINE"}, "geometry": {"type": "LineString", "coordinates": [[-55.00495574242956, -10.241459421659767], [-55.005388953688595, -10.241462241635281]]}}, {"type": "Feature", "properties": {"layer": "quadras", "dxf_type": "LINE"}, "geometry": {"type": "LineString", "coordinates": [[-55.004947768258845, -10.242946351844193], [-55.004941963663015, -10.241473032533282]]}}, {"type": "Feature", "properties": {"layer": "quadras", "dxf_type": "LINE"}, "geometry": {"type": "LineString", "coordinates": [[-55.00540001143988, -10.242953381925396], [-55.004961661350904, -10.242959855881704]]}}, {"type": "Feature", "properties": {"layer": "quadras", "dxf_type": "LINE"}, "geometry": {"type": "LineString", "coordinates": [[-55.00541349578169, -10.242939724943211], [-55.005402552266645, -10.24147569954784]]}}, {"type": "Feature", "properties": {"layer": "quadras", "dxf_type": "LINE"}, "geometry": {"type": "LineString", "coordinates": [[-55.005545519538, -10.242938120358916], [-55.00552992663369, -10.241477008627266]]}}, {"type": "Feature", "properties": {"layer": "quadras", "dxf_type": "LINE"}, "geometry": {"type": "LineString", "coordinates": [[-55.005543231362694, -10.241463311655767], [-55.00598398271188, -10.241451095046765]]}}, {"type": "Feature", "properties": {"layer": "quadras", "dxf_type": "LINE"}, "geometry": {"type": "LineString", "coordinates": [[-55.00599805427463, -10.241464516970042], [-55.00601239175149, -10.242930302814868]]}}, {"type": "Feature", "properties": {"layer": "quadras", "dxf_type": "LINE"}, "geometry": {"type": "LineString", "coordinates": [[-55.005998940091686, -10.242943990760656], [-55.005559445165275, -10.242951534182222]]}}, {"type": "Feature", "properties": {"layer": "quadras", "dxf_type": "LINE"}, "geometry": {"type": "LineString", "coordinates": [[-55.00615613204752, -10.242955063277545], [-55.0065996622332, -10.242946277380735]]}}, {"type": "Feature", "properties": {"layer": "quadras", "dxf_type": "LINE"}, "geometry": {"type": "LineString", "coordinates": [[-55.00661307659769, -10.242932566578514], [-55.006596110814975, -10.241462977591278]]}}, {"type": "Feature", "properties": {"layer": "quadras", "dxf_type": "LINE"}, "geometry": {"type": "LineString", "coordinates": [[-55.00658244612768, -10.241449574454007], [-55.00613352377153, -10.241448843639057]]}}, {"type": "Feature", "properties": {"layer": "quadras", "dxf_type": "LINE"}, "geometry": {"type": "LineString", "coordinates": [[-55.006119813464004, -10.241462605043576], [-55.00614217133368, -10.242941709823244]]}}, {"type": "Feature", "properties": {"layer": "quadras", "dxf_type": "LINE"}, "geometry": {"type": "LineString", "coordinates": [[-55.006745640869305, -10.242942912034517], [-55.00718087586644, -10.242946197974257]]}}, {"type": "Feature", "properties": {"layer": "quadras", "dxf_type": "LINE"}, "geometry": {"type": "LineString", "coordinates": [[-55.007194666070106, -10.242932362896823], [-55.00716390629549, -10.241442460816765]]}}, {"type": "Feature", "properties": {"layer": "quadras", "dxf_type": "LINE"}, "geometry": {"type": "LineString", "coordinates": [[-55.007149786300715, -10.241429185978765], [-55.0067191893965, -10.241442703899995]]}}, {"type": "Feature", "properties": {"layer": "quadras", "dxf_type": "LINE"}, "geometry": {"type": "LineString", "coordinates": [[-55.00670593615041, -10.241456493445323], [-55.00673205773534, -10.242929592553184]]}}, {"type": "Feature", "properties": {"layer": "quadras", "dxf_type": "LINE"}, "geometry": {"type": "LineString", "coordinates": [[-55.00733265735592, -10.242950946333341], [-55.007761566192286, -10.24294811019486]]}}, {"type": "Feature", "properties": {"layer": "quadras", "dxf_type": "LINE"}, "geometry": {"type": "LineString", "coordinates": [[-55.007775164072065, -10.242934526105923], [-55.00777223926588, -10.24142511828615]]}}, {"type": "Feature", "properties": {"layer": "quadras", "dxf_type": "LINE"}, "geometry": {"type": "LineString", "coordinates": [[-55.007758131761236, -10.241411592254485], [-55.007329333174695, -10.241424578749566]]}}, {"type": "Feature", "properties": {"layer": "quadras", "dxf_type": "LINE"}, "geometry": {"type": "LineString", "coordinates": [[-55.00731606302631, -10.24143815579803], [-55.00731887749008, -10.242937413243283]]}}, {"type": "Feature", "properties": {"layer": "quadras", "dxf_type": "LINE"}, "geometry": {"type": "LineString", "coordinates": [[-55.00613669294979, -10.241321986861838], [-55.006578327561364, -10.241315040201638]]}}, {"type": "Feature", "properties": {"layer": "quadras", "dxf_type": "LINE"}, "geometry": {"type": "LineString", "coordinates": [[-55.005981694363, -10.241323102028314], [-55.005539120232214, -10.241331892450063]]}}, {"type": "Feature", "properties": {"layer": "quadras", "dxf_type": "LINE"}, "geometry": {"type": "LineString", "coordinates": [[-55.005525156606815, -10.241318435016256], [-55.005513223656074, -10.239698046480552]]}}, {"type": "Feature", "properties": {"layer": "quadras", "dxf_type": "LINE"}, "geometry": {"type": "LineString", "coordinates": [[-55.005526866621636, -10.239684389533942], [-55.00596590011344, -10.239682930457159]]}}, {"type": "Feature", "properties": {"layer": "quadras", "dxf_type": "LINE"}, "geometry": {"type": "LineString", "coordinates": [[-55.00597963390533, -10.239696359336714], [-55.00599510759667, -10.241309416545866]]}}, {"type": "Feature", "properties": {"layer": "quadras", "dxf_type": "LINE"}, "geometry": {"type": "LineString", "coordinates": [[-55.00656766741006, -10.239702748683317], [-55.00659179782193, -10.241301280013296]]}}, {"type": "Feature", "properties": {"layer": "quadras", "dxf_type": "LINE"}, "geometry": {"type": "LineString", "coordinates": [[-55.006554083710256, -10.239689393058171], [-55.00611573317535, -10.23968610064743]]}}, {"type": "Feature", "properties": {"layer": "quadras", "dxf_type": "LINE"}, "geometry": {"type": "LineString", "coordinates": [[-55.0061019419199, -10.23969983264431], [-55.00612278814854, -10.24130860393191]]}}, {"type": "Feature", "properties": {"layer": "quadras", "dxf_type": "LINE"}, "geometry": {"type": "LineString", "coordinates": [[-55.00540138122964, -10.241322736098695], [-55.00538524057507, -10.23970984706742]]}}, {"type": "Feature", "properties": {"layer": "quadras", "dxf_type": "LINE"}, "geometry": {"type": "LineString", "coordinates": [[-55.00537158983353, -10.239696422292205], [-55.004931863883776, -10.239695241366165]]}}, {"type": "Feature", "properties": {"layer": "quadras", "dxf_type": "LINE"}, "geometry": {"type": "LineString", "coordinates": [[-55.004918139339516, -10.239708952018288], [-55.004936424919975, -10.241324478803561]]}}, {"type": "Feature", "properties": {"layer": "quadras", "dxf_type": "LINE"}, "geometry": {"type": "LineString", "coordinates": [[-55.00495015885883, -10.241337885133193], [-55.00538773886264, -10.241336429185806]]}}, {"type": "Feature", "properties": {"layer": "quadras", "dxf_type": "LINE"}, "geometry": {"type": "LineString", "coordinates": [[-55.00479523545706, -10.23971219802157], [-55.00481425968436, -10.241295461745567]]}}, {"type": "Feature", "properties": {"layer": "quadras", "dxf_type": "LINE"}, "geometry": {"type": "LineString", "coordinates": [[-55.00480116568552, -10.241309169014956], [-55.00435464264038, -10.241328375755913]]}}, {"type": "Feature", "properties": {"layer": "quadras", "dxf_type": "LINE"}, "geometry": {"type": "LineString", "coordinates": [[-55.004340360435116, -10.241314940731424], [-55.00432715689051, -10.239717738413955]]}}, {"type": "Feature", "properties": {"layer": "quadras", "dxf_type": "LINE"}, "geometry": {"type": "LineString", "coordinates": [[-55.00434067950741, -10.239704069941133], [-55.004781382881404, -10.239698801817598]]}}, {"type": "Feature", "properties": {"layer": "quadras", "dxf_type": "LINE"}, "geometry": {"type": "LineString", "coordinates": [[-55.004341361033866, -10.239579767898336], [-55.00478236333567, -10.239579061888623]]}}, {"type": "Feature", "properties": {"layer": "quadras", "dxf_type": "LINE"}, "geometry": {"type": "LineString", "coordinates": [[-55.004796026552555, -10.239565234259402], [-55.004766941816285, -10.238113713061505]]}}, {"type": "Feature", "properties": {"layer": "quadras", "dxf_type": "LINE"}, "geometry": {"type": "LineString", "coordinates": [[-55.00475314703573, -10.238100423885973], [-55.004323623330286, -10.238103800340527]]}}, {"type": "Feature", "properties": {"layer": "quadras", "dxf_type": "LINE"}, "geometry": {"type": "LineString", "coordinates": [[-55.00431004479415, -10.238117521814756], [-55.00432765084592, -10.239566372553048]]}}, {"type": "Feature", "properties": {"layer": "quadras", "dxf_type": "LINE"}, "geometry": {"type": "LineString", "coordinates": [[-55.004926119687106, -10.239564203574433], [-55.00536734613291, -10.239563720506816]]}}, {"type": "Feature", "properties": {"layer": "quadras", "dxf_type": "LINE"}, "geometry": {"type": "LineString", "coordinates": [[-55.00538101867734, -10.239550003184569], [-55.0053638898272, -10.23810024972163]]}}, {"type": "Feature", "properties": {"layer": "quadras", "dxf_type": "LINE"}, "geometry": {"type": "LineString", "coordinates": [[-55.00534990039569, -10.238086852710074], [-55.00491616066597, -10.23809631374751]]}}, {"type": "Feature", "properties": {"layer": "quadras", "dxf_type": "LINE"}, "geometry": {"type": "LineString", "coordinates": [[-55.00490277426918, -10.238109959595771], [-55.00491241631609, -10.239550735073149]]}}, {"type": "Feature", "properties": {"layer": "quadras", "dxf_type": "LINE"}, "geometry": {"type": "LineString", "coordinates": [[-55.00551780383053, -10.239567974081645], [-55.005965979945216, -10.239559303456158]]}}, {"type": "Feature", "properties": {"layer": "quadras", "dxf_type": "LINE"}, "geometry": {"type": "LineString", "coordinates": [[-55.00597939991917, -10.239545547494577], [-55.005957724608585, -10.238086284398817]]}}, {"type": "Feature", "properties": {"layer": "quadras", "dxf_type": "LINE"}, "geometry": {"type": "LineString", "coordinates": [[-55.00594382707366, -10.238072926840577], [-55.00551251900701, -10.238079514633759]]}}, {"type": "Feature", "properties": {"layer": "quadras", "dxf_type": "LINE"}, "geometry": {"type": "LineString", "coordinates": [[-55.00549904165243, -10.238093115661313], [-55.005503847908614, -10.239554462471494]]}}, {"type": "Feature", "properties": {"layer": "quadras", "dxf_type": "LINE"}, "geometry": {"type": "LineString", "coordinates": [[-55.0061231478223, -10.239561404054326], [-55.00656344713442, -10.239572644855526]]}}, {"type": "Feature", "properties": {"layer": "quadras", "dxf_type": "LINE"}, "geometry": {"type": "LineString", "coordinates": [[-55.0065774870032, -10.239558847467249], [-55.00655103903597, -10.238098963497745]]}}, {"type": "Feature", "properties": {"layer": "quadras", "dxf_type": "LINE"}, "geometry": {"type": "LineString", "coordinates": [[-55.00653762213164, -10.238085650486143], [-55.00609770614004, -10.238077070825746]]}}, {"type": "Feature", "properties": {"layer": "quadras", "dxf_type": "LINE"}, "geometry": {"type": "LineString", "coordinates": [[-55.00608374938653, -10.238090866904065], [-55.006109813938664, -10.23954809062309]]}}, {"type": "Feature", "properties": {"layer": "quadras", "dxf_type": "LINE"}, "geometry": {"type": "LineString", "coordinates": [[-55.0067166180756, -10.239557473723453], [-55.007151672101685, -10.239549540902495]]}}, {"type": "Feature", "properties": {"layer": "quadras", "dxf_type": "LINE"}, "geometry": {"type": "LineString", "coordinates": [[-55.00716510874565, -10.239535885320658], [-55.007154191636616, -10.238056814348086]]}}, {"type": "Feature", "properties": {"layer": "quadras", "dxf_type": "LINE"}, "geometry": {"type": "LineString", "coordinates": [[-55.00714018514477, -10.238043358540382], [-55.00669172772463, -10.238053680031932]]}}, {"type": "Feature", "properties": {"layer": "quadras", "dxf_type": "LINE"}, "geometry": {"type": "LineString", "coordinates": [[-55.00667835883022, -10.238067456240568], [-55.00670267924372, -10.239544138526362]]}}, {"type": "Feature", "properties": {"layer": "quadras", "dxf_type": "LINE"}, "geometry": {"type": "LineString", "coordinates": [[-55.007280421321845, -10.239532550316083], [-55.007268134312675, -10.238056330888035]]}}, {"type": "Feature", "properties": {"layer": "quadras", "dxf_type": "LINE"}, "geometry": {"type": "LineString", "coordinates": [[-55.007281578256865, -10.238042662677584], [-55.007522788909604, -10.238038408297676]]}}, {"type": "Feature", "properties": {"layer": "quadras", "dxf_type": "LINE"}, "geometry": {"type": "LineString", "coordinates": [[-55.00753651291623, -10.238049607059626], [-55.00779686640334, -10.239510060303893]]}}, {"type": "Feature", "properties": {"layer": "quadras", "dxf_type": "LINE"}, "geometry": {"type": "LineString", "coordinates": [[-55.007783951442875, -10.239525964471154], [-55.00729467531525, -10.23954598595166]]}}, {"type": "Feature", "properties": {"layer": "quadras", "dxf_type": "LINE"}, "geometry": {"type": "LineString", "coordinates": [[-54.99952890791948, -10.23795686389278], [-55.00116061417367, -10.237933074092288]]}}, {"type": "Feature", "properties": {"layer": "quadras", "dxf_type": "LINE"}, "geometry": {"type": "LineString", "coordinates": [[-55.00117409720011, -10.237919173208953], [-55.001163307693, -10.237497869553831]]}}, {"type": "Feature", "properties": {"layer": "quadras", "dxf_type": "LINE"}, "geometry": {"type": "LineString", "coordinates": [[-55.00114944237134, -10.237484655753445], [-54.9995248531391, -10.237505947845507]]}}, {"type": "Feature", "properties": {"layer": "quadras", "dxf_type": "LINE"}, "geometry": {"type": "LineString", "coordinates": [[-54.9995113459453, -10.237519621617025], [-54.9995150185331, -10.237943422998645]]}}, {"type": "Feature", "properties": {"layer": "quadras", "dxf_type": "LINE"}, "geometry": {"type": "LineString", "coordinates": [[-55.00131463024043, -10.237940755510934], [-55.002939881449, -10.237920740679122]]}}, {"type": "Feature", "properties": {"layer": "quadras", "dxf_type": "LINE"}, "geometry": {"type": "LineString", "coordinates": [[-55.002953398791036, -10.237907033358486], [-55.002948632814636, -10.23747988897813]]}}, {"type": "Feature", "properties": {"layer": "quadras", "dxf_type": "LINE"}, "geometry": {"type": "LineString", "coordinates": [[-55.00293480603579, -10.237466481133001], [-55.0013073170053, -10.237482809966517]]}}, {"type": "Feature", "properties": {"layer": "quadras", "dxf_type": "LINE"}, "geometry": {"type": "LineString", "coordinates": [[-55.00129376907698, -10.237496586623628], [-55.00130077389536, -10.237927416122142]]}}, {"type": "Feature", "properties": {"layer": "quadras", "dxf_type": "LINE"}, "geometry": {"type": "LineString", "coordinates": [[-55.00308700726537, -10.237908203329765], [-55.00308160236428, -10.23747871382756]]}}, {"type": "Feature", "properties": {"layer": "quadras", "dxf_type": "LINE"}, "geometry": {"type": "LineString", "coordinates": [[-55.0030951745569, -10.237464986946442], [-55.004755130989984, -10.237451082746297]]}}, {"type": "Feature", "properties": {"layer": "quadras", "dxf_type": "LINE"}, "geometry": {"type": "LineString", "coordinates": [[-55.00476893426313, -10.23746446959332], [-55.004774321622754, -10.237886035549643]]}}, {"type": "Feature", "properties": {"layer": "quadras", "dxf_type": "LINE"}, "geometry": {"type": "LineString", "coordinates": [[-55.004760816073144, -10.237899764727182], [-55.003100877082176, -10.237921591550565]]}}, {"type": "Feature", "properties": {"layer": "quadras", "dxf_type": "LINE"}, "geometry": {"type": "LineString", "coordinates": [[-54.999509850613904, -10.237368853176594], [-54.9995051625996, -10.23693275307066]]}}, {"type": "Feature", "properties": {"layer": "quadras", "dxf_type": "LINE"}, "geometry": {"type": "LineString", "coordinates": [[-54.999518646207406, -10.236919052031695], [-55.001141714633974, -10.236895016608376]]}}, {"type": "Feature", "properties": {"layer": "quadras", "dxf_type": "LINE"}, "geometry": {"type": "LineString", "coordinates": [[-55.00115560743369, -10.236908648187123], [-55.00115314758104, -10.237351739115123]]}}, {"type": "Feature", "properties": {"layer": "quadras", "dxf_type": "LINE"}, "geometry": {"type": "LineString", "coordinates": [[-55.001139605138185, -10.237365222927583], [-54.99952368357112, -10.237382266602017]]}}, {"type": "Feature", "properties": {"layer": "quadras", "dxf_type": "LINE"}, "geometry": {"type": "LineString", "coordinates": [[-55.00128925330703, -10.23733602533478], [-55.001282406166894, -10.236896463068195]]}}, {"type": "Feature", "properties": {"layer": "quadras", "dxf_type": "LINE"}, "geometry": {"type": "LineString", "coordinates": [[-55.00129605622047, -10.236882695169218], [-55.00292980616338, -10.236878333377312]]}}, {"type": "Feature", "properties": {"layer": "quadras", "dxf_type": "LINE"}, "geometry": {"type": "LineString", "coordinates": [[-55.00294352731701, -10.236891554361202], [-55.002954454794015, -10.237326941513007]]}}, {"type": "Feature", "properties": {"layer": "quadras", "dxf_type": "LINE"}, "geometry": {"type": "LineString", "coordinates": [[-55.00294084230593, -10.237340837175184], [-55.00130301283158, -10.237349374971988]]}}, {"type": "Feature", "properties": {"layer": "quadras", "dxf_type": "LINE"}, "geometry": {"type": "LineString", "coordinates": [[-55.004773745191265, -10.237319688141628], [-55.00476296276095, -10.236858506112997]]}}, {"type": "Feature", "properties": {"layer": "quadras", "dxf_type": "LINE"}, "geometry": {"type": "LineString", "coordinates": [[-55.00474903906033, -10.236845263159955], [-55.00309043137262, -10.236873834255224]]}}, {"type": "Feature", "properties": {"layer": "quadras", "dxf_type": "LINE"}, "geometry": {"type": "LineString", "coordinates": [[-55.00307698355167, -10.236887670375694], [-55.00308615344945, -10.23732890963512]]}}, {"type": "Feature", "properties": {"layer": "quadras", "dxf_type": "LINE"}, "geometry": {"type": "LineString", "coordinates": [[-55.00309991076705, -10.237342188690084], [-55.00476013200248, -10.237333560388242]]}}, {"type": "Feature", "properties": {"layer": "quadras", "dxf_type": "LINE"}, "geometry": {"type": "LineString", "coordinates": [[-54.999507143114414, -10.236779098072862], [-54.999500355155746, -10.236359588330744]]}}, {"type": "Feature", "properties": {"layer": "quadras", "dxf_type": "LINE"}, "geometry": {"type": "LineString", "coordinates": [[-54.99951370776318, -10.23634581687954], [-55.00114089136023, -10.236306398817385]]}}, {"type": "Feature", "properties": {"layer": "quadras", "dxf_type": "LINE"}, "geometry": {"type": "LineString", "coordinates": [[-55.001154906252005, -10.23631947522778], [-55.00117036366932, -10.23675364241507]]}}, {"type": "Feature", "properties": {"layer": "quadras", "dxf_type": "LINE"}, "geometry": {"type": "LineString", "coordinates": [[-55.00115689263992, -10.236767677162794], [-54.99952103856895, -10.236792437756577]]}}, {"type": "Feature", "properties": {"layer": "quadras", "dxf_type": "LINE"}, "geometry": {"type": "LineString", "coordinates": [[-55.00127078783857, -10.236320926513342], [-55.001278050264354, -10.23675423255971]]}}, {"type": "Feature", "properties": {"layer": "quadras", "dxf_type": "LINE"}, "geometry": {"type": "LineString", "coordinates": [[-55.00129183450883, -10.236767566074315], [-55.00292456309053, -10.236755989113831]]}}, {"type": "Feature", "properties": {"layer": "quadras", "dxf_type": "LINE"}, "geometry": {"type": "LineString", "coordinates": [[-55.00293815131955, -10.236742173747999], [-55.00292982698184, -10.23630772095651]]}}, {"type": "Feature", "properties": {"layer": "quadras", "dxf_type": "LINE"}, "geometry": {"type": "LineString", "coordinates": [[-55.00291603334253, -10.236294419985885], [-55.00128436769264, -10.236307142812057]]}}, {"type": "Feature", "properties": {"layer": "quadras", "dxf_type": "LINE"}, "geometry": {"type": "LineString", "coordinates": [[-55.00307293338849, -10.23673509618334], [-55.003062430413415, -10.236304014290942]]}}, {"type": "Feature", "properties": {"layer": "quadras", "dxf_type": "LINE"}, "geometry": {"type": "LineString", "coordinates": [[-55.00474242022694, -10.236718357279472], [-55.003086868042914, -10.236748324799116]]}}, {"type": "Feature", "properties": {"layer": "quadras", "dxf_type": "LINE"}, "geometry": {"type": "LineString", "coordinates": [[-55.004747723572216, -10.236263804763446], [-55.00475585591372, -10.23670455354236]]}}, {"type": "Feature", "properties": {"layer": "quadras", "dxf_type": "LINE"}, "geometry": {"type": "LineString", "coordinates": [[-55.004733706295724, -10.236250497965457], [-55.00307578449489, -10.236290132394627]]}}, {"type": "Feature", "properties": {"layer": "quadras", "dxf_type": "LINE"}, "geometry": {"type": "LineString", "coordinates": [[-55.00509801484942, -10.236140350103032], [-55.00489727800641, -10.236142922132743]]}}, {"type": "Feature", "properties": {"layer": "quadras", "dxf_type": "LINE"}, "geometry": {"type": "LineString", "coordinates": [[-55.00469009594514, -10.236145577447777], [-55.00306972999159, -10.236166336858844]]}}, {"type": "Feature", "properties": {"layer": "quadras", "dxf_type": "LINE"}, "geometry": {"type": "LineString", "coordinates": [[-55.00305586760896, -10.236153083380312], [-55.003045990181114, -10.23571695598747]]}}, {"type": "Feature", "properties": {"layer": "quadras", "dxf_type": "LINE"}, "geometry": {"type": "LineString", "coordinates": [[-55.00305952388804, -10.235703094171859], [-55.00468244112972, -10.23568536371905]]}}, {"type": "Feature", "properties": {"layer": "quadras", "dxf_type": "LINE"}, "geometry": {"type": "LineString", "coordinates": [[-55.00469627845189, -10.23569869472121], [-55.00470360540891, -10.236131792239377]]}}, {"type": "Feature", "properties": {"layer": "quadras", "dxf_type": "LINE"}, "geometry": {"type": "LineString", "coordinates": [[-55.00290962495323, -10.2357026297736], [-55.001286153899905, -10.235708766836847]]}}, {"type": "Feature", "properties": {"layer": "quadras", "dxf_type": "LINE"}, "geometry": {"type": "LineString", "coordinates": [[-55.00127251775555, -10.235722217552956], [-55.00126894541731, -10.236165393004224]]}}, {"type": "Feature", "properties": {"layer": "quadras", "dxf_type": "LINE"}, "geometry": {"type": "LineString", "coordinates": [[-55.001282723902094, -10.23617906002803], [-55.002913842117124, -10.236168401009598]]}}, {"type": "Feature", "properties": {"layer": "quadras", "dxf_type": "LINE"}, "geometry": {"type": "LineString", "coordinates": [[-55.00292744044165, -10.236154717674491], [-55.00292336572462, -10.235716063292882]]}}, {"type": "Feature", "properties": {"layer": "quadras", "dxf_type": "LINE"}, "geometry": {"type": "LineString", "coordinates": [[-55.0011400383393, -10.23572876623173], [-55.001156744276955, -10.23615929104352]]}}, {"type": "Feature", "properties": {"layer": "quadras", "dxf_type": "LINE"}, "geometry": {"type": "LineString", "coordinates": [[-55.00114329673762, -10.236173368424398], [-54.99950639357224, -10.236200742632354]]}}, {"type": "Feature", "properties": {"layer": "quadras", "dxf_type": "LINE"}, "geometry": {"type": "LineString", "coordinates": [[-54.999492474452126, -10.236187250947594], [-54.99949038409014, -10.235758174919303]]}}, {"type": "Feature", "properties": {"layer": "quadras", "dxf_type": "LINE"}, "geometry": {"type": "LineString", "coordinates": [[-54.99950382698833, -10.235744553166178], [-55.00112611355758, -10.23571573105534]]}}, {"type": "Feature", "properties": {"layer": "quadras", "dxf_type": "LINE"}, "geometry": {"type": "LineString", "coordinates": [[-54.99949554767844, -10.235613536243083], [-55.00112398080186, -10.23559549315581]]}}, {"type": "Feature", "properties": {"layer": "quadras", "dxf_type": "LINE"}, "geometry": {"type": "LineString", "coordinates": [[-55.00113751548463, -10.235581776972543], [-55.00113224965981, -10.235135068945823]]}}, {"type": "Feature", "properties": {"layer": "quadras", "dxf_type": "LINE"}, "geometry": {"type": "LineString", "coordinates": [[-55.00111826602249, -10.235121671841753], [-54.99949343985372, -10.235156493569814]]}}, {"type": "Feature", "properties": {"layer": "quadras", "dxf_type": "LINE"}, "geometry": {"type": "LineString", "coordinates": [[-54.99948004727135, -10.235170100270023], [-54.99948170623721, -10.235600030576986]]}}, {"type": "Feature", "properties": {"layer": "quadras", "dxf_type": "LINE"}, "geometry": {"type": "LineString", "coordinates": [[-55.001279623761526, -10.235588750495928], [-55.00290578362492, -10.235582025129233]]}}, {"type": "Feature", "properties": {"layer": "quadras", "dxf_type": "LINE"}, "geometry": {"type": "LineString", "coordinates": [[-55.00291941198105, -10.235568204577023], [-55.0029106863324, -10.235121858152977]]}}, {"type": "Feature", "properties": {"layer": "quadras", "dxf_type": "LINE"}, "geometry": {"type": "LineString", "coordinates": [[-55.00289682881756, -10.235108563125698], [-55.00127973695477, -10.235128562691155]]}}, {"type": "Feature", "properties": {"layer": "quadras", "dxf_type": "LINE"}, "geometry": {"type": "LineString", "coordinates": [[-55.001266218877205, -10.235142109049303], [-55.00126587844511, -10.23557518220786]]}}, {"type": "Feature", "properties": {"layer": "quadras", "dxf_type": "LINE"}, "geometry": {"type": "LineString", "coordinates": [[-55.003059751150175, -10.235581561749429], [-55.004679535837575, -10.235558709303687]]}}, {"type": "Feature", "properties": {"layer": "quadras", "dxf_type": "LINE"}, "geometry": {"type": "LineString", "coordinates": [[-55.00469302509673, -10.235544793801388], [-55.00468147177361, -10.23511097343139]]}}, {"type": "Feature", "properties": {"layer": "quadras", "dxf_type": "LINE"}, "geometry": {"type": "LineString", "coordinates": [[-55.00466770119403, -10.23509777210383], [-55.00306226363457, -10.23510781574106]]}}, {"type": "Feature", "properties": {"layer": "quadras", "dxf_type": "LINE"}, "geometry": {"type": "LineString", "coordinates": [[-55.00304866119874, -10.235121290259551], [-55.00304586748798, -10.23556792035974]]}}, {"type": "Feature", "properties": {"layer": "quadras", "dxf_type": "LINE"}, "geometry": {"type": "LineString", "coordinates": [[-55.00467748757145, -10.234942004078562], [-55.004681639696464, -10.23452133361374]]}}, {"type": "Feature", "properties": {"layer": "quadras", "dxf_type": "LINE"}, "geometry": {"type": "LineString", "coordinates": [[-55.00466782930375, -10.23450764302162], [-55.00304861781035, -10.234522001187116]]}}, {"type": "Feature", "properties": {"layer": "quadras", "dxf_type": "LINE"}, "geometry": {"type": "LineString", "coordinates": [[-55.00303505801236, -10.23453595866835], [-55.00304793026866, -10.234968816877553]]}}, {"type": "Feature", "properties": {"layer": "quadras", "dxf_type": "LINE"}, "geometry": {"type": "LineString", "coordinates": [[-55.00306184249166, -10.234981973933499], [-55.00466402878635, -10.234955428939498]]}}, {"type": "Feature", "properties": {"layer": "quadras", "dxf_type": "LINE"}, "geometry": {"type": "LineString", "coordinates": [[-55.0029062899145, -10.23497021107408], [-55.00290473074908, -10.234534794607736]]}}, {"type": "Feature", "properties": {"layer": "quadras", "dxf_type": "LINE"}, "geometry": {"type": "LineString", "coordinates": [[-55.00289092114102, -10.234521284744018], [-55.00125001038931, -10.234535708650588]]}}, {"type": "Feature", "properties": {"layer": "quadras", "dxf_type": "LINE"}, "geometry": {"type": "LineString", "coordinates": [[-55.00123647043729, -10.234550129877915], [-55.00126484054456, -10.23499070751446]]}}, {"type": "Feature", "properties": {"layer": "quadras", "dxf_type": "LINE"}, "geometry": {"type": "LineString", "coordinates": [[-55.00127866887936, -10.23500340221225], [-55.002892769702676, -10.234983817159971]]}}, {"type": "Feature", "properties": {"layer": "quadras", "dxf_type": "LINE"}, "geometry": {"type": "LineString", "coordinates": [[-55.001139307839914, -10.234988105090586], [-55.001132586524385, -10.234550688600486]]}}, {"type": "Feature", "properties": {"layer": "quadras", "dxf_type": "LINE"}, "geometry": {"type": "LineString", "coordinates": [[-55.00111863911563, -10.234537338727348], [-54.99948895739293, -10.234568074341087]]}}, {"type": "Feature", "properties": {"layer": "quadras", "dxf_type": "LINE"}, "geometry": {"type": "LineString", "coordinates": [[-54.99947552955639, -10.234581632017365], [-54.99947557121603, -10.235016861142945]]}}, {"type": "Feature", "properties": {"layer": "quadras", "dxf_type": "LINE"}, "geometry": {"type": "LineString", "coordinates": [[-54.999489500847915, -10.235030416159136], [-55.001125861416135, -10.235001867921332]]}}, {"type": "Feature", "properties": {"layer": "quadras", "dxf_type": "LINE"}, "geometry": {"type": "LineString", "coordinates": [[-54.99948672709169, -10.234441352990553], [-55.00111897969083, -10.234421716994987]]}}, {"type": "Feature", "properties": {"layer": "quadras", "dxf_type": "LINE"}, "geometry": {"type": "LineString", "coordinates": [[-55.00113250031328, -10.23440790489952], [-55.001123927478375, -10.233955434802512]]}}, {"type": "Feature", "properties": {"layer": "quadras", "dxf_type": "LINE"}, "geometry": {"type": "LineString", "coordinates": [[-55.0011100957019, -10.23394213083991], [-54.999483091975875, -10.23395929563507]]}}, {"type": "Feature", "properties": {"layer": "quadras", "dxf_type": "LINE"}, "geometry": {"type": "LineString", "coordinates": [[-54.999469550396654, -10.233972951144807], [-54.99947287262767, -10.234427893352718]]}}, {"type": "Feature", "properties": {"layer": "quadras", "dxf_type": "LINE"}, "geometry": {"type": "LineString", "coordinates": [[-55.00128304423997, -10.234418921875411], [-55.00288839109663, -10.23439835149299]]}}, {"type": "Feature", "properties": {"layer": "quadras", "dxf_type": "LINE"}, "geometry": {"type": "LineString", "coordinates": [[-55.00290189971884, -10.234384550987029], [-55.002893600928275, -10.233925943593633]]}}, {"type": "Feature", "properties": {"layer": "quadras", "dxf_type": "LINE"}, "geometry": {"type": "LineString", "coordinates": [[-55.00287966691561, -10.233912630026456], [-55.001263345305446, -10.233941616753523]]}}, {"type": "Feature", "properties": {"layer": "quadras", "dxf_type": "LINE"}, "geometry": {"type": "LineString", "coordinates": [[-55.001249916712, -10.233955747606467], [-55.001269191261265, -10.234405939582324]]}}, {"type": "Feature", "properties": {"layer": "quadras", "dxf_type": "LINE"}, "geometry": {"type": "LineString", "coordinates": [[-55.00304933035778, -10.234398008535704], [-55.004668023504834, -10.234396983617454]]}}, {"type": "Feature", "properties": {"layer": "quadras", "dxf_type": "LINE"}, "geometry": {"type": "LineString", "coordinates": [[-55.00468169587661, -10.2343829634691], [-55.004665575912604, -10.233914066203102]]}}, {"type": "Feature", "properties": {"layer": "quadras", "dxf_type": "LINE"}, "geometry": {"type": "LineString", "coordinates": [[-55.00465177551911, -10.233900969556363], [-55.00303395975404, -10.23391503214689]]}}, {"type": "Feature", "properties": {"layer": "quadras", "dxf_type": "LINE"}, "geometry": {"type": "LineString", "coordinates": [[-55.00302039876298, -10.233929039341211], [-55.00303564144267, -10.234384898954131]]}}, {"type": "Feature", "properties": {"layer": "quadras", "dxf_type": "LINE"}, "geometry": {"type": "LineString", "coordinates": [[-55.00111986625695, -10.233769170462622], [-55.001111505811316, -10.233343249050543]]}}, {"type": "Feature", "properties": {"layer": "quadras", "dxf_type": "LINE"}, "geometry": {"type": "LineString", "coordinates": [[-55.00109778898693, -10.233329953933278], [-54.99947626564063, -10.233333583208427]]}}, {"type": "Feature", "properties": {"layer": "quadras", "dxf_type": "LINE"}, "geometry": {"type": "LineString", "coordinates": [[-54.9994626087781, -10.233347291346083], [-54.99946756891, -10.23379194612457]]}}, {"type": "Feature", "properties": {"layer": "quadras", "dxf_type": "LINE"}, "geometry": {"type": "LineString", "coordinates": [[-54.999481446493455, -10.233805353472457], [-55.00110637024866, -10.233782991753323]]}}, {"type": "Feature", "properties": {"layer": "quadras", "dxf_type": "LINE"}, "geometry": {"type": "LineString", "coordinates": [[-55.00125994051404, -10.23376885204137], [-55.001253527398404, -10.233340149427505]]}}, {"type": "Feature", "properties": {"layer": "quadras", "dxf_type": "LINE"}, "geometry": {"type": "LineString", "coordinates": [[-55.001267007469735, -10.233326391302674], [-55.002872430834046, -10.233302334016408]]}}, {"type": "Feature", "properties": {"layer": "quadras", "dxf_type": "LINE"}, "geometry": {"type": "LineString", "coordinates": [[-55.0028863257401, -10.233315768465589], [-55.00289030029139, -10.233752288104371]]}}, {"type": "Feature", "properties": {"layer": "quadras", "dxf_type": "LINE"}, "geometry": {"type": "LineString", "coordinates": [[-55.002876752300615, -10.23376596815131], [-55.00127376740097, -10.233782208395134]]}}, {"type": "Feature", "properties": {"layer": "quadras", "dxf_type": "LINE"}, "geometry": {"type": "LineString", "coordinates": [[-55.00301138696424, -10.233752051272322], [-55.00300775892958, -10.233321967880071]]}}, {"type": "Feature", "properties": {"layer": "quadras", "dxf_type": "LINE"}, "geometry": {"type": "LineString", "coordinates": [[-55.003021305924186, -10.233308296855995], [-55.0043530512245, -10.23329468265582]]}}, {"type": "Feature", "properties": {"layer": "quadras", "dxf_type": "LINE"}, "geometry": {"type": "LineString", "coordinates": [[-55.00464059988332, -10.233753203823472], [-55.003025179614326, -10.233765496843484]]}}, {"type": "Feature", "properties": {"layer": "quadras", "dxf_type": "LINE"}, "geometry": {"type": "LineString", "coordinates": [[-54.99947788377333, -10.233197367179612], [-54.999471027491865, -10.232771301694914]]}}, {"type": "Feature", "properties": {"layer": "quadras", "dxf_type": "LINE"}, "geometry": {"type": "LineString", "coordinates": [[-54.999484517731254, -10.232757528349092], [-55.00109487787245, -10.232734564571846]]}}, {"type": "Feature", "properties": {"layer": "quadras", "dxf_type": "LINE"}, "geometry": {"type": "LineString", "coordinates": [[-55.0011087635095, -10.232748004445872], [-55.00111247897906, -10.233176124613081]]}}, {"type": "Feature", "properties": {"layer": "quadras", "dxf_type": "LINE"}, "geometry": {"type": "LineString", "coordinates": [[-55.00109897114155, -10.233189799399874], [-54.99949174988657, -10.233210708465823]]}}, {"type": "Feature", "properties": {"layer": "quadras", "dxf_type": "LINE"}, "geometry": {"type": "LineString", "coordinates": [[-55.00288457875126, -10.233165818938918], [-55.002874339234566, -10.23273717291637]]}}, {"type": "Feature", "properties": {"layer": "quadras", "dxf_type": "LINE"}, "geometry": {"type": "LineString", "coordinates": [[-55.00286054806562, -10.232723935259548], [-55.0012456578364, -10.232736322152284]]}}, {"type": "Feature", "properties": {"layer": "quadras", "dxf_type": "LINE"}, "geometry": {"type": "LineString", "coordinates": [[-55.001232082285846, -10.232750321946808], [-55.00124626915642, -10.233182187235405]]}}, {"type": "Feature", "properties": {"layer": "quadras", "dxf_type": "LINE"}, "geometry": {"type": "LineString", "coordinates": [[-55.00126008382745, -10.233195304874], [-55.00287102772689, -10.233179696931872]]}}, {"type": "Feature", "properties": {"layer": "quadras", "dxf_type": "LINE"}, "geometry": {"type": "LineString", "coordinates": [[-54.999482540347834, -10.232626395582702], [-55.00109919338937, -10.232611091337322]]}}, {"type": "Feature", "properties": {"layer": "quadras", "dxf_type": "LINE"}, "geometry": {"type": "LineString", "coordinates": [[-55.00111274791675, -10.23259724237469], [-55.001103294203155, -10.23216180221982]]}}, {"type": "Feature", "properties": {"layer": "quadras", "dxf_type": "LINE"}, "geometry": {"type": "LineString", "coordinates": [[-55.001089423008416, -10.232148536896203], [-54.99948729792975, -10.232170086540563]]}}, {"type": "Feature", "properties": {"layer": "quadras", "dxf_type": "LINE"}, "geometry": {"type": "LineString", "coordinates": [[-54.999473796376236, -10.232183485597117], [-54.999468722238475, -10.232612678562779]]}}, {"type": "Feature", "properties": {"layer": "quadras", "dxf_type": "LINE"}, "geometry": {"type": "LineString", "coordinates": [[-54.99947329937502, -10.232038186578169], [-55.00109070946561, -10.232019695623439]]}}, {"type": "Feature", "properties": {"layer": "quadras", "dxf_type": "LINE"}, "geometry": {"type": "LineString", "coordinates": [[-55.00110423869093, -10.232005947740486], [-55.001098122986434, -10.231574746695715]]}}, {"type": "Feature", "properties": {"layer": "quadras", "dxf_type": "LINE"}, "geometry": {"type": "LineString", "coordinates": [[-55.00108432546096, -10.231561378781047], [-54.999444031608206, -10.231574565369053]]}}, {"type": "Feature", "properties": {"layer": "quadras", "dxf_type": "LINE"}, "geometry": {"type": "LineString", "coordinates": [[-54.99943048426475, -10.231589014507716], [-54.999459482013236, -10.232025519023402]]}}, {"type": "Feature", "properties": {"layer": "quadras", "dxf_type": "LINE"}, "geometry": {"type": "LineString", "coordinates": [[-55.00110360788602, -10.231441282309458], [-55.00108619875864, -10.23089345882743]]}}, {"type": "Feature", "properties": {"layer": "quadras", "dxf_type": "LINE"}, "geometry": {"type": "LineString", "coordinates": [[-55.00107142579671, -10.230880369664241], [-54.99975907330522, -10.230984326608178]]}}, {"type": "Feature", "properties": {"layer": "quadras", "dxf_type": "LINE"}, "geometry": {"type": "LineString", "coordinates": [[-55.00108747684648, -10.230727734614401], [-55.00107903695602, -10.230310465043306]]}}, {"type": "Feature", "properties": {"layer": "quadras", "dxf_type": "LINE"}, "geometry": {"type": "LineString", "coordinates": [[-55.00106475796353, -10.230297190900858], [-54.99943967270668, -10.230367130050876]]}}, {"type": "Feature", "properties": {"layer": "quadras", "dxf_type": "LINE"}, "geometry": {"type": "LineString", "coordinates": [[-54.99942658431937, -10.230380288503598], [-54.99941995799248, -10.230609932369767]]}}, {"type": "Feature", "properties": {"layer": "quadras", "dxf_type": "LINE"}, "geometry": {"type": "LineString", "coordinates": [[-54.999430538085484, -10.23062352552694], [-54.999663006949554, -10.230677124069755]]}}, {"type": "Feature", "properties": {"layer": "quadras", "dxf_type": "LINE"}, "geometry": {"type": "LineString", "coordinates": [[-54.999663006949554, -10.230677124069755], [-54.99974605621274, -10.230826246865911]]}}, {"type": "Feature", "properties": {"layer": "quadras", "dxf_type": "LINE"}, "geometry": {"type": "LineString", "coordinates": [[-54.99975900300655, -10.230833222460628], [-55.0010747522672, -10.230741531740575]]}}, {"type": "Feature", "properties": {"layer": "quadras", "dxf_type": "LINE"}, "geometry": {"type": "LineString", "coordinates": [[-54.99964769036994, -10.231320855901734], [-54.999434712226204, -10.231331732878319]]}}, {"type": "Feature", "properties": {"layer": "quadras", "dxf_type": "LINE"}, "geometry": {"type": "LineString", "coordinates": [[-54.99942173111264, -10.231345531960882], [-54.99942367589394, -10.231446478866166]]}}, {"type": "Feature", "properties": {"layer": "quadras", "dxf_type": "LINE"}, "geometry": {"type": "LineString", "coordinates": [[-55.001233937027195, -10.231441338658788], [-55.00170760882348, -10.231406881191756]]}}, {"type": "Feature", "properties": {"layer": "quadras", "dxf_type": "LINE"}, "geometry": {"type": "LineString", "coordinates": [[-55.001401435488425, -10.231044130828517], [-55.00127858738079, -10.23098055825691]]}}, {"type": "Feature", "properties": {"layer": "quadras", "dxf_type": "LINE"}, "geometry": {"type": "LineString", "coordinates": [[-55.00127858738079, -10.23098055825691], [-55.00121169831984, -10.230968178680442]]}}, {"type": "Feature", "properties": {"layer": "quadras", "dxf_type": "LINE"}, "geometry": {"type": "LineString", "coordinates": [[-55.001195515371464, -10.230982220329949], [-55.001219265400344, -10.231428530336139]]}}, {"type": "Feature", "properties": {"layer": "quadras", "dxf_type": "LINE"}, "geometry": {"type": "LineString", "coordinates": [[-55.00195100383211, -10.231671914900081], [-55.002009214252624, -10.231749973689539]]}}, {"type": "Feature", "properties": {"layer": "quadras", "dxf_type": "LINE"}, "geometry": {"type": "LineString", "coordinates": [[-55.002009214252624, -10.231749973689539], [-55.002045393146034, -10.231817256226766]]}}, {"type": "Feature", "properties": {"layer": "quadras", "dxf_type": "LINE"}, "geometry": {"type": "LineString", "coordinates": [[-55.002045393146034, -10.231817256226766], [-55.00207304006593, -10.231897715352991]]}}, {"type": "Feature", "properties": {"layer": "quadras", "dxf_type": "LINE"}, "geometry": {"type": "LineString", "coordinates": [[-55.00207304006593, -10.231897715352991], [-55.00209311126851, -10.23199457943576]]}}, {"type": "Feature", "properties": {"layer": "quadras", "dxf_type": "LINE"}, "geometry": {"type": "LineString", "coordinates": [[-55.002079897486745, -10.23201086210502], [-55.00124503344297, -10.232022635546768]]}}, {"type": "Feature", "properties": {"layer": "quadras", "dxf_type": "LINE"}, "geometry": {"type": "LineString", "coordinates": [[-55.00123115046052, -10.232009211969768], [-55.001226757019644, -10.231567739316361]]}}, {"type": "Feature", "properties": {"layer": "quadras", "dxf_type": "LINE"}, "geometry": {"type": "LineString", "coordinates": [[-55.00124531388708, -10.232149881985196], [-55.00216769206661, -10.23213660288525]]}}, {"type": "Feature", "properties": {"layer": "quadras", "dxf_type": "LINE"}, "geometry": {"type": "LineString", "coordinates": [[-55.002298733244984, -10.232365573509624], [-55.00236892201934, -10.232446752019591]]}}, {"type": "Feature", "properties": {"layer": "quadras", "dxf_type": "LINE"}, "geometry": {"type": "LineString", "coordinates": [[-55.00236892201934, -10.232446752019591], [-55.00246457290993, -10.23249740662213]]}}, {"type": "Feature", "properties": {"layer": "quadras", "dxf_type": "LINE"}, "geometry": {"type": "LineString", "coordinates": [[-55.00246457290993, -10.23249740662213], [-55.00272562534597, -10.232601301452087]]}}, {"type": "Feature", "properties": {"layer": "quadras", "dxf_type": "LINE"}, "geometry": {"type": "LineString", "coordinates": [[-55.00272562534597, -10.232601301452087], [-55.001249168113425, -10.232621059740636]]}}, {"type": "Feature", "properties": {"layer": "quadras", "dxf_type": "LINE"}, "geometry": {"type": "LineString", "coordinates": [[-55.00123529532861, -10.232607607296421], [-55.001231824441845, -10.232163543341338]]}}, {"type": "Feature", "properties": {"layer": "quadras", "dxf_type": "LINE"}, "geometry": {"type": "LineString", "coordinates": [[-55.00299973487506, -10.232737495774389], [-55.00300038273207, -10.233169739354262]]}}, {"type": "Feature", "properties": {"layer": "quadras", "dxf_type": "LINE"}, "geometry": {"type": "LineString", "coordinates": [[-55.003014606492606, -10.233183268016276], [-55.003724839231374, -10.2331557553207]]}}, {"type": "Feature", "properties": {"layer": "quadras", "dxf_type": "LINE"}, "geometry": {"type": "LineString", "coordinates": [[-55.003736702050915, -10.233136459639535], [-55.0036615982158, -10.232977523418423]]}}, {"type": "Feature", "properties": {"layer": "quadras", "dxf_type": "LINE"}, "geometry": {"type": "LineString", "coordinates": [[-55.0036615982158, -10.232977523418423], [-55.00354644391649, -10.232878740112332]]}}, {"type": "Feature", "properties": {"layer": "quadras", "dxf_type": "LINE"}, "geometry": {"type": "LineString", "coordinates": [[-55.00354644391649, -10.232878740112332], [-55.00321917537724, -10.2327096850334]]}}, {"type": "Feature", "properties": {"layer": "quadras", "dxf_type": "LINE"}, "geometry": {"type": "LineString", "coordinates": [[-55.00321917537724, -10.2327096850334], [-55.003012471598666, -10.232723949939743]]}}, {"type": "Feature", "properties": {"layer": "quadras", "dxf_type": "LINE"}, "geometry": {"type": "LineString", "coordinates": [[-55.00767442928052, -10.238038057954112], [-55.00847845825334, -10.238050950056792]]}}, {"type": "Feature", "properties": {"layer": "quadras", "dxf_type": "LINE"}, "geometry": {"type": "LineString", "coordinates": [[-55.00793457090318, -10.239523930190549], [-55.008509942285684, -10.23951279349374]]}}, {"type": "Feature", "properties": {"layer": "quadras", "dxf_type": "LINE"}, "geometry": {"type": "LineString", "coordinates": [[-55.00792082400602, -10.239512732195912], [-55.00766072766329, -10.23805397267663]]}}, {"type": "Feature", "properties": {"layer": "quadras", "dxf_type": "LINE"}, "geometry": {"type": "LineString", "coordinates": [[-55.00727137553553, -10.237840784576745], [-55.007259571996826, -10.237623722421842]]}}, {"type": "Feature", "properties": {"layer": "quadras", "dxf_type": "LINE"}, "geometry": {"type": "LineString", "coordinates": [[-55.00748251508599, -10.237604231585383], [-55.00750907677128, -10.237835266684698]]}}, {"type": "Feature", "properties": {"layer": "quadras", "dxf_type": "LINE"}, "geometry": {"type": "LineString", "coordinates": [[-55.00746770171573, -10.237592260525235], [-55.00727202837639, -10.237609487723416]]}}, {"type": "Feature", "properties": {"layer": "quadras", "dxf_type": "LINE"}, "geometry": {"type": "LineString", "coordinates": [[-55.00714473496347, -10.237842306619859], [-55.00714077707851, -10.237432895876717]]}}, {"type": "Feature", "properties": {"layer": "quadras", "dxf_type": "LINE"}, "geometry": {"type": "LineString", "coordinates": [[-55.00666565066814, -10.237849916745569], [-55.00665083604253, -10.23744843031527]]}}, {"type": "Feature", "properties": {"layer": "quadras", "dxf_type": "LINE"}, "geometry": {"type": "LineString", "coordinates": [[-55.00712664354361, -10.237419474548096], [-55.006664070617425, -10.23743438390921]]}}, {"type": "Feature", "properties": {"layer": "quadras", "dxf_type": "LINE"}, "geometry": {"type": "LineString", "coordinates": [[-55.006546694377796, -10.237408375526092], [-55.00654902866672, -10.237851577678837]]}}, {"type": "Feature", "properties": {"layer": "quadras", "dxf_type": "LINE"}, "geometry": {"type": "LineString", "coordinates": [[-55.00654909948413, -10.237864932747492], [-55.00654793640598, -10.237865001550597]]}}, {"type": "Feature", "properties": {"layer": "quadras", "dxf_type": "LINE"}, "geometry": {"type": "LineString", "coordinates": [[-55.00608518140621, -10.237858281468425], [-55.00608947776828, -10.237358835186237]]}}, {"type": "Feature", "properties": {"layer": "quadras", "dxf_type": "LINE"}, "geometry": {"type": "LineString", "coordinates": [[-55.00610474585426, -10.23734548192728], [-55.00653458668491, -10.237394978340504]]}}, {"type": "Feature", "properties": {"layer": "quadras", "dxf_type": "LINE"}, "geometry": {"type": "LineString", "coordinates": [[-55.005488864351626, -10.237867783656911], [-55.005477609704904, -10.236965458386017]]}}, {"type": "Feature", "properties": {"layer": "quadras", "dxf_type": "LINE"}, "geometry": {"type": "LineString", "coordinates": [[-55.005477609704904, -10.236965458386017], [-55.00594904727659, -10.237248746564022]]}}, {"type": "Feature", "properties": {"layer": "quadras", "dxf_type": "LINE"}, "geometry": {"type": "LineString", "coordinates": [[-55.00595563446334, -10.237260128520598], [-55.00596506274209, -10.237860466732146]]}}, {"type": "Feature", "properties": {"layer": "quadras", "dxf_type": "LINE"}, "geometry": {"type": "LineString", "coordinates": [[-55.00490161804997, -10.237884392812592], [-55.00488734913023, -10.236262200457057]]}}, {"type": "Feature", "properties": {"layer": "quadras", "dxf_type": "LINE"}, "geometry": {"type": "LineString", "coordinates": [[-55.00491558985877, -10.237897830407197], [-55.005360904556774, -10.237888682542984]]}}, {"type": "Feature", "properties": {"layer": "quadras", "dxf_type": "LINE"}, "geometry": {"type": "LineString", "coordinates": [[-55.004900524758526, -10.236248533415226], [-55.0053669509201, -10.23623119662802]]}}, {"type": "Feature", "properties": {"layer": "quadras", "dxf_type": "LINE"}, "geometry": {"type": "LineString", "coordinates": [[-55.005374309175174, -10.237875183218375], [-55.005381152531, -10.236244801925576]]}}, {"type": "Feature", "properties": {"layer": "quadras", "dxf_type": "LINE"}, "geometry": {"type": "LineString", "coordinates": [[-55.00480206709588, -10.233950940798056], [-55.005002797286394, -10.233947895779854]]}}, {"type": "Feature", "properties": {"layer": "quadras", "dxf_type": "LINE"}, "geometry": {"type": "LineString", "coordinates": [[-54.99974415575806, -10.243211305813292], [-55.001217323926525, -10.243199507645217]]}}, {"type": "Feature", "properties": {"layer": "quadras", "dxf_type": "LINE"}, "geometry": {"type": "LineString", "coordinates": [[-55.00123111847746, -10.243212688508335], [-55.00123863537074, -10.243480145602144]]}}, {"type": "Feature", "properties": {"layer": "quadras", "dxf_type": "LINE"}, "geometry": {"type": "LineString", "coordinates": [[-55.00136218710526, -10.243211577842068], [-55.00136579352541, -10.243476712234477]]}}, {"type": "Feature", "properties": {"layer": "quadras", "dxf_type": "LINE"}, "geometry": {"type": "LineString", "coordinates": [[-55.003012901216124, -10.243193518370951], [-55.00301952475101, -10.243432046384383]]}}, {"type": "Feature", "properties": {"layer": "quadras", "dxf_type": "LINE"}, "geometry": {"type": "LineString", "coordinates": [[-55.00319476474707, -10.243427313065107], [-55.00319128122372, -10.243191870431529]]}}, {"type": "Feature", "properties": {"layer": "quadras", "dxf_type": "LINE"}, "geometry": {"type": "LineString", "coordinates": [[-55.00782272260635, -10.243302270770993], [-55.007815136638754, -10.243141429865366]]}}, {"type": "Feature", "properties": {"layer": "quadras", "dxf_type": "LINE"}, "geometry": {"type": "LineString", "coordinates": [[-55.00194988103518, -10.241375139777324], [-55.00237883765366, -10.241370250619859]]}}, {"type": "Feature", "properties": {"layer": "quadras", "dxf_type": "LINE"}, "geometry": {"type": "LineString", "coordinates": [[-54.99964769036994, -10.231320855901734], [-54.99964038809869, -10.23115254360003]]}}, {"type": "Feature", "properties": {"layer": "quadras", "dxf_type": "LINE"}, "geometry": {"type": "LineString", "coordinates": [[-54.999748749907376, -10.23099035924564], [-54.99964038809869, -10.23115254360003]]}}, {"type": "Feature", "properties": {"layer": "quadras", "dxf_type": "LINE"}, "geometry": {"type": "LineString", "coordinates": [[-54.999730582759156, -10.243225241280422], [-54.999738884125165, -10.243520644209989]]}}, {"type": "Feature", "properties": {"layer": "quadras", "dxf_type": "LINE"}, "geometry": {"type": "LineString", "coordinates": [[-55.00465335296328, -10.233734994658795], [-55.00456720778816, -10.233501341816305]]}}, {"type": "Feature", "properties": {"layer": "quadras", "dxf_type": "LINE"}, "geometry": {"type": "LineString", "coordinates": [[-55.00456720778816, -10.233501341816305], [-55.0043530512245, -10.23329468265582]]}}, {"type": "Feature", "properties": {"layer": "quadras", "dxf_type": "LINE"}, "geometry": {"type": "LineString", "coordinates": [[-55.00118358262675, -10.2415198036627], [-55.00075847042892, -10.241523454762477]]}}, {"type": "Feature", "properties": {"layer": "quadras", "dxf_type": "LINE"}, "geometry": {"type": "LineString", "coordinates": [[-55.00238062258943, -10.23959824054748], [-55.00235439332058, -10.238131290586292]]}}, {"type": "Feature", "properties": {"layer": "quadras", "dxf_type": "LINE"}, "geometry": {"type": "LineString", "coordinates": [[-55.00190838127877, -10.23961970619822], [-55.00236716754846, -10.239612037696675]]}}, {"type": "Feature", "properties": {"layer": "quadras", "dxf_type": "LINE"}, "geometry": {"type": "LineString", "coordinates": [[-55.002561448801956, -10.243000638095111], [-55.00299292502757, -10.242995993599648]]}}, {"type": "Feature", "properties": {"layer": "quadras", "dxf_type": "LINE"}, "geometry": {"type": "LineString", "coordinates": [[-55.00300646364248, -10.242982281930512], [-55.00298964223326, -10.241512711146553]]}}, {"type": "Feature", "properties": {"layer": "quadras", "dxf_type": "LINE"}, "geometry": {"type": "LineString", "coordinates": [[-55.00297565739589, -10.241499308630654], [-55.002542839875616, -10.241508614013238]]}}, {"type": "Feature", "properties": {"layer": "quadras", "dxf_type": "LINE"}, "geometry": {"type": "LineString", "coordinates": [[-55.002529449093416, -10.241522336523111], [-55.002547612620305, -10.242987246409538]]}}, {"type": "Feature", "properties": {"layer": "quadras", "dxf_type": "LINE"}, "geometry": {"type": "LineString", "coordinates": [[-55.003626419858485, -10.243173566704298], [-55.0032048192063, -10.24317811445795]]}}, {"type": "Feature", "properties": {"layer": "quadras", "dxf_type": "LINE"}, "geometry": {"type": "LineString", "coordinates": [[-55.0029990691903, -10.24318033282045], [-55.00137572596938, -10.243197837331554]]}}, {"type": "Feature", "properties": {"layer": "quadras", "dxf_type": "LINE"}, "geometry": {"type": "LineString", "coordinates": [[-55.00780131370199, -10.243128504870736], [-55.003626419858485, -10.243173566704298]]}}, {"type": "Feature", "properties": {"layer": "quadras", "dxf_type": "LINE"}, "geometry": {"type": "LineString", "coordinates": [[-55.0074956896683, -10.237850358039934], [-55.007285258184496, -10.237853612293339]]}}, {"type": "Feature", "properties": {"layer": "quadras", "dxf_type": "LINE"}, "geometry": {"type": "LineString", "coordinates": [[-55.007131260791525, -10.237855993622595], [-55.00667954368932, -10.237862978664632]]}}, {"type": "Feature", "properties": {"layer": "quadras", "dxf_type": "LINE"}, "geometry": {"type": "LineString", "coordinates": [[-55.00653555393353, -10.237865204989392], [-55.00609908336348, -10.237871953614173]]}}, {"type": "Feature", "properties": {"layer": "quadras", "dxf_type": "LINE"}, "geometry": {"type": "LineString", "coordinates": [[-55.00595158893798, -10.23787423412834], [-55.00550276622158, -10.237881172893697]]}}, {"type": "Feature", "properties": {"layer": "quadras", "dxf_type": "LINE"}, "geometry": {"type": "LineString", "coordinates": [[-54.99969815387833, -10.241455658598932], [-54.99971751068698, -10.243023498051178]]}}, {"type": "Feature", "properties": {"layer": "quadras", "dxf_type": "LINE"}, "geometry": {"type": "LineString", "coordinates": [[-55.005111512858335, -10.23612620504102], [-55.00501668244973, -10.23396086548051]]}}, {"type": "Feature", "properties": {"layer": "quadras", "dxf_type": "LINE"}, "geometry": {"type": "LineString", "coordinates": [[-55.004788601131246, -10.233965085155736], [-55.00488342471049, -10.236129952607426]]}}, {"type": "Feature", "properties": {"layer": "quadras", "dxf_type": "LINE"}, "geometry": {"type": "LineString", "coordinates": [[-54.99943739892858, -10.23145977858561], [-55.00108996404643, -10.23145526722584]]}}, {"type": "Feature", "properties": {"layer": "quadras", "dxf_type": "LINE"}, "geometry": {"type": "LineString", "coordinates": [[-55.0029408070254, -10.238116000766617], [-55.00249767951145, -10.23812392209958]]}}, {"type": "Feature", "properties": {"layer": "quadras", "dxf_type": "LINE"}, "geometry": {"type": "LineString", "coordinates": [[-55.00295474253161, -10.23812953764121], [-55.0029568579854, -10.239601044042455]]}}, {"type": "Feature", "properties": {"layer": "quadras", "dxf_type": "LINE"}, "geometry": {"type": "LineString", "coordinates": [[-55.00294298272287, -10.239614620793828], [-55.00250352546215, -10.2396086845037]]}}, {"type": "Feature", "properties": {"layer": "quadras", "dxf_type": "LINE"}, "geometry": {"type": "LineString", "coordinates": [[-55.0024900232078, -10.239595180092678], [-55.002484237583424, -10.238137532234868]]}}, {"type": "Feature", "properties": {"layer": "quadras", "dxf_type": "LINE"}, "geometry": {"type": "LineString", "coordinates": [[-55.00234065086231, -10.238117971818262], [-55.001907186239755, -10.238119738997046]]}}, {"type": "Feature", "properties": {"layer": "quadras", "dxf_type": "LINE"}, "geometry": {"type": "LineString", "coordinates": [[-55.00189355382669, -10.23813330635275], [-55.00189446193715, -10.239606065423866]]}}, {"type": "Feature", "properties": {"layer": "quadras", "dxf_type": "LINE"}, "geometry": {"type": "LineString", "coordinates": [[-55.0017673410348, -10.239624925002303], [-55.001347076275216, -10.239631045003291]]}}, {"type": "Feature", "properties": {"layer": "quadras", "dxf_type": "LINE"}, "geometry": {"type": "LineString", "coordinates": [[-55.00178082832731, -10.239611227512773], [-55.00176540140318, -10.238137003582006]]}}, {"type": "Feature", "properties": {"layer": "quadras", "dxf_type": "LINE"}, "geometry": {"type": "LineString", "coordinates": [[-55.001751489843485, -10.238123587034757], [-55.00132635445136, -10.238130480139635]]}}, {"type": "Feature", "properties": {"layer": "quadras", "dxf_type": "LINE"}, "geometry": {"type": "LineString", "coordinates": [[-55.00131289066706, -10.238144222056052], [-55.00133318722021, -10.239617672861112]]}}, {"type": "Feature", "properties": {"layer": "quadras", "dxf_type": "LWPOLYLINE"}, "geometry": {"type": "Polygon", "coordinates": [[[-55.00552992663369, -10.241477008627266], [-55.005543231362694, -10.241463311655767], [-55.00598398271188, -10.241451095046765], [-55.00599805427463, -10.241464516970042], [-55.00601239175149, -10.242930302814868], [-55.005998940091686, -10.242943990760656], [-55.005559445165275, -10.242951534182222], [-55.005545519538, -10.242938120358916], [-55.00552992663369, -10.241477008627266]]]}}, {"type": "Feature", "properties": {"layer": "quadras", "dxf_type": "LWPOLYLINE"}, "geometry": {"type": "Polygon", "coordinates": [[[-55.00541349578169, -10.242939724943211], [-55.00540001143988, -10.242953381925396], [-55.004961661350904, -10.242959855881704], [-55.004947768258845, -10.242946351844193], [-55.004941963663015, -10.241473032533282], [-55.00495574242956, -10.241459421659767], [-55.005388953688595, -10.241462241635281], [-55.005402552266645, -10.24147569954784], [-55.00541349578169, -10.242939724943211]]]}}, {"type": "Feature", "properties": {"layer": "quadras", "dxf_type": "LWPOLYLINE"}, "geometry": {"type": "Polygon", "coordinates": [[[-55.004346730011875, -10.24148221351647], [-55.004360043487644, -10.241468438014845], [-55.004803893335655, -10.24145644179937], [-55.004817955176385, -10.241469949578187], [-55.00482300416246, -10.242939232636008], [-55.00480976201138, -10.242952830511978], [-55.004385233891476, -10.242966543077578], [-55.00437110153793, -10.24295321472106], [-55.004346730011875, -10.24148221351647]]]}}, {"type": "Feature", "properties": {"layer": "quadras", "dxf_type": "LWPOLYLINE"}, "geometry": {"type": "Polygon", "coordinates": [[[-55.00375068517221, -10.241501175235152], [-55.00376388005275, -10.241487396323082], [-55.00420105000754, -10.241471821064819], [-55.00421522823269, -10.241485100885955], [-55.004244845368476, -10.242954703268778], [-55.00423178070408, -10.242968519148286], [-55.00379008543918, -10.24298837802008], [-55.00377577781546, -10.242975062124936], [-55.00375068517221, -10.241501175235152]]]}}, {"type": "Feature", "properties": {"layer": "quadras", "dxf_type": "LWPOLYLINE"}, "geometry": {"type": "Polygon", "coordinates": [[[-55.00363210850094, -10.242976788831369], [-55.00361850954063, -10.242990376323176], [-55.003190024513465, -10.24299315714379], [-55.00317624627929, -10.242979688098433], [-55.00316652880261, -10.24151068688383], [-55.003180088836096, -10.241497039503725], [-55.003615110353174, -10.241492995895745], [-55.003628927424586, -10.241506524812742], [-55.00363210850094, -10.242976788831369]]]}}, {"type": "Feature", "properties": {"layer": "quadras", "dxf_type": "LINE"}, "geometry": {"type": "LineString", "coordinates": [[-55.00299292502757, -10.242995993599648], [-55.002561448801956, -10.243000638095111]]}}, {"type": "Feature", "properties": {"layer": "quadras", "dxf_type": "LINE"}, "geometry": {"type": "LineString", "coordinates": [[-55.002547612620305, -10.242987246409538], [-55.002529449093416, -10.241522336523111]]}}, {"type": "Feature", "properties": {"layer": "quadras", "dxf_type": "LINE"}, "geometry": {"type": "LineString", "coordinates": [[-55.002542839875616, -10.241508614013238], [-55.00297565739589, -10.241499308630654]]}}, {"type": "Feature", "properties": {"layer": "quadras", "dxf_type": "LINE"}, "geometry": {"type": "LineString", "coordinates": [[-55.00298964223326, -10.241512711146553], [-55.00300646364248, -10.242982281930512]]}}, {"type": "Feature", "properties": {"layer": "quadras", "dxf_type": "LWPOLYLINE"}, "geometry": {"type": "Polygon", "coordinates": [[[-55.00193213274555, -10.241530041320672], [-55.00194566505404, -10.241516310670473], [-55.00238963396039, -10.241511316710573], [-55.00240347790465, -10.241524770809567], [-55.00241473129379, -10.242987524767866], [-55.002401210313785, -10.243001185896093], [-55.001964833179024, -10.243006465680809], [-55.00195097781778, -10.242993081087898], [-55.00193213274555, -10.241530041320672]]]}}, {"type": "Feature", "properties": {"layer": "quadras", "dxf_type": "LWPOLYLINE"}, "geometry": {"type": "Polygon", "coordinates": [[[-55.00132124472009, -10.241532145853355], [-55.00133507719296, -10.241518140477051], [-55.00179411969735, -10.241523161458348], [-55.001807656835716, -10.241536638099106], [-55.00181650133707, -10.242994663706627], [-55.001802899247, -10.243008303516463], [-55.001383937835016, -10.243010917199447], [-55.00137017021912, -10.242997807014845], [-55.00132124472009, -10.241532145853355]]]}}, {"type": "Feature", "properties": {"layer": "quadras", "dxf_type": "LWPOLYLINE"}, "geometry": {"type": "Polygon", "coordinates": [[[-55.00074490021501, -10.241537110998868], [-55.00075847042892, -10.241523454762477], [-55.00118358262675, -10.2415198036627], [-55.00119738679825, -10.241533041521302], [-55.00123243313901, -10.242998643497561], [-55.001219064087415, -10.243012519731328], [-55.0007696768023, -10.243022792564073], [-55.00075567228596, -10.243009335602084], [-55.00074490021501, -10.241537110998868]]]}}, {"type": "Feature", "properties": {"layer": "quadras", "dxf_type": "LWPOLYLINE"}, "geometry": {"type": "Polygon", "coordinates": [[[-55.00064442438159, -10.243013996497705], [-55.00063083374557, -10.243027840606533], [-55.000185844887476, -10.243030907367412], [-55.00017206111272, -10.243017472532545], [-55.000158401597396, -10.24153737554295], [-55.00017145993724, -10.241523707148744], [-55.00059827562589, -10.241504215161173], [-55.00061259251827, -10.241517474270793], [-55.00064442438159, -10.243013996497705]]]}}, {"type": "Feature", "properties": {"layer": "quadras", "dxf_type": "LWPOLYLINE"}, "geometry": {"type": "Polygon", "coordinates": [[[-55.000037132906584, -10.243019071518589], [-55.00002363789311, -10.243032798675062], [-54.99973139144951, -10.24303688920622], [-54.99971751068698, -10.243023498051178], [-54.99969815387833, -10.241455658598932], [-54.99971162780593, -10.241441935835104], [-55.00000336158215, -10.241437430615024], [-55.00001726240769, -10.24145081735228], [-55.000037132906584, -10.243019071518589]]]}}, {"type": "Feature", "properties": {"layer": "quadras", "dxf_type": "LWPOLYLINE"}, "geometry": {"type": "Polygon", "coordinates": [[[-55.00136579352541, -10.243476712234477], [-55.00136218710526, -10.243211577842068], [-55.00137572596938, -10.243197837331554], [-55.0029990691903, -10.24318033282045], [-55.003012901216124, -10.243193518370951], [-55.00301952475101, -10.243432046384383], [-55.00136579352541, -10.243476712234477]]]}}, {"type": "Feature", "properties": {"layer": "quadras", "dxf_type": "LWPOLYLINE"}, "geometry": {"type": "Polygon", "coordinates": [[[-54.999738884125165, -10.243520644209989], [-54.999730582759156, -10.243225241280422], [-54.99974415575806, -10.243211305813292], [-55.001217323926525, -10.243199507645217], [-55.00123111847746, -10.243212688508335], [-55.00123863537074, -10.243480145602144], [-54.999738884125165, -10.243520644209989]]]}}, {"type": "Feature", "properties": {"layer": "quadras", "dxf_type": "LWPOLYLINE"}, "geometry": {"type": "Polygon", "coordinates": [[[-55.00780131370199, -10.243128504870736], [-55.007815136638754, -10.243141429865366], [-55.00782272260635, -10.243302270770993], [-55.00319476474707, -10.243427313065107], [-55.00319128122372, -10.243191870431529], [-55.0032048192063, -10.24317811445795], [-55.003626419858485, -10.243173566704298], [-55.00780131370199, -10.243128504870736]]]}}, {"type": "Feature", "properties": {"layer": "quadras", "dxf_type": "LWPOLYLINE"}, "geometry": {"type": "Polygon", "coordinates": [[[-55.007775164072065, -10.242934526105923], [-55.007761566192286, -10.24294811019486], [-55.00733265735592, -10.242950946333341], [-55.00731887749008, -10.242937413243283], [-55.00731606302631, -10.24143815579803], [-55.007329333174695, -10.241424578749566], [-55.007758131761236, -10.241411592254485], [-55.00777223926588, -10.24142511828615], [-55.007775164072065, -10.242934526105923]]]}}, {"type": "Feature", "properties": {"layer": "quadras", "dxf_type": "LWPOLYLINE"}, "geometry": {"type": "Polygon", "coordinates": [[[-55.00670593615041, -10.241456493445323], [-55.0067191893965, -10.241442703899995], [-55.007149786300715, -10.241429185978765], [-55.00716390629549, -10.241442460816765], [-55.007194666070106, -10.242932362896823], [-55.00718087586644, -10.242946197974257], [-55.006745640869305, -10.242942912034517], [-55.00673205773534, -10.242929592553184], [-55.00670593615041, -10.241456493445323]]]}}, {"type": "Feature", "properties": {"layer": "quadras", "dxf_type": "LWPOLYLINE"}, "geometry": {"type": "Polygon", "coordinates": [[[-55.00661307659769, -10.242932566578514], [-55.0065996622332, -10.242946277380735], [-55.00615613204752, -10.242955063277545], [-55.00614217133368, -10.242941709823244], [-55.006119813464004, -10.241462605043576], [-55.00613352377153, -10.241448843639057], [-55.00658244612768, -10.241449574454007], [-55.006596110814975, -10.241462977591278], [-55.00661307659769, -10.242932566578514]]]}}, {"type": "Feature", "properties": {"layer": "quadras", "dxf_type": "LWPOLYLINE"}, "geometry": {"type": "Polygon", "coordinates": [[[-55.00194988103518, -10.241375139777324], [-55.001936035878195, -10.241361738083814], [-55.001917364688374, -10.239754415574225], [-55.00193094608955, -10.23974070057796], [-55.0023672682255, -10.239737365834486], [-55.002381062770944, -10.239750828657327], [-55.00239236853347, -10.241356598578927], [-55.00237883765366, -10.241370250619859], [-55.00194988103518, -10.241375139777324]]]}}, {"type": "Feature", "properties": {"layer": "quadras", "dxf_type": "LWPOLYLINE"}, "geometry": {"type": "Polygon", "coordinates": [[[-55.002504558484546, -10.239745737777225], [-55.0025180688431, -10.239731997005487], [-55.00296180156602, -10.239726306140376], [-55.00297566750782, -10.239739739551254], [-55.002990537126436, -10.241352676517382], [-55.002977314586175, -10.241366351271655], [-55.00254084766455, -10.241381062350307], [-55.002526693802736, -10.2413676949384], [-55.002504558484546, -10.239745737777225]]]}}, {"type": "Feature", "properties": {"layer": "quadras", "dxf_type": "LWPOLYLINE"}, "geometry": {"type": "Polygon", "coordinates": [[[-55.00314169112588, -10.239738621051616], [-55.00315513136388, -10.239724852700022], [-55.00359509418333, -10.239716988284211], [-55.00360902962476, -10.23973040402089], [-55.00362599165016, -10.241348117177958], [-55.00361242857965, -10.241361816086625], [-55.00318097290096, -10.241365696312998], [-55.00316716110246, -10.24135235000691], [-55.00314169112588, -10.239738621051616]]]}}, {"type": "Feature", "properties": {"layer": "quadras", "dxf_type": "LWPOLYLINE"}, "geometry": {"type": "Polygon", "coordinates": [[[-55.004223864885944, -10.241332971485392], [-55.00421059747038, -10.241346678565717], [-55.0037707529284, -10.241360051757027], [-55.003756644724454, -10.241346670206877], [-55.003736121778225, -10.239730301817845], [-55.00374945403505, -10.239716577066561], [-55.004191169187834, -10.23970520812503], [-55.004205212449044, -10.239718607327573], [-55.004223864885944, -10.241332971485392]]]}}, {"type": "Feature", "properties": {"layer": "quadras", "dxf_type": "LWPOLYLINE"}, "geometry": {"type": "Polygon", "coordinates": [[[-55.00432715689051, -10.239717738413955], [-55.00434067950741, -10.239704069941133], [-55.004781382881404, -10.239698801817598], [-55.00479523545706, -10.23971219802157], [-55.00481425968436, -10.241295461745567], [-55.00480116568552, -10.241309169014956], [-55.00435464264038, -10.241328375755913], [-55.004340360435116, -10.241314940731424], [-55.00432715689051, -10.239717738413955]]]}}, {"type": "Feature", "properties": {"layer": "quadras", "dxf_type": "LWPOLYLINE"}, "geometry": {"type": "Polygon", "coordinates": [[[-55.004918139339516, -10.239708952018288], [-55.004931863883776, -10.239695241366165], [-55.00537158983353, -10.239696422292205], [-55.00538524057507, -10.23970984706742], [-55.00540138122964, -10.241322736098695], [-55.00538773886264, -10.241336429185806], [-55.00495015885883, -10.241337885133193], [-55.004936424919975, -10.241324478803561], [-55.004918139339516, -10.239708952018288]]]}}, {"type": "Feature", "properties": {"layer": "quadras", "dxf_type": "LWPOLYLINE"}, "geometry": {"type": "Polygon", "coordinates": [[[-55.00599510759667, -10.241309416545866], [-55.005981694363, -10.241323102028314], [-55.005539120232214, -10.241331892450063], [-55.005525156606815, -10.241318435016256], [-55.005513223656074, -10.239698046480552], [-55.005526866621636, -10.239684389533942], [-55.00596590011344, -10.239682930457159], [-55.00597963390533, -10.239696359336714], [-55.00599510759667, -10.241309416545866]]]}}, {"type": "Feature", "properties": {"layer": "quadras", "dxf_type": "LWPOLYLINE"}, "geometry": {"type": "Polygon", "coordinates": [[[-55.0061019419199, -10.23969983264431], [-55.00611573317535, -10.23968610064743], [-55.006554083710256, -10.239689393058171], [-55.00656766741006, -10.239702748683317], [-55.00659179782193, -10.241301280013296], [-55.006578327561364, -10.241315040201638], [-55.00613669294979, -10.241321986861838], [-55.00612278814854, -10.24130860393191], [-55.0061019419199, -10.23969983264431]]]}}, {"type": "Feature", "properties": {"layer": "quadras", "dxf_type": "LWPOLYLINE"}, "geometry": {"type": "Polygon", "coordinates": [[[-55.00178082832731, -10.239611227512773], [-55.0017673410348, -10.239624925002303], [-55.001347076275216, -10.239631045003291], [-55.00133318722021, -10.239617672861112], [-55.00131289066706, -10.238144222056052], [-55.00132635445136, -10.238130480139635], [-55.001751489843485, -10.238123587034757], [-55.00176540140318, -10.238137003582006], [-55.00178082832731, -10.239611227512773]]]}}, {"type": "Feature", "properties": {"layer": "quadras", "dxf_type": "LWPOLYLINE"}, "geometry": {"type": "Polygon", "coordinates": [[[-55.00070671480632, -10.238158691436949], [-55.00072026744893, -10.238145045008814], [-55.001151922102146, -10.238140806912329], [-55.00116574391722, -10.238154122593642], [-55.00119224276991, -10.239620134126298], [-55.00117893188234, -10.239633930294634], [-55.00073051560205, -10.239646134370417], [-55.000716451024616, -10.23963266983119], [-55.00070671480632, -10.238158691436949]]]}}, {"type": "Feature", "properties": {"layer": "quadras", "dxf_type": "LWPOLYLINE"}, "geometry": {"type": "Polygon", "coordinates": [[[-55.00059786480318, -10.239625448924224], [-55.000584281632435, -10.239639148477607], [-55.00014686784346, -10.239642456959443], [-55.00013307633964, -10.239629109780797], [-55.000109926537654, -10.238156333879454], [-55.00012323628388, -10.238142568477452], [-55.00056822230825, -10.23813041066394], [-55.00058228806517, -10.238143822776992], [-55.00059786480318, -10.239625448924224]]]}}, {"type": "Feature", "properties": {"layer": "quadras", "dxf_type": "LWPOLYLINE"}, "geometry": {"type": "Polygon", "coordinates": [[[-55.000008218801824, -10.239630333436054], [-54.99999476601617, -10.239644048224573], [-54.99956244857055, -10.239651391638159], [-54.99954852802763, -10.239638106920198], [-54.99951878242783, -10.238165986934444], [-54.999532285147545, -10.238152158569445], [-54.99997708590832, -10.238146245649535], [-54.99999095733454, -10.238159644837987], [-55.000008218801824, -10.239630333436054]]]}}, {"type": "Feature", "properties": {"layer": "quadras", "dxf_type": "LWPOLYLINE"}, "geometry": {"type": "Polygon", "coordinates": [[[-55.00001856118438, -10.241298363087704], [-55.00000523577411, -10.24131212655393], [-54.99979125637831, -10.241317721076701], [-54.99977742719521, -10.241306592776466], [-54.99959521065315, -10.240313947387046], [-54.99954704562326, -10.240044901764598], [-54.999538570906914, -10.239780880206428], [-54.99955191407693, -10.239766894494007], [-54.99998066409816, -10.239756384433669], [-54.99999468923781, -10.239769729439425], [-55.00001856118438, -10.241298363087704]]]}}, {"type": "Feature", "properties": {"layer": "quadras", "dxf_type": "LWPOLYLINE"}, "geometry": {"type": "Polygon", "coordinates": [[[-55.0001260598177, -10.239781502701781], [-55.000139772425804, -10.239767831085976], [-55.000583369985776, -10.239768628319563], [-55.00059703386077, -10.239782103960277], [-55.00060693144034, -10.24138876756376], [-55.000593363149434, -10.241402408438887], [-55.00015343494215, -10.241406234343088], [-55.00013962664902, -10.24139278942486], [-55.0001260598177, -10.239781502701781]]]}}, {"type": "Feature", "properties": {"layer": "quadras", "dxf_type": "LWPOLYLINE"}, "geometry": {"type": "Polygon", "coordinates": [[[-55.0017965949479, -10.24136210075382], [-55.00178312407852, -10.241375784771305], [-55.00075868488951, -10.24139194041872], [-55.000744780134994, -10.241378592552563], [-55.000720052193195, -10.239792599923426], [-55.000733337337955, -10.239778837969792], [-55.001767387228924, -10.23974871428098], [-55.00178147765888, -10.239762140073678], [-55.0017965949479, -10.24136210075382]]]}}, {"type": "Feature", "properties": {"layer": "quadras", "dxf_type": "LWPOLYLINE"}, "geometry": {"type": "Polygon", "coordinates": [[[-55.007268134312675, -10.238056330888035], [-55.007281578256865, -10.238042662677584], [-55.007522788909604, -10.238038408297676], [-55.00753651291623, -10.238049607059626], [-55.00779686640334, -10.239510060303893], [-55.007783951442875, -10.239525964471154], [-55.00729467531525, -10.23954598595166], [-55.007280421321845, -10.239532550316083], [-55.007268134312675, -10.238056330888035]]]}}, {"type": "Feature", "properties": {"layer": "quadras", "dxf_type": "LWPOLYLINE"}, "geometry": {"type": "Polygon", "coordinates": [[[-55.00667835883022, -10.238067456240568], [-55.00669172772463, -10.238053680031932], [-55.00714018514477, -10.238043358540382], [-55.007154191636616, -10.238056814348086], [-55.00716510874565, -10.239535885320658], [-55.007151672101685, -10.239549540902495], [-55.0067166180756, -10.239557473723453], [-55.00670267924372, -10.239544138526362], [-55.00667835883022, -10.238067456240568]]]}}, {"type": "Feature", "properties": {"layer": "quadras", "dxf_type": "LWPOLYLINE"}, "geometry": {"type": "Polygon", "coordinates": [[[-55.0065774870032, -10.239558847467249], [-55.00656344713442, -10.239572644855526], [-55.0061231478223, -10.239561404054326], [-55.006109813938664, -10.23954809062309], [-55.00608374938653, -10.238090866904065], [-55.00609770614004, -10.238077070825746], [-55.00653762213164, -10.238085650486143], [-55.00655103903597, -10.238098963497745], [-55.0065774870032, -10.239558847467249]]]}}, {"type": "Feature", "properties": {"layer": "quadras", "dxf_type": "LWPOLYLINE"}, "geometry": {"type": "Polygon", "coordinates": [[[-55.00597939991917, -10.239545547494577], [-55.005965979945216, -10.239559303456158], [-55.00551780383053, -10.239567974081645], [-55.005503847908614, -10.239554462471494], [-55.00549904165243, -10.238093115661313], [-55.00551251900701, -10.238079514633759], [-55.00594382707366, -10.238072926840577], [-55.005957724608585, -10.238086284398817], [-55.00597939991917, -10.239545547494577]]]}}, {"type": "Feature", "properties": {"layer": "quadras", "dxf_type": "LWPOLYLINE"}, "geometry": {"type": "Polygon", "coordinates": [[[-55.00490277426918, -10.238109959595771], [-55.00491616066597, -10.23809631374751], [-55.00534990039569, -10.238086852710074], [-55.0053638898272, -10.23810024972163], [-55.00538101867734, -10.239550003184569], [-55.00536734613291, -10.239563720506816], [-55.004926119687106, -10.239564203574433], [-55.00491241631609, -10.239550735073149], [-55.00490277426918, -10.238109959595771]]]}}, {"type": "Feature", "properties": {"layer": "quadras", "dxf_type": "LWPOLYLINE"}, "geometry": {"type": "Polygon", "coordinates": [[[-55.00431004479415, -10.238117521814756], [-55.004323623330286, -10.238103800340527], [-55.00475314703573, -10.238100423885973], [-55.004766941816285, -10.238113713061505], [-55.004796026552555, -10.239565234259402], [-55.00478236333567, -10.239579061888623], [-55.004341361033866, -10.239579767898336], [-55.00432765084592, -10.239566372553048], [-55.00431004479415, -10.238117521814756]]]}}, {"type": "Feature", "properties": {"layer": "quadras", "dxf_type": "LWPOLYLINE"}, "geometry": {"type": "Polygon", "coordinates": [[[-55.00372423144884, -10.238126202867534], [-55.00373777418423, -10.2381125182638], [-55.00416330563536, -10.238108043325713], [-55.00417713813782, -10.23812142495385], [-55.00419621130712, -10.239570817003512], [-55.00418277498429, -10.239584550178623], [-55.00375188556151, -10.239592370776423], [-55.003737946552356, -10.239578941464996], [-55.00372423144884, -10.238126202867534]]]}}, {"type": "Feature", "properties": {"layer": "quadras", "dxf_type": "LWPOLYLINE"}, "geometry": {"type": "Polygon", "coordinates": [[[-55.003606769235844, -10.239577652773583], [-55.003593650849204, -10.239591326403982], [-55.00314756717647, -10.239609726499584], [-55.00313330831669, -10.239596226504744], [-55.003128217181995, -10.238127167600931], [-55.003141619796146, -10.238113565327874], [-55.003578954976454, -10.238104512004705], [-55.00359292952065, -10.238117940625154], [-55.003606769235844, -10.239577652773583]]]}}, {"type": "Feature", "properties": {"layer": "quadras", "dxf_type": "LWPOLYLINE"}, "geometry": {"type": "Polygon", "coordinates": [[[-55.002484237583424, -10.238137532234868], [-55.00249767951145, -10.23812392209958], [-55.0029408070254, -10.238116000766617], [-55.00295474253161, -10.23812953764121], [-55.0029568579854, -10.239601044042455], [-55.00294298272287, -10.239614620793828], [-55.00250352546215, -10.2396086845037], [-55.0024900232078, -10.239595180092678], [-55.002484237583424, -10.238137532234868]]]}}, {"type": "Feature", "properties": {"layer": "quadras", "dxf_type": "LWPOLYLINE"}, "geometry": {"type": "Polygon", "coordinates": [[[-55.00238062258943, -10.23959824054748], [-55.00236685177846, -10.239612039373101], [-55.00236716754846, -10.239612037696675], [-55.00190838127877, -10.23961970619822], [-55.00189446260772, -10.239606249828812], [-55.00189355382669, -10.23813330635275], [-55.001907186239755, -10.238119738997046], [-55.00234065086231, -10.238117971818262], [-55.00235439332058, -10.238131290586292], [-55.00238062258943, -10.23959824054748]]]}}, {"type": "Feature", "properties": {"layer": "quadras", "dxf_type": "LINE"}, "geometry": {"type": "LineString", "coordinates": [[-55.0075318490758, -10.241670514798964], [-55.00777270277876, -10.241664533851921]]}}, {"type": "Feature", "properties": {"layer": "quadras", "dxf_type": "LINE"}, "geometry": {"type": "LineString", "coordinates": [[-55.008313128457466, -10.239656550630363], [-55.00831601017489, -10.239779128391659]]}}, {"type": "Feature", "properties": {"layer": "quadras", "dxf_type": "LINE"}, "geometry": {"type": "LineString", "coordinates": [[-55.00798249721239, -10.240825292708196], [-55.00821340794769, -10.240819968135742]]}}, {"type": "Feature", "properties": {"layer": "quadras", "dxf_type": "LINE"}, "geometry": {"type": "LineString", "coordinates": [[-55.00788377840335, -10.240659739140746], [-55.00804013561738, -10.240656151850178]]}}, {"type": "Feature", "properties": {"layer": "quadras", "dxf_type": "LINE"}, "geometry": {"type": "LineString", "coordinates": [[-55.00762760937962, -10.2408334760848], [-55.00757841831362, -10.240834610176565]]}}, {"type": "Feature", "properties": {"layer": "quadras", "dxf_type": "LINE"}, "geometry": {"type": "LineString", "coordinates": [[-55.00757841831362, -10.240834610176565], [-55.00757447639152, -10.240666889202162]]}}]}