{"type": "FeatureCollection", "name": "vista", "crs": {"type": "name", "properties": {"name": "urn:ogc:def:crs:OGC:1.3:CRS84"}}, "properties": {"source": "8be78050_MAPA TRIBUTAÇÃO 2021 (1).dxf", "assumed_crs": "EPSG:4326", "local_crs": false, "note": "Coordenadas locais do desenho (sem CRS). Use base 'Só CAD' no mapa.", "extent": [4300.4554, 2373.7696, 8215.3349, 6186.7838], "georef": true, "transform": {"scale": 1, "rotation_deg": 0, "tx": 713717.6034368816, "ty": 8862616.121289995, "rmse_m": 0, "epsg": 31981}, "layer": "vista", "source_file": "8be78050_MAPA TRIBUTAÇÃO 2021 (1)_georef.geojson", "n_features": 2712}, "features": [{"type": "Feature", "properties": {"layer": "vista", "dxf_type": "CIRCLE", "radius_m": 6}, "geometry": {"type": "Polygon", "coordinates": [[[-54.99516156685992, -10.231506442205747], [-54.99516268543611, -10.231495867777518], [-54.99516586470014, -10.23148571370998], [-54.99517098357649, -10.231476368847988], [-54.99517784452381, -10.231468191735981], [-54.995186183646645, -10.231461498929285], [-54.99519568085814, -10.231456545170428], [-54.995205971748696, -10.231453522558386], [-54.99521665953972, -10.231452546159359], [-54.99522733424685, -10.231453654124925], [-54.99523758639635, -10.231456803256735], [-54.99524702068478, -10.231461873610405], [-54.99525527514223, -10.231468668613404], [-54.99526203290451, -10.231476929600367], [-54.995267034070494, -10.231486336789992], [-54.99527008561519, -10.231496529232373], [-54.995271071353905, -10.231507116621314], [-54.99526995278679, -10.231517690146719], [-54.99526677351968, -10.231527845119711], [-54.99526165464473, -10.231537189983557], [-54.99525479370306, -10.231545366193542], [-54.99524645457312, -10.231552059905708], [-54.995236957359, -10.231557013665629], [-54.995226666465015, -10.231560036278054], [-54.995215978670295, -10.23156101267671], [-54.995205303959764, -10.23155990471012], [-54.995195051807656, -10.231556755576738], [-54.99518561751783, -10.231551685221213], [-54.995177363066084, -10.23154488931247], [-54.995170605299556, -10.231536629227808], [-54.995165604136204, -10.23152722203712], [-54.995162552600604, -10.23151702869047], [-54.99516156685992, -10.231506442205747]]]}}, {"type": "Feature", "properties": {"layer": "vista", "dxf_type": "CIRCLE", "radius_m": 6}, "geometry": {"type": "Polygon", "coordinates": [[[-54.995985033564295, -10.232508120474426], [-54.99598615212369, -10.232497546039443], [-54.995989331379235, -10.23248739196137], [-54.99599445025572, -10.232478047085428], [-54.99600131029928, -10.23246986995097], [-54.996009650351716, -10.232463177130853], [-54.9960191475879, -10.232458223351472], [-54.99602943759731, -10.23245520071259], [-54.99604012633773, -10.232454224298088], [-54.99605080108579, -10.232455332243456], [-54.99606105327871, -10.232458481356787], [-54.996070487611384, -10.23246355169439], [-54.99607874211219, -10.232470346684352], [-54.9960854999153, -10.232478607661829], [-54.99609050111799, -10.232488014845844], [-54.996093552693864, -10.232498207286708], [-54.996094538457044, -10.232508794678346], [-54.99609341990672, -10.232519368210468], [-54.996090240648115, -10.23252952319401], [-54.99608512177302, -10.232538868071805], [-54.99607826082258, -10.232547044298608], [-54.99606992167558, -10.232553738029827], [-54.99606042443676, -10.232558691810256], [-54.99605013351139, -10.232561714443927], [-54.996039445679806, -10.232562690863688], [-54.996028770015805, -10.23256158291166], [-54.996018518732825, -10.232558433802367], [-54.99600908439876, -10.23255336346292], [-54.9960008289911, -10.232546567561576], [-54.995994072096295, -10.232538307492037], [-54.99598907089622, -10.232528900306958], [-54.99598601932945, -10.232518706961805], [-54.995985033564295, -10.232508120474426]]]}}, {"type": "Feature", "properties": {"layer": "vista", "dxf_type": "CIRCLE", "radius_m": 6}, "geometry": {"type": "Polygon", "coordinates": [[[-54.99469228926165, -10.231859601178286], [-54.99469340785659, -10.23184902675506], [-54.994696588052896, -10.23183887270146], [-54.99470170604236, -10.231829526941208], [-54.994708567003464, -10.231821350746879], [-54.99471690614447, -10.231814657955974], [-54.99472640337217, -10.231809704214301], [-54.99473669427633, -10.231806681620181], [-54.99474738207784, -10.23180570523913], [-54.994758057704466, -10.231806813227617], [-54.99476830894461, -10.23180996236981], [-54.994777744144834, -10.231815032743176], [-54.994785998597656, -10.231821827757784], [-54.99479275635729, -10.231830087849557], [-54.99479775659335, -10.23183949594291], [-54.99480080903592, -10.231849688392883], [-54.99480179384508, -10.23186027577468], [-54.994800676171764, -10.231870849300666], [-54.99479749597238, -10.23188100425974], [-54.99479237798999, -10.23189034911794], [-54.994785517028866, -10.231898525314133], [-54.99477717788075, -10.231905219010509], [-54.99476767974355, -10.231910171843737], [-54.99475738974283, -10.231913195347747], [-54.994746701025086, -10.231914171722842], [-54.99473602630759, -10.231913063738915], [-54.99472577415799, -10.231909913685652], [-54.99471633986323, -10.231904844219933], [-54.9947080854161, -10.231898048299577], [-54.9947013276579, -10.23188978820622], [-54.994696327418794, -10.231880381015708], [-54.99469327498532, -10.231870187661446], [-54.99469228926165, -10.231859601178286]]]}}, {"type": "Feature", "properties": {"layer": "vista", "dxf_type": "CIRCLE", "radius_m": 6}, "geometry": {"type": "Polygon", "coordinates": [[[-54.99425154667521, -10.232287474334019], [-54.99425266528303, -10.232276900819535], [-54.994255844592566, -10.232266745864441], [-54.994260963509745, -10.232257401024642], [-54.99426782357912, -10.232249224838082], [-54.99427616365832, -10.232242531164246], [-54.99428566090439, -10.232237577439307], [-54.994295950912075, -10.232234554856978], [-54.99430663963925, -10.232233578499041], [-54.99431731436302, -10.232234686498773], [-54.99432756652159, -10.232237835662206], [-54.99433700081113, -10.23224290604367], [-54.994345255256036, -10.232249701973515], [-54.9943520130094, -10.232257962073799], [-54.99435701415362, -10.232267369274222], [-54.99436006566455, -10.232277562624462], [-54.994361051375606, -10.232288149106523], [-54.99435993276552, -10.232298723525949], [-54.99435675346426, -10.232308877578712], [-54.99435163454847, -10.23231822242037], [-54.99434477356086, -10.232326399507066], [-54.99433643439844, -10.23233309228421], [-54.994326937149744, -10.23233804601023], [-54.994316646226096, -10.232341068587301], [-54.99430595840777, -10.232342044950506], [-54.99429528276804, -10.232340936944109], [-54.99428503151942, -10.232337787784747], [-54.99427559722848, -10.232332717401412], [-54.99426734186538, -10.232325922367982], [-54.99426058503167, -10.232317661367839], [-54.99425558389007, -10.232308254166348], [-54.99425253237689, -10.232298061719627], [-54.99425154667521, -10.232287474334019]]]}}, {"type": "Feature", "properties": {"layer": "vista", "dxf_type": "CIRCLE", "radius_m": 6}, "geometry": {"type": "Polygon", "coordinates": [[[-54.995520431094484, -10.232866499630735], [-54.995521548754304, -10.232855926098996], [-54.99552472894774, -10.232845771130895], [-54.99552984693167, -10.2328364262605], [-54.99553670790158, -10.232828250049256], [-54.99554504706541, -10.232821556335317], [-54.99555454523047, -10.232816602578623], [-54.995564835253646, -10.232813579957531], [-54.99557552400475, -10.232812603560868], [-54.99558619875999, -10.232813711523436], [-54.99559645095632, -10.232816860652665], [-54.99560588528849, -10.232821931004251], [-54.99561413977924, -10.232828726909633], [-54.995620897579926, -10.232836986991847], [-54.99562589785857, -10.232846394175674], [-54.99562895032683, -10.23285658752803], [-54.9956299360788, -10.232867174014249], [-54.99562881750417, -10.232877748445278], [-54.995625637319, -10.232887902511077], [-54.995620519336484, -10.232897247383312], [-54.995613658360874, -10.232905424500304], [-54.99560531920128, -10.232912117311942], [-54.99559582194613, -10.23291707107532], [-54.995585531006995, -10.232920093691177], [-54.995574843164725, -10.232921070093118], [-54.99556416749354, -10.232919962123871], [-54.99555391620716, -10.232916812998699], [-54.995544480961044, -10.232911742639635], [-54.99553622646464, -10.232904947636277], [-54.995529468671066, -10.232896686648592], [-54.995524468395054, -10.232887279463714], [-54.99552141592454, -10.232877087014847], [-54.995520431094484, -10.232866499630735]]]}}, {"type": "Feature", "properties": {"layer": "vista", "dxf_type": "CIRCLE", "radius_m": 6}, "geometry": {"type": "Polygon", "coordinates": [[[-54.99506916360262, -10.233249510603777], [-54.995070282199116, -10.233238936178669], [-54.99507346149402, -10.23322878211691], [-54.99507858041631, -10.233219436359253], [-54.99508544140608, -10.233211260161472], [-54.995093780588704, -10.233204566462936], [-54.99510327785255, -10.23319961362131], [-54.995113568802836, -10.233196591023328], [-54.99512425665297, -10.2331956146386], [-54.995134932328874, -10.233196722623713], [-54.995145183617026, -10.23319987176298], [-54.995154617955315, -10.233204941224436], [-54.995162873355106, -10.233211737146817], [-54.995169630235935, -10.233219997231926], [-54.99517463141061, -10.233229405330587], [-54.995177682958065, -10.233239597775416], [-54.99517866868785, -10.233250185164021], [-54.99517755010043, -10.233260758686304], [-54.99517437080245, -10.233270913653502], [-54.995169251887226, -10.233280258509128], [-54.995162391809984, -10.233288434714412], [-54.995154051713385, -10.23329512840889], [-54.9951445544469, -10.233300081251603], [-54.995134264400065, -10.23330310475946], [-54.99512357563369, -10.233304081138208], [-54.99511290086693, -10.233302973157675], [-54.9951026486693, -10.23329982310735], [-54.99509321432962, -10.233294753644019], [-54.995084959842394, -10.233287957725414], [-54.99507820205045, -10.233279697633083], [-54.99507320087273, -10.233270290437247], [-54.995070149334374, -10.23326009708816], [-54.99506916360262, -10.233249510603777]]]}}, {"type": "Feature", "properties": {"layer": "vista", "dxf_type": "CIRCLE", "radius_m": 6}, "geometry": {"type": "Polygon", "coordinates": [[[-54.99456159347177, -10.233580657478134], [-54.994562712082356, -10.233570083962277], [-54.994565891403475, -10.233559929005482], [-54.99457101034061, -10.233550584163712], [-54.994577871350074, -10.23354240798062], [-54.99458621055082, -10.233535714298915], [-54.994595707830534, -10.233530761475555], [-54.99460599879948, -10.233527737992771], [-54.99461668665922, -10.233526761627129], [-54.994627362340985, -10.23352786963067], [-54.994637613625365, -10.233531019690817], [-54.99464704796151, -10.233536089167249], [-54.99465530244265, -10.23354288509632], [-54.9946620602262, -10.233551145196273], [-54.99466706139337, -10.23356055239682], [-54.99467011291913, -10.233570745747624], [-54.99467109863634, -10.233581332230672], [-54.99466998002348, -10.233591906651476], [-54.99466680071065, -10.233602060705953], [-54.99466168176923, -10.233611406453464], [-54.99465482075975, -10.233619582638417], [-54.99464648155757, -10.23362627632171], [-54.99463698427522, -10.23363122914613], [-54.994626694221076, -10.23363425173104], [-54.99461600544509, -10.233635228090684], [-54.99460533067246, -10.233634120091743], [-54.994595078467256, -10.233630970928289], [-54.99458564412972, -10.233625901450003], [-54.9945773896486, -10.23361910551907], [-54.99457063186649, -10.233610845417532], [-54.99456563070762, -10.233601437312037], [-54.99456257917961, -10.23359124486473], [-54.99456159347177, -10.233580657478134]]]}}, {"type": "Feature", "properties": {"layer": "vista", "dxf_type": "CIRCLE", "radius_m": 6}, "geometry": {"type": "Polygon", "coordinates": [[[-54.99411637634732, -10.23394765396183], [-54.99411749497602, -10.233937080450758], [-54.994120674316385, -10.233926925501937], [-54.99412579327316, -10.233917580670973], [-54.994132654301936, -10.233909404501114], [-54.994140993520894, -10.233902710834549], [-54.994150490822705, -10.233897757123803], [-54.99416078179997, -10.233894734562105], [-54.99417146967075, -10.23389375821373], [-54.99418214536018, -10.23389486623389], [-54.994192396654206, -10.233898015405524], [-54.994201830984814, -10.233903085799367], [-54.994210086374814, -10.23390988174524], [-54.994216843238426, -10.233918141847935], [-54.99422184439481, -10.233927549053726], [-54.99422489590677, -10.233937742406443], [-54.99422588160772, -10.233948328888044], [-54.99422476298244, -10.233958902400138], [-54.99422158364467, -10.233969057350544], [-54.99421646468929, -10.233978402183368], [-54.994209604573044, -10.233986578360708], [-54.9942012644401, -10.233993272023238], [-54.99419176713566, -10.233998225735029], [-54.994181477067514, -10.234001248302754], [-54.994170788280485, -10.234002224645145], [-54.9941601135002, -10.234001116629575], [-54.99414986129103, -10.233997967450726], [-54.99414042695902, -10.233992897055044], [-54.994132172481585, -10.233986101112933], [-54.994125414706865, -10.233977841003028], [-54.99412041355312, -10.233968433796175], [-54.99411736204458, -10.233958240443059], [-54.99411637634732, -10.23394765396183]]]}}, {"type": "Feature", "properties": {"layer": "vista", "dxf_type": "CIRCLE", "radius_m": 6}, "geometry": {"type": "Polygon", "coordinates": [[[-54.994865368224076, -10.234843988888068], [-54.99486648684302, -10.234833414466962], [-54.99486966616974, -10.23482326041239], [-54.994874785126335, -10.23481391556868], [-54.99488164616837, -10.234805738479551], [-54.99488998539674, -10.234799045699493], [-54.99489948272054, -10.234794091969986], [-54.99490977372586, -10.234791069388887], [-54.99492046162968, -10.234790093021212], [-54.994931137355856, -10.234791201022919], [-54.994941388688936, -10.23479435017766], [-54.994950823059405, -10.234799420556808], [-54.99495907849422, -10.234806215586852], [-54.99496583538905, -10.234814476584754], [-54.99497083657867, -10.234823883785412], [-54.99497388812464, -10.234834076232866], [-54.99497487384221, -10.234844663620784], [-54.99497375523236, -10.234855237139028], [-54.994970575902556, -10.23486539209907], [-54.994965456947355, -10.23487473694464], [-54.99495859682352, -10.234882913137348], [-54.9949502566755, -10.234889606817273], [-54.99494075934907, -10.234894560547824], [-54.99493046925288, -10.234897583134947], [-54.99491978043281, -10.234898559496642], [-54.99490910561577, -10.234897451499519], [-54.99489885336754, -10.23489430233757], [-54.99488941899567, -10.234889231956581], [-54.994881164479104, -10.234882436026396], [-54.99487440666749, -10.23487417592519], [-54.994869405480486, -10.234864768723469], [-54.994866353943635, -10.23485457537173], [-54.994865368224076, -10.234843988888068]]]}}, {"type": "Feature", "properties": {"layer": "vista", "dxf_type": "CIRCLE", "radius_m": 6}, "geometry": {"type": "Polygon", "coordinates": [[[-54.995326258859706, -10.234475529656335], [-54.995327377454345, -10.234464956134172], [-54.99533055676701, -10.234454801167493], [-54.9953356757035, -10.23444545631264], [-54.99534253672019, -10.234437280113768], [-54.99535087593571, -10.234430586414176], [-54.99536037324288, -10.234425632667678], [-54.99537066332156, -10.234422610063202], [-54.995381352126884, -10.234421633683366], [-54.99539202693296, -10.234422741662305], [-54.99540227917482, -10.234425890806836], [-54.995411713545444, -10.234430961172023], [-54.9954199680661, -10.234437757088843], [-54.995426725886986, -10.234446017179847], [-54.995431727087905, -10.234455424375097], [-54.9954347786425, -10.234465617724473], [-54.99543576438255, -10.234476204210008], [-54.99543464579132, -10.234486777733224], [-54.995431466481264, -10.234496932701457], [-54.99542634754616, -10.234506277558165], [-54.99541948652946, -10.234514453758901], [-54.995411147312495, -10.234521147460077], [-54.99540165000269, -10.234526101207656], [-54.99539135900805, -10.234529123806878], [-54.995380671111576, -10.234530100191979], [-54.99536999538954, -10.234528992206378], [-54.99535974405763, -10.234525843065919], [-54.995350309685605, -10.234520772698858], [-54.995342055164976, -10.234513976780175], [-54.99533529734553, -10.234505716687588], [-54.99533029614723, -10.234496309491272], [-54.995327244596055, -10.23448611614153], [-54.995326258859706, -10.234475529656335]]]}}, {"type": "Feature", "properties": {"layer": "vista", "dxf_type": "CIRCLE", "radius_m": 6}, "geometry": {"type": "Polygon", "coordinates": [[[-54.995781313139865, -10.234096358296357], [-54.995782431715966, -10.234085784769283], [-54.995785611921434, -10.234075629800083], [-54.99579072992521, -10.234066284928558], [-54.995797590922045, -10.234058108716141], [-54.99580593011884, -10.234051415001053], [-54.995815427403414, -10.234046462141539], [-54.99582571838586, -10.234043438621187], [-54.99583640626721, -10.234042462218076], [-54.99584708197788, -10.234043570185609], [-54.99585733329733, -10.23404672021267], [-54.995866768585906, -10.234051789665758], [-54.99587502311025, -10.234058585571137], [-54.99588178093861, -10.234066845653576], [-54.99588678123798, -10.234076252837832], [-54.99588983371921, -10.234086446190851], [-54.995890818563346, -10.234097032672262], [-54.99588970089753, -10.234107607109902], [-54.99588652070034, -10.234117761176764], [-54.99588140269228, -10.234127106954034], [-54.99587454169542, -10.234135283168328], [-54.99586620250287, -10.234141975981116], [-54.995856704297445, -10.234146929739959], [-54.9958464142298, -10.23414995236241], [-54.9958357254322, -10.234150928759549], [-54.99582505063067, -10.234149820796596], [-54.995814798390406, -10.234146671666252], [-54.99580536401864, -10.234141601313038], [-54.995797109488656, -10.234134806309685], [-54.99579035166171, -10.234126546225642], [-54.99578535137066, -10.234117138136435], [-54.99578229888717, -10.234106945686936], [-54.995781313139865, -10.234096358296357]]]}}, {"type": "Feature", "properties": {"layer": "vista", "dxf_type": "CIRCLE", "radius_m": 6}, "geometry": {"type": "Polygon", "coordinates": [[[-54.996235265053976, -10.233723994884631], [-54.99623638361164, -10.233713421352666], [-54.996239562884966, -10.233703266369742], [-54.996244681781285, -10.23369392149283], [-54.996251542758486, -10.233685745266927], [-54.99625988193677, -10.233679051536381], [-54.99626937920466, -10.233674098660078], [-54.99627967017288, -10.233671075122198], [-54.99629035804304, -10.233670098701516], [-54.996301033745965, -10.233671206652103], [-54.99631128506141, -10.233674356663496], [-54.99632071943734, -10.233679426097167], [-54.996328974878026, -10.23368622199681], [-54.99633573180141, -10.233694482065106], [-54.99634073302435, -10.233703889249636], [-54.996343784607106, -10.233714082595073], [-54.996344770380354, -10.233724669083593], [-54.996343651820425, -10.233735243520508], [-54.996340472555374, -10.233745397601094], [-54.99633535365477, -10.233754743383749], [-54.99632849359009, -10.23376291961715], [-54.99632015350351, -10.233769612439758], [-54.99631065622731, -10.233774566221028], [-54.996300366173884, -10.233777588861006], [-54.99628967738748, -10.233778565275717], [-54.9962790025937, -10.23377745732971], [-54.99626875035744, -10.23377430821503], [-54.99625931598578, -10.233769237875604], [-54.996251061451986, -10.23376244288362], [-54.996244303617495, -10.233754182808104], [-54.99623930240286, -10.23374477471862], [-54.99623625081786, -10.233734582276702], [-54.996235265053976, -10.233723994884631]]]}}, {"type": "Feature", "properties": {"layer": "vista", "dxf_type": "CIRCLE", "radius_m": 6}, "geometry": {"type": "Polygon", "coordinates": [[[-54.99666996926886, -10.233335838130598], [-54.99667108689601, -10.233325264588274], [-54.99667426706261, -10.233315109603145], [-54.99667938502655, -10.233305764709964], [-54.99668624598412, -10.233297588470993], [-54.996694585143715, -10.233290894725508], [-54.99670408330714, -10.233285941838526], [-54.996714373348134, -10.233282918278062], [-54.99672506211903, -10.233281941845965], [-54.99673573690096, -10.233283049774506], [-54.99674598912416, -10.233286199776316], [-54.99675542349916, -10.23329126919664], [-54.99676367803025, -10.233298065079614], [-54.9967704358729, -10.233306325145273], [-54.99677543619354, -10.23331573231899], [-54.9967784887022, -10.233325925668106], [-54.99677947449142, -10.233336512158074], [-54.996778355949466, -10.233347086599695], [-54.996775175791136, -10.23335724068252], [-54.99677005782292, -10.233366586481445], [-54.99676319686533, -10.233374762722262], [-54.9967548577043, -10.233381456469347], [-54.996745360450795, -10.233386409362996], [-54.99673506949383, -10.23338943291824], [-54.99672438163744, -10.233390408451715], [-54.9967137059339, -10.2333893014204], [-54.99670345462064, -10.233386151422627], [-54.9966940193317, -10.233381081994846], [-54.99668576480063, -10.233374286109992], [-54.99667900695941, -10.233366026042766], [-54.996674006647076, -10.233356617964096], [-54.996670954136164, -10.233346425518466], [-54.99666996926886, -10.233335838130598]]]}}, {"type": "Feature", "properties": {"layer": "vista", "dxf_type": "CIRCLE", "radius_m": 6}, "geometry": {"type": "Polygon", "coordinates": [[[-54.99714156764881, -10.232980468763257], [-54.997142685257124, -10.232969895215904], [-54.99714586540387, -10.232959740222421], [-54.99715098334773, -10.232950395317923], [-54.99715784428573, -10.232942219065107], [-54.99716618342705, -10.232935525303754], [-54.99717568157417, -10.232930572399496], [-54.99718597160146, -10.232927548821026], [-54.99719666036181, -10.232926572370856], [-54.997207335136714, -10.232927680282014], [-54.99721758735671, -10.232930830267735], [-54.997227021732435, -10.232935899673906], [-54.99723527626816, -10.232942695545214], [-54.99724203411916, -10.232950955602112], [-54.99724703445156, -10.232960362770353], [-54.997250086974944, -10.23297055611748], [-54.997251072781275, -10.232981142608983], [-54.99724995425816, -10.232991717055663], [-54.99724677411968, -10.233001871146811], [-54.99724165617155, -10.233011216957069], [-54.997234795233524, -10.233019393211746], [-54.997226456090786, -10.233026086974684], [-54.99721695885357, -10.233031039885626], [-54.99720666791031, -10.233034063458863], [-54.99719598006448, -10.23303503901039], [-54.99718530436796, -10.233033931996479], [-54.9971750530579, -10.233030782014806], [-54.99716561776824, -10.233025712601163], [-54.99715736323254, -10.233018916727996], [-54.997150605382956, -10.233010656669512], [-54.99714560505886, -10.233001248596304], [-54.99714255253323, -10.232991056152692], [-54.99714156764881, -10.232980468763257]]]}}, {"type": "Feature", "properties": {"layer": "vista", "dxf_type": "CIRCLE", "radius_m": 6}, "geometry": {"type": "Polygon", "coordinates": [[[-54.99642897274807, -10.232128902575923], [-54.996430091289284, -10.232118328136151], [-54.99643327052542, -10.2321081740501], [-54.996438389382035, -10.232098829163341], [-54.99644525031853, -10.232090652021265], [-54.99645358943987, -10.232083959180352], [-54.99646308665925, -10.232079005384445], [-54.99647337756678, -10.232075982733944], [-54.99648406538321, -10.232075006296528], [-54.99649474103574, -10.232076114230868], [-54.99650499231174, -10.232079263323174], [-54.99651442664392, -10.232084333647222], [-54.996522681148114, -10.232091128625997], [-54.996529438958376, -10.232099389595069], [-54.9965344401717, -10.232108796773819], [-54.996537491761266, -10.232118989212765], [-54.99653847754071, -10.232129576605843], [-54.99653735900857, -10.232140150142785], [-54.996534179769355, -10.232150305134272], [-54.99652906091415, -10.232159650022885], [-54.996522199983296, -10.232167826262957], [-54.996513860854854, -10.232174520009337], [-54.99650436363285, -10.23217947380631], [-54.99649407363442, -10.23218249646281], [-54.996483384901765, -10.232183472894238], [-54.99647271015837, -10.23218236496449], [-54.996462457967226, -10.232179215865003], [-54.996453023633656, -10.232174145539096], [-54.996444769135145, -10.232167349654576], [-54.99643801132065, -10.23215908958779], [-54.99643301010996, -10.232149682407975], [-54.99642995852948, -10.232139489064775], [-54.99642897274807, -10.232128902575923]]]}}, {"type": "Feature", "properties": {"layer": "vista", "dxf_type": "CIRCLE", "radius_m": 6}, "geometry": {"type": "Polygon", "coordinates": [[[-54.99560345884035, -10.231132080354783], [-54.99560457739848, -10.231121505921777], [-54.99560775664325, -10.231111351846316], [-54.99561287550555, -10.231102006069687], [-54.99561973642778, -10.231093829848382], [-54.99562807553223, -10.231087137026579], [-54.9956375727271, -10.23108218325131], [-54.99564786360342, -10.231079160622114], [-54.99565855138315, -10.231078184205924], [-54.995669226994885, -10.231079292160524], [-54.99567947822759, -10.231082441271417], [-54.99568891251561, -10.231087511611594], [-54.995697167889034, -10.231094306609107], [-54.99570392475162, -10.231102566678231], [-54.99570892592255, -10.231111974766511], [-54.99571197748089, -10.231122167206964], [-54.995712963235775, -10.231132754597365], [-54.99571184468672, -10.231143328127542], [-54.995708665438876, -10.231153483108441], [-54.99570354658365, -10.231162827983042], [-54.99569668657394, -10.231171004211822], [-54.99568834654984, -10.231177697933482], [-54.995678849358015, -10.231182650805946], [-54.99566855938513, -10.231185674345012], [-54.99565787068918, -10.231186650755227], [-54.99564719598657, -10.231185542805202], [-54.995636943844396, -10.231182392783259], [-54.99562750954931, -10.231177323345094], [-54.99561925509411, -10.231170527447452], [-54.99561249732042, -10.231162267371124], [-54.995607496146455, -10.231152860185666], [-54.995604444597205, -10.231142666840958], [-54.99560345884035, -10.231132080354783]]]}}, {"type": "Feature", "properties": {"layer": "vista", "dxf_type": "CIRCLE", "radius_m": 6}, "geometry": {"type": "Polygon", "coordinates": [[[-54.99363673780901, -10.232458767579026], [-54.99363785553163, -10.232448193161218], [-54.993641035769194, -10.232438039125807], [-54.99364615379936, -10.232428693390212], [-54.99365301479906, -10.232420517226023], [-54.99366135398073, -10.232413823565697], [-54.993670852145335, -10.232408870771037], [-54.99368114216091, -10.232405848210368], [-54.99369183089189, -10.23240487187409], [-54.99370250561524, -10.232405979894677], [-54.99371275776915, -10.232409129077334], [-54.993722192055685, -10.23241419857182], [-54.99373044648819, -10.232420994515554], [-54.993737204225944, -10.232429254626194], [-54.993742204433694, -10.232438662731301], [-54.993745256842665, -10.232448855185513], [-54.99374624252671, -10.232459442569455], [-54.99374512390063, -10.232470016078777], [-54.99374194365999, -10.23248017101966], [-54.9937368256369, -10.232489515853223], [-54.99372996463718, -10.232497692019278], [-54.99372162545408, -10.232504385681185], [-54.99371212819938, -10.23250933848252], [-54.993701837262165, -10.23251236194185], [-54.993691149440025, -10.232513338283393], [-54.99368047380073, -10.232512230256143], [-54.993670222562436, -10.232509080173642], [-54.99366078736196, -10.232504010671692], [-54.99365253292948, -10.23249721472609], [-54.99364577519317, -10.232488954613867], [-54.99364077498236, -10.232479547411584], [-54.993637722582505, -10.232469354053086], [-54.99363673780901, -10.232458767579026]]]}}, {"type": "Feature", "properties": {"layer": "vista", "dxf_type": "CIRCLE", "radius_m": 6}, "geometry": {"type": "Polygon", "coordinates": [[[-54.99320245328941, -10.232841031564757], [-54.993203571936796, -10.232830458061194], [-54.993206751286664, -10.232820303124077], [-54.993211870243385, -10.232810958308619], [-54.993218731262544, -10.23280278215745], [-54.99322707046272, -10.232796088512037], [-54.9932365677316, -10.232791135728005], [-54.99324685867987, -10.232788112285995], [-54.99325754650991, -10.232787135961079], [-54.99326822215406, -10.232788244003663], [-54.99327847339436, -10.232791394099738], [-54.993287907681676, -10.232796463607528], [-54.99329616302365, -10.232803259567888], [-54.993302919842044, -10.232811519681146], [-54.993307920957726, -10.232820926893169], [-54.9933109724351, -10.232831120247562], [-54.99331195810888, -10.232841706726173], [-54.99331083945923, -10.232852281134676], [-54.993307660117644, -10.23286243516946], [-54.99330254115663, -10.232871780890662], [-54.993295681049986, -10.23287995704932], [-54.99328734094152, -10.232886649786803], [-54.99327784366434, -10.2328916034758], [-54.99326755363086, -10.23289462601992], [-54.993256864884586, -10.232895602338857], [-54.99324619014957, -10.232894494300854], [-54.993235937988445, -10.232891345101487], [-54.99322650370541, -10.232886274687935], [-54.99321824927032, -10.232879479635226], [-54.993211491540826, -10.232871219514758], [-54.99320649043345, -10.232861811397788], [-54.99320343895382, -10.232851618946912], [-54.99320245328941, -10.232841031564757]]]}}, {"type": "Feature", "properties": {"layer": "vista", "dxf_type": "CIRCLE", "radius_m": 6}, "geometry": {"type": "Polygon", "coordinates": [[[-54.99213833770279, -10.231606133283139], [-54.99213945637815, -10.231595558884472], [-54.992142635734254, -10.231585404865038], [-54.99214775469207, -10.231576060067825], [-54.9921546147946, -10.23156788302913], [-54.99216295488136, -10.231561190318166], [-54.99217245212594, -10.231556236657102], [-54.99218274211746, -10.231553214141162], [-54.9921934308144, -10.231552237849519], [-54.99220410549507, -10.231553345912921], [-54.99221435759927, -10.231556495134944], [-54.99222379182531, -10.2315615655677], [-54.992232046205686, -10.231568360635627], [-54.99223880387914, -10.231576621670893], [-54.99224380494799, -10.231586028890296], [-54.99224685639095, -10.231596221342782], [-54.99224784202726, -10.23160680872183], [-54.992246723361, -10.231617382217639], [-54.99224354400181, -10.231627537142538], [-54.992238425045386, -10.231636881941611], [-54.99223156403598, -10.231645058072637], [-54.99222322485464, -10.231651751694713], [-54.99221372760743, -10.231656705356825], [-54.99220343669996, -10.231659727867537], [-54.99219274891185, -10.231660704164453], [-54.992182073315234, -10.231659596094378], [-54.992171822120966, -10.231656446876404], [-54.992162387893536, -10.231651376441805], [-54.99215413260633, -10.231644580462484], [-54.992147375841164, -10.231636320335166], [-54.99214237477495, -10.231626913114697], [-54.992139323341085, -10.231616719757929], [-54.99213833770279, -10.231606133283139]]]}}, {"type": "Feature", "properties": {"layer": "vista", "dxf_type": "CIRCLE", "radius_m": 6}, "geometry": {"type": "Polygon", "coordinates": [[[-54.99264303442797, -10.23123691543288], [-54.99264415217073, -10.231226341023199], [-54.992647332418315, -10.231216187000488], [-54.99265245044234, -10.231206842185562], [-54.99265931143677, -10.231198665137725], [-54.99266765059176, -10.231191972404185], [-54.9926771487318, -10.231187018730324], [-54.99268743870905, -10.231183996195178], [-54.99269812739509, -10.23118301988428], [-54.99270880206861, -10.231184127929128], [-54.99271905416973, -10.231187277133996], [-54.99272848839686, -10.231192347551673], [-54.99273674278243, -10.231199142607183], [-54.99274350046502, -10.231207403633116], [-54.99274850063404, -10.231216810841063], [-54.99275155300534, -10.231227003297054], [-54.992752538659914, -10.231237590677766], [-54.99275142001371, -10.231248164178965], [-54.992748239763046, -10.23125831910714], [-54.99274312174042, -10.231267663923921], [-54.99273626075165, -10.231275840069737], [-54.992727921589534, -10.23128253370875], [-54.9927184243594, -10.231287487389285], [-54.992708133466195, -10.231290509919205], [-54.992697445689, -10.231291486235369], [-54.992686770099525, -10.231290378183854], [-54.99267651890834, -10.231287228983028], [-54.992667083767294, -10.231282158557887], [-54.99265882938742, -10.231275362596628], [-54.99265207170058, -10.231267102472994], [-54.99264707153419, -10.231257695263983], [-54.992644019172, -10.23124750190371], [-54.99264303442797, -10.23123691543288]]]}}, {"type": "Feature", "properties": {"layer": "vista", "dxf_type": "CIRCLE", "radius_m": 6}, "geometry": {"type": "Polygon", "coordinates": [[[-54.993526862946005, -10.230516546886639], [-54.99352798156544, -10.230505972473068], [-54.99353116177497, -10.230495818434566], [-54.99353627976016, -10.23048647359823], [-54.99354314071649, -10.230478296524153], [-54.993551479835595, -10.230471603760583], [-54.993560977030775, -10.230466650048399], [-54.99357126789307, -10.230463627484777], [-54.993581955644935, -10.230462651134053], [-54.99359263121608, -10.230463759151581], [-54.99360288239703, -10.230466908320357], [-54.993612317536616, -10.230471978716853], [-54.993620571929696, -10.230478773750235], [-54.993627329627095, -10.230487034759602], [-54.993632329817636, -10.23049644195716], [-54.99363538221634, -10.230506634409354], [-54.993636366990636, -10.23051722178734], [-54.9936352492928, -10.230527795303704], [-54.993632069080206, -10.230537950247664], [-54.99362695109641, -10.230547295085858], [-54.99362009014573, -10.23055547125791], [-54.993611751019515, -10.230562164926948], [-54.99360225290917, -10.23056711863457], [-54.993591962955996, -10.2305701412042], [-54.99358127428789, -10.230571117548925], [-54.993570599625876, -10.230570009535999], [-54.99356034752979, -10.230566860360028], [-54.99355091330135, -10.230561789967304], [-54.99354265891396, -10.230554994028175], [-54.993535901212326, -10.23054673392111], [-54.993530901024414, -10.230537326722484], [-54.99352784863481, -10.230527133366024], [-54.993526862946005, -10.230516546886639]]]}}, {"type": "Feature", "properties": {"layer": "vista", "dxf_type": "CIRCLE", "radius_m": 6}, "geometry": {"type": "Polygon", "coordinates": [[[-54.99310473650561, -10.23088361623543], [-54.993105855136726, -10.230873042730325], [-54.99310903445794, -10.230862887789902], [-54.99311415337472, -10.2308535429695], [-54.99312101343164, -10.230845366806319], [-54.99312935348679, -10.230838673158946], [-54.99313885069249, -10.230833720366418], [-54.993149140661835, -10.230830696909697], [-54.99315982933736, -10.230829720581095], [-54.99317050400385, -10.230830828608863], [-54.993180756095995, -10.230833978701856], [-54.993190190329365, -10.23083904820175], [-54.993198444713684, -10.2308458441497], [-54.99320520241007, -10.230854104263173], [-54.99321020350309, -10.230863511471377], [-54.99321325497056, -10.23087370482368], [-54.993214240647596, -10.23088429130201], [-54.993213122014204, -10.230894865712058], [-54.99320994270127, -10.230905019750148], [-54.993204823780204, -10.230914365476291], [-54.99319796281073, -10.23092254163571], [-54.99318962366667, -10.230929235290292], [-54.99318012645835, -10.230934188083886], [-54.99316983557873, -10.230937210631474], [-54.993159147812044, -10.230938186965348], [-54.993148472229606, -10.23093707893091], [-54.993138221041725, -10.230933929745865], [-54.993128786806956, -10.230928860244111], [-54.99312053151012, -10.230922064288677], [-54.99311377472771, -10.230913804179243], [-54.993108773642994, -10.230904396066093], [-54.99310572217326, -10.230894203617307], [-54.99310473650561, -10.23088361623543]]]}}, {"type": "Feature", "properties": {"layer": "vista", "dxf_type": "CIRCLE", "radius_m": 6}, "geometry": {"type": "Polygon", "coordinates": [[[-54.99404124771955, -10.230157831662222], [-54.994042365406195, -10.230147257237544], [-54.99404554559454, -10.230137103190026], [-54.994050663558454, -10.230127758341443], [-54.99405752449422, -10.23011958125236], [-54.994065863594265, -10.230112888471632], [-54.99407536168515, -10.2301079347464], [-54.994085651620956, -10.2301049121577], [-54.99409634027485, -10.23010393579311], [-54.994107014926755, -10.230105043786198], [-54.99411726701762, -10.230108192943222], [-54.99412670124624, -10.23011326331882], [-54.99413495564501, -10.230120058339608], [-54.99414171335199, -10.230128319339562], [-54.99414671355566, -10.230137726531224], [-54.99414976597051, -10.230147918981256], [-54.9941507516759, -10.230158506366578], [-54.994149633085804, -10.230169079882769], [-54.994146452894384, -10.230179234835756], [-54.99414133493186, -10.230188579686196], [-54.99413447400176, -10.230196755873235], [-54.9941261348946, -10.230203449559433], [-54.99411663771362, -10.230208403291352], [-54.99410634686185, -10.230211425874817], [-54.9940956591168, -10.230212402244689], [-54.994084983548944, -10.230211294244922], [-54.99407473236802, -10.230208145091952], [-54.994065297225475, -10.230203074708873], [-54.9940570428324, -10.23019627878234], [-54.994050285121176, -10.230188018684705], [-54.99404528492014, -10.23017861149198], [-54.99404223251439, -10.23016841813766], [-54.99404124771955, -10.230157831662222]]]}}, {"type": "Feature", "properties": {"layer": "vista", "dxf_type": "CIRCLE", "radius_m": 6}, "geometry": {"type": "Polygon", "coordinates": [[[-54.99451291499488, -10.229827466832427], [-54.99451403356979, -10.229816893312245], [-54.994517212831845, -10.229806738346937], [-54.99452233168874, -10.229797393492744], [-54.994529192599934, -10.229789217293794], [-54.99453753168813, -10.22978252359344], [-54.99454702885101, -10.229777569845462], [-54.99455731968652, -10.229774547244526], [-54.99456800741818, -10.229773570856423], [-54.9945786820639, -10.22977467883226], [-54.99458893415231, -10.22977782797335], [-54.99459836838233, -10.229782898334934], [-54.9946066227806, -10.229789694248055], [-54.99461338050204, -10.229797954335472], [-54.99461838163025, -10.229807361527342], [-54.9946214331417, -10.229817554873671], [-54.994622418869795, -10.22982814135666], [-54.99462130029261, -10.229838715781751], [-54.99461812103885, -10.229848869844757], [-54.994613002183335, -10.229858214700807], [-54.99460614126645, -10.229866391805485], [-54.99459780218249, -10.229873084603538], [-54.99458830501698, -10.229878038352581], [-54.994578014178046, -10.229881060953916], [-54.99456732644269, -10.229882037341664], [-54.994556651793566, -10.229880929364782], [-54.99454639970255, -10.229877780222113], [-54.99453696547114, -10.229872709858672], [-54.99452871106721, -10.229865914847576], [-54.994521953352894, -10.229857653854705], [-54.994516952227315, -10.229848246661769], [-54.994513900713606, -10.229838054218929], [-54.99451291499488, -10.229827466832427]]]}}, {"type": "Feature", "properties": {"layer": "vista", "dxf_type": "CIRCLE", "radius_m": 6}, "geometry": {"type": "Polygon", "coordinates": [[[-54.994983323269054, -10.229404869775182], [-54.99498444183018, -10.229394295345996], [-54.994987621065654, -10.229384141276086], [-54.99499273990673, -10.22937479550647], [-54.994999600796596, -10.229366619293401], [-54.99500793986451, -10.229359925576833], [-54.995017437003234, -10.229354972715129], [-54.99502772782844, -10.2293519491919], [-54.995038415541586, -10.229350973689238], [-54.995049091096284, -10.229352080749027], [-54.99505934226124, -10.22935523077195], [-54.995068776495856, -10.22936030021516], [-54.99507703180981, -10.229367096121969], [-54.99508378862594, -10.229375356194792], [-54.995088789759535, -10.229384764284925], [-54.99509184129112, -10.229394956725288], [-54.99509282703083, -10.229405544113712], [-54.99509170847878, -10.229416117640053], [-54.995088529240235, -10.22942627261542], [-54.99508341040623, -10.229435617483002], [-54.99507655042886, -10.229443793703553], [-54.99506821044699, -10.229450487416086], [-54.99505871330563, -10.229455440278858], [-54.995048423389534, -10.22945846380809], [-54.9950377347545, -10.229459440208661], [-54.995027060114595, -10.229458332249562], [-54.99501680803451, -10.229455182219452], [-54.995007373798494, -10.229450112774389], [-54.9949991193971, -10.229443316871336], [-54.994992361669865, -10.229435056791308], [-54.99498736053322, -10.229425649604002], [-54.99498430901074, -10.229415456259366], [-54.994983323269054, -10.229404869775182]]]}}, {"type": "Feature", "properties": {"layer": "vista", "dxf_type": "CIRCLE", "radius_m": 6}, "geometry": {"type": "Polygon", "coordinates": [[[-54.99605414446801, -10.230757393996727], [-54.99605526300212, -10.23074682046273], [-54.99605844314557, -10.23073666548096], [-54.996063561069704, -10.230727320591653], [-54.996070421972306, -10.230719144356945], [-54.99607876106391, -10.2307124506159], [-54.996088258242054, -10.230707496823898], [-54.9960985491041, -10.230704474177294], [-54.99610923687254, -10.23070349774363], [-54.99611991247643, -10.230704605681378], [-54.99613016370502, -10.23070775477667], [-54.99613959890534, -10.23071282510878], [-54.99614785336422, -10.230719620993248], [-54.996154611146764, -10.230727881059517], [-54.996159611421724, -10.230737288232973], [-54.996162663900876, -10.230747481580963], [-54.99616364876536, -10.230758068063357], [-54.99616253114152, -10.230768642507885], [-54.996159351006334, -10.230778796587357], [-54.9961542330836, -10.230788141478515], [-54.9961473721753, -10.230796318618971], [-54.99613903308794, -10.230803011457715], [-54.99612953499464, -10.230807965245143], [-54.9961192450417, -10.230810987897769], [-54.99610855635703, -10.230811964325463], [-54.99609788166227, -10.230810856392287], [-54.99608762951855, -10.230807707289792], [-54.996078195229366, -10.230802636961462], [-54.99606994076483, -10.230795841979019], [-54.99606318298939, -10.230787581007283], [-54.996058182717064, -10.230778173832762], [-54.99605513023566, -10.230767981388258], [-54.99605414446801, -10.230757393996727]]]}}, {"type": "Feature", "properties": {"layer": "vista", "dxf_type": "CIRCLE", "radius_m": 6}, "geometry": {"type": "Polygon", "coordinates": [[[-54.99684678155623, -10.231709029104236], [-54.996847900074044, -10.231698455563748], [-54.99685107929658, -10.231688300566159], [-54.99685619813311, -10.231678955669004], [-54.996863059043825, -10.231670779418053], [-54.99687139815147, -10.231664085658633], [-54.996880895347296, -10.23165913275069], [-54.996891186244795, -10.231656109179685], [-54.996901874048284, -10.231655132725605], [-54.996912549691146, -10.231656240643863], [-54.99692280095548, -10.231659390625186], [-54.99693223529118, -10.231664460032254], [-54.99694049070407, -10.23167125590972], [-54.996947247613164, -10.231679515961174], [-54.99695224883587, -10.231688923134813], [-54.99695530043245, -10.231699116475742], [-54.99695628623306, -10.23170970296631], [-54.99695516771298, -10.231720277411739], [-54.996951988498715, -10.231730431506989], [-54.99694686965791, -10.231739777309906], [-54.99694000965972, -10.231747953568338], [-54.9969316696381, -10.231754647323726], [-54.996922172439646, -10.231759600232735], [-54.996911882451265, -10.231762623809734], [-54.99690119373721, -10.231763599353943], [-54.9968905189978, -10.23176249234416], [-54.99688026681834, -10.23175934235566], [-54.996870832481235, -10.231754272946736], [-54.996862577980906, -10.231747477073021], [-54.996855820160704, -10.23173921701437], [-54.99685081894631, -10.23172980893576], [-54.99684776734747, -10.231719616498353], [-54.99684678155623, -10.231709029104236]]]}}, {"type": "Feature", "properties": {"layer": "vista", "dxf_type": "CIRCLE", "radius_m": 6}, "geometry": {"type": "Polygon", "coordinates": [[[-54.997593846874956, -10.232610515069991], [-54.99759496538312, -10.23259994061948], [-54.9975981455047, -10.23258978652183], [-54.99760326342866, -10.232580441606373], [-54.997610124352796, -10.232572264436232], [-54.997618463470026, -10.232565571563386], [-54.997627960693684, -10.232560617732892], [-54.99763825161373, -10.232557595046469], [-54.99764893945042, -10.2325566185732], [-54.997659615130175, -10.232557726473084], [-54.997669866439345, -10.232560875533705], [-54.99767930172186, -10.232565945835653], [-54.99768755626706, -10.23257274079175], [-54.99769431411995, -10.232581001744066], [-54.99769931446334, -10.232590408906983], [-54.997702367006404, -10.232600601348251], [-54.99770335191103, -10.23261118873953], [-54.99770223432448, -10.232621762292787], [-54.99769905419983, -10.232631917295912], [-54.997693936277265, -10.232641262213221], [-54.997687075358776, -10.232649438481324], [-54.99767873623445, -10.23265613225964], [-54.99766923809562, -10.232661086085587], [-54.99765894808469, -10.232664108778023], [-54.99764825933177, -10.232665085245323], [-54.99763758456115, -10.232663977350017], [-54.99762733233683, -10.232660828282194], [-54.99761789796546, -10.232655757984006], [-54.99760964342595, -10.232648962122159], [-54.99760288556883, -10.23264070207216], [-54.99759788522807, -10.23263129490818], [-54.99759483269409, -10.232621101562625], [-54.997593846874956, -10.232610515069991]]]}}, {"type": "Feature", "properties": {"layer": "vista", "dxf_type": "CIRCLE", "radius_m": 6}, "geometry": {"type": "Polygon", "coordinates": [[[-54.99805248387163, -10.232228922759923], [-54.998053602361125, -10.232218348304466], [-54.998056782462825, -10.232208194198616], [-54.99806190037212, -10.232198848368135], [-54.99806876127062, -10.232190672088255], [-54.99807710037465, -10.232183978295883], [-54.998086597575615, -10.232179025352266], [-54.998096888486785, -10.232176001744222], [-54.99810757630631, -10.232175026157055], [-54.99811825198372, -10.2321761331359], [-54.99812850328301, -10.232179283084553], [-54.99813793857095, -10.232184352468662], [-54.9981461931142, -10.232191148317153], [-54.99815295006776, -10.23219940835132], [-54.998157951329105, -10.232208816418325], [-54.998161002973816, -10.232219008851985], [-54.99816198880774, -10.232229596250383], [-54.998160870327325, -10.232240169802974], [-54.9981576911351, -10.232250324819912], [-54.998152572320315, -10.232259669742742], [-54.99814571233434, -10.232267846030098], [-54.99813737322888, -10.232274539824054], [-54.99812787511275, -10.232279492763109], [-54.9981175851107, -10.23228251637717], [-54.99810689636927, -10.232283492862255], [-54.99809622160665, -10.232282384984096], [-54.99808596939222, -10.232279235028244], [-54.99807653501543, -10.232274165647908], [-54.9980682804722, -10.232267369797558], [-54.99806152260753, -10.232259109756193], [-54.99805652225569, -10.232249702597622], [-54.99805346970752, -10.232239509254061], [-54.99805248387163, -10.232228922759923]]]}}, {"type": "Feature", "properties": {"layer": "vista", "dxf_type": "CIRCLE", "radius_m": 6}, "geometry": {"type": "Polygon", "coordinates": [[[-54.998504213566086, -10.231845270465927], [-54.99850533203144, -10.231834696909477], [-54.998508511206566, -10.23182454188603], [-54.998513630002556, -10.231815196954063], [-54.99852049088118, -10.231807020660693], [-54.99852882996638, -10.231800326852907], [-54.99853832715598, -10.231795372988605], [-54.99854861804689, -10.231792350266929], [-54.998559305860496, -10.231791373758313], [-54.99856998061156, -10.231792481618491], [-54.99858023282468, -10.231795630653206], [-54.998589667193954, -10.23180070092181], [-54.9985979217407, -10.231807496758908], [-54.998604679614104, -10.231815756790184], [-54.998609680891946, -10.231825163947944], [-54.99861273254495, -10.231835357283522], [-54.99861371840106, -10.231845943779513], [-54.99861259993345, -10.231856518240876], [-54.99860942076659, -10.231866672362019], [-54.998604301971994, -10.231876017295843], [-54.998597441087696, -10.23188419449494], [-54.99858910200672, -10.231890887400423], [-54.998579604814495, -10.23189584126579], [-54.99856931392016, -10.231898863987855], [-54.99855862610286, -10.231899840496133], [-54.998547951348385, -10.2318987326349], [-54.99853769913267, -10.231895583598616], [-54.998528264761994, -10.231890513328159], [-54.99852001020961, -10.231883718393085], [-54.9985132523433, -10.231875457456356], [-54.99850825106808, -10.23186605029753], [-54.99850519941284, -10.231855857865437], [-54.998504213566086, -10.231845270465927]]]}}, {"type": "Feature", "properties": {"layer": "vista", "dxf_type": "CIRCLE", "radius_m": 6}, "geometry": {"type": "Polygon", "coordinates": [[[-54.99891054511809, -10.231433240669066], [-54.998911663566176, -10.231422667108156], [-54.99891484272249, -10.23141251207725], [-54.998919961498885, -10.231403167135154], [-54.9989268214453, -10.231394990823771], [-54.998935160511564, -10.231388297001754], [-54.998944658590524, -10.231383344031443], [-54.99895494855916, -10.23138032038409], [-54.9989656372726, -10.231379343864837], [-54.99897631201414, -10.231380451709377], [-54.99898656421563, -10.231383601633498], [-54.99899599858839, -10.231388670985458], [-54.999004253136825, -10.231395466812028], [-54.99901101101571, -10.231403726835378], [-54.99901601139009, -10.231413133982551], [-54.99901906396796, -10.231423327321899], [-54.99902004983915, -10.23143391381921], [-54.999018931388825, -10.231444488285065], [-54.99901575132823, -10.23145464240804], [-54.99901063346011, -10.231463988261488], [-54.99900377260113, -10.231472164569121], [-54.99899543353344, -10.231478858392727], [-54.998985936364384, -10.23148381136971], [-54.99897564547979, -10.231486835011843], [-54.99896495768086, -10.231487810632446], [-54.9989542820177, -10.23148670368516], [-54.99894403072615, -10.23148355376508], [-54.99893459543946, -10.231478484405658], [-54.998926340891046, -10.231471688577225], [-54.998919583926124, -10.231463428557902], [-54.9989145826475, -10.231454020500165], [-54.99891153097994, -10.231443828069928], [-54.99891054511809, -10.231433240669066]]]}}, {"type": "Feature", "properties": {"layer": "vista", "dxf_type": "CIRCLE", "radius_m": 6}, "geometry": {"type": "Polygon", "coordinates": [[[-54.99733929073569, -10.231385635562672], [-54.997340409239975, -10.231375061113097], [-54.997343588436884, -10.231364907010807], [-54.9973487063466, -10.231355561192498], [-54.99735556723816, -10.23134738492729], [-54.99736390632815, -10.231340691151537], [-54.99737340442106, -10.231335738231472], [-54.99738369438767, -10.23133271554024], [-54.99739438309431, -10.231331739073225], [-54.997405057818874, -10.231332846967998], [-54.997415309999504, -10.231335996034531], [-54.99742474433722, -10.231341065427065], [-54.99743299884344, -10.23134786128696], [-54.997439756674574, -10.23135612133507], [-54.99744475699183, -10.231365529401382], [-54.99744780952216, -10.231375721842005], [-54.997448795334805, -10.231386309238076], [-54.99744767683959, -10.231396882784821], [-54.99744449672708, -10.231407037786935], [-54.99743937882442, -10.231416382703214], [-54.99743251793285, -10.231424558970295], [-54.99742417884143, -10.23143125274762], [-54.99741468165843, -10.231436205674378], [-54.997404390770186, -10.231439229264272], [-54.99739370297239, -10.231440205736526], [-54.99738302733188, -10.231439097835114], [-54.99737277606686, -10.231435947868741], [-54.9973633408152, -10.231430878468727], [-54.99735508630899, -10.231424082606985], [-54.9973483284793, -10.231415822557274], [-54.997343328159, -10.231406415393785], [-54.997340276550304, -10.231396222054515], [-54.99733929073569, -10.231385635562672]]]}}, {"type": "Feature", "properties": {"layer": "vista", "dxf_type": "CIRCLE", "radius_m": 6}, "geometry": {"type": "Polygon", "coordinates": [[[-54.9978438655204, -10.23107905054326], [-54.99784498400527, -10.23106847608837], [-54.99784816318214, -10.231058321977358], [-54.9978532810663, -10.231048977051094], [-54.99786014194453, -10.231040799867495], [-54.99786848101152, -10.231034106979056], [-54.99787797909507, -10.23102915313705], [-54.997888269049554, -10.231026130427018], [-54.9978989577474, -10.23102515394118], [-54.99790963246687, -10.231026261817783], [-54.99791988464629, -10.231029410867542], [-54.99792931898107, -10.231034481149235], [-54.99793757349951, -10.231041276093075], [-54.99794433133511, -10.231049537035998], [-54.99794933167136, -10.23105894419274], [-54.997952384217676, -10.231069136631298], [-54.99795337004838, -10.231079724029039], [-54.99795225157259, -10.231090297581067], [-54.997949071480114, -10.231100452591939], [-54.99794395359735, -10.231109797520055], [-54.99793709272476, -10.231117973801616], [-54.997928753650676, -10.23112466759554], [-54.99791925647703, -10.231129621444207], [-54.99790896560659, -10.231132644149028], [-54.99789827781759, -10.231133620640124], [-54.99788760218217, -10.231132512756869], [-54.99787735091269, -10.231129363711139], [-54.997867915663974, -10.231124293421995], [-54.99785966115122, -10.231117497572386], [-54.99785290331138, -10.231109237531784], [-54.99784790297777, -10.231099830373976], [-54.99784485135308, -10.231089637036746], [-54.9978438655204, -10.23107905054326]]]}}, {"type": "Feature", "properties": {"layer": "vista", "dxf_type": "CIRCLE", "radius_m": 6}, "geometry": {"type": "Polygon", "coordinates": [[[-54.99648290508506, -10.23035134584957], [-54.99648402360123, -10.23034077231088], [-54.996487202812766, -10.230330617315705], [-54.99649232162937, -10.230321272421426], [-54.99649918159946, -10.230313096168127], [-54.996507521584476, -10.230306402417824], [-54.99651701873942, -10.230301449513536], [-54.996527308679326, -10.230298425940514], [-54.99653799734788, -10.230297449495524], [-54.99654867203013, -10.230298557411313], [-54.99655892416016, -10.23030170740102], [-54.99656835845209, -10.2303067768103], [-54.99657661291337, -10.23031357268379], [-54.99658337070218, -10.230321832741817], [-54.99658837189954, -10.230331239915708], [-54.99659142347926, -10.23034143325616], [-54.99659240927211, -10.230352019745583], [-54.996591290753685, -10.2303625941892], [-54.996588111550416, -10.23037274828206], [-54.996582992729536, -10.230382094082076], [-54.996576131846886, -10.230390270331624], [-54.99656779277297, -10.230396964089124], [-54.9965582956154, -10.230401916994479], [-54.99654800475954, -10.230404940562265], [-54.99653731700549, -10.230405916108634], [-54.99652664140163, -10.230404809090071], [-54.996516390181526, -10.230401659104416], [-54.996506955888215, -10.230396589693278], [-54.9964987005144, -10.230389793812313], [-54.99649194363957, -10.230381533758317], [-54.99648694245051, -10.230372125679473], [-54.99648389086855, -10.230361933242524], [-54.99648290508506, -10.23035134584957]]]}}, {"type": "Feature", "properties": {"layer": "vista", "dxf_type": "CIRCLE", "radius_m": 6}, "geometry": {"type": "Polygon", "coordinates": [[[-54.996920831182386, -10.229980108276026], [-54.996921949686325, -10.229969533828713], [-54.99692512978564, -10.229959379735194], [-54.996930247670164, -10.229950034824649], [-54.99693710853921, -10.229941857660002], [-54.996945447587805, -10.229935164793028], [-54.996954944731925, -10.229930210968558], [-54.99696523556458, -10.22992718828808], [-54.9969759233094, -10.229926211820448], [-54.99698659889632, -10.229927319725437], [-54.996996850115266, -10.229930468790444], [-54.99700628531363, -10.229935539095887], [-54.997014539784, -10.229942334054456], [-54.99702129666169, -10.22995059500251], [-54.99702629786957, -10.229960002171214], [-54.99702934946848, -10.229970194605873], [-54.997030335271674, -10.229980782000622], [-54.997029216776816, -10.22999135554507], [-54.99702603758696, -10.230001510549673], [-54.9970209187913, -10.23001085545646], [-54.99701405884044, -10.230019031724682], [-54.997005719784745, -10.230025725497121], [-54.99699622172545, -10.230030679317045], [-54.99698593180191, -10.23003370200352], [-54.99697524314087, -10.230034678465199], [-54.99696456846308, -10.23003357056477], [-54.99695431632899, -10.230030421492582], [-54.99694488204177, -10.230025351190896], [-54.99693662757709, -10.230018555326584], [-54.99692986978262, -10.230010295275234], [-54.996924869489916, -10.230000888111075], [-54.99692181698756, -10.229990694766519], [-54.996920831182386, -10.229980108276026]]]}}, {"type": "Feature", "properties": {"layer": "vista", "dxf_type": "CIRCLE", "radius_m": 6}, "geometry": {"type": "Polygon", "coordinates": [[[-54.9954140033694, -10.229010958158495], [-54.99541512190696, -10.229000384628518], [-54.99541830112887, -10.228990229646914], [-54.995423419944416, -10.2289808847706], [-54.9954302808146, -10.228972708544555], [-54.995438619863734, -10.228966014813142], [-54.99544811699098, -10.228961061031349], [-54.99545840779565, -10.228958038395126], [-54.995469095502465, -10.228957061971652], [-54.99547977104282, -10.228958169918998], [-54.99549002220842, -10.228961319022941], [-54.99549945643619, -10.228966389356765], [-54.99550771175287, -10.22897318525259], [-54.99551446857552, -10.22898144531719], [-54.99551946972484, -10.228990852498264], [-54.99552252126396, -10.229001045840622], [-54.9955235070252, -10.229011632326563], [-54.99552238848536, -10.229022206761483], [-54.99551920927172, -10.22903236084075], [-54.99551409045757, -10.229041705718924], [-54.99550723049422, -10.229049882856351], [-54.99549889053681, -10.229056575679845], [-54.995489393406935, -10.2290615294627], [-54.995479103511364, -10.22906455210491], [-54.99546841488832, -10.22906552852241], [-54.995457740257095, -10.22906442057964], [-54.99544748817635, -10.229061271468527], [-54.99543805394718, -10.22905620113285], [-54.9954297995374, -10.229049406144668], [-54.995423041809325, -10.229041145168962], [-54.99541804066262, -10.229031737986821], [-54.995414989121265, -10.229021545547983], [-54.9954140033694, -10.229010958158495]]]}}, {"type": "Feature", "properties": {"layer": "vista", "dxf_type": "CIRCLE", "radius_m": 6}, "geometry": {"type": "Polygon", "coordinates": [[[-54.995815489498405, -10.228609041713332], [-54.995816608018956, -10.228598468178937], [-54.99581978813491, -10.228588313195605], [-54.99582490601867, -10.228578968303681], [-54.99583176686957, -10.228570792065382], [-54.99584010590014, -10.228564098319913], [-54.995849603004594, -10.22855914542673], [-54.995859893799896, -10.228556121870666], [-54.995870581494344, -10.22855514543119], [-54.995881257025474, -10.228556253363099], [-54.99589150817968, -10.228559403356648], [-54.99590094332364, -10.228564472779613], [-54.995909197729574, -10.228571268659458], [-54.99591595455774, -10.228579528716272], [-54.99592095571609, -10.228588935892445], [-54.99592400726739, -10.228599129232975], [-54.995924993043516, -10.228609715720237], [-54.99592387452071, -10.228620290159581], [-54.99592069532556, -10.228630444246194], [-54.995915576524986, -10.228639790038244], [-54.99590871658659, -10.228647966284017], [-54.995900377554584, -10.228654660031072], [-54.99589087953498, -10.228659612919717], [-54.99588058964878, -10.228662636481767], [-54.99586990104378, -10.228663612011383], [-54.99585922641611, -10.22866250498794], [-54.995848974346764, -10.228659354987219], [-54.99583954011394, -10.228654285568], [-54.99583128570803, -10.228647489686294], [-54.99582452796877, -10.228639229622283], [-54.99581952773126, -10.228629821546777], [-54.995816475265165, -10.228619629104143], [-54.995815489498405, -10.228609041713332]]]}}, {"type": "Feature", "properties": {"layer": "vista", "dxf_type": "CIRCLE", "radius_m": 6}, "geometry": {"type": "Polygon", "coordinates": [[[-54.99626363846979, -10.228275088465772], [-54.99626475697814, -10.228264514022701], [-54.9962679361571, -10.228254359929725], [-54.9962730549344, -10.228245015032677], [-54.99627991577249, -10.228236837877342], [-54.99628825478014, -10.2282301450207], [-54.9962977518749, -10.228225191207242], [-54.99630804265166, -10.228222168537982], [-54.9963187303362, -10.228221192081381], [-54.99632940586079, -10.228222299996778], [-54.99633965701774, -10.228225449071186], [-54.9963490912443, -10.228230519379], [-54.99635734657291, -10.228237314349505], [-54.9963641034034, -10.228245575301916], [-54.99636910457296, -10.228254982472894], [-54.99637215614394, -10.228265174907648], [-54.99637314193063, -10.228275762300271], [-54.99637202343135, -10.228286335840512], [-54.99636884424932, -10.228296490838929], [-54.99636372547342, -10.228305835737826], [-54.99635686555351, -10.228314011996751], [-54.99634852562623, -10.22832070575325], [-54.996339028528844, -10.228325659567787], [-54.99632873866119, -10.228328682243031], [-54.99631805006042, -10.228329658693664], [-54.99630737544496, -10.228328550782837], [-54.99629712337288, -10.228325401701266], [-54.99628768914493, -10.228320331391581], [-54.99627943473454, -10.22831353552094], [-54.99627267698728, -10.22830527546522], [-54.99626767582034, -10.228295868293177], [-54.99626462425846, -10.228285674954169], [-54.99626363846979, -10.228275088465772]]]}}, {"type": "Feature", "properties": {"layer": "vista", "dxf_type": "CIRCLE", "radius_m": 6}, "geometry": {"type": "Polygon", "coordinates": [[[-54.9967322008939, -10.227911251553564], [-54.996733319377775, -10.227900678009359], [-54.99673649854252, -10.227890523004186], [-54.99674161729963, -10.227881178095856], [-54.99674847811234, -10.227873001830591], [-54.996756817107176, -10.227866308054256], [-54.996766314185386, -10.227861354223565], [-54.99677660494819, -10.227858331536368], [-54.99678729262189, -10.227857355061749], [-54.99679796722662, -10.227858462954197], [-54.996808219292596, -10.227861612018163], [-54.99681765351959, -10.227866682311882], [-54.996825907934365, -10.227873478169007], [-54.996832665691194, -10.227881738214428], [-54.99683766687233, -10.22789114537994], [-54.99684071845222, -10.227901338716581], [-54.99684170426161, -10.227911925206854], [-54.99684058577549, -10.227922499656009], [-54.99683740661901, -10.227932653758865], [-54.9968322878633, -10.227941998669044], [-54.9968254270449, -10.227950175840059], [-54.99681708805429, -10.22795686871409], [-54.99680759097345, -10.227961822545844], [-54.99679730020723, -10.227964845233426], [-54.99678661252984, -10.227965821707672], [-54.99677593792169, -10.2279647138142], [-54.99676568585311, -10.22796156474867], [-54.99675625162473, -10.227956494453094], [-54.9967479972043, -10.227949699497996], [-54.99674123945458, -10.227941438547106], [-54.996736238276064, -10.227932031380528], [-54.99673318669393, -10.227921838947392], [-54.9967322008939, -10.227911251553564]]]}}, {"type": "Feature", "properties": {"layer": "vista", "dxf_type": "CIRCLE", "radius_m": 6}, "geometry": {"type": "Polygon", "coordinates": [[[-54.99726038565552, -10.22947137278728], [-54.99726150414339, -10.229460798336017], [-54.99726468422434, -10.229450644235866], [-54.99726980208892, -10.229441299316267], [-54.997276662937196, -10.229433122140493], [-54.997285001965004, -10.229426429260744], [-54.99729449908911, -10.22942147542234], [-54.997304789903296, -10.229418452727305], [-54.99731547763189, -10.229417476245057], [-54.99732615320548, -10.229418584135928], [-54.99733640441447, -10.229421733187861], [-54.997345839606666, -10.229426803481777], [-54.997354094074865, -10.229433598430798], [-54.99736085186703, -10.22944185937728], [-54.997365852168315, -10.229451266535815], [-54.997368903776966, -10.229461458968716], [-54.99736988959332, -10.22947204636459], [-54.99736877111453, -10.229482619912988], [-54.99736559194304, -10.229492774924223], [-54.99736047407986, -10.229502119845675], [-54.99735361323723, -10.22951029611941], [-54.99734527420233, -10.229516989904644], [-54.99733577616306, -10.229521943738485], [-54.997325486257985, -10.22952496643953], [-54.99731479761316, -10.229525942915812], [-54.9973041229487, -10.229524835029512], [-54.99729387082457, -10.229521685970386], [-54.99728443654352, -10.229516615680247], [-54.997276182081, -10.229509819825456], [-54.9972694242846, -10.229501559781298], [-54.99726442398595, -10.229492152621697], [-54.997261371473854, -10.229481959278893], [-54.99726038565552, -10.22947137278728]]]}}, {"type": "Feature", "properties": {"layer": "vista", "dxf_type": "CIRCLE", "radius_m": 6}, "geometry": {"type": "Polygon", "coordinates": [[[-54.997972185615865, -10.23031826564541], [-54.99797330408336, -10.230307692092186], [-54.99797648416232, -10.23029753707899], [-54.997981602026606, -10.23028819214727], [-54.997988462876286, -10.23028001586078], [-54.99799680192392, -10.230273322060572], [-54.99800629906308, -10.230268369108222], [-54.998016589909405, -10.230265345490816], [-54.99802727766921, -10.2302643689902], [-54.99803795327753, -10.230265476863504], [-54.99804820451782, -10.230268626803253], [-54.99805763975341, -10.230273696179271], [-54.99806589425301, -10.23028049202084], [-54.998072651173274, -10.230288752049518], [-54.99807765241863, -10.23029815920877], [-54.998080704048505, -10.230308352544235], [-54.998081689891734, -10.230318939038527], [-54.99808057142199, -10.23032951349668], [-54.998077392263816, -10.230339667613164], [-54.998072273482734, -10.230349013445016], [-54.99806541354557, -10.230357189738978], [-54.998057074502164, -10.230363882636883], [-54.99804757644218, -10.230368836488577], [-54.99803728651063, -10.230371859208088], [-54.998026597834595, -10.230372835702742], [-54.99801592313539, -10.230371727834006], [-54.99800567097431, -10.230368578790966], [-54.997996236655524, -10.230363508514818], [-54.99798798215028, -10.230356713575272], [-54.99798122431891, -10.230348453539403], [-54.997976223994385, -10.230339045480811], [-54.997973171449736, -10.230328853043234], [-54.997972185615865, -10.23031826564541]]]}}, {"type": "Feature", "properties": {"layer": "vista", "dxf_type": "CIRCLE", "radius_m": 6}, "geometry": {"type": "Polygon", "coordinates": [[[-54.995604250544794, -10.235722209208383], [-54.99560536914846, -10.235711634781218], [-54.995608548467224, -10.235701480717113], [-54.995613667429176, -10.23569213495692], [-54.99562052847286, -10.235683958756507], [-54.99562886771592, -10.235677265959236], [-54.99563836506121, -10.235672312211204], [-54.995648656094, -10.235669289610904], [-54.9956593440302, -10.235668313224155], [-54.9956700188799, -10.23566942120199], [-54.99568027116388, -10.235672570345663], [-54.99568970557352, -10.235677640710264], [-54.99569796013425, -10.235684435722906], [-54.995704717983614, -10.23569269581392], [-54.99570971920031, -10.235702103913376], [-54.99571277077419, -10.235712296359479], [-54.99571375651379, -10.235722883749778], [-54.99571263791922, -10.235733457274117], [-54.995709458597375, -10.235743612243658], [-54.995704339642494, -10.235752957101818], [-54.995697478598785, -10.235761133304113], [-54.99568913934862, -10.235767827006839], [-54.99567964200638, -10.23577277985207], [-54.995669350964484, -10.235775803356617], [-54.995658663024585, -10.235776779743015], [-54.99564798817148, -10.235775671764136], [-54.995637735890575, -10.23577252171503], [-54.995628301473864, -10.23576745225244], [-54.99562004691883, -10.235760656334067], [-54.995613289070896, -10.23575239624145], [-54.995608287851155, -10.235742989044816], [-54.99560523628638, -10.235732795694458], [-54.995604250544794, -10.235722209208383]]]}}, {"type": "Feature", "properties": {"layer": "vista", "dxf_type": "CIRCLE", "radius_m": 6}, "geometry": {"type": "Polygon", "coordinates": [[[-54.99607706516928, -10.235374206818443], [-54.99607818375413, -10.23536363238623], [-54.99608136305313, -10.235353478313781], [-54.996086481076894, -10.235344133440533], [-54.99609334210685, -10.235335956322372], [-54.99610168133182, -10.235329263509223], [-54.99611117957359, -10.23532430974954], [-54.99612146968038, -10.235321287125615], [-54.99613215851883, -10.235320310726431], [-54.99614283336176, -10.235321418686867], [-54.99615308564277, -10.235324567814457], [-54.99616252005336, -10.235329638164915], [-54.99617077461892, -10.235336433165887], [-54.99617753247112, -10.235344694152055], [-54.99618253279283, -10.23535410133653], [-54.99618558529404, -10.235364293786255], [-54.99618657105078, -10.23537488117811], [-54.99618545247501, -10.23538545470749], [-54.99618227226039, -10.23539560967976], [-54.996177154238026, -10.23540495455486], [-54.99617029321372, -10.235413130771004], [-54.99616195398164, -10.235419824489618], [-54.996152456649796, -10.235424778256004], [-54.99614216562703, -10.235427800874676], [-54.99613147769743, -10.235428777279125], [-54.996120801938545, -10.235427669312028], [-54.99611055056749, -10.235424520188511], [-54.99610111524295, -10.235419449830559], [-54.996092860683085, -10.235412653923838], [-54.99608610282664, -10.23540439383997], [-54.99608110250756, -10.235394986654432], [-54.996078050928, -10.235384793306071], [-54.99607706516928, -10.235374206818443]]]}}, {"type": "Feature", "properties": {"layer": "vista", "dxf_type": "CIRCLE", "radius_m": 6}, "geometry": {"type": "Polygon", "coordinates": [[[-54.99654747165086, -10.235019769055867], [-54.99654859021691, -10.235009194618625], [-54.996551769496115, -10.234999040537856], [-54.99655688749982, -10.234989695653319], [-54.99656374851027, -10.234981518521325], [-54.996572087717006, -10.234974825692364], [-54.9965815859425, -10.23496987191543], [-54.99659187603564, -10.234966849273553], [-54.99660256486355, -10.23496587285634], [-54.99661323969948, -10.234966980799433], [-54.996623491977296, -10.234970129910954], [-54.99663292638861, -10.234975200247312], [-54.99664118095879, -10.234981995236627], [-54.99664793881933, -10.234990256214072], [-54.996652939152774, -10.234999663393085], [-54.996655991668675, -10.23500985584081], [-54.99665697744248, -10.23502044323421], [-54.99665585888552, -10.235031016768623], [-54.99665267869069, -10.235041171749229], [-54.996647560688366, -10.235050516635622], [-54.99664069968358, -10.235058692865591], [-54.99663236046974, -10.235065386600027], [-54.99662286315416, -10.235070340383642], [-54.996612572145054, -10.235073363020287], [-54.99660188422599, -10.235074339442743], [-54.9965912084741, -10.23507323149301], [-54.99658095710624, -10.235070082385539], [-54.99657152178098, -10.235065012041709], [-54.99656326721649, -10.23505821614664], [-54.996556509351706, -10.2350499560715], [-54.99655150902089, -10.235040548891423], [-54.99654845742664, -10.235030355545046], [-54.99654747165086, -10.235019769055867]]]}}, {"type": "Feature", "properties": {"layer": "vista", "dxf_type": "CIRCLE", "radius_m": 6}, "geometry": {"type": "Polygon", "coordinates": [[[-54.99699174935356, -10.234638943155252], [-54.9969928679014, -10.234628368713182], [-54.99699604716116, -10.234618214624462], [-54.9970011660575, -10.234608869734709], [-54.99700802704829, -10.23460069258943], [-54.9970163662364, -10.234593999745266], [-54.997025863532485, -10.23458904594617], [-54.99703615452369, -10.234586023292655], [-54.997046842427544, -10.234585046852535], [-54.99705751725535, -10.23458615477892], [-54.99706776952875, -10.234589303875012], [-54.99707720393952, -10.234594374197794], [-54.99708545851306, -10.234601169175905], [-54.99709221638075, -10.234609430144967], [-54.99709721763736, -10.234618837324327], [-54.997100269254425, -10.23462902976447], [-54.997101255044505, -10.23463961715935], [-54.99710013650574, -10.234650190698554], [-54.99709695724291, -10.234660345692747], [-54.99709183834797, -10.234669690584353], [-54.99708497736283, -10.23467786682759], [-54.997076638167606, -10.234684560577225], [-54.9970671408689, -10.234689514377392], [-54.99705684987427, -10.234692537031307], [-54.99704616196672, -10.234693513471072], [-54.997035487135506, -10.234692405543644], [-54.99702523485951, -10.234689256445966], [-54.99701580044733, -10.23468418612133], [-54.997007545879484, -10.234677390237469], [-54.99700078800756, -10.234669130170728], [-54.99699578675358, -10.234659722990303], [-54.99699273514561, -10.234649529645871], [-54.99699174935356, -10.234638943155252]]]}}, {"type": "Feature", "properties": {"layer": "vista", "dxf_type": "CIRCLE", "radius_m": 6}, "geometry": {"type": "Polygon", "coordinates": [[[-54.99744858211835, -10.23427384965928], [-54.997449700642065, -10.234263276116204], [-54.99745287988794, -10.234253121115447], [-54.997457997851804, -10.234243776209043], [-54.997464858817416, -10.234235599954145], [-54.99747319799287, -10.23422890619061], [-54.99748269617935, -10.234223953284154], [-54.997492986249696, -10.234220929703563], [-54.99750367505516, -10.234219953251417], [-54.99751434987547, -10.234221061160833], [-54.997524602139464, -10.234224211145104], [-54.997534036556054, -10.234229280550176], [-54.997542291127964, -10.234236076420775], [-54.99754904900907, -10.234244336477387], [-54.99755404936433, -10.23425374364577], [-54.997557101902466, -10.234263936993472], [-54.99755808771485, -10.234274523485947], [-54.997556969188885, -10.234285097933965], [-54.99755378903307, -10.234295252930673], [-54.99754867107059, -10.234304597838934], [-54.997541810104956, -10.234312774095693], [-54.997533470928076, -10.234319467860816], [-54.99752397365152, -10.23432442077395], [-54.99751368266519, -10.234327444349313], [-54.99750299477425, -10.234328419902813], [-54.997492319032304, -10.234327312890649], [-54.99748206767826, -10.234324162910424], [-54.99747263234773, -10.23431909349788], [-54.99746437777585, -10.23431229762542], [-54.99745761989617, -10.234304037567224], [-54.99745261954354, -10.234294630397773], [-54.99744956792138, -10.234284437055303], [-54.99744858211835, -10.23427384965928]]]}}, {"type": "Feature", "properties": {"layer": "vista", "dxf_type": "CIRCLE", "radius_m": 6}, "geometry": {"type": "Polygon", "coordinates": [[[-54.99789115584822, -10.233881372716002], [-54.99789227435934, -10.233870798264233], [-54.9978954544925, -10.233860644165006], [-54.997900572436244, -10.233851299247775], [-54.9979074333876, -10.23384312207571], [-54.99791577253844, -10.233836429200851], [-54.99792526980081, -10.233831475368339], [-54.997935560763175, -10.233828452679973], [-54.99794624864416, -10.233827476204898], [-54.9979569243685, -10.23382858410322], [-54.997967175720824, -10.23383173316254], [-54.997976611043406, -10.233836803463522], [-54.99798486562404, -10.233843598419014], [-54.99799162259383, -10.233851859365487], [-54.99799662387209, -10.2338612665342], [-54.99799967551695, -10.233871458970446], [-54.99800066133992, -10.233882046368263], [-54.99799954283789, -10.233892619917198], [-54.99799636361419, -10.233902774927477], [-54.99799124475931, -10.233912119840952], [-54.997984384726145, -10.23392029611662], [-54.99797604556821, -10.23392698989695], [-54.99796654739067, -10.233931943724919], [-54.99795625733742, -10.23393496641928], [-54.99794556854019, -10.233935942888372], [-54.99793489372498, -10.233934834994642], [-54.997924641457516, -10.233931685928138], [-54.99791520704608, -10.233926615630914], [-54.99790695247113, -10.233919819769671], [-54.99790019458457, -10.233911559719871], [-54.997895194221485, -10.233902152555705], [-54.99789214167316, -10.233891959209592], [-54.99789115584822, -10.233881372716002]]]}}, {"type": "Feature", "properties": {"layer": "vista", "dxf_type": "CIRCLE", "radius_m": 6}, "geometry": {"type": "Polygon", "coordinates": [[[-54.99835381309241, -10.233525934742731], [-54.99835493157931, -10.23351536118988], [-54.998358111698565, -10.233505206178588], [-54.99836322962244, -10.233495861250226], [-54.99837009054876, -10.233487684968425], [-54.998378429687115, -10.233480991174057], [-54.99838792693327, -10.233476037324563], [-54.99839821788197, -10.233473014618484], [-54.99840890575236, -10.233472038125672], [-54.9984195814696, -10.233473146006862], [-54.99842983281856, -10.233476295050364], [-54.998439268141674, -10.233481365337424], [-54.99844752272104, -10.233488161185344], [-54.998454280617125, -10.23349642122494], [-54.998459280994304, -10.233505828382647], [-54.99846233356046, -10.233516021726398], [-54.998463318493364, -10.233526608216254], [-54.99846220092242, -10.233537181775738], [-54.99845902080577, -10.233547336788616], [-54.998453902883284, -10.233556681718829], [-54.99844704195695, -10.233564858002499], [-54.998438702817154, -10.233571551798446], [-54.99842920465583, -10.233576505643383], [-54.99841891461625, -10.23357952835547], [-54.998408225829614, -10.233580504842315], [-54.99839755102152, -10.2335793969657], [-54.998387298757414, -10.233576247915002], [-54.99837786434544, -10.233571177631712], [-54.99836960976611, -10.233564381781937], [-54.998362851871455, -10.233556121740751], [-54.9983578514969, -10.23354671458198], [-54.99835479893416, -10.233536521237825], [-54.99835381309241, -10.233525934742731]]]}}, {"type": "Feature", "properties": {"layer": "vista", "dxf_type": "CIRCLE", "radius_m": 6}, "geometry": {"type": "Polygon", "coordinates": [[[-54.99887059096257, -10.233067077140298], [-54.99887170942813, -10.233056503581839], [-54.99887488952452, -10.233046348561235], [-54.99888000742488, -10.233037003620211], [-54.99888686832792, -10.233028827322908], [-54.99889520744414, -10.233022133510794], [-54.99890470466449, -10.23301718054585], [-54.99891499560148, -10.233014156915722], [-54.998925683457934, -10.233013180402683], [-54.9989363591652, -10.233014288264364], [-54.99894661050288, -10.233017438193718], [-54.99895604583061, -10.233022507561016], [-54.99896430041353, -10.233029303395814], [-54.99897105831765, -10.233037563425583], [-54.99897605870703, -10.233046970577135], [-54.99897911128908, -10.233057163918607], [-54.998980096240956, -10.233067750410157], [-54.99897897868568, -10.233078324879138], [-54.998975798597556, -10.233088478997438], [-54.99897068069293, -10.233097824844187], [-54.99896381978987, -10.233106001143355], [-54.99895548067221, -10.233112694957047], [-54.998945982536696, -10.233117647917448], [-54.998935692514486, -10.233120670649685], [-54.998925003741796, -10.233121647156775], [-54.99891432894366, -10.233120539299648], [-54.99890407668518, -10.233117390267006], [-54.99889464226859, -10.233112320903464], [-54.99888638768569, -10.233105525066804], [-54.998879629783005, -10.233097265035449], [-54.99887462940191, -10.233087856978957], [-54.99887157681762, -10.233077664540971], [-54.99887059096257, -10.233067077140298]]]}}, {"type": "Feature", "properties": {"layer": "vista", "dxf_type": "CIRCLE", "radius_m": 6}, "geometry": {"type": "Polygon", "coordinates": [[[-54.996408243309055, -10.236684794917995], [-54.99640936097792, -10.236674221382493], [-54.99641254120637, -10.236664066409785], [-54.99641765924989, -10.236654721534178], [-54.99642452030173, -10.236646545317273], [-54.99643285956666, -10.23663985159745], [-54.99644235784244, -10.236634898738767], [-54.99645264799848, -10.236631875208149], [-54.99646333688271, -10.23663089880628], [-54.99647401177188, -10.23663200676432], [-54.996484264092125, -10.236635156793715], [-54.99649369855024, -10.236640226238668], [-54.99650195314732, -10.23664702214237], [-54.99650871103631, -10.236655282224042], [-54.99651371138183, -10.236664689408473], [-54.996516763893, -10.236674882762594], [-54.996517749662225, -10.236685469251613], [-54.99651663107854, -10.23669604368644], [-54.99651345085837, -10.236706197756815], [-54.99650833281057, -10.23671554353818], [-54.996501471758705, -10.236723719756949], [-54.99649313249235, -10.236730413478353], [-54.99648363512649, -10.236735366343723], [-54.99647334406015, -10.23673838896522], [-54.996462656084766, -10.236739365372339], [-54.996451980279645, -10.236738257407653], [-54.99644172886367, -10.236735108286197], [-54.99643229349161, -10.236730038833768], [-54.99642403889454, -10.236723242928202], [-54.996417281006984, -10.236714982844948], [-54.99641228066977, -10.23670557475555], [-54.99640922815636, -10.236695382304944], [-54.996408243309055, -10.236684794917995]]]}}, {"type": "Feature", "properties": {"layer": "vista", "dxf_type": "CIRCLE", "radius_m": 6}, "geometry": {"type": "Polygon", "coordinates": [[[-54.99690371420061, -10.23633805182271], [-54.996904832762496, -10.236327478287567], [-54.996908012057965, -10.23631732330054], [-54.996913130993505, -10.236307978418754], [-54.99691999202549, -10.2362998021874], [-54.99692833127201, -10.236293108451042], [-54.996937828618975, -10.236288155568747], [-54.99694811967407, -10.236285132024989], [-54.99695880763557, -10.2362841555987], [-54.99696948251823, -10.236285263538619], [-54.99697973483592, -10.236288413551264], [-54.996989169295496, -10.236293482981484], [-54.99699742389802, -10.236300278873047], [-54.99700418179622, -10.236308538945623], [-54.99700918306693, -10.236317946129978], [-54.9970122346811, -10.23632813947641], [-54.99701322046822, -10.23633872596706], [-54.997012101904076, -10.23634930040715], [-54.997008922616885, -10.23635945449184], [-54.99700380367707, -10.236368800279383], [-54.99699694264506, -10.236376976512599], [-54.996988603397114, -10.236383670250541], [-54.99697910604751, -10.236388623133905], [-54.99696881499465, -10.236391645774162], [-54.996958127029465, -10.236392622200079], [-54.996947452143395, -10.236391514259134], [-54.99693719981744, -10.236388365148809], [-54.99692776535646, -10.23638329571673], [-54.996919510753955, -10.236376499823306], [-54.996912752857185, -10.236368239749146], [-54.99690775159478, -10.23635883165982], [-54.99690469997836, -10.236348639216908], [-54.99690371420061, -10.23633805182271]]]}}, {"type": "Feature", "properties": {"layer": "vista", "dxf_type": "CIRCLE", "radius_m": 6}, "geometry": {"type": "Polygon", "coordinates": [[[-54.997345205754954, -10.235978610768846], [-54.9973463243046, -10.235968036325046], [-54.99734950357538, -10.235957882234048], [-54.99735462249152, -10.23594853734157], [-54.997361483510154, -10.235940360193228], [-54.99736982273307, -10.235933667345735], [-54.99737932006957, -10.235928713543222], [-54.99738961110526, -10.235925690886319], [-54.997400299055954, -10.23592471444297], [-54.99741097484372, -10.235925822372023], [-54.9974212262507, -10.235928971459943], [-54.99743066070458, -10.235934041780661], [-54.997438916229086, -10.235940836762918], [-54.99744567321646, -10.235949097725486], [-54.99745067449791, -10.235958504904644], [-54.99745372613145, -10.235968697345262], [-54.997454711929, -10.235979284741264], [-54.997453593388435, -10.235989858282203], [-54.99745041411459, -10.236000013278673], [-54.99744529519984, -10.236009358173009], [-54.99743843509941, -10.236017534424942], [-54.99743009495685, -10.236024228172287], [-54.99742059761772, -10.236029181975852], [-54.99741030749115, -10.236032204638772], [-54.99739961862421, -10.236033181076149], [-54.99738894374559, -10.236032073151671], [-54.99737869142344, -10.23602892405655], [-54.99736925696817, -10.236023853733993], [-54.99736100236191, -10.236017057851605], [-54.997354244457746, -10.236008797785724], [-54.997349243178924, -10.2359993906055], [-54.997346191554485, -10.23598919726059], [-54.997345205754954, -10.235978610768846]]]}}, {"type": "Feature", "properties": {"layer": "vista", "dxf_type": "CIRCLE", "radius_m": 6}, "geometry": {"type": "Polygon", "coordinates": [[[-54.99780230635235, -10.235602400466052], [-54.997803424883415, -10.235591826017323], [-54.997806604134446, -10.235581671918164], [-54.99781172303042, -10.2355723270146], [-54.99781858402924, -10.235564149852678], [-54.99782692323347, -10.235557456989632], [-54.99783642055312, -10.235552503170183], [-54.99784671157446, -10.235549480495624], [-54.997857399513826, -10.23554850403457], [-54.99786807438119, -10.23554961194094], [-54.99787832669666, -10.23555276101869], [-54.99788776115039, -10.235557831325524], [-54.99789601576614, -10.235564626290703], [-54.99790277367365, -10.2355728872503], [-54.997907774966194, -10.235582294424068], [-54.99791082661389, -10.235592486862705], [-54.99791181242813, -10.23560307426021], [-54.99791069390615, -10.235613647806076], [-54.997907514652056, -10.235623802810702], [-54.99790239575748, -10.235633147716126], [-54.997895534764304, -10.235641323976024], [-54.99788719555297, -10.235648017744541], [-54.99787769823069, -10.235652971565035], [-54.99786740720594, -10.235655994239998], [-54.99785671926286, -10.235656970700695], [-54.99784604439209, -10.23565586279329], [-54.99783579207402, -10.235652713713952], [-54.99782635761889, -10.23564764340528], [-54.997818103008825, -10.23564084753435], [-54.997811345097084, -10.235632587477058], [-54.99780634380718, -10.235623180302222], [-54.99780329216857, -10.2356129869593], [-54.99780230635235, -10.235602400466052]]]}}, {"type": "Feature", "properties": {"layer": "vista", "dxf_type": "CIRCLE", "radius_m": 6}, "geometry": {"type": "Polygon", "coordinates": [[[-54.998270024643254, -10.235231300333465], [-54.99827114314978, -10.235220726783616], [-54.998274322386486, -10.235210571772237], [-54.998279441262135, -10.23520122685738], [-54.99828630132283, -10.2351930505799], [-54.998294641426575, -10.235186356802737], [-54.998304138723775, -10.235181403869955], [-54.998314428824, -10.235178380267897], [-54.99832511766482, -10.235177403794433], [-54.9983357925246, -10.235178511683422], [-54.99834604483065, -10.235181661649007], [-54.99835547929028, -10.235186731037802], [-54.99836373390454, -10.235193526895213], [-54.99837049182571, -10.235201786942177], [-54.99837549312973, -10.235211194110466], [-54.9983785447863, -10.235221387450999], [-54.99837953062325, -10.235231973946133], [-54.998378412114455, -10.235242548400926], [-54.99837523288602, -10.235252702509966], [-54.99837011400611, -10.235262048330565], [-54.998363253032835, -10.235270224604292], [-54.99835491384588, -10.235276917484764], [-54.99834541654038, -10.235281871322519], [-54.99833512552984, -10.235284894015443], [-54.99832443759789, -10.235285870494168], [-54.99831376182214, -10.235284762598532], [-54.99830351042037, -10.23528161354089], [-54.99829407596501, -10.23527654324634], [-54.99828582043256, -10.23526974828534], [-54.998279063425365, -10.235261488242402], [-54.998274062129646, -10.23525208016916], [-54.99827101047084, -10.235241887732148], [-54.998270024643254, -10.235231300333465]]]}}, {"type": "Feature", "properties": {"layer": "vista", "dxf_type": "CIRCLE", "radius_m": 6}, "geometry": {"type": "Polygon", "coordinates": [[[-54.998828206210554, -10.23467997711266], [-54.9988293237866, -10.234669402647164], [-54.998832503904595, -10.234659248535108], [-54.99883762184673, -10.234649902696892], [-54.99884448279336, -10.234641726408007], [-54.99885282195896, -10.234635032605768], [-54.99886232014513, -10.234630079657364], [-54.998872610219024, -10.23462705693707], [-54.99888329904287, -10.234626080441402], [-54.99889397389006, -10.234627188308965], [-54.99890422619402, -10.234630337350836], [-54.99891366065104, -10.234635406722198], [-54.998921915267935, -10.234642202565187], [-54.998928673196886, -10.23465046260136], [-54.9989336735953, -10.234659870661117], [-54.99893672618707, -10.234670063100824], [-54.99893771203903, -10.234680650501694], [-54.998936593559506, -10.234691224058714], [-54.99893341343845, -10.234701379076238], [-54.998928295503376, -10.234710724012423], [-54.99892143455673, -10.234718900303154], [-54.99891309538968, -10.234725594106994], [-54.99890359811344, -10.23473054706206], [-54.99889330711791, -10.23473357068103], [-54.99888261920291, -10.23473454718196], [-54.99887194343977, -10.23473343930774], [-54.99886169205142, -10.23473028936601], [-54.99885225668046, -10.234725219987197], [-54.99884400206357, -10.234718424142333], [-54.99883724413606, -10.234710164104593], [-54.998832243734604, -10.234700756947653], [-54.998829191151934, -10.234690563603658], [-54.998828206210554, -10.23467997711266]]]}}, {"type": "Feature", "properties": {"layer": "vista", "dxf_type": "CIRCLE", "radius_m": 6}, "geometry": {"type": "Polygon", "coordinates": [[[-54.997892854075516, -10.237525344876412], [-54.99789397261704, -10.237514771333153], [-54.99789715190203, -10.237504616333416], [-54.997902270837386, -10.237495271434808], [-54.997909130966924, -10.237487095177558], [-54.997917471146, -10.237480401423854], [-54.997926968527786, -10.237475447612903], [-54.997937258701825, -10.237472424941783], [-54.99794794761963, -10.237471448495645], [-54.99795862255094, -10.237472556411184], [-54.997968874925995, -10.237475705497646], [-54.997978309432646, -10.23748077581235], [-54.99798656408694, -10.237487571688158], [-54.99799332203395, -10.237495831749241], [-54.99799832334862, -10.237505238926799], [-54.99800137500022, -10.237515432271405], [-54.99800236081679, -10.237526018765255], [-54.99800124227868, -10.237536592309567], [-54.997998062996295, -10.237546747310855], [-54.99799294406234, -10.237556092211317], [-54.99798608302023, -10.237564268464833], [-54.99797774375227, -10.237570962225742], [-54.997968246367854, -10.237575916037757], [-54.99795795527783, -10.23757893870363], [-54.99794726726889, -10.237579915155024], [-54.99793659142161, -10.237578807232833], [-54.997926339956514, -10.237575658150437], [-54.99791690544846, -10.237570587833877], [-54.99790864988163, -10.237563791950588], [-54.99790189284862, -10.237555531893518], [-54.99789689153658, -10.237546124714891], [-54.9978938398884, -10.23753593136992], [-54.997892854075516, -10.237525344876412]]]}}, {"type": "Feature", "properties": {"layer": "vista", "dxf_type": "CIRCLE", "radius_m": 6}, "geometry": {"type": "Polygon", "coordinates": [[[-54.99745596502177, -10.237937508913475], [-54.99745708358724, -10.237926934471107], [-54.99746026288629, -10.237916780383193], [-54.99746538184774, -10.23790743459148], [-54.997472241997606, -10.237899258347452], [-54.99748058219614, -10.23789256460888], [-54.99749007959009, -10.23788761171833], [-54.997500369779644, -10.23788458906442], [-54.99751105871006, -10.237883612635548], [-54.99752173365061, -10.237884720567733], [-54.99753198603114, -10.237887869669592], [-54.997541420545, -10.237892939093948], [-54.99754967519681, -10.237899734980962], [-54.99755643313741, -10.237907995050444], [-54.997561434436335, -10.237917403137171], [-54.99756448608025, -10.237927595579846], [-54.99756547187502, -10.237938182976148], [-54.99756435331863, -10.237948756515689], [-54.99756117401651, -10.237958911509043], [-54.997556055062134, -10.237968256398723], [-54.997549193999696, -10.237976432639016], [-54.997540854712284, -10.237983126384771], [-54.99753135731571, -10.237988079276402], [-54.99752106620449, -10.237991102828952], [-54.99751037818294, -10.237992079263089], [-54.99749970232642, -10.23799097132424], [-54.997489450861515, -10.23798782132256], [-54.99748001634626, -10.237982751896334], [-54.99747176078191, -10.237975956001856], [-54.9974650037553, -10.237967695936394], [-54.99746000245334, -10.23795828875248], [-54.99745695081852, -10.237948095405551], [-54.99745596502177, -10.237937508913475]]]}}, {"type": "Feature", "properties": {"layer": "vista", "dxf_type": "CIRCLE", "radius_m": 6}, "geometry": {"type": "Polygon", "coordinates": [[[-54.998664186511554, -10.236894536299388], [-54.99866530502744, -10.23688396184392], [-54.99866848427348, -10.236873807734328], [-54.998673603180556, -10.236864461913145], [-54.99868046418933, -10.23685628563861], [-54.998688803424436, -10.236849591853042], [-54.99869830077225, -10.236844638917448], [-54.99870859184041, -10.236841615318284], [-54.99871927982102, -10.236840639740569], [-54.99872995565744, -10.236841746729048], [-54.99874020710751, -10.23684489668717], [-54.998749641619696, -10.236849966074553], [-54.99875789628049, -10.236856761931062], [-54.99876465424036, -10.236865021977668], [-54.99876965556811, -10.236874430050026], [-54.998772707249294, -10.236884622487384], [-54.99877369308836, -10.23689520988767], [-54.99877257458155, -10.236905783440292], [-54.99876939533244, -10.236915938455338], [-54.99876427643243, -10.236925283374488], [-54.99875741542364, -10.236933459650885], [-54.9987490761871, -10.236940153438042], [-54.998739578836656, -10.236945106374698], [-54.99872928867762, -10.236948129979861], [-54.998718599775096, -10.236949106455498], [-54.998707924853484, -10.236947998567706], [-54.998697672488255, -10.236944848602402], [-54.99868823797467, -10.236939779213161], [-54.9986799833139, -10.23693298335479], [-54.99867322535546, -10.236924723306604], [-54.99866822402468, -10.236915316137063], [-54.99866517235259, -10.236905122795433], [-54.998664186511554, -10.236894536299388]]]}}, {"type": "Feature", "properties": {"layer": "vista", "dxf_type": "LINE"}, "geometry": {"type": "LineString", "coordinates": [[-54.99024541750639, -10.24242449652446], [-54.99012839730915, -10.242283415380161]]}}, {"type": "Feature", "properties": {"layer": "vista", "dxf_type": "LINE"}, "geometry": {"type": "LineString", "coordinates": [[-54.988825893239515, -10.240712371184653], [-54.98882679952637, -10.24071163467157]]}}, {"type": "Feature", "properties": {"layer": "vista", "dxf_type": "LINE"}, "geometry": {"type": "LineString", "coordinates": [[-54.98868106798408, -10.240537765004618], [-54.98868197336376, -10.24053702758237]]}}, {"type": "Feature", "properties": {"layer": "vista", "dxf_type": "LINE"}, "geometry": {"type": "LineString", "coordinates": [[-54.98882667378442, -10.240712906611689], [-54.98868068921485, -10.240536903035556]]}}, {"type": "Feature", "properties": {"layer": "vista", "dxf_type": "LINE"}, "geometry": {"type": "LineString", "coordinates": [[-54.98868106798408, -10.240537765004618], [-54.98868197336376, -10.24053702758237]]}}, {"type": "Feature", "properties": {"layer": "vista", "dxf_type": "LINE"}, "geometry": {"type": "LineString", "coordinates": [[-54.98810176758136, -10.239839339014223], [-54.98810267386663, -10.239838602502969]]}}, {"type": "Feature", "properties": {"layer": "vista", "dxf_type": "LINE"}, "geometry": {"type": "LineString", "coordinates": [[-54.98868184761575, -10.240538300426246], [-54.98810138972116, -10.239838477954422]]}}, {"type": "Feature", "properties": {"layer": "vista", "dxf_type": "LINE"}, "geometry": {"type": "LineString", "coordinates": [[-54.98810176758136, -10.239839339014223], [-54.98810267386663, -10.239838602502969]]}}, {"type": "Feature", "properties": {"layer": "vista", "dxf_type": "LINE"}, "geometry": {"type": "LineString", "coordinates": [[-54.987956943088854, -10.239664732653821], [-54.987957849379505, -10.239663995239049]]}}, {"type": "Feature", "properties": {"layer": "vista", "dxf_type": "LINE"}, "geometry": {"type": "LineString", "coordinates": [[-54.988102548122875, -10.239839874442385], [-54.987956564322324, -10.239663870684446]]}}, {"type": "Feature", "properties": {"layer": "vista", "dxf_type": "LINE"}, "geometry": {"type": "LineString", "coordinates": [[-54.98670118946724, -10.238054488765178], [-54.98673009069765, -10.238030970516542]]}}, {"type": "Feature", "properties": {"layer": "vista", "dxf_type": "LINE"}, "geometry": {"type": "LineString", "coordinates": [[-54.9865853307031, -10.237914803404495], [-54.98661423192539, -10.23789128516518]]}}, {"type": "Feature", "properties": {"layer": "vista", "dxf_type": "LINE"}, "geometry": {"type": "LineString", "coordinates": [[-54.986729964950634, -10.23803224245467], [-54.98661294778933, -10.23789116061235]]}}, {"type": "Feature", "properties": {"layer": "vista", "dxf_type": "LINE"}, "geometry": {"type": "LineString", "coordinates": [[-54.98528051874114, -10.236344487998364], [-54.985233764342865, -10.236382533611085]]}}, {"type": "Feature", "properties": {"layer": "vista", "dxf_type": "LINE"}, "geometry": {"type": "LineString", "coordinates": [[-54.98511841129526, -10.23624243798659], [-54.98511931666712, -10.236241700573334]]}}, {"type": "Feature", "properties": {"layer": "vista", "dxf_type": "LINE"}, "geometry": {"type": "LineString", "coordinates": [[-54.985235048471374, -10.236382658168118], [-54.985118032539305, -10.236241576015978]]}}, {"type": "Feature", "properties": {"layer": "vista", "dxf_type": "LINE"}, "geometry": {"type": "LineString", "coordinates": [[-54.99169312924726, -10.244169711381328], [-54.99169269627684, -10.244170063947513]]}}, {"type": "Feature", "properties": {"layer": "vista", "dxf_type": "LINE"}, "geometry": {"type": "LineString", "coordinates": [[-54.99169398135617, -10.24417018849106], [-54.991548059857394, -10.243994265589007]]}}, {"type": "Feature", "properties": {"layer": "vista", "dxf_type": "LINE"}, "geometry": {"type": "LineString", "coordinates": [[-54.99720191376196, -10.239395682535609], [-54.99724403536642, -10.239446463060084]]}}, {"type": "Feature", "properties": {"layer": "vista", "dxf_type": "LINE"}, "geometry": {"type": "LineString", "coordinates": [[-54.99709614662624, -10.239481754580174], [-54.99713826821993, -10.239532535117052]]}}, {"type": "Feature", "properties": {"layer": "vista", "dxf_type": "LINE"}, "geometry": {"type": "LineString", "coordinates": [[-54.997244161079614, -10.239445190206236], [-54.997136984065214, -10.239532410603786]]}}, {"type": "Feature", "properties": {"layer": "vista", "dxf_type": "LINE"}, "geometry": {"type": "LineString", "coordinates": [[-54.99709614662624, -10.239481754580174], [-54.99713826821993, -10.239532535117052]]}}, {"type": "Feature", "properties": {"layer": "vista", "dxf_type": "LINE"}, "geometry": {"type": "LineString", "coordinates": [[-54.99653205429847, -10.239940806219527], [-54.996574175834695, -10.239991586822633]]}}, {"type": "Feature", "properties": {"layer": "vista", "dxf_type": "LINE"}, "geometry": {"type": "LineString", "coordinates": [[-54.99713839392796, -10.239531263167239], [-54.996572890766245, -10.239991462301191]]}}, {"type": "Feature", "properties": {"layer": "vista", "dxf_type": "LINE"}, "geometry": {"type": "LineString", "coordinates": [[-54.99653205429847, -10.239940806219527], [-54.996574175834695, -10.239991586822633]]}}, {"type": "Feature", "properties": {"layer": "vista", "dxf_type": "LINE"}, "geometry": {"type": "LineString", "coordinates": [[-54.99642628681482, -10.24002687797479], [-54.996468408340256, -10.24007765859031]]}}, {"type": "Feature", "properties": {"layer": "vista", "dxf_type": "LINE"}, "geometry": {"type": "LineString", "coordinates": [[-54.99657430155114, -10.239990313969644], [-54.99646712327159, -10.240077534068398]]}}, {"type": "Feature", "properties": {"layer": "vista", "dxf_type": "LINE"}, "geometry": {"type": "LineString", "coordinates": [[-54.99642628681482, -10.24002687797479], [-54.996468408340256, -10.24007765859031]]}}, {"type": "Feature", "properties": {"layer": "vista", "dxf_type": "LINE"}, "geometry": {"type": "LineString", "coordinates": [[-54.99586219171876, -10.240485928065475], [-54.99590431318672, -10.240536708747229]]}}, {"type": "Feature", "properties": {"layer": "vista", "dxf_type": "LINE"}, "geometry": {"type": "LineString", "coordinates": [[-54.996468534051544, -10.240076386641347], [-54.99590302902946, -10.240536584228398]]}}, {"type": "Feature", "properties": {"layer": "vista", "dxf_type": "LINE"}, "geometry": {"type": "LineString", "coordinates": [[-54.99586219171876, -10.240485928065475], [-54.99590431318672, -10.240536708747229]]}}, {"type": "Feature", "properties": {"layer": "vista", "dxf_type": "LINE"}, "geometry": {"type": "LineString", "coordinates": [[-54.99575642388715, -10.24057199953138], [-54.99579854534433, -10.240622780225564]]}}, {"type": "Feature", "properties": {"layer": "vista", "dxf_type": "LINE"}, "geometry": {"type": "LineString", "coordinates": [[-54.99590443890075, -10.240535436798975], [-54.99579726118686, -10.240622655706261]]}}, {"type": "Feature", "properties": {"layer": "vista", "dxf_type": "LINE"}, "geometry": {"type": "LineString", "coordinates": [[-54.99575642388715, -10.24057199953138], [-54.99579854534433, -10.240622780225564]]}}, {"type": "Feature", "properties": {"layer": "vista", "dxf_type": "LINE"}, "geometry": {"type": "LineString", "coordinates": [[-54.99519232693529, -10.241031048078833], [-54.995234448334976, -10.241081828839246]]}}, {"type": "Feature", "properties": {"layer": "vista", "dxf_type": "LINE"}, "geometry": {"type": "LineString", "coordinates": [[-54.99579867105888, -10.240621508277433], [-54.995233164176334, -10.24108170431741]]}}, {"type": "Feature", "properties": {"layer": "vista", "dxf_type": "LINE"}, "geometry": {"type": "LineString", "coordinates": [[-54.99519232693529, -10.241031048078833], [-54.995234448334976, -10.241081828839246]]}}, {"type": "Feature", "properties": {"layer": "vista", "dxf_type": "LINE"}, "geometry": {"type": "LineString", "coordinates": [[-54.99508655875571, -10.241117119255378], [-54.99512868014462, -10.241167900028195]]}}, {"type": "Feature", "properties": {"layer": "vista", "dxf_type": "LINE"}, "geometry": {"type": "LineString", "coordinates": [[-54.99523457405227, -10.241080556891824], [-54.995127395985755, -10.241167775505902]]}}, {"type": "Feature", "properties": {"layer": "vista", "dxf_type": "LINE"}, "geometry": {"type": "LineString", "coordinates": [[-54.99508655875571, -10.241117119255378], [-54.99512868014462, -10.241167900028195]]}}, {"type": "Feature", "properties": {"layer": "vista", "dxf_type": "LINE"}, "geometry": {"type": "LineString", "coordinates": [[-54.99452246086053, -10.241576166265029], [-54.99456458219193, -10.241626947104082]]}}, {"type": "Feature", "properties": {"layer": "vista", "dxf_type": "LINE"}, "geometry": {"type": "LineString", "coordinates": [[-54.99512880586242, -10.241166628080926], [-54.99456329711934, -10.24162682257362]]}}, {"type": "Feature", "properties": {"layer": "vista", "dxf_type": "LINE"}, "geometry": {"type": "LineString", "coordinates": [[-54.99452246086053, -10.241576166265029], [-54.99456458219193, -10.241626947104082]]}}, {"type": "Feature", "properties": {"layer": "vista", "dxf_type": "LINE"}, "geometry": {"type": "LineString", "coordinates": [[-54.99441669232728, -10.241662238056053], [-54.994458813647896, -10.241713018907522]]}}, {"type": "Feature", "properties": {"layer": "vista", "dxf_type": "LINE"}, "geometry": {"type": "LineString", "coordinates": [[-54.994564707912474, -10.241625675157524], [-54.99445752857509, -10.24171289437657]]}}, {"type": "Feature", "properties": {"layer": "vista", "dxf_type": "LINE"}, "geometry": {"type": "LineString", "coordinates": [[-54.99441669232728, -10.241662238056053], [-54.994458813647896, -10.241713018907522]]}}, {"type": "Feature", "properties": {"layer": "vista", "dxf_type": "LINE"}, "geometry": {"type": "LineString", "coordinates": [[-54.99385259166357, -10.242121283516463], [-54.99389471292667, -10.242172064434165]]}}, {"type": "Feature", "properties": {"layer": "vista", "dxf_type": "LINE"}, "geometry": {"type": "LineString", "coordinates": [[-54.994458939374645, -10.241711746057216], [-54.99389342876527, -10.242171939906306]]}}, {"type": "Feature", "properties": {"layer": "vista", "dxf_type": "LINE"}, "geometry": {"type": "LineString", "coordinates": [[-54.99385259166357, -10.242121283516463], [-54.99389471292667, -10.242172064434165]]}}, {"type": "Feature", "properties": {"layer": "vista", "dxf_type": "LINE"}, "geometry": {"type": "LineString", "coordinates": [[-54.993676310171864, -10.242264734788519], [-54.993718431416994, -10.242315515726924]]}}, {"type": "Feature", "properties": {"layer": "vista", "dxf_type": "LINE"}, "geometry": {"type": "LineString", "coordinates": [[-54.99389483865615, -10.242170791584574], [-54.993717147255225, -10.24231539119827]]}}, {"type": "Feature", "properties": {"layer": "vista", "dxf_type": "LINE"}, "geometry": {"type": "LineString", "coordinates": [[-54.993676310171864, -10.242264734788519], [-54.993718431416994, -10.242315515726924]]}}, {"type": "Feature", "properties": {"layer": "vista", "dxf_type": "LINE"}, "geometry": {"type": "LineString", "coordinates": [[-54.99311220745673, -10.242723778542608], [-54.99315432864433, -10.242774559547247]]}}, {"type": "Feature", "properties": {"layer": "vista", "dxf_type": "LINE"}, "geometry": {"type": "LineString", "coordinates": [[-54.993718557147346, -10.242314242877551], [-54.9931530444814, -10.242774435016058]]}}, {"type": "Feature", "properties": {"layer": "vista", "dxf_type": "LINE"}, "geometry": {"type": "LineString", "coordinates": [[-54.99311220745673, -10.242723778542608], [-54.99315432864433, -10.242774559547247]]}}, {"type": "Feature", "properties": {"layer": "vista", "dxf_type": "LINE"}, "geometry": {"type": "LineString", "coordinates": [[-54.99300643819652, -10.242809848820347], [-54.99304855937332, -10.24286062983741]]}}, {"type": "Feature", "properties": {"layer": "vista", "dxf_type": "LINE"}, "geometry": {"type": "LineString", "coordinates": [[-54.993154454377425, -10.242773286698574], [-54.99304727521018, -10.242860505305742]]}}, {"type": "Feature", "properties": {"layer": "vista", "dxf_type": "LINE"}, "geometry": {"type": "LineString", "coordinates": [[-54.99300643819652, -10.242809848820347], [-54.99304855937332, -10.24286062983741]]}}, {"type": "Feature", "properties": {"layer": "vista", "dxf_type": "LINE"}, "geometry": {"type": "LineString", "coordinates": [[-54.99244233453781, -10.24326889103604], [-54.99248445565708, -10.243319672119354]]}}, {"type": "Feature", "properties": {"layer": "vista", "dxf_type": "LINE"}, "geometry": {"type": "LineString", "coordinates": [[-54.99304868510125, -10.242859357892751], [-54.99248317058021, -10.243319547579521]]}}, {"type": "Feature", "properties": {"layer": "vista", "dxf_type": "LINE"}, "geometry": {"type": "LineString", "coordinates": [[-54.99244233453781, -10.24326889103604], [-54.99248445565708, -10.243319672119354]]}}, {"type": "Feature", "properties": {"layer": "vista", "dxf_type": "LINE"}, "geometry": {"type": "LineString", "coordinates": [[-54.992335985259636, -10.243354262330229], [-54.992378686038045, -10.243405742119979]]}}, {"type": "Feature", "properties": {"layer": "vista", "dxf_type": "LINE"}, "geometry": {"type": "LineString", "coordinates": [[-54.99248458138775, -10.243318400175415], [-54.99237740096095, -10.243405617579688]]}}, {"type": "Feature", "properties": {"layer": "vista", "dxf_type": "LINE"}, "geometry": {"type": "LineString", "coordinates": [[-54.992335985259636, -10.243354262330229], [-54.992378686038045, -10.243405742119979]]}}, {"type": "Feature", "properties": {"layer": "vista", "dxf_type": "LINE"}, "geometry": {"type": "LineString", "coordinates": [[-54.99177245850208, -10.243814001690138], [-54.99181457955301, -10.243864782852096]]}}, {"type": "Feature", "properties": {"layer": "vista", "dxf_type": "LINE"}, "geometry": {"type": "LineString", "coordinates": [[-54.99237881176923, -10.24340447017619], [-54.99181329538732, -10.243864658314903]]}}, {"type": "Feature", "properties": {"layer": "vista", "dxf_type": "LINE"}, "geometry": {"type": "LineString", "coordinates": [[-54.99177245850208, -10.243814001690138], [-54.99181457955301, -10.243864782852096]]}}, {"type": "Feature", "properties": {"layer": "vista", "dxf_type": "LINE"}, "geometry": {"type": "LineString", "coordinates": [[-54.99159617520917, -10.2439574514638], [-54.9916382962421, -10.24400823264646]]}}, {"type": "Feature", "properties": {"layer": "vista", "dxf_type": "LINE"}, "geometry": {"type": "LineString", "coordinates": [[-54.991814705286934, -10.243863510909017], [-54.991637011163476, -10.244008108102836]]}}, {"type": "Feature", "properties": {"layer": "vista", "dxf_type": "LINE"}, "geometry": {"type": "LineString", "coordinates": [[-54.99159617520917, -10.2439574514638], [-54.9916382962421, -10.24400823264646]]}}, {"type": "Feature", "properties": {"layer": "vista", "dxf_type": "LINE"}, "geometry": {"type": "LineString", "coordinates": [[-54.990891039592654, -10.244531250186576], [-54.990933160553624, -10.244582031452056]]}}, {"type": "Feature", "properties": {"layer": "vista", "dxf_type": "LINE"}, "geometry": {"type": "LineString", "coordinates": [[-54.99163842197689, -10.244006960703606], [-54.99093187638612, -10.244581906910884]]}}, {"type": "Feature", "properties": {"layer": "vista", "dxf_type": "LINE"}, "geometry": {"type": "LineString", "coordinates": [[-54.990891039592654, -10.244531250186576], [-54.990933160553624, -10.244582031452056]]}}, {"type": "Feature", "properties": {"layer": "vista", "dxf_type": "LINE"}, "geometry": {"type": "LineString", "coordinates": [[-54.99071475553643, -10.244674699325174], [-54.990756876479416, -10.244725480611338]]}}, {"type": "Feature", "properties": {"layer": "vista", "dxf_type": "LINE"}, "geometry": {"type": "LineString", "coordinates": [[-54.99093328629185, -10.24458075951008], [-54.99075559231155, -10.24472535606937]]}}, {"type": "Feature", "properties": {"layer": "vista", "dxf_type": "LINE"}, "geometry": {"type": "LineString", "coordinates": [[-54.99071475553643, -10.244674699325174], [-54.990756876479416, -10.244725480611338]]}}, {"type": "Feature", "properties": {"layer": "vista", "dxf_type": "LINE"}, "geometry": {"type": "LineString", "coordinates": [[-54.99000961686662, -10.245248495507406], [-54.99005173773762, -10.245299276876379]]}}, {"type": "Feature", "properties": {"layer": "vista", "dxf_type": "LINE"}, "geometry": {"type": "LineString", "coordinates": [[-54.990757002218494, -10.244724208669584], [-54.99005045356831, -10.245299152331244]]}}, {"type": "Feature", "properties": {"layer": "vista", "dxf_type": "LINE"}, "geometry": {"type": "LineString", "coordinates": [[-54.99415321045184, -10.238425599580152], [-54.994191631488476, -10.23847192022088]]}}, {"type": "Feature", "properties": {"layer": "vista", "dxf_type": "LINE"}, "geometry": {"type": "LineString", "coordinates": [[-54.996468865905406, -10.237943807735391], [-54.99642219572638, -10.237981787882996]]}}, {"type": "Feature", "properties": {"layer": "vista", "dxf_type": "LINE"}, "geometry": {"type": "LineString", "coordinates": [[-54.99484851227534, -10.239262427227098], [-54.99488316546042, -10.239234227859582]]}}, {"type": "Feature", "properties": {"layer": "vista", "dxf_type": "LINE"}, "geometry": {"type": "LineString", "coordinates": [[-54.99415333617027, -10.238424327633592], [-54.99418798930274, -10.238396127429322]]}}, {"type": "Feature", "properties": {"layer": "vista", "dxf_type": "LINE"}, "geometry": {"type": "LineString", "coordinates": [[-54.99488303974391, -10.239235499806856], [-54.99418670424336, -10.238396002899833]]}}, {"type": "Feature", "properties": {"layer": "vista", "dxf_type": "LINE"}, "geometry": {"type": "LineString", "coordinates": [[-54.9922015488754, -10.24013078744366], [-54.992228562135196, -10.240163354326787]]}}, {"type": "Feature", "properties": {"layer": "vista", "dxf_type": "LINE"}, "geometry": {"type": "LineString", "coordinates": [[-54.99202444116584, -10.240273240294648], [-54.992052281336704, -10.240306804800893]]}}, {"type": "Feature", "properties": {"layer": "vista", "dxf_type": "LINE"}, "geometry": {"type": "LineString", "coordinates": [[-54.992228688775754, -10.24016208238832], [-54.992050997184805, -10.240306680267302]]}}, {"type": "Feature", "properties": {"layer": "vista", "dxf_type": "LINE"}, "geometry": {"type": "LineString", "coordinates": [[-54.994191631488476, -10.23847192022088], [-54.994240034585594, -10.23853027485031]]}}, {"type": "Feature", "properties": {"layer": "vista", "dxf_type": "LINE"}, "geometry": {"type": "LineString", "coordinates": [[-54.99403486185187, -10.2386388931481], [-54.994063755525794, -10.238673726772486]]}}, {"type": "Feature", "properties": {"layer": "vista", "dxf_type": "LINE"}, "geometry": {"type": "LineString", "coordinates": [[-54.9942401603038, -10.238529002903666], [-54.994062470465465, -10.238673602242306]]}}, {"type": "Feature", "properties": {"layer": "vista", "dxf_type": "LINE"}, "geometry": {"type": "LineString", "coordinates": [[-54.99196733703495, -10.240204395886016], [-54.99201154273808, -10.240257690064603]]}}, {"type": "Feature", "properties": {"layer": "vista", "dxf_type": "LINE"}, "geometry": {"type": "LineString", "coordinates": [[-54.990345545940635, -10.241524135346673], [-54.990389750557526, -10.241577429719419]]}}, {"type": "Feature", "properties": {"layer": "vista", "dxf_type": "LINE"}, "geometry": {"type": "LineString", "coordinates": [[-54.99201166847271, -10.240256417216882], [-54.990388466402536, -10.24157730517844]]}}, {"type": "Feature", "properties": {"layer": "vista", "dxf_type": "LINE"}, "geometry": {"type": "LineString", "coordinates": [[-54.99060623439315, -10.241838425559813], [-54.99063642846684, -10.241874828572126]]}}, {"type": "Feature", "properties": {"layer": "vista", "dxf_type": "LINE"}, "geometry": {"type": "LineString", "coordinates": [[-54.99032418152021, -10.242067944136767], [-54.99035437648583, -10.242104347178454]]}}, {"type": "Feature", "properties": {"layer": "vista", "dxf_type": "LINE"}, "geometry": {"type": "LineString", "coordinates": [[-54.990636554208756, -10.24187355572622], [-54.99035309141623, -10.242104222631298]]}}, {"type": "Feature", "properties": {"layer": "vista", "dxf_type": "LINE"}, "geometry": {"type": "LineString", "coordinates": [[-54.990498100019245, -10.24227619907721], [-54.9905114495267, -10.242265336007852]]}}, {"type": "Feature", "properties": {"layer": "vista", "dxf_type": "LINE"}, "geometry": {"type": "LineString", "coordinates": [[-54.99032430725788, -10.242066672195133], [-54.99033765767227, -10.242055809137877]]}}, {"type": "Feature", "properties": {"layer": "vista", "dxf_type": "LINE"}, "geometry": {"type": "LineString", "coordinates": [[-54.99051132378953, -10.24226660794969], [-54.990336372602876, -10.242055684590675]]}}, {"type": "Feature", "properties": {"layer": "vista", "dxf_type": "LINE"}, "geometry": {"type": "LineString", "coordinates": [[-54.99104084137303, -10.242360970375495], [-54.99106242090289, -10.242343410362794]]}}, {"type": "Feature", "properties": {"layer": "vista", "dxf_type": "LINE"}, "geometry": {"type": "LineString", "coordinates": [[-54.99078015209702, -10.242046680357653], [-54.990801731613246, -10.242029120360618]]}}, {"type": "Feature", "properties": {"layer": "vista", "dxf_type": "LINE"}, "geometry": {"type": "LineString", "coordinates": [[-54.991062295167794, -10.242344682305234], [-54.99080044746169, -10.242028994917007]]}}, {"type": "Feature", "properties": {"layer": "vista", "dxf_type": "LINE"}, "geometry": {"type": "LineString", "coordinates": [[-54.99060636012944, -10.241837153617821], [-54.99062105529557, -10.241825195168396]]}}, {"type": "Feature", "properties": {"layer": "vista", "dxf_type": "LINE"}, "geometry": {"type": "LineString", "coordinates": [[-54.99034567168328, -10.241522862501034], [-54.99036036683443, -10.241510904966184]]}}, {"type": "Feature", "properties": {"layer": "vista", "dxf_type": "LINE"}, "geometry": {"type": "LineString", "coordinates": [[-54.99062092955934, -10.241826467110425], [-54.990359082685416, -10.24151077952124]]}}, {"type": "Feature", "properties": {"layer": "vista", "dxf_type": "LINE"}, "geometry": {"type": "LineString", "coordinates": [[-54.992661225307565, -10.241042375183238], [-54.992616382423186, -10.241078867188408]]}}, {"type": "Feature", "properties": {"layer": "vista", "dxf_type": "LINE"}, "geometry": {"type": "LineString", "coordinates": [[-54.991966052883555, -10.240204271352175], [-54.99192120916211, -10.240240763264834]]}}, {"type": "Feature", "properties": {"layer": "vista", "dxf_type": "LINE"}, "geometry": {"type": "LineString", "coordinates": [[-54.992617666573096, -10.241078992624274], [-54.99192133489708, -10.240239490417196]]}}, {"type": "Feature", "properties": {"layer": "vista", "dxf_type": "LINE"}, "geometry": {"type": "LineString", "coordinates": [[-54.995074667161234, -10.235336026956052], [-54.995102868761215, -10.235370026395136]]}}, {"type": "Feature", "properties": {"layer": "vista", "dxf_type": "LINE"}, "geometry": {"type": "LineString", "coordinates": [[-54.99510299447804, -10.235368753543135], [-54.9948195408554, -10.23559942614323]]}}, {"type": "Feature", "properties": {"layer": "vista", "dxf_type": "LINE"}, "geometry": {"type": "LineString", "coordinates": [[-54.99422853747156, -10.236024599638027], [-54.99425673810125, -10.236058599137966]]}}, {"type": "Feature", "properties": {"layer": "vista", "dxf_type": "LINE"}, "geometry": {"type": "LineString", "coordinates": [[-54.99482095161697, -10.235598278720383], [-54.99425545396359, -10.236058474616144]]}}, {"type": "Feature", "properties": {"layer": "vista", "dxf_type": "LINE"}, "geometry": {"type": "LineString", "coordinates": [[-54.99422853747156, -10.236024599638027], [-54.99425673810125, -10.236058599137966]]}}, {"type": "Feature", "properties": {"layer": "vista", "dxf_type": "LINE"}, "geometry": {"type": "LineString", "coordinates": [[-54.993946492544346, -10.236254123812653], [-54.99397469406734, -10.236288123340376]]}}, {"type": "Feature", "properties": {"layer": "vista", "dxf_type": "LINE"}, "geometry": {"type": "LineString", "coordinates": [[-54.99425686381651, -10.236057327190922], [-54.99397340901655, -10.236287998811662]]}}, {"type": "Feature", "properties": {"layer": "vista", "dxf_type": "LINE"}, "geometry": {"type": "LineString", "coordinates": [[-54.993946492544346, -10.236254123812653], [-54.99397469406734, -10.236288123340376]]}}, {"type": "Feature", "properties": {"layer": "vista", "dxf_type": "LINE"}, "geometry": {"type": "LineString", "coordinates": [[-54.993382403349194, -10.236713170294681], [-54.993410603921134, -10.23674716986108]]}}, {"type": "Feature", "properties": {"layer": "vista", "dxf_type": "LINE"}, "geometry": {"type": "LineString", "coordinates": [[-54.99397481978965, -10.236286850489803], [-54.99340931978742, -10.236747044431587]]}}, {"type": "Feature", "properties": {"layer": "vista", "dxf_type": "LINE"}, "geometry": {"type": "LineString", "coordinates": [[-54.993382403349194, -10.236713170294681], [-54.993410603921134, -10.23674716986108]]}}, {"type": "Feature", "properties": {"layer": "vista", "dxf_type": "LINE"}, "geometry": {"type": "LineString", "coordinates": [[-54.99310035725614, -10.23694269259079], [-54.99312855872138, -10.236976692184976]]}}, {"type": "Feature", "properties": {"layer": "vista", "dxf_type": "LINE"}, "geometry": {"type": "LineString", "coordinates": [[-54.993410729646186, -10.236745897011232], [-54.99312727458139, -10.236976567658102]]}}, {"type": "Feature", "properties": {"layer": "vista", "dxf_type": "LINE"}, "geometry": {"type": "LineString", "coordinates": [[-54.99310035725614, -10.23694269259079], [-54.99312855872138, -10.236976692184976]]}}, {"type": "Feature", "properties": {"layer": "vista", "dxf_type": "LINE"}, "geometry": {"type": "LineString", "coordinates": [[-54.99253626571787, -10.23740173712339], [-54.99256446623204, -10.237435736756286]]}}, {"type": "Feature", "properties": {"layer": "vista", "dxf_type": "LINE"}, "geometry": {"type": "LineString", "coordinates": [[-54.99312868444212, -10.236975420239379], [-54.9925631820909, -10.23743561222686]]}}, {"type": "Feature", "properties": {"layer": "vista", "dxf_type": "LINE"}, "geometry": {"type": "LineString", "coordinates": [[-54.99253626571787, -10.23740173712339], [-54.99256446623204, -10.237435736756286]]}}, {"type": "Feature", "properties": {"layer": "vista", "dxf_type": "LINE"}, "geometry": {"type": "LineString", "coordinates": [[-54.99225421936009, -10.237631259354236], [-54.99228241986069, -10.237665258105405]]}}, {"type": "Feature", "properties": {"layer": "vista", "dxf_type": "LINE"}, "geometry": {"type": "LineString", "coordinates": [[-54.99256459195553, -10.237434464811397], [-54.99228113571896, -10.237665133574716]]}}, {"type": "Feature", "properties": {"layer": "vista", "dxf_type": "LINE"}, "geometry": {"type": "LineString", "coordinates": [[-54.99225421936009, -10.237631259354236], [-54.99228241986069, -10.237665258105405]]}}, {"type": "Feature", "properties": {"layer": "vista", "dxf_type": "LINE"}, "geometry": {"type": "LineString", "coordinates": [[-54.99154910085581, -10.238205061696217], [-54.99157730130258, -10.23823906140666]]}}, {"type": "Feature", "properties": {"layer": "vista", "dxf_type": "LINE"}, "geometry": {"type": "LineString", "coordinates": [[-54.992282545585546, -10.237663986160877], [-54.991576017159396, -10.238238936872815]]}}, {"type": "Feature", "properties": {"layer": "vista", "dxf_type": "LINE"}, "geometry": {"type": "LineString", "coordinates": [[-54.99154910085581, -10.238205061696217], [-54.99157730130258, -10.23823906140666]]}}, {"type": "Feature", "properties": {"layer": "vista", "dxf_type": "LINE"}, "geometry": {"type": "LineString", "coordinates": [[-54.9912670531311, -10.238434582789631], [-54.99129525356428, -10.238468581618351]]}}, {"type": "Feature", "properties": {"layer": "vista", "dxf_type": "LINE"}, "geometry": {"type": "LineString", "coordinates": [[-54.99157742703086, -10.238237789463023], [-54.991293969420525, -10.238468457083238]]}}, {"type": "Feature", "properties": {"layer": "vista", "dxf_type": "LINE"}, "geometry": {"type": "LineString", "coordinates": [[-54.9912670531311, -10.238434582789631], [-54.99129525356428, -10.238468581618351]]}}, {"type": "Feature", "properties": {"layer": "vista", "dxf_type": "LINE"}, "geometry": {"type": "LineString", "coordinates": [[-54.99070295560308, -10.238893623091844], [-54.99073115691029, -10.238927621970545]]}}, {"type": "Feature", "properties": {"layer": "vista", "dxf_type": "LINE"}, "geometry": {"type": "LineString", "coordinates": [[-54.99129537929394, -10.238467309675071], [-54.990729871852814, -10.238927497427241]]}}, {"type": "Feature", "properties": {"layer": "vista", "dxf_type": "LINE"}, "geometry": {"type": "LineString", "coordinates": [[-54.99070295560308, -10.238893623091844], [-54.99073115691029, -10.238927621970545]]}}, {"type": "Feature", "properties": {"layer": "vista", "dxf_type": "LINE"}, "geometry": {"type": "LineString", "coordinates": [[-54.99042090671233, -10.239123142306271], [-54.990449107082014, -10.239157142105373]]}}, {"type": "Feature", "properties": {"layer": "vista", "dxf_type": "LINE"}, "geometry": {"type": "LineString", "coordinates": [[-54.99073128264269, -10.23892635002798], [-54.99044782293652, -10.239157017566443]]}}, {"type": "Feature", "properties": {"layer": "vista", "dxf_type": "LINE"}, "geometry": {"type": "LineString", "coordinates": [[-54.99042090671233, -10.239123142306271], [-54.990449107082014, -10.239157142105373]]}}, {"type": "Feature", "properties": {"layer": "vista", "dxf_type": "LINE"}, "geometry": {"type": "LineString", "coordinates": [[-54.98985680684079, -10.239582180658136], [-54.98988500808449, -10.239616180507204]]}}, {"type": "Feature", "properties": {"layer": "vista", "dxf_type": "LINE"}, "geometry": {"type": "LineString", "coordinates": [[-54.99044923281579, -10.239155870163167], [-54.98988372302527, -10.239616055960099]]}}, {"type": "Feature", "properties": {"layer": "vista", "dxf_type": "LINE"}, "geometry": {"type": "LineString", "coordinates": [[-54.98985680684079, -10.239582180658136], [-54.98988500808449, -10.239616180507204]]}}, {"type": "Feature", "properties": {"layer": "vista", "dxf_type": "LINE"}, "geometry": {"type": "LineString", "coordinates": [[-54.98957475677824, -10.239811698897304], [-54.989602957090106, -10.239845698762895]]}}, {"type": "Feature", "properties": {"layer": "vista", "dxf_type": "LINE"}, "geometry": {"type": "LineString", "coordinates": [[-54.989885133826704, -10.239614907661812], [-54.98960167294287, -10.23984557422016]]}}, {"type": "Feature", "properties": {"layer": "vista", "dxf_type": "LINE"}, "geometry": {"type": "LineString", "coordinates": [[-54.98957475677824, -10.239811698897304], [-54.989602957090106, -10.239845698762895]]}}, {"type": "Feature", "properties": {"layer": "vista", "dxf_type": "LINE"}, "geometry": {"type": "LineString", "coordinates": [[-54.98901065456306, -10.240270735298504], [-54.98903885574892, -10.240304735214062]]}}, {"type": "Feature", "properties": {"layer": "vista", "dxf_type": "LINE"}, "geometry": {"type": "LineString", "coordinates": [[-54.98960308374057, -10.239844426827382], [-54.98903757160053, -10.240304610668794]]}}, {"type": "Feature", "properties": {"layer": "vista", "dxf_type": "LINE"}, "geometry": {"type": "LineString", "coordinates": [[-54.98901065456306, -10.240270735298504], [-54.98903885574892, -10.240304735214062]]}}, {"type": "Feature", "properties": {"layer": "vista", "dxf_type": "LINE"}, "geometry": {"type": "LineString", "coordinates": [[-54.988728603322954, -10.240500253466143], [-54.98875680448955, -10.240534253403874]]}}, {"type": "Feature", "properties": {"layer": "vista", "dxf_type": "LINE"}, "geometry": {"type": "LineString", "coordinates": [[-54.989038981489564, -10.240303463273625], [-54.988755519428004, -10.240534128851689]]}}, {"type": "Feature", "properties": {"layer": "vista", "dxf_type": "LINE"}, "geometry": {"type": "LineString", "coordinates": [[-54.988728603322954, -10.240500253466143], [-54.98875680448955, -10.240534253403874]]}}, {"type": "Feature", "properties": {"layer": "vista", "dxf_type": "LINE"}, "geometry": {"type": "LineString", "coordinates": [[-54.98802347261251, -10.24107404564918], [-54.9880516737309, -10.241108045642319]]}}, {"type": "Feature", "properties": {"layer": "vista", "dxf_type": "LINE"}, "geometry": {"type": "LineString", "coordinates": [[-54.98875693023726, -10.240532980559907], [-54.988050389580465, -10.241107921092611]]}}, {"type": "Feature", "properties": {"layer": "vista", "dxf_type": "LINE"}, "geometry": {"type": "LineString", "coordinates": [[-54.99521833623365, -10.235509234090342], [-54.99519632888389, -10.235482701254892]]}}, {"type": "Feature", "properties": {"layer": "vista", "dxf_type": "LINE"}, "geometry": {"type": "LineString", "coordinates": [[-54.99504205944397, -10.235652686968718], [-54.995020052103605, -10.235626154122462]]}}, {"type": "Feature", "properties": {"layer": "vista", "dxf_type": "LINE"}, "geometry": {"type": "LineString", "coordinates": [[-54.99519761302036, -10.235482825772626], [-54.995019926386156, -10.235627426974323]]}}, {"type": "Feature", "properties": {"layer": "vista", "dxf_type": "LINE"}, "geometry": {"type": "LineString", "coordinates": [[-54.99504205944397, -10.235652686968718], [-54.995020052103605, -10.235626154122462]]}}, {"type": "Feature", "properties": {"layer": "vista", "dxf_type": "LINE"}, "geometry": {"type": "LineString", "coordinates": [[-54.994477972688586, -10.23611173586924], [-54.99445596446571, -10.236085202982775]]}}, {"type": "Feature", "properties": {"layer": "vista", "dxf_type": "LINE"}, "geometry": {"type": "LineString", "coordinates": [[-54.994477972688586, -10.23611173586924], [-54.99445596446571, -10.236085202982775]]}}, {"type": "Feature", "properties": {"layer": "vista", "dxf_type": "LINE"}, "geometry": {"type": "LineString", "coordinates": [[-54.994372205337285, -10.236197807105352], [-54.994350198032585, -10.236171274218027]]}}, {"type": "Feature", "properties": {"layer": "vista", "dxf_type": "LINE"}, "geometry": {"type": "LineString", "coordinates": [[-54.9944572486037, -10.236085327503838], [-54.994350072311875, -10.23617254706903]]}}, {"type": "Feature", "properties": {"layer": "vista", "dxf_type": "LINE"}, "geometry": {"type": "LineString", "coordinates": [[-54.994372205337285, -10.236197807105352], [-54.994350198032585, -10.236171274218027]]}}, {"type": "Feature", "properties": {"layer": "vista", "dxf_type": "LINE"}, "geometry": {"type": "LineString", "coordinates": [[-54.99380811672702, -10.236656854462897], [-54.9937861085398, -10.236630321535353]]}}, {"type": "Feature", "properties": {"layer": "vista", "dxf_type": "LINE"}, "geometry": {"type": "LineString", "coordinates": [[-54.99435148216512, -10.236171399643455], [-54.993785982816355, -10.236631594385646]]}}, {"type": "Feature", "properties": {"layer": "vista", "dxf_type": "LINE"}, "geometry": {"type": "LineString", "coordinates": [[-54.99380811672702, -10.236656854462897], [-54.9937861085398, -10.236630321535353]]}}, {"type": "Feature", "properties": {"layer": "vista", "dxf_type": "LINE"}, "geometry": {"type": "LineString", "coordinates": [[-54.99370234994046, -10.236742925415307], [-54.993680341753205, -10.23671639338515]]}}, {"type": "Feature", "properties": {"layer": "vista", "dxf_type": "LINE"}, "geometry": {"type": "LineString", "coordinates": [[-54.99378739359174, -10.236630446065039], [-54.993680216034925, -10.236717665331438]]}}, {"type": "Feature", "properties": {"layer": "vista", "dxf_type": "LINE"}, "geometry": {"type": "LineString", "coordinates": [[-54.99370234994046, -10.236742925415307], [-54.993680341753205, -10.23671639338515]]}}, {"type": "Feature", "properties": {"layer": "vista", "dxf_type": "LINE"}, "geometry": {"type": "LineString", "coordinates": [[-54.993138258562674, -10.23720197122405], [-54.99311625131802, -10.237175439164936]]}}, {"type": "Feature", "properties": {"layer": "vista", "dxf_type": "LINE"}, "geometry": {"type": "LineString", "coordinates": [[-54.993681626805355, -10.236716517915326], [-54.993116125597, -10.237176711110505]]}}, {"type": "Feature", "properties": {"layer": "vista", "dxf_type": "LINE"}, "geometry": {"type": "LineString", "coordinates": [[-54.993138258562674, -10.23720197122405], [-54.99311625131802, -10.237175439164936]]}}, {"type": "Feature", "properties": {"layer": "vista", "dxf_type": "LINE"}, "geometry": {"type": "LineString", "coordinates": [[-54.992961979973, -10.237345422605037], [-54.99293997273774, -10.237318890535109]]}}, {"type": "Feature", "properties": {"layer": "vista", "dxf_type": "LINE"}, "geometry": {"type": "LineString", "coordinates": [[-54.99311753545879, -10.237175563692016], [-54.9929398461033, -10.237320162474834]]}}, {"type": "Feature", "properties": {"layer": "vista", "dxf_type": "LINE"}, "geometry": {"type": "LineString", "coordinates": [[-54.992961979973, -10.237345422605037], [-54.99293997273774, -10.237318890535109]]}}, {"type": "Feature", "properties": {"layer": "vista", "dxf_type": "LINE"}, "geometry": {"type": "LineString", "coordinates": [[-54.9923978865449, -10.237804466707933], [-54.99237587933969, -10.237777934603436]]}}, {"type": "Feature", "properties": {"layer": "vista", "dxf_type": "LINE"}, "geometry": {"type": "LineString", "coordinates": [[-54.99294125687886, -10.237319015062985], [-54.992375753615065, -10.23777920654807]]}}, {"type": "Feature", "properties": {"layer": "vista", "dxf_type": "LINE"}, "geometry": {"type": "LineString", "coordinates": [[-54.9923978865449, -10.237804466707933], [-54.99237587933969, -10.237777934603436]]}}, {"type": "Feature", "properties": {"layer": "vista", "dxf_type": "LINE"}, "geometry": {"type": "LineString", "coordinates": [[-54.992292119020405, -10.237890537955], [-54.99227011182652, -10.237864004940135]]}}, {"type": "Feature", "properties": {"layer": "vista", "dxf_type": "LINE"}, "geometry": {"type": "LineString", "coordinates": [[-54.992377163481976, -10.237778059133847], [-54.99226998610138, -10.237865276884623]]}}, {"type": "Feature", "properties": {"layer": "vista", "dxf_type": "LINE"}, "geometry": {"type": "LineString", "coordinates": [[-54.992292119020405, -10.237890537955], [-54.99227011182652, -10.237864004940135]]}}, {"type": "Feature", "properties": {"layer": "vista", "dxf_type": "LINE"}, "geometry": {"type": "LineString", "coordinates": [[-54.991728024649724, -10.23834958051998], [-54.99170601657335, -10.238323047464892]]}}, {"type": "Feature", "properties": {"layer": "vista", "dxf_type": "LINE"}, "geometry": {"type": "LineString", "coordinates": [[-54.99227139596903, -10.237864129471022], [-54.991705890845466, -10.238324319408663]]}}, {"type": "Feature", "properties": {"layer": "vista", "dxf_type": "LINE"}, "geometry": {"type": "LineString", "coordinates": [[-54.991728024649724, -10.23834958051998], [-54.99170601657335, -10.238323047464892]]}}, {"type": "Feature", "properties": {"layer": "vista", "dxf_type": "LINE"}, "geometry": {"type": "LineString", "coordinates": [[-54.991622256783074, -10.238435650573727], [-54.99160024871234, -10.238409117512155]]}}, {"type": "Feature", "properties": {"layer": "vista", "dxf_type": "LINE"}, "geometry": {"type": "LineString", "coordinates": [[-54.99170730162957, -10.238323172003943], [-54.99160012298394, -10.238410389455792]]}}, {"type": "Feature", "properties": {"layer": "vista", "dxf_type": "LINE"}, "geometry": {"type": "LineString", "coordinates": [[-54.991622256783074, -10.238435650573727], [-54.99160024871234, -10.238409117512155]]}}, {"type": "Feature", "properties": {"layer": "vista", "dxf_type": "LINE"}, "geometry": {"type": "LineString", "coordinates": [[-54.99105815964463, -10.23889469158931], [-54.991036152516514, -10.23886815849878]]}}, {"type": "Feature", "properties": {"layer": "vista", "dxf_type": "LINE"}, "geometry": {"type": "LineString", "coordinates": [[-54.99160153376877, -10.238409242051684], [-54.99103602678537, -10.238869430441705]]}}, {"type": "Feature", "properties": {"layer": "vista", "dxf_type": "LINE"}, "geometry": {"type": "LineString", "coordinates": [[-54.99105815964463, -10.23889469158931], [-54.991036152516514, -10.23886815849878]]}}, {"type": "Feature", "properties": {"layer": "vista", "dxf_type": "LINE"}, "geometry": {"type": "LineString", "coordinates": [[-54.99095239143012, -10.238980761353588], [-54.990930384307646, -10.23895422825656]]}}, {"type": "Feature", "properties": {"layer": "vista", "dxf_type": "LINE"}, "geometry": {"type": "LineString", "coordinates": [[-54.99103743666156, -10.238868283035197], [-54.990930257657745, -10.238955501097612]]}}, {"type": "Feature", "properties": {"layer": "vista", "dxf_type": "LINE"}, "geometry": {"type": "LineString", "coordinates": [[-54.99095239143012, -10.238980761353588], [-54.990930384307646, -10.23895422825656]]}}, {"type": "Feature", "properties": {"layer": "vista", "dxf_type": "LINE"}, "geometry": {"type": "LineString", "coordinates": [[-54.990388292436386, -10.239439800825226], [-54.99036628534398, -10.239413267693603]]}}, {"type": "Feature", "properties": {"layer": "vista", "dxf_type": "LINE"}, "geometry": {"type": "LineString", "coordinates": [[-54.9909316684529, -10.238954352793462], [-54.99036615960389, -10.239414540539581]]}}, {"type": "Feature", "properties": {"layer": "vista", "dxf_type": "LINE"}, "geometry": {"type": "LineString", "coordinates": [[-54.990388292436386, -10.239439800825226], [-54.99036628534398, -10.239413267693603]]}}, {"type": "Feature", "properties": {"layer": "vista", "dxf_type": "LINE"}, "geometry": {"type": "LineString", "coordinates": [[-54.990282523874, -10.239525870299978], [-54.99026051678155, -10.23949933806577]]}}, {"type": "Feature", "properties": {"layer": "vista", "dxf_type": "LINE"}, "geometry": {"type": "LineString", "coordinates": [[-54.990367569490395, -10.239413392233047], [-54.990260391046625, -10.239500610007727]]}}, {"type": "Feature", "properties": {"layer": "vista", "dxf_type": "LINE"}, "geometry": {"type": "LineString", "coordinates": [[-54.990282523874, -10.239525870299978], [-54.99026051678155, -10.23949933806577]]}}, {"type": "Feature", "properties": {"layer": "vista", "dxf_type": "LINE"}, "geometry": {"type": "LineString", "coordinates": [[-54.98971842393745, -10.239984908233119], [-54.98969641596251, -10.239958375958677]]}}, {"type": "Feature", "properties": {"layer": "vista", "dxf_type": "LINE"}, "geometry": {"type": "LineString", "coordinates": [[-54.99026180092819, -10.23949946260569], [-54.989696290224856, -10.239959647899903]]}}, {"type": "Feature", "properties": {"layer": "vista", "dxf_type": "LINE"}, "geometry": {"type": "LineString", "coordinates": [[-54.98971842393745, -10.239984908233119], [-54.98969641596251, -10.239958375958677]]}}, {"type": "Feature", "properties": {"layer": "vista", "dxf_type": "LINE"}, "geometry": {"type": "LineString", "coordinates": [[-54.98961265502717, -10.240070977418348], [-54.98959064705788, -10.240044445137416]]}}, {"type": "Feature", "properties": {"layer": "vista", "dxf_type": "LINE"}, "geometry": {"type": "LineString", "coordinates": [[-54.98969770102287, -10.239958500506772], [-54.989590521319705, -10.24004571707851]]}}, {"type": "Feature", "properties": {"layer": "vista", "dxf_type": "LINE"}, "geometry": {"type": "LineString", "coordinates": [[-54.98961265502717, -10.240070977418348], [-54.98959064705788, -10.240044445137416]]}}, {"type": "Feature", "properties": {"layer": "vista", "dxf_type": "LINE"}, "geometry": {"type": "LineString", "coordinates": [[-54.98904855232261, -10.240530013801521], [-54.98902654529596, -10.240503481491642]]}}, {"type": "Feature", "properties": {"layer": "vista", "dxf_type": "LINE"}, "geometry": {"type": "LineString", "coordinates": [[-54.98959193211846, -10.240044569685987], [-54.98902641955504, -10.24050475343202]]}}, {"type": "Feature", "properties": {"layer": "vista", "dxf_type": "LINE"}, "geometry": {"type": "LineString", "coordinates": [[-54.98904855232261, -10.240530013801521], [-54.98902654529596, -10.240503481491642]]}}, {"type": "Feature", "properties": {"layer": "vista", "dxf_type": "LINE"}, "geometry": {"type": "LineString", "coordinates": [[-54.98887227018753, -10.240673463140705], [-54.988850262263426, -10.240646929910488]]}}, {"type": "Feature", "properties": {"layer": "vista", "dxf_type": "LINE"}, "geometry": {"type": "LineString", "coordinates": [[-54.989027829445135, -10.24050360603709], [-54.98885013652165, -10.240648201850643]]}}, {"type": "Feature", "properties": {"layer": "vista", "dxf_type": "LINE"}, "geometry": {"type": "LineString", "coordinates": [[-54.9953414108521, -10.241200597350069], [-54.99527222695191, -10.241256897431954]]}}, {"type": "Feature", "properties": {"layer": "vista", "dxf_type": "LINE"}, "geometry": {"type": "LineString", "coordinates": [[-54.9951967905192, -10.24102624593804], [-54.995127606643216, -10.241082545992038]]}}, {"type": "Feature", "properties": {"layer": "vista", "dxf_type": "LINE"}, "geometry": {"type": "LineString", "coordinates": [[-54.99527351202385, -10.2412570219594], [-54.995127732360935, -10.241081274044756]]}}, {"type": "Feature", "properties": {"layer": "vista", "dxf_type": "LINE"}, "geometry": {"type": "LineString", "coordinates": [[-54.995224016605945, -10.24100409050669], [-54.99515483273922, -10.241060390568382]]}}, {"type": "Feature", "properties": {"layer": "vista", "dxf_type": "LINE"}, "geometry": {"type": "LineString", "coordinates": [[-54.994264136151514, -10.239913456225583], [-54.99422792619506, -10.239942923143534]]}}, {"type": "Feature", "properties": {"layer": "vista", "dxf_type": "LINE"}, "geometry": {"type": "LineString", "coordinates": [[-54.99515611689768, -10.241060515090508], [-54.994228051914966, -10.239941651197112]]}}, {"type": "Feature", "properties": {"layer": "vista", "dxf_type": "LINE"}, "geometry": {"type": "LineString", "coordinates": [[-54.994264136151514, -10.239913456225583], [-54.99422792619506, -10.239942923143534]]}}, {"type": "Feature", "properties": {"layer": "vista", "dxf_type": "LINE"}, "geometry": {"type": "LineString", "coordinates": [[-54.99422921034804, -10.239943047668405], [-54.99408322350267, -10.239767046920592]]}}, {"type": "Feature", "properties": {"layer": "vista", "dxf_type": "LINE"}, "geometry": {"type": "LineString", "coordinates": [[-54.99408450765478, -10.239767171445877], [-54.99463906714175, -10.23931588480017]]}}, {"type": "Feature", "properties": {"layer": "vista", "dxf_type": "LINE"}, "geometry": {"type": "LineString", "coordinates": [[-54.994638941424185, -10.23931715674717], [-54.99405846918305, -10.238617342795488]]}}, {"type": "Feature", "properties": {"layer": "vista", "dxf_type": "LINE"}, "geometry": {"type": "LineString", "coordinates": [[-54.993505068899495, -10.239070025016145], [-54.99335908282318, -10.238894024086125]]}}, {"type": "Feature", "properties": {"layer": "vista", "dxf_type": "LINE"}, "geometry": {"type": "LineString", "coordinates": [[-54.99225434509071, -10.23762998650585], [-54.99228864601209, -10.23760207359911]]}}, {"type": "Feature", "properties": {"layer": "vista", "dxf_type": "LINE"}, "geometry": {"type": "LineString", "coordinates": [[-54.99243334680888, -10.237777950268029], [-54.9922873618763, -10.237601948164604]]}}, {"type": "Feature", "properties": {"layer": "vista", "dxf_type": "LINE"}, "geometry": {"type": "LineString", "coordinates": [[-54.99159931464663, -10.23670072928878], [-54.991563104923785, -10.236730195937877]]}}, {"type": "Feature", "properties": {"layer": "vista", "dxf_type": "LINE"}, "geometry": {"type": "LineString", "coordinates": [[-54.990672433149655, -10.235583256228391], [-54.99063622259555, -10.235612722778347]]}}, {"type": "Feature", "properties": {"layer": "vista", "dxf_type": "LINE"}, "geometry": {"type": "LineString", "coordinates": [[-54.99156438906099, -10.236730320470643], [-54.99063634833014, -10.235611449931515]]}}, {"type": "Feature", "properties": {"layer": "vista", "dxf_type": "LINE"}, "geometry": {"type": "LineString", "coordinates": [[-54.990672433149655, -10.235583256228391], [-54.99063622259555, -10.235612722778347]]}}, {"type": "Feature", "properties": {"layer": "vista", "dxf_type": "LINE"}, "geometry": {"type": "LineString", "coordinates": [[-54.99063750672727, -10.235612847313858], [-54.99049152370127, -10.235436844759247]]}}, {"type": "Feature", "properties": {"layer": "vista", "dxf_type": "LINE"}, "geometry": {"type": "LineString", "coordinates": [[-54.990492807832126, -10.235436969295181], [-54.991045937960024, -10.234986848173195]]}}, {"type": "Feature", "properties": {"layer": "vista", "dxf_type": "LINE"}, "geometry": {"type": "LineString", "coordinates": [[-54.991045812233445, -10.23498812011672], [-54.99046535515694, -10.234288302572926]]}}, {"type": "Feature", "properties": {"layer": "vista", "dxf_type": "LINE"}, "geometry": {"type": "LineString", "coordinates": [[-54.989913385107606, -10.234739820189418], [-54.98976740193771, -10.23456381744739]]}}, {"type": "Feature", "properties": {"layer": "vista", "dxf_type": "LINE"}, "geometry": {"type": "LineString", "coordinates": [[-54.98973297548866, -10.234593002959167], [-54.98969043393383, -10.234627622414374]]}}, {"type": "Feature", "properties": {"layer": "vista", "dxf_type": "LINE"}, "geometry": {"type": "LineString", "coordinates": [[-54.9888061053405, -10.233475526848787], [-54.9887635638812, -10.23351014619419]]}}, {"type": "Feature", "properties": {"layer": "vista", "dxf_type": "LINE"}, "geometry": {"type": "LineString", "coordinates": [[-54.98969171806056, -10.234627746952798], [-54.988763689620676, -10.233508873349194]]}}, {"type": "Feature", "properties": {"layer": "vista", "dxf_type": "LINE"}, "geometry": {"type": "LineString", "coordinates": [[-54.99332465517222, -10.238923209938934], [-54.993278961455495, -10.238960393783119]]}}, {"type": "Feature", "properties": {"layer": "vista", "dxf_type": "LINE"}, "geometry": {"type": "LineString", "coordinates": [[-54.99239776081464, -10.237805739556475], [-54.99235206811301, -10.237842923288277]]}}, {"type": "Feature", "properties": {"layer": "vista", "dxf_type": "LINE"}, "geometry": {"type": "LineString", "coordinates": [[-54.99328024651605, -10.238960518316555], [-54.9923521938378, -10.237841651343691]]}}, {"type": "Feature", "properties": {"layer": "vista", "dxf_type": "LINE"}, "geometry": {"type": "LineString", "coordinates": [[-54.98658603610401, -10.237914229262875], [-54.98663737069612, -10.23787245603795]]}}, {"type": "Feature", "properties": {"layer": "vista", "dxf_type": "LINE"}, "geometry": {"type": "LineString", "coordinates": [[-54.985281224139825, -10.236343913859313], [-54.98533396844877, -10.236300993440869]]}}, {"type": "Feature", "properties": {"layer": "vista", "dxf_type": "LINE"}, "geometry": {"type": "LineString", "coordinates": [[-54.986637244943225, -10.237873728879862], [-54.985332684320475, -10.236300868884284]]}}, {"type": "Feature", "properties": {"layer": "vista", "dxf_type": "LINE"}, "geometry": {"type": "LineString", "coordinates": [[-54.99218326870557, -10.232775652999745], [-54.992236605017595, -10.232839957025975]]}}, {"type": "Feature", "properties": {"layer": "vista", "dxf_type": "LINE"}, "geometry": {"type": "LineString", "coordinates": [[-54.990561521125684, -10.234095400550524], [-54.99061485722257, -10.234159705721522]]}}, {"type": "Feature", "properties": {"layer": "vista", "dxf_type": "LINE"}, "geometry": {"type": "LineString", "coordinates": [[-54.99223673074268, -10.232838684176881], [-54.99061357310231, -10.234159580283144]]}}, {"type": "Feature", "properties": {"layer": "vista", "dxf_type": "LINE"}, "geometry": {"type": "LineString", "coordinates": [[-54.990561521125684, -10.234095400550524], [-54.99061485722257, -10.234159705721522]]}}, {"type": "Feature", "properties": {"layer": "vista", "dxf_type": "LINE"}, "geometry": {"type": "LineString", "coordinates": [[-54.99044201414732, -10.234307296234682], [-54.99043742131752, -10.234301758481353]]}}, {"type": "Feature", "properties": {"layer": "vista", "dxf_type": "LINE"}, "geometry": {"type": "LineString", "coordinates": [[-54.99061498295555, -10.234158432874501], [-54.99043729558368, -10.23430303132815]]}}, {"type": "Feature", "properties": {"layer": "vista", "dxf_type": "LINE"}, "geometry": {"type": "LineString", "coordinates": [[-54.98860871803598, -10.235799172185668], [-54.98860412431404, -10.235793634403246]]}}, {"type": "Feature", "properties": {"layer": "vista", "dxf_type": "LINE"}, "geometry": {"type": "LineString", "coordinates": [[-54.988605408444116, -10.235793758946768], [-54.98842771932548, -10.235938355037678]]}}, {"type": "Feature", "properties": {"layer": "vista", "dxf_type": "LINE"}, "geometry": {"type": "LineString", "coordinates": [[-54.986839624877824, -10.23729726567876], [-54.98680606696709, -10.23725680655919]]}}, {"type": "Feature", "properties": {"layer": "vista", "dxf_type": "LINE"}, "geometry": {"type": "LineString", "coordinates": [[-54.98842912919385, -10.235937207641623], [-54.986805941221284, -10.237258078497518]]}}, {"type": "Feature", "properties": {"layer": "vista", "dxf_type": "LINE"}, "geometry": {"type": "LineString", "coordinates": [[-54.99044201414732, -10.234307296234682], [-54.99040754752341, -10.234265742619629]]}}, {"type": "Feature", "properties": {"layer": "vista", "dxf_type": "LINE"}, "geometry": {"type": "LineString", "coordinates": [[-54.98860871803598, -10.235799172185668], [-54.98857425157085, -10.235757617490751]]}}, {"type": "Feature", "properties": {"layer": "vista", "dxf_type": "LINE"}, "geometry": {"type": "LineString", "coordinates": [[-54.99040883256209, -10.234265867160621], [-54.988574124921165, -10.235758889425675]]}}, {"type": "Feature", "properties": {"layer": "vista", "dxf_type": "LINE"}, "geometry": {"type": "LineString", "coordinates": [[-54.992898626805264, -10.233068546214543], [-54.99287013580186, -10.23303419776999]]}}, {"type": "Feature", "properties": {"layer": "vista", "dxf_type": "LINE"}, "geometry": {"type": "LineString", "coordinates": [[-54.99261658508295, -10.233298069595252], [-54.992588094104676, -10.233263720224434]]}}, {"type": "Feature", "properties": {"layer": "vista", "dxf_type": "LINE"}, "geometry": {"type": "LineString", "coordinates": [[-54.992871420838505, -10.233034322300512], [-54.99258796838615, -10.233264992169968]]}}, {"type": "Feature", "properties": {"layer": "vista", "dxf_type": "LINE"}, "geometry": {"type": "LineString", "coordinates": [[-54.99287714525698, -10.233613629228216], [-54.99282795024325, -10.233653663314382]]}}, {"type": "Feature", "properties": {"layer": "vista", "dxf_type": "LINE"}, "geometry": {"type": "LineString", "coordinates": [[-54.99261645936449, -10.233299341540814], [-54.99256726529435, -10.23333937559689]]}}, {"type": "Feature", "properties": {"layer": "vista", "dxf_type": "LINE"}, "geometry": {"type": "LineString", "coordinates": [[-54.99282923528231, -10.233653787845522], [-54.992567391018724, -10.233338102747508]]}}, {"type": "Feature", "properties": {"layer": "vista", "dxf_type": "LINE"}, "geometry": {"type": "LineString", "coordinates": [[-54.99261645936449, -10.233299341540814], [-54.99256726529435, -10.23333937559689]]}}, {"type": "Feature", "properties": {"layer": "vista", "dxf_type": "LINE"}, "geometry": {"type": "LineString", "coordinates": [[-54.992442668739805, -10.233089816349048], [-54.99239347469603, -10.233129849477413]]}}, {"type": "Feature", "properties": {"layer": "vista", "dxf_type": "LINE"}, "geometry": {"type": "LineString", "coordinates": [[-54.99256854941932, -10.233339500123192], [-54.99239360041516, -10.233128577532083]]}}, {"type": "Feature", "properties": {"layer": "vista", "dxf_type": "LINE"}, "geometry": {"type": "LineString", "coordinates": [[-54.992442668739805, -10.233089816349048], [-54.99239347469603, -10.233129849477413]]}}, {"type": "Feature", "properties": {"layer": "vista", "dxf_type": "LINE"}, "geometry": {"type": "LineString", "coordinates": [[-54.99218256333122, -10.232776226253876], [-54.99213336931274, -10.232816260250509]]}}, {"type": "Feature", "properties": {"layer": "vista", "dxf_type": "LINE"}, "geometry": {"type": "LineString", "coordinates": [[-54.99239475881429, -10.233129974908113], [-54.99213349503821, -10.232814987401548]]}}, {"type": "Feature", "properties": {"layer": "vista", "dxf_type": "LINE"}, "geometry": {"type": "LineString", "coordinates": [[-54.99125680479385, -10.234932233404166], [-54.9912909917049, -10.234904412961454]]}}, {"type": "Feature", "properties": {"layer": "vista", "dxf_type": "LINE"}, "geometry": {"type": "LineString", "coordinates": [[-54.990561646853116, -10.234094128607438], [-54.99059583370092, -10.234066309134798]]}}, {"type": "Feature", "properties": {"layer": "vista", "dxf_type": "LINE"}, "geometry": {"type": "LineString", "coordinates": [[-54.991290865973696, -10.23490568580916], [-54.99059454866851, -10.234066183690784]]}}, {"type": "Feature", "properties": {"layer": "vista", "dxf_type": "LINE"}, "geometry": {"type": "LineString", "coordinates": [[-54.989069537762795, -10.236712159477365], [-54.989011266187994, -10.236759578668769]]}}, {"type": "Feature", "properties": {"layer": "vista", "dxf_type": "LINE"}, "geometry": {"type": "LineString", "coordinates": [[-54.98837438259314, -10.235874050440083], [-54.98831611202905, -10.23592146952428]]}}, {"type": "Feature", "properties": {"layer": "vista", "dxf_type": "LINE"}, "geometry": {"type": "LineString", "coordinates": [[-54.98901255032236, -10.236759703211447], [-54.98831623776739, -10.235920197584038]]}}, {"type": "Feature", "properties": {"layer": "vista", "dxf_type": "LINE"}, "geometry": {"type": "LineString", "coordinates": [[-54.98744916792979, -10.238030738452954], [-54.98749526379094, -10.237993228085713]]}}, {"type": "Feature", "properties": {"layer": "vista", "dxf_type": "LINE"}, "geometry": {"type": "LineString", "coordinates": [[-54.98718848547087, -10.237716445920457], [-54.98723458129718, -10.237678936490575]]}}, {"type": "Feature", "properties": {"layer": "vista", "dxf_type": "LINE"}, "geometry": {"type": "LineString", "coordinates": [[-54.98749513713441, -10.237994500019061], [-54.98723329625439, -10.237678811030777]]}}, {"type": "Feature", "properties": {"layer": "vista", "dxf_type": "LINE"}, "geometry": {"type": "LineString", "coordinates": [[-54.98718848547087, -10.237716445920457], [-54.98723458129718, -10.237678936490575]]}}, {"type": "Feature", "properties": {"layer": "vista", "dxf_type": "LINE"}, "geometry": {"type": "LineString", "coordinates": [[-54.98701469713151, -10.237506918101314], [-54.9870607929441, -10.237469407789847]]}}, {"type": "Feature", "properties": {"layer": "vista", "dxf_type": "LINE"}, "geometry": {"type": "LineString", "coordinates": [[-54.98723445555255, -10.237680208429332], [-54.98705950880919, -10.237469283239083]]}}, {"type": "Feature", "properties": {"layer": "vista", "dxf_type": "LINE"}, "geometry": {"type": "LineString", "coordinates": [[-54.98701469713151, -10.237506918101314], [-54.9870607929441, -10.237469407789847]]}}, {"type": "Feature", "properties": {"layer": "vista", "dxf_type": "LINE"}, "geometry": {"type": "LineString", "coordinates": [[-54.9867540154906, -10.237192626278109], [-54.98680011127406, -10.23715511600013]]}}, {"type": "Feature", "properties": {"layer": "vista", "dxf_type": "LINE"}, "geometry": {"type": "LineString", "coordinates": [[-54.98706066719333, -10.237470680632319], [-54.98679882714069, -10.237154991448575]]}}, {"type": "Feature", "properties": {"layer": "vista", "dxf_type": "LINE"}, "geometry": {"type": "LineString", "coordinates": [[-54.9873499247236, -10.241328509823498], [-54.987367294816536, -10.24131437518833]]}}, {"type": "Feature", "properties": {"layer": "vista", "dxf_type": "LINE"}, "geometry": {"type": "LineString", "coordinates": [[-54.98726115611268, -10.241225270852656], [-54.98728040025686, -10.241209611159432]]}}, {"type": "Feature", "properties": {"layer": "vista", "dxf_type": "LINE"}, "geometry": {"type": "LineString", "coordinates": [[-54.98736716906817, -10.241315647126681], [-54.98727911610691, -10.241209486606653]]}}, {"type": "Feature", "properties": {"layer": "vista", "dxf_type": "LINE"}, "geometry": {"type": "LineString", "coordinates": [[-54.987145296182256, -10.241085585450625], [-54.98716454032103, -10.241069925763611]]}}, {"type": "Feature", "properties": {"layer": "vista", "dxf_type": "LINE"}, "geometry": {"type": "LineString", "coordinates": [[-54.987060274896244, -10.240979296319923], [-54.98707764588953, -10.240965161704418]]}}, {"type": "Feature", "properties": {"layer": "vista", "dxf_type": "LINE"}, "geometry": {"type": "LineString", "coordinates": [[-54.987164414572156, -10.24107119770177], [-54.98707636174078, -10.24096503715104]]}}, {"type": "Feature", "properties": {"layer": "vista", "dxf_type": "LINE"}, "geometry": {"type": "LineString", "coordinates": [[-54.985457504734285, -10.236200467187507], [-54.98673194222775, -10.237737008003688]]}}, {"type": "Feature", "properties": {"layer": "vista", "dxf_type": "LINE"}, "geometry": {"type": "LineString", "coordinates": [[-54.98602160252765, -10.235741436447437], [-54.987035359945736, -10.2369636836424]]}}, {"type": "Feature", "properties": {"layer": "vista", "dxf_type": "LINE"}, "geometry": {"type": "LineString", "coordinates": [[-54.98612737051717, -10.235655368320273], [-54.98705423464739, -10.236772851345174]]}}, {"type": "Feature", "properties": {"layer": "vista", "dxf_type": "LINE"}, "geometry": {"type": "LineString", "coordinates": [[-54.98669146554354, -10.235196336030066], [-54.98761833094143, -10.236313817598829]]}}, {"type": "Feature", "properties": {"layer": "vista", "dxf_type": "LINE"}, "geometry": {"type": "LineString", "coordinates": [[-54.98679723319105, -10.235110266709466], [-54.987810993422436, -10.236332512624026]]}}, {"type": "Feature", "properties": {"layer": "vista", "dxf_type": "LINE"}, "geometry": {"type": "LineString", "coordinates": [[-54.98736132727559, -10.234651232880603], [-54.988375087980664, -10.235873477196902]]}}, {"type": "Feature", "properties": {"layer": "vista", "dxf_type": "LINE"}, "geometry": {"type": "LineString", "coordinates": [[-54.98746709456973, -10.23456516417433], [-54.98839396171032, -10.235682643740958]]}}, {"type": "Feature", "properties": {"layer": "vista", "dxf_type": "LINE"}, "geometry": {"type": "LineString", "coordinates": [[-54.98803118679999, -10.234106128801352], [-54.98895805520773, -10.235223606911932]]}}, {"type": "Feature", "properties": {"layer": "vista", "dxf_type": "LINE"}, "geometry": {"type": "LineString", "coordinates": [[-54.988136953746434, -10.234020059805578], [-54.98906382239176, -10.235137537643146]]}}, {"type": "Feature", "properties": {"layer": "vista", "dxf_type": "LINE"}, "geometry": {"type": "LineString", "coordinates": [[-54.98870104320994, -10.233561022883045], [-54.98962791312216, -10.234678499264602]]}}, {"type": "Feature", "properties": {"layer": "vista", "dxf_type": "LINE"}, "geometry": {"type": "LineString", "coordinates": [[-54.98880680980874, -10.233474953597813], [-54.98973367995848, -10.234592429706357]]}}, {"type": "Feature", "properties": {"layer": "vista", "dxf_type": "LINE"}, "geometry": {"type": "LineString", "coordinates": [[-54.989370898330655, -10.233015915137186], [-54.990297769747045, -10.23413338978976]]}}, {"type": "Feature", "properties": {"layer": "vista", "dxf_type": "LINE"}, "geometry": {"type": "LineString", "coordinates": [[-54.98954717538733, -10.232872465519383], [-54.99056094146747, -10.234094702760782]]}}, {"type": "Feature", "properties": {"layer": "vista", "dxf_type": "LINE"}, "geometry": {"type": "LineString", "coordinates": [[-54.99011126186003, -10.232413425352743], [-54.99112502932524, -10.23363566100171]]}}, {"type": "Feature", "properties": {"layer": "vista", "dxf_type": "LINE"}, "geometry": {"type": "LineString", "coordinates": [[-54.99021702773266, -10.232327354554323], [-54.9911439010486, -10.233444827023028]]}}, {"type": "Feature", "properties": {"layer": "vista", "dxf_type": "LINE"}, "geometry": {"type": "LineString", "coordinates": [[-54.99078111143887, -10.231868312838714], [-54.99170798601522, -10.23298578475542]]}}, {"type": "Feature", "properties": {"layer": "vista", "dxf_type": "LINE"}, "geometry": {"type": "LineString", "coordinates": [[-54.990886877870736, -10.231782242660456], [-54.99190064724002, -10.233004476119916]]}}, {"type": "Feature", "properties": {"layer": "vista", "dxf_type": "LINE"}, "geometry": {"type": "LineString", "coordinates": [[-54.99145095972307, -10.231323199401695], [-54.99272541571865, -10.23285971984973]]}}, {"type": "Feature", "properties": {"layer": "vista", "dxf_type": "LINE"}, "geometry": {"type": "LineString", "coordinates": [[-54.985457504734285, -10.236200467187507], [-54.98602160252765, -10.235741436447437]]}}, {"type": "Feature", "properties": {"layer": "vista", "dxf_type": "LINE"}, "geometry": {"type": "LineString", "coordinates": [[-54.98568922026245, -10.236479838291162], [-54.98625331746028, -10.236020807181422]]}}, {"type": "Feature", "properties": {"layer": "vista", "dxf_type": "LINE"}, "geometry": {"type": "LineString", "coordinates": [[-54.98568922026245, -10.236479838291162], [-54.985457504734285, -10.236200467187507]]}}, {"type": "Feature", "properties": {"layer": "vista", "dxf_type": "LINE"}, "geometry": {"type": "LineString", "coordinates": [[-54.98580203982467, -10.236388032534826], [-54.9855703242388, -10.236108660600095]]}}, {"type": "Feature", "properties": {"layer": "vista", "dxf_type": "LINE"}, "geometry": {"type": "LineString", "coordinates": [[-54.98591485933013, -10.236296225822581], [-54.98568314367515, -10.236016854864536]]}}, {"type": "Feature", "properties": {"layer": "vista", "dxf_type": "LINE"}, "geometry": {"type": "LineString", "coordinates": [[-54.986027678767414, -10.236204419962188], [-54.985795963049036, -10.23592504907693]]}}, {"type": "Feature", "properties": {"layer": "vista", "dxf_type": "LINE"}, "geometry": {"type": "LineString", "coordinates": [[-54.98614049814793, -10.236112613145869], [-54.985908783278695, -10.23583324233908]]}}, {"type": "Feature", "properties": {"layer": "vista", "dxf_type": "LINE"}, "geometry": {"type": "LineString", "coordinates": [[-54.98597126905373, -10.23625032335082], [-54.98701399173223, -10.237507492244195]]}}, {"type": "Feature", "properties": {"layer": "vista", "dxf_type": "LINE"}, "geometry": {"type": "LineString", "coordinates": [[-54.98568922026245, -10.236479838291162], [-54.98597126905373, -10.23625032335082]]}}, {"type": "Feature", "properties": {"layer": "vista", "dxf_type": "LINE"}, "geometry": {"type": "LineString", "coordinates": [[-54.98597126905373, -10.23625032335082], [-54.98625331746028, -10.236020807181422]]}}, {"type": "Feature", "properties": {"layer": "vista", "dxf_type": "LINE"}, "geometry": {"type": "LineString", "coordinates": [[-54.9857761132299, -10.236584602428453], [-54.98605816208062, -10.23635508741985]]}}, {"type": "Feature", "properties": {"layer": "vista", "dxf_type": "LINE"}, "geometry": {"type": "LineString", "coordinates": [[-54.98605816208062, -10.23635508741985], [-54.9863402105466, -10.236125571182196]]}}, {"type": "Feature", "properties": {"layer": "vista", "dxf_type": "LINE"}, "geometry": {"type": "LineString", "coordinates": [[-54.98586300625226, -10.236689366552778], [-54.98614505516241, -10.236459851475917]]}}, {"type": "Feature", "properties": {"layer": "vista", "dxf_type": "LINE"}, "geometry": {"type": "LineString", "coordinates": [[-54.98614505516241, -10.236459851475917], [-54.986427104600374, -10.236230335175655]]}}, {"type": "Feature", "properties": {"layer": "vista", "dxf_type": "LINE"}, "geometry": {"type": "LineString", "coordinates": [[-54.98594989932951, -10.236794130664137], [-54.98623194921166, -10.236564615524669]]}}, {"type": "Feature", "properties": {"layer": "vista", "dxf_type": "LINE"}, "geometry": {"type": "LineString", "coordinates": [[-54.98623194921166, -10.236564615524669], [-54.9865139977965, -10.236335099150502]]}}, {"type": "Feature", "properties": {"layer": "vista", "dxf_type": "LINE"}, "geometry": {"type": "LineString", "coordinates": [[-54.98603679337423, -10.236898894768165], [-54.986318842403264, -10.236669379554804]]}}, {"type": "Feature", "properties": {"layer": "vista", "dxf_type": "LINE"}, "geometry": {"type": "LineString", "coordinates": [[-54.986318842403264, -10.236669379554804], [-54.98660089104184, -10.236439864016258]]}}, {"type": "Feature", "properties": {"layer": "vista", "dxf_type": "LINE"}, "geometry": {"type": "LineString", "coordinates": [[-54.98612368655561, -10.237003659757477], [-54.986405735649775, -10.23677414357196]]}}, {"type": "Feature", "properties": {"layer": "vista", "dxf_type": "LINE"}, "geometry": {"type": "LineString", "coordinates": [[-54.986405735649775, -10.23677414357196], [-54.98668778526033, -10.2365446279708]]}}, {"type": "Feature", "properties": {"layer": "vista", "dxf_type": "LINE"}, "geometry": {"type": "LineString", "coordinates": [[-54.9862105797976, -10.237108423829941], [-54.98649262986375, -10.236878907581811]]}}, {"type": "Feature", "properties": {"layer": "vista", "dxf_type": "LINE"}, "geometry": {"type": "LineString", "coordinates": [[-54.98649262986375, -10.236878907581811], [-54.98677467862118, -10.236649391906742]]}}, {"type": "Feature", "properties": {"layer": "vista", "dxf_type": "LINE"}, "geometry": {"type": "LineString", "coordinates": [[-54.986297474007046, -10.237213187895088], [-54.98657952322008, -10.236983671573046]]}}, {"type": "Feature", "properties": {"layer": "vista", "dxf_type": "LINE"}, "geometry": {"type": "LineString", "coordinates": [[-54.98657952322008, -10.236983671573046], [-54.986861572036936, -10.236754155829715]]}}, {"type": "Feature", "properties": {"layer": "vista", "dxf_type": "LINE"}, "geometry": {"type": "LineString", "coordinates": [[-54.98638436735885, -10.23731795194162], [-54.986666416631316, -10.237088435551314]]}}, {"type": "Feature", "properties": {"layer": "vista", "dxf_type": "LINE"}, "geometry": {"type": "LineString", "coordinates": [[-54.986666416631316, -10.237088435551314], [-54.98694846642016, -10.236858919745368]]}}, {"type": "Feature", "properties": {"layer": "vista", "dxf_type": "LINE"}, "geometry": {"type": "LineString", "coordinates": [[-54.98647126076557, -10.237422715975184], [-54.986753311004314, -10.23719320042614]]}}, {"type": "Feature", "properties": {"layer": "vista", "dxf_type": "LINE"}, "geometry": {"type": "LineString", "coordinates": [[-54.986753311004314, -10.23719320042614], [-54.987035359945736, -10.2369636836424]]}}, {"type": "Feature", "properties": {"layer": "vista", "dxf_type": "LINE"}, "geometry": {"type": "LineString", "coordinates": [[-54.986558155139754, -10.237527480001408], [-54.98684020452537, -10.237297964378467]]}}, {"type": "Feature", "properties": {"layer": "vista", "dxf_type": "LINE"}, "geometry": {"type": "LineString", "coordinates": [[-54.9866450486563, -10.237632244009031], [-54.98692709810135, -10.237402728317809]]}}, {"type": "Feature", "properties": {"layer": "vista", "dxf_type": "LINE"}, "geometry": {"type": "LineString", "coordinates": [[-54.98673194222775, -10.237737008003688], [-54.98701399173223, -10.237507492244195]]}}, {"type": "Feature", "properties": {"layer": "vista", "dxf_type": "LINE"}, "geometry": {"type": "LineString", "coordinates": [[-54.98635908550923, -10.235934738986005], [-54.986923181765086, -10.235475706337448]]}}, {"type": "Feature", "properties": {"layer": "vista", "dxf_type": "LINE"}, "geometry": {"type": "LineString", "coordinates": [[-54.98647190470624, -10.23584293201688], [-54.986240189650786, -10.235563561423954]]}}, {"type": "Feature", "properties": {"layer": "vista", "dxf_type": "LINE"}, "geometry": {"type": "LineString", "coordinates": [[-54.986584723835094, -10.235751125899613], [-54.98635300871625, -10.235471755379486]]}}, {"type": "Feature", "properties": {"layer": "vista", "dxf_type": "LINE"}, "geometry": {"type": "LineString", "coordinates": [[-54.98669754381402, -10.235659319735968], [-54.98646582772494, -10.235379948379117]]}}, {"type": "Feature", "properties": {"layer": "vista", "dxf_type": "LINE"}, "geometry": {"type": "LineString", "coordinates": [[-54.986810362823626, -10.23556751261078], [-54.98657864666548, -10.23528814223061]]}}, {"type": "Feature", "properties": {"layer": "vista", "dxf_type": "LINE"}, "geometry": {"type": "LineString", "coordinates": [[-54.98635908550923, -10.235934738986005], [-54.98664113429149, -10.235705222375186]]}}, {"type": "Feature", "properties": {"layer": "vista", "dxf_type": "LINE"}, "geometry": {"type": "LineString", "coordinates": [[-54.98664113429149, -10.235705222375186], [-54.986923181765086, -10.235475706337448]]}}, {"type": "Feature", "properties": {"layer": "vista", "dxf_type": "LINE"}, "geometry": {"type": "LineString", "coordinates": [[-54.98701007499254, -10.235580470176107], [-54.98672802745952, -10.235809986282092]]}}, {"type": "Feature", "properties": {"layer": "vista", "dxf_type": "LINE"}, "geometry": {"type": "LineString", "coordinates": [[-54.98672802745952, -10.235809986282092], [-54.98644597953038, -10.236039502966829]]}}, {"type": "Feature", "properties": {"layer": "vista", "dxf_type": "LINE"}, "geometry": {"type": "LineString", "coordinates": [[-54.9870969682749, -10.235685234001808], [-54.98681492067676, -10.23591475107993]]}}, {"type": "Feature", "properties": {"layer": "vista", "dxf_type": "LINE"}, "geometry": {"type": "LineString", "coordinates": [[-54.98681492067676, -10.23591475107993], [-54.98653287269389, -10.236144266929045]]}}, {"type": "Feature", "properties": {"layer": "vista", "dxf_type": "LINE"}, "geometry": {"type": "LineString", "coordinates": [[-54.98718386252471, -10.23578999782019], [-54.9869018139546, -10.236019514960923]]}}, {"type": "Feature", "properties": {"layer": "vista", "dxf_type": "LINE"}, "geometry": {"type": "LineString", "coordinates": [[-54.9869018139546, -10.236019514960923], [-54.98661976591231, -10.236249030878295]]}}, {"type": "Feature", "properties": {"layer": "vista", "dxf_type": "LINE"}, "geometry": {"type": "LineString", "coordinates": [[-54.987270755916875, -10.235894761619955], [-54.986988708199895, -10.236124278834595]]}}, {"type": "Feature", "properties": {"layer": "vista", "dxf_type": "LINE"}, "geometry": {"type": "LineString", "coordinates": [[-54.986988708199895, -10.236124278834595], [-54.98670665918563, -10.236353794814574]]}}, {"type": "Feature", "properties": {"layer": "vista", "dxf_type": "LINE"}, "geometry": {"type": "LineString", "coordinates": [[-54.98735764936395, -10.235999525406752], [-54.98707560158755, -10.23622904268965]]}}, {"type": "Feature", "properties": {"layer": "vista", "dxf_type": "LINE"}, "geometry": {"type": "LineString", "coordinates": [[-54.98707560158755, -10.23622904268965], [-54.9867935534264, -10.236458558743537]]}}, {"type": "Feature", "properties": {"layer": "vista", "dxf_type": "LINE"}, "geometry": {"type": "LineString", "coordinates": [[-54.98744454377277, -10.236104290090106], [-54.987162495030105, -10.236333806531718]]}}, {"type": "Feature", "properties": {"layer": "vista", "dxf_type": "LINE"}, "geometry": {"type": "LineString", "coordinates": [[-54.987162495030105, -10.236333806531718], [-54.98688044680954, -10.236563322653865]]}}, {"type": "Feature", "properties": {"layer": "vista", "dxf_type": "LINE"}, "geometry": {"type": "LineString", "coordinates": [[-54.98753143732965, -10.236209053850944], [-54.987249389440116, -10.236438570366477]]}}, {"type": "Feature", "properties": {"layer": "vista", "dxf_type": "LINE"}, "geometry": {"type": "LineString", "coordinates": [[-54.987249389440116, -10.236438570366477], [-54.98696734024188, -10.236668087455122]]}}, {"type": "Feature", "properties": {"layer": "vista", "dxf_type": "LINE"}, "geometry": {"type": "LineString", "coordinates": [[-54.98705423464739, -10.236772851345174], [-54.98733628299249, -10.236543334182622]]}}, {"type": "Feature", "properties": {"layer": "vista", "dxf_type": "LINE"}, "geometry": {"type": "LineString", "coordinates": [[-54.98733628299249, -10.236543334182622], [-54.98761833094143, -10.236313817598829]]}}, {"type": "Feature", "properties": {"layer": "vista", "dxf_type": "LINE"}, "geometry": {"type": "LineString", "coordinates": [[-54.98702894946632, -10.235389637852458], [-54.9875930429552, -10.234930603653954]]}}, {"type": "Feature", "properties": {"layer": "vista", "dxf_type": "LINE"}, "geometry": {"type": "LineString", "coordinates": [[-54.987141768292446, -10.235297830574464], [-54.98691005286064, -10.235018460413777]]}}, {"type": "Feature", "properties": {"layer": "vista", "dxf_type": "LINE"}, "geometry": {"type": "LineString", "coordinates": [[-54.9872545870504, -10.235206024148315], [-54.987022871555226, -10.234926654060448]]}}, {"type": "Feature", "properties": {"layer": "vista", "dxf_type": "LINE"}, "geometry": {"type": "LineString", "coordinates": [[-54.9873674057516, -10.235114216766286], [-54.98713569019304, -10.234834846751223]]}}, {"type": "Feature", "properties": {"layer": "vista", "dxf_type": "LINE"}, "geometry": {"type": "LineString", "coordinates": [[-54.987480224384626, -10.235022410236127], [-54.987248508762704, -10.234743040293862]]}}, {"type": "Feature", "properties": {"layer": "vista", "dxf_type": "LINE"}, "geometry": {"type": "LineString", "coordinates": [[-54.98702894946632, -10.235389637852458], [-54.9873109964088, -10.23516012046381]]}}, {"type": "Feature", "properties": {"layer": "vista", "dxf_type": "LINE"}, "geometry": {"type": "LineString", "coordinates": [[-54.9873109964088, -10.23516012046381], [-54.9875930429552, -10.234930603653954]]}}, {"type": "Feature", "properties": {"layer": "vista", "dxf_type": "LINE"}, "geometry": {"type": "LineString", "coordinates": [[-54.98711584271606, -10.23549440166554], [-54.98739788971796, -10.235264884208638]]}}, {"type": "Feature", "properties": {"layer": "vista", "dxf_type": "LINE"}, "geometry": {"type": "LineString", "coordinates": [[-54.98739788971796, -10.235264884208638], [-54.9876799372363, -10.235035367336172]]}}, {"type": "Feature", "properties": {"layer": "vista", "dxf_type": "LINE"}, "geometry": {"type": "LineString", "coordinates": [[-54.98720273693324, -10.235599165471275], [-54.98748478399456, -10.23536964794612]]}}, {"type": "Feature", "properties": {"layer": "vista", "dxf_type": "LINE"}, "geometry": {"type": "LineString", "coordinates": [[-54.98748478399456, -10.23536964794612], [-54.98776683065977, -10.235140130999772]]}}, {"type": "Feature", "properties": {"layer": "vista", "dxf_type": "LINE"}, "geometry": {"type": "LineString", "coordinates": [[-54.987289630292786, -10.235703929258415], [-54.98757167741352, -10.235474411665006]]}}, {"type": "Feature", "properties": {"layer": "vista", "dxf_type": "LINE"}, "geometry": {"type": "LineString", "coordinates": [[-54.98757167741352, -10.235474411665006], [-54.987853724138134, -10.235244894650386]]}}, {"type": "Feature", "properties": {"layer": "vista", "dxf_type": "LINE"}, "geometry": {"type": "LineString", "coordinates": [[-54.98737652370723, -10.235808693032585], [-54.987658570881685, -10.235579176274802]]}}, {"type": "Feature", "properties": {"layer": "vista", "dxf_type": "LINE"}, "geometry": {"type": "LineString", "coordinates": [[-54.987658570881685, -10.235579176274802], [-54.98794061858395, -10.235349658293691]]}}, {"type": "Feature", "properties": {"layer": "vista", "dxf_type": "LINE"}, "geometry": {"type": "LineString", "coordinates": [[-54.987463417176585, -10.235913456793789], [-54.98774546532299, -10.23568393997339]]}}, {"type": "Feature", "properties": {"layer": "vista", "dxf_type": "LINE"}, "geometry": {"type": "LineString", "coordinates": [[-54.98774546532299, -10.23568393997339], [-54.98802751217211, -10.23545442191838]]}}, {"type": "Feature", "properties": {"layer": "vista", "dxf_type": "LINE"}, "geometry": {"type": "LineString", "coordinates": [[-54.98755031161338, -10.236018220547662], [-54.98783235890665, -10.235788703653364]]}}, {"type": "Feature", "properties": {"layer": "vista", "dxf_type": "LINE"}, "geometry": {"type": "LineString", "coordinates": [[-54.98783235890665, -10.235788703653364], [-54.98811440581518, -10.235559185530095]]}}, {"type": "Feature", "properties": {"layer": "vista", "dxf_type": "LINE"}, "geometry": {"type": "LineString", "coordinates": [[-54.98763720519255, -10.236122984282922], [-54.98791925254522, -10.235893467320361]]}}, {"type": "Feature", "properties": {"layer": "vista", "dxf_type": "LINE"}, "geometry": {"type": "LineString", "coordinates": [[-54.98791925254522, -10.235893467320361], [-54.9882013004257, -10.235663949134482]]}}, {"type": "Feature", "properties": {"layer": "vista", "dxf_type": "LINE"}, "geometry": {"type": "LineString", "coordinates": [[-54.98772409882661, -10.236227748005188], [-54.98800614715124, -10.235998230980014]]}}, {"type": "Feature", "properties": {"layer": "vista", "dxf_type": "LINE"}, "geometry": {"type": "LineString", "coordinates": [[-54.98800614715124, -10.235998230980014], [-54.98828819417288, -10.23576871362413]]}}, {"type": "Feature", "properties": {"layer": "vista", "dxf_type": "LINE"}, "geometry": {"type": "LineString", "coordinates": [[-54.98769881122698, -10.23484453398119], [-54.98826290286149, -10.234385498238582]]}}, {"type": "Feature", "properties": {"layer": "vista", "dxf_type": "LINE"}, "geometry": {"type": "LineString", "coordinates": [[-54.98781162967652, -10.234752727298243], [-54.98757991295591, -10.234473357564179]]}}, {"type": "Feature", "properties": {"layer": "vista", "dxf_type": "LINE"}, "geometry": {"type": "LineString", "coordinates": [[-54.98792444806361, -10.234660920563284], [-54.98769273128532, -10.23438154999814]]}}, {"type": "Feature", "properties": {"layer": "vista", "dxf_type": "LINE"}, "geometry": {"type": "LineString", "coordinates": [[-54.98803726639393, -10.234569112872437], [-54.98780554954659, -10.234289743283954]]}}, {"type": "Feature", "properties": {"layer": "vista", "dxf_type": "LINE"}, "geometry": {"type": "LineString", "coordinates": [[-54.98815008465609, -10.234477306033446], [-54.98791836865794, -10.23419793652342]]}}, {"type": "Feature", "properties": {"layer": "vista", "dxf_type": "LINE"}, "geometry": {"type": "LineString", "coordinates": [[-54.98769881122698, -10.23484453398119], [-54.98798085723657, -10.234615016724353]]}}, {"type": "Feature", "properties": {"layer": "vista", "dxf_type": "LINE"}, "geometry": {"type": "LineString", "coordinates": [[-54.98798085723657, -10.234615016724353], [-54.98826290286149, -10.234385498238582]]}}, {"type": "Feature", "properties": {"layer": "vista", "dxf_type": "LINE"}, "geometry": {"type": "LineString", "coordinates": [[-54.987785704617814, -10.234949297632172], [-54.988067750686824, -10.234719780307083]]}}, {"type": "Feature", "properties": {"layer": "vista", "dxf_type": "LINE"}, "geometry": {"type": "LineString", "coordinates": [[-54.988067750686824, -10.234719780307083], [-54.98834979636544, -10.234490262656943]]}}, {"type": "Feature", "properties": {"layer": "vista", "dxf_type": "LINE"}, "geometry": {"type": "LineString", "coordinates": [[-54.98787259805786, -10.23505406217406], [-54.988154644191965, -10.234824543876842]]}}, {"type": "Feature", "properties": {"layer": "vista", "dxf_type": "LINE"}, "geometry": {"type": "LineString", "coordinates": [[-54.988154644191965, -10.234824543876842], [-54.988436690842526, -10.234595026164094]]}}, {"type": "Feature", "properties": {"layer": "vista", "dxf_type": "LINE"}, "geometry": {"type": "LineString", "coordinates": [[-54.9879594915585, -10.235158825799097], [-54.98824153866455, -10.234929307439266]]}}, {"type": "Feature", "properties": {"layer": "vista", "dxf_type": "LINE"}, "geometry": {"type": "LineString", "coordinates": [[-54.98824153866455, -10.234929307439266], [-54.988523584461966, -10.234699789652625]]}}, {"type": "Feature", "properties": {"layer": "vista", "dxf_type": "LINE"}, "geometry": {"type": "LineString", "coordinates": [[-54.98804638602659, -10.23526358941679], [-54.988328432279495, -10.235034070983064]]}}, {"type": "Feature", "properties": {"layer": "vista", "dxf_type": "LINE"}, "geometry": {"type": "LineString", "coordinates": [[-54.988328432279495, -10.235034070983064], [-54.9886104781363, -10.234804553128185]]}}, {"type": "Feature", "properties": {"layer": "vista", "dxf_type": "LINE"}, "geometry": {"type": "LineString", "coordinates": [[-54.98813327963703, -10.235368353015883], [-54.98841532594934, -10.2351388345139]]}}, {"type": "Feature", "properties": {"layer": "vista", "dxf_type": "LINE"}, "geometry": {"type": "LineString", "coordinates": [[-54.98841532594934, -10.2351388345139], [-54.988697372778084, -10.234909316596392]]}}, {"type": "Feature", "properties": {"layer": "vista", "dxf_type": "LINE"}, "geometry": {"type": "LineString", "coordinates": [[-54.98822017330237, -10.235473116601998], [-54.988502220580926, -10.235243598941285]]}}, {"type": "Feature", "properties": {"layer": "vista", "dxf_type": "LINE"}, "geometry": {"type": "LineString", "coordinates": [[-54.988502220580926, -10.235243598941285], [-54.98878426656222, -10.235014080046]]}}, {"type": "Feature", "properties": {"layer": "vista", "dxf_type": "LINE"}, "geometry": {"type": "LineString", "coordinates": [[-54.988307067935175, -10.235577880180788], [-54.98858911436057, -10.235348362446176]]}}, {"type": "Feature", "properties": {"layer": "vista", "dxf_type": "LINE"}, "geometry": {"type": "LineString", "coordinates": [[-54.98858911436057, -10.235348362446176], [-54.98887116040125, -10.235118843482635]]}}, {"type": "Feature", "properties": {"layer": "vista", "dxf_type": "LINE"}, "geometry": {"type": "LineString", "coordinates": [[-54.988609296773376, -10.235799870876843], [-54.99044259379985, -10.234307994928539]]}}, {"type": "Feature", "properties": {"layer": "vista", "dxf_type": "LINE"}, "geometry": {"type": "LineString", "coordinates": [[-54.98867600819512, -10.23545312593809], [-54.98895805520773, -10.235223606911932]]}}, {"type": "Feature", "properties": {"layer": "vista", "dxf_type": "LINE"}, "geometry": {"type": "LineString", "coordinates": [[-54.98836866986735, -10.234299429174559], [-54.98893276056014, -10.233840391893699]]}}, {"type": "Feature", "properties": {"layer": "vista", "dxf_type": "LINE"}, "geometry": {"type": "LineString", "coordinates": [[-54.98848148794604, -10.234207622182817], [-54.98824977176747, -10.233928251982753]]}}, {"type": "Feature", "properties": {"layer": "vista", "dxf_type": "LINE"}, "geometry": {"type": "LineString", "coordinates": [[-54.988594305967965, -10.23411581423519], [-54.988362589720346, -10.233836445011804]]}}, {"type": "Feature", "properties": {"layer": "vista", "dxf_type": "LINE"}, "geometry": {"type": "LineString", "coordinates": [[-54.98870712483428, -10.234024007145083], [-54.98847540761077, -10.233744637988849]]}}, {"type": "Feature", "properties": {"layer": "vista", "dxf_type": "LINE"}, "geometry": {"type": "LineString", "coordinates": [[-54.98881994272559, -10.233932199997332], [-54.98858822544443, -10.233652830009996]]}}, {"type": "Feature", "properties": {"layer": "vista", "dxf_type": "LINE"}, "geometry": {"type": "LineString", "coordinates": [[-54.98836866986735, -10.234299429174559], [-54.988650715862356, -10.234069911151392]]}}, {"type": "Feature", "properties": {"layer": "vista", "dxf_type": "LINE"}, "geometry": {"type": "LineString", "coordinates": [[-54.988650715862356, -10.234069911151392], [-54.98893276056014, -10.233840391893699]]}}, {"type": "Feature", "properties": {"layer": "vista", "dxf_type": "LINE"}, "geometry": {"type": "LineString", "coordinates": [[-54.988455564311806, -10.234404192669084], [-54.98873760945366, -10.234174674572026]]}}, {"type": "Feature", "properties": {"layer": "vista", "dxf_type": "LINE"}, "geometry": {"type": "LineString", "coordinates": [[-54.98873760945366, -10.234174674572026], [-54.989019654210836, -10.23394515524607]]}}, {"type": "Feature", "properties": {"layer": "vista", "dxf_type": "LINE"}, "geometry": {"type": "LineString", "coordinates": [[-54.98854245789862, -10.234508956144998], [-54.98882450309986, -10.23427943797969]]}}, {"type": "Feature", "properties": {"layer": "vista", "dxf_type": "LINE"}, "geometry": {"type": "LineString", "coordinates": [[-54.98882450309986, -10.23427943797969], [-54.98910654791642, -10.234049918585486]]}}, {"type": "Feature", "properties": {"layer": "vista", "dxf_type": "LINE"}, "geometry": {"type": "LineString", "coordinates": [[-54.98862935154033, -10.234613719607937], [-54.98891139680096, -10.234384201374377]]}}, {"type": "Feature", "properties": {"layer": "vista", "dxf_type": "LINE"}, "geometry": {"type": "LineString", "coordinates": [[-54.98891139680096, -10.234384201374377], [-54.989193442583755, -10.234154682821448]]}}, {"type": "Feature", "properties": {"layer": "vista", "dxf_type": "LINE"}, "geometry": {"type": "LineString", "coordinates": [[-54.988716245231245, -10.234718483961784], [-54.9889982914695, -10.234488964761729]]}}, {"type": "Feature", "properties": {"layer": "vista", "dxf_type": "LINE"}, "geometry": {"type": "LineString", "coordinates": [[-54.9889982914695, -10.234488964761729], [-54.98928033639913, -10.234259446134908]]}}, {"type": "Feature", "properties": {"layer": "vista", "dxf_type": "LINE"}, "geometry": {"type": "LineString", "coordinates": [[-54.988803139895296, -10.234823247404416], [-54.989085185280395, -10.234593728130466]]}}, {"type": "Feature", "properties": {"layer": "vista", "dxf_type": "LINE"}, "geometry": {"type": "LineString", "coordinates": [[-54.989085185280395, -10.234593728130466], [-54.9893672302694, -10.234364209435391]]}}, {"type": "Feature", "properties": {"layer": "vista", "dxf_type": "LINE"}, "geometry": {"type": "LineString", "coordinates": [[-54.9888900337017, -10.23492801082841], [-54.989172079146186, -10.23469849148621]]}}, {"type": "Feature", "properties": {"layer": "vista", "dxf_type": "LINE"}, "geometry": {"type": "LineString", "coordinates": [[-54.989172079146186, -10.23469849148621], [-54.98945412510712, -10.234468972728521]]}}, {"type": "Feature", "properties": {"layer": "vista", "dxf_type": "LINE"}, "geometry": {"type": "LineString", "coordinates": [[-54.98897692756301, -10.235032774239448], [-54.989258973979425, -10.234803254834631]]}}, {"type": "Feature", "properties": {"layer": "vista", "dxf_type": "LINE"}, "geometry": {"type": "LineString", "coordinates": [[-54.989258973979425, -10.234803254834631], [-54.9895410190872, -10.234573736003052]]}}, {"type": "Feature", "properties": {"layer": "vista", "dxf_type": "LINE"}, "geometry": {"type": "LineString", "coordinates": [[-54.98906382239176, -10.235137537643146], [-54.989345867949325, -10.23490801906832]]}}, {"type": "Feature", "properties": {"layer": "vista", "dxf_type": "LINE"}, "geometry": {"type": "LineString", "coordinates": [[-54.989345867949325, -10.23490801906832], [-54.98962791312216, -10.234678499264602]]}}, {"type": "Feature", "properties": {"layer": "vista", "dxf_type": "LINE"}, "geometry": {"type": "LineString", "coordinates": [[-54.98903852721833, -10.23375432254021], [-54.989602615144385, -10.233295283709973]]}}, {"type": "Feature", "properties": {"layer": "vista", "dxf_type": "LINE"}, "geometry": {"type": "LineString", "coordinates": [[-54.98915134492617, -10.23366251523971], [-54.98891962837148, -10.23338314547185]]}}, {"type": "Feature", "properties": {"layer": "vista", "dxf_type": "LINE"}, "geometry": {"type": "LineString", "coordinates": [[-54.98926416257725, -10.233570706983317], [-54.989032445953534, -10.233291338192148]]}}, {"type": "Feature", "properties": {"layer": "vista", "dxf_type": "LINE"}, "geometry": {"type": "LineString", "coordinates": [[-54.98937698016019, -10.233478899578826], [-54.989145263478825, -10.233199529956567]]}}, {"type": "Feature", "properties": {"layer": "vista", "dxf_type": "LINE"}, "geometry": {"type": "LineString", "coordinates": [[-54.98948979768635, -10.233387091218452], [-54.98925808093596, -10.233107722572875]]}}, {"type": "Feature", "properties": {"layer": "vista", "dxf_type": "LINE"}, "geometry": {"type": "LineString", "coordinates": [[-54.98903852721833, -10.23375432254021], [-54.98932057137937, -10.233524802835637]]}}, {"type": "Feature", "properties": {"layer": "vista", "dxf_type": "LINE"}, "geometry": {"type": "LineString", "coordinates": [[-54.98932057137937, -10.233524802835637], [-54.989602615144385, -10.233295283709973]]}}, {"type": "Feature", "properties": {"layer": "vista", "dxf_type": "LINE"}, "geometry": {"type": "LineString", "coordinates": [[-54.989125420891284, -10.233859085867005], [-54.98940746601856, -10.233629567003707]]}}, {"type": "Feature", "properties": {"layer": "vista", "dxf_type": "LINE"}, "geometry": {"type": "LineString", "coordinates": [[-54.98940746601856, -10.233629567003707], [-54.98968950984863, -10.233400046905912]]}}, {"type": "Feature", "properties": {"layer": "vista", "dxf_type": "LINE"}, "geometry": {"type": "LineString", "coordinates": [[-54.98921231553168, -10.233963849186448], [-54.989494359805796, -10.233734330249263]]}}, {"type": "Feature", "properties": {"layer": "vista", "dxf_type": "LINE"}, "geometry": {"type": "LineString", "coordinates": [[-54.989494359805796, -10.233734330249263], [-54.98977640369524, -10.233504810083224]]}}, {"type": "Feature", "properties": {"layer": "vista", "dxf_type": "LINE"}, "geometry": {"type": "LineString", "coordinates": [[-54.98929920931443, -10.234068612487292], [-54.98958125364793, -10.233839093481864]]}}, {"type": "Feature", "properties": {"layer": "vista", "dxf_type": "LINE"}, "geometry": {"type": "LineString", "coordinates": [[-54.98958125364793, -10.233839093481864], [-54.989863297596735, -10.233609573247573]]}}, {"type": "Feature", "properties": {"layer": "vista", "dxf_type": "LINE"}, "geometry": {"type": "LineString", "coordinates": [[-54.98938610315208, -10.234173375775162], [-54.98966814754495, -10.23394385670148]]}}, {"type": "Feature", "properties": {"layer": "vista", "dxf_type": "LINE"}, "geometry": {"type": "LineString", "coordinates": [[-54.98966814754495, -10.23394385670148], [-54.98995019246567, -10.23371433640458]]}}, {"type": "Feature", "properties": {"layer": "vista", "dxf_type": "LINE"}, "geometry": {"type": "LineString", "coordinates": [[-54.98947299704462, -10.234278139050055], [-54.9897550424094, -10.234048619913755]]}}, {"type": "Feature", "properties": {"layer": "vista", "dxf_type": "LINE"}, "geometry": {"type": "LineString", "coordinates": [[-54.9897550424094, -10.234048619913755], [-54.99003708647127, -10.233819100446853]]}}, {"type": "Feature", "properties": {"layer": "vista", "dxf_type": "LINE"}, "geometry": {"type": "LineString", "coordinates": [[-54.989559891898914, -10.23438290322149], [-54.98984193641621, -10.234153383107417]]}}, {"type": "Feature", "properties": {"layer": "vista", "dxf_type": "LINE"}, "geometry": {"type": "LineString", "coordinates": [[-54.98984193641621, -10.234153383107417], [-54.99012398053745, -10.233923863572265]]}}, {"type": "Feature", "properties": {"layer": "vista", "dxf_type": "LINE"}, "geometry": {"type": "LineString", "coordinates": [[-54.98964678590125, -10.234487666470402], [-54.98992883047792, -10.234258146288099]]}}, {"type": "Feature", "properties": {"layer": "vista", "dxf_type": "LINE"}, "geometry": {"type": "LineString", "coordinates": [[-54.98992883047792, -10.234258146288099], [-54.990210875571066, -10.234028626690328]]}}, {"type": "Feature", "properties": {"layer": "vista", "dxf_type": "LINE"}, "geometry": {"type": "LineString", "coordinates": [[-54.98973367995848, -10.234592429706357], [-54.99001572550708, -10.234362909461419]]}}, {"type": "Feature", "properties": {"layer": "vista", "dxf_type": "LINE"}, "geometry": {"type": "LineString", "coordinates": [[-54.99001572550708, -10.234362909461419], [-54.990297769747045, -10.23413338978976]]}}, {"type": "Feature", "properties": {"layer": "vista", "dxf_type": "LINE"}, "geometry": {"type": "LineString", "coordinates": [[-54.98664113429149, -10.235705222375186], [-54.98733628299249, -10.236543334182622]]}}, {"type": "Feature", "properties": {"layer": "vista", "dxf_type": "LINE"}, "geometry": {"type": "LineString", "coordinates": [[-54.9873109964088, -10.23516012046381], [-54.98809304089962, -10.23610299462107]]}}, {"type": "Feature", "properties": {"layer": "vista", "dxf_type": "LINE"}, "geometry": {"type": "LineString", "coordinates": [[-54.98798085723657, -10.234615016724353], [-54.98867600819512, -10.23545312593809]]}}, {"type": "Feature", "properties": {"layer": "vista", "dxf_type": "LINE"}, "geometry": {"type": "LineString", "coordinates": [[-54.988650715862356, -10.234069911151392], [-54.989345867949325, -10.23490801906832]]}}, {"type": "Feature", "properties": {"layer": "vista", "dxf_type": "LINE"}, "geometry": {"type": "LineString", "coordinates": [[-54.98932057137937, -10.233524802835637], [-54.99001572550708, -10.234362909461419]]}}, {"type": "Feature", "properties": {"layer": "vista", "dxf_type": "LINE"}, "geometry": {"type": "LineString", "coordinates": [[-54.987810993422436, -10.236332512624026], [-54.98809304089962, -10.23610299462107]]}}, {"type": "Feature", "properties": {"layer": "vista", "dxf_type": "LINE"}, "geometry": {"type": "LineString", "coordinates": [[-54.98809304089962, -10.23610299462107], [-54.988375087980664, -10.235873477196902]]}}, {"type": "Feature", "properties": {"layer": "vista", "dxf_type": "LINE"}, "geometry": {"type": "LineString", "coordinates": [[-54.986753311004314, -10.23719320042614], [-54.988375087980664, -10.235873477196902]]}}, {"type": "Feature", "properties": {"layer": "vista", "dxf_type": "LINE"}, "geometry": {"type": "LineString", "coordinates": [[-54.988375087980664, -10.235873477196902], [-54.9890702431572, -10.23671158532896]]}}, {"type": "Feature", "properties": {"layer": "vista", "dxf_type": "LINE"}, "geometry": {"type": "LineString", "coordinates": [[-54.9890702431572, -10.23671158532896], [-54.987521325947064, -10.237972019780972]]}}, {"type": "Feature", "properties": {"layer": "vista", "dxf_type": "LINE"}, "geometry": {"type": "LineString", "coordinates": [[-54.98612737051717, -10.235655368320273], [-54.98669146554354, -10.235196336030066]]}}, {"type": "Feature", "properties": {"layer": "vista", "dxf_type": "LINE"}, "geometry": {"type": "LineString", "coordinates": [[-54.98679723319105, -10.235110266709466], [-54.98736132727559, -10.234651232880603]]}}, {"type": "Feature", "properties": {"layer": "vista", "dxf_type": "LINE"}, "geometry": {"type": "LineString", "coordinates": [[-54.98746709456973, -10.23456516417433], [-54.98803118679999, -10.234106128801352]]}}, {"type": "Feature", "properties": {"layer": "vista", "dxf_type": "LINE"}, "geometry": {"type": "LineString", "coordinates": [[-54.988136953746434, -10.234020059805578], [-54.98870104320994, -10.233561022883045]]}}, {"type": "Feature", "properties": {"layer": "vista", "dxf_type": "LINE"}, "geometry": {"type": "LineString", "coordinates": [[-54.98880680980874, -10.233474953597813], [-54.989370898330655, -10.233015915137186]]}}, {"type": "Feature", "properties": {"layer": "vista", "dxf_type": "LINE"}, "geometry": {"type": "LineString", "coordinates": [[-54.98954717538733, -10.232872465519383], [-54.99011126186003, -10.232413425352743]]}}, {"type": "Feature", "properties": {"layer": "vista", "dxf_type": "LINE"}, "geometry": {"type": "LineString", "coordinates": [[-54.99021702773266, -10.232327354554323], [-54.99078111143887, -10.231868312838714]]}}, {"type": "Feature", "properties": {"layer": "vista", "dxf_type": "LINE"}, "geometry": {"type": "LineString", "coordinates": [[-54.990886877870736, -10.231782242660456], [-54.99145095972307, -10.231323199401695]]}}, {"type": "Feature", "properties": {"layer": "vista", "dxf_type": "LINE"}, "geometry": {"type": "LineString", "coordinates": [[-54.98839396171032, -10.235682643740958], [-54.98867600819512, -10.23545312593809]]}}, {"type": "Feature", "properties": {"layer": "vista", "dxf_type": "LINE"}, "geometry": {"type": "LineString", "coordinates": [[-54.9891885928492, -10.236498294034837], [-54.991021892442895, -10.235006416032428]]}}, {"type": "Feature", "properties": {"layer": "vista", "dxf_type": "LINE"}, "geometry": {"type": "LineString", "coordinates": [[-54.991021892442895, -10.235006416032428], [-54.99044259379985, -10.234307994928539]]}}, {"type": "Feature", "properties": {"layer": "vista", "dxf_type": "LINE"}, "geometry": {"type": "LineString", "coordinates": [[-54.9891885928492, -10.236498294034837], [-54.988609296773376, -10.235799870876843]]}}, {"type": "Feature", "properties": {"layer": "vista", "dxf_type": "LINE"}, "geometry": {"type": "LineString", "coordinates": [[-54.99145095972307, -10.231323199401695], [-54.99272541571865, -10.23285971984973]]}}, {"type": "Feature", "properties": {"layer": "vista", "dxf_type": "LINE"}, "geometry": {"type": "LineString", "coordinates": [[-54.990886877870736, -10.231782242660456], [-54.99190064724002, -10.233004476119916]]}}, {"type": "Feature", "properties": {"layer": "vista", "dxf_type": "LINE"}, "geometry": {"type": "LineString", "coordinates": [[-54.99078111143887, -10.231868312838714], [-54.99170798601522, -10.23298578475542]]}}, {"type": "Feature", "properties": {"layer": "vista", "dxf_type": "LINE"}, "geometry": {"type": "LineString", "coordinates": [[-54.99021702773266, -10.232327354554323], [-54.9911439010486, -10.233444827023028]]}}, {"type": "Feature", "properties": {"layer": "vista", "dxf_type": "LINE"}, "geometry": {"type": "LineString", "coordinates": [[-54.99011126186003, -10.232413425352743], [-54.99112502932524, -10.23363566100171]]}}, {"type": "Feature", "properties": {"layer": "vista", "dxf_type": "LINE"}, "geometry": {"type": "LineString", "coordinates": [[-54.98954717538733, -10.232872465519383], [-54.99056094146747, -10.234094702760782]]}}, {"type": "Feature", "properties": {"layer": "vista", "dxf_type": "LINE"}, "geometry": {"type": "LineString", "coordinates": [[-54.99145095972307, -10.231323199401695], [-54.990886877870736, -10.231782242660456]]}}, {"type": "Feature", "properties": {"layer": "vista", "dxf_type": "LINE"}, "geometry": {"type": "LineString", "coordinates": [[-54.99168267861662, -10.231602566638054], [-54.991118595535276, -10.232061610255117]]}}, {"type": "Feature", "properties": {"layer": "vista", "dxf_type": "LINE"}, "geometry": {"type": "LineString", "coordinates": [[-54.99168267861662, -10.231602566638054], [-54.99145095972307, -10.231323199401695]]}}, {"type": "Feature", "properties": {"layer": "vista", "dxf_type": "LINE"}, "geometry": {"type": "LineString", "coordinates": [[-54.9915698613918, -10.231694376003258], [-54.991338143474074, -10.231415008699745]]}}, {"type": "Feature", "properties": {"layer": "vista", "dxf_type": "LINE"}, "geometry": {"type": "LineString", "coordinates": [[-54.99145704502276, -10.231786184418215], [-54.99122532716834, -10.231506817041916]]}}, {"type": "Feature", "properties": {"layer": "vista", "dxf_type": "LINE"}, "geometry": {"type": "LineString", "coordinates": [[-54.99134422858559, -10.231877993685083], [-54.99111251080014, -10.231598625332115]]}}, {"type": "Feature", "properties": {"layer": "vista", "dxf_type": "LINE"}, "geometry": {"type": "LineString", "coordinates": [[-54.99123141209166, -10.231969801996089], [-54.99099969436382, -10.231690434474213]]}}, {"type": "Feature", "properties": {"layer": "vista", "dxf_type": "LINE"}, "geometry": {"type": "LineString", "coordinates": [[-54.99140063681198, -10.231832089058138], [-54.992443374120285, -10.233089242190504]]}}, {"type": "Feature", "properties": {"layer": "vista", "dxf_type": "LINE"}, "geometry": {"type": "LineString", "coordinates": [[-54.99168267861662, -10.231602566638054], [-54.99140063681198, -10.231832089058138]]}}, {"type": "Feature", "properties": {"layer": "vista", "dxf_type": "LINE"}, "geometry": {"type": "LineString", "coordinates": [[-54.99140063681198, -10.231832089058138], [-54.991118595535276, -10.232061610255117]]}}, {"type": "Feature", "properties": {"layer": "vista", "dxf_type": "LINE"}, "geometry": {"type": "LineString", "coordinates": [[-54.99176957284037, -10.231707330228959], [-54.99148753189462, -10.231936851819025]]}}, {"type": "Feature", "properties": {"layer": "vista", "dxf_type": "LINE"}, "geometry": {"type": "LineString", "coordinates": [[-54.99148753189462, -10.231936851819025], [-54.99120548964034, -10.232166373982496]]}}, {"type": "Feature", "properties": {"layer": "vista", "dxf_type": "LINE"}, "geometry": {"type": "LineString", "coordinates": [[-54.99185646712469, -10.231812092902992], [-54.991574426119605, -10.232041614561302]]}}, {"type": "Feature", "properties": {"layer": "vista", "dxf_type": "LINE"}, "geometry": {"type": "LineString", "coordinates": [[-54.991574426119605, -10.232041614561302], [-54.99129238471853, -10.232271136798648]]}}, {"type": "Feature", "properties": {"layer": "vista", "dxf_type": "LINE"}, "geometry": {"type": "LineString", "coordinates": [[-54.991943361463896, -10.231916855564041], [-54.99166132039948, -10.23214637729059]]}}, {"type": "Feature", "properties": {"layer": "vista", "dxf_type": "LINE"}, "geometry": {"type": "LineString", "coordinates": [[-54.99166132039948, -10.23214637729059], [-54.991379278939064, -10.232375899596178]]}}, {"type": "Feature", "properties": {"layer": "vista", "dxf_type": "LINE"}, "geometry": {"type": "LineString", "coordinates": [[-54.992030256770526, -10.23202161821773], [-54.99174821473424, -10.232251140006897]]}}, {"type": "Feature", "properties": {"layer": "vista", "dxf_type": "LINE"}, "geometry": {"type": "LineString", "coordinates": [[-54.99174821473424, -10.232251140006897], [-54.991466173214484, -10.232480662380727]]}}, {"type": "Feature", "properties": {"layer": "vista", "dxf_type": "LINE"}, "geometry": {"type": "LineString", "coordinates": [[-54.9921171512195, -10.232126380852804], [-54.99183511003642, -10.23235590271584]]}}, {"type": "Feature", "properties": {"layer": "vista", "dxf_type": "LINE"}, "geometry": {"type": "LineString", "coordinates": [[-54.99183511003642, -10.23235590271584], [-54.99155306754479, -10.232585425152287]]}}, {"type": "Feature", "properties": {"layer": "vista", "dxf_type": "LINE"}, "geometry": {"type": "LineString", "coordinates": [[-54.99220404572337, -10.232231143474872], [-54.99192200447528, -10.23246066631004]]}}, {"type": "Feature", "properties": {"layer": "vista", "dxf_type": "LINE"}, "geometry": {"type": "LineString", "coordinates": [[-54.99192200447528, -10.23246066631004], [-54.99163996284254, -10.232690187916477]]}}, {"type": "Feature", "properties": {"layer": "vista", "dxf_type": "LINE"}, "geometry": {"type": "LineString", "coordinates": [[-54.99229094119466, -10.232335906089597], [-54.9920088989747, -10.232565428987384]]}}, {"type": "Feature", "properties": {"layer": "vista", "dxf_type": "LINE"}, "geometry": {"type": "LineString", "coordinates": [[-54.9920088989747, -10.232565428987384], [-54.99172685728263, -10.23279495066207]]}}, {"type": "Feature", "properties": {"layer": "vista", "dxf_type": "LINE"}, "geometry": {"type": "LineString", "coordinates": [[-54.99237783580831, -10.232440668685708], [-54.99209579444156, -10.23267019165737]]}}, {"type": "Feature", "properties": {"layer": "vista", "dxf_type": "LINE"}, "geometry": {"type": "LineString", "coordinates": [[-54.99209579444156, -10.23267019165737], [-54.99181375177761, -10.232899713394671]]}}, {"type": "Feature", "properties": {"layer": "vista", "dxf_type": "LINE"}, "geometry": {"type": "LineString", "coordinates": [[-54.99246473047685, -10.232545431268827], [-54.992182689050765, -10.232774954308736]]}}, {"type": "Feature", "properties": {"layer": "vista", "dxf_type": "LINE"}, "geometry": {"type": "LineString", "coordinates": [[-54.992182689050765, -10.232774954308736], [-54.99190064724002, -10.233004476119916]]}}, {"type": "Feature", "properties": {"layer": "vista", "dxf_type": "LINE"}, "geometry": {"type": "LineString", "coordinates": [[-54.99255162610713, -10.232650194748466], [-54.992269583714865, -10.232879716947112]]}}, {"type": "Feature", "properties": {"layer": "vista", "dxf_type": "LINE"}, "geometry": {"type": "LineString", "coordinates": [[-54.99263852088544, -10.232754957305602], [-54.99235647934639, -10.232984479578123]]}}, {"type": "Feature", "properties": {"layer": "vista", "dxf_type": "LINE"}, "geometry": {"type": "LineString", "coordinates": [[-54.99272541571865, -10.23285971984973], [-54.992443374120285, -10.233089242190504]]}}, {"type": "Feature", "properties": {"layer": "vista", "dxf_type": "LINE"}, "geometry": {"type": "LineString", "coordinates": [[-54.99101282995091, -10.232147681411133], [-54.99044874501562, -10.232606723485057]]}}, {"type": "Feature", "properties": {"layer": "vista", "dxf_type": "LINE"}, "geometry": {"type": "LineString", "coordinates": [[-54.99090001327353, -10.23223948956945], [-54.99066829481911, -10.231960121828125]]}}, {"type": "Feature", "properties": {"layer": "vista", "dxf_type": "LINE"}, "geometry": {"type": "LineString", "coordinates": [[-54.99078719653371, -10.232331297675803], [-54.99055547814259, -10.232051929861676]]}}, {"type": "Feature", "properties": {"layer": "vista", "dxf_type": "LINE"}, "geometry": {"type": "LineString", "coordinates": [[-54.990674379725746, -10.232423106634045], [-54.990442661397935, -10.232143738747144]]}}, {"type": "Feature", "properties": {"layer": "vista", "dxf_type": "LINE"}, "geometry": {"type": "LineString", "coordinates": [[-54.99056156194849, -10.232514914630784], [-54.99032984459652, -10.232235546676726]]}}, {"type": "Feature", "properties": {"layer": "vista", "dxf_type": "LINE"}, "geometry": {"type": "LineString", "coordinates": [[-54.99101282995091, -10.232147681411133], [-54.99073078813753, -10.23237720216141]]}}, {"type": "Feature", "properties": {"layer": "vista", "dxf_type": "LINE"}, "geometry": {"type": "LineString", "coordinates": [[-54.99073078813753, -10.23237720216141], [-54.99044874501562, -10.232606723485057]]}}, {"type": "Feature", "properties": {"layer": "vista", "dxf_type": "LINE"}, "geometry": {"type": "LineString", "coordinates": [[-54.991099724039415, -10.232252444260219], [-54.99081768216669, -10.232481965078746]]}}, {"type": "Feature", "properties": {"layer": "vista", "dxf_type": "LINE"}, "geometry": {"type": "LineString", "coordinates": [[-54.99081768216669, -10.232481965078746], [-54.99053563989796, -10.232711486476266]]}}, {"type": "Feature", "properties": {"layer": "vista", "dxf_type": "LINE"}, "geometry": {"type": "LineString", "coordinates": [[-54.99118661818281, -10.232357207096328], [-54.990904576250735, -10.232586727983092]]}}, {"type": "Feature", "properties": {"layer": "vista", "dxf_type": "LINE"}, "geometry": {"type": "LineString", "coordinates": [[-54.990904576250735, -10.232586727983092], [-54.990622533922654, -10.232816249448854]]}}, {"type": "Feature", "properties": {"layer": "vista", "dxf_type": "LINE"}, "geometry": {"type": "LineString", "coordinates": [[-54.99127351329362, -10.232461969925081], [-54.99099147130221, -10.23269149088009]]}}, {"type": "Feature", "properties": {"layer": "vista", "dxf_type": "LINE"}, "geometry": {"type": "LineString", "coordinates": [[-54.99099147130221, -10.23269149088009], [-54.99070942800224, -10.232921012408465]]}}, {"type": "Feature", "properties": {"layer": "vista", "dxf_type": "LINE"}, "geometry": {"type": "LineString", "coordinates": [[-54.99136040754679, -10.23256673273522], [-54.991078365490345, -10.23279625466234]]}}, {"type": "Feature", "properties": {"layer": "vista", "dxf_type": "LINE"}, "geometry": {"type": "LineString", "coordinates": [[-54.991078365490345, -10.23279625466234], [-54.99079632304925, -10.23302577536071]]}}, {"type": "Feature", "properties": {"layer": "vista", "dxf_type": "LINE"}, "geometry": {"type": "LineString", "coordinates": [[-54.991447301854855, -10.232671495532356], [-54.99116525973906, -10.232901017527746]]}}, {"type": "Feature", "properties": {"layer": "vista", "dxf_type": "LINE"}, "geometry": {"type": "LineString", "coordinates": [[-54.99116525973906, -10.232901017527746], [-54.99088321723862, -10.233130538294358]]}}, {"type": "Feature", "properties": {"layer": "vista", "dxf_type": "LINE"}, "geometry": {"type": "LineString", "coordinates": [[-54.99153419713034, -10.232776258322158], [-54.99125215404266, -10.233005780380159]]}}, {"type": "Feature", "properties": {"layer": "vista", "dxf_type": "LINE"}, "geometry": {"type": "LineString", "coordinates": [[-54.99125215404266, -10.233005780380159], [-54.99097011148287, -10.23323530121502]]}}, {"type": "Feature", "properties": {"layer": "vista", "dxf_type": "LINE"}, "geometry": {"type": "LineString", "coordinates": [[-54.991621091548176, -10.23288102109334], [-54.991339049313694, -10.233110543225221]]}}, {"type": "Feature", "properties": {"layer": "vista", "dxf_type": "LINE"}, "geometry": {"type": "LineString", "coordinates": [[-54.991339049313694, -10.233110543225221], [-54.99105700578202, -10.2333400641227]]}}, {"type": "Feature", "properties": {"layer": "vista", "dxf_type": "LINE"}, "geometry": {"type": "LineString", "coordinates": [[-54.99170798601522, -10.23298578475542], [-54.991425943727094, -10.233215306051664]]}}, {"type": "Feature", "properties": {"layer": "vista", "dxf_type": "LINE"}, "geometry": {"type": "LineString", "coordinates": [[-54.991425943727094, -10.233215306051664], [-54.9911439010486, -10.233444827023028]]}}, {"type": "Feature", "properties": {"layer": "vista", "dxf_type": "LINE"}, "geometry": {"type": "LineString", "coordinates": [[-54.99034297908932, -10.232692793447828], [-54.98977889321254, -10.233151833984065]]}}, {"type": "Feature", "properties": {"layer": "vista", "dxf_type": "LINE"}, "geometry": {"type": "LineString", "coordinates": [[-54.990230162041144, -10.232784601297498], [-54.98999844487518, -10.232505233129617]]}}, {"type": "Feature", "properties": {"layer": "vista", "dxf_type": "LINE"}, "geometry": {"type": "LineString", "coordinates": [[-54.99011734492483, -10.23287640999906], [-54.98988562782787, -10.23259704085451]]}}, {"type": "Feature", "properties": {"layer": "vista", "dxf_type": "LINE"}, "geometry": {"type": "LineString", "coordinates": [[-54.99000452775175, -10.232968217744752], [-54.98977280979989, -10.232688849425655]]}}, {"type": "Feature", "properties": {"layer": "vista", "dxf_type": "LINE"}, "geometry": {"type": "LineString", "coordinates": [[-54.98989171051622, -10.233060025438473], [-54.98965999262768, -10.232780657046563]]}}, {"type": "Feature", "properties": {"layer": "vista", "dxf_type": "LINE"}, "geometry": {"type": "LineString", "coordinates": [[-54.99034297908932, -10.232692793447828], [-54.99006093634894, -10.23292231342647]]}}, {"type": "Feature", "properties": {"layer": "vista", "dxf_type": "LINE"}, "geometry": {"type": "LineString", "coordinates": [[-54.99006093634894, -10.23292231342647], [-54.98977889321254, -10.233151833984065]]}}, {"type": "Feature", "properties": {"layer": "vista", "dxf_type": "LINE"}, "geometry": {"type": "LineString", "coordinates": [[-54.9904298739494, -10.232797556464629], [-54.99014783023713, -10.233027076505879]]}}, {"type": "Feature", "properties": {"layer": "vista", "dxf_type": "LINE"}, "geometry": {"type": "LineString", "coordinates": [[-54.99014783023713, -10.233027076505879], [-54.98986578704136, -10.233256597131717]]}}, {"type": "Feature", "properties": {"layer": "vista", "dxf_type": "LINE"}, "geometry": {"type": "LineString", "coordinates": [[-54.99051676795184, -10.232902319462813], [-54.99023472508705, -10.233131840481825]]}}, {"type": "Feature", "properties": {"layer": "vista", "dxf_type": "LINE"}, "geometry": {"type": "LineString", "coordinates": [[-54.99023472508705, -10.233131840481825], [-54.98995268092507, -10.233361360266374]]}}, {"type": "Feature", "properties": {"layer": "vista", "dxf_type": "LINE"}, "geometry": {"type": "LineString", "coordinates": [[-54.990603662009164, -10.233007082447996], [-54.990321619085016, -10.233236603535254]]}}, {"type": "Feature", "properties": {"layer": "vista", "dxf_type": "LINE"}, "geometry": {"type": "LineString", "coordinates": [[-54.990321619085016, -10.233236603535254], [-54.990039575776215, -10.233466123393708]]}}, {"type": "Feature", "properties": {"layer": "vista", "dxf_type": "LINE"}, "geometry": {"type": "LineString", "coordinates": [[-54.99069055612137, -10.233111845420218], [-54.99040851313787, -10.233341366575726]]}}, {"type": "Feature", "properties": {"layer": "vista", "dxf_type": "LINE"}, "geometry": {"type": "LineString", "coordinates": [[-54.99040851313787, -10.233341366575726], [-54.99012646976971, -10.23357088650242]]}}, {"type": "Feature", "properties": {"layer": "vista", "dxf_type": "LINE"}, "geometry": {"type": "LineString", "coordinates": [[-54.990777451201026, -10.23321660838509], [-54.990495407245625, -10.23344612960321]]}}, {"type": "Feature", "properties": {"layer": "vista", "dxf_type": "LINE"}, "geometry": {"type": "LineString", "coordinates": [[-54.990495407245625, -10.23344612960321], [-54.9902133638181, -10.233675649598153]]}}, {"type": "Feature", "properties": {"layer": "vista", "dxf_type": "LINE"}, "geometry": {"type": "LineString", "coordinates": [[-54.990864345417336, -10.23332137223523], [-54.99058230232081, -10.23355089262335]]}}, {"type": "Feature", "properties": {"layer": "vista", "dxf_type": "LINE"}, "geometry": {"type": "LineString", "coordinates": [[-54.99058230232081, -10.23355089262335], [-54.99030025792139, -10.233780412680908]]}}, {"type": "Feature", "properties": {"layer": "vista", "dxf_type": "LINE"}, "geometry": {"type": "LineString", "coordinates": [[-54.99095123969423, -10.233426135168504], [-54.99066919653835, -10.233655655624872]]}}, {"type": "Feature", "properties": {"layer": "vista", "dxf_type": "LINE"}, "geometry": {"type": "LineString", "coordinates": [[-54.99066919653835, -10.233655655624872], [-54.990387152986415, -10.2338851766602]]}}, {"type": "Feature", "properties": {"layer": "vista", "dxf_type": "LINE"}, "geometry": {"type": "LineString", "coordinates": [[-54.99103813493856, -10.233530898094424], [-54.990756090810784, -10.233760418613391]]}}, {"type": "Feature", "properties": {"layer": "vista", "dxf_type": "LINE"}, "geometry": {"type": "LineString", "coordinates": [[-54.990756090810784, -10.233760418613391], [-54.99047404719949, -10.233989939716974]]}}, {"type": "Feature", "properties": {"layer": "vista", "dxf_type": "LINE"}, "geometry": {"type": "LineString", "coordinates": [[-54.99073078813753, -10.23237720216141], [-54.991425943727094, -10.233215306051664]]}}, {"type": "Feature", "properties": {"layer": "vista", "dxf_type": "LINE"}, "geometry": {"type": "LineString", "coordinates": [[-54.99006093634894, -10.23292231342647], [-54.99084298605065, -10.233865181594581]]}}, {"type": "Feature", "properties": {"layer": "vista", "dxf_type": "LINE"}, "geometry": {"type": "LineString", "coordinates": [[-54.99112502932524, -10.23363566100171], [-54.99084298605065, -10.233865181594581]]}}, {"type": "Feature", "properties": {"layer": "vista", "dxf_type": "LINE"}, "geometry": {"type": "LineString", "coordinates": [[-54.99084298605065, -10.233865181594581], [-54.99056094146747, -10.234094702760782]]}}, {"type": "Feature", "properties": {"layer": "vista", "dxf_type": "LINE"}, "geometry": {"type": "LineString", "coordinates": [[-54.992182689050765, -10.232774954308736], [-54.99056094146747, -10.234094702760782]]}}, {"type": "Feature", "properties": {"layer": "vista", "dxf_type": "LINE"}, "geometry": {"type": "LineString", "coordinates": [[-54.99078111143887, -10.231868312838714], [-54.99021702773266, -10.232327354554323]]}}, {"type": "Feature", "properties": {"layer": "vista", "dxf_type": "LINE"}, "geometry": {"type": "LineString", "coordinates": [[-54.99011126186003, -10.232413425352743], [-54.98954717538733, -10.232872465519383]]}}, {"type": "Feature", "properties": {"layer": "vista", "dxf_type": "LINE"}, "geometry": {"type": "LineString", "coordinates": [[-54.988180181359375, -10.23948307450888], [-54.987253306629114, -10.238365592614352]]}}, {"type": "Feature", "properties": {"layer": "vista", "dxf_type": "LINE"}, "geometry": {"type": "LineString", "coordinates": [[-54.987166412728165, -10.238260828697532], [-54.98690573044796, -10.237946535959727]]}}, {"type": "Feature", "properties": {"layer": "vista", "dxf_type": "LINE"}, "geometry": {"type": "LineString", "coordinates": [[-54.98874428196411, -10.239024039484963], [-54.987817405966354, -10.237906559047069]]}}, {"type": "Feature", "properties": {"layer": "vista", "dxf_type": "LINE"}, "geometry": {"type": "LineString", "coordinates": [[-54.988850050651784, -10.238937970555652], [-54.98792317532895, -10.237820490396514]]}}, {"type": "Feature", "properties": {"layer": "vista", "dxf_type": "LINE"}, "geometry": {"type": "LineString", "coordinates": [[-54.98941415031386, -10.238478933993012], [-54.988487272811234, -10.237361455284827]]}}, {"type": "Feature", "properties": {"layer": "vista", "dxf_type": "LINE"}, "geometry": {"type": "LineString", "coordinates": [[-54.9895199186537, -10.23839286477415], [-54.98850614673603, -10.237170621842683]]}}, {"type": "Feature", "properties": {"layer": "vista", "dxf_type": "LINE"}, "geometry": {"type": "LineString", "coordinates": [[-54.99008401646065, -10.23793382666735], [-54.9890702431572, -10.23671158532896]]}}, {"type": "Feature", "properties": {"layer": "vista", "dxf_type": "LINE"}, "geometry": {"type": "LineString", "coordinates": [[-54.990260296418704, -10.237790377160039], [-54.989333417021335, -10.236672899732794]]}}, {"type": "Feature", "properties": {"layer": "vista", "dxf_type": "LINE"}, "geometry": {"type": "LineString", "coordinates": [[-54.99082439126279, -10.237331337341084], [-54.98989751151127, -10.236213861375981]]}}, {"type": "Feature", "properties": {"layer": "vista", "dxf_type": "LINE"}, "geometry": {"type": "LineString", "coordinates": [[-54.99093015978861, -10.23724526661451], [-54.99000327888137, -10.236127791820744]]}}, {"type": "Feature", "properties": {"layer": "vista", "dxf_type": "LINE"}, "geometry": {"type": "LineString", "coordinates": [[-54.991494252777734, -10.23678622525178], [-54.990567370604055, -10.235668751914476]]}}, {"type": "Feature", "properties": {"layer": "vista", "dxf_type": "LINE"}, "geometry": {"type": "LineString", "coordinates": [[-54.99160002003751, -10.236700155134013], [-54.99067313762641, -10.235582682069792]]}}, {"type": "Feature", "properties": {"layer": "vista", "dxf_type": "LINE"}, "geometry": {"type": "LineString", "coordinates": [[-54.9921641120843, -10.236241112233328], [-54.991237228407016, -10.23512364062553]]}}, {"type": "Feature", "properties": {"layer": "vista", "dxf_type": "LINE"}, "geometry": {"type": "LineString", "coordinates": [[-54.992269878996304, -10.236155041826153], [-54.99125610031956, -10.23493280756452]]}}, {"type": "Feature", "properties": {"layer": "vista", "dxf_type": "LINE"}, "geometry": {"type": "LineString", "coordinates": [[-54.99283396827574, -10.235695997376459], [-54.9918201882144, -10.234473764707706]]}}, {"type": "Feature", "properties": {"layer": "vista", "dxf_type": "LINE"}, "geometry": {"type": "LineString", "coordinates": [[-54.99293973575252, -10.235609926685544], [-54.99201285033461, -10.234492457080268]]}}, {"type": "Feature", "properties": {"layer": "vista", "dxf_type": "LINE"}, "geometry": {"type": "LineString", "coordinates": [[-54.99350382317724, -10.235150880692622], [-54.99257693649367, -10.234033412543676]]}}, {"type": "Feature", "properties": {"layer": "vista", "dxf_type": "LINE"}, "geometry": {"type": "LineString", "coordinates": [[-54.993609589399405, -10.235064808802859], [-54.99259580743461, -10.233842578324285]]}}, {"type": "Feature", "properties": {"layer": "vista", "dxf_type": "LINE"}, "geometry": {"type": "LineString", "coordinates": [[-54.99417367587635, -10.234605762176423], [-54.99289920646229, -10.233069244904666]]}}, {"type": "Feature", "properties": {"layer": "vista", "dxf_type": "LINE"}, "geometry": {"type": "LineString", "coordinates": [[-54.988180181359375, -10.23948307450888], [-54.98874428196411, -10.239024039484963]]}}, {"type": "Feature", "properties": {"layer": "vista", "dxf_type": "LINE"}, "geometry": {"type": "LineString", "coordinates": [[-54.98794846163326, -10.239203704396857], [-54.9885125628337, -10.238744669742763]]}}, {"type": "Feature", "properties": {"layer": "vista", "dxf_type": "LINE"}, "geometry": {"type": "LineString", "coordinates": [[-54.98794846163326, -10.239203704396857], [-54.988180181359375, -10.23948307450888]]}}, {"type": "Feature", "properties": {"layer": "vista", "dxf_type": "LINE"}, "geometry": {"type": "LineString", "coordinates": [[-54.988061281819235, -10.239111897026614], [-54.988293001603026, -10.239391267969701]]}}, {"type": "Feature", "properties": {"layer": "vista", "dxf_type": "LINE"}, "geometry": {"type": "LineString", "coordinates": [[-54.98817410284958, -10.239020090513893], [-54.98840582178988, -10.2392994604746]]}}, {"type": "Feature", "properties": {"layer": "vista", "dxf_type": "LINE"}, "geometry": {"type": "LineString", "coordinates": [[-54.98828692290488, -10.238928283943501], [-54.988518641908556, -10.239207653831372]]}}, {"type": "Feature", "properties": {"layer": "vista", "dxf_type": "LINE"}, "geometry": {"type": "LineString", "coordinates": [[-54.988399742903376, -10.238836476417202], [-54.98863146196472, -10.239115847136121]]}}, {"type": "Feature", "properties": {"layer": "vista", "dxf_type": "LINE"}, "geometry": {"type": "LineString", "coordinates": [[-54.98823051288789, -10.238974186783265], [-54.98753535649584, -10.238136075541346]]}}, {"type": "Feature", "properties": {"layer": "vista", "dxf_type": "LINE"}, "geometry": {"type": "LineString", "coordinates": [[-54.987448462535475, -10.238031311692804], [-54.987187780071295, -10.237717020063696]]}}, {"type": "Feature", "properties": {"layer": "vista", "dxf_type": "LINE"}, "geometry": {"type": "LineString", "coordinates": [[-54.98794846163326, -10.239203704396857], [-54.98823051288789, -10.238974186783265]]}}, {"type": "Feature", "properties": {"layer": "vista", "dxf_type": "LINE"}, "geometry": {"type": "LineString", "coordinates": [[-54.98823051288789, -10.238974186783265], [-54.9885125628337, -10.238744669742763]]}}, {"type": "Feature", "properties": {"layer": "vista", "dxf_type": "LINE"}, "geometry": {"type": "LineString", "coordinates": [[-54.98786156729294, -10.239098940583865], [-54.988143617575595, -10.238869423032913]]}}, {"type": "Feature", "properties": {"layer": "vista", "dxf_type": "LINE"}, "geometry": {"type": "LineString", "coordinates": [[-54.988143617575595, -10.238869423032913], [-54.98842566837455, -10.238639906066334]]}}, {"type": "Feature", "properties": {"layer": "vista", "dxf_type": "LINE"}, "geometry": {"type": "LineString", "coordinates": [[-54.98777467300755, -10.238994176757892], [-54.98805672323079, -10.238764659275223]]}}, {"type": "Feature", "properties": {"layer": "vista", "dxf_type": "LINE"}, "geometry": {"type": "LineString", "coordinates": [[-54.98805672323079, -10.238764659275223], [-54.98833877305778, -10.238535142371282]]}}, {"type": "Feature", "properties": {"layer": "vista", "dxf_type": "LINE"}, "geometry": {"type": "LineString", "coordinates": [[-54.98768777787022, -10.238889412009414], [-54.9879698289409, -10.23865989550455]]}}, {"type": "Feature", "properties": {"layer": "vista", "dxf_type": "LINE"}, "geometry": {"type": "LineString", "coordinates": [[-54.9879698289409, -10.23865989550455], [-54.988251878708475, -10.238430378668891]]}}, {"type": "Feature", "properties": {"layer": "vista", "dxf_type": "LINE"}, "geometry": {"type": "LineString", "coordinates": [[-54.98760088369467, -10.238784648157482], [-54.98788293379338, -10.238555131715254]]}}, {"type": "Feature", "properties": {"layer": "vista", "dxf_type": "LINE"}, "geometry": {"type": "LineString", "coordinates": [[-54.98788293379338, -10.238555131715254], [-54.9881649844198, -10.238325614049634]]}}, {"type": "Feature", "properties": {"layer": "vista", "dxf_type": "LINE"}, "geometry": {"type": "LineString", "coordinates": [[-54.98751398957403, -10.238679884292571], [-54.98779603961333, -10.238450367918638]]}}, {"type": "Feature", "properties": {"layer": "vista", "dxf_type": "LINE"}, "geometry": {"type": "LineString", "coordinates": [[-54.98779603961333, -10.238450367918638], [-54.98807808926778, -10.238220850315649]]}}, {"type": "Feature", "properties": {"layer": "vista", "dxf_type": "LINE"}, "geometry": {"type": "LineString", "coordinates": [[-54.98742709550833, -10.2385751204147], [-54.9877091454882, -10.238345604109028]]}}, {"type": "Feature", "properties": {"layer": "vista", "dxf_type": "LINE"}, "geometry": {"type": "LineString", "coordinates": [[-54.9877091454882, -10.238345604109028], [-54.98799119508324, -10.238116086574317]]}}, {"type": "Feature", "properties": {"layer": "vista", "dxf_type": "LINE"}, "geometry": {"type": "LineString", "coordinates": [[-54.98734020058498, -10.23847035651819], [-54.98762225141799, -10.238240840286439]]}}, {"type": "Feature", "properties": {"layer": "vista", "dxf_type": "LINE"}, "geometry": {"type": "LineString", "coordinates": [[-54.98762225141799, -10.238240840286439], [-54.987904300953616, -10.238011322820002]]}}, {"type": "Feature", "properties": {"layer": "vista", "dxf_type": "LINE"}, "geometry": {"type": "LineString", "coordinates": [[-54.987253306629114, -10.238365592614352], [-54.98753535649584, -10.238136075541346]]}}, {"type": "Feature", "properties": {"layer": "vista", "dxf_type": "LINE"}, "geometry": {"type": "LineString", "coordinates": [[-54.98753535649584, -10.238136075541346], [-54.987817405966354, -10.237906559047069]]}}, {"type": "Feature", "properties": {"layer": "vista", "dxf_type": "LINE"}, "geometry": {"type": "LineString", "coordinates": [[-54.987166412728165, -10.238260828697532], [-54.987448462535475, -10.238031311692804]]}}, {"type": "Feature", "properties": {"layer": "vista", "dxf_type": "LINE"}, "geometry": {"type": "LineString", "coordinates": [[-54.987448462535475, -10.238031311692804], [-54.98773051194656, -10.2378017952668]]}}, {"type": "Feature", "properties": {"layer": "vista", "dxf_type": "LINE"}, "geometry": {"type": "LineString", "coordinates": [[-54.987079517969576, -10.238156064762093], [-54.987361568630014, -10.237926547831284]]}}, {"type": "Feature", "properties": {"layer": "vista", "dxf_type": "LINE"}, "geometry": {"type": "LineString", "coordinates": [[-54.98699262417846, -10.238051300819347], [-54.98727467386692, -10.237821783951164]]}}, {"type": "Feature", "properties": {"layer": "vista", "dxf_type": "LINE"}, "geometry": {"type": "LineString", "coordinates": [[-54.98690573044796, -10.237946535959727], [-54.987187780071295, -10.237717020063696]]}}, {"type": "Feature", "properties": {"layer": "vista", "dxf_type": "LINE"}, "geometry": {"type": "LineString", "coordinates": [[-54.98861833146197, -10.238658600881731], [-54.98918243080726, -10.238199564683265]]}}, {"type": "Feature", "properties": {"layer": "vista", "dxf_type": "LINE"}, "geometry": {"type": "LineString", "coordinates": [[-54.988731151276916, -10.238566793202622], [-54.988962871442645, -10.238846162809347]]}}, {"type": "Feature", "properties": {"layer": "vista", "dxf_type": "LINE"}, "geometry": {"type": "LineString", "coordinates": [[-54.98884397102367, -10.238474986375374], [-54.989075691252765, -10.23875435590926]]}}, {"type": "Feature", "properties": {"layer": "vista", "dxf_type": "LINE"}, "geometry": {"type": "LineString", "coordinates": [[-54.98895679071363, -10.238383178592207], [-54.989188511000386, -10.238662548957162]]}}, {"type": "Feature", "properties": {"layer": "vista", "dxf_type": "LINE"}, "geometry": {"type": "LineString", "coordinates": [[-54.98906961033541, -10.238291371660925], [-54.98930133069122, -10.238570741049147]]}}, {"type": "Feature", "properties": {"layer": "vista", "dxf_type": "LINE"}, "geometry": {"type": "LineString", "coordinates": [[-54.98861833146197, -10.238658600881731], [-54.988900380876466, -10.238429082490294]]}}, {"type": "Feature", "properties": {"layer": "vista", "dxf_type": "LINE"}, "geometry": {"type": "LineString", "coordinates": [[-54.988900380876466, -10.238429082490294], [-54.98918243080726, -10.238199564683265]]}}, {"type": "Feature", "properties": {"layer": "vista", "dxf_type": "LINE"}, "geometry": {"type": "LineString", "coordinates": [[-54.98853143698625, -10.23855383632703], [-54.988813486335644, -10.238324318907747]]}}, {"type": "Feature", "properties": {"layer": "vista", "dxf_type": "LINE"}, "geometry": {"type": "LineString", "coordinates": [[-54.988813486335644, -10.238324318907747], [-54.98909553529449, -10.238094801163363]]}}, {"type": "Feature", "properties": {"layer": "vista", "dxf_type": "LINE"}, "geometry": {"type": "LineString", "coordinates": [[-54.9884445416472, -10.238449072657579], [-54.98872659184974, -10.23821955531222]]}}, {"type": "Feature", "properties": {"layer": "vista", "dxf_type": "LINE"}, "geometry": {"type": "LineString", "coordinates": [[-54.98872659184974, -10.23821955531222], [-54.98900864075489, -10.23799003673223]]}}, {"type": "Feature", "properties": {"layer": "vista", "dxf_type": "LINE"}, "geometry": {"type": "LineString", "coordinates": [[-54.98835764727562, -10.238344308980789], [-54.988639696506205, -10.238114791698088]]}}, {"type": "Feature", "properties": {"layer": "vista", "dxf_type": "LINE"}, "geometry": {"type": "LineString", "coordinates": [[-54.988639696506205, -10.238114791698088], [-54.9889217462645, -10.237885273192013]]}}, {"type": "Feature", "properties": {"layer": "vista", "dxf_type": "LINE"}, "geometry": {"type": "LineString", "coordinates": [[-54.98827075295896, -10.238239545291039], [-54.988552802130144, -10.238010028076596]]}}, {"type": "Feature", "properties": {"layer": "vista", "dxf_type": "LINE"}, "geometry": {"type": "LineString", "coordinates": [[-54.988552802130144, -10.238010028076596], [-54.98883485091649, -10.237780509633158]]}}, {"type": "Feature", "properties": {"layer": "vista", "dxf_type": "LINE"}, "geometry": {"type": "LineString", "coordinates": [[-54.98818385778467, -10.238134781582646], [-54.988465907808994, -10.237905264442123]]}}, {"type": "Feature", "properties": {"layer": "vista", "dxf_type": "LINE"}, "geometry": {"type": "LineString", "coordinates": [[-54.988465907808994, -10.237905264442123], [-54.98874795653594, -10.237675746066957]]}}, {"type": "Feature", "properties": {"layer": "vista", "dxf_type": "LINE"}, "geometry": {"type": "LineString", "coordinates": [[-54.988096963577846, -10.238030017866913], [-54.98837901263591, -10.23780049988514]]}}, {"type": "Feature", "properties": {"layer": "vista", "dxf_type": "LINE"}, "geometry": {"type": "LineString", "coordinates": [[-54.98837901263591, -10.23780049988514], [-54.988661062210305, -10.237570982487776]]}}, {"type": "Feature", "properties": {"layer": "vista", "dxf_type": "LINE"}, "geometry": {"type": "LineString", "coordinates": [[-54.98801006942594, -10.2379252541382], [-54.988292118424596, -10.237695736224705]]}}, {"type": "Feature", "properties": {"layer": "vista", "dxf_type": "LINE"}, "geometry": {"type": "LineString", "coordinates": [[-54.988292118424596, -10.237695736224705], [-54.98857416702704, -10.23746621888997]]}}, {"type": "Feature", "properties": {"layer": "vista", "dxf_type": "LINE"}, "geometry": {"type": "LineString", "coordinates": [[-54.98792317532895, -10.237820490396514], [-54.9882052242682, -10.237590972551287]]}}, {"type": "Feature", "properties": {"layer": "vista", "dxf_type": "LINE"}, "geometry": {"type": "LineString", "coordinates": [[-54.9882052242682, -10.237590972551287], [-54.988487272811234, -10.237361455284827]]}}, {"type": "Feature", "properties": {"layer": "vista", "dxf_type": "LINE"}, "geometry": {"type": "LineString", "coordinates": [[-54.9892881990934, -10.2381134946288], [-54.98985229567107, -10.237654456880502]]}}, {"type": "Feature", "properties": {"layer": "vista", "dxf_type": "LINE"}, "geometry": {"type": "LineString", "coordinates": [[-54.98940101853163, -10.23802168754472], [-54.98963273816097, -10.238301056713356]]}}, {"type": "Feature", "properties": {"layer": "vista", "dxf_type": "LINE"}, "geometry": {"type": "LineString", "coordinates": [[-54.98951383790737, -10.23792988040863], [-54.98974555760005, -10.238209249504434]]}}, {"type": "Feature", "properties": {"layer": "vista", "dxf_type": "LINE"}, "geometry": {"type": "LineString", "coordinates": [[-54.98962665722632, -10.237838072316642], [-54.98985837698235, -10.238117441339615]]}}, {"type": "Feature", "properties": {"layer": "vista", "dxf_type": "LINE"}, "geometry": {"type": "LineString", "coordinates": [[-54.98973947647709, -10.237746265076527], [-54.989971197209016, -10.238025634032306]]}}, {"type": "Feature", "properties": {"layer": "vista", "dxf_type": "LINE"}, "geometry": {"type": "LineString", "coordinates": [[-54.9892881990934, -10.2381134946288], [-54.989570247574655, -10.23788397636913]]}}, {"type": "Feature", "properties": {"layer": "vista", "dxf_type": "LINE"}, "geometry": {"type": "LineString", "coordinates": [[-54.989570247574655, -10.23788397636913], [-54.98985229567107, -10.237654456880502]]}}, {"type": "Feature", "properties": {"layer": "vista", "dxf_type": "LINE"}, "geometry": {"type": "LineString", "coordinates": [[-54.98920130355836, -10.2380087311345], [-54.98948335289277, -10.237779212948766]]}}, {"type": "Feature", "properties": {"layer": "vista", "dxf_type": "LINE"}, "geometry": {"type": "LineString", "coordinates": [[-54.98948335289277, -10.237779212948766], [-54.989765400929805, -10.237549693528416]]}}, {"type": "Feature", "properties": {"layer": "vista", "dxf_type": "LINE"}, "geometry": {"type": "LineString", "coordinates": [[-54.98911440899078, -10.237903967632873], [-54.98939645735325, -10.23767444950976]]}}, {"type": "Feature", "properties": {"layer": "vista", "dxf_type": "LINE"}, "geometry": {"type": "LineString", "coordinates": [[-54.98939645735325, -10.23767444950976], [-54.98967850624345, -10.237444930163328]]}}, {"type": "Feature", "properties": {"layer": "vista", "dxf_type": "LINE"}, "geometry": {"type": "LineString", "coordinates": [[-54.989027514478124, -10.237799204118245], [-54.9893095627812, -10.237569686063408]]}}, {"type": "Feature", "properties": {"layer": "vista", "dxf_type": "LINE"}, "geometry": {"type": "LineString", "coordinates": [[-54.9893095627812, -10.237569686063408], [-54.98959161069947, -10.23734016677961]]}}, {"type": "Feature", "properties": {"layer": "vista", "dxf_type": "LINE"}, "geometry": {"type": "LineString", "coordinates": [[-54.98894061910784, -10.237694440584987], [-54.98922266826977, -10.237464921700187]]}}, {"type": "Feature", "properties": {"layer": "vista", "dxf_type": "LINE"}, "geometry": {"type": "LineString", "coordinates": [[-54.98922266826977, -10.237464921700187], [-54.98950471612295, -10.23723540338855]]}}, {"type": "Feature", "properties": {"layer": "vista", "dxf_type": "LINE"}, "geometry": {"type": "LineString", "coordinates": [[-54.98885372470502, -10.237589677044394], [-54.989135772895004, -10.237360158222224]]}}, {"type": "Feature", "properties": {"layer": "vista", "dxf_type": "LINE"}, "geometry": {"type": "LineString", "coordinates": [[-54.989135772895004, -10.237360158222224], [-54.98941782160134, -10.237130639984498]]}}, {"type": "Feature", "properties": {"layer": "vista", "dxf_type": "LINE"}, "geometry": {"type": "LineString", "coordinates": [[-54.988766830357115, -10.237484913490816], [-54.98904887848771, -10.237255394736914]]}}, {"type": "Feature", "properties": {"layer": "vista", "dxf_type": "LINE"}, "geometry": {"type": "LineString", "coordinates": [[-54.98904887848771, -10.237255394736914], [-54.9893309262221, -10.237025876561823]]}}, {"type": "Feature", "properties": {"layer": "vista", "dxf_type": "LINE"}, "geometry": {"type": "LineString", "coordinates": [[-54.988679936064116, -10.237380149924256], [-54.988961984135315, -10.237150631238647]]}}, {"type": "Feature", "properties": {"layer": "vista", "dxf_type": "LINE"}, "geometry": {"type": "LineString", "coordinates": [[-54.988961984135315, -10.237150631238647], [-54.98924403181033, -10.236921113131826]]}}, {"type": "Feature", "properties": {"layer": "vista", "dxf_type": "LINE"}, "geometry": {"type": "LineString", "coordinates": [[-54.98859304091919, -10.237275385435204], [-54.98887508983785, -10.237045867727376]]}}, {"type": "Feature", "properties": {"layer": "vista", "dxf_type": "LINE"}, "geometry": {"type": "LineString", "coordinates": [[-54.98887508983785, -10.237045867727376], [-54.98915713745346, -10.236816349688825]]}}, {"type": "Feature", "properties": {"layer": "vista", "dxf_type": "LINE"}, "geometry": {"type": "LineString", "coordinates": [[-54.99002857553017, -10.23751100748699], [-54.990592670970145, -10.237051968037823]]}}, {"type": "Feature", "properties": {"layer": "vista", "dxf_type": "LINE"}, "geometry": {"type": "LineString", "coordinates": [[-54.99014139547089, -10.237419200067231], [-54.99037311551591, -10.237698568757914]]}}, {"type": "Feature", "properties": {"layer": "vista", "dxf_type": "LINE"}, "geometry": {"type": "LineString", "coordinates": [[-54.990254214442274, -10.23732739168595], [-54.99048593454493, -10.237606761207683]]}}, {"type": "Feature", "properties": {"layer": "vista", "dxf_type": "LINE"}, "geometry": {"type": "LineString", "coordinates": [[-54.990367033345485, -10.237235584156542], [-54.99059875351716, -10.237514952701565]]}}, {"type": "Feature", "properties": {"layer": "vista", "dxf_type": "LINE"}, "geometry": {"type": "LineString", "coordinates": [[-54.99047985218621, -10.237143776575133], [-54.99071157242122, -10.237423145047325]]}}, {"type": "Feature", "properties": {"layer": "vista", "dxf_type": "LINE"}, "geometry": {"type": "LineString", "coordinates": [[-54.99002857553017, -10.23751100748699], [-54.99031062389885, -10.237281488379681]]}}, {"type": "Feature", "properties": {"layer": "vista", "dxf_type": "LINE"}, "geometry": {"type": "LineString", "coordinates": [[-54.99031062389885, -10.237281488379681], [-54.990592670970145, -10.237051968037823]]}}, {"type": "Feature", "properties": {"layer": "vista", "dxf_type": "LINE"}, "geometry": {"type": "LineString", "coordinates": [[-54.989941680751784, -10.237406244177562], [-54.990223728148536, -10.237176725132906]]}}, {"type": "Feature", "properties": {"layer": "vista", "dxf_type": "LINE"}, "geometry": {"type": "LineString", "coordinates": [[-54.990223728148536, -10.237176725132906], [-54.99050577607302, -10.236947204864961]]}}, {"type": "Feature", "properties": {"layer": "vista", "dxf_type": "LINE"}, "geometry": {"type": "LineString", "coordinates": [[-54.989854786028324, -10.237301480855157], [-54.99013683336569, -10.23707196187876]]}}, {"type": "Feature", "properties": {"layer": "vista", "dxf_type": "LINE"}, "geometry": {"type": "LineString", "coordinates": [[-54.99013683336569, -10.23707196187876], [-54.99041888031826, -10.236842441673451]]}}, {"type": "Feature", "properties": {"layer": "vista", "dxf_type": "LINE"}, "geometry": {"type": "LineString", "coordinates": [[-54.989767890447226, -10.237196717514113], [-54.99004993864346, -10.236967197707747]]}}, {"type": "Feature", "properties": {"layer": "vista", "dxf_type": "LINE"}, "geometry": {"type": "LineString", "coordinates": [[-54.99004993864346, -10.236967197707747], [-54.99033198553096, -10.236737678474595]]}}, {"type": "Feature", "properties": {"layer": "vista", "dxf_type": "LINE"}, "geometry": {"type": "LineString", "coordinates": [[-54.989680995833595, -10.237091954165725], [-54.9899630430579, -10.236862434421992]]}}, {"type": "Feature", "properties": {"layer": "vista", "dxf_type": "LINE"}, "geometry": {"type": "LineString", "coordinates": [[-54.9899630430579, -10.236862434421992], [-54.99024509079857, -10.236632915262748]]}}, {"type": "Feature", "properties": {"layer": "vista", "dxf_type": "LINE"}, "geometry": {"type": "LineString", "coordinates": [[-54.989594101274875, -10.236987190804342], [-54.9898761484398, -10.236757671128887]]}}, {"type": "Feature", "properties": {"layer": "vista", "dxf_type": "LINE"}, "geometry": {"type": "LineString", "coordinates": [[-54.9898761484398, -10.236757671128887], [-54.99015819520854, -10.236528152032276]]}}, {"type": "Feature", "properties": {"layer": "vista", "dxf_type": "LINE"}, "geometry": {"type": "LineString", "coordinates": [[-54.989507206771066, -10.23688242742998], [-54.98978925387661, -10.236652907822792]]}}, {"type": "Feature", "properties": {"layer": "vista", "dxf_type": "LINE"}, "geometry": {"type": "LineString", "coordinates": [[-54.98978925387661, -10.236652907822792], [-54.990071300585974, -10.236423388794469]]}}, {"type": "Feature", "properties": {"layer": "vista", "dxf_type": "LINE"}, "geometry": {"type": "LineString", "coordinates": [[-54.989420311409624, -10.236777664037009], [-54.98970235936833, -10.23654814450373]]}}, {"type": "Feature", "properties": {"layer": "vista", "dxf_type": "LINE"}, "geometry": {"type": "LineString", "coordinates": [[-54.98970235936833, -10.23654814450373], [-54.98998440601832, -10.23631862554366]]}}, {"type": "Feature", "properties": {"layer": "vista", "dxf_type": "LINE"}, "geometry": {"type": "LineString", "coordinates": [[-54.9891885928492, -10.236498294034837], [-54.991021892442895, -10.235006416032428]]}}, {"type": "Feature", "properties": {"layer": "vista", "dxf_type": "LINE"}, "geometry": {"type": "LineString", "coordinates": [[-54.98961546400241, -10.236443381166028], [-54.98989751151127, -10.236213861375981]]}}, {"type": "Feature", "properties": {"layer": "vista", "dxf_type": "LINE"}, "geometry": {"type": "LineString", "coordinates": [[-54.99069843851836, -10.23696589827779], [-54.99126253210344, -10.23650685728483]]}}, {"type": "Feature", "properties": {"layer": "vista", "dxf_type": "LINE"}, "geometry": {"type": "LineString", "coordinates": [[-54.99081125717555, -10.236874090543608], [-54.99104297850912, -10.23715345880752]]}}, {"type": "Feature", "properties": {"layer": "vista", "dxf_type": "LINE"}, "geometry": {"type": "LineString", "coordinates": [[-54.99092407577595, -10.236782281853557], [-54.99115579716715, -10.237061650948522]]}}, {"type": "Feature", "properties": {"layer": "vista", "dxf_type": "LINE"}, "geometry": {"type": "LineString", "coordinates": [[-54.99103689430818, -10.236690474015397], [-54.99126861576839, -10.236969842133636]]}}, {"type": "Feature", "properties": {"layer": "vista", "dxf_type": "LINE"}, "geometry": {"type": "LineString", "coordinates": [[-54.99114971369617, -10.236598665226987], [-54.99138143430146, -10.236878034170648]]}}, {"type": "Feature", "properties": {"layer": "vista", "dxf_type": "LINE"}, "geometry": {"type": "LineString", "coordinates": [[-54.99069843851836, -10.23696589827779], [-54.99098048504703, -10.236736378392926]]}}, {"type": "Feature", "properties": {"layer": "vista", "dxf_type": "LINE"}, "geometry": {"type": "LineString", "coordinates": [[-54.99098048504703, -10.236736378392926], [-54.99126253210344, -10.23650685728483]]}}, {"type": "Feature", "properties": {"layer": "vista", "dxf_type": "LINE"}, "geometry": {"type": "LineString", "coordinates": [[-54.990611543598966, -10.236861135130512], [-54.990893590073966, -10.236631614410046]]}}, {"type": "Feature", "properties": {"layer": "vista", "dxf_type": "LINE"}, "geometry": {"type": "LineString", "coordinates": [[-54.990893590073966, -10.236631614410046], [-54.991175636152775, -10.236402094268469]]}}, {"type": "Feature", "properties": {"layer": "vista", "dxf_type": "LINE"}, "geometry": {"type": "LineString", "coordinates": [[-54.99052464782194, -10.23675637196461], [-54.99080669515013, -10.236526851318049]]}}, {"type": "Feature", "properties": {"layer": "vista", "dxf_type": "LINE"}, "geometry": {"type": "LineString", "coordinates": [[-54.99080669515013, -10.236526851318049], [-54.99108874116958, -10.236297331244748]]}}, {"type": "Feature", "properties": {"layer": "vista", "dxf_type": "LINE"}, "geometry": {"type": "LineString", "coordinates": [[-54.99043775301238, -10.236651608791353], [-54.99071979936864, -10.236422088207432]]}}, {"type": "Feature", "properties": {"layer": "vista", "dxf_type": "LINE"}, "geometry": {"type": "LineString", "coordinates": [[-54.99071979936864, -10.236422088207432], [-54.99100184624128, -10.236192568208034]]}}, {"type": "Feature", "properties": {"layer": "vista", "dxf_type": "LINE"}, "geometry": {"type": "LineString", "coordinates": [[-54.99035085825773, -10.236546845605107], [-54.99063290455462, -10.236317325089457]]}}, {"type": "Feature", "properties": {"layer": "vista", "dxf_type": "LINE"}, "geometry": {"type": "LineString", "coordinates": [[-54.99063290455462, -10.236317325089457], [-54.990914950455355, -10.236087805152694]]}}, {"type": "Feature", "properties": {"layer": "vista", "dxf_type": "LINE"}, "geometry": {"type": "LineString", "coordinates": [[-54.99026396356368, -10.236442081501991], [-54.990546009795516, -10.236212561958508]]}}, {"type": "Feature", "properties": {"layer": "vista", "dxf_type": "LINE"}, "geometry": {"type": "LineString", "coordinates": [[-54.990546009795516, -10.236212561958508], [-54.99082805563688, -10.235983042090016]]}}, {"type": "Feature", "properties": {"layer": "vista", "dxf_type": "LINE"}, "geometry": {"type": "LineString", "coordinates": [[-54.9901770680063, -10.236337318284148], [-54.99045911509131, -10.236107798814555]]}}, {"type": "Feature", "properties": {"layer": "vista", "dxf_type": "LINE"}, "geometry": {"type": "LineString", "coordinates": [[-54.99045911509131, -10.236107798814555], [-54.990741160879004, -10.235878278110448]]}}, {"type": "Feature", "properties": {"layer": "vista", "dxf_type": "LINE"}, "geometry": {"type": "LineString", "coordinates": [[-54.990090173416384, -10.236232555058942], [-54.990372219529476, -10.236003035651978]]}}, {"type": "Feature", "properties": {"layer": "vista", "dxf_type": "LINE"}, "geometry": {"type": "LineString", "coordinates": [[-54.990372219529476, -10.236003035651978], [-54.990654266170345, -10.235773515021775]]}}, {"type": "Feature", "properties": {"layer": "vista", "dxf_type": "LINE"}, "geometry": {"type": "LineString", "coordinates": [[-54.99000327888137, -10.236127791820744], [-54.990285324935094, -10.235898272482048]]}}, {"type": "Feature", "properties": {"layer": "vista", "dxf_type": "LINE"}, "geometry": {"type": "LineString", "coordinates": [[-54.990285324935094, -10.235898272482048], [-54.990567370604055, -10.235668751914476]]}}, {"type": "Feature", "properties": {"layer": "vista", "dxf_type": "LINE"}, "geometry": {"type": "LineString", "coordinates": [[-54.99136829930388, -10.236420787235337], [-54.99193239012159, -10.23596174469315]]}}, {"type": "Feature", "properties": {"layer": "vista", "dxf_type": "LINE"}, "geometry": {"type": "LineString", "coordinates": [[-54.99148111759579, -10.23632897828856], [-54.991712838387045, -10.236608347018288]]}}, {"type": "Feature", "properties": {"layer": "vista", "dxf_type": "LINE"}, "geometry": {"type": "LineString", "coordinates": [[-54.99159393581953, -10.236237170193666], [-54.99182565667979, -10.236516537946692]]}}, {"type": "Feature", "properties": {"layer": "vista", "dxf_type": "LINE"}, "geometry": {"type": "LineString", "coordinates": [[-54.99170675398079, -10.236145362046768], [-54.9919384758169, -10.236424729732615]]}}, {"type": "Feature", "properties": {"layer": "vista", "dxf_type": "LINE"}, "geometry": {"type": "LineString", "coordinates": [[-54.99181957208528, -10.23605355294401], [-54.992051293979, -10.2363329214609]]}}, {"type": "Feature", "properties": {"layer": "vista", "dxf_type": "LINE"}, "geometry": {"type": "LineString", "coordinates": [[-54.99136829930388, -10.236420787235337], [-54.991650344910816, -10.236191265674776]]}}, {"type": "Feature", "properties": {"layer": "vista", "dxf_type": "LINE"}, "geometry": {"type": "LineString", "coordinates": [[-54.991650344910816, -10.236191265674776], [-54.99193239012159, -10.23596174469315]]}}, {"type": "Feature", "properties": {"layer": "vista", "dxf_type": "LINE"}, "geometry": {"type": "LineString", "coordinates": [[-54.99128140333095, -10.236316024244578], [-54.99156344979109, -10.23608650275792]]}}, {"type": "Feature", "properties": {"layer": "vista", "dxf_type": "LINE"}, "geometry": {"type": "LineString", "coordinates": [[-54.99156344979109, -10.23608650275792], [-54.99184549494252, -10.235856981844563]]}}, {"type": "Feature", "properties": {"layer": "vista", "dxf_type": "LINE"}, "geometry": {"type": "LineString", "coordinates": [[-54.991194508325485, -10.236211261246462], [-54.991476553813726, -10.235981739822439]]}}, {"type": "Feature", "properties": {"layer": "vista", "dxf_type": "LINE"}, "geometry": {"type": "LineString", "coordinates": [[-54.991476553813726, -10.235981739822439], [-54.991758599818354, -10.23575221898299]]}}, {"type": "Feature", "properties": {"layer": "vista", "dxf_type": "LINE"}, "geometry": {"type": "LineString", "coordinates": [[-54.99110761338063, -10.236106497331463], [-54.99138965880382, -10.235876976879617]]}}, {"type": "Feature", "properties": {"layer": "vista", "dxf_type": "LINE"}, "geometry": {"type": "LineString", "coordinates": [[-54.99138965880382, -10.235876976879617], [-54.991671703836545, -10.2356474561028]]}}, {"type": "Feature", "properties": {"layer": "vista", "dxf_type": "LINE"}, "geometry": {"type": "LineString", "coordinates": [[-54.99102071848498, -10.236001734307377], [-54.99130276384882, -10.23577221392378]]}}, {"type": "Feature", "properties": {"layer": "vista", "dxf_type": "LINE"}, "geometry": {"type": "LineString", "coordinates": [[-54.99130276384882, -10.23577221392378], [-54.991584808827895, -10.235542692311347]]}}, {"type": "Feature", "properties": {"layer": "vista", "dxf_type": "LINE"}, "geometry": {"type": "LineString", "coordinates": [[-54.990933822731705, -10.235896971264648], [-54.99121586894873, -10.235667450954953]]}}, {"type": "Feature", "properties": {"layer": "vista", "dxf_type": "LINE"}, "geometry": {"type": "LineString", "coordinates": [[-54.99121586894873, -10.235667450954953], [-54.99149791386845, -10.23543792941079]]}}, {"type": "Feature", "properties": {"layer": "vista", "dxf_type": "LINE"}, "geometry": {"type": "LineString", "coordinates": [[-54.99084692794588, -10.235792208214564], [-54.991128973191, -10.235562687967503]]}}, {"type": "Feature", "properties": {"layer": "vista", "dxf_type": "LINE"}, "geometry": {"type": "LineString", "coordinates": [[-54.991128973191, -10.235562687967503], [-54.991411018963916, -10.235333166497242]]}}, {"type": "Feature", "properties": {"layer": "vista", "dxf_type": "LINE"}, "geometry": {"type": "LineString", "coordinates": [[-54.99076003321496, -10.23568744515149], [-54.99104207840073, -10.235457924972696]]}}, {"type": "Feature", "properties": {"layer": "vista", "dxf_type": "LINE"}, "geometry": {"type": "LineString", "coordinates": [[-54.99104207840073, -10.235457924972696], [-54.991324123201736, -10.235228403565062]]}}, {"type": "Feature", "properties": {"layer": "vista", "dxf_type": "LINE"}, "geometry": {"type": "LineString", "coordinates": [[-54.99067313762641, -10.235582682069792], [-54.990955183671055, -10.235353161061013]]}}, {"type": "Feature", "properties": {"layer": "vista", "dxf_type": "LINE"}, "geometry": {"type": "LineString", "coordinates": [[-54.990955183671055, -10.235353161061013], [-54.991237228407016, -10.23512364062553]]}}, {"type": "Feature", "properties": {"layer": "vista", "dxf_type": "LINE"}, "geometry": {"type": "LineString", "coordinates": [[-54.988900380876466, -10.238429082490294], [-54.9882052242682, -10.237590972551287]]}}, {"type": "Feature", "properties": {"layer": "vista", "dxf_type": "LINE"}, "geometry": {"type": "LineString", "coordinates": [[-54.989570247574655, -10.23788397636913], [-54.98878819468273, -10.236941104197479]]}}, {"type": "Feature", "properties": {"layer": "vista", "dxf_type": "LINE"}, "geometry": {"type": "LineString", "coordinates": [[-54.99031062389885, -10.237281488379681], [-54.98961546400241, -10.236443381166028]]}}, {"type": "Feature", "properties": {"layer": "vista", "dxf_type": "LINE"}, "geometry": {"type": "LineString", "coordinates": [[-54.99098048504703, -10.236736378392926], [-54.990285324935094, -10.235898272482048]]}}, {"type": "Feature", "properties": {"layer": "vista", "dxf_type": "LINE"}, "geometry": {"type": "LineString", "coordinates": [[-54.991650344910816, -10.236191265674776], [-54.990955183671055, -10.235353161061013]]}}, {"type": "Feature", "properties": {"layer": "vista", "dxf_type": "LINE"}, "geometry": {"type": "LineString", "coordinates": [[-54.98850614673603, -10.237170621842683], [-54.98878819468273, -10.236941104197479]]}}, {"type": "Feature", "properties": {"layer": "vista", "dxf_type": "LINE"}, "geometry": {"type": "LineString", "coordinates": [[-54.98878819468273, -10.236941104197479], [-54.9890702431572, -10.23671158532896]]}}, {"type": "Feature", "properties": {"layer": "vista", "dxf_type": "LINE"}, "geometry": {"type": "LineString", "coordinates": [[-54.987448462535475, -10.238031311692804], [-54.9890702431572, -10.23671158532896]]}}, {"type": "Feature", "properties": {"layer": "vista", "dxf_type": "LINE"}, "geometry": {"type": "LineString", "coordinates": [[-54.988850050651784, -10.238937970555652], [-54.98941415031386, -10.238478933993012]]}}, {"type": "Feature", "properties": {"layer": "vista", "dxf_type": "LINE"}, "geometry": {"type": "LineString", "coordinates": [[-54.9895199186537, -10.23839286477415], [-54.99008401646065, -10.23793382666735]]}}, {"type": "Feature", "properties": {"layer": "vista", "dxf_type": "LINE"}, "geometry": {"type": "LineString", "coordinates": [[-54.990260296418704, -10.237790377160039], [-54.99082439126279, -10.237331337341084]]}}, {"type": "Feature", "properties": {"layer": "vista", "dxf_type": "LINE"}, "geometry": {"type": "LineString", "coordinates": [[-54.99093015978861, -10.23724526661451], [-54.991494252777734, -10.23678622525178]]}}, {"type": "Feature", "properties": {"layer": "vista", "dxf_type": "LINE"}, "geometry": {"type": "LineString", "coordinates": [[-54.99160002003751, -10.236700155134013], [-54.9921641120843, -10.236241112233328]]}}, {"type": "Feature", "properties": {"layer": "vista", "dxf_type": "LINE"}, "geometry": {"type": "LineString", "coordinates": [[-54.992269878996304, -10.236155041826153], [-54.99283396827574, -10.235695997376459]]}}, {"type": "Feature", "properties": {"layer": "vista", "dxf_type": "LINE"}, "geometry": {"type": "LineString", "coordinates": [[-54.99293973575252, -10.235609926685544], [-54.99350382317724, -10.235150880692622]]}}, {"type": "Feature", "properties": {"layer": "vista", "dxf_type": "LINE"}, "geometry": {"type": "LineString", "coordinates": [[-54.993609589399405, -10.235064808802859], [-54.99417367587635, -10.234605762176423]]}}, {"type": "Feature", "properties": {"layer": "vista", "dxf_type": "LINE"}, "geometry": {"type": "LineString", "coordinates": [[-54.989333417021335, -10.236672899732794], [-54.98961546400241, -10.236443381166028]]}}, {"type": "Feature", "properties": {"layer": "vista", "dxf_type": "LINE"}, "geometry": {"type": "LineString", "coordinates": [[-54.99417367587635, -10.234605762176423], [-54.99289920646229, -10.233069244904666]]}}, {"type": "Feature", "properties": {"layer": "vista", "dxf_type": "LINE"}, "geometry": {"type": "LineString", "coordinates": [[-54.993609589399405, -10.235064808802859], [-54.99259580743461, -10.233842578324285]]}}, {"type": "Feature", "properties": {"layer": "vista", "dxf_type": "LINE"}, "geometry": {"type": "LineString", "coordinates": [[-54.99350382317724, -10.235150880692622], [-54.99257693649367, -10.234033412543676]]}}, {"type": "Feature", "properties": {"layer": "vista", "dxf_type": "LINE"}, "geometry": {"type": "LineString", "coordinates": [[-54.99293973575252, -10.235609926685544], [-54.99201285033461, -10.234492457080268]]}}, {"type": "Feature", "properties": {"layer": "vista", "dxf_type": "LINE"}, "geometry": {"type": "LineString", "coordinates": [[-54.99283396827574, -10.235695997376459], [-54.9918201882144, -10.234473764707706]]}}, {"type": "Feature", "properties": {"layer": "vista", "dxf_type": "LINE"}, "geometry": {"type": "LineString", "coordinates": [[-54.992269878996304, -10.236155041826153], [-54.99125610031956, -10.23493280756452]]}}, {"type": "Feature", "properties": {"layer": "vista", "dxf_type": "LINE"}, "geometry": {"type": "LineString", "coordinates": [[-54.99417367587635, -10.234605762176423], [-54.993609589399405, -10.235064808802859]]}}, {"type": "Feature", "properties": {"layer": "vista", "dxf_type": "LINE"}, "geometry": {"type": "LineString", "coordinates": [[-54.99394195279215, -10.234326395029491], [-54.9933778675384, -10.234785442201344]]}}, {"type": "Feature", "properties": {"layer": "vista", "dxf_type": "LINE"}, "geometry": {"type": "LineString", "coordinates": [[-54.99394195279215, -10.234326395029491], [-54.99417367587635, -10.234605762176423]]}}, {"type": "Feature", "properties": {"layer": "vista", "dxf_type": "LINE"}, "geometry": {"type": "LineString", "coordinates": [[-54.99382913586293, -10.234418205110137], [-54.99406085888954, -10.234697571426]]}}, {"type": "Feature", "properties": {"layer": "vista", "dxf_type": "LINE"}, "geometry": {"type": "LineString", "coordinates": [[-54.99371631887692, -10.23451001423492], [-54.99394804184027, -10.23478938062362]]}}, {"type": "Feature", "properties": {"layer": "vista", "dxf_type": "LINE"}, "geometry": {"type": "LineString", "coordinates": [[-54.993603501828446, -10.234601823307736], [-54.9938352238103, -10.234881190667513]]}}, {"type": "Feature", "properties": {"layer": "vista", "dxf_type": "LINE"}, "geometry": {"type": "LineString", "coordinates": [[-54.99349068471182, -10.234693633232474], [-54.99372240663609, -10.23497299976117]]}}, {"type": "Feature", "properties": {"layer": "vista", "dxf_type": "LINE"}, "geometry": {"type": "LineString", "coordinates": [[-54.99365991035765, -10.234555919229775], [-54.99261716383273, -10.233298767376317]]}}, {"type": "Feature", "properties": {"layer": "vista", "dxf_type": "LINE"}, "geometry": {"type": "LineString", "coordinates": [[-54.99394195279215, -10.234326395029491], [-54.99365991035765, -10.234555919229775]]}}, {"type": "Feature", "properties": {"layer": "vista", "dxf_type": "LINE"}, "geometry": {"type": "LineString", "coordinates": [[-54.99365991035765, -10.234555919229775], [-54.9933778675384, -10.234785442201344]]}}, {"type": "Feature", "properties": {"layer": "vista", "dxf_type": "LINE"}, "geometry": {"type": "LineString", "coordinates": [[-54.99385505719038, -10.234221632667321], [-54.99357301481518, -10.234451156799338]]}}, {"type": "Feature", "properties": {"layer": "vista", "dxf_type": "LINE"}, "geometry": {"type": "LineString", "coordinates": [[-54.99357301481518, -10.234451156799338], [-54.99329097114271, -10.234680679697012]]}}, {"type": "Feature", "properties": {"layer": "vista", "dxf_type": "LINE"}, "geometry": {"type": "LineString", "coordinates": [[-54.9937681616435, -10.234116870292143], [-54.99348611842076, -10.234346393446387]]}}, {"type": "Feature", "properties": {"layer": "vista", "dxf_type": "LINE"}, "geometry": {"type": "LineString", "coordinates": [[-54.99348611842076, -10.234346393446387], [-54.993204075714466, -10.234575917185305]]}}, {"type": "Feature", "properties": {"layer": "vista", "dxf_type": "LINE"}, "geometry": {"type": "LineString", "coordinates": [[-54.99368126523899, -10.234012107898355], [-54.9933992229881, -10.234241630989944]]}}, {"type": "Feature", "properties": {"layer": "vista", "dxf_type": "LINE"}, "geometry": {"type": "LineString", "coordinates": [[-54.9933992229881, -10.234241630989944], [-54.99311718034112, -10.234471154660602]]}}, {"type": "Feature", "properties": {"layer": "vista", "dxf_type": "LINE"}, "geometry": {"type": "LineString", "coordinates": [[-54.99359436980192, -10.233907345497174], [-54.99331232761035, -10.234136868520515]]}}, {"type": "Feature", "properties": {"layer": "vista", "dxf_type": "LINE"}, "geometry": {"type": "LineString", "coordinates": [[-54.99331232761035, -10.234136868520515], [-54.99303028502269, -10.234366392122913]]}}, {"type": "Feature", "properties": {"layer": "vista", "dxf_type": "LINE"}, "geometry": {"type": "LineString", "coordinates": [[-54.99350747441975, -10.233802583082998], [-54.993225432287495, -10.234032106038075]]}}, {"type": "Feature", "properties": {"layer": "vista", "dxf_type": "LINE"}, "geometry": {"type": "LineString", "coordinates": [[-54.993225432287495, -10.234032106038075], [-54.99294338884661, -10.234261629566582]]}}, {"type": "Feature", "properties": {"layer": "vista", "dxf_type": "LINE"}, "geometry": {"type": "LineString", "coordinates": [[-54.99342057909248, -10.233697820655816], [-54.99313853610699, -10.23392734353701]]}}, {"type": "Feature", "properties": {"layer": "vista", "dxf_type": "LINE"}, "geometry": {"type": "LineString", "coordinates": [[-54.99313853610699, -10.23392734353701], [-54.99285649363797, -10.234156867002879]]}}, {"type": "Feature", "properties": {"layer": "vista", "dxf_type": "LINE"}, "geometry": {"type": "LineString", "coordinates": [[-54.993333682913246, -10.233593057306127], [-54.99305164089394, -10.233822581028571]]}}, {"type": "Feature", "properties": {"layer": "vista", "dxf_type": "LINE"}, "geometry": {"type": "LineString", "coordinates": [[-54.99305164089394, -10.233822581028571], [-54.99276959848993, -10.234052103522298]]}}, {"type": "Feature", "properties": {"layer": "vista", "dxf_type": "LINE"}, "geometry": {"type": "LineString", "coordinates": [[-54.99324678769577, -10.233488294852949], [-54.99296474573578, -10.233717818507136]]}}, {"type": "Feature", "properties": {"layer": "vista", "dxf_type": "LINE"}, "geometry": {"type": "LineString", "coordinates": [[-54.99296474573578, -10.233717818507136], [-54.99268270247855, -10.233947340926973]]}}, {"type": "Feature", "properties": {"layer": "vista", "dxf_type": "LINE"}, "geometry": {"type": "LineString", "coordinates": [[-54.993159892533185, -10.233383532386792], [-54.99287784971998, -10.233613055967094]]}}, {"type": "Feature", "properties": {"layer": "vista", "dxf_type": "LINE"}, "geometry": {"type": "LineString", "coordinates": [[-54.99287784971998, -10.233613055967094], [-54.99259580743461, -10.233842578324285]]}}, {"type": "Feature", "properties": {"layer": "vista", "dxf_type": "LINE"}, "geometry": {"type": "LineString", "coordinates": [[-54.99307299651297, -10.233278769901997], [-54.99279095467162, -10.233508293419666]]}}, {"type": "Feature", "properties": {"layer": "vista", "dxf_type": "LINE"}, "geometry": {"type": "LineString", "coordinates": [[-54.99298610146019, -10.233174007409827], [-54.992704059678154, -10.233403530859245]]}}, {"type": "Feature", "properties": {"layer": "vista", "dxf_type": "LINE"}, "geometry": {"type": "LineString", "coordinates": [[-54.99289920646229, -10.233069244904666], [-54.99261716383273, -10.233298767376317]]}}, {"type": "Feature", "properties": {"layer": "vista", "dxf_type": "LINE"}, "geometry": {"type": "LineString", "coordinates": [[-54.99327210138124, -10.234871513118952], [-54.99270801336037, -10.235330558742126]]}}, {"type": "Feature", "properties": {"layer": "vista", "dxf_type": "LINE"}, "geometry": {"type": "LineString", "coordinates": [[-54.99315928408111, -10.234963322891], [-54.99339100581952, -10.235242689633601]]}}, {"type": "Feature", "properties": {"layer": "vista", "dxf_type": "LINE"}, "geometry": {"type": "LineString", "coordinates": [[-54.99304646581164, -10.235055131701559], [-54.993278188399316, -10.23533449852261]]}}, {"type": "Feature", "properties": {"layer": "vista", "dxf_type": "LINE"}, "geometry": {"type": "LineString", "coordinates": [[-54.99293364838656, -10.235146941369651], [-54.993165370910965, -10.235426308263524]]}}, {"type": "Feature", "properties": {"layer": "vista", "dxf_type": "LINE"}, "geometry": {"type": "LineString", "coordinates": [[-54.992820830904705, -10.235238750081876], [-54.99305255336583, -10.235518117048588]]}}, {"type": "Feature", "properties": {"layer": "vista", "dxf_type": "LINE"}, "geometry": {"type": "LineString", "coordinates": [[-54.99327210138124, -10.234871513118952], [-54.99299005710691, -10.23510103654211]]}}, {"type": "Feature", "properties": {"layer": "vista", "dxf_type": "LINE"}, "geometry": {"type": "LineString", "coordinates": [[-54.99299005710691, -10.23510103654211], [-54.99270801336037, -10.235330558742126]]}}, {"type": "Feature", "properties": {"layer": "vista", "dxf_type": "LINE"}, "geometry": {"type": "LineString", "coordinates": [[-54.993185205007784, -10.234766750589017], [-54.992903161705335, -10.234996273949537]]}}, {"type": "Feature", "properties": {"layer": "vista", "dxf_type": "LINE"}, "geometry": {"type": "LineString", "coordinates": [[-54.992903161705335, -10.234996273949537], [-54.992621118018114, -10.2352257960813]]}}, {"type": "Feature", "properties": {"layer": "vista", "dxf_type": "LINE"}, "geometry": {"type": "LineString", "coordinates": [[-54.99309830960179, -10.23466198805171], [-54.99281626635866, -10.234891511343966]]}}, {"type": "Feature", "properties": {"layer": "vista", "dxf_type": "LINE"}, "geometry": {"type": "LineString", "coordinates": [[-54.99281626635866, -10.234891511343966], [-54.992534221818225, -10.235121033401834]]}}, {"type": "Feature", "properties": {"layer": "vista", "dxf_type": "LINE"}, "geometry": {"type": "LineString", "coordinates": [[-54.993011414250695, -10.234557225501407], [-54.99272937015434, -10.234786748719763]]}}, {"type": "Feature", "properties": {"layer": "vista", "dxf_type": "LINE"}, "geometry": {"type": "LineString", "coordinates": [[-54.99272937015434, -10.234786748719763], [-54.99244732658579, -10.235016270714995]]}}, {"type": "Feature", "properties": {"layer": "vista", "dxf_type": "LINE"}, "geometry": {"type": "LineString", "coordinates": [[-54.99292451804196, -10.234452462932476], [-54.99264247492316, -10.234681985184313]]}}, {"type": "Feature", "properties": {"layer": "vista", "dxf_type": "LINE"}, "geometry": {"type": "LineString", "coordinates": [[-54.99264247492316, -10.234681985184313], [-54.99236043140825, -10.234911508015164]]}}, {"type": "Feature", "properties": {"layer": "vista", "dxf_type": "LINE"}, "geometry": {"type": "LineString", "coordinates": [[-54.99283762280067, -10.234347700356189], [-54.9925555797412, -10.234577222539748]]}}, {"type": "Feature", "properties": {"layer": "vista", "dxf_type": "LINE"}, "geometry": {"type": "LineString", "coordinates": [[-54.9925555797412, -10.234577222539748], [-54.99227353628562, -10.234806745302336]]}}, {"type": "Feature", "properties": {"layer": "vista", "dxf_type": "LINE"}, "geometry": {"type": "LineString", "coordinates": [[-54.992750727614286, -10.23424293776689], [-54.99246868461414, -10.2344724598822]]}}, {"type": "Feature", "properties": {"layer": "vista", "dxf_type": "LINE"}, "geometry": {"type": "LineString", "coordinates": [[-54.99246868461414, -10.2344724598822], [-54.99218664030535, -10.234701982570899]]}}, {"type": "Feature", "properties": {"layer": "vista", "dxf_type": "LINE"}, "geometry": {"type": "LineString", "coordinates": [[-54.9926638324828, -10.234138175164595], [-54.99238178862944, -10.234367697206016]]}}, {"type": "Feature", "properties": {"layer": "vista", "dxf_type": "LINE"}, "geometry": {"type": "LineString", "coordinates": [[-54.99238178862944, -10.234367697206016], [-54.99209974529253, -10.23459721983208]]}}, {"type": "Feature", "properties": {"layer": "vista", "dxf_type": "LINE"}, "geometry": {"type": "LineString", "coordinates": [[-54.99257693649367, -10.234033412543676], [-54.99229489361218, -10.23426293452247]]}}, {"type": "Feature", "properties": {"layer": "vista", "dxf_type": "LINE"}, "geometry": {"type": "LineString", "coordinates": [[-54.99229489361218, -10.23426293452247], [-54.99201285033461, -10.234492457080268]]}}, {"type": "Feature", "properties": {"layer": "vista", "dxf_type": "LINE"}, "geometry": {"type": "LineString", "coordinates": [[-54.99260224684978, -10.235416630274282], [-54.99203815697425, -10.235875674354249]]}}, {"type": "Feature", "properties": {"layer": "vista", "dxf_type": "LINE"}, "geometry": {"type": "LineString", "coordinates": [[-54.9924894291844, -10.23550843883383], [-54.99272115054708, -10.235787806008812]]}}, {"type": "Feature", "properties": {"layer": "vista", "dxf_type": "LINE"}, "geometry": {"type": "LineString", "coordinates": [[-54.99237661145656, -10.235600247341377], [-54.99260833275026, -10.235879615493069]]}}, {"type": "Feature", "properties": {"layer": "vista", "dxf_type": "LINE"}, "geometry": {"type": "LineString", "coordinates": [[-54.99226379366055, -10.235692056700826], [-54.992495514896646, -10.235971424021455]]}}, {"type": "Feature", "properties": {"layer": "vista", "dxf_type": "LINE"}, "geometry": {"type": "LineString", "coordinates": [[-54.99215097580775, -10.235783865104406], [-54.992382696980556, -10.236063232497855]]}}, {"type": "Feature", "properties": {"layer": "vista", "dxf_type": "LINE"}, "geometry": {"type": "LineString", "coordinates": [[-54.99260224684978, -10.235416630274282], [-54.99232020256636, -10.235646152027593]]}}, {"type": "Feature", "properties": {"layer": "vista", "dxf_type": "LINE"}, "geometry": {"type": "LineString", "coordinates": [[-54.99232020256636, -10.235646152027593], [-54.99203815697425, -10.235875674354249]]}}, {"type": "Feature", "properties": {"layer": "vista", "dxf_type": "LINE"}, "geometry": {"type": "LineString", "coordinates": [[-54.992515351529775, -10.235311867587855], [-54.992233306393146, -10.235541389267249]]}}, {"type": "Feature", "properties": {"layer": "vista", "dxf_type": "LINE"}, "geometry": {"type": "LineString", "coordinates": [[-54.992233306393146, -10.235541389267249], [-54.99195126177861, -10.235770910627384]]}}, {"type": "Feature", "properties": {"layer": "vista", "dxf_type": "LINE"}, "geometry": {"type": "LineString", "coordinates": [[-54.99242845535782, -10.235207103978901], [-54.99214641118739, -10.235436626499558]]}}, {"type": "Feature", "properties": {"layer": "vista", "dxf_type": "LINE"}, "geometry": {"type": "LineString", "coordinates": [[-54.99214641118739, -10.235436626499558], [-54.99186436663219, -10.235666147791424]]}}, {"type": "Feature", "properties": {"layer": "vista", "dxf_type": "LINE"}, "geometry": {"type": "LineString", "coordinates": [[-54.99234156014763, -10.235102341266469], [-54.99205951603654, -10.235331863718853]]}}, {"type": "Feature", "properties": {"layer": "vista", "dxf_type": "LINE"}, "geometry": {"type": "LineString", "coordinates": [[-54.99205951603654, -10.235331863718853], [-54.991777471540686, -10.235561384942454]]}}, {"type": "Feature", "properties": {"layer": "vista", "dxf_type": "LINE"}, "geometry": {"type": "LineString", "coordinates": [[-54.992254664992345, -10.234997578541034], [-54.991972620028044, -10.235227100919527]]}}, {"type": "Feature", "properties": {"layer": "vista", "dxf_type": "LINE"}, "geometry": {"type": "LineString", "coordinates": [[-54.991972620028044, -10.235227100919527], [-54.991690575591534, -10.235456622074853]]}}, {"type": "Feature", "properties": {"layer": "vista", "dxf_type": "LINE"}, "geometry": {"type": "LineString", "coordinates": [[-54.99216776897942, -10.234892815796975], [-54.99188572498701, -10.235122338112832]]}}, {"type": "Feature", "properties": {"layer": "vista", "dxf_type": "LINE"}, "geometry": {"type": "LineString", "coordinates": [[-54.99188572498701, -10.235122338112832], [-54.99160368060984, -10.235351859199895]]}}, {"type": "Feature", "properties": {"layer": "vista", "dxf_type": "LINE"}, "geometry": {"type": "LineString", "coordinates": [[-54.99208087393394, -10.234788053045552], [-54.99179883000656, -10.235017574389262]]}}, {"type": "Feature", "properties": {"layer": "vista", "dxf_type": "LINE"}, "geometry": {"type": "LineString", "coordinates": [[-54.99179883000656, -10.235017574389262], [-54.991516785683054, -10.235247096311943]]}}, {"type": "Feature", "properties": {"layer": "vista", "dxf_type": "LINE"}, "geometry": {"type": "LineString", "coordinates": [[-54.99199397894337, -10.234683290281152], [-54.99171193507533, -10.234912811556582]]}}, {"type": "Feature", "properties": {"layer": "vista", "dxf_type": "LINE"}, "geometry": {"type": "LineString", "coordinates": [[-54.99171193507533, -10.234912811556582], [-54.99142988989862, -10.235142333405367]]}}, {"type": "Feature", "properties": {"layer": "vista", "dxf_type": "LINE"}, "geometry": {"type": "LineString", "coordinates": [[-54.9919070840077, -10.234578527503743], [-54.991625039286454, -10.234808048705295]]}}, {"type": "Feature", "properties": {"layer": "vista", "dxf_type": "LINE"}, "geometry": {"type": "LineString", "coordinates": [[-54.991625039286454, -10.234808048705295], [-54.99134299508164, -10.23503757049145]]}}, {"type": "Feature", "properties": {"layer": "vista", "dxf_type": "LINE"}, "geometry": {"type": "LineString", "coordinates": [[-54.99299005710691, -10.23510103654211], [-54.99229489361218, -10.23426293452247]]}}, {"type": "Feature", "properties": {"layer": "vista", "dxf_type": "LINE"}, "geometry": {"type": "LineString", "coordinates": [[-54.99232020256636, -10.235646152027593], [-54.99153814446503, -10.23470328584663]]}}, {"type": "Feature", "properties": {"layer": "vista", "dxf_type": "LINE"}, "geometry": {"type": "LineString", "coordinates": [[-54.9918201882144, -10.234473764707706], [-54.99153814446503, -10.23470328584663]]}}, {"type": "Feature", "properties": {"layer": "vista", "dxf_type": "LINE"}, "geometry": {"type": "LineString", "coordinates": [[-54.99153814446503, -10.23470328584663], [-54.99125610031956, -10.23493280756452]]}}, {"type": "Feature", "properties": {"layer": "vista", "dxf_type": "LINE"}, "geometry": {"type": "LineString", "coordinates": [[-54.99287784971998, -10.233613055967094], [-54.99125610031956, -10.23493280756452]]}}, {"type": "Feature", "properties": {"layer": "vista", "dxf_type": "LINE"}, "geometry": {"type": "LineString", "coordinates": [[-54.99350382317724, -10.235150880692622], [-54.99293973575252, -10.235609926685544]]}}, {"type": "Feature", "properties": {"layer": "vista", "dxf_type": "LINE"}, "geometry": {"type": "LineString", "coordinates": [[-54.99283396827574, -10.235695997376459], [-54.992269878996304, -10.236155041826153]]}}, {"type": "Feature", "properties": {"layer": "vista", "dxf_type": "LINE"}, "geometry": {"type": "LineString", "coordinates": [[-54.99056094146747, -10.234094702760782], [-54.99125610031956, -10.23493280756452]]}}, {"type": "Feature", "properties": {"layer": "vista", "dxf_type": "LINE"}, "geometry": {"type": "LineString", "coordinates": [[-54.98673194222775, -10.237737008003688], [-54.98690573044796, -10.237946535959727]]}}, {"type": "Feature", "properties": {"layer": "vista", "dxf_type": "LINE"}, "geometry": {"type": "LineString", "coordinates": [[-54.99272541571865, -10.23285971984973], [-54.99289920646229, -10.233069244904666]]}}, {"type": "Feature", "properties": {"layer": "vista", "dxf_type": "LINE"}, "geometry": {"type": "LineString", "coordinates": [[-54.98890060296762, -10.240376870930337], [-54.988321302231924, -10.23967844528888]]}}, {"type": "Feature", "properties": {"layer": "vista", "dxf_type": "LINE"}, "geometry": {"type": "LineString", "coordinates": [[-54.988321302231924, -10.23967844528888], [-54.98853284114822, -10.239506306894272]]}}, {"type": "Feature", "properties": {"layer": "vista", "dxf_type": "LINE"}, "geometry": {"type": "LineString", "coordinates": [[-54.98878333794759, -10.239284715357801], [-54.98899487637038, -10.239112576561316]]}}, {"type": "Feature", "properties": {"layer": "vista", "dxf_type": "LINE"}, "geometry": {"type": "LineString", "coordinates": [[-54.9891121412684, -10.240204732188628], [-54.98853284114822, -10.239506306894272]]}}, {"type": "Feature", "properties": {"layer": "vista", "dxf_type": "LINE"}, "geometry": {"type": "LineString", "coordinates": [[-54.989362639313036, -10.23998313934417], [-54.98878333794759, -10.239284715357801]]}}, {"type": "Feature", "properties": {"layer": "vista", "dxf_type": "LINE"}, "geometry": {"type": "LineString", "coordinates": [[-54.98957417711456, -10.23981100110446], [-54.98899487637038, -10.239112576561316]]}}, {"type": "Feature", "properties": {"layer": "vista", "dxf_type": "LINE"}, "geometry": {"type": "LineString", "coordinates": [[-54.988379232287464, -10.239748287789167], [-54.98859077031521, -10.239576150258657]]}}, {"type": "Feature", "properties": {"layer": "vista", "dxf_type": "LINE"}, "geometry": {"type": "LineString", "coordinates": [[-54.988841268065535, -10.239354557782985], [-54.98905280560547, -10.2391824189467]]}}, {"type": "Feature", "properties": {"layer": "vista", "dxf_type": "LINE"}, "geometry": {"type": "LineString", "coordinates": [[-54.98843716236741, -10.2398181302837], [-54.98864870042486, -10.239645992719042]]}}, {"type": "Feature", "properties": {"layer": "vista", "dxf_type": "LINE"}, "geometry": {"type": "LineString", "coordinates": [[-54.98889919820789, -10.239424400202381], [-54.98911073577752, -10.239252261331968]]}}, {"type": "Feature", "properties": {"layer": "vista", "dxf_type": "LINE"}, "geometry": {"type": "LineString", "coordinates": [[-54.98849509247177, -10.239887972772443], [-54.98870663055893, -10.239715835173639]]}}, {"type": "Feature", "properties": {"layer": "vista", "dxf_type": "LINE"}, "geometry": {"type": "LineString", "coordinates": [[-54.98895712837466, -10.23949424261602], [-54.98916866597399, -10.239322103711448]]}}, {"type": "Feature", "properties": {"layer": "vista", "dxf_type": "LINE"}, "geometry": {"type": "LineString", "coordinates": [[-54.98855302260054, -10.239957815255435], [-54.98876456071741, -10.239785677622486]]}}, {"type": "Feature", "properties": {"layer": "vista", "dxf_type": "LINE"}, "geometry": {"type": "LineString", "coordinates": [[-54.98901505856584, -10.239564085023874], [-54.989226596194875, -10.23939194608517]]}}, {"type": "Feature", "properties": {"layer": "vista", "dxf_type": "LINE"}, "geometry": {"type": "LineString", "coordinates": [[-54.98861095275373, -10.240027657732632], [-54.988822490900304, -10.239855520065559]]}}, {"type": "Feature", "properties": {"layer": "vista", "dxf_type": "LINE"}, "geometry": {"type": "LineString", "coordinates": [[-54.98907298878143, -10.239633927425967], [-54.989284526440166, -10.239461788453104]]}}, {"type": "Feature", "properties": {"layer": "vista", "dxf_type": "LINE"}, "geometry": {"type": "LineString", "coordinates": [[-54.98866888292564, -10.240097501107957], [-54.9888804211076, -10.239925362502838]]}}, {"type": "Feature", "properties": {"layer": "vista", "dxf_type": "LINE"}, "geometry": {"type": "LineString", "coordinates": [[-54.989130919021434, -10.23970376982227], [-54.98934245670987, -10.239531630815282]]}}, {"type": "Feature", "properties": {"layer": "vista", "dxf_type": "LINE"}, "geometry": {"type": "LineString", "coordinates": [[-54.9887268122151, -10.240167343567974], [-54.98893835133933, -10.239995204934363]]}}, {"type": "Feature", "properties": {"layer": "vista", "dxf_type": "LINE"}, "geometry": {"type": "LineString", "coordinates": [[-54.9891888483733, -10.239773612207177], [-54.98940038700399, -10.239601473171666]]}}, {"type": "Feature", "properties": {"layer": "vista", "dxf_type": "LINE"}, "geometry": {"type": "LineString", "coordinates": [[-54.988784742441524, -10.240237186027874], [-54.9889962806829, -10.240065047354458]]}}, {"type": "Feature", "properties": {"layer": "vista", "dxf_type": "LINE"}, "geometry": {"type": "LineString", "coordinates": [[-54.989246778662135, -10.239843454591954], [-54.98945831731682, -10.23967131642618]]}}, {"type": "Feature", "properties": {"layer": "vista", "dxf_type": "LINE"}, "geometry": {"type": "LineString", "coordinates": [[-54.988842672692364, -10.240307028481984], [-54.98905421096344, -10.240134889774442]]}}, {"type": "Feature", "properties": {"layer": "vista", "dxf_type": "LINE"}, "geometry": {"type": "LineString", "coordinates": [[-54.989304708975375, -10.239913296970943], [-54.98951624674721, -10.239741158765378]]}}, {"type": "Feature", "properties": {"layer": "vista", "dxf_type": "LINE"}, "geometry": {"type": "LineString", "coordinates": [[-54.98890060296762, -10.240376870930337], [-54.9891121412684, -10.240204732188628]]}}, {"type": "Feature", "properties": {"layer": "vista", "dxf_type": "LINE"}, "geometry": {"type": "LineString", "coordinates": [[-54.989362639313036, -10.23998313934417], [-54.98957417711456, -10.23981100110446]]}}, {"type": "Feature", "properties": {"layer": "vista", "dxf_type": "LINE"}, "geometry": {"type": "LineString", "coordinates": [[-54.989856228094965, -10.239581481967509], [-54.98927692603657, -10.238883058777864]]}}, {"type": "Feature", "properties": {"layer": "vista", "dxf_type": "LINE"}, "geometry": {"type": "LineString", "coordinates": [[-54.98927692603657, -10.238883058777864], [-54.98948846303417, -10.238710919549005]]}}, {"type": "Feature", "properties": {"layer": "vista", "dxf_type": "LINE"}, "geometry": {"type": "LineString", "coordinates": [[-54.98962948757718, -10.238596159961503], [-54.989841024202946, -10.238424021331774]]}}, {"type": "Feature", "properties": {"layer": "vista", "dxf_type": "LINE"}, "geometry": {"type": "LineString", "coordinates": [[-54.99042032705315, -10.239122443610913], [-54.989841024202946, -10.238424021331774]]}}, {"type": "Feature", "properties": {"layer": "vista", "dxf_type": "LINE"}, "geometry": {"type": "LineString", "coordinates": [[-54.98933485622381, -10.238952901123367], [-54.98954639325112, -10.238780761860365]]}}, {"type": "Feature", "properties": {"layer": "vista", "dxf_type": "LINE"}, "geometry": {"type": "LineString", "coordinates": [[-54.989687417813926, -10.238666002250119], [-54.98989895446937, -10.238493863586227]]}}, {"type": "Feature", "properties": {"layer": "vista", "dxf_type": "LINE"}, "geometry": {"type": "LineString", "coordinates": [[-54.98939278643547, -10.239022743463108], [-54.989604323492465, -10.238850604165965]]}}, {"type": "Feature", "properties": {"layer": "vista", "dxf_type": "LINE"}, "geometry": {"type": "LineString", "coordinates": [[-54.98974534807507, -10.238735844532938], [-54.98995688476021, -10.238563705834922]]}}, {"type": "Feature", "properties": {"layer": "vista", "dxf_type": "LINE"}, "geometry": {"type": "LineString", "coordinates": [[-54.989450715758984, -10.239092585791422], [-54.98966225375822, -10.23892044646579]]}}, {"type": "Feature", "properties": {"layer": "vista", "dxf_type": "LINE"}, "geometry": {"type": "LineString", "coordinates": [[-54.98980327836063, -10.238805686810004], [-54.99001481507546, -10.23863354807783]]}}, {"type": "Feature", "properties": {"layer": "vista", "dxf_type": "LINE"}, "geometry": {"type": "LineString", "coordinates": [[-54.98950864601945, -10.23916242811962], [-54.989720184048394, -10.238990288759828]]}}, {"type": "Feature", "properties": {"layer": "vista", "dxf_type": "LINE"}, "geometry": {"type": "LineString", "coordinates": [[-54.9898612086706, -10.238875529081296], [-54.99007274541512, -10.238703390314978]]}}, {"type": "Feature", "properties": {"layer": "vista", "dxf_type": "LINE"}, "geometry": {"type": "LineString", "coordinates": [[-54.98956657630434, -10.239232270442027], [-54.98977811345043, -10.239060131042471]]}}, {"type": "Feature", "properties": {"layer": "vista", "dxf_type": "LINE"}, "geometry": {"type": "LineString", "coordinates": [[-54.98991913899928, -10.238945372250678], [-54.99013067577919, -10.238773232546334]]}}, {"type": "Feature", "properties": {"layer": "vista", "dxf_type": "LINE"}, "geometry": {"type": "LineString", "coordinates": [[-54.989624506613644, -10.23930211275868], [-54.98983604378942, -10.239129973324959]]}}, {"type": "Feature", "properties": {"layer": "vista", "dxf_type": "LINE"}, "geometry": {"type": "LineString", "coordinates": [[-54.98997706844551, -10.239015214504782], [-54.99018860616768, -10.238843074771935]]}}, {"type": "Feature", "properties": {"layer": "vista", "dxf_type": "LINE"}, "geometry": {"type": "LineString", "coordinates": [[-54.989682436947355, -10.23937195506954], [-54.98989397415282, -10.239199815601692]]}}, {"type": "Feature", "properties": {"layer": "vista", "dxf_type": "LINE"}, "geometry": {"type": "LineString", "coordinates": [[-54.99003499882872, -10.239085056758737], [-54.990246536580564, -10.23891291699176]]}}, {"type": "Feature", "properties": {"layer": "vista", "dxf_type": "LINE"}, "geometry": {"type": "LineString", "coordinates": [[-54.98974036730548, -10.23944179737464], [-54.98995190453495, -10.239269658776516]]}}, {"type": "Feature", "properties": {"layer": "vista", "dxf_type": "LINE"}, "geometry": {"type": "LineString", "coordinates": [[-54.990092929236326, -10.23915489900693], [-54.99030446610531, -10.238982759200155]]}}, {"type": "Feature", "properties": {"layer": "vista", "dxf_type": "LINE"}, "geometry": {"type": "LineString", "coordinates": [[-54.98979829768801, -10.23951163967397], [-54.99000983494718, -10.239339501041698]]}}, {"type": "Feature", "properties": {"layer": "vista", "dxf_type": "LINE"}, "geometry": {"type": "LineString", "coordinates": [[-54.990150859668354, -10.239224741249332], [-54.99036239656702, -10.23905260140843]]}}, {"type": "Feature", "properties": {"layer": "vista", "dxf_type": "LINE"}, "geometry": {"type": "LineString", "coordinates": [[-54.989856228094965, -10.239581481967509], [-54.99006776538382, -10.239409343301089]]}}, {"type": "Feature", "properties": {"layer": "vista", "dxf_type": "LINE"}, "geometry": {"type": "LineString", "coordinates": [[-54.99020879012479, -10.239294583485977], [-54.99042032705315, -10.239122443610913]]}}, {"type": "Feature", "properties": {"layer": "vista", "dxf_type": "LINE"}, "geometry": {"type": "LineString", "coordinates": [[-54.99070237594351, -10.238892924396941], [-54.99012307361569, -10.238194501674803]]}}, {"type": "Feature", "properties": {"layer": "vista", "dxf_type": "LINE"}, "geometry": {"type": "LineString", "coordinates": [[-54.99012307361569, -10.238194501674803], [-54.990334609728855, -10.238022362618409]]}}, {"type": "Feature", "properties": {"layer": "vista", "dxf_type": "LINE"}, "geometry": {"type": "LineString", "coordinates": [[-54.99047563368603, -10.23790760254332], [-54.99068716943875, -10.237735462278316]]}}, {"type": "Feature", "properties": {"layer": "vista", "dxf_type": "LINE"}, "geometry": {"type": "LineString", "coordinates": [[-54.99126647347074, -10.238433884095626], [-54.99068716943875, -10.237735462278316]]}}, {"type": "Feature", "properties": {"layer": "vista", "dxf_type": "LINE"}, "geometry": {"type": "LineString", "coordinates": [[-54.99018100392171, -10.238264343883735], [-54.990392540064555, -10.238092204793213]]}}, {"type": "Feature", "properties": {"layer": "vista", "dxf_type": "LINE"}, "geometry": {"type": "LineString", "coordinates": [[-54.99053356404153, -10.23797744469535], [-54.99074509982393, -10.237805304396202]]}}, {"type": "Feature", "properties": {"layer": "vista", "dxf_type": "LINE"}, "geometry": {"type": "LineString", "coordinates": [[-54.99023893333958, -10.23833418608127], [-54.99045047042467, -10.238162046962229]]}}, {"type": "Feature", "properties": {"layer": "vista", "dxf_type": "LINE"}, "geometry": {"type": "LineString", "coordinates": [[-54.99059149442144, -10.238047286841622], [-54.99080303023352, -10.237875146508333]]}}, {"type": "Feature", "properties": {"layer": "vista", "dxf_type": "LINE"}, "geometry": {"type": "LineString", "coordinates": [[-54.99029686369442, -10.238404028278653], [-54.99050840080919, -10.238231889125485]]}}, {"type": "Feature", "properties": {"layer": "vista", "dxf_type": "LINE"}, "geometry": {"type": "LineString", "coordinates": [[-54.990649424825754, -10.2381171289821], [-54.99086096066752, -10.237944988614688]]}}, {"type": "Feature", "properties": {"layer": "vista", "dxf_type": "LINE"}, "geometry": {"type": "LineString", "coordinates": [[-54.99035479407367, -10.238473870470278], [-54.99056633030557, -10.238301731277314]]}}, {"type": "Feature", "properties": {"layer": "vista", "dxf_type": "LINE"}, "geometry": {"type": "LineString", "coordinates": [[-54.99070735525448, -10.238186971116821], [-54.99091889112024, -10.238014831619132]]}}, {"type": "Feature", "properties": {"layer": "vista", "dxf_type": "LINE"}, "geometry": {"type": "LineString", "coordinates": [[-54.990412724471625, -10.238543713560015], [-54.99062426073892, -10.23837157342902]]}}, {"type": "Feature", "properties": {"layer": "vista", "dxf_type": "LINE"}, "geometry": {"type": "LineString", "coordinates": [[-54.99076528479506, -10.238256813240111], [-54.990976821603056, -10.238084673713935]]}}, {"type": "Feature", "properties": {"layer": "vista", "dxf_type": "LINE"}, "geometry": {"type": "LineString", "coordinates": [[-54.99047065489969, -10.238613555740068], [-54.99068219119667, -10.238441415574938]]}}, {"type": "Feature", "properties": {"layer": "vista", "dxf_type": "LINE"}, "geometry": {"type": "LineString", "coordinates": [[-54.9908232152726, -10.23832665536328], [-54.99103475119773, -10.238154515797309]]}}, {"type": "Feature", "properties": {"layer": "vista", "dxf_type": "LINE"}, "geometry": {"type": "LineString", "coordinates": [[-54.990528585352166, -10.238683397914366], [-54.99074012167883, -10.238511257715093]]}}, {"type": "Feature", "properties": {"layer": "vista", "dxf_type": "LINE"}, "geometry": {"type": "LineString", "coordinates": [[-54.99088114577455, -10.238396497480661], [-54.99109268172936, -10.238224357880561]]}}, {"type": "Feature", "properties": {"layer": "vista", "dxf_type": "LINE"}, "geometry": {"type": "LineString", "coordinates": [[-54.99058651582906, -10.238753240082875], [-54.990798052185404, -10.238581099849474]]}}, {"type": "Feature", "properties": {"layer": "vista", "dxf_type": "LINE"}, "geometry": {"type": "LineString", "coordinates": [[-54.99093907630092, -10.238466339592279], [-54.991150612285416, -10.23829419995802]]}}, {"type": "Feature", "properties": {"layer": "vista", "dxf_type": "LINE"}, "geometry": {"type": "LineString", "coordinates": [[-54.99064444633036, -10.238823082245627], [-54.99085598271639, -10.238650941978062]]}}, {"type": "Feature", "properties": {"layer": "vista", "dxf_type": "LINE"}, "geometry": {"type": "LineString", "coordinates": [[-54.99099700685169, -10.23853618169812], [-54.99120854286587, -10.23836404202972]]}}, {"type": "Feature", "properties": {"layer": "vista", "dxf_type": "LINE"}, "geometry": {"type": "LineString", "coordinates": [[-54.99070237594351, -10.238892924396941], [-54.99091391327178, -10.238720784100888]]}}, {"type": "Feature", "properties": {"layer": "vista", "dxf_type": "LINE"}, "geometry": {"type": "LineString", "coordinates": [[-54.99105493742119, -10.238606024702051], [-54.99126647347074, -10.238433884095626]]}}, {"type": "Feature", "properties": {"layer": "vista", "dxf_type": "LINE"}, "geometry": {"type": "LineString", "coordinates": [[-54.993014050929844, -10.235841911834653], [-54.99280251668654, -10.23601405320084]]}}, {"type": "Feature", "properties": {"layer": "vista", "dxf_type": "LINE"}, "geometry": {"type": "LineString", "coordinates": [[-54.993381823685866, -10.236712471604104], [-54.99280251668654, -10.23601405320084]]}}, {"type": "Feature", "properties": {"layer": "vista", "dxf_type": "LINE"}, "geometry": {"type": "LineString", "coordinates": [[-54.99307198072889, -10.235911753571399], [-54.99286044736847, -10.236083894977355]]}}, {"type": "Feature", "properties": {"layer": "vista", "dxf_type": "LINE"}, "geometry": {"type": "LineString", "coordinates": [[-54.99312991146489, -10.235981595307978], [-54.992918378074805, -10.236153736748074]]}}, {"type": "Feature", "properties": {"layer": "vista", "dxf_type": "LINE"}, "geometry": {"type": "LineString", "coordinates": [[-54.99318784222529, -10.236051437038798], [-54.992976308805545, -10.236223578513028]]}}, {"type": "Feature", "properties": {"layer": "vista", "dxf_type": "LINE"}, "geometry": {"type": "LineString", "coordinates": [[-54.9932457730101, -10.236121278763836], [-54.99303423955501, -10.236293421176075]]}}, {"type": "Feature", "properties": {"layer": "vista", "dxf_type": "LINE"}, "geometry": {"type": "LineString", "coordinates": [[-54.993303703819315, -10.23619112048308], [-54.993092170334556, -10.236363262929473]]}}, {"type": "Feature", "properties": {"layer": "vista", "dxf_type": "LINE"}, "geometry": {"type": "LineString", "coordinates": [[-54.993361634652935, -10.236260962196559], [-54.99315010113852, -10.236433104677074]]}}, {"type": "Feature", "properties": {"layer": "vista", "dxf_type": "LINE"}, "geometry": {"type": "LineString", "coordinates": [[-54.99341956551096, -10.23633080390424], [-54.99320803105433, -10.236502946413287]]}}, {"type": "Feature", "properties": {"layer": "vista", "dxf_type": "LINE"}, "geometry": {"type": "LineString", "coordinates": [[-54.993477496393396, -10.23640064560616], [-54.993265961907106, -10.236572788149328]]}}, {"type": "Feature", "properties": {"layer": "vista", "dxf_type": "LINE"}, "geometry": {"type": "LineString", "coordinates": [[-54.99353542638768, -10.236470487296655], [-54.99332389278428, -10.236642629879606]]}}, {"type": "Feature", "properties": {"layer": "vista", "dxf_type": "LINE"}, "geometry": {"type": "LineString", "coordinates": [[-54.99359335731893, -10.236540328987012], [-54.993381823685866, -10.236712471604104]]}}, {"type": "Feature", "properties": {"layer": "vista", "dxf_type": "LINE"}, "geometry": {"type": "LineString", "coordinates": [[-54.99309977850575, -10.236941993905374], [-54.992520471896285, -10.236243575950821]]}}, {"type": "Feature", "properties": {"layer": "vista", "dxf_type": "LINE"}, "geometry": {"type": "LineString", "coordinates": [[-54.992520471896285, -10.236243575950821], [-54.992308938053014, -10.236415716896202]]}}, {"type": "Feature", "properties": {"layer": "vista", "dxf_type": "LINE"}, "geometry": {"type": "LineString", "coordinates": [[-54.992167915365016, -10.236530478027493], [-54.991956381149976, -10.236702619572133]]}}, {"type": "Feature", "properties": {"layer": "vista", "dxf_type": "LINE"}, "geometry": {"type": "LineString", "coordinates": [[-54.992535686055724, -10.23740103843145], [-54.991956381149976, -10.236702619572133]]}}, {"type": "Feature", "properties": {"layer": "vista", "dxf_type": "LINE"}, "geometry": {"type": "LineString", "coordinates": [[-54.992578402538655, -10.236313417772854], [-54.99236686866571, -10.236485558752355]]}}, {"type": "Feature", "properties": {"layer": "vista", "dxf_type": "LINE"}, "geometry": {"type": "LineString", "coordinates": [[-54.99222584595795, -10.236600319906422], [-54.99201431080068, -10.23677246147955]]}}, {"type": "Feature", "properties": {"layer": "vista", "dxf_type": "LINE"}, "geometry": {"type": "LineString", "coordinates": [[-54.99263633320543, -10.236383259589088], [-54.99242479930283, -10.236555400602743]]}}, {"type": "Feature", "properties": {"layer": "vista", "dxf_type": "LINE"}, "geometry": {"type": "LineString", "coordinates": [[-54.99228377657527, -10.23667016177955], [-54.992072241388335, -10.236842303386837]]}}, {"type": "Feature", "properties": {"layer": "vista", "dxf_type": "LINE"}, "geometry": {"type": "LineString", "coordinates": [[-54.99269426389662, -10.23645310139956], [-54.99248272995866, -10.236625243351224]]}}, {"type": "Feature", "properties": {"layer": "vista", "dxf_type": "LINE"}, "geometry": {"type": "LineString", "coordinates": [[-54.99234170630446, -10.236740003641291], [-54.9921301720004, -10.236912145288333]]}}, {"type": "Feature", "properties": {"layer": "vista", "dxf_type": "LINE"}, "geometry": {"type": "LineString", "coordinates": [[-54.99275219461221, -10.236522943204237], [-54.99254065973203, -10.236695085184428]]}}, {"type": "Feature", "properties": {"layer": "vista", "dxf_type": "LINE"}, "geometry": {"type": "LineString", "coordinates": [[-54.9923996369706, -10.236809845502872], [-54.992188102636874, -10.236981987184068]]}}, {"type": "Feature", "properties": {"layer": "vista", "dxf_type": "LINE"}, "geometry": {"type": "LineString", "coordinates": [[-54.99281012443966, -10.236592784997526], [-54.99259859044236, -10.236764927017468]]}}, {"type": "Feature", "properties": {"layer": "vista", "dxf_type": "LINE"}, "geometry": {"type": "LineString", "coordinates": [[-54.992457567661155, -10.236879687358687], [-54.99224603329776, -10.237051829074023]]}}, {"type": "Feature", "properties": {"layer": "vista", "dxf_type": "LINE"}, "geometry": {"type": "LineString", "coordinates": [[-54.99286805520407, -10.236662626790647], [-54.9926565211771, -10.236834768844744]]}}, {"type": "Feature", "properties": {"layer": "vista", "dxf_type": "LINE"}, "geometry": {"type": "LineString", "coordinates": [[-54.992515498376115, -10.236949529208706], [-54.99230396398305, -10.237121670958187]]}}, {"type": "Feature", "properties": {"layer": "vista", "dxf_type": "LINE"}, "geometry": {"type": "LineString", "coordinates": [[-54.992925985992876, -10.236732468578007], [-54.99271445193625, -10.236904610666244]]}}, {"type": "Feature", "properties": {"layer": "vista", "dxf_type": "LINE"}, "geometry": {"type": "LineString", "coordinates": [[-54.9925734291098, -10.237019371956851], [-54.99236189469274, -10.237191512836587]]}}, {"type": "Feature", "properties": {"layer": "vista", "dxf_type": "LINE"}, "geometry": {"type": "LineString", "coordinates": [[-54.9929839168061, -10.23680231035957], [-54.99277238271981, -10.236974452481945]]}}, {"type": "Feature", "properties": {"layer": "vista", "dxf_type": "LINE"}, "geometry": {"type": "LineString", "coordinates": [[-54.99263135987357, -10.237089213795333], [-54.99241982451429, -10.23726135470356]]}}, {"type": "Feature", "properties": {"layer": "vista", "dxf_type": "LINE"}, "geometry": {"type": "LineString", "coordinates": [[-54.993041847643724, -10.236872152135371], [-54.99283031352777, -10.23704429429189]]}}, {"type": "Feature", "properties": {"layer": "vista", "dxf_type": "LINE"}, "geometry": {"type": "LineString", "coordinates": [[-54.99268929066175, -10.23715905562802], [-54.99247775527281, -10.237331196570402]]}}, {"type": "Feature", "properties": {"layer": "vista", "dxf_type": "LINE"}, "geometry": {"type": "LineString", "coordinates": [[-54.99309977850575, -10.236941993905374], [-54.99288824436013, -10.237114136096034]]}}, {"type": "Feature", "properties": {"layer": "vista", "dxf_type": "LINE"}, "geometry": {"type": "LineString", "coordinates": [[-54.99274722056179, -10.23722889744931], [-54.992535686055724, -10.23740103843145]]}}, {"type": "Feature", "properties": {"layer": "vista", "dxf_type": "LINE"}, "geometry": {"type": "LineString", "coordinates": [[-54.99367573050006, -10.24226403609665], [-54.99266193070241, -10.241041801931656]]}}, {"type": "Feature", "properties": {"layer": "vista", "dxf_type": "LINE"}, "geometry": {"type": "LineString", "coordinates": [[-54.99575584420675, -10.240571301746762], [-54.994828937232725, -10.239453834976372]]}}, {"type": "Feature", "properties": {"layer": "vista", "dxf_type": "LINE"}, "geometry": {"type": "LineString", "coordinates": [[-54.9970955678622, -10.239481055899452], [-54.996168656965736, -10.238363593488327]]}}, {"type": "Feature", "properties": {"layer": "vista", "dxf_type": "LINE"}, "geometry": {"type": "LineString", "coordinates": [[-54.99720133499777, -10.239394983855057], [-54.99618752655049, -10.238172759652246]]}}, {"type": "Feature", "properties": {"layer": "vista", "dxf_type": "LINE"}, "geometry": {"type": "LineString", "coordinates": [[-54.997765425469105, -10.238935930673758], [-54.99675161563875, -10.23771370806475]]}}, {"type": "Feature", "properties": {"layer": "vista", "dxf_type": "LINE"}, "geometry": {"type": "LineString", "coordinates": [[-54.992780280414614, -10.24082850923154], [-54.99461359595964, -10.239336611979102]]}}, {"type": "Feature", "properties": {"layer": "vista", "dxf_type": "LINE"}, "geometry": {"type": "LineString", "coordinates": [[-54.99320715872351, -10.240773591746427], [-54.993489207767595, -10.240544070032014]]}}, {"type": "Feature", "properties": {"layer": "vista", "dxf_type": "LINE"}, "geometry": {"type": "LineString", "coordinates": [[-54.9935949760577, -10.24045799941831], [-54.99387702548286, -10.24022847635879]]}}, {"type": "Feature", "properties": {"layer": "vista", "dxf_type": "LINE"}, "geometry": {"type": "LineString", "coordinates": [[-54.99387702548286, -10.24022847635879], [-54.9941590735991, -10.239998953872572]]}}, {"type": "Feature", "properties": {"layer": "vista", "dxf_type": "LINE"}, "geometry": {"type": "LineString", "coordinates": [[-54.99426484154695, -10.239912882065559], [-54.99454688912604, -10.239683359132565]]}}, {"type": "Feature", "properties": {"layer": "vista", "dxf_type": "LINE"}, "geometry": {"type": "LineString", "coordinates": [[-54.99454688912604, -10.239683359132565], [-54.994828937232725, -10.239453834976372]]}}, {"type": "Feature", "properties": {"layer": "vista", "dxf_type": "LINE"}, "geometry": {"type": "LineString", "coordinates": [[-54.99266193070241, -10.241041801931656], [-54.992661870922475, -10.241041730152942]]}}, {"type": "Feature", "properties": {"layer": "vista", "dxf_type": "LINE"}, "geometry": {"type": "LineString", "coordinates": [[-54.99262126891092, -10.240992779913258], [-54.991966758282906, -10.240203697198059]]}}, {"type": "Feature", "properties": {"layer": "vista", "dxf_type": "LINE"}, "geometry": {"type": "LineString", "coordinates": [[-54.99720133499777, -10.239394983855057], [-54.997765425469105, -10.238935930673758]]}}, {"type": "Feature", "properties": {"layer": "vista", "dxf_type": "LINE"}, "geometry": {"type": "LineString", "coordinates": [[-54.99292510928306, -10.241003114039724], [-54.99320715872351, -10.240773591746427]]}}, {"type": "Feature", "properties": {"layer": "vista", "dxf_type": "LINE"}, "geometry": {"type": "LineString", "coordinates": [[-54.992200970122866, -10.240130088756061], [-54.99403428309676, -10.238638194463455]]}}, {"type": "Feature", "properties": {"layer": "vista", "dxf_type": "LINE"}, "geometry": {"type": "LineString", "coordinates": [[-54.99403428309676, -10.238638194463455], [-54.99461359595964, -10.239336611979102]]}}, {"type": "Feature", "properties": {"layer": "vista", "dxf_type": "LINE"}, "geometry": {"type": "LineString", "coordinates": [[-54.992200970122866, -10.240130088756061], [-54.992780280414614, -10.24082850923154]]}}, {"type": "Feature", "properties": {"layer": "vista", "dxf_type": "LINE"}, "geometry": {"type": "LineString", "coordinates": [[-54.997765425469105, -10.238935930673758], [-54.99675161563875, -10.23771370806475]]}}, {"type": "Feature", "properties": {"layer": "vista", "dxf_type": "LINE"}, "geometry": {"type": "LineString", "coordinates": [[-54.99720133499777, -10.239394983855057], [-54.99618752655049, -10.238172759652246]]}}, {"type": "Feature", "properties": {"layer": "vista", "dxf_type": "LINE"}, "geometry": {"type": "LineString", "coordinates": [[-54.9970955678622, -10.239481055899452], [-54.996168656965736, -10.238363593488327]]}}, {"type": "Feature", "properties": {"layer": "vista", "dxf_type": "LINE"}, "geometry": {"type": "LineString", "coordinates": [[-54.997765425469105, -10.238935930673758], [-54.99720133499777, -10.239394983855057]]}}, {"type": "Feature", "properties": {"layer": "vista", "dxf_type": "LINE"}, "geometry": {"type": "LineString", "coordinates": [[-54.9975336972385, -10.238656565871382], [-54.996969606170715, -10.23911561868274]]}}, {"type": "Feature", "properties": {"layer": "vista", "dxf_type": "LINE"}, "geometry": {"type": "LineString", "coordinates": [[-54.9975336972385, -10.238656565871382], [-54.997765425469105, -10.238935930673758]]}}, {"type": "Feature", "properties": {"layer": "vista", "dxf_type": "LINE"}, "geometry": {"type": "LineString", "coordinates": [[-54.99742087933474, -10.238748376177153], [-54.99765260750211, -10.239027741052391]]}}, {"type": "Feature", "properties": {"layer": "vista", "dxf_type": "LINE"}, "geometry": {"type": "LineString", "coordinates": [[-54.99730806136846, -10.23884018643096], [-54.99753978946695, -10.239119552282963]]}}, {"type": "Feature", "properties": {"layer": "vista", "dxf_type": "LINE"}, "geometry": {"type": "LineString", "coordinates": [[-54.99719524333401, -10.238931997536701], [-54.99742697137495, -10.239211362557665]]}}, {"type": "Feature", "properties": {"layer": "vista", "dxf_type": "LINE"}, "geometry": {"type": "LineString", "coordinates": [[-54.99708242433017, -10.239023807680951], [-54.99731415322045, -10.239303172780405]]}}, {"type": "Feature", "properties": {"layer": "vista", "dxf_type": "LINE"}, "geometry": {"type": "LineString", "coordinates": [[-54.997251652359054, -10.238886091990327], [-54.99646957129276, -10.237943233568956]]}}, {"type": "Feature", "properties": {"layer": "vista", "dxf_type": "LINE"}, "geometry": {"type": "LineString", "coordinates": [[-54.9975336972385, -10.238656565871382], [-54.997251652359054, -10.238886091990327]]}}, {"type": "Feature", "properties": {"layer": "vista", "dxf_type": "LINE"}, "geometry": {"type": "LineString", "coordinates": [[-54.997251652359054, -10.238886091990327], [-54.996969606170715, -10.23911561868274]]}}, {"type": "Feature", "properties": {"layer": "vista", "dxf_type": "LINE"}, "geometry": {"type": "LineString", "coordinates": [[-54.99744679937249, -10.23855180314341], [-54.99716475363407, -10.238781330092312]]}}, {"type": "Feature", "properties": {"layer": "vista", "dxf_type": "LINE"}, "geometry": {"type": "LineString", "coordinates": [[-54.99716475363407, -10.238781330092312], [-54.996882708423236, -10.23901085581815]]}}, {"type": "Feature", "properties": {"layer": "vista", "dxf_type": "LINE"}, "geometry": {"type": "LineString", "coordinates": [[-54.99735990064317, -10.238447041300667], [-54.997077855876576, -10.238676568186882]]}}, {"type": "Feature", "properties": {"layer": "vista", "dxf_type": "LINE"}, "geometry": {"type": "LineString", "coordinates": [[-54.997077855876576, -10.238676568186882], [-54.99679581072503, -10.238906093844413]]}}, {"type": "Feature", "properties": {"layer": "vista", "dxf_type": "LINE"}, "geometry": {"type": "LineString", "coordinates": [[-54.997273002881336, -10.23834227945053], [-54.99699095817401, -10.238571806268443]]}}, {"type": "Feature", "properties": {"layer": "vista", "dxf_type": "LINE"}, "geometry": {"type": "LineString", "coordinates": [[-54.99699095817401, -10.238571806268443], [-54.99670891216918, -10.238801331852025]]}}, {"type": "Feature", "properties": {"layer": "vista", "dxf_type": "LINE"}, "geometry": {"type": "LineString", "coordinates": [[-54.997186105174436, -10.238237517587343], [-54.996904059613826, -10.238467044331328]]}}, {"type": "Feature", "properties": {"layer": "vista", "dxf_type": "LINE"}, "geometry": {"type": "LineString", "coordinates": [[-54.996904059613826, -10.238467044331328], [-54.996622014580836, -10.238696569852248]]}}, {"type": "Feature", "properties": {"layer": "vista", "dxf_type": "LINE"}, "geometry": {"type": "LineString", "coordinates": [[-54.99709920660991, -10.238132755705509], [-54.99681716202113, -10.23836228238681]]}}, {"type": "Feature", "properties": {"layer": "vista", "dxf_type": "LINE"}, "geometry": {"type": "LineString", "coordinates": [[-54.99681716202113, -10.23836228238681], [-54.996535117047415, -10.238591807839422]]}}, {"type": "Feature", "properties": {"layer": "vista", "dxf_type": "LINE"}, "geometry": {"type": "LineString", "coordinates": [[-54.99701230901287, -10.238027993816265], [-54.99673026448904, -10.238257519525375]]}}, {"type": "Feature", "properties": {"layer": "vista", "dxf_type": "LINE"}, "geometry": {"type": "LineString", "coordinates": [[-54.99673026448904, -10.238257519525375], [-54.99644821956893, -10.238487045813567]]}}, {"type": "Feature", "properties": {"layer": "vista", "dxf_type": "LINE"}, "geometry": {"type": "LineString", "coordinates": [[-54.996925411470755, -10.237923231913989], [-54.99664336700621, -10.238152757554797]]}}, {"type": "Feature", "properties": {"layer": "vista", "dxf_type": "LINE"}, "geometry": {"type": "LineString", "coordinates": [[-54.99664336700621, -10.238152757554797], [-54.99636132123282, -10.238382283769068]]}}, {"type": "Feature", "properties": {"layer": "vista", "dxf_type": "LINE"}, "geometry": {"type": "LineString", "coordinates": [[-54.99683851398357, -10.2378184699987], [-54.99655646866573, -10.238047995565573]]}}, {"type": "Feature", "properties": {"layer": "vista", "dxf_type": "LINE"}, "geometry": {"type": "LineString", "coordinates": [[-54.99655646866573, -10.238047995565573], [-54.99627442386419, -10.23827752171716]]}}, {"type": "Feature", "properties": {"layer": "vista", "dxf_type": "LINE"}, "geometry": {"type": "LineString", "coordinates": [[-54.99675161563875, -10.23771370806475], [-54.99646957129276, -10.237943233568956]]}}, {"type": "Feature", "properties": {"layer": "vista", "dxf_type": "LINE"}, "geometry": {"type": "LineString", "coordinates": [[-54.99646957129276, -10.237943233568956], [-54.99618752655049, -10.238172759652246]]}}, {"type": "Feature", "properties": {"layer": "vista", "dxf_type": "LINE"}, "geometry": {"type": "LineString", "coordinates": [[-54.995411900594, -10.238803952892988], [-54.99512985438694, -10.239033477758124]]}}, {"type": "Feature", "properties": {"layer": "vista", "dxf_type": "LINE"}, "geometry": {"type": "LineString", "coordinates": [[-54.99512985438694, -10.239033477758124], [-54.994847806882376, -10.239263001388867]]}}, {"type": "Feature", "properties": {"layer": "vista", "dxf_type": "LINE"}, "geometry": {"type": "LineString", "coordinates": [[-54.99095297109045, -10.238981460048175], [-54.991966758282906, -10.240203697198059]]}}, {"type": "Feature", "properties": {"layer": "vista", "dxf_type": "LINE"}, "geometry": {"type": "LineString", "coordinates": [[-54.99296255963615, -10.237346121296378], [-54.993889455261076, -10.238463590220132]]}}, {"type": "Feature", "properties": {"layer": "vista", "dxf_type": "LINE"}, "geometry": {"type": "LineString", "coordinates": [[-54.993138838226066, -10.237202669915106], [-54.99415263078418, -10.238424900890106]]}}, {"type": "Feature", "properties": {"layer": "vista", "dxf_type": "LINE"}, "geometry": {"type": "LineString", "coordinates": [[-54.994372785002405, -10.236198505794416], [-54.99529968379078, -10.237315971076129]]}}, {"type": "Feature", "properties": {"layer": "vista", "dxf_type": "LINE"}, "geometry": {"type": "LineString", "coordinates": [[-54.98904913198026, -10.240530712499183], [-54.989613233773056, -10.240071676109455]]}}, {"type": "Feature", "properties": {"layer": "vista", "dxf_type": "LINE"}, "geometry": {"type": "LineString", "coordinates": [[-54.992200970122866, -10.240130088756061], [-54.99403428309676, -10.238638194463455]]}}, {"type": "Feature", "properties": {"layer": "vista", "dxf_type": "LINE"}, "geometry": {"type": "LineString", "coordinates": [[-54.98971900268348, -10.23998560692406], [-54.990283103533386, -10.239526568995668]]}}, {"type": "Feature", "properties": {"layer": "vista", "dxf_type": "LINE"}, "geometry": {"type": "LineString", "coordinates": [[-54.99038887209591, -10.239440499520724], [-54.99095297109045, -10.238981460048175]]}}, {"type": "Feature", "properties": {"layer": "vista", "dxf_type": "LINE"}, "geometry": {"type": "LineString", "coordinates": [[-54.991058739310795, -10.238895389379847], [-54.99162283553179, -10.2384363492616]]}}, {"type": "Feature", "properties": {"layer": "vista", "dxf_type": "LINE"}, "geometry": {"type": "LineString", "coordinates": [[-54.991728603404276, -10.238350278303795], [-54.9922926986883, -10.237891235743543]]}}, {"type": "Feature", "properties": {"layer": "vista", "dxf_type": "LINE"}, "geometry": {"type": "LineString", "coordinates": [[-54.992398466207256, -10.237805165400202], [-54.99296255963615, -10.237346121296378]]}}, {"type": "Feature", "properties": {"layer": "vista", "dxf_type": "LINE"}, "geometry": {"type": "LineString", "coordinates": [[-54.993138838226066, -10.237202669915106], [-54.993702928692095, -10.236743624099827]]}}, {"type": "Feature", "properties": {"layer": "vista", "dxf_type": "LINE"}, "geometry": {"type": "LineString", "coordinates": [[-54.99380869639135, -10.236657553152869], [-54.994372785002405, -10.236198505794416]]}}, {"type": "Feature", "properties": {"layer": "vista", "dxf_type": "LINE"}, "geometry": {"type": "LineString", "coordinates": [[-54.994372785002405, -10.236198505794416], [-54.99529968379078, -10.237315971076129]]}}, {"type": "Feature", "properties": {"layer": "vista", "dxf_type": "LINE"}, "geometry": {"type": "LineString", "coordinates": [[-54.993138838226066, -10.237202669915106], [-54.99415263078418, -10.238424900890106]]}}, {"type": "Feature", "properties": {"layer": "vista", "dxf_type": "LINE"}, "geometry": {"type": "LineString", "coordinates": [[-54.99471672354685, -10.237965853487024], [-54.99443467690169, -10.238195377800139]]}}, {"type": "Feature", "properties": {"layer": "vista", "dxf_type": "LINE"}, "geometry": {"type": "LineString", "coordinates": [[-54.99443467690169, -10.238195377800139], [-54.99415263078418, -10.238424900890106]]}}, {"type": "Feature", "properties": {"layer": "vista", "dxf_type": "LINE"}, "geometry": {"type": "LineString", "coordinates": [[-54.994372785002405, -10.236198505794416], [-54.99380869639135, -10.236657553152869]]}}, {"type": "Feature", "properties": {"layer": "vista", "dxf_type": "LINE"}, "geometry": {"type": "LineString", "coordinates": [[-54.993702928692095, -10.236743624099827], [-54.993138838226066, -10.237202669915106]]}}, {"type": "Feature", "properties": {"layer": "vista", "dxf_type": "LINE"}, "geometry": {"type": "LineString", "coordinates": [[-54.994847806882376, -10.239263001388867], [-54.99415263078418, -10.238424900890106]]}}, {"type": "Feature", "properties": {"layer": "vista", "dxf_type": "LINE"}, "geometry": {"type": "LineString", "coordinates": [[-54.99234304124646, -10.230363259659681], [-54.98351432939321, -10.237547731259616]]}}, {"type": "Feature", "properties": {"layer": "vista", "dxf_type": "LINE"}, "geometry": {"type": "LineString", "coordinates": [[-54.99006093634894, -10.23292231342647], [-54.99084298605065, -10.233865181594581]]}}, {"type": "Feature", "properties": {"layer": "vista", "dxf_type": "LINE"}, "geometry": {"type": "LineString", "coordinates": [[-54.992182689050765, -10.232774954308736], [-54.99056094146747, -10.234094702760782]]}}, {"type": "Feature", "properties": {"layer": "vista", "dxf_type": "LINE"}, "geometry": {"type": "LineString", "coordinates": [[-54.98798085723657, -10.234615016724353], [-54.98867600819512, -10.23545312593809]]}}, {"type": "Feature", "properties": {"layer": "vista", "dxf_type": "LINE"}, "geometry": {"type": "LineString", "coordinates": [[-54.98597126905373, -10.23625032335082], [-54.98701399173223, -10.237507492244195]]}}, {"type": "Feature", "properties": {"layer": "vista", "dxf_type": "LINE"}, "geometry": {"type": "LineString", "coordinates": [[-54.990105244708104, -10.23575235675003], [-54.989525947351325, -10.235053934167178]]}}, {"type": "Feature", "properties": {"layer": "vista", "dxf_type": "LINE"}, "geometry": {"type": "LineString", "coordinates": [[-54.990669335549605, -10.235293316502585], [-54.99009003831378, -10.234594894835503]]}}, {"type": "Feature", "properties": {"layer": "vista", "dxf_type": "LINE"}, "geometry": {"type": "LineString", "coordinates": [[-54.98954115139225, -10.23621139569185], [-54.98896185573977, -10.235512972204472]]}}, {"type": "Feature", "properties": {"layer": "vista", "dxf_type": "LINE"}, "geometry": {"type": "LineString", "coordinates": [[-54.988609296773376, -10.235799870876843], [-54.98896185573977, -10.235512972204472]]}}, {"type": "Feature", "properties": {"layer": "vista", "dxf_type": "LINE"}, "geometry": {"type": "LineString", "coordinates": [[-54.98872515597583, -10.235939555555717], [-54.989077714128655, -10.23565265676394]]}}, {"type": "Feature", "properties": {"layer": "vista", "dxf_type": "LINE"}, "geometry": {"type": "LineString", "coordinates": [[-54.98884101527589, -10.23607924021152], [-54.98919357352769, -10.235792341305972]]}}, {"type": "Feature", "properties": {"layer": "vista", "dxf_type": "LINE"}, "geometry": {"type": "LineString", "coordinates": [[-54.98895687376101, -10.23621892483861], [-54.989309433018654, -10.235932026728811]]}}, {"type": "Feature", "properties": {"layer": "vista", "dxf_type": "LINE"}, "geometry": {"type": "LineString", "coordinates": [[-54.9890727332563, -10.236358609448258], [-54.98942529170037, -10.23607171121905]]}}, {"type": "Feature", "properties": {"layer": "vista", "dxf_type": "LINE"}, "geometry": {"type": "LineString", "coordinates": [[-54.99020589701935, -10.234734579030928], [-54.9905584535169, -10.234447679015839]]}}, {"type": "Feature", "properties": {"layer": "vista", "dxf_type": "LINE"}, "geometry": {"type": "LineString", "coordinates": [[-54.99032175672938, -10.23487426411279], [-54.99067431241901, -10.234587363074422]]}}, {"type": "Feature", "properties": {"layer": "vista", "dxf_type": "LINE"}, "geometry": {"type": "LineString", "coordinates": [[-54.9904376165427, -10.235013948267682], [-54.990790172331266, -10.23472704711555]]}}, {"type": "Feature", "properties": {"layer": "vista", "dxf_type": "LINE"}, "geometry": {"type": "LineString", "coordinates": [[-54.99055347645363, -10.235153632399495], [-54.99090603233543, -10.23486673203748]]}}, {"type": "Feature", "properties": {"layer": "vista", "dxf_type": "LINE"}, "geometry": {"type": "LineString", "coordinates": [[-54.98925150325813, -10.235862184472206], [-54.99037968662384, -10.23494410619313]]}}, {"type": "Feature", "properties": {"layer": "vista", "dxf_type": "LINE"}, "geometry": {"type": "LineString", "coordinates": [[-54.991595595534584, -10.243956753672451], [-54.99089046083732, -10.244530551495846]]}}, {"type": "Feature", "properties": {"layer": "vista", "dxf_type": "LINE"}, "geometry": {"type": "LineString", "coordinates": [[-54.99071417586878, -10.244674000628505], [-54.990009038112525, -10.245247796815258]]}}, {"type": "Feature", "properties": {"layer": "vista", "dxf_type": "LINE"}, "geometry": {"type": "LineString", "coordinates": [[-54.99130593941044, -10.243607541768151], [-54.99060080428978, -10.244181339920399]]}}, {"type": "Feature", "properties": {"layer": "vista", "dxf_type": "LINE"}, "geometry": {"type": "LineString", "coordinates": [[-54.990424520357536, -10.244324788916343], [-54.98971938218371, -10.244898584528007]]}}, {"type": "Feature", "properties": {"layer": "vista", "dxf_type": "LINE"}, "geometry": {"type": "LineString", "coordinates": [[-54.99116111157449, -10.243432936213738], [-54.99045597670127, -10.244006734081276]]}}, {"type": "Feature", "properties": {"layer": "vista", "dxf_type": "LINE"}, "geometry": {"type": "LineString", "coordinates": [[-54.9902796928309, -10.244150183006042], [-54.989574554904586, -10.244723978333024]]}}, {"type": "Feature", "properties": {"layer": "vista", "dxf_type": "LINE"}, "geometry": {"type": "LineString", "coordinates": [[-54.9910162838912, -10.243258330623185], [-54.99031114926542, -10.243832128206039]]}}, {"type": "Feature", "properties": {"layer": "vista", "dxf_type": "LINE"}, "geometry": {"type": "LineString", "coordinates": [[-54.99013486545693, -10.243975577059633], [-54.989429727783815, -10.244549371198023]]}}, {"type": "Feature", "properties": {"layer": "vista", "dxf_type": "LINE"}, "geometry": {"type": "LineString", "coordinates": [[-54.99087145544798, -10.243083724990843], [-54.99016632198792, -10.243657521390777]]}}, {"type": "Feature", "properties": {"layer": "vista", "dxf_type": "LINE"}, "geometry": {"type": "LineString", "coordinates": [[-54.989990038235604, -10.243800971077098], [-54.98928490081002, -10.244374764930798]]}}, {"type": "Feature", "properties": {"layer": "vista", "dxf_type": "LINE"}, "geometry": {"type": "LineString", "coordinates": [[-54.99072662806997, -10.242909119328028], [-54.99002149485737, -10.243482915443288]]}}, {"type": "Feature", "properties": {"layer": "vista", "dxf_type": "LINE"}, "geometry": {"type": "LineString", "coordinates": [[-54.98984521026005, -10.243626364148904], [-54.98914007398887, -10.244200158627445]]}}, {"type": "Feature", "properties": {"layer": "vista", "dxf_type": "LINE"}, "geometry": {"type": "LineString", "coordinates": [[-54.99058180085028, -10.242734512725185], [-54.9898766669669, -10.24330830945404]]}}, {"type": "Feature", "properties": {"layer": "vista", "dxf_type": "LINE"}, "geometry": {"type": "LineString", "coordinates": [[-54.98970038334402, -10.243451758094128], [-54.988995247320375, -10.244025552287999]]}}, {"type": "Feature", "properties": {"layer": "vista", "dxf_type": "LINE"}, "geometry": {"type": "LineString", "coordinates": [[-54.990084407723984, -10.24284680501713], [-54.98973184014164, -10.243133703434301]]}}, {"type": "Feature", "properties": {"layer": "vista", "dxf_type": "LINE"}, "geometry": {"type": "LineString", "coordinates": [[-54.98955555658063, -10.243277152003225], [-54.98885041989196, -10.243850945906795]]}}, {"type": "Feature", "properties": {"layer": "vista", "dxf_type": "LINE"}, "geometry": {"type": "LineString", "coordinates": [[-54.99029214685743, -10.242385301218924], [-54.989587013469006, -10.24295909737846]]}}, {"type": "Feature", "properties": {"layer": "vista", "dxf_type": "LINE"}, "geometry": {"type": "LineString", "coordinates": [[-54.98941072996988, -10.243102545876221], [-54.98870559353446, -10.243676338591237]]}}, {"type": "Feature", "properties": {"layer": "vista", "dxf_type": "LINE"}, "geometry": {"type": "LineString", "coordinates": [[-54.98887284985063, -10.240674160934768], [-54.988167718887915, -10.241247954305118]]}}, {"type": "Feature", "properties": {"layer": "vista", "dxf_type": "LINE"}, "geometry": {"type": "LineString", "coordinates": [[-54.987991435995305, -10.241391402105585], [-54.98728630198055, -10.241965192935192]]}}, {"type": "Feature", "properties": {"layer": "vista", "dxf_type": "LINE"}, "geometry": {"type": "LineString", "coordinates": [[-54.98916250084656, -10.241023374052556], [-54.988457369394446, -10.241597167088191]]}}, {"type": "Feature", "properties": {"layer": "vista", "dxf_type": "LINE"}, "geometry": {"type": "LineString", "coordinates": [[-54.988281086378045, -10.241740615030933], [-54.98757595186805, -10.242314406429744]]}}, {"type": "Feature", "properties": {"layer": "vista", "dxf_type": "LINE"}, "geometry": {"type": "LineString", "coordinates": [[-54.989307326576274, -10.241197980105367], [-54.98860219487661, -10.24177177342561]]}}, {"type": "Feature", "properties": {"layer": "vista", "dxf_type": "LINE"}, "geometry": {"type": "LineString", "coordinates": [[-54.98842591179262, -10.241915222343387], [-54.98772077704073, -10.242489013122901]]}}, {"type": "Feature", "properties": {"layer": "vista", "dxf_type": "LINE"}, "geometry": {"type": "LineString", "coordinates": [[-54.98945215245858, -10.2413725861221], [-54.98874702141826, -10.241946380636453]]}}, {"type": "Feature", "properties": {"layer": "vista", "dxf_type": "LINE"}, "geometry": {"type": "LineString", "coordinates": [[-54.988570737365514, -10.242089828715855], [-54.987865603278586, -10.242663619785626]]}}, {"type": "Feature", "properties": {"layer": "vista", "dxf_type": "LINE"}, "geometry": {"type": "LineString", "coordinates": [[-54.98959697849351, -10.24154719210272], [-54.988891847205664, -10.242120986901678]]}}, {"type": "Feature", "properties": {"layer": "vista", "dxf_type": "LINE"}, "geometry": {"type": "LineString", "coordinates": [[-54.988715564003584, -10.24226443505788], [-54.988010428750805, -10.242838227310525]]}}, {"type": "Feature", "properties": {"layer": "vista", "dxf_type": "LINE"}, "geometry": {"type": "LineString", "coordinates": [[-54.9897418055936, -10.241721798052879], [-54.98903667314568, -10.24229559313083]]}}, {"type": "Feature", "properties": {"layer": "vista", "dxf_type": "LINE"}, "geometry": {"type": "LineString", "coordinates": [[-54.988860389881715, -10.242439041358182], [-54.988155254381354, -10.243012833895436]]}}, {"type": "Feature", "properties": {"layer": "vista", "dxf_type": "LINE"}, "geometry": {"type": "LineString", "coordinates": [[-54.98988663193375, -10.241896403961311], [-54.98918149923832, -10.242470199323867]]}}, {"type": "Feature", "properties": {"layer": "vista", "dxf_type": "LINE"}, "geometry": {"type": "LineString", "coordinates": [[-54.98900521591247, -10.242613647622377], [-54.98830008016452, -10.243187440444263]]}}, {"type": "Feature", "properties": {"layer": "vista", "dxf_type": "LINE"}, "geometry": {"type": "LineString", "coordinates": [[-54.990031458420816, -10.242071010737497], [-54.98932632548358, -10.2426448054808]]}}, {"type": "Feature", "properties": {"layer": "vista", "dxf_type": "LINE"}, "geometry": {"type": "LineString", "coordinates": [[-54.98915004209585, -10.242788253850488], [-54.988444906100334, -10.243362046957014]]}}, {"type": "Feature", "properties": {"layer": "vista", "dxf_type": "LINE"}, "geometry": {"type": "LineString", "coordinates": [[-54.990176285066205, -10.242245616573713], [-54.98947115187577, -10.242819412505535]]}}, {"type": "Feature", "properties": {"layer": "vista", "dxf_type": "LINE"}, "geometry": {"type": "LineString", "coordinates": [[-54.98929486842616, -10.242962860946365], [-54.98858973218878, -10.243536653433653]]}}, {"type": "Feature", "properties": {"layer": "vista", "dxf_type": "LINE"}, "geometry": {"type": "LineString", "coordinates": [[-54.98916250084656, -10.241023374052556], [-54.98887284985063, -10.240674160934768]]}}, {"type": "Feature", "properties": {"layer": "vista", "dxf_type": "LINE"}, "geometry": {"type": "LineString", "coordinates": [[-54.989035577532135, -10.241126656552272], [-54.98874592570707, -10.240777444230273]]}}, {"type": "Feature", "properties": {"layer": "vista", "dxf_type": "LINE"}, "geometry": {"type": "LineString", "coordinates": [[-54.98892275673547, -10.241218464167716], [-54.9886331049953, -10.240869250850768]]}}, {"type": "Feature", "properties": {"layer": "vista", "dxf_type": "LINE"}, "geometry": {"type": "LineString", "coordinates": [[-54.988809935881996, -10.241310270827247], [-54.98852028421534, -10.240961058323116]]}}, {"type": "Feature", "properties": {"layer": "vista", "dxf_type": "LINE"}, "geometry": {"type": "LineString", "coordinates": [[-54.988457369394446, -10.241597167088191], [-54.988167718887915, -10.241247954305118]]}}, {"type": "Feature", "properties": {"layer": "vista", "dxf_type": "LINE"}, "geometry": {"type": "LineString", "coordinates": [[-54.98858429306925, -10.241493884888458], [-54.9882946424793, -10.241144671303974]]}}, {"type": "Feature", "properties": {"layer": "vista", "dxf_type": "LINE"}, "geometry": {"type": "LineString", "coordinates": [[-54.988697114053444, -10.241402077429104], [-54.98840746337857, -10.24105286483955]]}}, {"type": "Feature", "properties": {"layer": "vista", "dxf_type": "LINE"}, "geometry": {"type": "LineString", "coordinates": [[-54.991595595534584, -10.243956753672451], [-54.99130593941044, -10.243607541768151]]}}, {"type": "Feature", "properties": {"layer": "vista", "dxf_type": "LINE"}, "geometry": {"type": "LineString", "coordinates": [[-54.99089046083732, -10.244530551495846], [-54.99060080428978, -10.244181339920399]]}}, {"type": "Feature", "properties": {"layer": "vista", "dxf_type": "LINE"}, "geometry": {"type": "LineString", "coordinates": [[-54.99071417586878, -10.244674000628505], [-54.990424520357536, -10.244324788916343]]}}, {"type": "Feature", "properties": {"layer": "vista", "dxf_type": "LINE"}, "geometry": {"type": "LineString", "coordinates": [[-54.990009038112525, -10.245247796815258], [-54.98971938218371, -10.244898584528007]]}}, {"type": "Feature", "properties": {"layer": "vista", "dxf_type": "LINE"}, "geometry": {"type": "LineString", "coordinates": [[-54.98757595186805, -10.242314406429744], [-54.98728630198055, -10.241965192935192]]}}, {"type": "Feature", "properties": {"layer": "vista", "dxf_type": "LINE"}, "geometry": {"type": "LineString", "coordinates": [[-54.98813626111037, -10.241566008586299], [-54.987431126847994, -10.242139799700496]]}}, {"type": "Feature", "properties": {"layer": "vista", "dxf_type": "LINE"}, "geometry": {"type": "LineString", "coordinates": [[-54.99130593941044, -10.243607541768151], [-54.99029214685743, -10.242385301218924]]}}, {"type": "Feature", "properties": {"layer": "vista", "dxf_type": "LINE"}, "geometry": {"type": "LineString", "coordinates": [[-54.990176285066205, -10.242245616573713], [-54.98916250084656, -10.241023374052556]]}}, {"type": "Feature", "properties": {"layer": "vista", "dxf_type": "LINE"}, "geometry": {"type": "LineString", "coordinates": [[-54.989823719235375, -10.242532514344548], [-54.988809935881996, -10.241310270827247]]}}, {"type": "Feature", "properties": {"layer": "vista", "dxf_type": "LINE"}, "geometry": {"type": "LineString", "coordinates": [[-54.98947115187577, -10.242819412505535], [-54.988457369394446, -10.241597167088191]]}}, {"type": "Feature", "properties": {"layer": "vista", "dxf_type": "LINE"}, "geometry": {"type": "LineString", "coordinates": [[-54.99095337260886, -10.243894441553064], [-54.98993958001505, -10.242672199097974]]}}, {"type": "Feature", "properties": {"layer": "vista", "dxf_type": "LINE"}, "geometry": {"type": "LineString", "coordinates": [[-54.99060080428978, -10.244181339920399], [-54.989587013469006, -10.24295909737846]]}}, {"type": "Feature", "properties": {"layer": "vista", "dxf_type": "LINE"}, "geometry": {"type": "LineString", "coordinates": [[-54.990424520357536, -10.244324788916343], [-54.98941072996988, -10.243102545876221]]}}, {"type": "Feature", "properties": {"layer": "vista", "dxf_type": "LINE"}, "geometry": {"type": "LineString", "coordinates": [[-54.98929486842616, -10.242962860946365], [-54.987991435995305, -10.241391402105585]]}}, {"type": "Feature", "properties": {"layer": "vista", "dxf_type": "LINE"}, "geometry": {"type": "LineString", "coordinates": [[-54.988942301069024, -10.243249757446916], [-54.9876388688397, -10.241678297319721]]}}, {"type": "Feature", "properties": {"layer": "vista", "dxf_type": "LINE"}, "geometry": {"type": "LineString", "coordinates": [[-54.98858973218878, -10.243536653433653], [-54.98757595186805, -10.242314406429744]]}}, {"type": "Feature", "properties": {"layer": "vista", "dxf_type": "LINE"}, "geometry": {"type": "LineString", "coordinates": [[-54.990361607293146, -10.244960899427905], [-54.989058162513736, -10.243389442490637]]}}, {"type": "Feature", "properties": {"layer": "vista", "dxf_type": "LINE"}, "geometry": {"type": "LineString", "coordinates": [[-54.98971938218371, -10.244898584528007], [-54.98870559353446, -10.243676338591237]]}}, {"type": "Feature", "properties": {"layer": "vista", "dxf_type": "LINE"}, "geometry": {"type": "LineString", "coordinates": [[-54.98728630198055, -10.241965192935192], [-54.98699665270918, -10.241615978392494]]}}, {"type": "Feature", "properties": {"layer": "vista", "dxf_type": "LINE"}, "geometry": {"type": "LineString", "coordinates": [[-54.987991435995305, -10.241391402105585], [-54.987349219315, -10.241329083965482]]}}, {"type": "Feature", "properties": {"layer": "vista", "dxf_type": "LINE"}, "geometry": {"type": "LineString", "coordinates": [[-54.98699665270918, -10.241615978392494], [-54.987349219315, -10.241329083965482]]}}, {"type": "Feature", "properties": {"layer": "vista", "dxf_type": "LINE"}, "geometry": {"type": "LineString", "coordinates": [[-54.985281224139825, -10.236343913859313], [-54.984576099318616, -10.236917700174399]]}}, {"type": "Feature", "properties": {"layer": "vista", "dxf_type": "LINE"}, "geometry": {"type": "LineString", "coordinates": [[-54.98439981796158, -10.237061146211001], [-54.983694690095675, -10.237634929081214]]}}, {"type": "Feature", "properties": {"layer": "vista", "dxf_type": "LINE"}, "geometry": {"type": "LineString", "coordinates": [[-54.98557086757465, -10.23669312786104], [-54.984865743170545, -10.23726691475059]]}}, {"type": "Feature", "properties": {"layer": "vista", "dxf_type": "LINE"}, "geometry": {"type": "LineString", "coordinates": [[-54.98468946077709, -10.237410360923745], [-54.983984333322454, -10.237984145272318]]}}, {"type": "Feature", "properties": {"layer": "vista", "dxf_type": "LINE"}, "geometry": {"type": "LineString", "coordinates": [[-54.98571568952084, -10.236867734807888], [-54.98501056486903, -10.23744152198185]]}}, {"type": "Feature", "properties": {"layer": "vista", "dxf_type": "LINE"}, "geometry": {"type": "LineString", "coordinates": [[-54.98483428332618, -10.237584968231781], [-54.984129154711226, -10.238158752859114]]}}, {"type": "Feature", "properties": {"layer": "vista", "dxf_type": "LINE"}, "geometry": {"type": "LineString", "coordinates": [[-54.98586051252639, -10.237042342628275], [-54.98515538672004, -10.23761612917713]]}}, {"type": "Feature", "properties": {"layer": "vista", "dxf_type": "LINE"}, "geometry": {"type": "LineString", "coordinates": [[-54.98497910511525, -10.23775957549815], [-54.98427397625253, -10.238333360409914]]}}, {"type": "Feature", "properties": {"layer": "vista", "dxf_type": "LINE"}, "geometry": {"type": "LineString", "coordinates": [[-54.98600533477763, -10.237216949503102], [-54.98530020872357, -10.237790736336382]]}}, {"type": "Feature", "properties": {"layer": "vista", "dxf_type": "LINE"}, "geometry": {"type": "LineString", "coordinates": [[-54.985123927051156, -10.237934183632396], [-54.984418797946375, -10.238507967924734]]}}, {"type": "Feature", "properties": {"layer": "vista", "dxf_type": "LINE"}, "geometry": {"type": "LineString", "coordinates": [[-54.9861501571814, -10.237391556341912], [-54.98544503087394, -10.237965344363529]]}}, {"type": "Feature", "properties": {"layer": "vista", "dxf_type": "LINE"}, "geometry": {"type": "LineString", "coordinates": [[-54.985268749145305, -10.238108790826768], [-54.98456361979276, -10.238682575403539]]}}, {"type": "Feature", "properties": {"layer": "vista", "dxf_type": "LINE"}, "geometry": {"type": "LineString", "coordinates": [[-54.98629497973769, -10.237566163144717], [-54.98558985318255, -10.238139951450762]]}}, {"type": "Feature", "properties": {"layer": "vista", "dxf_type": "LINE"}, "geometry": {"type": "LineString", "coordinates": [[-54.98541357139199, -10.238283397985112], [-54.98470844178599, -10.238857183750218]]}}, {"type": "Feature", "properties": {"layer": "vista", "dxf_type": "LINE"}, "geometry": {"type": "LineString", "coordinates": [[-54.98643980244652, -10.237740769911483], [-54.98573467655627, -10.23831455850763]]}}, {"type": "Feature", "properties": {"layer": "vista", "dxf_type": "LINE"}, "geometry": {"type": "LineString", "coordinates": [[-54.985558393791216, -10.238458005107443], [-54.98485326485003, -10.239031791162684]]}}, {"type": "Feature", "properties": {"layer": "vista", "dxf_type": "LINE"}, "geometry": {"type": "LineString", "coordinates": [[-54.98658462530789, -10.237915376642224], [-54.98587949916996, -10.238489165522848]]}}, {"type": "Feature", "properties": {"layer": "vista", "dxf_type": "LINE"}, "geometry": {"type": "LineString", "coordinates": [[-54.98570321725554, -10.238632612199426], [-54.984998087154075, -10.239206398533469]]}}, {"type": "Feature", "properties": {"layer": "vista", "dxf_type": "LINE"}, "geometry": {"type": "LineString", "coordinates": [[-54.98800389960106, -10.239626522517643], [-54.9872987701238, -10.240200314180672]]}}, {"type": "Feature", "properties": {"layer": "vista", "dxf_type": "LINE"}, "geometry": {"type": "LineString", "coordinates": [[-54.98712248760261, -10.240343761554284], [-54.986417355073705, -10.240917550676519]]}}, {"type": "Feature", "properties": {"layer": "vista", "dxf_type": "LINE"}, "geometry": {"type": "LineString", "coordinates": [[-54.987714250128235, -10.23927730972092], [-54.987009122058744, -10.239851100820541]]}}, {"type": "Feature", "properties": {"layer": "vista", "dxf_type": "LINE"}, "geometry": {"type": "LineString", "coordinates": [[-54.9868328387488, -10.239994548046257], [-54.9861277076335, -10.240568335701173]]}}, {"type": "Feature", "properties": {"layer": "vista", "dxf_type": "LINE"}, "geometry": {"type": "LineString", "coordinates": [[-54.98756942607695, -10.239102703271302], [-54.98686429734822, -10.239676493176882]]}}, {"type": "Feature", "properties": {"layer": "vista", "dxf_type": "LINE"}, "geometry": {"type": "LineString", "coordinates": [[-54.98668801501275, -10.239819940337098], [-54.98598288413942, -10.240393728611368]]}}, {"type": "Feature", "properties": {"layer": "vista", "dxf_type": "LINE"}, "geometry": {"type": "LineString", "coordinates": [[-54.98742460217824, -10.238928096785612], [-54.98671947369712, -10.239501886406702]]}}, {"type": "Feature", "properties": {"layer": "vista", "dxf_type": "LINE"}, "geometry": {"type": "LineString", "coordinates": [[-54.986543191423564, -10.239645333495792], [-54.98583805988537, -10.240219121479896]]}}, {"type": "Feature", "properties": {"layer": "vista", "dxf_type": "LINE"}, "geometry": {"type": "LineString", "coordinates": [[-54.987279778437774, -10.238753489360011], [-54.98657465019859, -10.239327279600468]]}}, {"type": "Feature", "properties": {"layer": "vista", "dxf_type": "LINE"}, "geometry": {"type": "LineString", "coordinates": [[-54.98639836798695, -10.239470726618432], [-54.98569323669645, -10.240044514318036]]}}, {"type": "Feature", "properties": {"layer": "vista", "dxf_type": "LINE"}, "geometry": {"type": "LineString", "coordinates": [[-54.98713495484417, -10.238578882802242], [-54.98642982685262, -10.239152672758207]]}}, {"type": "Feature", "properties": {"layer": "vista", "dxf_type": "LINE"}, "geometry": {"type": "LineString", "coordinates": [[-54.9862535447029, -10.239296119705045], [-54.9855484136601, -10.239869907120132]]}}, {"type": "Feature", "properties": {"layer": "vista", "dxf_type": "LINE"}, "geometry": {"type": "LineString", "coordinates": [[-54.986990130490575, -10.238404276202772], [-54.98628500365922, -10.23897806587991]]}}, {"type": "Feature", "properties": {"layer": "vista", "dxf_type": "LINE"}, "geometry": {"type": "LineString", "coordinates": [[-54.98610872157142, -10.239121512755627], [-54.98540359078203, -10.23969529898234]]}}, {"type": "Feature", "properties": {"layer": "vista", "dxf_type": "LINE"}, "geometry": {"type": "LineString", "coordinates": [[-54.98684530720208, -10.238229669572922], [-54.986140180624076, -10.238803458061689]]}}, {"type": "Feature", "properties": {"layer": "vista", "dxf_type": "LINE"}, "geometry": {"type": "LineString", "coordinates": [[-54.98596389767994, -10.238946905764513], [-54.98525876805082, -10.239520691712404]]}}, {"type": "Feature", "properties": {"layer": "vista", "dxf_type": "LINE"}, "geometry": {"type": "LineString", "coordinates": [[-54.986700484066134, -10.238055062907037], [-54.98599535682323, -10.238628851105684]]}}, {"type": "Feature", "properties": {"layer": "vista", "dxf_type": "LINE"}, "geometry": {"type": "LineString", "coordinates": [[-54.985819074859265, -10.23877229783916], [-54.98511394547217, -10.239346084406431]]}}, {"type": "Feature", "properties": {"layer": "vista", "dxf_type": "LINE"}, "geometry": {"type": "LineString", "coordinates": [[-54.987714250128235, -10.23927730972092], [-54.98800389960106, -10.239626522517643]]}}, {"type": "Feature", "properties": {"layer": "vista", "dxf_type": "LINE"}, "geometry": {"type": "LineString", "coordinates": [[-54.98758732725942, -10.239380591708443], [-54.98787697572486, -10.239729805505835]]}}, {"type": "Feature", "properties": {"layer": "vista", "dxf_type": "LINE"}, "geometry": {"type": "LineString", "coordinates": [[-54.987474506858845, -10.239472398868603], [-54.98776415525076, -10.239821611853161]]}}, {"type": "Feature", "properties": {"layer": "vista", "dxf_type": "LINE"}, "geometry": {"type": "LineString", "coordinates": [[-54.98736168640148, -10.239564205072854], [-54.98765133470847, -10.239913419052337]]}}, {"type": "Feature", "properties": {"layer": "vista", "dxf_type": "LINE"}, "geometry": {"type": "LineString", "coordinates": [[-54.987009122058744, -10.239851100820541], [-54.9872987701238, -10.240200314180672]]}}, {"type": "Feature", "properties": {"layer": "vista", "dxf_type": "LINE"}, "geometry": {"type": "LineString", "coordinates": [[-54.987136045293575, -10.239747818229148], [-54.98742569344778, -10.240097031486833]]}}, {"type": "Feature", "properties": {"layer": "vista", "dxf_type": "LINE"}, "geometry": {"type": "LineString", "coordinates": [[-54.98724886587592, -10.239656012128966], [-54.98753851410937, -10.2400052252956]]}}, {"type": "Feature", "properties": {"layer": "vista", "dxf_type": "LINE"}, "geometry": {"type": "LineString", "coordinates": [[-54.985281224139825, -10.236343913859313], [-54.98557086757465, -10.23669312786104]]}}, {"type": "Feature", "properties": {"layer": "vista", "dxf_type": "LINE"}, "geometry": {"type": "LineString", "coordinates": [[-54.984576099318616, -10.236917700174399], [-54.984865743170545, -10.23726691475059]]}}, {"type": "Feature", "properties": {"layer": "vista", "dxf_type": "LINE"}, "geometry": {"type": "LineString", "coordinates": [[-54.98439981796158, -10.237061146211001], [-54.98468946077709, -10.237410360923745]]}}, {"type": "Feature", "properties": {"layer": "vista", "dxf_type": "LINE"}, "geometry": {"type": "LineString", "coordinates": [[-54.983694690095675, -10.237634929081214], [-54.983984333322454, -10.237984145272318]]}}, {"type": "Feature", "properties": {"layer": "vista", "dxf_type": "LINE"}, "geometry": {"type": "LineString", "coordinates": [[-54.9861277076335, -10.240568335701173], [-54.986417355073705, -10.240917550676519]]}}, {"type": "Feature", "properties": {"layer": "vista", "dxf_type": "LINE"}, "geometry": {"type": "LineString", "coordinates": [[-54.9869776635557, -10.240169154821121], [-54.98627253128016, -10.24074294275492]]}}, {"type": "Feature", "properties": {"layer": "vista", "dxf_type": "LINE"}, "geometry": {"type": "LineString", "coordinates": [[-54.98557086757465, -10.23669312786104], [-54.98658462530789, -10.237915376642224]]}}, {"type": "Feature", "properties": {"layer": "vista", "dxf_type": "LINE"}, "geometry": {"type": "LineString", "coordinates": [[-54.986700484066134, -10.238055062907037], [-54.987714250128235, -10.23927730972092]]}}, {"type": "Feature", "properties": {"layer": "vista", "dxf_type": "LINE"}, "geometry": {"type": "LineString", "coordinates": [[-54.986347921206054, -10.238341957263254], [-54.98736168640148, -10.239564205072854]]}}, {"type": "Feature", "properties": {"layer": "vista", "dxf_type": "LINE"}, "geometry": {"type": "LineString", "coordinates": [[-54.98599535682323, -10.238628851105684], [-54.987009122058744, -10.239851100820541]]}}, {"type": "Feature", "properties": {"layer": "vista", "dxf_type": "LINE"}, "geometry": {"type": "LineString", "coordinates": [[-54.98521830567479, -10.236980022011833], [-54.986087239803624, -10.238027664915569]]}}, {"type": "Feature", "properties": {"layer": "vista", "dxf_type": "LINE"}, "geometry": {"type": "LineString", "coordinates": [[-54.984865743170545, -10.23726691475059], [-54.98587949916996, -10.238489165522848]]}}, {"type": "Feature", "properties": {"layer": "vista", "dxf_type": "LINE"}, "geometry": {"type": "LineString", "coordinates": [[-54.98468946077709, -10.237410360923745], [-54.98570321725554, -10.238632612199426]]}}, {"type": "Feature", "properties": {"layer": "vista", "dxf_type": "LINE"}, "geometry": {"type": "LineString", "coordinates": [[-54.985819074859265, -10.23877229783916], [-54.98712248760261, -10.240343761554284]]}}, {"type": "Feature", "properties": {"layer": "vista", "dxf_type": "LINE"}, "geometry": {"type": "LineString", "coordinates": [[-54.98546651046799, -10.239059191828845], [-54.9867699211899, -10.24063065591473]]}}, {"type": "Feature", "properties": {"layer": "vista", "dxf_type": "LINE"}, "geometry": {"type": "LineString", "coordinates": [[-54.98511394547217, -10.239346084406431], [-54.9861277076335, -10.240568335701173]]}}, {"type": "Feature", "properties": {"layer": "vista", "dxf_type": "LINE"}, "geometry": {"type": "LineString", "coordinates": [[-54.98404725478996, -10.237348037903066], [-54.98535065205079, -10.238919506069676]]}}, {"type": "Feature", "properties": {"layer": "vista", "dxf_type": "LINE"}, "geometry": {"type": "LineString", "coordinates": [[-54.983984333322454, -10.237984145272318], [-54.984998087154075, -10.239206398533469]]}}, {"type": "Feature", "properties": {"layer": "vista", "dxf_type": "LINE"}, "geometry": {"type": "LineString", "coordinates": [[-54.986417355073705, -10.240917550676519], [-54.986707003129965, -10.241266764603782]]}}, {"type": "Feature", "properties": {"layer": "vista", "dxf_type": "LINE"}, "geometry": {"type": "LineString", "coordinates": [[-54.98712248760261, -10.240343761554284], [-54.98705957040069, -10.240979870466983]]}}, {"type": "Feature", "properties": {"layer": "vista", "dxf_type": "LINE"}, "geometry": {"type": "LineString", "coordinates": [[-54.986707003129965, -10.241266764603782], [-54.98705957040069, -10.240979870466983]]}}, {"type": "Feature", "properties": {"layer": "vista", "dxf_type": "LINE"}, "geometry": {"type": "LineString", "coordinates": [[-54.98814872411006, -10.239801128859085], [-54.987443594385205, -10.240374920806662]]}}, {"type": "Feature", "properties": {"layer": "vista", "dxf_type": "LINE"}, "geometry": {"type": "LineString", "coordinates": [[-54.988728023666155, -10.240499554768054], [-54.98802289386356, -10.241073347859476]]}}, {"type": "Feature", "properties": {"layer": "vista", "dxf_type": "LINE"}, "geometry": {"type": "LineString", "coordinates": [[-54.988728023666155, -10.240499554768054], [-54.98814872411006, -10.239801128859085]]}}, {"type": "Feature", "properties": {"layer": "vista", "dxf_type": "LINE"}, "geometry": {"type": "LineString", "coordinates": [[-54.98802289386356, -10.241073347859476], [-54.987443594385205, -10.240374920806662]]}}, {"type": "Feature", "properties": {"layer": "vista", "dxf_type": "LINE"}, "geometry": {"type": "LineString", "coordinates": [[-54.99006776538382, -10.239409343301089], [-54.98948846303417, -10.238710919549005]]}}, {"type": "Feature", "properties": {"layer": "vista", "dxf_type": "LINE"}, "geometry": {"type": "LineString", "coordinates": [[-54.99020879012479, -10.239294583485977], [-54.98962948757718, -10.238596159961503]]}}, {"type": "Feature", "properties": {"layer": "vista", "dxf_type": "LINE"}, "geometry": {"type": "LineString", "coordinates": [[-54.99091391327178, -10.238720784100888], [-54.990334609728855, -10.238022362618409]]}}, {"type": "Feature", "properties": {"layer": "vista", "dxf_type": "LINE"}, "geometry": {"type": "LineString", "coordinates": [[-54.99105493742119, -10.238606024702051], [-54.99047563368603, -10.23790760254332]]}}, {"type": "Feature", "properties": {"layer": "vista", "dxf_type": "LINE"}, "geometry": {"type": "LineString", "coordinates": [[-54.99274722056179, -10.23722889744931], [-54.992167915365016, -10.236530478027493]]}}, {"type": "Feature", "properties": {"layer": "vista", "dxf_type": "LINE"}, "geometry": {"type": "LineString", "coordinates": [[-54.99288824436013, -10.237114136096034], [-54.992308938053014, -10.236415716896202]]}}, {"type": "Feature", "properties": {"layer": "vista", "dxf_type": "LINE"}, "geometry": {"type": "LineString", "coordinates": [[-54.99359335731893, -10.236540328987012], [-54.993014050929844, -10.235841911834653]]}}, {"type": "Feature", "properties": {"layer": "vista", "dxf_type": "LINE"}, "geometry": {"type": "LineString", "coordinates": [[-54.99369694025314, -10.240082561869595], [-54.99311762866996, -10.239384143777945]]}}, {"type": "Feature", "properties": {"layer": "vista", "dxf_type": "LINE"}, "geometry": {"type": "LineString", "coordinates": [[-54.99426103691313, -10.239623515982895], [-54.993681723626345, -10.238925098796306]]}}, {"type": "Feature", "properties": {"layer": "vista", "dxf_type": "LINE"}, "geometry": {"type": "LineString", "coordinates": [[-54.99313284294307, -10.240541606462083], [-54.992553531238514, -10.239843187454076]]}}, {"type": "Feature", "properties": {"layer": "vista", "dxf_type": "LINE"}, "geometry": {"type": "LineString", "coordinates": [[-54.992316832352046, -10.240269772718888], [-54.99266939356661, -10.239982871303067]]}}, {"type": "Feature", "properties": {"layer": "vista", "dxf_type": "LINE"}, "geometry": {"type": "LineString", "coordinates": [[-54.992432693766325, -10.240409456652955], [-54.99278525599237, -10.240122555128922]]}}, {"type": "Feature", "properties": {"layer": "vista", "dxf_type": "LINE"}, "geometry": {"type": "LineString", "coordinates": [[-54.99254855619083, -10.240549140569533], [-54.99290111760323, -10.24026223892602]]}}, {"type": "Feature", "properties": {"layer": "vista", "dxf_type": "LINE"}, "geometry": {"type": "LineString", "coordinates": [[-54.99266441871301, -10.240688824462973], [-54.99301698022432, -10.240401922705619]]}}, {"type": "Feature", "properties": {"layer": "vista", "dxf_type": "LINE"}, "geometry": {"type": "LineString", "coordinates": [[-54.9937975862709, -10.239064782281021], [-54.99415014492195, -10.238777878732593]]}}, {"type": "Feature", "properties": {"layer": "vista", "dxf_type": "LINE"}, "geometry": {"type": "LineString", "coordinates": [[-54.993913449013114, -10.239204465742601], [-54.99426600776303, -10.23891756208034]]}}, {"type": "Feature", "properties": {"layer": "vista", "dxf_type": "LINE"}, "geometry": {"type": "LineString", "coordinates": [[-54.994029311852984, -10.239344149181044], [-54.99438187070177, -10.239057245404947]]}}, {"type": "Feature", "properties": {"layer": "vista", "dxf_type": "LINE"}, "geometry": {"type": "LineString", "coordinates": [[-54.994145173877946, -10.23948383259072], [-54.994497733738164, -10.239196928706411]]}}, {"type": "Feature", "properties": {"layer": "vista", "dxf_type": "LINE"}, "geometry": {"type": "LineString", "coordinates": [[-54.992843187241874, -10.240192397033185], [-54.99397138042084, -10.239274307464722]]}}, {"type": "Feature", "properties": {"layer": "vista", "dxf_type": "LINE"}, "geometry": {"type": "LineString", "coordinates": [[-54.98904913198026, -10.240530712499183], [-54.99032360276405, -10.242067246349897]]}}, {"type": "Feature", "properties": {"layer": "vista", "dxf_type": "LINE"}, "geometry": {"type": "LineString", "coordinates": [[-54.989613233773056, -10.240071676109455], [-54.99062701767512, -10.241293917044253]]}}, {"type": "Feature", "properties": {"layer": "vista", "dxf_type": "LINE"}, "geometry": {"type": "LineString", "coordinates": [[-54.98971900268348, -10.23998560692406], [-54.990645891027306, -10.241103084225367]]}}, {"type": "Feature", "properties": {"layer": "vista", "dxf_type": "LINE"}, "geometry": {"type": "LineString", "coordinates": [[-54.990283103533386, -10.239526568995668], [-54.99120999314401, -10.240644044839906]]}}, {"type": "Feature", "properties": {"layer": "vista", "dxf_type": "LINE"}, "geometry": {"type": "LineString", "coordinates": [[-54.99038887209591, -10.239440499520724], [-54.99140265790311, -10.240662738264222]]}}, {"type": "Feature", "properties": {"layer": "vista", "dxf_type": "LINE"}, "geometry": {"type": "LineString", "coordinates": [[-54.989280852649216, -10.24081008216689], [-54.989844955671366, -10.240351045418555]]}}, {"type": "Feature", "properties": {"layer": "vista", "dxf_type": "LINE"}, "geometry": {"type": "LineString", "coordinates": [[-54.989280852649216, -10.24081008216689], [-54.98904913198026, -10.240530712499183]]}}, {"type": "Feature", "properties": {"layer": "vista", "dxf_type": "LINE"}, "geometry": {"type": "LineString", "coordinates": [[-54.98939367319386, -10.240718275281695], [-54.989161952461544, -10.24043890568684]]}}, {"type": "Feature", "properties": {"layer": "vista", "dxf_type": "LINE"}, "geometry": {"type": "LineString", "coordinates": [[-54.989506493676004, -10.24062646834448], [-54.98927477288602, -10.240347097918592]]}}, {"type": "Feature", "properties": {"layer": "vista", "dxf_type": "LINE"}, "geometry": {"type": "LineString", "coordinates": [[-54.9896193150139, -10.240534660456998], [-54.989387593242306, -10.2402552910022]]}}, {"type": "Feature", "properties": {"layer": "vista", "dxf_type": "LINE"}, "geometry": {"type": "LineString", "coordinates": [[-54.989732135371035, -10.240442853415734], [-54.989500413536085, -10.240163484033772]]}}, {"type": "Feature", "properties": {"layer": "vista", "dxf_type": "LINE"}, "geometry": {"type": "LineString", "coordinates": [[-54.989562903896484, -10.240580564404413], [-54.99060565472972, -10.241837726863878]]}}, {"type": "Feature", "properties": {"layer": "vista", "dxf_type": "LINE"}, "geometry": {"type": "LineString", "coordinates": [[-54.989280852649216, -10.24081008216689], [-54.989562903896484, -10.240580564404413]]}}, {"type": "Feature", "properties": {"layer": "vista", "dxf_type": "LINE"}, "geometry": {"type": "LineString", "coordinates": [[-54.989562903896484, -10.240580564404413], [-54.989844955671366, -10.240351045418555]]}}, {"type": "Feature", "properties": {"layer": "vista", "dxf_type": "LINE"}, "geometry": {"type": "LineString", "coordinates": [[-54.98936774879928, -10.240914845773402], [-54.989649800105944, -10.240685327942625]]}}, {"type": "Feature", "properties": {"layer": "vista", "dxf_type": "LINE"}, "geometry": {"type": "LineString", "coordinates": [[-54.989649800105944, -10.240685327942625], [-54.989931851021964, -10.240455809786711]]}}, {"type": "Feature", "properties": {"layer": "vista", "dxf_type": "LINE"}, "geometry": {"type": "LineString", "coordinates": [[-54.989454644086024, -10.24101961026516], [-54.989736695457786, -10.240790091462198]]}}, {"type": "Feature", "properties": {"layer": "vista", "dxf_type": "LINE"}, "geometry": {"type": "LineString", "coordinates": [[-54.989736695457786, -10.240790091462198], [-54.99001874643319, -10.240560573237987]]}}, {"type": "Feature", "properties": {"layer": "vista", "dxf_type": "LINE"}, "geometry": {"type": "LineString", "coordinates": [[-54.989541539433404, -10.241124373840043], [-54.98982359086456, -10.240894854968781]]}}, {"type": "Feature", "properties": {"layer": "vista", "dxf_type": "LINE"}, "geometry": {"type": "LineString", "coordinates": [[-54.98982359086456, -10.240894854968781], [-54.99010564281192, -10.240665336681907]]}}, {"type": "Feature", "properties": {"layer": "vista", "dxf_type": "LINE"}, "geometry": {"type": "LineString", "coordinates": [[-54.989628434835716, -10.241229137401934], [-54.989910487238824, -10.240999618468008]]}}, {"type": "Feature", "properties": {"layer": "vista", "dxf_type": "LINE"}, "geometry": {"type": "LineString", "coordinates": [[-54.989910487238824, -10.240999618468008], [-54.99019253833301, -10.24077010010719]]}}, {"type": "Feature", "properties": {"layer": "vista", "dxf_type": "LINE"}, "geometry": {"type": "LineString", "coordinates": [[-54.98971533120553, -10.241333900956445], [-54.98999738275547, -10.241104381948583]]}}, {"type": "Feature", "properties": {"layer": "vista", "dxf_type": "LINE"}, "geometry": {"type": "LineString", "coordinates": [[-54.98999738275547, -10.241104381948583], [-54.990279433909045, -10.24087486351948]]}}, {"type": "Feature", "properties": {"layer": "vista", "dxf_type": "LINE"}, "geometry": {"type": "LineString", "coordinates": [[-54.98980222671772, -10.241438664492343], [-54.99008427832136, -10.241209146320053]]}}, {"type": "Feature", "properties": {"layer": "vista", "dxf_type": "LINE"}, "geometry": {"type": "LineString", "coordinates": [[-54.99008427832136, -10.241209146320053], [-54.99036633045258, -10.240979626924391]]}}, {"type": "Feature", "properties": {"layer": "vista", "dxf_type": "LINE"}, "geometry": {"type": "LineString", "coordinates": [[-54.98988912228485, -10.24154342801524], [-54.99017117486044, -10.241313909780288]]}}, {"type": "Feature", "properties": {"layer": "vista", "dxf_type": "LINE"}, "geometry": {"type": "LineString", "coordinates": [[-54.99017117486044, -10.241313909780288], [-54.99045322613849, -10.241084390310675]]}}, {"type": "Feature", "properties": {"layer": "vista", "dxf_type": "LINE"}, "geometry": {"type": "LineString", "coordinates": [[-54.98997601881948, -10.241648191530784], [-54.990258070541906, -10.241418673221883]]}}, {"type": "Feature", "properties": {"layer": "vista", "dxf_type": "LINE"}, "geometry": {"type": "LineString", "coordinates": [[-54.990258070541906, -10.241418673221883], [-54.99054012187934, -10.241189153683965]]}}, {"type": "Feature", "properties": {"layer": "vista", "dxf_type": "LINE"}, "geometry": {"type": "LineString", "coordinates": [[-54.9900629144965, -10.241752955027685], [-54.99034496627831, -10.241523436650478]]}}, {"type": "Feature", "properties": {"layer": "vista", "dxf_type": "LINE"}, "geometry": {"type": "LineString", "coordinates": [[-54.99034496627831, -10.241523436650478], [-54.99062701767512, -10.241293917044253]]}}, {"type": "Feature", "properties": {"layer": "vista", "dxf_type": "LINE"}, "geometry": {"type": "LineString", "coordinates": [[-54.99014981022845, -10.24185771851157], [-54.99043186206965, -10.241628200066069]]}}, {"type": "Feature", "properties": {"layer": "vista", "dxf_type": "LINE"}, "geometry": {"type": "LineString", "coordinates": [[-54.99023670600965, -10.241962482886356], [-54.99051875882849, -10.241732963474284]]}}, {"type": "Feature", "properties": {"layer": "vista", "dxf_type": "LINE"}, "geometry": {"type": "LineString", "coordinates": [[-54.99032360276405, -10.242067246349897], [-54.99060565472972, -10.241837726863878]]}}, {"type": "Feature", "properties": {"layer": "vista", "dxf_type": "LINE"}, "geometry": {"type": "LineString", "coordinates": [[-54.989950724641176, -10.240264976164879], [-54.990514824895236, -10.239805937866587]]}}, {"type": "Feature", "properties": {"layer": "vista", "dxf_type": "LINE"}, "geometry": {"type": "LineString", "coordinates": [[-54.99006354481472, -10.240173168970792], [-54.98983182371192, -10.239893798904598]]}}, {"type": "Feature", "properties": {"layer": "vista", "dxf_type": "LINE"}, "geometry": {"type": "LineString", "coordinates": [[-54.99017636493144, -10.240081360820822], [-54.98994464375961, -10.239801991731358]]}}, {"type": "Feature", "properties": {"layer": "vista", "dxf_type": "LINE"}, "geometry": {"type": "LineString", "coordinates": [[-54.99028918497998, -10.239989553522719], [-54.9900574637448, -10.239710184506103]]}}, {"type": "Feature", "properties": {"layer": "vista", "dxf_type": "LINE"}, "geometry": {"type": "LineString", "coordinates": [[-54.99040200496601, -10.239897746172602], [-54.99017028367319, -10.239618376324952]]}}, {"type": "Feature", "properties": {"layer": "vista", "dxf_type": "LINE"}, "geometry": {"type": "LineString", "coordinates": [[-54.989950724641176, -10.240264976164879], [-54.990232774960674, -10.240035457630224]]}}, {"type": "Feature", "properties": {"layer": "vista", "dxf_type": "LINE"}, "geometry": {"type": "LineString", "coordinates": [[-54.990232774960674, -10.240035457630224], [-54.990514824895236, -10.239805937866587]]}}, {"type": "Feature", "properties": {"layer": "vista", "dxf_type": "LINE"}, "geometry": {"type": "LineString", "coordinates": [[-54.99060172130513, -10.239910701174294], [-54.99031967039863, -10.240140221000587]]}}, {"type": "Feature", "properties": {"layer": "vista", "dxf_type": "LINE"}, "geometry": {"type": "LineString", "coordinates": [[-54.99031967039863, -10.240140221000587], [-54.99003762001974, -10.240369739603523]]}}, {"type": "Feature", "properties": {"layer": "vista", "dxf_type": "LINE"}, "geometry": {"type": "LineString", "coordinates": [[-54.9906886168574, -10.240015464463346], [-54.99040656680407, -10.240244984363574]]}}, {"type": "Feature", "properties": {"layer": "vista", "dxf_type": "LINE"}, "geometry": {"type": "LineString", "coordinates": [[-54.99040656680407, -10.240244984363574], [-54.99012451545324, -10.240474503029185]]}}, {"type": "Feature", "properties": {"layer": "vista", "dxf_type": "LINE"}, "geometry": {"type": "LineString", "coordinates": [[-54.9907755124589, -10.240120228643299], [-54.990493462351886, -10.240349747707944]]}}, {"type": "Feature", "properties": {"layer": "vista", "dxf_type": "LINE"}, "geometry": {"type": "LineString", "coordinates": [[-54.990493462351886, -10.240349747707944], [-54.99021141185423, -10.240579266447495]]}}, {"type": "Feature", "properties": {"layer": "vista", "dxf_type": "LINE"}, "geometry": {"type": "LineString", "coordinates": [[-54.99086240903359, -10.24022499191201], [-54.99058035795464, -10.240454511039315]]}}, {"type": "Feature", "properties": {"layer": "vista", "dxf_type": "LINE"}, "geometry": {"type": "LineString", "coordinates": [[-54.99058035795464, -10.240454511039315], [-54.9902983073919, -10.24068403075105]]}}, {"type": "Feature", "properties": {"layer": "vista", "dxf_type": "LINE"}, "geometry": {"type": "LineString", "coordinates": [[-54.99094930475065, -10.24032975516208], [-54.99066725452489, -10.240559274363326]]}}, {"type": "Feature", "properties": {"layer": "vista", "dxf_type": "LINE"}, "geometry": {"type": "LineString", "coordinates": [[-54.99066725452489, -10.240559274363326], [-54.99038520299021, -10.24078879413772]]}}, {"type": "Feature", "properties": {"layer": "vista", "dxf_type": "LINE"}, "geometry": {"type": "LineString", "coordinates": [[-54.99103620052265, -10.24043451839915], [-54.99075415023751, -10.240664037668699]]}}, {"type": "Feature", "properties": {"layer": "vista", "dxf_type": "LINE"}, "geometry": {"type": "LineString", "coordinates": [[-54.99075415023751, -10.240664037668699], [-54.990472099556015, -10.240893557517033]]}}, {"type": "Feature", "properties": {"layer": "vista", "dxf_type": "LINE"}, "geometry": {"type": "LineString", "coordinates": [[-54.99112309726214, -10.240539281628859], [-54.990841046005066, -10.240768800961051]]}}, {"type": "Feature", "properties": {"layer": "vista", "dxf_type": "LINE"}, "geometry": {"type": "LineString", "coordinates": [[-54.990841046005066, -10.240768800961051], [-54.99055899526419, -10.240998320877692]]}}, {"type": "Feature", "properties": {"layer": "vista", "dxf_type": "LINE"}, "geometry": {"type": "LineString", "coordinates": [[-54.990645891027306, -10.241103084225367], [-54.99092794273442, -10.240873565149942]]}}, {"type": "Feature", "properties": {"layer": "vista", "dxf_type": "LINE"}, "geometry": {"type": "LineString", "coordinates": [[-54.99092794273442, -10.240873565149942], [-54.99120999314401, -10.240644044839906]]}}, {"type": "Feature", "properties": {"layer": "vista", "dxf_type": "LINE"}, "geometry": {"type": "LineString", "coordinates": [[-54.99062059442971, -10.23971986832899], [-54.99118469282835, -10.239260828486573]]}}, {"type": "Feature", "properties": {"layer": "vista", "dxf_type": "LINE"}, "geometry": {"type": "LineString", "coordinates": [[-54.99073341423215, -10.239628060826085], [-54.99050169184071, -10.239348691186768]]}}, {"type": "Feature", "properties": {"layer": "vista", "dxf_type": "LINE"}, "geometry": {"type": "LineString", "coordinates": [[-54.99084623397779, -10.239536252367282], [-54.99061451151733, -10.239256883704693]]}}, {"type": "Feature", "properties": {"layer": "vista", "dxf_type": "LINE"}, "geometry": {"type": "LineString", "coordinates": [[-54.99095905365524, -10.239444444760338], [-54.990727331131446, -10.239165076170611]]}}, {"type": "Feature", "properties": {"layer": "vista", "dxf_type": "LINE"}, "geometry": {"type": "LineString", "coordinates": [[-54.991071873275885, -10.23935263619752], [-54.99084015160132, -10.239073267686274]]}}, {"type": "Feature", "properties": {"layer": "vista", "dxf_type": "LINE"}, "geometry": {"type": "LineString", "coordinates": [[-54.99062059442971, -10.23971986832899], [-54.99090264382718, -10.23949034811837]]}}, {"type": "Feature", "properties": {"layer": "vista", "dxf_type": "LINE"}, "geometry": {"type": "LineString", "coordinates": [[-54.99090264382718, -10.23949034811837], [-54.99118469282835, -10.239260828486573]]}}, {"type": "Feature", "properties": {"layer": "vista", "dxf_type": "LINE"}, "geometry": {"type": "LineString", "coordinates": [[-54.99070748994931, -10.239824631605446], [-54.99098953940046, -10.239595112230415]]}}, {"type": "Feature", "properties": {"layer": "vista", "dxf_type": "LINE"}, "geometry": {"type": "LineString", "coordinates": [[-54.99098953940046, -10.239595112230415], [-54.99127158846668, -10.239365591626441]]}}, {"type": "Feature", "properties": {"layer": "vista", "dxf_type": "LINE"}, "geometry": {"type": "LineString", "coordinates": [[-54.990794385523834, -10.239929394868904], [-54.99107643503436, -10.239699875425577]]}}, {"type": "Feature", "properties": {"layer": "vista", "dxf_type": "LINE"}, "geometry": {"type": "LineString", "coordinates": [[-54.99107643503436, -10.239699875425577], [-54.99135848507251, -10.239470354758947]]}}, {"type": "Feature", "properties": {"layer": "vista", "dxf_type": "LINE"}, "geometry": {"type": "LineString", "coordinates": [[-54.9908812811533, -10.240034158119347], [-54.991163331635754, -10.23980463861336]]}}, {"type": "Feature", "properties": {"layer": "vista", "dxf_type": "LINE"}, "geometry": {"type": "LineString", "coordinates": [[-54.991163331635754, -10.23980463861336], [-54.99144538082071, -10.239575117872795]]}}, {"type": "Feature", "properties": {"layer": "vista", "dxf_type": "LINE"}, "geometry": {"type": "LineString", "coordinates": [[-54.990968177750254, -10.240138921362444], [-54.99125022737952, -10.239909401782521]]}}, {"type": "Feature", "properties": {"layer": "vista", "dxf_type": "LINE"}, "geometry": {"type": "LineString", "coordinates": [[-54.99125022737952, -10.239909401782521], [-54.99153227662384, -10.239679880973659]]}}, {"type": "Feature", "properties": {"layer": "vista", "dxf_type": "LINE"}, "geometry": {"type": "LineString", "coordinates": [[-54.991055073489576, -10.240243684586902], [-54.99133712317822, -10.24001416493868]]}}, {"type": "Feature", "properties": {"layer": "vista", "dxf_type": "LINE"}, "geometry": {"type": "LineString", "coordinates": [[-54.99133712317822, -10.24001416493868], [-54.99161917338878, -10.239784644971039]]}}, {"type": "Feature", "properties": {"layer": "vista", "dxf_type": "LINE"}, "geometry": {"type": "LineString", "coordinates": [[-54.991141969278154, -10.240348448702244], [-54.991424019944404, -10.240118928087472]]}}, {"type": "Feature", "properties": {"layer": "vista", "dxf_type": "LINE"}, "geometry": {"type": "LineString", "coordinates": [[-54.991424019944404, -10.240118928087472], [-54.99170606930176, -10.239889408045896]]}}, {"type": "Feature", "properties": {"layer": "vista", "dxf_type": "LINE"}, "geometry": {"type": "LineString", "coordinates": [[-54.99122886603991, -10.240453211906337], [-54.99151091585297, -10.24022369121763]]}}, {"type": "Feature", "properties": {"layer": "vista", "dxf_type": "LINE"}, "geometry": {"type": "LineString", "coordinates": [[-54.99151091585297, -10.24022369121763], [-54.991792965269696, -10.239994171107751]]}}, {"type": "Feature", "properties": {"layer": "vista", "dxf_type": "LINE"}, "geometry": {"type": "LineString", "coordinates": [[-54.99131576194404, -10.24055797509179], [-54.99159781181647, -10.240328454334778]]}}, {"type": "Feature", "properties": {"layer": "vista", "dxf_type": "LINE"}, "geometry": {"type": "LineString", "coordinates": [[-54.99159781181647, -10.240328454334778], [-54.99187986129255, -10.2400989341566]]}}, {"type": "Feature", "properties": {"layer": "vista", "dxf_type": "LINE"}, "geometry": {"type": "LineString", "coordinates": [[-54.990232774960674, -10.240035457630224], [-54.99092794273442, -10.240873565149942]]}}, {"type": "Feature", "properties": {"layer": "vista", "dxf_type": "LINE"}, "geometry": {"type": "LineString", "coordinates": [[-54.99090264382718, -10.23949034811837], [-54.991684708747464, -10.24043321744454]]}}, {"type": "Feature", "properties": {"layer": "vista", "dxf_type": "LINE"}, "geometry": {"type": "LineString", "coordinates": [[-54.99140265790311, -10.240662738264222], [-54.991684708747464, -10.24043321744454]]}}, {"type": "Feature", "properties": {"layer": "vista", "dxf_type": "LINE"}, "geometry": {"type": "LineString", "coordinates": [[-54.991684708747464, -10.24043321744454], [-54.991966758282906, -10.240203697198059]]}}, {"type": "Feature", "properties": {"layer": "vista", "dxf_type": "LINE"}, "geometry": {"type": "LineString", "coordinates": [[-54.99034496627831, -10.241523436650478], [-54.991966758282906, -10.240203697198059]]}}, {"type": "Feature", "properties": {"layer": "vista", "dxf_type": "LINE"}, "geometry": {"type": "LineString", "coordinates": [[-54.99266193070241, -10.241041801931656], [-54.99209783028544, -10.241500844096377]]}}, {"type": "Feature", "properties": {"layer": "vista", "dxf_type": "LINE"}, "geometry": {"type": "LineString", "coordinates": [[-54.992034890840735, -10.241552060311134], [-54.99111300001841, -10.242302250981334]]}}, {"type": "Feature", "properties": {"layer": "vista", "dxf_type": "LINE"}, "geometry": {"type": "LineString", "coordinates": [[-54.99177187883294, -10.243813302995193], [-54.99049739461256, -10.242276773226697]]}}, {"type": "Feature", "properties": {"layer": "vista", "dxf_type": "LINE"}, "geometry": {"type": "LineString", "coordinates": [[-54.992335985259636, -10.243354262330229], [-54.9913221887513, -10.242132024379211]]}}, {"type": "Feature", "properties": {"layer": "vista", "dxf_type": "LINE"}, "geometry": {"type": "LineString", "coordinates": [[-54.992441754867734, -10.243268192342178], [-54.991514854412195, -10.242150717907695]]}}, {"type": "Feature", "properties": {"layer": "vista", "dxf_type": "LINE"}, "geometry": {"type": "LineString", "coordinates": [[-54.99300585943821, -10.242809150133011], [-54.992078957716316, -10.241691677156055]]}}, {"type": "Feature", "properties": {"layer": "vista", "dxf_type": "LINE"}, "geometry": {"type": "LineString", "coordinates": [[-54.99311162869828, -10.24272307985546], [-54.99209783028544, -10.241500844096377]]}}, {"type": "Feature", "properties": {"layer": "vista", "dxf_type": "LINE"}, "geometry": {"type": "LineString", "coordinates": [[-54.99177187883294, -10.243813302995193], [-54.992335985259636, -10.243354262330229]]}}, {"type": "Feature", "properties": {"layer": "vista", "dxf_type": "LINE"}, "geometry": {"type": "LineString", "coordinates": [[-54.99154015396378, -10.243533934321437], [-54.992104260073845, -10.24307489402088]]}}, {"type": "Feature", "properties": {"layer": "vista", "dxf_type": "LINE"}, "geometry": {"type": "LineString", "coordinates": [[-54.99154015396378, -10.243533934321437], [-54.99177187883294, -10.243813302995193]]}}, {"type": "Feature", "properties": {"layer": "vista", "dxf_type": "LINE"}, "geometry": {"type": "LineString", "coordinates": [[-54.99165297512605, -10.243442126725792], [-54.99188470097112, -10.243721495332302]]}}, {"type": "Feature", "properties": {"layer": "vista", "dxf_type": "LINE"}, "geometry": {"type": "LineString", "coordinates": [[-54.99176579623148, -10.243350318174228], [-54.99199752213419, -10.243629687611756]]}}, {"type": "Feature", "properties": {"layer": "vista", "dxf_type": "LINE"}, "geometry": {"type": "LineString", "coordinates": [[-54.99187861726871, -10.243258510474547], [-54.99211034324043, -10.24353787893529]]}}, {"type": "Feature", "properties": {"layer": "vista", "dxf_type": "LINE"}, "geometry": {"type": "LineString", "coordinates": [[-54.9919914382434, -10.243166702722846], [-54.99222316427846, -10.24344607111071]]}}, {"type": "Feature", "properties": {"layer": "vista", "dxf_type": "LINE"}, "geometry": {"type": "LineString", "coordinates": [[-54.991822206755074, -10.24330441478284], [-54.99077944760956, -10.242047253609693]]}}, {"type": "Feature", "properties": {"layer": "vista", "dxf_type": "LINE"}, "geometry": {"type": "LineString", "coordinates": [[-54.99154015396378, -10.243533934321437], [-54.991822206755074, -10.24330441478284]]}}, {"type": "Feature", "properties": {"layer": "vista", "dxf_type": "LINE"}, "geometry": {"type": "LineString", "coordinates": [[-54.991822206755074, -10.24330441478284], [-54.992104260073845, -10.24307489402088]]}}, {"type": "Feature", "properties": {"layer": "vista", "dxf_type": "LINE"}, "geometry": {"type": "LineString", "coordinates": [[-54.99145325735267, -10.24342917104562], [-54.991735310084586, -10.243199651575353]]}}, {"type": "Feature", "properties": {"layer": "vista", "dxf_type": "LINE"}, "geometry": {"type": "LineString", "coordinates": [[-54.991735310084586, -10.243199651575353], [-54.99201736243141, -10.24297013087608]]}}, {"type": "Feature", "properties": {"layer": "vista", "dxf_type": "LINE"}, "geometry": {"type": "LineString", "coordinates": [[-54.99136635988393, -10.24332440775116], [-54.991648413474735, -10.243094887450967]]}}, {"type": "Feature", "properties": {"layer": "vista", "dxf_type": "LINE"}, "geometry": {"type": "LineString", "coordinates": [[-54.991648413474735, -10.243094887450967], [-54.99193046575651, -10.242865367723901]]}}, {"type": "Feature", "properties": {"layer": "vista", "dxf_type": "LINE"}, "geometry": {"type": "LineString", "coordinates": [[-54.991279463382725, -10.243219644449326], [-54.99156151600158, -10.242990124211818]]}}, {"type": "Feature", "properties": {"layer": "vista", "dxf_type": "LINE"}, "geometry": {"type": "LineString", "coordinates": [[-54.99156151600158, -10.242990124211818], [-54.99184356913655, -10.242760604558711]]}}, {"type": "Feature", "properties": {"layer": "vista", "dxf_type": "LINE"}, "geometry": {"type": "LineString", "coordinates": [[-54.99119256693646, -10.243114881134476], [-54.991474619495946, -10.242885360965296]]}}, {"type": "Feature", "properties": {"layer": "vista", "dxf_type": "LINE"}, "geometry": {"type": "LineString", "coordinates": [[-54.991474619495946, -10.242885360965296], [-54.991756671658976, -10.242655841374889]]}}, {"type": "Feature", "properties": {"layer": "vista", "dxf_type": "LINE"}, "geometry": {"type": "LineString", "coordinates": [[-54.99110566963258, -10.243010117801004], [-54.991387723045264, -10.242780597705782]]}}, {"type": "Feature", "properties": {"layer": "vista", "dxf_type": "LINE"}, "geometry": {"type": "LineString", "coordinates": [[-54.991387723045264, -10.242780597705782], [-54.99166977514892, -10.24255107818368]]}}, {"type": "Feature", "properties": {"layer": "vista", "dxf_type": "LINE"}, "geometry": {"type": "LineString", "coordinates": [[-54.991018773301924, -10.242905353556258], [-54.99130082573696, -10.2426758344276]]}}, {"type": "Feature", "properties": {"layer": "vista", "dxf_type": "LINE"}, "geometry": {"type": "LineString", "coordinates": [[-54.99130082573696, -10.2426758344276], [-54.99158287869381, -10.242446314979453]]}}, {"type": "Feature", "properties": {"layer": "vista", "dxf_type": "LINE"}, "geometry": {"type": "LineString", "coordinates": [[-54.990931877020515, -10.242800590202389], [-54.99121392939617, -10.242571071142049]]}}, {"type": "Feature", "properties": {"layer": "vista", "dxf_type": "LINE"}, "geometry": {"type": "LineString", "coordinates": [[-54.99121392939617, -10.242571071142049], [-54.99149598138678, -10.2423415508527]]}}, {"type": "Feature", "properties": {"layer": "vista", "dxf_type": "LINE"}, "geometry": {"type": "LineString", "coordinates": [[-54.99084498079405, -10.242695826835513], [-54.99112703311033, -10.24246630784349]]}}, {"type": "Feature", "properties": {"layer": "vista", "dxf_type": "LINE"}, "geometry": {"type": "LineString", "coordinates": [[-54.99112703311033, -10.24246630784349], [-54.99140908504156, -10.242236787622462]]}}, {"type": "Feature", "properties": {"layer": "vista", "dxf_type": "LINE"}, "geometry": {"type": "LineString", "coordinates": [[-54.99075808370998, -10.242591063449991], [-54.991040136879434, -10.242361544531924]]}}, {"type": "Feature", "properties": {"layer": "vista", "dxf_type": "LINE"}, "geometry": {"type": "LineString", "coordinates": [[-54.991040136879434, -10.242361544531924], [-54.9913221887513, -10.242132024379211]]}}, {"type": "Feature", "properties": {"layer": "vista", "dxf_type": "LINE"}, "geometry": {"type": "LineString", "coordinates": [[-54.99067118759341, -10.242486300057106], [-54.990953239790926, -10.242256781201732]]}}, {"type": "Feature", "properties": {"layer": "vista", "dxf_type": "LINE"}, "geometry": {"type": "LineString", "coordinates": [[-54.990584291531796, -10.242381536651234], [-54.99086634366993, -10.242152017864157]]}}, {"type": "Feature", "properties": {"layer": "vista", "dxf_type": "LINE"}, "geometry": {"type": "LineString", "coordinates": [[-54.99049739461256, -10.242276773226697], [-54.99077944760956, -10.242047253609693]]}}, {"type": "Feature", "properties": {"layer": "vista", "dxf_type": "LINE"}, "geometry": {"type": "LineString", "coordinates": [[-54.992210029622576, -10.242988824101156], [-54.992774132963916, -10.242529782250754]]}}, {"type": "Feature", "properties": {"layer": "vista", "dxf_type": "LINE"}, "geometry": {"type": "LineString", "coordinates": [[-54.99232285041361, -10.242897016196657], [-54.992554575722096, -10.2431763843648]]}}, {"type": "Feature", "properties": {"layer": "vista", "dxf_type": "LINE"}, "geometry": {"type": "LineString", "coordinates": [[-54.99243567114782, -10.242805207336264], [-54.99266739651961, -10.243084575431523]]}}, {"type": "Feature", "properties": {"layer": "vista", "dxf_type": "LINE"}, "geometry": {"type": "LineString", "coordinates": [[-54.99254849181381, -10.242713399327739], [-54.992780217248914, -10.24299276735012]]}}, {"type": "Feature", "properties": {"layer": "vista", "dxf_type": "LINE"}, "geometry": {"type": "LineString", "coordinates": [[-54.99266131242297, -10.242621590363303], [-54.992893038828264, -10.24290095922234]]}}, {"type": "Feature", "properties": {"layer": "vista", "dxf_type": "LINE"}, "geometry": {"type": "LineString", "coordinates": [[-54.992210029622576, -10.242988824101156], [-54.99249208149148, -10.242759302886551]]}}, {"type": "Feature", "properties": {"layer": "vista", "dxf_type": "LINE"}, "geometry": {"type": "LineString", "coordinates": [[-54.99249208149148, -10.242759302886551], [-54.992774132963916, -10.242529782250754]]}}, {"type": "Feature", "properties": {"layer": "vista", "dxf_type": "LINE"}, "geometry": {"type": "LineString", "coordinates": [[-54.99212313195789, -10.242884060981975], [-54.99240518467999, -10.242654539841334]]}}, {"type": "Feature", "properties": {"layer": "vista", "dxf_type": "LINE"}, "geometry": {"type": "LineString", "coordinates": [[-54.99240518467999, -10.242654539841334], [-54.99268723609308, -10.24242501927386]]}}, {"type": "Feature", "properties": {"layer": "vista", "dxf_type": "LINE"}, "geometry": {"type": "LineString", "coordinates": [[-54.99203623526072, -10.242779297855423], [-54.992318287010896, -10.24254977677746]]}}, {"type": "Feature", "properties": {"layer": "vista", "dxf_type": "LINE"}, "geometry": {"type": "LineString", "coordinates": [[-54.992318287010896, -10.24254977677746], [-54.992600339277196, -10.242320256283959]]}}, {"type": "Feature", "properties": {"layer": "vista", "dxf_type": "LINE"}, "geometry": {"type": "LineString", "coordinates": [[-54.991949338618504, -10.242674534715867], [-54.992231390309314, -10.242445013706229]]}}, {"type": "Feature", "properties": {"layer": "vista", "dxf_type": "LINE"}, "geometry": {"type": "LineString", "coordinates": [[-54.992231390309314, -10.242445013706229], [-54.99251344160369, -10.242215493275397]]}}, {"type": "Feature", "properties": {"layer": "vista", "dxf_type": "LINE"}, "geometry": {"type": "LineString", "coordinates": [[-54.99186244112436, -10.242569770653766], [-54.992144493662686, -10.242340250621968]]}}, {"type": "Feature", "properties": {"layer": "vista", "dxf_type": "LINE"}, "geometry": {"type": "LineString", "coordinates": [[-54.992144493662686, -10.242340250621968], [-54.9924265448977, -10.242110730259455]]}}, {"type": "Feature", "properties": {"layer": "vista", "dxf_type": "LINE"}, "geometry": {"type": "LineString", "coordinates": [[-54.99177554459204, -10.242465007488171], [-54.99205759615843, -10.242235487519057]]}}, {"type": "Feature", "properties": {"layer": "vista", "dxf_type": "LINE"}, "geometry": {"type": "LineString", "coordinates": [[-54.99205759615843, -10.242235487519057], [-54.99233964825234, -10.242005966326614]]}}, {"type": "Feature", "properties": {"layer": "vista", "dxf_type": "LINE"}, "geometry": {"type": "LineString", "coordinates": [[-54.99168864811467, -10.24236024430957], [-54.991970699621696, -10.242130724408769]]}}, {"type": "Feature", "properties": {"layer": "vista", "dxf_type": "LINE"}, "geometry": {"type": "LineString", "coordinates": [[-54.991970699621696, -10.242130724408769], [-54.99225275074368, -10.24190120327901]]}}, {"type": "Feature", "properties": {"layer": "vista", "dxf_type": "LINE"}, "geometry": {"type": "LineString", "coordinates": [[-54.99160175169224, -10.242255481117954], [-54.9918838031399, -10.242025961285474]]}}, {"type": "Feature", "properties": {"layer": "vista", "dxf_type": "LINE"}, "geometry": {"type": "LineString", "coordinates": [[-54.9918838031399, -10.242025961285474], [-54.992165854202526, -10.241796440224029]]}}, {"type": "Feature", "properties": {"layer": "vista", "dxf_type": "LINE"}, "geometry": {"type": "LineString", "coordinates": [[-54.991514854412195, -10.242150717907695], [-54.991796906713056, -10.241921198149184]]}}, {"type": "Feature", "properties": {"layer": "vista", "dxf_type": "LINE"}, "geometry": {"type": "LineString", "coordinates": [[-54.991796906713056, -10.241921198149184], [-54.992078957716316, -10.241691677156055]]}}, {"type": "Feature", "properties": {"layer": "vista", "dxf_type": "LINE"}, "geometry": {"type": "LineString", "coordinates": [[-54.99287990216463, -10.242443712041508], [-54.99344400456248, -10.241984668652734]]}}, {"type": "Feature", "properties": {"layer": "vista", "dxf_type": "LINE"}, "geometry": {"type": "LineString", "coordinates": [[-54.992992722590145, -10.242351902924309], [-54.993224449181405, -10.242631271569252]]}}, {"type": "Feature", "properties": {"layer": "vista", "dxf_type": "LINE"}, "geometry": {"type": "LineString", "coordinates": [[-54.993105543860004, -10.242260094664621], [-54.99333726960769, -10.242539462327166]]}}, {"type": "Feature", "properties": {"layer": "vista", "dxf_type": "LINE"}, "geometry": {"type": "LineString", "coordinates": [[-54.993218364154785, -10.24216828634729], [-54.99345008996577, -10.24244765393696]]}}, {"type": "Feature", "properties": {"layer": "vista", "dxf_type": "LINE"}, "geometry": {"type": "LineString", "coordinates": [[-54.99333118439273, -10.242076477074074], [-54.993562910267016, -10.242355844590865]]}}, {"type": "Feature", "properties": {"layer": "vista", "dxf_type": "LINE"}, "geometry": {"type": "LineString", "coordinates": [[-54.99287990216463, -10.242443712041508], [-54.99316195401805, -10.242214190060503]]}}, {"type": "Feature", "properties": {"layer": "vista", "dxf_type": "LINE"}, "geometry": {"type": "LineString", "coordinates": [[-54.99316195401805, -10.242214190060503], [-54.99344400456248, -10.241984668652734]]}}, {"type": "Feature", "properties": {"layer": "vista", "dxf_type": "LINE"}, "geometry": {"type": "LineString", "coordinates": [[-54.992793005271544, -10.242338949090247], [-54.993075056153046, -10.242109427171934]]}}, {"type": "Feature", "properties": {"layer": "vista", "dxf_type": "LINE"}, "geometry": {"type": "LineString", "coordinates": [[-54.993075056153046, -10.242109427171934], [-54.99335710755069, -10.241879905838102]]}}, {"type": "Feature", "properties": {"layer": "vista", "dxf_type": "LINE"}, "geometry": {"type": "LineString", "coordinates": [[-54.99270610843909, -10.24223418522207], [-54.99298815925555, -10.24200466427596]]}}, {"type": "Feature", "properties": {"layer": "vista", "dxf_type": "LINE"}, "geometry": {"type": "LineString", "coordinates": [[-54.99298815925555, -10.24200466427596], [-54.993270209681285, -10.241775143004812]]}}, {"type": "Feature", "properties": {"layer": "vista", "dxf_type": "LINE"}, "geometry": {"type": "LineString", "coordinates": [[-54.99261921074333, -10.242129422239126], [-54.992901262413, -10.241899901366969]]}}, {"type": "Feature", "properties": {"layer": "vista", "dxf_type": "LINE"}, "geometry": {"type": "LineString", "coordinates": [[-54.992901262413, -10.241899901366969], [-54.99318331278508, -10.241670379260256]]}}, {"type": "Feature", "properties": {"layer": "vista", "dxf_type": "LINE"}, "geometry": {"type": "LineString", "coordinates": [[-54.99253231401507, -10.242024659248802], [-54.992814364712835, -10.241795138439333]]}}, {"type": "Feature", "properties": {"layer": "vista", "dxf_type": "LINE"}, "geometry": {"type": "LineString", "coordinates": [[-54.992814364712835, -10.241795138439333], [-54.99309641593813, -10.24156561640657]]}}, {"type": "Feature", "properties": {"layer": "vista", "dxf_type": "LINE"}, "geometry": {"type": "LineString", "coordinates": [[-54.99244541734177, -10.241919896245467], [-54.99272746798018, -10.24169037550431]]}}, {"type": "Feature", "properties": {"layer": "vista", "dxf_type": "LINE"}, "geometry": {"type": "LineString", "coordinates": [[-54.99272746798018, -10.24169037550431], [-54.99300951823356, -10.241460853534232]]}}, {"type": "Feature", "properties": {"layer": "vista", "dxf_type": "LINE"}, "geometry": {"type": "LineString", "coordinates": [[-54.99235851981085, -10.241815133223483], [-54.992640571302466, -10.241585612556296]]}}, {"type": "Feature", "properties": {"layer": "vista", "dxf_type": "LINE"}, "geometry": {"type": "LineString", "coordinates": [[-54.992640571302466, -10.241585612556296], [-54.992922621496504, -10.241356090654527]]}}, {"type": "Feature", "properties": {"layer": "vista", "dxf_type": "LINE"}, "geometry": {"type": "LineString", "coordinates": [[-54.99227162324744, -10.241710370194136], [-54.992553673772825, -10.241480848685729]]}}, {"type": "Feature", "properties": {"layer": "vista", "dxf_type": "LINE"}, "geometry": {"type": "LineString", "coordinates": [[-54.992553673772825, -10.241480848685729], [-54.99283572481439, -10.241251327761796]]}}, {"type": "Feature", "properties": {"layer": "vista", "dxf_type": "LINE"}, "geometry": {"type": "LineString", "coordinates": [[-54.99218472673896, -10.24160560715176], [-54.992466777204996, -10.24137608571167]]}}, {"type": "Feature", "properties": {"layer": "vista", "dxf_type": "LINE"}, "geometry": {"type": "LineString", "coordinates": [[-54.992466777204996, -10.24137608571167], [-54.992748827274646, -10.241146564850414]]}}, {"type": "Feature", "properties": {"layer": "vista", "dxf_type": "LINE"}, "geometry": {"type": "LineString", "coordinates": [[-54.99249208149148, -10.242759302886551], [-54.991796906713056, -10.241921198149184]]}}, {"type": "Feature", "properties": {"layer": "vista", "dxf_type": "LINE"}, "geometry": {"type": "LineString", "coordinates": [[-54.99316195401805, -10.242214190060503], [-54.99237988069212, -10.241271322724595]]}}, {"type": "Feature", "properties": {"layer": "vista", "dxf_type": "LINE"}, "geometry": {"type": "LineString", "coordinates": [[-54.99209783028544, -10.241500844096377], [-54.99237988069212, -10.241271322724595]]}}, {"type": "Feature", "properties": {"layer": "vista", "dxf_type": "LINE"}, "geometry": {"type": "LineString", "coordinates": [[-54.99237988069212, -10.241271322724595], [-54.99266193070241, -10.241041801931656]]}}, {"type": "Feature", "properties": {"layer": "vista", "dxf_type": "LINE"}, "geometry": {"type": "LineString", "coordinates": [[-54.991040136879434, -10.242361544531924], [-54.992034890840735, -10.241552060311134]]}}, {"type": "Feature", "properties": {"layer": "vista", "dxf_type": "LINE"}, "geometry": {"type": "LineString", "coordinates": [[-54.99209783028544, -10.241500844096377], [-54.99266193070241, -10.241041801931656]]}}, {"type": "Feature", "properties": {"layer": "vista", "dxf_type": "LINE"}, "geometry": {"type": "LineString", "coordinates": [[-54.992441754867734, -10.243268192342178], [-54.99300585943821, -10.242809150133011]]}}, {"type": "Feature", "properties": {"layer": "vista", "dxf_type": "LINE"}, "geometry": {"type": "LineString", "coordinates": [[-54.99311162869828, -10.24272307985546], [-54.99367573050006, -10.24226403609665]]}}, {"type": "Feature", "properties": {"layer": "vista", "dxf_type": "LINE"}, "geometry": {"type": "LineString", "coordinates": [[-54.99032360276405, -10.242067246349897], [-54.99049739461256, -10.242276773226697]]}}, {"type": "Feature", "properties": {"layer": "vista", "dxf_type": "LINE"}, "geometry": {"type": "LineString", "coordinates": [[-54.989562903896484, -10.240580564404413], [-54.99060565472972, -10.241837726863878]]}}, {"type": "Feature", "properties": {"layer": "vista", "dxf_type": "LINE"}, "geometry": {"type": "LineString", "coordinates": [[-54.991058739310795, -10.238895389379847], [-54.99198563065722, -10.2400128641246]]}}, {"type": "Feature", "properties": {"layer": "vista", "dxf_type": "LINE"}, "geometry": {"type": "LineString", "coordinates": [[-54.99162283553179, -10.2384363492616], [-54.99254972815018, -10.239553821645506]]}}, {"type": "Feature", "properties": {"layer": "vista", "dxf_type": "LINE"}, "geometry": {"type": "LineString", "coordinates": [[-54.991728603404276, -10.238350278303795], [-54.99265549626007, -10.239467750414525]]}}, {"type": "Feature", "properties": {"layer": "vista", "dxf_type": "LINE"}, "geometry": {"type": "LineString", "coordinates": [[-54.9922926986883, -10.237891235743543], [-54.993219592810114, -10.239008706397348]]}}, {"type": "Feature", "properties": {"layer": "vista", "dxf_type": "LINE"}, "geometry": {"type": "LineString", "coordinates": [[-54.992398466207256, -10.237805165400202], [-54.99332536056642, -10.238922635780819]]}}, {"type": "Feature", "properties": {"layer": "vista", "dxf_type": "LINE"}, "geometry": {"type": "LineString", "coordinates": [[-54.991290461102366, -10.239174758653835], [-54.991854558558195, -10.238715717273124]]}}, {"type": "Feature", "properties": {"layer": "vista", "dxf_type": "LINE"}, "geometry": {"type": "LineString", "coordinates": [[-54.99140328053942, -10.239082949938247], [-54.99117155867884, -10.238803581640981]]}}, {"type": "Feature", "properties": {"layer": "vista", "dxf_type": "LINE"}, "geometry": {"type": "LineString", "coordinates": [[-54.9915160999083, -10.238991142074534], [-54.9912843779844, -10.238711773850117]]}}, {"type": "Feature", "properties": {"layer": "vista", "dxf_type": "LINE"}, "geometry": {"type": "LineString", "coordinates": [[-54.99162892012723, -10.238899334164456], [-54.99139719723315, -10.238619965103346]]}}, {"type": "Feature", "properties": {"layer": "vista", "dxf_type": "LINE"}, "geometry": {"type": "LineString", "coordinates": [[-54.991741739376806, -10.238807525292854], [-54.99151001641371, -10.238528157208474]]}}, {"type": "Feature", "properties": {"layer": "vista", "dxf_type": "LINE"}, "geometry": {"type": "LineString", "coordinates": [[-54.991290461102366, -10.239174758653835], [-54.991572509572144, -10.23894523767123]]}}, {"type": "Feature", "properties": {"layer": "vista", "dxf_type": "LINE"}, "geometry": {"type": "LineString", "coordinates": [[-54.991572509572144, -10.23894523767123], [-54.991854558558195, -10.238715717273124]]}}, {"type": "Feature", "properties": {"layer": "vista", "dxf_type": "LINE"}, "geometry": {"type": "LineString", "coordinates": [[-54.991377357675525, -10.239279521773728], [-54.99165940620467, -10.239050000722829]]}}, {"type": "Feature", "properties": {"layer": "vista", "dxf_type": "LINE"}, "geometry": {"type": "LineString", "coordinates": [[-54.99165940620467, -10.239050000722829], [-54.991941454337514, -10.238820480250794]]}}, {"type": "Feature", "properties": {"layer": "vista", "dxf_type": "LINE"}, "geometry": {"type": "LineString", "coordinates": [[-54.99146425339106, -10.239384284874985], [-54.99174630197955, -10.239154763755788]]}}, {"type": "Feature", "properties": {"layer": "vista", "dxf_type": "LINE"}, "geometry": {"type": "LineString", "coordinates": [[-54.99174630197955, -10.239154763755788], [-54.992028350171765, -10.23892524321546]]}}, {"type": "Feature", "properties": {"layer": "vista", "dxf_type": "LINE"}, "geometry": {"type": "LineString", "coordinates": [[-54.991551149161516, -10.239489047963238], [-54.991833197803686, -10.239259527679634]]}}, {"type": "Feature", "properties": {"layer": "vista", "dxf_type": "LINE"}, "geometry": {"type": "LineString", "coordinates": [[-54.991833197803686, -10.239259527679634], [-54.9921152469735, -10.23903000617276]]}}, {"type": "Feature", "properties": {"layer": "vista", "dxf_type": "LINE"}, "geometry": {"type": "LineString", "coordinates": [[-54.99163804498691, -10.239593811038475], [-54.991920094601, -10.23936429069222]]}}, {"type": "Feature", "properties": {"layer": "vista", "dxf_type": "LINE"}, "geometry": {"type": "LineString", "coordinates": [[-54.991920094601, -10.23936429069222], [-54.9922021429176, -10.23913476911142]]}}, {"type": "Feature", "properties": {"layer": "vista", "dxf_type": "LINE"}, "geometry": {"type": "LineString", "coordinates": [[-54.99172494177979, -10.239698574106358], [-54.99200699054067, -10.23946905368616]]}}, {"type": "Feature", "properties": {"layer": "vista", "dxf_type": "LINE"}, "geometry": {"type": "LineString", "coordinates": [[-54.99200699054067, -10.23946905368616], [-54.99228903891663, -10.23923953203706]]}}, {"type": "Feature", "properties": {"layer": "vista", "dxf_type": "LINE"}, "geometry": {"type": "LineString", "coordinates": [[-54.99181183771505, -10.239803337155605], [-54.99209388653529, -10.239573816667106]]}}, {"type": "Feature", "properties": {"layer": "vista", "dxf_type": "LINE"}, "geometry": {"type": "LineString", "coordinates": [[-54.99209388653529, -10.239573816667106], [-54.99237593588315, -10.239344294955341]]}}, {"type": "Feature", "properties": {"layer": "vista", "dxf_type": "LINE"}, "geometry": {"type": "LineString", "coordinates": [[-54.991898733705234, -10.239908100191847], [-54.99218078349739, -10.23967857964068]]}}, {"type": "Feature", "properties": {"layer": "vista", "dxf_type": "LINE"}, "geometry": {"type": "LineString", "coordinates": [[-54.99218078349739, -10.23967857964068], [-54.99246283198636, -10.239449058758868]]}}, {"type": "Feature", "properties": {"layer": "vista", "dxf_type": "LINE"}, "geometry": {"type": "LineString", "coordinates": [[-54.992267679601866, -10.239783342595617], [-54.99254972815018, -10.239553821645506]]}}, {"type": "Feature", "properties": {"layer": "vista", "dxf_type": "LINE"}, "geometry": {"type": "LineString", "coordinates": [[-54.991960326484346, -10.23862964715093], [-54.99252442117235, -10.238170604220834]]}}, {"type": "Feature", "properties": {"layer": "vista", "dxf_type": "LINE"}, "geometry": {"type": "LineString", "coordinates": [[-54.99207314555034, -10.23853783812656], [-54.99184142331383, -10.238258470261803]]}}, {"type": "Feature", "properties": {"layer": "vista", "dxf_type": "LINE"}, "geometry": {"type": "LineString", "coordinates": [[-54.99218596454816, -10.238446029954094], [-54.991954242254025, -10.238166661258294]]}}, {"type": "Feature", "properties": {"layer": "vista", "dxf_type": "LINE"}, "geometry": {"type": "LineString", "coordinates": [[-54.992298783489176, -10.238354220825746], [-54.99206706112604, -10.238074853106673]]}}, {"type": "Feature", "properties": {"layer": "vista", "dxf_type": "LINE"}, "geometry": {"type": "LineString", "coordinates": [[-54.992411602362004, -10.238262412549286], [-54.99217987993558, -10.237983044903054]]}}, {"type": "Feature", "properties": {"layer": "vista", "dxf_type": "LINE"}, "geometry": {"type": "LineString", "coordinates": [[-54.991960326484346, -10.23862964715093], [-54.99224237402648, -10.238400125396428]]}}, {"type": "Feature", "properties": {"layer": "vista", "dxf_type": "LINE"}, "geometry": {"type": "LineString", "coordinates": [[-54.99224237402648, -10.238400125396428], [-54.99252442117235, -10.238170604220834]]}}, {"type": "Feature", "properties": {"layer": "vista", "dxf_type": "LINE"}, "geometry": {"type": "LineString", "coordinates": [[-54.992047222285926, -10.238734410102971], [-54.992329269887406, -10.238504888280184]]}}, {"type": "Feature", "properties": {"layer": "vista", "dxf_type": "LINE"}, "geometry": {"type": "LineString", "coordinates": [[-54.992329269887406, -10.238504888280184], [-54.992611318005174, -10.238275367041945]]}}, {"type": "Feature", "properties": {"layer": "vista", "dxf_type": "LINE"}, "geometry": {"type": "LineString", "coordinates": [[-54.99213411814243, -10.23883917304203], [-54.99241616671581, -10.23860965115658]]}}, {"type": "Feature", "properties": {"layer": "vista", "dxf_type": "LINE"}, "geometry": {"type": "LineString", "coordinates": [[-54.99241616671581, -10.23860965115658], [-54.992698213980375, -10.238380129844405]]}}, {"type": "Feature", "properties": {"layer": "vista", "dxf_type": "LINE"}, "geometry": {"type": "LineString", "coordinates": [[-54.99222101496642, -10.238943935973719], [-54.992503062686595, -10.238714414014343]]}}, {"type": "Feature", "properties": {"layer": "vista", "dxf_type": "LINE"}, "geometry": {"type": "LineString", "coordinates": [[-54.992503062686595, -10.238714414014343], [-54.992785110010495, -10.238484892633874]]}}, {"type": "Feature", "properties": {"layer": "vista", "dxf_type": "LINE"}, "geometry": {"type": "LineString", "coordinates": [[-54.99230791093278, -10.23904869888677], [-54.9925899587123, -10.238819176859097]]}}, {"type": "Feature", "properties": {"layer": "vista", "dxf_type": "LINE"}, "geometry": {"type": "LineString", "coordinates": [[-54.9925899587123, -10.238819176859097], [-54.992872007008096, -10.238589655415966]]}}, {"type": "Feature", "properties": {"layer": "vista", "dxf_type": "LINE"}, "geometry": {"type": "LineString", "coordinates": [[-54.99239480695407, -10.239153461786819], [-54.992676855699806, -10.238923940600365]]}}, {"type": "Feature", "properties": {"layer": "vista", "dxf_type": "LINE"}, "geometry": {"type": "LineString", "coordinates": [[-54.992676855699806, -10.238923940600365], [-54.992958903148065, -10.238694418179419]]}}, {"type": "Feature", "properties": {"layer": "vista", "dxf_type": "LINE"}, "geometry": {"type": "LineString", "coordinates": [[-54.99248170394284, -10.23925822467947], [-54.99276375183537, -10.239028703419107]]}}, {"type": "Feature", "properties": {"layer": "vista", "dxf_type": "LINE"}, "geometry": {"type": "LineString", "coordinates": [[-54.99276375183537, -10.239028703419107], [-54.99304579934297, -10.238799180929869]]}}, {"type": "Feature", "properties": {"layer": "vista", "dxf_type": "LINE"}, "geometry": {"type": "LineString", "coordinates": [[-54.99256860007399, -10.239362987553502], [-54.99285064802586, -10.239133466224825]]}}, {"type": "Feature", "properties": {"layer": "vista", "dxf_type": "LINE"}, "geometry": {"type": "LineString", "coordinates": [[-54.99285064802586, -10.239133466224825], [-54.993132696505356, -10.238903943672918]]}}, {"type": "Feature", "properties": {"layer": "vista", "dxf_type": "LINE"}, "geometry": {"type": "LineString", "coordinates": [[-54.99265549626007, -10.239467750414525], [-54.99293754518384, -10.23923822902318]]}}, {"type": "Feature", "properties": {"layer": "vista", "dxf_type": "LINE"}, "geometry": {"type": "LineString", "coordinates": [[-54.99293754518384, -10.23923822902318], [-54.993219592810114, -10.239008706397348]]}}, {"type": "Feature", "properties": {"layer": "vista", "dxf_type": "LINE"}, "geometry": {"type": "LineString", "coordinates": [[-54.99263018966888, -10.238084532910936], [-54.99319428250168, -10.237625488437285]]}}, {"type": "Feature", "properties": {"layer": "vista", "dxf_type": "LINE"}, "geometry": {"type": "LineString", "coordinates": [[-54.99274300835815, -10.23799272448174], [-54.99251128483323, -10.237713357043836]]}}, {"type": "Feature", "properties": {"layer": "vista", "dxf_type": "LINE"}, "geometry": {"type": "LineString", "coordinates": [[-54.99285582698492, -10.237900916000559], [-54.99262410340239, -10.237621547731605]]}}, {"type": "Feature", "properties": {"layer": "vista", "dxf_type": "LINE"}, "geometry": {"type": "LineString", "coordinates": [[-54.992968645554896, -10.237809106563482], [-54.992736921903386, -10.23752973927127]]}}, {"type": "Feature", "properties": {"layer": "vista", "dxf_type": "LINE"}, "geometry": {"type": "LineString", "coordinates": [[-54.99308146405669, -10.23771729797832], [-54.99284974126012, -10.237437929860691]]}}, {"type": "Feature", "properties": {"layer": "vista", "dxf_type": "LINE"}, "geometry": {"type": "LineString", "coordinates": [[-54.99263018966888, -10.238084532910936], [-54.992912236277725, -10.23785501128852]]}}, {"type": "Feature", "properties": {"layer": "vista", "dxf_type": "LINE"}, "geometry": {"type": "LineString", "coordinates": [[-54.992912236277725, -10.23785501128852], [-54.99319428250168, -10.237625488437285]]}}, {"type": "Feature", "properties": {"layer": "vista", "dxf_type": "LINE"}, "geometry": {"type": "LineString", "coordinates": [[-54.9927170856114, -10.238189295700806], [-54.992999132279586, -10.237959774010106]]}}, {"type": "Feature", "properties": {"layer": "vista", "dxf_type": "LINE"}, "geometry": {"type": "LineString", "coordinates": [[-54.992999132279586, -10.237959774010106], [-54.993281178562874, -10.237730251090579]]}}, {"type": "Feature", "properties": {"layer": "vista", "dxf_type": "LINE"}, "geometry": {"type": "LineString", "coordinates": [[-54.99280398160317, -10.238294059381559], [-54.993086028336364, -10.23806453671868]]}}, {"type": "Feature", "properties": {"layer": "vista", "dxf_type": "LINE"}, "geometry": {"type": "LineString", "coordinates": [[-54.993086028336364, -10.23806453671868], [-54.99336807558587, -10.237835014640378]]}}, {"type": "Feature", "properties": {"layer": "vista", "dxf_type": "LINE"}, "geometry": {"type": "LineString", "coordinates": [[-54.99289087765555, -10.2383988221454], [-54.99317292536063, -10.238169299419864]]}}, {"type": "Feature", "properties": {"layer": "vista", "dxf_type": "LINE"}, "geometry": {"type": "LineString", "coordinates": [[-54.99317292536063, -10.238169299419864], [-54.993454971756904, -10.23793977726764]]}}, {"type": "Feature", "properties": {"layer": "vista", "dxf_type": "LINE"}, "geometry": {"type": "LineString", "coordinates": [[-54.9929777746754, -10.238503584901885], [-54.99325982152726, -10.238274062102423]]}}, {"type": "Feature", "properties": {"layer": "vista", "dxf_type": "LINE"}, "geometry": {"type": "LineString", "coordinates": [[-54.99325982152726, -10.238274062102423], [-54.99354186798286, -10.238044539881907]]}}, {"type": "Feature", "properties": {"layer": "vista", "dxf_type": "LINE"}, "geometry": {"type": "LineString", "coordinates": [[-54.993064670837626, -10.238608347639728], [-54.99334671774882, -10.238378824771974]]}}, {"type": "Feature", "properties": {"layer": "vista", "dxf_type": "LINE"}, "geometry": {"type": "LineString", "coordinates": [[-54.99334671774882, -10.238378824771974], [-54.99362876517631, -10.238149302488795]]}}, {"type": "Feature", "properties": {"layer": "vista", "dxf_type": "LINE"}, "geometry": {"type": "LineString", "coordinates": [[-54.993151567054774, -10.238713110364566], [-54.993433614937864, -10.238483587434144]]}}, {"type": "Feature", "properties": {"layer": "vista", "dxf_type": "LINE"}, "geometry": {"type": "LineString", "coordinates": [[-54.993433614937864, -10.238483587434144], [-54.99371566151212, -10.238254065077042]]}}, {"type": "Feature", "properties": {"layer": "vista", "dxf_type": "LINE"}, "geometry": {"type": "LineString", "coordinates": [[-54.99323846423942, -10.238817873082024], [-54.9935205112636, -10.23858835098156]]}}, {"type": "Feature", "properties": {"layer": "vista", "dxf_type": "LINE"}, "geometry": {"type": "LineString", "coordinates": [[-54.9935205112636, -10.23858835098156], [-54.99380255790286, -10.23835882765228]]}}, {"type": "Feature", "properties": {"layer": "vista", "dxf_type": "LINE"}, "geometry": {"type": "LineString", "coordinates": [[-54.99332536056642, -10.238922635780819], [-54.99360740764993, -10.238693113612083]]}}, {"type": "Feature", "properties": {"layer": "vista", "dxf_type": "LINE"}, "geometry": {"type": "LineString", "coordinates": [[-54.99360740764993, -10.238693113612083], [-54.993889455261076, -10.238463590220132]]}}, {"type": "Feature", "properties": {"layer": "vista", "dxf_type": "LINE"}, "geometry": {"type": "LineString", "coordinates": [[-54.991572509572144, -10.23894523767123], [-54.992267679601866, -10.239783342595617]]}}, {"type": "Feature", "properties": {"layer": "vista", "dxf_type": "LINE"}, "geometry": {"type": "LineString", "coordinates": [[-54.99224237402648, -10.238400125396428], [-54.99293754518384, -10.23923822902318]]}}, {"type": "Feature", "properties": {"layer": "vista", "dxf_type": "LINE"}, "geometry": {"type": "LineString", "coordinates": [[-54.992912236277725, -10.23785501128852], [-54.99360740764993, -10.238693113612083]]}}, {"type": "Feature", "properties": {"layer": "vista", "dxf_type": "LINE"}, "geometry": {"type": "LineString", "coordinates": [[-54.99198563065722, -10.2400128641246], [-54.992267679601866, -10.239783342595617]]}}, {"type": "Feature", "properties": {"layer": "vista", "dxf_type": "LINE"}, "geometry": {"type": "LineString", "coordinates": [[-54.99385201199151, -10.242120584824882], [-54.99292510928306, -10.241003114039724]]}}, {"type": "Feature", "properties": {"layer": "vista", "dxf_type": "LINE"}, "geometry": {"type": "LineString", "coordinates": [[-54.99441611265443, -10.241661539365381], [-54.993489207767595, -10.240544070032014]]}}, {"type": "Feature", "properties": {"layer": "vista", "dxf_type": "LINE"}, "geometry": {"type": "LineString", "coordinates": [[-54.99452188118185, -10.241575468478414], [-54.9935949760577, -10.24045799941831]]}}, {"type": "Feature", "properties": {"layer": "vista", "dxf_type": "LINE"}, "geometry": {"type": "LineString", "coordinates": [[-54.99508597998881, -10.2411164214753], [-54.9941590735991, -10.239998953872572]]}}, {"type": "Feature", "properties": {"layer": "vista", "dxf_type": "LINE"}, "geometry": {"type": "LineString", "coordinates": [[-54.995191748173916, -10.24103034939504], [-54.99426484154695, -10.239912882065559]]}}, {"type": "Feature", "properties": {"layer": "vista", "dxf_type": "LINE"}, "geometry": {"type": "LineString", "coordinates": [[-54.99362028595503, -10.241841217494816], [-54.99418438630152, -10.241382172399712]]}}, {"type": "Feature", "properties": {"layer": "vista", "dxf_type": "LINE"}, "geometry": {"type": "LineString", "coordinates": [[-54.99373310597026, -10.24174940803634], [-54.99396483297691, -10.24202877620304]]}}, {"type": "Feature", "properties": {"layer": "vista", "dxf_type": "LINE"}, "geometry": {"type": "LineString", "coordinates": [[-54.993845925917284, -10.241657599429747], [-54.994077652992914, -10.241936966619669]]}}, {"type": "Feature", "properties": {"layer": "vista", "dxf_type": "LINE"}, "geometry": {"type": "LineString", "coordinates": [[-54.99395874580748, -10.241565789867268], [-54.99419047294071, -10.2418451578882]]}}, {"type": "Feature", "properties": {"layer": "vista", "dxf_type": "LINE"}, "geometry": {"type": "LineString", "coordinates": [[-54.994071565629476, -10.241473981156672], [-54.99430329283167, -10.241753348200847]]}}, {"type": "Feature", "properties": {"layer": "vista", "dxf_type": "LINE"}, "geometry": {"type": "LineString", "coordinates": [[-54.99362028595503, -10.241841217494816], [-54.993902335870196, -10.241611694654997]]}}, {"type": "Feature", "properties": {"layer": "vista", "dxf_type": "LINE"}, "geometry": {"type": "LineString", "coordinates": [[-54.993902335870196, -10.241611694654997], [-54.99418438630152, -10.241382172399712]]}}, {"type": "Feature", "properties": {"layer": "vista", "dxf_type": "LINE"}, "geometry": {"type": "LineString", "coordinates": [[-54.993533388906165, -10.241736454722899], [-54.993815438761985, -10.241506931951397]]}}, {"type": "Feature", "properties": {"layer": "vista", "dxf_type": "LINE"}, "geometry": {"type": "LineString", "coordinates": [[-54.993815438761985, -10.241506931951397], [-54.99409748822142, -10.241277409758785]]}}, {"type": "Feature", "properties": {"layer": "vista", "dxf_type": "LINE"}, "geometry": {"type": "LineString", "coordinates": [[-54.99344649100535, -10.241631691028429], [-54.99372854170873, -10.241402169234759]]}}, {"type": "Feature", "properties": {"layer": "vista", "dxf_type": "LINE"}, "geometry": {"type": "LineString", "coordinates": [[-54.99372854170873, -10.241402169234759], [-54.99401059111451, -10.241172646206577]]}}, {"type": "Feature", "properties": {"layer": "vista", "dxf_type": "LINE"}, "geometry": {"type": "LineString", "coordinates": [[-54.99335959406637, -10.241526928230455], [-54.993641643797844, -10.241297406499472]]}}, {"type": "Feature", "properties": {"layer": "vista", "dxf_type": "LINE"}, "geometry": {"type": "LineString", "coordinates": [[-54.993641643797844, -10.241297406499472], [-54.99392369405685, -10.241067883545236]]}}, {"type": "Feature", "properties": {"layer": "vista", "dxf_type": "LINE"}, "geometry": {"type": "LineString", "coordinates": [[-54.993272697182334, -10.241422165419465], [-54.99355474685447, -10.241192643756795]]}}, {"type": "Feature", "properties": {"layer": "vista", "dxf_type": "LINE"}, "geometry": {"type": "LineString", "coordinates": [[-54.99355474685447, -10.241192643756795], [-54.993836796141586, -10.24096312086525]]}}, {"type": "Feature", "properties": {"layer": "vista", "dxf_type": "LINE"}, "geometry": {"type": "LineString", "coordinates": [[-54.99318580035324, -10.24131740259545], [-54.99346784996604, -10.2410878810011]]}}, {"type": "Feature", "properties": {"layer": "vista", "dxf_type": "LINE"}, "geometry": {"type": "LineString", "coordinates": [[-54.99346784996604, -10.2410878810011], [-54.993749899193816, -10.240858358177869]]}}, {"type": "Feature", "properties": {"layer": "vista", "dxf_type": "LINE"}, "geometry": {"type": "LineString", "coordinates": [[-54.993098902666524, -10.241212639752801], [-54.99338095313255, -10.240983118232409]]}}, {"type": "Feature", "properties": {"layer": "vista", "dxf_type": "LINE"}, "geometry": {"type": "LineString", "coordinates": [[-54.99338095313255, -10.240983118232409], [-54.99366300230099, -10.24075359547749]]}}, {"type": "Feature", "properties": {"layer": "vista", "dxf_type": "LINE"}, "geometry": {"type": "LineString", "coordinates": [[-54.993012005947314, -10.241107876902781], [-54.993294055447116, -10.24087835454117]]}}, {"type": "Feature", "properties": {"layer": "vista", "dxf_type": "LINE"}, "geometry": {"type": "LineString", "coordinates": [[-54.993294055447116, -10.24087835454117], [-54.993576105463106, -10.240648832764073]]}}, {"type": "Feature", "properties": {"layer": "vista", "dxf_type": "LINE"}, "geometry": {"type": "LineString", "coordinates": [[-54.9942901547753, -10.241296100677179], [-54.99485425235332, -10.240837054032804]]}}, {"type": "Feature", "properties": {"layer": "vista", "dxf_type": "LINE"}, "geometry": {"type": "LineString", "coordinates": [[-54.99440297441365, -10.24120429181385], [-54.994634700889165, -10.241483658638327]]}}, {"type": "Feature", "properties": {"layer": "vista", "dxf_type": "LINE"}, "geometry": {"type": "LineString", "coordinates": [[-54.9945157939895, -10.241112482898503], [-54.994747520528286, -10.241391849650125]]}}, {"type": "Feature", "properties": {"layer": "vista", "dxf_type": "LINE"}, "geometry": {"type": "LineString", "coordinates": [[-54.99462861350852, -10.2410206730273], [-54.99486034010489, -10.241300040609916]]}}, {"type": "Feature", "properties": {"layer": "vista", "dxf_type": "LINE"}, "geometry": {"type": "LineString", "coordinates": [[-54.99474143295933, -10.240928864007993], [-54.99497316053723, -10.241208230619474]]}}, {"type": "Feature", "properties": {"layer": "vista", "dxf_type": "LINE"}, "geometry": {"type": "LineString", "coordinates": [[-54.9942901547753, -10.241296100677179], [-54.994572203756825, -10.241066577969411]]}}, {"type": "Feature", "properties": {"layer": "vista", "dxf_type": "LINE"}, "geometry": {"type": "LineString", "coordinates": [[-54.994572203756825, -10.241066577969411], [-54.99485425235332, -10.240837054032804]]}}, {"type": "Feature", "properties": {"layer": "vista", "dxf_type": "LINE"}, "geometry": {"type": "LineString", "coordinates": [[-54.99420325667295, -10.24119133806187], [-54.99448530650771, -10.240961815428046]]}}, {"type": "Feature", "properties": {"layer": "vista", "dxf_type": "LINE"}, "geometry": {"type": "LineString", "coordinates": [[-54.99448530650771, -10.240961815428046], [-54.99476735504489, -10.240732291559757]]}}, {"type": "Feature", "properties": {"layer": "vista", "dxf_type": "LINE"}, "geometry": {"type": "LineString", "coordinates": [[-54.994116359538104, -10.241086575439166], [-54.99439840840098, -10.240857052868032]]}}, {"type": "Feature", "properties": {"layer": "vista", "dxf_type": "LINE"}, "geometry": {"type": "LineString", "coordinates": [[-54.99439840840098, -10.240857052868032], [-54.99468045779141, -10.240627529073684]]}}, {"type": "Feature", "properties": {"layer": "vista", "dxf_type": "LINE"}, "geometry": {"type": "LineString", "coordinates": [[-54.99402946245821, -10.240981812803444], [-54.99431151126176, -10.240752290300621]]}}, {"type": "Feature", "properties": {"layer": "vista", "dxf_type": "LINE"}, "geometry": {"type": "LineString", "coordinates": [[-54.99431151126176, -10.240752290300621], [-54.994593559680304, -10.240522766568965]]}}, {"type": "Feature", "properties": {"layer": "vista", "dxf_type": "LINE"}, "geometry": {"type": "LineString", "coordinates": [[-54.99394256543325, -10.240877050154701], [-54.994224614177476, -10.240647527720212]]}}, {"type": "Feature", "properties": {"layer": "vista", "dxf_type": "LINE"}, "geometry": {"type": "LineString", "coordinates": [[-54.994224614177476, -10.240647527720212], [-54.99450666253669, -10.240418004056862]]}}, {"type": "Feature", "properties": {"layer": "vista", "dxf_type": "LINE"}, "geometry": {"type": "LineString", "coordinates": [[-54.99385566755067, -10.240772287487328], [-54.99413771624125, -10.240542764217247]]}}, {"type": "Feature", "properties": {"layer": "vista", "dxf_type": "LINE"}, "geometry": {"type": "LineString", "coordinates": [[-54.99413771624125, -10.240542764217247], [-54.994419765448036, -10.240313241531727]]}}, {"type": "Feature", "properties": {"layer": "vista", "dxf_type": "LINE"}, "geometry": {"type": "LineString", "coordinates": [[-54.9937687706356, -10.240667524812547], [-54.994050819266846, -10.240438001610782]]}}, {"type": "Feature", "properties": {"layer": "vista", "dxf_type": "LINE"}, "geometry": {"type": "LineString", "coordinates": [[-54.994050819266846, -10.240438001610782], [-54.99433286750175, -10.240208478987942]]}}, {"type": "Feature", "properties": {"layer": "vista", "dxf_type": "LINE"}, "geometry": {"type": "LineString", "coordinates": [[-54.99368187377546, -10.240562762124751], [-54.99396392234738, -10.240333238991296]]}}, {"type": "Feature", "properties": {"layer": "vista", "dxf_type": "LINE"}, "geometry": {"type": "LineString", "coordinates": [[-54.99396392234738, -10.240333238991296], [-54.994245970522954, -10.240103716436765]]}}, {"type": "Feature", "properties": {"layer": "vista", "dxf_type": "LINE"}, "geometry": {"type": "LineString", "coordinates": [[-54.99496002047344, -10.240750982924745], [-54.99552411710821, -10.240291934742563]]}}, {"type": "Feature", "properties": {"layer": "vista", "dxf_type": "LINE"}, "geometry": {"type": "LineString", "coordinates": [[-54.99507283974063, -10.240659173752714], [-54.99530456750437, -10.240938540150136]]}}, {"type": "Feature", "properties": {"layer": "vista", "dxf_type": "LINE"}, "geometry": {"type": "LineString", "coordinates": [[-54.99518565986356, -10.240567363630436], [-54.99541738677232, -10.240846730853246]]}}, {"type": "Feature", "properties": {"layer": "vista", "dxf_type": "LINE"}, "geometry": {"type": "LineString", "coordinates": [[-54.995298479005726, -10.240475554354429], [-54.99553020598343, -10.240754920600484]]}}, {"type": "Feature", "properties": {"layer": "vista", "dxf_type": "LINE"}, "geometry": {"type": "LineString", "coordinates": [[-54.99541129808538, -10.24038374502642], [-54.995643025126334, -10.240663111199623]]}}, {"type": "Feature", "properties": {"layer": "vista", "dxf_type": "LINE"}, "geometry": {"type": "LineString", "coordinates": [[-54.99496002047344, -10.240750982924745], [-54.99524206943961, -10.240521459450864]]}}, {"type": "Feature", "properties": {"layer": "vista", "dxf_type": "LINE"}, "geometry": {"type": "LineString", "coordinates": [[-54.99524206943961, -10.240521459450864], [-54.99552411710821, -10.240291934742563]]}}, {"type": "Feature", "properties": {"layer": "vista", "dxf_type": "LINE"}, "geometry": {"type": "LineString", "coordinates": [[-54.994873123142774, -10.240646220477315], [-54.99515517113707, -10.240416697066124]]}}, {"type": "Feature", "properties": {"layer": "vista", "dxf_type": "LINE"}, "geometry": {"type": "LineString", "coordinates": [[-54.99515517113707, -10.240416697066124], [-54.99543721965892, -10.240187172431758]]}}, {"type": "Feature", "properties": {"layer": "vista", "dxf_type": "LINE"}, "geometry": {"type": "LineString", "coordinates": [[-54.99478622586704, -10.24054145801686], [-54.995068273802026, -10.240311934674]]}}, {"type": "Feature", "properties": {"layer": "vista", "dxf_type": "LINE"}, "geometry": {"type": "LineString", "coordinates": [[-54.995068273802026, -10.240311934674], [-54.99535032135201, -10.240082410102326]]}}, {"type": "Feature", "properties": {"layer": "vista", "dxf_type": "LINE"}, "geometry": {"type": "LineString", "coordinates": [[-54.99469932773369, -10.240436695537772], [-54.99498137652761, -10.240207171364952]]}}, {"type": "Feature", "properties": {"layer": "vista", "dxf_type": "LINE"}, "geometry": {"type": "LineString", "coordinates": [[-54.99498137652761, -10.240207171364952], [-54.995263424012606, -10.239977647765473]]}}, {"type": "Feature", "properties": {"layer": "vista", "dxf_type": "LINE"}, "geometry": {"type": "LineString", "coordinates": [[-54.99461243056785, -10.240331933051271], [-54.99489447838988, -10.240102408941139]]}}, {"type": "Feature", "properties": {"layer": "vista", "dxf_type": "LINE"}, "geometry": {"type": "LineString", "coordinates": [[-54.99489447838988, -10.240102408941139], [-54.99517652672814, -10.239872885415599]]}}, {"type": "Feature", "properties": {"layer": "vista", "dxf_type": "LINE"}, "geometry": {"type": "LineString", "coordinates": [[-54.99452553345693, -10.240227170551753], [-54.99480758121966, -10.239997646509929]]}}, {"type": "Feature", "properties": {"layer": "vista", "dxf_type": "LINE"}, "geometry": {"type": "LineString", "coordinates": [[-54.99480758121966, -10.239997646509929], [-54.99508962858604, -10.23976812304707]]}}, {"type": "Feature", "properties": {"layer": "vista", "dxf_type": "LINE"}, "geometry": {"type": "LineString", "coordinates": [[-54.994438636400965, -10.240122408039213], [-54.99472068410437, -10.239892884065698]]}}, {"type": "Feature", "properties": {"layer": "vista", "dxf_type": "LINE"}, "geometry": {"type": "LineString", "coordinates": [[-54.99472068410437, -10.239892884065698], [-54.99500273141144, -10.239663360671146]]}}, {"type": "Feature", "properties": {"layer": "vista", "dxf_type": "LINE"}, "geometry": {"type": "LineString", "coordinates": [[-54.994351738493044, -10.240017644604139], [-54.994633787044016, -10.239788121608443]]}}, {"type": "Feature", "properties": {"layer": "vista", "dxf_type": "LINE"}, "geometry": {"type": "LineString", "coordinates": [[-54.994633787044016, -10.239788121608443], [-54.99491583429178, -10.239558598282203]]}}, {"type": "Feature", "properties": {"layer": "vista", "dxf_type": "LINE"}, "geometry": {"type": "LineString", "coordinates": [[-54.993902335870196, -10.241611694654997], [-54.99320715872351, -10.240773591746427]]}}, {"type": "Feature", "properties": {"layer": "vista", "dxf_type": "LINE"}, "geometry": {"type": "LineString", "coordinates": [[-54.994572203756825, -10.241066577969411], [-54.99387702548286, -10.24022847635879]]}}, {"type": "Feature", "properties": {"layer": "vista", "dxf_type": "LINE"}, "geometry": {"type": "LineString", "coordinates": [[-54.99524206943961, -10.240521459450864], [-54.99454688912604, -10.239683359132565]]}}, {"type": "Feature", "properties": {"layer": "vista", "dxf_type": "LINE"}, "geometry": {"type": "LineString", "coordinates": [[-54.99385201199151, -10.242120584824882], [-54.99441611265443, -10.241661539365381]]}}, {"type": "Feature", "properties": {"layer": "vista", "dxf_type": "LINE"}, "geometry": {"type": "LineString", "coordinates": [[-54.99452188118185, -10.241575468478414], [-54.99508597998881, -10.2411164214753]]}}, {"type": "Feature", "properties": {"layer": "vista", "dxf_type": "LINE"}, "geometry": {"type": "LineString", "coordinates": [[-54.995191748173916, -10.24103034939504], [-54.99575584420675, -10.240571301746762]]}}, {"type": "Feature", "properties": {"layer": "vista", "dxf_type": "LINE"}, "geometry": {"type": "LineString", "coordinates": [[-54.991572509572144, -10.23894523767123], [-54.992267679601866, -10.239783342595617]]}}, {"type": "Feature", "properties": {"layer": "vista", "dxf_type": "LINE"}, "geometry": {"type": "LineString", "coordinates": [[-54.993702928692095, -10.236743624099827], [-54.99471672354685, -10.237965853487024]]}}, {"type": "Feature", "properties": {"layer": "vista", "dxf_type": "LINE"}, "geometry": {"type": "LineString", "coordinates": [[-54.99380869639135, -10.236657553152869], [-54.994735593001955, -10.237775019885747]]}}, {"type": "Feature", "properties": {"layer": "vista", "dxf_type": "LINE"}, "geometry": {"type": "LineString", "coordinates": [[-54.99380869639135, -10.236657553152869], [-54.994735593001955, -10.237775019885747]]}}, {"type": "Feature", "properties": {"layer": "vista", "dxf_type": "LINE"}, "geometry": {"type": "LineString", "coordinates": [[-54.993702928692095, -10.236743624099827], [-54.99471672354685, -10.237965853487024]]}}, {"type": "Feature", "properties": {"layer": "vista", "dxf_type": "LINE"}, "geometry": {"type": "LineString", "coordinates": [[-54.99460450957141, -10.236477872030495], [-54.99404041973147, -10.236936919747496]]}}, {"type": "Feature", "properties": {"layer": "vista", "dxf_type": "LINE"}, "geometry": {"type": "LineString", "coordinates": [[-54.99449169100062, -10.236569681311789], [-54.99425996740742, -10.236290315008501]]}}, {"type": "Feature", "properties": {"layer": "vista", "dxf_type": "LINE"}, "geometry": {"type": "LineString", "coordinates": [[-54.994378873274215, -10.236661491450636], [-54.99414714974429, -10.236382125074517]]}}, {"type": "Feature", "properties": {"layer": "vista", "dxf_type": "LINE"}, "geometry": {"type": "LineString", "coordinates": [[-54.99426605549101, -10.236753300633605], [-54.99403433202435, -10.23647393418465]]}}, {"type": "Feature", "properties": {"layer": "vista", "dxf_type": "LINE"}, "geometry": {"type": "LineString", "coordinates": [[-54.994153237639644, -10.236845110668481], [-54.99392151424193, -10.236565743242808]]}}, {"type": "Feature", "properties": {"layer": "vista", "dxf_type": "LINE"}, "geometry": {"type": "LineString", "coordinates": [[-54.99460450957141, -10.236477872030495], [-54.99432246438759, -10.23670739650055]]}}, {"type": "Feature", "properties": {"layer": "vista", "dxf_type": "LINE"}, "geometry": {"type": "LineString", "coordinates": [[-54.99432246438759, -10.23670739650055], [-54.99404041973147, -10.236936919747496]]}}, {"type": "Feature", "properties": {"layer": "vista", "dxf_type": "LINE"}, "geometry": {"type": "LineString", "coordinates": [[-54.99469140592919, -10.236582634342357], [-54.994409361598606, -10.236812158886329]]}}, {"type": "Feature", "properties": {"layer": "vista", "dxf_type": "LINE"}, "geometry": {"type": "LineString", "coordinates": [[-54.994409361598606, -10.236812158886329], [-54.99412731597063, -10.237041682195931]]}}, {"type": "Feature", "properties": {"layer": "vista", "dxf_type": "LINE"}, "geometry": {"type": "LineString", "coordinates": [[-54.994778302341885, -10.236687396641212], [-54.994496257952, -10.236916921253465]]}}, {"type": "Feature", "properties": {"layer": "vista", "dxf_type": "LINE"}, "geometry": {"type": "LineString", "coordinates": [[-54.994496257952, -10.236916921253465], [-54.994214213177266, -10.237146444636979]]}}, {"type": "Feature", "properties": {"layer": "vista", "dxf_type": "LINE"}, "geometry": {"type": "LineString", "coordinates": [[-54.9948651988095, -10.236792158927049], [-54.994583154360306, -10.237021683607592]]}}, {"type": "Feature", "properties": {"layer": "vista", "dxf_type": "LINE"}, "geometry": {"type": "LineString", "coordinates": [[-54.994583154360306, -10.237021683607592], [-54.99430110952627, -10.237251207059394]]}}, {"type": "Feature", "properties": {"layer": "vista", "dxf_type": "LINE"}, "geometry": {"type": "LineString", "coordinates": [[-54.99495209624458, -10.236896921205497], [-54.994670050823544, -10.237126445948702]]}}, {"type": "Feature", "properties": {"layer": "vista", "dxf_type": "LINE"}, "geometry": {"type": "LineString", "coordinates": [[-54.994670050823544, -10.237126445948702], [-54.99438800593018, -10.237355969468773]]}}, {"type": "Feature", "properties": {"layer": "vista", "dxf_type": "LINE"}, "geometry": {"type": "LineString", "coordinates": [[-54.995038992816355, -10.237001684369192], [-54.99475694825424, -10.237231208282408]]}}, {"type": "Feature", "properties": {"layer": "vista", "dxf_type": "LINE"}, "geometry": {"type": "LineString", "coordinates": [[-54.99475694825424, -10.237231208282408], [-54.994474902383345, -10.237460732769046]]}}, {"type": "Feature", "properties": {"layer": "vista", "dxf_type": "LINE"}, "geometry": {"type": "LineString", "coordinates": [[-54.99512588944872, -10.237106446615972], [-54.99484384482731, -10.237335970597488]]}}, {"type": "Feature", "properties": {"layer": "vista", "dxf_type": "LINE"}, "geometry": {"type": "LineString", "coordinates": [[-54.99484384482731, -10.237335970597488], [-54.99456179980966, -10.237565495158044]]}}, {"type": "Feature", "properties": {"layer": "vista", "dxf_type": "LINE"}, "geometry": {"type": "LineString", "coordinates": [[-54.99521278704857, -10.237211208855369], [-54.9949307414553, -10.237440732899557]]}}, {"type": "Feature", "properties": {"layer": "vista", "dxf_type": "LINE"}, "geometry": {"type": "LineString", "coordinates": [[-54.9949307414553, -10.237440732899557], [-54.99464869637835, -10.237670257528404]]}}, {"type": "Feature", "properties": {"layer": "vista", "dxf_type": "LINE"}, "geometry": {"type": "LineString", "coordinates": [[-54.99529968379078, -10.237315971076129], [-54.99501763905077, -10.237545495194233]]}}, {"type": "Feature", "properties": {"layer": "vista", "dxf_type": "LINE"}, "geometry": {"type": "LineString", "coordinates": [[-54.99501763905077, -10.237545495194233], [-54.994735593001955, -10.237775019885747]]}}, {"type": "Feature", "properties": {"layer": "vista", "dxf_type": "LINE"}, "geometry": {"type": "LineString", "coordinates": [[-54.99393465288545, -10.23702299076836], [-54.99337056119049, -10.237482036942202]]}}, {"type": "Feature", "properties": {"layer": "vista", "dxf_type": "LINE"}, "geometry": {"type": "LineString", "coordinates": [[-54.993821834850536, -10.237114800650547], [-54.99359011072613, -10.236835433005291]]}}, {"type": "Feature", "properties": {"layer": "vista", "dxf_type": "LINE"}, "geometry": {"type": "LineString", "coordinates": [[-54.993709016758814, -10.23720660957687], [-54.993477292692006, -10.236927242762658]]}}, {"type": "Feature", "properties": {"layer": "vista", "dxf_type": "LINE"}, "geometry": {"type": "LineString", "coordinates": [[-54.99359619860461, -10.237298418451223], [-54.99336447460107, -10.23701905156416]]}}, {"type": "Feature", "properties": {"layer": "vista", "dxf_type": "LINE"}, "geometry": {"type": "LineString", "coordinates": [[-54.99348337946967, -10.237390228171835], [-54.99325165644197, -10.237110861217573]]}}, {"type": "Feature", "properties": {"layer": "vista", "dxf_type": "LINE"}, "geometry": {"type": "LineString", "coordinates": [[-54.99393465288545, -10.23702299076836], [-54.99365260768668, -10.237252514472484]]}}, {"type": "Feature", "properties": {"layer": "vista", "dxf_type": "LINE"}, "geometry": {"type": "LineString", "coordinates": [[-54.99365260768668, -10.237252514472484], [-54.99337056119049, -10.237482036942202]]}}, {"type": "Feature", "properties": {"layer": "vista", "dxf_type": "LINE"}, "geometry": {"type": "LineString", "coordinates": [[-54.99402154910237, -10.237127753242403], [-54.993739503844274, -10.237357277014812]]}}, {"type": "Feature", "properties": {"layer": "vista", "dxf_type": "LINE"}, "geometry": {"type": "LineString", "coordinates": [[-54.993739503844274, -10.237357277014812], [-54.99345745820132, -10.237586799558446]]}}, {"type": "Feature", "properties": {"layer": "vista", "dxf_type": "LINE"}, "geometry": {"type": "LineString", "coordinates": [[-54.99410844537421, -10.237232515703434], [-54.99382640005679, -10.237462039544132]]}}, {"type": "Feature", "properties": {"layer": "vista", "dxf_type": "LINE"}, "geometry": {"type": "LineString", "coordinates": [[-54.99382640005679, -10.237462039544132], [-54.99354435435452, -10.237691562156035]]}}, {"type": "Feature", "properties": {"layer": "vista", "dxf_type": "LINE"}, "geometry": {"type": "LineString", "coordinates": [[-54.99419534260784, -10.237337279060965], [-54.99391329632424, -10.237566802060423]]}}, {"type": "Feature", "properties": {"layer": "vista", "dxf_type": "LINE"}, "geometry": {"type": "LineString", "coordinates": [[-54.99391329632424, -10.237566802060423], [-54.99363125055695, -10.237796325644515]]}}, {"type": "Feature", "properties": {"layer": "vista", "dxf_type": "LINE"}, "geometry": {"type": "LineString", "coordinates": [[-54.99428223898952, -10.237442041495957], [-54.99400019355915, -10.23767156456935]]}}, {"type": "Feature", "properties": {"layer": "vista", "dxf_type": "LINE"}, "geometry": {"type": "LineString", "coordinates": [[-54.99400019355915, -10.23767156456935], [-54.993718146819994, -10.237901088216105]]}}, {"type": "Feature", "properties": {"layer": "vista", "dxf_type": "LINE"}, "geometry": {"type": "LineString", "coordinates": [[-54.99436913542612, -10.237546803917953], [-54.994087089936436, -10.237776327059635]]}}, {"type": "Feature", "properties": {"layer": "vista", "dxf_type": "LINE"}, "geometry": {"type": "LineString", "coordinates": [[-54.994087089936436, -10.237776327059635], [-54.99380504405051, -10.23800585078031]]}}, {"type": "Feature", "properties": {"layer": "vista", "dxf_type": "LINE"}, "geometry": {"type": "LineString", "coordinates": [[-54.99445603283019, -10.23765156633256], [-54.994173986368644, -10.237881089536904]]}}, {"type": "Feature", "properties": {"layer": "vista", "dxf_type": "LINE"}, "geometry": {"type": "LineString", "coordinates": [[-54.994173986368644, -10.237881089536904], [-54.993891940423396, -10.238110613325874]]}}, {"type": "Feature", "properties": {"layer": "vista", "dxf_type": "LINE"}, "geometry": {"type": "LineString", "coordinates": [[-54.994542929376635, -10.237756328728528], [-54.994260883768334, -10.237985852006792]]}}, {"type": "Feature", "properties": {"layer": "vista", "dxf_type": "LINE"}, "geometry": {"type": "LineString", "coordinates": [[-54.994260883768334, -10.237985852006792], [-54.99397883685121, -10.23821537585843]]}}, {"type": "Feature", "properties": {"layer": "vista", "dxf_type": "LINE"}, "geometry": {"type": "LineString", "coordinates": [[-54.99462982597801, -10.237861091111478], [-54.99434778030471, -10.238090615361925]]}}, {"type": "Feature", "properties": {"layer": "vista", "dxf_type": "LINE"}, "geometry": {"type": "LineString", "coordinates": [[-54.99434778030471, -10.238090615361925], [-54.994065734246504, -10.238320138383576]]}}, {"type": "Feature", "properties": {"layer": "vista", "dxf_type": "LINE"}, "geometry": {"type": "LineString", "coordinates": [[-54.99432246438759, -10.23670739650055], [-54.99501763905077, -10.237545495194233]]}}, {"type": "Feature", "properties": {"layer": "vista", "dxf_type": "LINE"}, "geometry": {"type": "LineString", "coordinates": [[-54.99365260768668, -10.237252514472484], [-54.99443467690169, -10.238195377800139]]}}, {"type": "Feature", "properties": {"layer": "vista", "dxf_type": "LINE"}, "geometry": {"type": "LineString", "coordinates": [[-54.99642570713915, -10.240026179287367], [-54.995411900594, -10.238803952892988]]}}, {"type": "Feature", "properties": {"layer": "vista", "dxf_type": "LINE"}, "geometry": {"type": "LineString", "coordinates": [[-54.996531474622664, -10.239940107532277], [-54.99560456499098, -10.2388226436639]]}}, {"type": "Feature", "properties": {"layer": "vista", "dxf_type": "LINE"}, "geometry": {"type": "LineString", "coordinates": [[-54.99586161204388, -10.24048522937714], [-54.99642570713915, -10.240026179287367]]}}, {"type": "Feature", "properties": {"layer": "vista", "dxf_type": "LINE"}, "geometry": {"type": "LineString", "coordinates": [[-54.996531474622664, -10.239940107532277], [-54.9970955678622, -10.239481055899452]]}}, {"type": "Feature", "properties": {"layer": "vista", "dxf_type": "LINE"}, "geometry": {"type": "LineString", "coordinates": [[-54.996531474622664, -10.239940107532277], [-54.99560456499098, -10.2388226436639]]}}, {"type": "Feature", "properties": {"layer": "vista", "dxf_type": "LINE"}, "geometry": {"type": "LineString", "coordinates": [[-54.99642570713915, -10.240026179287367], [-54.995411900594, -10.238803952892988]]}}, {"type": "Feature", "properties": {"layer": "vista", "dxf_type": "LINE"}, "geometry": {"type": "LineString", "coordinates": [[-54.99586161204388, -10.24048522937714], [-54.994847806882376, -10.239263001388867]]}}, {"type": "Feature", "properties": {"layer": "vista", "dxf_type": "LINE"}, "geometry": {"type": "LineString", "coordinates": [[-54.99686383909443, -10.239201690658824], [-54.99629974708362, -10.239660741932934]]}}, {"type": "Feature", "properties": {"layer": "vista", "dxf_type": "LINE"}, "geometry": {"type": "LineString", "coordinates": [[-54.996751020819545, -10.239293500656034], [-54.996982749524086, -10.239572865969528]]}}, {"type": "Feature", "properties": {"layer": "vista", "dxf_type": "LINE"}, "geometry": {"type": "LineString", "coordinates": [[-54.99663820247648, -10.239385311505158], [-54.99686993111779, -10.239664676891518]]}}, {"type": "Feature", "properties": {"layer": "vista", "dxf_type": "LINE"}, "geometry": {"type": "LineString", "coordinates": [[-54.99652538407659, -10.239477121398423], [-54.996757111742106, -10.239756486852029]]}}, {"type": "Feature", "properties": {"layer": "vista", "dxf_type": "LINE"}, "geometry": {"type": "LineString", "coordinates": [[-54.99641256561419, -10.239568931239711], [-54.9966442932108, -10.239848297670092]]}}, {"type": "Feature", "properties": {"layer": "vista", "dxf_type": "LINE"}, "geometry": {"type": "LineString", "coordinates": [[-54.99686383909443, -10.239201690658824], [-54.996581793287184, -10.239431216006352]]}}, {"type": "Feature", "properties": {"layer": "vista", "dxf_type": "LINE"}, "geometry": {"type": "LineString", "coordinates": [[-54.996581793287184, -10.239431216006352], [-54.99629974708362, -10.239660741932934]]}}, {"type": "Feature", "properties": {"layer": "vista", "dxf_type": "LINE"}, "geometry": {"type": "LineString", "coordinates": [[-54.99677694136351, -10.239096928672499], [-54.99649489561555, -10.23932645395172]]}}, {"type": "Feature", "properties": {"layer": "vista", "dxf_type": "LINE"}, "geometry": {"type": "LineString", "coordinates": [[-54.99649489561555, -10.23932645395172], [-54.996212848558706, -10.239555979804368]]}}, {"type": "Feature", "properties": {"layer": "vista", "dxf_type": "LINE"}, "geometry": {"type": "LineString", "coordinates": [[-54.996690043687515, -10.23899216667315], [-54.99640799708629, -10.23922169187844]]}}, {"type": "Feature", "properties": {"layer": "vista", "dxf_type": "LINE"}, "geometry": {"type": "LineString", "coordinates": [[-54.99640799708629, -10.23922169187844], [-54.99612595100129, -10.239451217668396]]}}, {"type": "Feature", "properties": {"layer": "vista", "dxf_type": "LINE"}, "geometry": {"type": "LineString", "coordinates": [[-54.99660314515391, -10.23888740465515], [-54.99632109952452, -10.23911692979775]]}}, {"type": "Feature", "properties": {"layer": "vista", "dxf_type": "LINE"}, "geometry": {"type": "LineString", "coordinates": [[-54.99632109952452, -10.23911692979775], [-54.99603905350449, -10.239346454615513]]}}, {"type": "Feature", "properties": {"layer": "vista", "dxf_type": "LINE"}, "geometry": {"type": "LineString", "coordinates": [[-54.99651624759346, -10.238782641725852], [-54.99623420201768, -10.23901216770403]]}}, {"type": "Feature", "properties": {"layer": "vista", "dxf_type": "LINE"}, "geometry": {"type": "LineString", "coordinates": [[-54.99623420201768, -10.23901216770403], [-54.995952156056944, -10.23924169245349]]}}, {"type": "Feature", "properties": {"layer": "vista", "dxf_type": "LINE"}, "geometry": {"type": "LineString", "coordinates": [[-54.99642935008227, -10.238677879687428], [-54.996147303653224, -10.238907405591679]]}}, {"type": "Feature", "properties": {"layer": "vista", "dxf_type": "LINE"}, "geometry": {"type": "LineString", "coordinates": [[-54.996147303653224, -10.238907405591679], [-54.99586525775177, -10.23913693027283]]}}, {"type": "Feature", "properties": {"layer": "vista", "dxf_type": "LINE"}, "geometry": {"type": "LineString", "coordinates": [[-54.99634245171347, -10.238573117630342], [-54.99606040625625, -10.238802643471908]]}}, {"type": "Feature", "properties": {"layer": "vista", "dxf_type": "LINE"}, "geometry": {"type": "LineString", "coordinates": [[-54.99606040625625, -10.238802643471908], [-54.99577836041409, -10.239032168084753]]}}, {"type": "Feature", "properties": {"layer": "vista", "dxf_type": "LINE"}, "geometry": {"type": "LineString", "coordinates": [[-54.996255554312135, -10.238468355565846], [-54.99597350891422, -10.23869788133911]]}}, {"type": "Feature", "properties": {"layer": "vista", "dxf_type": "LINE"}, "geometry": {"type": "LineString", "coordinates": [[-54.99597350891422, -10.23869788133911], [-54.99569146313135, -10.23892740588365]]}}, {"type": "Feature", "properties": {"layer": "vista", "dxf_type": "LINE"}, "geometry": {"type": "LineString", "coordinates": [[-54.996168656965736, -10.238363593488327], [-54.995886611632784, -10.2385931182894]]}}, {"type": "Feature", "properties": {"layer": "vista", "dxf_type": "LINE"}, "geometry": {"type": "LineString", "coordinates": [[-54.995886611632784, -10.2385931182894], [-54.99560456499098, -10.2388226436639]]}}, {"type": "Feature", "properties": {"layer": "vista", "dxf_type": "LINE"}, "geometry": {"type": "LineString", "coordinates": [[-54.9961939796594, -10.239746813619709], [-54.99562988488037, -10.240205863345123]]}}, {"type": "Feature", "properties": {"layer": "vista", "dxf_type": "LINE"}, "geometry": {"type": "LineString", "coordinates": [[-54.99608116010083, -10.2398386233027], [-54.99631288842422, -10.240117989952733]]}}, {"type": "Feature", "properties": {"layer": "vista", "dxf_type": "LINE"}, "geometry": {"type": "LineString", "coordinates": [[-54.995968341386636, -10.239930433843215], [-54.99620006965246, -10.240209799662235]]}}, {"type": "Feature", "properties": {"layer": "vista", "dxf_type": "LINE"}, "geometry": {"type": "LineString", "coordinates": [[-54.995855522615614, -10.240022243427871], [-54.9960872508182, -10.240301609319754]]}}, {"type": "Feature", "properties": {"layer": "vista", "dxf_type": "LINE"}, "geometry": {"type": "LineString", "coordinates": [[-54.99574270377641, -10.24011405386443], [-54.995974431915734, -10.240393419829186]]}}, {"type": "Feature", "properties": {"layer": "vista", "dxf_type": "LINE"}, "geometry": {"type": "LineString", "coordinates": [[-54.9961939796594, -10.239746813619709], [-54.99591193201178, -10.239976338190091]]}}, {"type": "Feature", "properties": {"layer": "vista", "dxf_type": "LINE"}, "geometry": {"type": "LineString", "coordinates": [[-54.99591193201178, -10.239976338190091], [-54.99562988488037, -10.240205863345123]]}}, {"type": "Feature", "properties": {"layer": "vista", "dxf_type": "LINE"}, "geometry": {"type": "LineString", "coordinates": [[-54.99610708115672, -10.23964205146553], [-54.99582503448095, -10.239871575973236]]}}, {"type": "Feature", "properties": {"layer": "vista", "dxf_type": "LINE"}, "geometry": {"type": "LineString", "coordinates": [[-54.99582503448095, -10.239871575973236], [-54.99554298740885, -10.240101101059956]]}}, {"type": "Feature", "properties": {"layer": "vista", "dxf_type": "LINE"}, "geometry": {"type": "LineString", "coordinates": [[-54.99602018362154, -10.239537289303941], [-54.99573813700507, -10.23976681374334]]}}, {"type": "Feature", "properties": {"layer": "vista", "dxf_type": "LINE"}, "geometry": {"type": "LineString", "coordinates": [[-54.99573813700507, -10.23976681374334], [-54.995456089079696, -10.239996338756123]]}}, {"type": "Feature", "properties": {"layer": "vista", "dxf_type": "LINE"}, "geometry": {"type": "LineString", "coordinates": [[-54.995933286141295, -10.239432527129328], [-54.995651238671556, -10.239662051494792]]}}, {"type": "Feature", "properties": {"layer": "vista", "dxf_type": "LINE"}, "geometry": {"type": "LineString", "coordinates": [[-54.995651238671556, -10.239662051494792], [-54.995369191718055, -10.239891576444888]]}}, {"type": "Feature", "properties": {"layer": "vista", "dxf_type": "LINE"}, "geometry": {"type": "LineString", "coordinates": [[-54.995846387803425, -10.239327764936064], [-54.995564341305545, -10.23955728923884]]}}, {"type": "Feature", "properties": {"layer": "vista", "dxf_type": "LINE"}, "geometry": {"type": "LineString", "coordinates": [[-54.995564341305545, -10.23955728923884], [-54.99528229441134, -10.23978681412063]]}}, {"type": "Feature", "properties": {"layer": "vista", "dxf_type": "LINE"}, "geometry": {"type": "LineString", "coordinates": [[-54.995759490433045, -10.239223002735395], [-54.995477443994474, -10.239452526969865]]}}, {"type": "Feature", "properties": {"layer": "vista", "dxf_type": "LINE"}, "geometry": {"type": "LineString", "coordinates": [[-54.995477443994474, -10.239452526969865], [-54.99519539716524, -10.239682050879457]]}}, {"type": "Feature", "properties": {"layer": "vista", "dxf_type": "LINE"}, "geometry": {"type": "LineString", "coordinates": [[-54.99567259312328, -10.239118239617833], [-54.99539054673833, -10.239347764687865]]}}, {"type": "Feature", "properties": {"layer": "vista", "dxf_type": "LINE"}, "geometry": {"type": "LineString", "coordinates": [[-54.99539054673833, -10.239347764687865], [-54.995108499055846, -10.239577288523526]]}}, {"type": "Feature", "properties": {"layer": "vista", "dxf_type": "LINE"}, "geometry": {"type": "LineString", "coordinates": [[-54.99558569586278, -10.239013477391119], [-54.99530364862456, -10.239243002387235]]}}, {"type": "Feature", "properties": {"layer": "vista", "dxf_type": "LINE"}, "geometry": {"type": "LineString", "coordinates": [[-54.99530364862456, -10.239243002387235], [-54.99502160191394, -10.239472526160213]]}}, {"type": "Feature", "properties": {"layer": "vista", "dxf_type": "LINE"}, "geometry": {"type": "LineString", "coordinates": [[-54.99549879774464, -10.238908715145753], [-54.99521675147828, -10.239138240079189]]}}, {"type": "Feature", "properties": {"layer": "vista", "dxf_type": "LINE"}, "geometry": {"type": "LineString", "coordinates": [[-54.99521675147828, -10.239138240079189], [-54.99493470482697, -10.239367763783864]]}}, {"type": "Feature", "properties": {"layer": "vista", "dxf_type": "LINE"}, "geometry": {"type": "LineString", "coordinates": [[-54.996581793287184, -10.239431216006352], [-54.995886611632784, -10.2385931182894]]}}, {"type": "Feature", "properties": {"layer": "vista", "dxf_type": "LINE"}, "geometry": {"type": "LineString", "coordinates": [[-54.99591193201178, -10.239976338190091], [-54.99512985438694, -10.239033477758124]]}}, {"type": "Feature", "properties": {"layer": "vista", "dxf_type": "LINE"}, "geometry": {"type": "LineString", "coordinates": [[-54.9970955678622, -10.239481055899452], [-54.996531474622664, -10.239940107532277]]}}, {"type": "Feature", "properties": {"layer": "vista", "dxf_type": "LINE"}, "geometry": {"type": "LineString", "coordinates": [[-54.99642570713915, -10.240026179287367], [-54.99586161204388, -10.24048522937714]]}}, {"type": "Feature", "properties": {"layer": "vista", "dxf_type": "LINE"}, "geometry": {"type": "LineString", "coordinates": [[-54.99365260768668, -10.237252514472484], [-54.99443467690169, -10.238195377800139]]}}, {"type": "Feature", "properties": {"layer": "vista", "dxf_type": "LINE"}, "geometry": {"type": "LineString", "coordinates": [[-54.98514019955217, -10.236458671466854], [-54.98542984288792, -10.236807885582328]]}}, {"type": "Feature", "properties": {"layer": "vista", "dxf_type": "LINE"}, "geometry": {"type": "LineString", "coordinates": [[-54.98499917487261, -10.236573428089201], [-54.98528881810357, -10.236922643222332]]}}, {"type": "Feature", "properties": {"layer": "vista", "dxf_type": "LINE"}, "geometry": {"type": "LineString", "coordinates": [[-54.98485815008974, -10.23668818553412], [-54.98514779322731, -10.23703739987713]]}}, {"type": "Feature", "properties": {"layer": "vista", "dxf_type": "LINE"}, "geometry": {"type": "LineString", "coordinates": [[-54.98471712429671, -10.236802942892096], [-54.985006768247736, -10.237152157354522]]}}, {"type": "Feature", "properties": {"layer": "vista", "dxf_type": "LINE"}, "geometry": {"type": "LineString", "coordinates": [[-54.98454463929308, -10.237235753585377], [-54.98383951208622, -10.237809537649516]]}}, {"type": "Feature", "properties": {"layer": "vista", "dxf_type": "LINE"}, "geometry": {"type": "LineString", "coordinates": [[-54.99056934803683, -10.24449939479049], [-54.9898642096155, -10.245073190686869]]}}, {"type": "Feature", "properties": {"layer": "vista", "dxf_type": "LINE"}, "geometry": {"type": "LineString", "coordinates": [[-54.991164912763075, -10.243722301743093], [-54.99145456879395, -10.244071512857378]]}}, {"type": "Feature", "properties": {"layer": "vista", "dxf_type": "LINE"}, "geometry": {"type": "LineString", "coordinates": [[-54.99102388601801, -10.243837061636729], [-54.99131354194992, -10.244186272864907]]}}, {"type": "Feature", "properties": {"layer": "vista", "dxf_type": "LINE"}, "geometry": {"type": "LineString", "coordinates": [[-54.990882858268385, -10.243951820539568], [-54.9911725150082, -10.244301032791135]]}}, {"type": "Feature", "properties": {"layer": "vista", "dxf_type": "LINE"}, "geometry": {"type": "LineString", "coordinates": [[-54.99074183132793, -10.244066580270623], [-54.99103148797446, -10.244415791732205]]}}, {"type": "Feature", "properties": {"layer": "vista", "dxf_type": "CIRCLE", "radius_m": 9.01}, "geometry": {"type": "Polygon", "coordinates": [[[-54.989793588631876, -10.235475280207305], [-54.989795269251786, -10.235459394260214], [-54.98980004685406, -10.235444138495012], [-54.98980773706055, -10.235430098416261], [-54.98981804444163, -10.235417814550368], [-54.98983057361465, -10.235407759012364], [-54.9898448430461, -10.235400317512706], [-54.98986030338775, -10.235395775911893], [-54.989876361271094, -10.235394309520407], [-54.98989239944018, -10.235395974183893], [-54.98990780139029, -10.235400706435371], [-54.98992197600651, -10.235408323647412], [-54.98993437667026, -10.235418533189307], [-54.9899445294799, -10.235430943448435], [-54.989952042290774, -10.235445077444774], [-54.98995662741508, -10.235460391049566], [-54.98995810786181, -10.235476296525691], [-54.989956427249595, -10.235492182475136], [-54.98995164965319, -10.235507438243882], [-54.98994395944984, -10.235521478326847], [-54.98993365115617, -10.235533762191286], [-54.98992112289245, -10.23554381773852], [-54.989906853455054, -10.235551259240566], [-54.98989139310568, -10.235555800842244], [-54.989875335213995, -10.23555726723292], [-54.9898592970372, -10.235555602567084], [-54.98984389508123, -10.235550870312064], [-54.98982972046187, -10.235543253095843], [-54.98981731888561, -10.235533043544091], [-54.98980716699176, -10.235520633287042], [-54.98979965418683, -10.235506499288283], [-54.989795069070254, -10.235491185682628], [-54.989793588631876, -10.235475280207305]]]}}, {"type": "Feature", "properties": {"layer": "vista", "dxf_type": "CIRCLE", "radius_m": 9.01}, "geometry": {"type": "Polygon", "coordinates": [[[-54.985498784424976, -10.237416853951613], [-54.985500465283494, -10.237400968071233], [-54.98550524312605, -10.23738571241556], [-54.985512933565275, -10.237371672484914], [-54.985523241156855, -10.237359389703942], [-54.98553577052698, -10.23734933346905], [-54.98555003920511, -10.237341892188741], [-54.98556550058024, -10.237337350827927], [-54.9855815585416, -10.23733588467115], [-54.98559759674276, -10.237337549560642], [-54.98561299867776, -10.237342282020785], [-54.985627172319745, -10.237349899410477], [-54.985639573784454, -10.237360110012762], [-54.98564972645375, -10.237372519480672], [-54.985657239084034, -10.237386653547132], [-54.985661823087625, -10.237401967171147], [-54.98566330330658, -10.237417872625942], [-54.985661622455765, -10.237433758508663], [-54.98565684553162, -10.237449014173553], [-54.985649155095544, -10.237463054108371], [-54.98563884658566, -10.237475337791784], [-54.985626317217985, -10.23748539312637], [-54.985612048533916, -10.237492834409077], [-54.985596588063586, -10.237497375776407], [-54.98558053009389, -10.237498841932391], [-54.985564491885036, -10.237497177040522], [-54.985549089031615, -10.237492444571181], [-54.98553491538649, -10.237484827177298], [-54.98552251391613, -10.237474617474687], [-54.98551236216833, -10.237462207104974], [-54.985504849543986, -10.237448073036125], [-54.98550026463558, -10.237432759405584], [-54.985498784424976, -10.237416853951613]]]}}, {"type": "Feature", "properties": {"layer": "vista", "dxf_type": "CIRCLE", "radius_m": 9.01}, "geometry": {"type": "Polygon", "coordinates": [[[-54.984616692300385, -10.238133262293195], [-54.984618373212676, -10.238117376427137], [-54.98462315019975, -10.238102120789506], [-54.98463084160401, -10.238088081800568], [-54.984641149258344, -10.238075798155096], [-54.984653678682214, -10.238065741965297], [-54.9846679474087, -10.238058300734062], [-54.984683407906694, -10.238053760322641], [-54.98469946590033, -10.238052294217146], [-54.98471550412372, -10.238053959156103], [-54.98473090698829, -10.238058690763728], [-54.98474508063023, -10.23806630819362], [-54.98475748208355, -10.238076518829065], [-54.9847676338123, -10.238088929220037], [-54.98477514641593, -10.238103062398169], [-54.9847797312909, -10.238118376033524], [-54.98478121146146, -10.238134281483921], [-54.984779530556864, -10.238150167352336], [-54.9847747526631, -10.238165422987862], [-54.984767062168835, -10.238179462890546], [-54.98475675451444, -10.238191746540208], [-54.98474422509304, -10.238201801829717], [-54.98472995636061, -10.238209243063338], [-54.98471449493662, -10.238213784373842], [-54.98469843693463, -10.238215250478532], [-54.98468239870355, -10.238213585537213], [-54.984666996751365, -10.23820885302782], [-54.98465282310627, -10.238201235593747], [-54.984640421647306, -10.238191025857962], [-54.98463026992181, -10.238178615463424], [-54.984622756417274, -10.238164481373346], [-54.984618172462596, -10.23814916774278], [-54.984616692300385, -10.238133262293195]]]}}, {"type": "Feature", "properties": {"layer": "vista", "dxf_type": "CIRCLE", "radius_m": 9.01}, "geometry": {"type": "Polygon", "coordinates": [[[-54.98753234973957, -10.235525664667453], [-54.98753403047056, -10.235509778753606], [-54.98753880818145, -10.23549452213855], [-54.98754649847303, -10.2354804830364], [-54.987556806841795, -10.235468199264782], [-54.98756933607147, -10.23545814382789], [-54.98758360462633, -10.235450702432347], [-54.987599064981865, -10.23544616094567], [-54.987615122856496, -10.23544469466833], [-54.9876311609946, -10.235446359441585], [-54.98764656289264, -10.23545109179424], [-54.987660737437714, -10.235458709094956], [-54.98767313892654, -10.235468918715311], [-54.987683290723176, -10.235481329022909], [-54.987690803430155, -10.235495462148707], [-54.98769538843427, -10.235510776668674], [-54.987696868765994, -10.235526682133608], [-54.98769518804269, -10.235542568049812], [-54.98769041034337, -10.235557823764532], [-54.987682720054934, -10.235571862870875], [-54.987672412598656, -10.235584146652341], [-54.987659883365744, -10.235594202092793], [-54.9876456138867, -10.235601644388995], [-54.987630153529125, -10.235606184972648], [-54.98761409564615, -10.235607651249182], [-54.98759805750035, -10.235605986473571], [-54.98758265559075, -10.235601255021255], [-54.987568481960764, -10.235593636818084], [-54.987556080472, -10.235583427193546], [-54.98754592776606, -10.235571016876728], [-54.98753841506502, -10.235556883748531], [-54.987533830062944, -10.235541570131577], [-54.98753234973957, -10.235525664667453]]]}}, {"type": "Feature", "properties": {"layer": "vista", "dxf_type": "CIRCLE", "radius_m": 9.01}, "geometry": {"type": "Polygon", "coordinates": [[[-54.98686248702278, -10.236070766949158], [-54.986864167794614, -10.236054881046186], [-54.986868944630615, -10.23603962534735], [-54.98687663588465, -10.236025585371364], [-54.98688694338424, -10.236013301624002], [-54.986899472654756, -10.236003246221365], [-54.98691374124639, -10.235995804863066], [-54.9869292016332, -10.23599126341526], [-54.9869452595324, -10.235989797176872], [-54.98696129768744, -10.235991461987675], [-54.98697670050667, -10.23599619438067], [-54.98699087413922, -10.236003811706295], [-54.987003275619436, -10.236014021351812], [-54.98701342739917, -10.236026431678276], [-54.9870209400759, -10.236040565719795], [-54.98702552505447, -10.236055879340212], [-54.987027005349454, -10.23607178480181], [-54.98702532458531, -10.236087670707121], [-54.98702054684263, -10.236102926403875], [-54.987012856509985, -10.236116965485808], [-54.98700254901035, -10.236129249237372], [-54.98699001973088, -10.236139305547466], [-54.98697575113331, -10.236146746908164], [-54.98696028983192, -10.23615128744732], [-54.986944231924376, -10.236152753684904], [-54.986928193761635, -10.236151088871742], [-54.986912791843395, -10.236146357384714], [-54.98689861820769, -10.236138740054898], [-54.986886216733225, -10.236128529501293], [-54.98687606495674, -10.236116119171255], [-54.9868685513677, -10.236101986025583], [-54.98686396730941, -10.236086672409932], [-54.98686248702278, -10.236070766949158]]]}}, {"type": "Feature", "properties": {"layer": "vista", "dxf_type": "CIRCLE", "radius_m": 9.01}, "geometry": {"type": "Polygon", "coordinates": [[[-54.98619262119117, -10.236615867391247], [-54.986194302003845, -10.236599981499149], [-54.98619907979575, -10.23658472582395], [-54.986206770181454, -10.23657068586675], [-54.986217077718706, -10.236558403053174], [-54.986229607035774, -10.2365483467809], [-54.98624387657672, -10.236540905465514], [-54.986259336994806, -10.23653636405655], [-54.98627539491858, -10.236534897857116], [-54.98629143309056, -10.236536562705474], [-54.986306835005884, -10.236541295127548], [-54.98632100863845, -10.236548912483705], [-54.98633341010435, -10.23655912305829], [-54.98634356278543, -10.236571532505387], [-54.98635107543762, -10.236585666558716], [-54.98635565947239, -10.236600980177812], [-54.986357139730615, -10.236616885636073], [-54.98635545892564, -10.236632771530532], [-54.98635068205214, -10.23664802721492], [-54.98634299166958, -10.236662067176331], [-54.98633268321403, -10.236674350892331], [-54.98632015389941, -10.236684406264317], [-54.986305885265075, -10.23669184758775], [-54.98629042483926, -10.236696388997556], [-54.98627436690713, -10.236697855196185], [-54.98625832872746, -10.236696190345468], [-54.98624292680627, -10.236691457919868], [-54.98622875225801, -10.236683840553862], [-54.98621635078646, -10.236673630878936], [-54.986206199026874, -10.236661220530051], [-54.986198686380625, -10.236647086474303], [-54.98619410144104, -10.2366317728487], [-54.98619262119117, -10.236615867391247]]]}}, {"type": "Feature", "properties": {"layer": "vista", "dxf_type": "CIRCLE", "radius_m": 9.01}, "geometry": {"type": "Polygon", "coordinates": [[[-54.9882022111724, -10.234980559653776], [-54.98820389186257, -10.234964673729065], [-54.9882086695244, -10.234949417999902], [-54.988216359771776, -10.23493537887334], [-54.98822666718464, -10.234923095066183], [-54.98823919637916, -10.23491303869119], [-54.9882534658098, -10.234905597264015], [-54.98826892612836, -10.234901056642375], [-54.98828498397841, -10.234899590326087], [-54.988301022099584, -10.234901255061795], [-54.988316423994675, -10.234905986475859], [-54.98833059762719, -10.234913603740424], [-54.98834299911892, -10.234923814239457], [-54.98835315184499, -10.234936224533827], [-54.98836066457651, -10.234950357647804], [-54.98836524870502, -10.23496567125392], [-54.98836672907349, -10.23498157672219], [-54.98836504839102, -10.234997462649256], [-54.98836027164759, -10.235012718387605], [-54.98835258139766, -10.235026758422258], [-54.988342273072206, -10.235039042227964], [-54.98832974388014, -10.235049097702667], [-54.98831547535611, -10.235056539137867], [-54.98830001502411, -10.235061080664254], [-54.98828395716572, -10.235062546979732], [-54.98826791903685, -10.23506088224167], [-54.988252517141596, -10.23505614992018], [-54.98823834259339, -10.235048532645799], [-54.98822594109602, -10.235038323046425], [-54.98821578928573, -10.235025912754134], [-54.98820827656584, -10.235011778733858], [-54.98820369153252, -10.234996465121238], [-54.9882022111724, -10.234980559653776]]]}}, {"type": "Feature", "properties": {"layer": "vista", "dxf_type": "CIRCLE", "radius_m": 9.01}, "geometry": {"type": "Polygon", "coordinates": [[[-54.988872070397434, -10.234435453710487], [-54.988873751046775, -10.234419567774909], [-54.98887852775272, -10.234404312022109], [-54.98888621886844, -10.234390272876784], [-54.988896526237944, -10.234377989039732], [-54.98890905539161, -10.234367932630505], [-54.988923323872946, -10.234360491160437], [-54.98893878416023, -10.23435595049997], [-54.9889548419914, -10.234354483240837], [-54.988970880089944, -10.2343561488429], [-54.98898628288893, -10.234360880227884], [-54.98900045652142, -10.234368497461922], [-54.98901285802175, -10.234378707935775], [-54.98902300985217, -10.234391118205641], [-54.98903052260823, -10.234405251307791], [-54.98903510768052, -10.234420564915235], [-54.98903658808573, -10.234436470386838], [-54.98903490744409, -10.234452356324754], [-54.98903012983147, -10.234467612075457], [-54.98902243962575, -10.2344816521345], [-54.98901213225619, -10.234493935975753], [-54.98899960310497, -10.234503991484672], [-54.9889853346177, -10.234511432957145], [-54.98896987340444, -10.234515974516734], [-54.98895381557062, -10.234517440871157], [-54.988937777458695, -10.234515776170642], [-54.98892237557208, -10.234511043883854], [-54.98890820193644, -10.234503426645626], [-54.98889580043047, -10.23449321707145], [-54.98888564860329, -10.234480806798008], [-54.988878134946326, -10.234466672783933], [-54.988873550794295, -10.234451359181264], [-54.988872070397434, -10.234435453710487]]]}}, {"type": "Feature", "properties": {"layer": "vista", "dxf_type": "CIRCLE", "radius_m": 9.01}, "geometry": {"type": "Polygon", "coordinates": [[[-54.98954192650794, -10.233890345928263], [-54.989543607116445, -10.23387445998182], [-54.98954838469159, -10.233859204216698], [-54.98955607485626, -10.23384516413743], [-54.989566383094946, -10.233832880276143], [-54.989578912202084, -10.233822824736556], [-54.989593180646644, -10.233815383229254], [-54.989608640908365, -10.233810841626049], [-54.98962469870926, -10.233809375231877], [-54.98964073679655, -10.2338110398925], [-54.98965613866865, -10.233815772141043], [-54.98967031321365, -10.233823389350173], [-54.98968271472828, -10.233833598894979], [-54.989692866575595, -10.233846009145966], [-54.989700379350495, -10.233860143140193], [-54.98970496445403, -10.233875456743286], [-54.989706444895965, -10.233891362218218], [-54.989704764295155, -10.233907248167013], [-54.989699986725874, -10.23392250393568], [-54.98969229656435, -10.233936544019125], [-54.98968198924384, -10.233948826986383], [-54.98966946012778, -10.233958883433415], [-54.98965519076473, -10.233966324937494], [-54.989639730495284, -10.233970866541567], [-54.98962367268605, -10.23397233293493], [-54.98960763459106, -10.233970668271954], [-54.989592232713086, -10.233965936019867], [-54.98957805907748, -10.233958318812165], [-54.989565657568605, -10.233948108359288], [-54.9895555048063, -10.233935699002954], [-54.98954799203734, -10.233921565006344], [-54.989543406941536, -10.233906251402386], [-54.98954192650794, -10.233890345928263]]]}}, {"type": "Feature", "properties": {"layer": "vista", "dxf_type": "CIRCLE", "radius_m": 9.01}, "geometry": {"type": "Polygon", "coordinates": [[[-54.99028229213964, -10.233287856109772], [-54.990283972703025, -10.23327197015133], [-54.99028875023026, -10.233256714366336], [-54.99029644034608, -10.233242674260119], [-54.99030674762432, -10.233230390360148], [-54.9903192766863, -10.233220334782734], [-54.99033354600278, -10.233212893239905], [-54.990349006229934, -10.23320835159377], [-54.990365064003655, -10.233206885156568], [-54.990381102072234, -10.233208549775698], [-54.99039650393477, -10.233213281985895], [-54.990410677567205, -10.233220899155652], [-54.99042307909132, -10.23323110867263], [-54.99043323186984, -10.23324351890842], [-54.99044074467185, -10.233257652889558], [-54.99044532889736, -10.23327296648223], [-54.99044681029245, -10.233288871966472], [-54.990445128824206, -10.233304757921637], [-54.99044035221538, -10.233320013715808], [-54.9904326621084, -10.233334052922334], [-54.990422353917566, -10.23334633682087], [-54.99040982484665, -10.233356393305726], [-54.99039555643678, -10.233363834856608], [-54.99038009620758, -10.233368375599724], [-54.99036403841983, -10.233369842940006], [-54.99034800034925, -10.233368177414633], [-54.99033259847515, -10.233363446104782], [-54.99031842392703, -10.23335582892518], [-54.99030602240865, -10.233345618500133], [-54.990295870545914, -10.233333208266403], [-54.99028835774415, -10.233319075186746], [-54.99028377261383, -10.233303761587575], [-54.99028229213964, -10.233287856109772]]]}}, {"type": "Feature", "properties": {"layer": "vista", "dxf_type": "CIRCLE", "radius_m": 9.01}, "geometry": {"type": "Polygon", "coordinates": [[[-54.9909521445272, -10.232742744474368], [-54.99095382504977, -10.23272685850507], [-54.99095860253367, -10.232711602702103], [-54.99096629260529, -10.232697562571493], [-54.990976599840174, -10.232685278641643], [-54.99098912886132, -10.232675223030029], [-54.991003397228496, -10.232667781444308], [-54.991018858336915, -10.23266323976497], [-54.991034916086065, -10.232661773288836], [-54.991050953225155, -10.232663437864803], [-54.991066355991585, -10.232668170045933], [-54.991080529623986, -10.232675787185187], [-54.99109293115669, -10.232685996676974], [-54.991103083039555, -10.232698406888263], [-54.991110595866104, -10.232712540857577], [-54.991115181035376, -10.232727854451552], [-54.99111666155465, -10.232743759933486], [-54.991114981039765, -10.232759645905142], [-54.99111020356173, -10.232774901711647], [-54.991102513498944, -10.232788940942584], [-54.99109220626401, -10.232801224876622], [-54.991079677233934, -10.23281128139571], [-54.99106540886083, -10.232818722983817], [-54.99104994775036, -10.23282326376013], [-54.991033890905406, -10.232824730241092], [-54.991017852846085, -10.232823065657144], [-54.9910024500681, -10.232818334376352], [-54.99098827643256, -10.232810717232924], [-54.99097587490559, -10.232800506833037], [-54.99096572302596, -10.232788096618185], [-54.99095821019967, -10.232773963550336], [-54.990953625038124, -10.2327586499555], [-54.9909521445272, -10.232742744474368]]]}}, {"type": "Feature", "properties": {"layer": "vista", "dxf_type": "CIRCLE", "radius_m": 9.01}, "geometry": {"type": "Polygon", "coordinates": [[[-54.99170888904356, -10.23230239373308], [-54.99171056952264, -10.232286507751873], [-54.99171534696752, -10.232271251025358], [-54.99172303698927, -10.23225721177202], [-54.99173334418216, -10.232244927809624], [-54.99174587316513, -10.232234872160769], [-54.99176014149941, -10.23222743053455], [-54.99177560258149, -10.232222888813013], [-54.99179165939932, -10.232221422288967], [-54.99180769744045, -10.232223086829828], [-54.99182310020507, -10.232227818973332], [-54.99183727384441, -10.232235436079513], [-54.99184967539255, -10.232245645544051], [-54.99185982729875, -10.232258055734972], [-54.9918673401613, -10.232272188787684], [-54.99187192536105, -10.232287503280986], [-54.99187340592093, -10.232303408766656], [-54.99187172545522, -10.23231929384635], [-54.9918669480162, -10.232334550576386], [-54.99185925799761, -10.232348589833933], [-54.99184895080467, -10.232360873800518], [-54.991836421818455, -10.23237092945296], [-54.99182215347824, -10.232378371081582], [-54.99180669238844, -10.232382912803963], [-54.99179063464972, -10.232384379321578], [-54.991774597513434, -10.232382714783995], [-54.99175919474295, -10.232377982636967], [-54.99174502110046, -10.232370365526597], [-54.99173261955237, -10.23236015605784], [-54.99172246764942, -10.232347745863358], [-54.9917149547928, -10.232333612808226], [-54.99171036960078, -10.232318298314077], [-54.99170888904356, -10.23230239373308]]]}}, {"type": "Feature", "properties": {"layer": "vista", "dxf_type": "CIRCLE", "radius_m": 9.01}, "geometry": {"type": "Polygon", "coordinates": [[[-54.98684495469527, -10.239039876099147], [-54.98684663551236, -10.239023990202133], [-54.986851412421224, -10.239008734514796], [-54.986859103772964, -10.23899469455544], [-54.986869411391304, -10.238982410829161], [-54.98688194079708, -10.238972355451265], [-54.98689620953528, -10.23896491412042], [-54.98691167007433, -10.238960372701701], [-54.986927728125586, -10.238958906492952], [-54.98694376642666, -10.238960571332797], [-54.986959169380306, -10.238965303753123], [-54.98697334313046, -10.238972921103294], [-54.98698574470696, -10.238983130769649], [-54.986995896557964, -10.238995541112434], [-54.98700340927821, -10.239009675165118], [-54.98700799427086, -10.239024988791147], [-54.98700947454995, -10.239040894252568], [-54.98700779374055, -10.239056780151948], [-54.987003015925005, -10.239072035837177], [-54.98699532549467, -10.239086074902497], [-54.98698501787628, -10.239098358632983], [-54.98697248846155, -10.239108414918354], [-54.986958219717415, -10.239115856251585], [-54.98694275826377, -10.239120396761637], [-54.98692670020416, -10.239121862969577], [-54.98691066189539, -10.239120198127376], [-54.98689525984273, -10.239115466613033], [-54.98688108608943, -10.23910784925868], [-54.98686868451868, -10.239097638684223], [-54.98685853267093, -10.239085228337865], [-54.98685101903837, -10.239071095181009], [-54.986846434966004, -10.239055781559767], [-54.98684495469527, -10.239039876099147]]]}}, {"type": "Feature", "properties": {"layer": "vista", "dxf_type": "CIRCLE", "radius_m": 9.01}, "geometry": {"type": "Polygon", "coordinates": [[[-54.98610768294562, -10.239930894795377], [-54.98610936381202, -10.239915008910884], [-54.98611414077569, -10.239899753244442], [-54.98612183217991, -10.239885714217422], [-54.98613213985759, -10.239873430526064], [-54.986144669327274, -10.239863374284337], [-54.98615893812029, -10.239855932997123], [-54.986174398702985, -10.239851392527832], [-54.98619045680193, -10.239849925460907], [-54.9862064951303, -10.23985159124874], [-54.98622189811238, -10.239856322806006], [-54.98623607187414, -10.239863940192135], [-54.986248473444974, -10.239874150792085], [-54.98625862528443, -10.2398865611572], [-54.986266137987705, -10.239900694320095], [-54.98627072294742, -10.239916007951429], [-54.986272203184576, -10.239931913409173], [-54.986270522325874, -10.23994779929602], [-54.986265744455515, -10.23996305496036], [-54.98625805396129, -10.239977094901123], [-54.98624774628357, -10.239989378596672], [-54.98623521681634, -10.239999433938111], [-54.98622094801737, -10.24000687522771], [-54.98620548650868, -10.240011416596095], [-54.98618942840709, -10.24001288275833], [-54.986173390065325, -10.24001121787202], [-54.98615798799563, -10.240006485412977], [-54.98614381423072, -10.239998868022672], [-54.98613141265424, -10.239988658322378], [-54.98612126081804, -10.239976247953704], [-54.98611374721385, -10.23996211387886], [-54.986109163174426, -10.239946800252312], [-54.98610768294562, -10.239930894795377]]]}}, {"type": "Feature", "properties": {"layer": "vista", "dxf_type": "CIRCLE", "radius_m": 9.01}, "geometry": {"type": "Polygon", "coordinates": [[[-54.989184370306965, -10.237517416018775], [-54.98918605098711, -10.23750153008453], [-54.98919082866633, -10.237486274341444], [-54.98919851895785, -10.237472235197117], [-54.98920882735244, -10.237459951374671], [-54.98922135572598, -10.23744989497074], [-54.98923562526706, -10.237442453518804], [-54.98925108571069, -10.237437912871885], [-54.98926714369562, -10.237436446530776], [-54.98928318195632, -10.237438111243073], [-54.9892985839902, -10.237442842636037], [-54.98931275866799, -10.23745045988826], [-54.989325160281304, -10.237460670373126], [-54.98933531220057, -10.237473080652043], [-54.98934282501794, -10.237487213760941], [-54.98934741012166, -10.237502527372547], [-54.989348890527175, -10.237518432845599], [-54.98934720985473, -10.237534318782197], [-54.989342432175675, -10.237549575432705], [-54.989334741887305, -10.237563614581246], [-54.98932443440522, -10.237575898413525], [-54.989311905121575, -10.237585953911527], [-54.98929763557456, -10.237593395365849], [-54.989282175117495, -10.237597936917513], [-54.98926611712421, -10.237599403257814], [-54.989250078855825, -10.237597738543164], [-54.989234676821766, -10.237593006242774], [-54.989220502140824, -10.237585388986373], [-54.98920810143442, -10.23757517940681], [-54.98919794860584, -10.237562769118687], [-54.98919043579442, -10.237548636007372], [-54.98918585070413, -10.23753332149102], [-54.989184370306965, -10.237517416018775]]]}}, {"type": "Feature", "properties": {"layer": "vista", "dxf_type": "CIRCLE", "radius_m": 9.01}, "geometry": {"type": "Polygon", "coordinates": [[[-54.98851450490207, -10.238062522286784], [-54.98851618562305, -10.238046636363404], [-54.988520962433086, -10.238031380632663], [-54.988528652774505, -10.238017340608865], [-54.98853896121248, -10.238005056816315], [-54.98855149053373, -10.237995001356127], [-54.98856575919904, -10.237987559935828], [-54.988581219679645, -10.23798301842388], [-54.988597277689166, -10.237981552121722], [-54.98861331596681, -10.237983216871573], [-54.98862871800365, -10.237987949203134], [-54.988642892681476, -10.237995566485877], [-54.98865529429188, -10.238005776092068], [-54.98866544619425, -10.238018186389858], [-54.98867295898139, -10.238032320414465], [-54.98867754405385, -10.238047634030407], [-54.98867902442262, -10.238063539500127], [-54.988677343709334, -10.238079425425862], [-54.98867256599261, -10.238094681154502], [-54.988664875660035, -10.238108720278616], [-54.988654568134564, -10.238121004081014], [-54.98864203880437, -10.238131060448659], [-54.98862776922057, -10.23813850186572], [-54.98861230873792, -10.23814304247465], [-54.98859625072005, -10.238144508775996], [-54.98858021243471, -10.238142844023791], [-54.98856481038631, -10.238138112592573], [-54.988550636617894, -10.238130495311273], [-54.98853823501324, -10.238120284796999], [-54.988528082201555, -10.238107874489987], [-54.98852056941466, -10.238093741366859], [-54.98851598526248, -10.238078427755696], [-54.98851450490207, -10.238062522286784]]]}}, {"type": "Feature", "properties": {"layer": "vista", "dxf_type": "CIRCLE", "radius_m": 9.01}, "geometry": {"type": "Polygon", "coordinates": [[[-54.98784463638747, -10.238607625811401], [-54.9878463171493, -10.238591739898888], [-54.98785109491526, -10.238576484191778], [-54.9878587853009, -10.238562444192375], [-54.98786909286969, -10.238550160424085], [-54.987881622231804, -10.238540104998156], [-54.98789589184645, -10.238532663620749], [-54.98791135235834, -10.238528122147677], [-54.98792741039245, -10.238526655884478], [-54.987943448687034, -10.238528320671886], [-54.987958850732525, -10.238533053038141], [-54.987973024497826, -10.2385406703458], [-54.98798542609963, -10.238550879977163], [-54.98799557889765, -10.238563290299469], [-54.98800309166024, -10.238577424335922], [-54.98800767578891, -10.23859273795055], [-54.988009156120924, -10.238608643416942], [-54.98800747536679, -10.23862452933179], [-54.98800269851926, -10.238639785048107], [-54.98799500814246, -10.238653824147805], [-54.98798469966107, -10.238666107914657], [-54.987972170290014, -10.238676164248044], [-54.98795790158198, -10.238683605633497], [-54.98794244106804, -10.238688146203572], [-54.98792638301989, -10.238689613369846], [-54.9879103447233, -10.2386879476762], [-54.987894942666244, -10.23868321621026], [-54.987880767985246, -10.238675598892765], [-54.98786836638919, -10.238665388353315], [-54.987858214506964, -10.238652978033077], [-54.98785070174463, -10.238638844898118], [-54.98784611671114, -10.238623531276962], [-54.98784463638747, -10.238607625811401]]]}}, {"type": "Feature", "properties": {"layer": "vista", "dxf_type": "CIRCLE", "radius_m": 9.01}, "geometry": {"type": "Polygon", "coordinates": [[[-54.98992474620417, -10.236914928872245], [-54.98992642683917, -10.236899042925995], [-54.98993120447048, -10.236883787163041], [-54.98993889471312, -10.236869747991738], [-54.98994920214723, -10.236857464130608], [-54.989961731388156, -10.23684740769448], [-54.98997600088859, -10.236839966201364], [-54.98999146129765, -10.236835425511506], [-54.9900075192554, -10.23683395912735], [-54.990023557497366, -10.236835623798145], [-54.990038959521684, -10.236840355152745], [-54.99005313328689, -10.236847972365577], [-54.990065534909704, -10.236858182822605], [-54.99007568776019, -10.236870593086305], [-54.99008320060468, -10.236884726182126], [-54.99008778483037, -10.236900039783304], [-54.9900892652765, -10.236915945260034], [-54.990087584649196, -10.236931831208643], [-54.990082807936304, -10.236947086980777], [-54.99007511769111, -10.236961127060171], [-54.99006480934441, -10.236973410919852], [-54.99005228010593, -10.236983466455692], [-54.990038011512105, -10.236990907956848], [-54.99002255108962, -10.236995449551433], [-54.99000649312352, -10.236996915934784], [-54.98999045487386, -10.236995251261636], [-54.98997505284937, -10.236990518999628], [-54.98996087816846, -10.236982901776962], [-54.98994847654001, -10.236972692219599], [-54.98993832460531, -10.236960281957975], [-54.98993081177245, -10.236946147955852], [-54.98992622664195, -10.236930834348174], [-54.98992474620417, -10.236914928872245]]]}}, {"type": "Feature", "properties": {"layer": "vista", "dxf_type": "CIRCLE", "radius_m": 9.01}, "geometry": {"type": "Polygon", "coordinates": [[[-54.990594607878684, -10.23636981965374], [-54.99059628847286, -10.236353933696623], [-54.99060106514826, -10.236338677910057], [-54.990608756259256, -10.236324638719971], [-54.990619063649994, -10.236312354828968], [-54.99063159285006, -10.236302298358591], [-54.99064586140116, -10.236294856822589], [-54.99066132178463, -10.23629031519002], [-54.9906773797178, -10.236288848766918], [-54.99069341794281, -10.236290513400164], [-54.99070882086533, -10.236295245629561], [-54.9907229946305, -10.236302862811863], [-54.99073539626191, -10.23631307324372], [-54.990745548216736, -10.236325483482899], [-54.99075306108576, -10.236339616566907], [-54.99075764625524, -10.236354930169384], [-54.99075912673811, -10.236370835649439], [-54.99075744615163, -10.23638672160889], [-54.99075266856955, -10.236401977393381], [-54.99074497836857, -10.236416017497163], [-54.99073467097778, -10.236428301392387], [-54.99072214178016, -10.236438356962436], [-54.99070787322311, -10.236445798500847], [-54.99069241191936, -10.236450340128659], [-54.990676353977854, -10.236451806550955], [-54.99066031574514, -10.236450141915356], [-54.990644913729305, -10.236445409688036], [-54.990630739960984, -10.23643779250154], [-54.990618338323934, -10.236427582969377], [-54.99060818637235, -10.236415172726609], [-54.990600672602405, -10.236401038730696], [-54.99059608835321, -10.23638572513297], [-54.990594607878684, -10.23636981965374]]]}}, {"type": "Feature", "properties": {"layer": "vista", "dxf_type": "CIRCLE", "radius_m": 9.01}, "geometry": {"type": "Polygon", "coordinates": [[[-54.99126446643812, -10.235824708596406], [-54.991266146991464, -10.235808822628437], [-54.99127092453607, -10.23579356682953], [-54.991278614695986, -10.23577952670554], [-54.99128892295591, -10.23576724279027], [-54.99130145210943, -10.235757187189554], [-54.99131572062377, -10.235749745616316], [-54.99133118097595, -10.235745203944893], [-54.99134723888453, -10.235743737482851], [-54.991363277092596, -10.235745402078551], [-54.9913786790939, -10.235750134267628], [-54.991392853771586, -10.235757751425016], [-54.99140525541727, -10.235767960927806], [-54.991415407388985, -10.235780371148131], [-54.991422920276854, -10.235794505124172], [-54.99142750547757, -10.235809818722311], [-54.99142898599718, -10.235825724205696], [-54.99142730545152, -10.235841610176017], [-54.991422527912796, -10.235856865978468], [-54.9914148377617, -10.235870905202763], [-54.99140453041428, -10.23588318912787], [-54.991392001251825, -10.23589324563603], [-54.991377731819014, -10.235900687206053], [-54.99136227146479, -10.23590522797446], [-54.99134621354217, -10.235906695339581], [-54.9913301753321, -10.23590502983764], [-54.99131477331924, -10.23590029854891], [-54.99130059955095, -10.235892681392942], [-54.991288197911, -10.235882470982082], [-54.99127804502998, -10.23587006075255], [-54.99127053214236, -10.235855927677987], [-54.99126594694938, -10.23584061407898], [-54.99126446643812, -10.235824708596406]]]}}, {"type": "Feature", "properties": {"layer": "vista", "dxf_type": "CIRCLE", "radius_m": 9.01}, "geometry": {"type": "Polygon", "coordinates": [[[-54.99193432370767, -10.235279595711761], [-54.991936004220186, -10.235263709732937], [-54.99194078172144, -10.235248453916057], [-54.991948471837155, -10.235234413767678], [-54.99195877914117, -10.23522212981689], [-54.99197130825384, -10.235212074181968], [-54.991985577643945, -10.235204632577105], [-54.99200103796484, -10.23520009086684], [-54.99201709584883, -10.235198624365863], [-54.99203313403994, -10.235200288924021], [-54.99204853603259, -10.235205021078398], [-54.99206270979769, -10.235212638199645], [-54.99207511145197, -10.235222847677232], [-54.99208526435311, -10.23523525788432], [-54.992092777265505, -10.23524939184853], [-54.9920973615849, -10.235264705436704], [-54.99209884214124, -10.235280610923404], [-54.99209716163641, -10.235296496904581], [-54.992092385053574, -10.235311752730633], [-54.99208469494669, -10.235325791979339], [-54.99207438673008, -10.235338075928682], [-54.99206185760849, -10.23534813247108], [-54.992047589124994, -10.235355574083965], [-54.99203212880205, -10.23536011489121], [-54.99201607090971, -10.235361581391379], [-54.992000032710905, -10.235359916830868], [-54.9919846307067, -10.235355185576836], [-54.991970456025896, -10.235347568445784], [-54.99195805437736, -10.235337358060091], [-54.991947902392006, -10.235324947855077], [-54.99194038947987, -10.235310814792326], [-54.99193580425566, -10.23529550119766], [-54.99193432370767, -10.235279595711761]]]}}, {"type": "Feature", "properties": {"layer": "vista", "dxf_type": "CIRCLE", "radius_m": 9.01}, "geometry": {"type": "Polygon", "coordinates": [[[-54.992604178780546, -10.234734480090527], [-54.992605859252244, -10.23471859410085], [-54.992610635797604, -10.234703338260356], [-54.99261832677598, -10.234689298997095], [-54.99262863403664, -10.234677015016434], [-54.99264116310845, -10.234666959347294], [-54.99265543155493, -10.234659516795674], [-54.992670891838856, -10.234654975950479], [-54.99268694969825, -10.234653509410569], [-54.99270298787241, -10.234655173931195], [-54.992718390774634, -10.234659905152597], [-54.992732564534016, -10.234667523147198], [-54.99274496619687, -10.234677732599609], [-54.99275511820234, -10.234690142782195], [-54.99276263114494, -10.23470427583069], [-54.99276721640811, -10.234719589420171], [-54.99276869700118, -10.234735494910193], [-54.99276701653717, -10.234751380902209], [-54.992762239079454, -10.234766637644496], [-54.99275454901677, -10.234780676917575], [-54.992744241756064, -10.234792960902444], [-54.99273171268101, -10.234803016575157], [-54.99271744423429, -10.234810458225297], [-54.992701983024396, -10.234814999969629], [-54.99268592515665, -10.234816466508732], [-54.992669886974795, -10.234814801985761], [-54.99265448498494, -10.234810069862542], [-54.992640311216725, -10.234802452767633], [-54.992627909553924, -10.234792243311022], [-54.99261775755169, -10.234779833124861], [-54.99261024370247, -10.23476570006833], [-54.99260565936527, -10.23475038557973], [-54.992604178780546, -10.234734480090527]]]}}, {"type": "Feature", "properties": {"layer": "vista", "dxf_type": "CIRCLE", "radius_m": 9.01}, "geometry": {"type": "Polygon", "coordinates": [[[-54.99318713541369, -10.234084601042346], [-54.99318881584725, -10.234068715042891], [-54.993193593263186, -10.234053459191756], [-54.993201283284826, -10.234039419900698], [-54.99321159050076, -10.234027135892832], [-54.99322411953476, -10.234017079288606], [-54.99323838884744, -10.234009637612541], [-54.993253849095154, -10.234005096731877], [-54.99326990692985, -10.234003629252506], [-54.99328594507493, -10.234005294642692], [-54.99330134704909, -10.234010025826722], [-54.99331552080714, -10.234017642889453], [-54.993327922466044, -10.234027853222658], [-54.99333807539448, -10.234040263393515], [-54.9933455883558, -10.234054396431072], [-54.99335017273271, -10.234069710010802], [-54.993351654271166, -10.234085615509345], [-54.993349972932755, -10.23410150150553], [-54.993345196435236, -10.234116757365832], [-54.99333750641106, -10.234130797564964], [-54.99332719828252, -10.234143081571405], [-54.993314669250985, -10.234153137275321], [-54.9933004008449, -10.234160578959417], [-54.99328494058377, -10.234165120744832], [-54.99326888274642, -10.234166587319516], [-54.993252844587964, -10.234164922830862], [-54.99323744261361, -10.234160190739406], [-54.993223267939875, -10.234152573666856], [-54.993210866275334, -10.234142364233337], [-54.99320071426268, -10.234129954064533], [-54.99319320131298, -10.234115820120685], [-54.99318861603126, -10.234100506534459], [-54.99318713541369, -10.234084601042346]]]}}, {"type": "Feature", "properties": {"layer": "vista", "dxf_type": "CIRCLE", "radius_m": 9.01}, "geometry": {"type": "Polygon", "coordinates": [[[-54.9880451386076, -10.240486872264183], [-54.98804681938773, -10.240470986352337], [-54.988051596277735, -10.24045573064182], [-54.98805928762942, -10.24044169065181], [-54.98806959526653, -10.240429406888591], [-54.98808212470918, -10.240419351468885], [-54.98809639350092, -10.240411910092972], [-54.98811185502068, -10.2404073686333], [-54.98812791223955, -10.240405902372563], [-54.98814395062972, -10.240407567168111], [-54.98815935367795, -10.24041229954788], [-54.98817352752455, -10.240419916862805], [-54.98818592919566, -10.240430126500563], [-54.988196081135776, -10.240442536822508], [-54.98820359393625, -10.240456670862912], [-54.98820817899714, -10.240471984485684], [-54.988209659329854, -10.240487889953009], [-54.98820797855742, -10.240503775867216], [-54.988203200760736, -10.240519031575632], [-54.98819551033044, -10.240533070671619], [-54.98818520269329, -10.240545354439027], [-54.9881726732417, -10.240555410766206], [-54.98815840444402, -10.240562852144524], [-54.98814294292222, -10.240567392701161], [-54.98812688478243, -10.240568858955445], [-54.98811084729712, -10.240567194163187], [-54.98809544423733, -10.240562462683771], [-54.98808127038758, -10.240554845364654], [-54.98806886872222, -10.240544634818791], [-54.988058716785346, -10.240532224493284], [-54.98805120307256, -10.240518091348696], [-54.98804661893196, -10.240502777730702], [-54.9880451386076, -10.240486872264183]]]}}, {"type": "Feature", "properties": {"layer": "vista", "dxf_type": "CIRCLE", "radius_m": 9.01}, "geometry": {"type": "Polygon", "coordinates": [[[-54.98892031766549, -10.23969327129539], [-54.98892199839103, -10.239677385369188], [-54.98892677613495, -10.239662129640513], [-54.98893446651364, -10.2396480896125], [-54.98894477500338, -10.239635805815297], [-54.98895730347638, -10.239625750344551], [-54.988971573128595, -10.239618308924857], [-54.98898703369075, -10.239613767408011], [-54.98900309178587, -10.23961230110123], [-54.989019130149885, -10.239613965846932], [-54.989034532270544, -10.239618698174949], [-54.98904870702643, -10.239626315454954], [-54.98906110870611, -10.239636525059241], [-54.989071260666336, -10.23964893535609], [-54.98907877349765, -10.239663069380756], [-54.98908335859897, -10.239678382997713], [-54.98908483898012, -10.239694288469394], [-54.989083158262275, -10.239710174397937], [-54.98907838052422, -10.239725430130173], [-54.98907069015438, -10.23973946925848], [-54.98906038257714, -10.239751753065534], [-54.98904785318264, -10.239761809438091], [-54.98903358352449, -10.23976925086019], [-54.989018122960296, -10.239773791474036], [-54.98900206485682, -10.23977525778001], [-54.988986026485115, -10.239773593031956], [-54.98897062435288, -10.239768861604256], [-54.98895644959386, -10.239761244320055], [-54.98894404883247, -10.239751033813324], [-54.98893389596294, -10.239738623507257], [-54.988926383131854, -10.239724490384086], [-54.988921798038284, -10.23970917676625], [-54.98892031766549, -10.23969327129539]]]}}, {"type": "Feature", "properties": {"layer": "vista", "dxf_type": "CIRCLE", "radius_m": 9.01}, "geometry": {"type": "Polygon", "coordinates": [[[-54.98976646832389, -10.239004715708802], [-54.98976814899785, -10.238988829768875], [-54.98977292668699, -10.238973574017482], [-54.98978061700412, -10.238959534862534], [-54.98979092452652, -10.23894725102192], [-54.989803453866145, -10.238937194609669], [-54.98981772347189, -10.23892975314292], [-54.98983318398883, -10.238925212480856], [-54.98984924205288, -10.238923746124872], [-54.98986528039548, -10.238925410823125], [-54.9898806825109, -10.238930142203428], [-54.98989485635418, -10.238937759439198], [-54.98990725803903, -10.23894796991556], [-54.98991741093315, -10.238960380194209], [-54.98992492380117, -10.238974513300027], [-54.989929508941955, -10.238989826911505], [-54.989930989369526, -10.23900573238739], [-54.98992930870327, -10.239021618329673], [-54.98992453102, -10.239036874084606], [-54.989916840700324, -10.239050914147633], [-54.98990653226532, -10.239063197986814], [-54.989894002928146, -10.239073253498741], [-54.98987973422902, -10.239080694973548], [-54.98986427369866, -10.23908523654036], [-54.98984821562625, -10.23908670289554], [-54.98983217727596, -10.23908503819493], [-54.98981677516035, -10.239080305907203], [-54.98980260040137, -10.239072688661585], [-54.98979019871087, -10.239062479084913], [-54.989780046732555, -10.23905006880833], [-54.98977253387616, -10.239035934796226], [-54.989767948743115, -10.239020621183881], [-54.98976646832389, -10.239004715708802]]]}}, {"type": "Feature", "properties": {"layer": "vista", "dxf_type": "CIRCLE", "radius_m": 9.01}, "geometry": {"type": "Polygon", "coordinates": [[[-54.990612615461394, -10.23831615810027], [-54.990614296083756, -10.238300272146619], [-54.99061907371812, -10.23828501637252], [-54.9906267639851, -10.238270976282859], [-54.9906370714527, -10.238258692404486], [-54.99064960073501, -10.238248636852887], [-54.99066387029429, -10.238241195339056], [-54.99067933077739, -10.238236653724035], [-54.99069538881038, -10.238235187318844], [-54.990711427131565, -10.238236851969667], [-54.99072682923036, -10.238241584210002], [-54.9907410030736, -10.238249201407214], [-54.99075340477499, -10.238259410947858], [-54.99076355769044, -10.238271821202662], [-54.990771070583776, -10.238285955197416], [-54.99077565485146, -10.238301268797779], [-54.99077713532545, -10.238317174277864], [-54.990775454710786, -10.238333060233865], [-54.990770677994846, -10.238348316017149], [-54.990762987731024, -10.238362356111], [-54.990752679356504, -10.238374639084057], [-54.990740150065264, -10.238384695543134], [-54.990725881412594, -10.238392137064988], [-54.99071042092176, -10.238396678680878], [-54.990694362880426, -10.238398145085256], [-54.99067832455154, -10.238396480432085], [-54.99066292244688, -10.238391748188207], [-54.990648747687935, -10.238384130981183], [-54.99063634599228, -10.238373920532432], [-54.990626193986934, -10.238361511183571], [-54.99061868109954, -10.238347377186415], [-54.990614095927036, -10.238332063579549], [-54.990612615461394, -10.23831615810027]]]}}, {"type": "Feature", "properties": {"layer": "vista", "dxf_type": "CIRCLE", "radius_m": 9.01}, "geometry": {"type": "Polygon", "coordinates": [[[-54.99153030620095, -10.237581738672413], [-54.99153198676756, -10.237565852703916], [-54.99153676343026, -10.237550596899597], [-54.991544453631384, -10.237536557680464], [-54.991554761952614, -10.237524273766859], [-54.9915672911852, -10.237514217264566], [-54.99158155978214, -10.237506775694191], [-54.99159702021732, -10.237502234929956], [-54.99161307821724, -10.237500768471529], [-54.99162911651581, -10.237502433071025], [-54.991644518608986, -10.237507164360037], [-54.99165869336522, -10.237514781521133], [-54.991671095073094, -10.237524991931254], [-54.99168124709943, -10.237537402154631], [-54.99168876003224, -10.237551535229334], [-54.99169334525534, -10.237566848829413], [-54.99169482577961, -10.237582754314051], [-54.991693145220694, -10.2375986402849], [-54.99168836765131, -10.237613896087126], [-54.991680677447654, -10.23762793621434], [-54.991670370038925, -10.237640220137784], [-54.99165784080879, -10.237650275739751], [-54.99164357129335, -10.23765771730691], [-54.99162811084476, -10.237662258975899], [-54.99161205283648, -10.237663725433519], [-54.99159601453022, -10.237662060831669], [-54.99158061243686, -10.237657328635231], [-54.99156643859003, -10.23764971147556], [-54.99155403687651, -10.237639501965138], [-54.991543883940864, -10.237627091732548], [-54.99153637101968, -10.237612957751557], [-54.99153178671687, -10.237597644156248], [-54.99153030620095, -10.237581738672413]]]}}, {"type": "Feature", "properties": {"layer": "vista", "dxf_type": "CIRCLE", "radius_m": 9.01}, "geometry": {"type": "Polygon", "coordinates": [[[-54.992457532464236, -10.236838270390194], [-54.99245921297449, -10.236822384406695], [-54.99246399049001, -10.236807128583175], [-54.99247168063029, -10.236793089330328], [-54.992481987979374, -10.236780805369806], [-54.9924945171559, -10.236770748820247], [-54.992508786615026, -10.236763307204026], [-54.99252424700746, -10.23675876638613], [-54.99254030497959, -10.236757298970026], [-54.992556343249554, -10.23675896442154], [-54.99257174533123, -10.23676369566261], [-54.99258592008785, -10.236771312781547], [-54.992598320895425, -10.23678152315123], [-54.99260847385795, -10.236793933354175], [-54.99261598682487, -10.236808066412534], [-54.99262057209126, -10.23682338000663], [-54.99262205266632, -10.236839285495861], [-54.99262037216377, -10.236855171481716], [-54.99261559465412, -10.236870427308775], [-54.9926079045113, -10.236884467469716], [-54.99259759624962, -10.236896751428796], [-54.99258506798809, -10.236906807083695], [-54.99257079852302, -10.236914248702302], [-54.99255533811717, -10.236918790424948], [-54.992539280142374, -10.236920256936363], [-54.99252324185904, -10.236918592386383], [-54.99250783977717, -10.236913860237888], [-54.9924936650174, -10.236906243114774], [-54.99248126329164, -10.236896033639123], [-54.99247111124491, -10.23688362343825], [-54.9924635982896, -10.23686948947358], [-54.992459013030945, -10.236854175878625], [-54.992457532464236, -10.236838270390194]]]}}, {"type": "Feature", "properties": {"layer": "vista", "dxf_type": "CIRCLE", "radius_m": 9.01}, "geometry": {"type": "Polygon", "coordinates": [[[-54.99329205806379, -10.236135705169943], [-54.99329373852283, -10.23611981917288], [-54.993298515071224, -10.236104563321263], [-54.99330620606822, -10.236090524043531], [-54.99331651336235, -10.236078240045622], [-54.993329042486906, -10.236068183453245], [-54.9933433109865, -10.23606074178479], [-54.99335877134443, -10.236056200014405], [-54.99337482927904, -10.236054733453452], [-54.9933908675324, -10.236056397954089], [-54.993406270509084, -10.236061130061229], [-54.99342044435217, -10.236068747136315], [-54.993432846082214, -10.236078957480093], [-54.99344299815264, -10.23609136765377], [-54.993450511149774, -10.236105500697303], [-54.993455096454944, -10.236120814285941], [-54.99345657707588, -10.23613671977931], [-54.99345489662454, -10.236152605778724], [-54.99345011916946, -10.236167861628255], [-54.993442429082485, -10.236181901819707], [-54.99343212178832, -10.236194185821802], [-54.99341959266621, -10.23620424151389], [-54.99340532416067, -10.23621168318475], [-54.993389862882445, -10.236216224950354], [-54.993373804939495, -10.236217691510507], [-54.99335776667844, -10.236216027007513], [-54.99334236460844, -10.236211294902477], [-54.993328190762206, -10.236203677823205], [-54.99331578902652, -10.23619346837909], [-54.993305636959334, -10.236181058201852], [-54.99329812306127, -10.236166924246385], [-54.99329353867638, -10.23615161066251], [-54.99329205806379, -10.236135705169943]]]}}, {"type": "Feature", "properties": {"layer": "vista", "dxf_type": "CIRCLE", "radius_m": 9.01}, "geometry": {"type": "Polygon", "coordinates": [[[-54.994138190556605, -10.23544713537535], [-54.994139870964084, -10.235431249364586], [-54.99414464745772, -10.235415993490278], [-54.99415233749202, -10.235401953272211], [-54.99416264564391, -10.235389669242194], [-54.99417517471118, -10.235379613510487], [-54.99418944316432, -10.235372171794996], [-54.99420490348273, -10.235367629975562], [-54.994220961386276, -10.235366163365446], [-54.99423699961821, -10.235367827818658], [-54.994252401671396, -10.23537255987634], [-54.99426657642696, -10.23538017691849], [-54.994278978173526, -10.23539038632657], [-54.994289130265265, -10.235402796476409], [-54.99429664328768, -10.235416930408897], [-54.9943012286323, -10.235432243992049], [-54.99430270929963, -10.235448149489605], [-54.99430102889985, -10.235464035502705], [-54.99429625149952, -10.235479291374942], [-54.994288561474065, -10.235493330693293], [-54.994278254234665, -10.235505614733142], [-54.994265725158485, -10.23551567137231], [-54.99425145578686, -10.235523113084584], [-54.9942359954664, -10.235527654000997], [-54.99421993755451, -10.235529120610305], [-54.99420389931488, -10.23552745615475], [-54.99418849725015, -10.23552272499741], [-54.994174323403975, -10.235515107956696], [-54.994161921663135, -10.235504897640528], [-54.994151768662086, -10.235492487481483], [-54.994144255639924, -10.235478354450494], [-54.99413967121559, -10.235463040872089], [-54.994138190556605, -10.23544713537535]]]}}, {"type": "Feature", "properties": {"layer": "vista", "dxf_type": "CIRCLE", "radius_m": 9.01}, "geometry": {"type": "Polygon", "coordinates": [[[-54.9904541343312, -10.240401000120558], [-54.99045581499244, -10.240385114173229], [-54.990460592684514, -10.240369858410673], [-54.99046828302014, -10.240355819241207], [-54.990478591488404, -10.240343535388977], [-54.990491119962336, -10.240333478951703], [-54.990505389626705, -10.24032603746418], [-54.99052085021175, -10.24032149678081], [-54.99053690835649, -10.240320029499863], [-54.99055294677239, -10.24032169508199], [-54.99056834896776, -10.240326426444085], [-54.99058252380145, -10.24033404366985], [-54.990594925559044, -10.24034425413368], [-54.99060507760545, -10.24035666439775], [-54.99061259052793, -10.240370797498619], [-54.99061717571068, -10.240386111109276], [-54.990618656166134, -10.24040201658851], [-54.990616975512594, -10.240417902538194], [-54.99061219782639, -10.240433158304295], [-54.99060450748823, -10.240447198381814], [-54.99059419993247, -10.24045948224391], [-54.99058167054843, -10.240469537775223], [-54.99056740087812, -10.24047697926515], [-54.99055194027965, -10.240481520853287], [-54.99053588213225, -10.240482987229546], [-54.99051984370296, -10.240481322548948], [-54.990504441507404, -10.24047659027941], [-54.99049026667057, -10.240468973049452], [-54.99047786581989, -10.240458763490954], [-54.99046771286417, -10.240446353217648], [-54.99046019995332, -10.24043221921051], [-54.9904556147783, -10.24041690559899], [-54.9904541343312, -10.240401000120558]]]}}, {"type": "Feature", "properties": {"layer": "vista", "dxf_type": "CIRCLE", "radius_m": 9.01}, "geometry": {"type": "Polygon", "coordinates": [[[-54.98978426358024, -10.24094610727105], [-54.98978594428232, -10.240930221334601], [-54.98979072110521, -10.24091496558437], [-54.989798411485054, -10.240900926439336], [-54.98980871999671, -10.240888642616985], [-54.98982124942408, -10.240878586219605], [-54.98983551821268, -10.240871144763709], [-54.98985097882902, -10.240866604119178], [-54.98986703699266, -10.240865137781075], [-54.989883075431216, -10.240866802496875], [-54.989898478547815, -10.24087153389935], [-54.98991265246898, -10.24087915115002], [-54.98992505421798, -10.24088936163903], [-54.98993520624749, -10.240901771921996], [-54.98994271914543, -10.240915905034683], [-54.98994730429694, -10.240931218649695], [-54.98994878471564, -10.240947124125592], [-54.98994710402125, -10.24096301006441], [-54.98994232628598, -10.240978266716427], [-54.98993463590928, -10.240992305865658], [-54.98992432831014, -10.241004589697853], [-54.98991179888522, -10.24101464519493], [-54.98989753009068, -10.241022086653228], [-54.98988206854835, -10.24102662819685], [-54.98986601037634, -10.241028094534148], [-54.98984997193009, -10.241026429815992], [-54.98983456972588, -10.24102169751175], [-54.989820395801566, -10.241014080256884], [-54.98980799404692, -10.241003870667551], [-54.98979784110809, -10.240991460375364], [-54.989790328216095, -10.240977327260273], [-54.98978574399058, -10.240962012746156], [-54.98978426358024, -10.24094610727105]]]}}, {"type": "Feature", "properties": {"layer": "vista", "dxf_type": "CIRCLE", "radius_m": 9.01}, "geometry": {"type": "Polygon", "coordinates": [[[-54.991793871047925, -10.239310780329747], [-54.991795551627476, -10.23929489436072], [-54.99180032832027, -10.23927963855656], [-54.99180801948569, -10.239265598440056], [-54.991818326954636, -10.239253314522387], [-54.99183085625369, -10.239243258926177], [-54.99184512493191, -10.239235817358503], [-54.99186058546006, -10.23923127569353], [-54.99187664354991, -10.239229809238562], [-54.99189268193757, -10.239231473841693], [-54.99190808502249, -10.239236206043891], [-54.99192225894353, -10.239243823202935], [-54.99193466072399, -10.23925403271248], [-54.99194481280418, -10.23926644293881], [-54.99195232577004, -10.239280576919873], [-54.99195691101528, -10.239295890521863], [-54.99195839154423, -10.23931179600773], [-54.991956710972374, -10.239327681979125], [-54.991951933372896, -10.23934293778118], [-54.99194424312888, -10.239356977003641], [-54.99193393565988, -10.239369260925507], [-54.99192140635189, -10.239379317429188], [-54.99190713766773, -10.239386758999268], [-54.99189167622498, -10.239391299755574], [-54.991875618126784, -10.239392766209736], [-54.99185957973142, -10.239391101604255], [-54.991844177547506, -10.239386370308049], [-54.991830003623306, -10.239378753144807], [-54.99181760184858, -10.239368542727162], [-54.99180744977164, -10.239356132497266], [-54.991799935893475, -10.239341999412032], [-54.99179535156852, -10.239326685814827], [-54.991793871047925, -10.239310780329747]]]}}, {"type": "Feature", "properties": {"layer": "vista", "dxf_type": "CIRCLE", "radius_m": 9.01}, "geometry": {"type": "Polygon", "coordinates": [[[-54.99246373518875, -10.23876566767865], [-54.992465415727466, -10.238749781698747], [-54.99247019329514, -10.238734524978378], [-54.9924778834981, -10.238720485735714], [-54.99248819183622, -10.2387082017938], [-54.99250072018186, -10.238698146157716], [-54.992514989735845, -10.238690704558424], [-54.99253045023269, -10.23868616285462], [-54.992546508297934, -10.238684696360703], [-54.992562546668644, -10.238686360926282], [-54.99257794883233, -10.238691093088121], [-54.992592123665894, -10.23869871022226], [-54.992604525454944, -10.238708919706628], [-54.992614677552005, -10.23872132991407], [-54.99262219054809, -10.238735462979427], [-54.99262677581888, -10.238750777480941], [-54.99262825638457, -10.238766682970143], [-54.99262657585924, -10.238782568048496], [-54.992621798297435, -10.238797824772423], [-54.99261410809763, -10.238811864019262], [-54.99260380067201, -10.238824147971028], [-54.992591271410575, -10.23883420360504], [-54.99257700185065, -10.23884164520674], [-54.99256154134608, -10.23884618691143], [-54.99254548327248, -10.238847653404536], [-54.99252944489407, -10.238845988836607], [-54.992514042724515, -10.238841256671211], [-54.99249986788781, -10.238833639532876], [-54.99248746701136, -10.238823430049951], [-54.99247731400498, -10.238811019833289], [-54.99246980101484, -10.238796886765543], [-54.99246521575178, -10.238781572263145], [-54.99246373518875, -10.23876566767865]]]}}, {"type": "Feature", "properties": {"layer": "vista", "dxf_type": "CIRCLE", "radius_m": 9.01}, "geometry": {"type": "Polygon", "coordinates": [[[-54.99313359804463, -10.238220552296184], [-54.99313527854252, -10.238204666305437], [-54.993140056061144, -10.23818941047098], [-54.99314774621988, -10.238175371203937], [-54.99315805360208, -10.238163087226493], [-54.99317058282509, -10.238153030657935], [-54.99318485234228, -10.238145589021405], [-54.993200312802145, -10.238141048182628], [-54.993216370842795, -10.23813958164977], [-54.993232409196544, -10.238141246177799], [-54.993247811357236, -10.238145977401063], [-54.993261985278195, -10.23815359449902], [-54.993274387070144, -10.238163804862083], [-54.99328454009664, -10.23817621505629], [-54.99329205311725, -10.238190348109795], [-54.9932966375124, -10.238205661697451], [-54.993298118114836, -10.238221567189973], [-54.99329643762465, -10.238237453183073], [-54.99329166102445, -10.238252709026698], [-54.993283970863175, -10.238266749201818], [-54.99327366256837, -10.23827903317784], [-54.993261133347815, -10.238289088846074], [-54.99324686473723, -10.238296530490652], [-54.99323140426395, -10.238301072234181], [-54.99321534621496, -10.238302538766234], [-54.993199307853516, -10.238300874235852], [-54.993183905692625, -10.238296142105165], [-54.99316973085596, -10.23828852499737], [-54.99315732905838, -10.238278315534007], [-54.99314717694767, -10.238265905341846], [-54.99313966393869, -10.238251771382057], [-54.99313507863871, -10.238236457787902], [-54.99313359804463, -10.238220552296184]]]}}, {"type": "Feature", "properties": {"layer": "vista", "dxf_type": "CIRCLE", "radius_m": 9.01}, "geometry": {"type": "Polygon", "coordinates": [[[-54.99387397011548, -10.23761805507046], [-54.99387565056823, -10.237602169067717], [-54.99388042803894, -10.237586913213406], [-54.993888118148824, -10.237572873919403], [-54.993898425483074, -10.237560589908941], [-54.99391095466091, -10.237550533302558], [-54.9939252232249, -10.237543091619237], [-54.99394068456272, -10.23753855074316], [-54.99395674166362, -10.23753708416164], [-54.99397277999862, -10.237538748648172], [-54.99398818306229, -10.237543479838704], [-54.994002356983195, -10.237551096902909], [-54.99401475878462, -10.237561307238131], [-54.99402491091722, -10.237573717405851], [-54.994032423964924, -10.237587850446268], [-54.994037009307156, -10.237603164034754], [-54.99403848995019, -10.23761906953094], [-54.994036809505126, -10.237634955536036], [-54.99403203204029, -10.237650211393888], [-54.99402434192788, -10.237664251595966], [-54.994014034593576, -10.237676535610635], [-54.99400150541819, -10.237686591316708], [-54.99398723684826, -10.237694033002436], [-54.993971775497016, -10.237698574783265], [-54.993955717475224, -10.237700041358355], [-54.99393968004508, -10.237698376875096], [-54.993924276981225, -10.237693644777139], [-54.99391010305716, -10.23768602770874], [-54.993897701250106, -10.237675818273202], [-54.99388754912074, -10.237663408101904], [-54.993880036084654, -10.237649274155196], [-54.99387545075016, -10.237633960565844], [-54.99387397011548, -10.23761805507046]]]}}, {"type": "Feature", "properties": {"layer": "vista", "dxf_type": "CIRCLE", "radius_m": 9.01}, "geometry": {"type": "Polygon", "coordinates": [[[-54.99454382741513, -10.237072936727854], [-54.99454550873961, -10.23705705071989], [-54.99455028525443, -10.237041794841987], [-54.99455797532577, -10.237027754619717], [-54.99456828352921, -10.237015470585002], [-54.9945808126605, -10.237005414848307], [-54.994595081187704, -10.23699797312773], [-54.994610541587356, -10.236993431303308], [-54.9946265995762, -10.23699196468848], [-54.99464263789424, -10.236993629137473], [-54.99465804003099, -10.23699836119156], [-54.9946722148644, -10.23700597823088], [-54.99468461668009, -10.237016187637009], [-54.994694768829554, -10.237028597785852], [-54.9947022818961, -10.237042731718319], [-54.99470686726956, -10.237058045302458], [-54.99470834794932, -10.237073950801957], [-54.99470666754509, -10.2370898368179], [-54.9947018901236, -10.23710509269371], [-54.994694200055406, -10.237119132920194], [-54.99468389277015, -10.237131416060835], [-54.99467136362994, -10.237141472705009], [-54.994657094184255, -10.237148914422368], [-54.99464163377686, -10.237153456247638], [-54.99462557577967, -10.237154922861665], [-54.99460953745394, -10.23715325841032], [-54.99459413531131, -10.23714852635271], [-54.9945799613873, -10.237140909314828], [-54.99456755957735, -10.237130699000591], [-54.99455740651288, -10.237118289746444], [-54.994549893452266, -10.237104155811558], [-54.9945453089991, -10.237088842232179], [-54.99454382741513, -10.237072936727854]]]}}, {"type": "Feature", "properties": {"layer": "vista", "dxf_type": "CIRCLE", "radius_m": 9.01}, "geometry": {"type": "Polygon", "coordinates": [[[-54.99530058002427, -10.236632578747813], [-54.99530226130524, -10.23661669272795], [-54.99530703777533, -10.236601436830398], [-54.995314727802466, -10.236587396581523], [-54.995325035963894, -10.236575112514263], [-54.995337565056985, -10.236565056740334], [-54.99535183355127, -10.236557614979253], [-54.99536729392456, -10.236553073112628], [-54.9953833518946, -10.23655160645551], [-54.99539939020212, -10.236553270863757], [-54.995414792337044, -10.236558002880201], [-54.995428967177375, -10.236565619886436], [-54.995441369008475, -10.236575829265304], [-54.99545152118127, -10.236588239393763], [-54.99545903427815, -10.236602373313497], [-54.995463619687754, -10.236617686893066], [-54.99546510040813, -10.236633592396283], [-54.9954634200474, -10.236649478424136], [-54.995458642670634, -10.236664734319604], [-54.99545095265233, -10.236678773668784], [-54.995440645403406, -10.23669105774587], [-54.995428116301404, -10.236701114427268], [-54.99541384688863, -10.236708556185125], [-54.9953983865076, -10.236713098052618], [-54.99538232852922, -10.236714564708935], [-54.99536629021401, -10.236712900298338], [-54.99535088807321, -10.236708168278353], [-54.995336714142276, -10.236700551273554], [-54.995324312316896, -10.236690340986597], [-54.99531415923479, -10.236677930848938], [-54.995306646138175, -10.236663797830682], [-54.99530206164885, -10.236648484255868], [-54.99530058002427, -10.236632578747813]]]}}, {"type": "Feature", "properties": {"layer": "vista", "dxf_type": "CIRCLE", "radius_m": 9.01}, "geometry": {"type": "Polygon", "coordinates": [[[-54.99112400379125, -10.239855891141923], [-54.99112568441164, -10.239840005183735], [-54.99113046206036, -10.2398247494032], [-54.99113815235745, -10.239810709305468], [-54.99114845986977, -10.239798425417684], [-54.9911609892097, -10.23978836985571], [-54.99117525883727, -10.239780928330926], [-54.99119071939671, -10.2397763867048], [-54.99120677751116, -10.239774920288784], [-54.99122281591579, -10.239776584929468], [-54.99123821809681, -10.239781317160748], [-54.9912523920179, -10.239788934350333], [-54.991264793789775, -10.239799143885069], [-54.99127494676563, -10.239811554135917], [-54.99128245970696, -10.239825688128814], [-54.991287044008395, -10.239841001729493], [-54.9912885245006, -10.23985690721205], [-54.991286843887906, -10.239872793172593], [-54.99128206715762, -10.23988804896231], [-54.991274376863686, -10.239902089064236], [-54.991264068444444, -10.239914372046703], [-54.991251539095586, -10.239924428516158], [-54.991237270374626, -10.239931870048967], [-54.991221809807456, -10.239936411675954], [-54.99120575168465, -10.239937878091162], [-54.99118971327233, -10.239936213448129], [-54.99117431108544, -10.239931481213308], [-54.991160136248645, -10.23992386401391], [-54.991147734482496, -10.239913653571067], [-54.991137582416755, -10.239901244226164], [-54.99113006948137, -10.239887110230859], [-54.9911254842751, -10.239871796623678], [-54.99112400379125, -10.239855891141923]]]}}, {"type": "Feature", "properties": {"layer": "vista", "dxf_type": "CIRCLE", "radius_m": 9.01}, "geometry": {"type": "Polygon", "coordinates": [[[-54.99277606751346, -10.241847633187263], [-54.99277774808293, -10.241831747208712], [-54.992782525705614, -10.241816491396264], [-54.992790216002575, -10.241802451256344], [-54.992800523540666, -10.241790167317708], [-54.99281305293129, -10.241780111698171], [-54.992827322632515, -10.241772670111315], [-54.99284278328573, -10.241768128421006], [-54.992858841510504, -10.241766661941153], [-54.992874880037746, -10.241768326520804], [-54.99289028234895, -10.2417730586962], [-54.99290445640279, -10.241780675837196], [-54.9929168583049, -10.24179088533251], [-54.992927011403474, -10.241803295554604], [-54.992934524455265, -10.24181742953054], [-54.99293910885068, -10.241832743126713], [-54.99294058941674, -10.241848648617337], [-54.99293890885498, -10.241864534598255], [-54.99293413215073, -10.241879790419864], [-54.992926441862615, -10.241893829660105], [-54.9929161334119, -10.241906113597299], [-54.992903604012355, -10.24191617012432], [-54.992889335217754, -10.241923611719212], [-54.992873874562484, -10.241928152506489], [-54.99285781632936, -10.241929618985537], [-54.992841777794425, -10.241927954403534], [-54.99282637547166, -10.241923223128497], [-54.992812200502094, -10.24191560597767], [-54.99279979860571, -10.241905395574255], [-54.99278964642295, -10.241892985354227], [-54.99278213337142, -10.241878852279752], [-54.992777548071174, -10.241863538677103], [-54.99277606751346, -10.241847633187263]]]}}, {"type": "Feature", "properties": {"layer": "vista", "dxf_type": "CIRCLE", "radius_m": 9.01}, "geometry": {"type": "Polygon", "coordinates": [[[-54.99210619537284, -10.242392745250248], [-54.99210787598316, -10.242376859282533], [-54.99211265364922, -10.242361603488078], [-54.99212034399041, -10.242347563372562], [-54.99213065157189, -10.242335279463822], [-54.9921431810034, -10.242325223878513], [-54.99215745074143, -10.242317782328918], [-54.99217291142596, -10.242313240677465], [-54.99218896967534, -10.242311774236567], [-54.99220500821955, -10.24231343885378], [-54.99222041053943, -10.242318171063898], [-54.99223458550589, -10.242325788241079], [-54.992246986486855, -10.242335997755953], [-54.99225713956854, -10.242348407996936], [-54.99226465259579, -10.242362541984711], [-54.99226923787252, -10.242377855590842], [-54.992270718401834, -10.242393761078166], [-54.992269037799225, -10.24240964704823], [-54.99226426013904, -10.242424902846235], [-54.992256569801, -10.242438942965943], [-54.99224626131259, -10.242451225969372], [-54.992233732784726, -10.242461282467794], [-54.992219463040755, -10.242468724019774], [-54.99220400234848, -10.242473265672096], [-54.99218794409075, -10.242474732112187], [-54.99217190553884, -10.242473067492625], [-54.99215650321308, -10.242468335278964], [-54.992142328243474, -10.242460718097611], [-54.99212992635568, -10.242450507668991], [-54.99211977418412, -10.242438098333949], [-54.99211226116281, -10.242423964343766], [-54.99210767589381, -10.242408650736765], [-54.99210619537284, -10.242392745250248]]]}}, {"type": "Feature", "properties": {"layer": "vista", "dxf_type": "CIRCLE", "radius_m": 9.01}, "geometry": {"type": "Polygon", "coordinates": [[[-54.991436321940775, -10.242937855485197], [-54.991438002591934, -10.242921969528341], [-54.99144277938881, -10.24290671374622], [-54.99145046976854, -10.242892674558979], [-54.99146077830599, -10.242880390685789], [-54.99147330778406, -10.242870334230819], [-54.991487576646335, -10.242862892712875], [-54.99150303735649, -10.24285835200416], [-54.99151909563048, -10.242856885602222], [-54.99153513419166, -10.242858550256999], [-54.9915505365259, -10.242863281597955], [-54.9915647114924, -10.242870898805666], [-54.991577113371655, -10.242881109255277], [-54.99158726552388, -10.242893519509494], [-54.99159477853229, -10.242907652605243], [-54.99159936377777, -10.242922966215723], [-54.99160084427034, -10.242938871699725], [-54.99159916362687, -10.242954757658934], [-54.99159438592331, -10.242970013438958], [-54.99158669554103, -10.242984053534261], [-54.991576387916105, -10.242996337417315], [-54.99156385844048, -10.243006392971964], [-54.9915495886597, -10.243013834486696], [-54.99153412793612, -10.243018376100158], [-54.99151806965378, -10.243019842501289], [-54.9915020310849, -10.243018177844162], [-54.99148662875047, -10.243013445595778], [-54.99147245469339, -10.24300582838949], [-54.991460052808485, -10.242995618839572], [-54.99144989974693, -10.242983208576124], [-54.99144238675016, -10.242969074574104], [-54.99143780242498, -10.242953760968396], [-54.991436321940775, -10.242937855485197]]]}}, {"type": "Feature", "properties": {"layer": "vista", "dxf_type": "CIRCLE", "radius_m": 9.01}, "geometry": {"type": "Polygon", "coordinates": [[[-54.9935164498517, -10.241245138630727], [-54.99351813037602, -10.24122925264018], [-54.993522907038205, -10.241213996802237], [-54.99353059728628, -10.241199956635352], [-54.99354090568899, -10.241187672669314], [-54.993553435034414, -10.24117761701194], [-54.993567703782404, -10.241170175378274], [-54.993583164401024, -10.241165633645027], [-54.99359922259858, -10.241164167122122], [-54.99361526110707, -10.241165831660265], [-54.993630664321245, -10.241170563802916], [-54.99364483837504, -10.241178180910158], [-54.99365724028664, -10.241188390377616], [-54.9936673924913, -10.24120080057321], [-54.9936749055702, -10.241214934536057], [-54.9936794909127, -10.241230248133057], [-54.99368097151939, -10.241246153627346], [-54.99367929100276, -10.24126203962026], [-54.99367451343388, -10.241277295456115], [-54.99366682319466, -10.241291334723309], [-54.993656515704465, -10.24130361869918], [-54.99364398635011, -10.241313675264017], [-54.99362971759618, -10.241321116900087], [-54.99361425606295, -10.241325657724671], [-54.99359819785703, -10.241327124246775], [-54.99358215934085, -10.241325459706282], [-54.99356675702768, -10.241320728469617], [-54.99355258297073, -10.241313111358183], [-54.993540181064866, -10.241302900982634], [-54.99353002795088, -10.241290490777828], [-54.99352251487223, -10.241276357716464], [-54.99351793045003, -10.241261044124226], [-54.9935164498517, -10.241245138630727]]]}}, {"type": "Feature", "properties": {"layer": "vista", "dxf_type": "CIRCLE", "radius_m": 9.01}, "geometry": {"type": "Polygon", "coordinates": [[[-54.9941863164457, -10.240700021798611], [-54.99418799692349, -10.240684136701084], [-54.99419277446056, -10.240668879946936], [-54.99420046465872, -10.240654840659523], [-54.99421077301804, -10.240642556663618], [-54.99422330141003, -10.240632500966374], [-54.99423757103946, -10.240625058397201], [-54.99425303162109, -10.240620517529008], [-54.994269089794045, -10.240619050967155], [-54.99428512828555, -10.240620715467742], [-54.99430053058417, -10.240625446666149], [-54.99431470554479, -10.24063306465236], [-54.99432710746496, -10.240643274094639], [-54.9943372596865, -10.240655684271335], [-54.994344772795614, -10.240669817318471], [-54.994349358163674, -10.240685131814988], [-54.994350838812785, -10.240701036408726], [-54.994349158336995, -10.240716922412487], [-54.994344380805806, -10.240732179170177], [-54.9943366906108, -10.240746218461764], [-54.994326383163994, -10.24075850246752], [-54.994313853856205, -10.2407685581627], [-54.99429958422651, -10.240775999830392], [-54.994284123631466, -10.240780541603353], [-54.99426806545017, -10.240782008164407], [-54.99425202695096, -10.240780343661468], [-54.99423662465215, -10.240775611555614], [-54.99422244968269, -10.240767994469097], [-54.99421004867513, -10.240757785028258], [-54.99419989554427, -10.240745374842337], [-54.99419238244109, -10.240731241792812], [-54.99418779708078, -10.240715927295426], [-54.9941863164457, -10.240700021798611]]]}}, {"type": "Feature", "properties": {"layer": "vista", "dxf_type": "CIRCLE", "radius_m": 9.01}, "geometry": {"type": "Polygon", "coordinates": [[[-54.99485618174284, -10.240154904043019], [-54.994857862185484, -10.240139018030757], [-54.994862639673514, -10.24012376216253], [-54.99487032982745, -10.240109722850743], [-54.99488063723082, -10.240097438819312], [-54.99489316650018, -10.240087382189609], [-54.994907436087125, -10.240079940487073], [-54.99492289663745, -10.240075399580022], [-54.99493895478578, -10.240073932979223], [-54.994954993260315, -10.240075597442262], [-54.994970395550254, -10.240080328605973], [-54.99498456960394, -10.240087945652132], [-54.99499697152701, -10.240098155973081], [-54.99500712467798, -10.24011056613654], [-54.995014637811614, -10.240124699171815], [-54.99501922230402, -10.240140012754473], [-54.99502070298419, -10.240155918255407], [-54.99501902254925, -10.240171804270014], [-54.99501424597966, -10.24018706014741], [-54.995006555823196, -10.24020110036727], [-54.99499624750722, -10.240213384397283], [-54.9949837182403, -10.2402234401267], [-54.994969449559974, -10.240230881837249], [-54.99495398899624, -10.240235423649056], [-54.994937930839555, -10.240236890249049], [-54.99492189235732, -10.240235225783662], [-54.99490649006719, -10.24023049371252], [-54.994892315097786, -10.240222876656565], [-54.994879913169086, -10.240212667235276], [-54.994869760933916, -10.240200257073864], [-54.99486224781189, -10.2401861231323], [-54.99485766241466, -10.240170809543145], [-54.99485618174284, -10.240154904043019]]]}}, {"type": "Feature", "properties": {"layer": "vista", "dxf_type": "CIRCLE", "radius_m": 9.01}, "geometry": {"type": "Polygon", "coordinates": [[[-54.99552604483636, -10.23960978445467], [-54.99552772523817, -10.239593898431584], [-54.99553250177026, -10.239578642539753], [-54.995540192798224, -10.23956460230532], [-54.99555050015254, -10.239552319147899], [-54.99556302938102, -10.239542262483974], [-54.99557729801861, -10.239534820738573], [-54.995592758543296, -10.239530278888793], [-54.995608816667016, -10.239528812249057], [-54.99562485512458, -10.239530476674547], [-54.99564025831272, -10.239535208713063], [-54.99565443236635, -10.23954282572868], [-54.995666834297985, -10.239553036024438], [-54.99567698655895, -10.239565445259505], [-54.99568449971142, -10.239579579186822], [-54.995689085147625, -10.23959489277077], [-54.99569056586453, -10.239610798274997], [-54.995688885470415, -10.23962668430045], [-54.995684108031625, -10.239641940190179], [-54.99567641791938, -10.239655980434446], [-54.99566611055935, -10.239668264499956], [-54.99565358133331, -10.239678320263573], [-54.99563931268978, -10.239685762011383], [-54.99562385124479, -10.239690303856388], [-54.995607793112725, -10.239691770495325], [-54.995591754647464, -10.239690106067483], [-54.995576352366015, -10.23968537403107], [-54.99556217830923, -10.239677757011261], [-54.99554977637196, -10.239667547615182], [-54.99553962411991, -10.239655137472651], [-54.99553211006081, -10.239641003537288], [-54.995527525544915, -10.239625689958112], [-54.99552604483636, -10.23960978445467]]]}}, {"type": "Feature", "properties": {"layer": "vista", "dxf_type": "CIRCLE", "radius_m": 9.01}, "geometry": {"type": "Polygon", "coordinates": [[[-54.99619590481377, -10.239064663028188], [-54.996197585174755, -10.239048776994244], [-54.996202362576064, -10.239033521090096], [-54.99621005264724, -10.239019480825638], [-54.996220360876414, -10.239007196740099], [-54.99623288914578, -10.238997140940207], [-54.99624715865913, -10.238989699163186], [-54.99626261915252, -10.238985157274595], [-54.99627867725162, -10.238983690595921], [-54.9962947156922, -10.238985354983868], [-54.9963101179591, -10.238990086982035], [-54.99632429292523, -10.238997703972743], [-54.99633669487111, -10.239007913339437], [-54.996346847143265, -10.239020323459492], [-54.996354360320254, -10.239034457374983], [-54.996358945787684, -10.23904977095456], [-54.996360426541315, -10.239065676462113], [-54.99635874618803, -10.239081562498408], [-54.9963539687926, -10.239096818406095], [-54.99634627873025, -10.23911085777084], [-54.99633597141359, -10.239123141866223], [-54.996323442222746, -10.239133198567941], [-54.996309172703455, -10.239140640347367], [-54.99629371220802, -10.23914518133296], [-54.99627765410057, -10.239146648010832], [-54.99626161565229, -10.239144983620536], [-54.99624621337384, -10.239140252522699], [-54.99623203840456, -10.239132635527803], [-54.99621963737695, -10.239122425258653], [-54.99620948419548, -10.239110015129382], [-54.99620197101874, -10.239095882115386], [-54.99619738555906, -10.239080568534938], [-54.99619590481377, -10.239064663028188]]]}}, {"type": "Feature", "properties": {"layer": "vista", "dxf_type": "CIRCLE", "radius_m": 9.01}, "geometry": {"type": "Polygon", "coordinates": [[[-54.99677886591687, -10.238414776916356], [-54.996780546234035, -10.238398891776532], [-54.99678532268648, -10.238383634946596], [-54.996793013620334, -10.238369595569498], [-54.99680332089222, -10.238357311451129], [-54.996815850030615, -10.238347255625696], [-54.996830118590736, -10.238339813809082], [-54.996845579047886, -10.23833527188502], [-54.996861637116574, -10.23833380517077], [-54.99687767553374, -10.238335469524392], [-54.99689307869766, -10.238340201496435], [-54.99690725274419, -10.238347818453542], [-54.99691965469179, -10.238358027797107], [-54.99692980697435, -10.238370437899812], [-54.996937320175725, -10.238384570900452], [-54.996941905663746, -10.238399885379804], [-54.9969433864559, -10.238415789986353], [-54.99694170614076, -10.238431676032413], [-54.99693692878163, -10.238446932860267], [-54.996929238763485, -10.238460972247175], [-54.99691893149156, -10.23847325636975], [-54.99690640234993, -10.238483312198777], [-54.99689213378387, -10.23849075401778], [-54.99687667240643, -10.238495295937092], [-54.996860614329385, -10.238496762650538], [-54.996844575904525, -10.238495098294571], [-54.99682917364729, -10.238490366324609], [-54.99681499959761, -10.238482749363328], [-54.99680259765005, -10.238472540015541], [-54.99679244537073, -10.238460129909258], [-54.99678493126274, -10.238445996900593], [-54.996780346695004, -10.238430682425989], [-54.99677886591687, -10.238414776916356]]]}}, {"type": "Feature", "properties": {"layer": "vista", "dxf_type": "CIRCLE", "radius_m": 9.01}, "geometry": {"type": "Polygon", "coordinates": [[[-54.99050835808641, -10.243456594329823], [-54.99051003879063, -10.24344070838756], [-54.99051481655443, -10.243425452635108], [-54.990522506993415, -10.243411412576522], [-54.990532814663304, -10.243399129641372], [-54.99054534418729, -10.243389073231937], [-54.990559614001455, -10.243381631769145], [-54.990575074748556, -10.243377090208142], [-54.99059113304452, -10.243375623857897], [-54.99060717161754, -10.24337728856247], [-54.99062257394736, -10.243382020853309], [-54.990636747991935, -10.24338963809581], [-54.99064914985156, -10.243399848578724], [-54.99065930289291, -10.24341225795959], [-54.990666815858084, -10.24342639197476], [-54.99067140014651, -10.243441705585177], [-54.99067288150191, -10.243457611070227], [-54.99067119989281, -10.243473497009205], [-54.99066642304746, -10.243488752770842], [-54.99065873261162, -10.243502792833606], [-54.99064842402341, -10.24351507667122], [-54.99063589450189, -10.243525132180336], [-54.99062162559434, -10.24353257365119], [-54.99060616483951, -10.24353711521306], [-54.990590106535194, -10.2435385815625], [-54.99057406795447, -10.243536916855573], [-54.99055866561878, -10.243532184561191], [-54.99054449065847, -10.243524567308835], [-54.9905320887932, -10.243514357725616], [-54.99052193667336, -10.243501947442912], [-54.99051442371414, -10.243487813425352], [-54.99050983852088, -10.243472499808426], [-54.99050835808641, -10.243456594329823]]]}}, {"type": "Feature", "properties": {"layer": "vista", "dxf_type": "CIRCLE", "radius_m": 9.01}, "geometry": {"type": "Polygon", "coordinates": [[[-54.9896276219709, -10.24417466223729], [-54.98962930272887, -10.244158776309314], [-54.98963407963717, -10.244143520574873], [-54.98964177012867, -10.244129481452289], [-54.98965207877394, -10.244117197658214], [-54.98966460834605, -10.244107142197699], [-54.989678877301806, -10.244099699874404], [-54.98969433808445, -10.2440951592684], [-54.98971039641283, -10.244093692969404], [-54.98972643500824, -10.244095357723388], [-54.98974183735521, -10.244100089156017], [-54.989756012306756, -10.24410770734822], [-54.98976841416083, -10.2441179169604], [-54.989778566261734, -10.244130327264362], [-54.98978607920034, -10.244144460391206], [-54.98979066436025, -10.244159774012976], [-54.98979214475474, -10.244175679488011], [-54.989790464004464, -10.244191565418346], [-54.98978568618377, -10.244206822054572], [-54.98977799569542, -10.244220861181349], [-54.98976768796267, -10.244233144985277], [-54.989755158387325, -10.244243200449349], [-54.989740888518746, -10.244250641865543], [-54.989725427722675, -10.244255183376296], [-54.98970936938593, -10.244256649674487], [-54.98969333078283, -10.244254984918149], [-54.989677928435675, -10.244250252578093], [-54.98966375438784, -10.2442426352912], [-54.989651352533826, -10.244232425674829], [-54.989641199523604, -10.244220015361641], [-54.98963368659093, -10.244205882232396], [-54.98962910235703, -10.244190567711524], [-54.9896276219709, -10.24417466223729]]]}}, {"type": "Feature", "properties": {"layer": "vista", "dxf_type": "CIRCLE", "radius_m": 9.01}, "geometry": {"type": "Polygon", "coordinates": [[[-54.98916215193867, -10.241833580662963], [-54.989163832678685, -10.2418176956412], [-54.98916861046938, -10.241802439010872], [-54.98917630090275, -10.241788399890567], [-54.989186609469876, -10.241776116098606], [-54.989199138034266, -10.241766060634344], [-54.98921340779408, -10.241758618318231], [-54.98922886845903, -10.241754077713411], [-54.98924492666507, -10.241752611415178], [-54.989260965138165, -10.241754276169482], [-54.989276367367566, -10.241759007601965], [-54.98929054221081, -10.241766625793588], [-54.98930294396998, -10.241776835404718], [-54.98931309599306, -10.241789245707253], [-54.98932060887391, -10.241803378832333], [-54.98932519399263, -10.241818693355947], [-54.98932667438096, -10.241834597924875], [-54.98932499364294, -10.241850483852872], [-54.98932021585813, -10.241865740486752], [-54.9893125254279, -10.241879779611264], [-54.989302217773286, -10.241892063413056], [-54.98928968829309, -10.241902118875274], [-54.98927541853303, -10.241909560289892], [-54.98925995785464, -10.241914101799457], [-54.98924389964025, -10.241915568096884], [-54.989227861159456, -10.241913903340226], [-54.989212458929885, -10.241909171000318], [-54.9891982840778, -10.241901553708399], [-54.989185883231244, -10.24189134409869], [-54.98917573029884, -10.241878933786948], [-54.98916821742393, -10.241864800659448], [-54.98916363231295, -10.241849486134967], [-54.98916215193867, -10.241833580662963]]]}}, {"type": "Feature", "properties": {"layer": "vista", "dxf_type": "CIRCLE", "radius_m": 9.01}, "geometry": {"type": "Polygon", "coordinates": [[[-54.98813659313672, -10.242377039661967], [-54.98813827394064, -10.242361153752405], [-54.98814305087241, -10.242345898046766], [-54.988150741369694, -10.242331858058389], [-54.98816104999167, -10.242319574310223], [-54.98817357951798, -10.242309518901672], [-54.98818784840152, -10.242302077538277], [-54.98820330910517, -10.242297536086317], [-54.98821936733395, -10.242296069844926], [-54.98823540581864, -10.242297734653983], [-54.98825080804238, -10.242302467040915], [-54.98826498287977, -10.242310084373074], [-54.98827738461627, -10.242320294020812], [-54.9882875366064, -10.242332704350696], [-54.988295049439614, -10.242346838396708], [-54.9882996345147, -10.242362152022542], [-54.98830111484252, -10.242378057490262], [-54.988299434046304, -10.242393943402181], [-54.98829465620784, -10.24240919910572], [-54.9882869657194, -10.242423238194412], [-54.98827665800995, -10.24243552195243], [-54.98826412847469, -10.242445578268423], [-54.98824985867263, -10.242453019628593], [-54.988234397966956, -10.242457560177536], [-54.98821833972982, -10.24245902641812], [-54.98820230123742, -10.242457361606705], [-54.98818689900211, -10.242452630120113], [-54.988172725074136, -10.242445012789386], [-54.9881603233434, -10.242434802233577], [-54.98815017044394, -10.24242239189447], [-54.98814265761097, -10.242408258749935], [-54.98813807345619, -10.242392945128882], [-54.98813659313672, -10.242377039661967]]]}}, {"type": "Feature", "properties": {"layer": "vista", "dxf_type": "CIRCLE", "radius_m": 9.01}, "geometry": {"type": "Polygon", "coordinates": [[[-54.993385277799156, -10.239805487446414], [-54.993386958308406, -10.239789601455014], [-54.993391735854146, -10.239774345620477], [-54.9933994260547, -10.239760306353917], [-54.99340973349181, -10.23974802237751], [-54.993422262780705, -10.239737965810509], [-54.993436532372264, -10.239730524175956], [-54.99345199291208, -10.239725983339547], [-54.9934680510352, -10.23972451680934], [-54.993484089470776, -10.2397261813402], [-54.99349949170952, -10.239730912566362], [-54.99351366570173, -10.239738529667198], [-54.9935260675554, -10.239748740032956], [-54.99353622063173, -10.239761150229626], [-54.99354373368836, -10.239775283285237], [-54.993548318104324, -10.23979059687458], [-54.993549798711584, -10.239806502368285], [-54.993548118210036, -10.239822388362034], [-54.99354334158272, -10.239837644205746], [-54.99353565137963, -10.239851684380401], [-54.99352534302992, -10.239863968355387], [-54.99351281374346, -10.239874024022079], [-54.99349854505852, -10.239881465664663], [-54.9934830845053, -10.23988600740581], [-54.99346702637382, -10.239887473935212], [-54.99345098793055, -10.239885809402002], [-54.993435585691614, -10.23988107726843], [-54.99342141078369, -10.239873460157774], [-54.99340900892438, -10.239863250691695], [-54.993398856763854, -10.239850840497073], [-54.993391343718855, -10.239836706535154], [-54.99338675839805, -10.239821392939318], [-54.993385277799156, -10.239805487446414]]]}}, {"type": "Feature", "properties": {"layer": "vista", "dxf_type": "LINE"}, "geometry": {"type": "LineString", "coordinates": [[-54.992308938053014, -10.236415716896202], [-54.992167915365016, -10.236530478027493]]}}, {"type": "Feature", "properties": {"layer": "vista", "dxf_type": "LINE"}, "geometry": {"type": "LineString", "coordinates": [[-54.99288824436013, -10.237114136096034], [-54.99274722056179, -10.23722889744931]]}}, {"type": "Feature", "properties": {"layer": "vista", "dxf_type": "LINE"}, "geometry": {"type": "LineString", "coordinates": [[-54.99047563368603, -10.23790760254332], [-54.990334609728855, -10.238022362618409]]}}, {"type": "Feature", "properties": {"layer": "vista", "dxf_type": "LINE"}, "geometry": {"type": "LineString", "coordinates": [[-54.99105493742119, -10.238606024702051], [-54.99091391327178, -10.238720784100888]]}}, {"type": "Feature", "properties": {"layer": "vista", "dxf_type": "LINE"}, "geometry": {"type": "LineString", "coordinates": [[-54.98962948757718, -10.238596159961503], [-54.98948846303417, -10.238710919549005]]}}, {"type": "Feature", "properties": {"layer": "vista", "dxf_type": "LINE"}, "geometry": {"type": "LineString", "coordinates": [[-54.99020879012479, -10.239294583485977], [-54.99006776538382, -10.239409343301089]]}}, {"type": "Feature", "properties": {"layer": "vista", "dxf_type": "LINE"}, "geometry": {"type": "LineString", "coordinates": [[-54.98878333794759, -10.239284715357801], [-54.98853284114822, -10.239506306894272]]}}, {"type": "Feature", "properties": {"layer": "vista", "dxf_type": "LINE"}, "geometry": {"type": "LineString", "coordinates": [[-54.989362639313036, -10.23998313934417], [-54.9891121412684, -10.240204732188628]]}}, {"type": "Feature", "properties": {"layer": "vista", "dxf_type": "LINE"}, "geometry": {"type": "LineString", "coordinates": [[-54.99188412130182, -10.24372079663754], [-54.99186420154007, -10.243696782094716]]}}, {"type": "Feature", "properties": {"layer": "vista", "dxf_type": "LINE"}, "geometry": {"type": "LineString", "coordinates": [[-54.99177130007069, -10.243812605209767], [-54.991751380314376, -10.243788590660676]]}}, {"type": "Feature", "properties": {"layer": "vista", "dxf_type": "LINE"}, "geometry": {"type": "LineString", "coordinates": [[-54.99177258423612, -10.243812729747102], [-54.991781665559486, -10.243805340246883]]}}, {"type": "Feature", "properties": {"layer": "vista", "dxf_type": "LINE"}, "geometry": {"type": "LineString", "coordinates": [[-54.99154085936656, -10.243533361073782], [-54.99154993977795, -10.243525970669925]]}}, {"type": "Feature", "properties": {"layer": "vista", "dxf_type": "LINE"}, "geometry": {"type": "LineString", "coordinates": [[-54.99233540558402, -10.24335356454008], [-54.99231044540326, -10.243323472575964]]}}, {"type": "Feature", "properties": {"layer": "vista", "dxf_type": "LINE"}, "geometry": {"type": "LineString", "coordinates": [[-54.99222258460868, -10.243445372416494], [-54.992197624434745, -10.24341528044455]]}}, {"type": "Feature", "properties": {"layer": "vista", "dxf_type": "LINE"}, "geometry": {"type": "LineString", "coordinates": [[-54.99222258460868, -10.243445372416494], [-54.992197624434745, -10.24341528044455]]}}, {"type": "Feature", "properties": {"layer": "vista", "dxf_type": "LINE"}, "geometry": {"type": "LineString", "coordinates": [[-54.992109763565125, -10.243537181144779], [-54.9920848034037, -10.243507088261097]]}}, {"type": "Feature", "properties": {"layer": "vista", "dxf_type": "LINE"}, "geometry": {"type": "LineString", "coordinates": [[-54.992109763565125, -10.243537181144779], [-54.9920848034037, -10.243507088261097]]}}, {"type": "Feature", "properties": {"layer": "vista", "dxf_type": "LINE"}, "geometry": {"type": "LineString", "coordinates": [[-54.99199694246474, -10.243628988917179], [-54.99197198230444, -10.243598896929512]]}}, {"type": "Feature", "properties": {"layer": "vista", "dxf_type": "LINE"}, "geometry": {"type": "LineString", "coordinates": [[-54.99199694246474, -10.243628988917179], [-54.99197198230444, -10.243598896929512]]}}, {"type": "Feature", "properties": {"layer": "vista", "dxf_type": "LINE"}, "geometry": {"type": "LineString", "coordinates": [[-54.99188354162684, -10.24372009884666], [-54.99185916114835, -10.243690704642027]]}}, {"type": "Feature", "properties": {"layer": "vista", "dxf_type": "LINE"}, "geometry": {"type": "LineString", "coordinates": [[-54.99182162799909, -10.243303716093758], [-54.991816002503256, -10.243296934489747]]}}, {"type": "Feature", "properties": {"layer": "vista", "dxf_type": "LINE"}, "geometry": {"type": "LineString", "coordinates": [[-54.99182162799909, -10.243303716093758], [-54.991816002503256, -10.243296934489747]]}}, {"type": "Feature", "properties": {"layer": "vista", "dxf_type": "LINE"}, "geometry": {"type": "LineString", "coordinates": [[-54.99153957429562, -10.24353323562626], [-54.991533949710515, -10.243526454927343]]}}, {"type": "Feature", "properties": {"layer": "vista", "dxf_type": "LINE"}, "geometry": {"type": "LineString", "coordinates": [[-54.99145527419822, -10.2440709396102], [-54.991549344935855, -10.243994390132984]]}}, {"type": "Feature", "properties": {"layer": "vista", "dxf_type": "LINE"}, "geometry": {"type": "LineString", "coordinates": [[-54.983984333322454, -10.237984145272318], [-54.984998087154075, -10.239206398533469]]}}, {"type": "Feature", "properties": {"layer": "vista", "dxf_type": "LINE"}, "geometry": {"type": "LineString", "coordinates": [[-54.985457504734285, -10.236200467187507], [-54.98602160252765, -10.235741436447437]]}}, {"type": "Feature", "properties": {"layer": "vista", "dxf_type": "LINE"}, "geometry": {"type": "LineString", "coordinates": [[-54.985570903881474, -10.236109359301155], [-54.985590821818754, -10.236133374053935]]}}, {"type": "Feature", "properties": {"layer": "vista", "dxf_type": "LINE"}, "geometry": {"type": "LineString", "coordinates": [[-54.9854580843825, -10.236201164984866], [-54.98547800230862, -10.236225180647804]]}}, {"type": "Feature", "properties": {"layer": "vista", "dxf_type": "LINE"}, "geometry": {"type": "LineString", "coordinates": [[-54.98545821013235, -10.236199893047944], [-54.985467290404166, -10.23619250370185]]}}, {"type": "Feature", "properties": {"layer": "vista", "dxf_type": "LINE"}, "geometry": {"type": "LineString", "coordinates": [[-54.98568992474837, -10.236479264145498], [-54.98569900593783, -10.23647187479921]]}}, {"type": "Feature", "properties": {"layer": "vista", "dxf_type": "LINE"}, "geometry": {"type": "LineString", "coordinates": [[-54.9859093620093, -10.235833941033942], [-54.98593432104148, -10.235864033275893]]}}, {"type": "Feature", "properties": {"layer": "vista", "dxf_type": "LINE"}, "geometry": {"type": "LineString", "coordinates": [[-54.9859093620093, -10.235833941033942], [-54.98593432104148, -10.235864033275893]]}}, {"type": "Feature", "properties": {"layer": "vista", "dxf_type": "LINE"}, "geometry": {"type": "LineString", "coordinates": [[-54.98579654269773, -10.23592574687376], [-54.98582150171738, -10.235955840027417]]}}, {"type": "Feature", "properties": {"layer": "vista", "dxf_type": "LINE"}, "geometry": {"type": "LineString", "coordinates": [[-54.98579654269773, -10.23592574687376], [-54.98582150171738, -10.235955840027417]]}}, {"type": "Feature", "properties": {"layer": "vista", "dxf_type": "LINE"}, "geometry": {"type": "LineString", "coordinates": [[-54.98568372331798, -10.236017553565409], [-54.98570868233651, -10.236047645823028]]}}, {"type": "Feature", "properties": {"layer": "vista", "dxf_type": "LINE"}, "geometry": {"type": "LineString", "coordinates": [[-54.98568372331798, -10.236017553565409], [-54.98570868233651, -10.236047645823028]]}}, {"type": "Feature", "properties": {"layer": "vista", "dxf_type": "LINE"}, "geometry": {"type": "LineString", "coordinates": [[-54.985571482611604, -10.236110057996562], [-54.98559586289318, -10.236139451566615]]}}, {"type": "Feature", "properties": {"layer": "vista", "dxf_type": "LINE"}, "geometry": {"type": "LineString", "coordinates": [[-54.98597184779077, -10.236251021141843], [-54.98597747304745, -10.236257802802406]]}}, {"type": "Feature", "properties": {"layer": "vista", "dxf_type": "LINE"}, "geometry": {"type": "LineString", "coordinates": [[-54.98597184779077, -10.236251021141843], [-54.98597747304745, -10.236257802802406]]}}, {"type": "Feature", "properties": {"layer": "vista", "dxf_type": "LINE"}, "geometry": {"type": "LineString", "coordinates": [[-54.98568979899339, -10.236480536986523], [-54.98569542333938, -10.236487317741977]]}}, {"type": "Feature", "properties": {"layer": "vista", "dxf_type": "LINE"}, "geometry": {"type": "LineString", "coordinates": [[-54.99009003831378, -10.234594894835503], [-54.990669335549605, -10.235293316502585]]}}, {"type": "Feature", "properties": {"layer": "vista", "dxf_type": "LINE"}, "geometry": {"type": "LineString", "coordinates": [[-54.993138838226066, -10.237202669915106], [-54.993702928692095, -10.236743624099827]]}}, {"type": "Feature", "properties": {"layer": "vista", "dxf_type": "LINE"}, "geometry": {"type": "LineString", "coordinates": [[-54.993702928692095, -10.236743624099827], [-54.993138838226066, -10.237202669915106]]}}, {"type": "Feature", "properties": {"layer": "vista", "dxf_type": "LINE"}, "geometry": {"type": "LineString", "coordinates": [[-54.99884981283623, -10.238055796990764], [-54.99794286278114, -10.23879387292372]]}}, {"type": "Feature", "properties": {"layer": "vista", "dxf_type": "LINE"}, "geometry": {"type": "LineString", "coordinates": [[-54.986359790905375, -10.235934164844055], [-54.98636887206498, -10.235926775472901]]}}, {"type": "Feature", "properties": {"layer": "vista", "dxf_type": "LINE"}, "geometry": {"type": "LineString", "coordinates": [[-54.98635966515936, -10.235935436782068], [-54.98636528950878, -10.23594221843089]]}}, {"type": "Feature", "properties": {"layer": "vista", "dxf_type": "LINE"}, "geometry": {"type": "LineString", "coordinates": [[-54.987029654860144, -10.235389063708563], [-54.987038735077356, -10.235381674306904]]}}, {"type": "Feature", "properties": {"layer": "vista", "dxf_type": "LINE"}, "geometry": {"type": "LineString", "coordinates": [[-54.98702952911739, -10.235390335647425], [-54.987035153475944, -10.235397117285775]]}}, {"type": "Feature", "properties": {"layer": "vista", "dxf_type": "LINE"}, "geometry": {"type": "LineString", "coordinates": [[-54.98836937525085, -10.234298855930698], [-54.98837845632659, -10.234291465581089]]}}, {"type": "Feature", "properties": {"layer": "vista", "dxf_type": "LINE"}, "geometry": {"type": "LineString", "coordinates": [[-54.988369249514605, -10.234300127871242], [-54.98837487389143, -10.234306909488609]]}}, {"type": "Feature", "properties": {"layer": "vista", "dxf_type": "LINE"}, "geometry": {"type": "LineString", "coordinates": [[-54.989039232605194, -10.233753748390518], [-54.989048312732855, -10.233746358914297]]}}, {"type": "Feature", "properties": {"layer": "vista", "dxf_type": "LINE"}, "geometry": {"type": "LineString", "coordinates": [[-54.98903910686652, -10.23375502123581], [-54.98904473125816, -10.233761801938785]]}}, {"type": "Feature", "properties": {"layer": "vista", "dxf_type": "LINE"}, "geometry": {"type": "LineString", "coordinates": [[-54.99044945039761, -10.23260614933132], [-54.990458531374976, -10.232598759808427]]}}, {"type": "Feature", "properties": {"layer": "vista", "dxf_type": "LINE"}, "geometry": {"type": "LineString", "coordinates": [[-54.99044932467148, -10.232607421274498], [-54.99045494907666, -10.232614202859285]]}}, {"type": "Feature", "properties": {"layer": "vista", "dxf_type": "LINE"}, "geometry": {"type": "LineString", "coordinates": [[-54.99111930090926, -10.232061037003334], [-54.99112838094424, -10.232053647449966]]}}, {"type": "Feature", "properties": {"layer": "vista", "dxf_type": "LINE"}, "geometry": {"type": "LineString", "coordinates": [[-54.99111917518639, -10.232062308947357], [-54.99112479960069, -10.23206909052166]]}}, {"type": "Feature", "properties": {"layer": "vista", "dxf_type": "LINE"}, "geometry": {"type": "LineString", "coordinates": [[-54.98136628847504, -10.239579571970305], [-54.98265800125379, -10.241101899382903]]}}, {"type": "Feature", "properties": {"layer": "vista", "dxf_type": "LINE"}, "geometry": {"type": "LineString", "coordinates": [[-54.98080740119635, -10.240044818004359], [-54.98183489821199, -10.241255762407324]]}}, {"type": "Feature", "properties": {"layer": "vista", "dxf_type": "LINE"}, "geometry": {"type": "LineString", "coordinates": [[-54.98070261045498, -10.240132051441101], [-54.98164203507458, -10.241239200773473]]}}, {"type": "Feature", "properties": {"layer": "vista", "dxf_type": "LINE"}, "geometry": {"type": "LineString", "coordinates": [[-54.98014372129906, -10.240597296852535], [-54.981083145631494, -10.241704447667638]]}}, {"type": "Feature", "properties": {"layer": "vista", "dxf_type": "LINE"}, "geometry": {"type": "LineString", "coordinates": [[-54.98003893020678, -10.240684530003044], [-54.98106642450563, -10.241895476621734]]}}, {"type": "Feature", "properties": {"layer": "vista", "dxf_type": "LINE"}, "geometry": {"type": "LineString", "coordinates": [[-54.97948003917926, -10.241149773887793], [-54.9805075330782, -10.242360722127756]]}}, {"type": "Feature", "properties": {"layer": "vista", "dxf_type": "LINE"}, "geometry": {"type": "LineString", "coordinates": [[-54.979305385522565, -10.241295162564771], [-54.98024480714818, -10.242402314686005]]}}, {"type": "Feature", "properties": {"layer": "vista", "dxf_type": "LINE"}, "geometry": {"type": "LineString", "coordinates": [[-54.97874649334461, -10.241760403863704], [-54.97968591376426, -10.242867558365985]]}}, {"type": "Feature", "properties": {"layer": "vista", "dxf_type": "LINE"}, "geometry": {"type": "LineString", "coordinates": [[-54.978641700600946, -10.241847636405831], [-54.97958112079553, -10.242954791185086]]}}, {"type": "Feature", "properties": {"layer": "vista", "dxf_type": "LINE"}, "geometry": {"type": "LineString", "coordinates": [[-54.97808280654548, -10.24231287708156], [-54.97902222553956, -10.243420033338033]]}}, {"type": "Feature", "properties": {"layer": "vista", "dxf_type": "LINE"}, "geometry": {"type": "LineString", "coordinates": [[-54.97797801345086, -10.242400109337343], [-54.978917432219816, -10.243507265870798]]}}, {"type": "Feature", "properties": {"layer": "vista", "dxf_type": "LINE"}, "geometry": {"type": "LineString", "coordinates": [[-54.97741911661097, -10.24286534848013], [-54.97835853509172, -10.243972506496513]]}}, {"type": "Feature", "properties": {"layer": "vista", "dxf_type": "LINE"}, "geometry": {"type": "LineString", "coordinates": [[-54.977314324077916, -10.242952580455205], [-54.97834181197633, -10.244163534950395]]}}, {"type": "Feature", "properties": {"layer": "vista", "dxf_type": "LINE"}, "geometry": {"type": "LineString", "coordinates": [[-54.976755425366065, -10.243417818070519], [-54.97778291286918, -10.244628773283338]]}}, {"type": "Feature", "properties": {"layer": "vista", "dxf_type": "LINE"}, "geometry": {"type": "LineString", "coordinates": [[-54.97665063156946, -10.2435050497535], [-54.977590048398824, -10.244612209801213]]}}, {"type": "Feature", "properties": {"layer": "vista", "dxf_type": "LINE"}, "geometry": {"type": "LineString", "coordinates": [[-54.97609173189814, -10.243970285846865], [-54.97703114661941, -10.245077446462389]]}}, {"type": "Feature", "properties": {"layer": "vista", "dxf_type": "LINE"}, "geometry": {"type": "LineString", "coordinates": [[-54.97598693775051, -10.244057517243402], [-54.97701442344705, -10.245268474678053]]}}, {"type": "Feature", "properties": {"layer": "vista", "dxf_type": "LINE"}, "geometry": {"type": "LineString", "coordinates": [[-54.975428036212804, -10.244522750905059], [-54.97671973145381, -10.246045099899483]]}}, {"type": "Feature", "properties": {"layer": "vista", "dxf_type": "LINE"}, "geometry": {"type": "LineString", "coordinates": [[-54.97513595269768, -10.244529741431094], [-54.97835346581023, -10.248321771071936]]}}, {"type": "Feature", "properties": {"layer": "vista", "dxf_type": "LINE"}, "geometry": {"type": "LineString", "coordinates": [[-54.97431191787917, -10.245215668052369], [-54.977529425836586, -10.249007705161036]]}}, {"type": "Feature", "properties": {"layer": "vista", "dxf_type": "LINE"}, "geometry": {"type": "LineString", "coordinates": [[-54.98136628847504, -10.239579571970305], [-54.98080740119635, -10.240044818004359]]}}, {"type": "Feature", "properties": {"layer": "vista", "dxf_type": "LINE"}, "geometry": {"type": "LineString", "coordinates": [[-54.98160114462744, -10.239856358332688], [-54.98104225704315, -10.240321605639853]]}}, {"type": "Feature", "properties": {"layer": "vista", "dxf_type": "LINE"}, "geometry": {"type": "LineString", "coordinates": [[-54.98160114462744, -10.239856358332688], [-54.98136628847504, -10.239579571970305]]}}, {"type": "Feature", "properties": {"layer": "vista", "dxf_type": "LINE"}, "geometry": {"type": "LineString", "coordinates": [[-54.98148936705416, -10.239949407895832], [-54.981254510961726, -10.239672621459585]]}}, {"type": "Feature", "properties": {"layer": "vista", "dxf_type": "LINE"}, "geometry": {"type": "LineString", "coordinates": [[-54.981377589417825, -10.240042457407545], [-54.981142734303646, -10.239765669999239]]}}, {"type": "Feature", "properties": {"layer": "vista", "dxf_type": "LINE"}, "geometry": {"type": "LineString", "coordinates": [[-54.981265812631015, -10.240135506873504], [-54.98103095666425, -10.239858719385703]]}}, {"type": "Feature", "properties": {"layer": "vista", "dxf_type": "LINE"}, "geometry": {"type": "LineString", "coordinates": [[-54.9811540348686, -10.240228556282384], [-54.98091917896182, -10.23995176872074]]}}, {"type": "Feature", "properties": {"layer": "vista", "dxf_type": "LINE"}, "geometry": {"type": "LineString", "coordinates": [[-54.9813217010323, -10.24008898214695], [-54.982378556989744, -10.241334523124127]]}}, {"type": "Feature", "properties": {"layer": "vista", "dxf_type": "LINE"}, "geometry": {"type": "LineString", "coordinates": [[-54.98160114462744, -10.239856358332688], [-54.9813217010323, -10.24008898214695]]}}, {"type": "Feature", "properties": {"layer": "vista", "dxf_type": "LINE"}, "geometry": {"type": "LineString", "coordinates": [[-54.9813217010323, -10.24008898214695], [-54.98104225704315, -10.240321605639853]]}}, {"type": "Feature", "properties": {"layer": "vista", "dxf_type": "LINE"}, "geometry": {"type": "LineString", "coordinates": [[-54.98168921555517, -10.239960153644324], [-54.98140977190381, -10.240192777527804]]}}, {"type": "Feature", "properties": {"layer": "vista", "dxf_type": "LINE"}, "geometry": {"type": "LineString", "coordinates": [[-54.98140977190381, -10.240192777527804], [-54.98113032877099, -10.240425401095603]]}}, {"type": "Feature", "properties": {"layer": "vista", "dxf_type": "LINE"}, "geometry": {"type": "LineString", "coordinates": [[-54.98177728653832, -10.24006394894242], [-54.98149784283073, -10.240296572895131]]}}, {"type": "Feature", "properties": {"layer": "vista", "dxf_type": "LINE"}, "geometry": {"type": "LineString", "coordinates": [[-54.98149784283073, -10.240296572895131], [-54.98121839964167, -10.240529196532183]]}}, {"type": "Feature", "properties": {"layer": "vista", "dxf_type": "LINE"}, "geometry": {"type": "LineString", "coordinates": [[-54.98186535757686, -10.24016774422699], [-54.98158591473132, -10.240400367350722]]}}, {"type": "Feature", "properties": {"layer": "vista", "dxf_type": "LINE"}, "geometry": {"type": "LineString", "coordinates": [[-54.98158591473132, -10.240400367350722], [-54.981306470573486, -10.24063299105134]]}}, {"type": "Feature", "properties": {"layer": "vista", "dxf_type": "LINE"}, "geometry": {"type": "LineString", "coordinates": [[-54.98195342867653, -10.240271538594154], [-54.981673985769056, -10.240504162691016]]}}, {"type": "Feature", "properties": {"layer": "vista", "dxf_type": "LINE"}, "geometry": {"type": "LineString", "coordinates": [[-54.981673985769056, -10.240504162691016], [-54.98139454155499, -10.240736786460854]]}}, {"type": "Feature", "properties": {"layer": "vista", "dxf_type": "LINE"}, "geometry": {"type": "LineString", "coordinates": [[-54.982041500738454, -10.24037533385733], [-54.9817620568622, -10.240607958017764]]}}, {"type": "Feature", "properties": {"layer": "vista", "dxf_type": "LINE"}, "geometry": {"type": "LineString", "coordinates": [[-54.9817620568622, -10.240607958017764], [-54.98148261259192, -10.240840581856844]]}}, {"type": "Feature", "properties": {"layer": "vista", "dxf_type": "LINE"}, "geometry": {"type": "LineString", "coordinates": [[-54.98212957194323, -10.24047912910133], [-54.981850128010755, -10.240711753330988]]}}, {"type": "Feature", "properties": {"layer": "vista", "dxf_type": "LINE"}, "geometry": {"type": "LineString", "coordinates": [[-54.981850128010755, -10.240711753330988], [-54.98157068368425, -10.240944377239305]]}}, {"type": "Feature", "properties": {"layer": "vista", "dxf_type": "LINE"}, "geometry": {"type": "LineString", "coordinates": [[-54.98221764320341, -10.240582924331788], [-54.981938199214724, -10.240815548630684]]}}, {"type": "Feature", "properties": {"layer": "vista", "dxf_type": "LINE"}, "geometry": {"type": "LineString", "coordinates": [[-54.981938199214724, -10.240815548630684], [-54.98165875575026, -10.241048171710043]]}}, {"type": "Feature", "properties": {"layer": "vista", "dxf_type": "LINE"}, "geometry": {"type": "LineString", "coordinates": [[-54.98230571452473, -10.240686718644834], [-54.98202627139237, -10.24091934301863]]}}, {"type": "Feature", "properties": {"layer": "vista", "dxf_type": "LINE"}, "geometry": {"type": "LineString", "coordinates": [[-54.98202627139237, -10.24091934301863], [-54.98174682695342, -10.241151967065445]]}}, {"type": "Feature", "properties": {"layer": "vista", "dxf_type": "LINE"}, "geometry": {"type": "LineString", "coordinates": [[-54.98239378589574, -10.24079051384823], [-54.98211434270717, -10.241023138291284]]}}, {"type": "Feature", "properties": {"layer": "vista", "dxf_type": "LINE"}, "geometry": {"type": "LineString", "coordinates": [[-54.98211434270717, -10.241023138291284], [-54.98183489821199, -10.241255762407324]]}}, {"type": "Feature", "properties": {"layer": "vista", "dxf_type": "LINE"}, "geometry": {"type": "LineString", "coordinates": [[-54.982481858234706, -10.240894309043755], [-54.98220241407737, -10.24112693355039]]}}, {"type": "Feature", "properties": {"layer": "vista", "dxf_type": "LINE"}, "geometry": {"type": "LineString", "coordinates": [[-54.98256992971655, -10.240998104220104], [-54.98229048550299, -10.241230728795964]]}}, {"type": "Feature", "properties": {"layer": "vista", "dxf_type": "LINE"}, "geometry": {"type": "LineString", "coordinates": [[-54.98265800125379, -10.241101899382903], [-54.982378556989744, -10.241334523124127]]}}, {"type": "Feature", "properties": {"layer": "vista", "dxf_type": "LINE"}, "geometry": {"type": "LineString", "coordinates": [[-54.98093746624555, -10.24040883914583], [-54.980378576789676, -10.240874084926508]]}}, {"type": "Feature", "properties": {"layer": "vista", "dxf_type": "LINE"}, "geometry": {"type": "LineString", "coordinates": [[-54.980825688297955, -10.240501888403672], [-54.98059083256737, -10.240225100625095]]}}, {"type": "Feature", "properties": {"layer": "vista", "dxf_type": "LINE"}, "geometry": {"type": "LineString", "coordinates": [[-54.980713910287314, -10.24059493761011], [-54.98047905461672, -10.24031814975767]]}}, {"type": "Feature", "properties": {"layer": "vista", "dxf_type": "LINE"}, "geometry": {"type": "LineString", "coordinates": [[-54.980602132213626, -10.240687986765108], [-54.98036727751558, -10.240411198844486]]}}, {"type": "Feature", "properties": {"layer": "vista", "dxf_type": "LINE"}, "geometry": {"type": "LineString", "coordinates": [[-54.980490354989456, -10.240781035874353], [-54.98025549943884, -10.240504247874231]]}}, {"type": "Feature", "properties": {"layer": "vista", "dxf_type": "LINE"}, "geometry": {"type": "LineString", "coordinates": [[-54.98093746624555, -10.24040883914583], [-54.98065802171463, -10.24064146219687]]}}, {"type": "Feature", "properties": {"layer": "vista", "dxf_type": "LINE"}, "geometry": {"type": "LineString", "coordinates": [[-54.98065802171463, -10.24064146219687], [-54.980378576789676, -10.240874084926508]]}}, {"type": "Feature", "properties": {"layer": "vista", "dxf_type": "LINE"}, "geometry": {"type": "LineString", "coordinates": [[-54.98102553703974, -10.240512634621874], [-54.98074609245258, -10.24074525774215]]}}, {"type": "Feature", "properties": {"layer": "vista", "dxf_type": "LINE"}, "geometry": {"type": "LineString", "coordinates": [[-54.98074609245258, -10.24074525774215], [-54.98046664747139, -10.240977880541028]]}}, {"type": "Feature", "properties": {"layer": "vista", "dxf_type": "LINE"}, "geometry": {"type": "LineString", "coordinates": [[-54.98111360788934, -10.240616430084422], [-54.980834163245945, -10.240849053273912]]}}, {"type": "Feature", "properties": {"layer": "vista", "dxf_type": "LINE"}, "geometry": {"type": "LineString", "coordinates": [[-54.980834163245945, -10.240849053273912], [-54.98055471821423, -10.241081675238146]]}}, {"type": "Feature", "properties": {"layer": "vista", "dxf_type": "LINE"}, "geometry": {"type": "LineString", "coordinates": [[-54.981201678800076, -10.240720224629543], [-54.98092223410044, -10.240952847888272]]}}, {"type": "Feature", "properties": {"layer": "vista", "dxf_type": "LINE"}, "geometry": {"type": "LineString", "coordinates": [[-54.98092223410044, -10.240952847888272], [-54.98064278991932, -10.241185470831306]]}}, {"type": "Feature", "properties": {"layer": "vista", "dxf_type": "LINE"}, "geometry": {"type": "LineString", "coordinates": [[-54.98128974976049, -10.240824020065018], [-54.98101030591719, -10.241056643398654]]}}, {"type": "Feature", "properties": {"layer": "vista", "dxf_type": "LINE"}, "geometry": {"type": "LineString", "coordinates": [[-54.98101030591719, -10.241056643398654], [-54.980730860767274, -10.24128926640526]]}}, {"type": "Feature", "properties": {"layer": "vista", "dxf_type": "LINE"}, "geometry": {"type": "LineString", "coordinates": [[-54.98137782077632, -10.240927815486973], [-54.98109837687679, -10.24116043888986]]}}, {"type": "Feature", "properties": {"layer": "vista", "dxf_type": "LINE"}, "geometry": {"type": "LineString", "coordinates": [[-54.98109837687679, -10.24116043888986], [-54.98081893167064, -10.24139306196569]]}}, {"type": "Feature", "properties": {"layer": "vista", "dxf_type": "LINE"}, "geometry": {"type": "LineString", "coordinates": [[-54.98146589276013, -10.241031610901063], [-54.9811864478918, -10.241264234367524]]}}, {"type": "Feature", "properties": {"layer": "vista", "dxf_type": "LINE"}, "geometry": {"type": "LineString", "coordinates": [[-54.9811864478918, -10.241264234367524], [-54.980907002635135, -10.241496856608718]]}}, {"type": "Feature", "properties": {"layer": "vista", "dxf_type": "LINE"}, "geometry": {"type": "LineString", "coordinates": [[-54.98155396388679, -10.241135406295978], [-54.98127451896795, -10.241368028927788]]}}, {"type": "Feature", "properties": {"layer": "vista", "dxf_type": "LINE"}, "geometry": {"type": "LineString", "coordinates": [[-54.98127451896795, -10.241368028927788], [-54.98099507364933, -10.2416006521421]]}}, {"type": "Feature", "properties": {"layer": "vista", "dxf_type": "LINE"}, "geometry": {"type": "LineString", "coordinates": [[-54.98164203507458, -10.241239200773473], [-54.98136259009379, -10.2414718243784]]}}, {"type": "Feature", "properties": {"layer": "vista", "dxf_type": "LINE"}, "geometry": {"type": "LineString", "coordinates": [[-54.98136259009379, -10.2414718243784], [-54.981083145631494, -10.241704447667638]]}}, {"type": "Feature", "properties": {"layer": "vista", "dxf_type": "LINE"}, "geometry": {"type": "LineString", "coordinates": [[-54.980273784728595, -10.240961318140585], [-54.97971489431361, -10.241426562400259]]}}, {"type": "Feature", "properties": {"layer": "vista", "dxf_type": "LINE"}, "geometry": {"type": "LineString", "coordinates": [[-54.98016200731923, -10.241054367098771], [-54.979927151944864, -10.240777578881715]]}}, {"type": "Feature", "properties": {"layer": "vista", "dxf_type": "LINE"}, "geometry": {"type": "LineString", "coordinates": [[-54.98005022893425, -10.241147415999865], [-54.979815373619886, -10.240870627708954]]}}, {"type": "Feature", "properties": {"layer": "vista", "dxf_type": "LINE"}, "geometry": {"type": "LineString", "coordinates": [[-54.97993845048623, -10.241240464849545], [-54.97970359523187, -10.240963676484768]]}}, {"type": "Feature", "properties": {"layer": "vista", "dxf_type": "LINE"}, "geometry": {"type": "LineString", "coordinates": [[-54.979826672887725, -10.241333513653453], [-54.97959181769337, -10.241056725214824]]}}, {"type": "Feature", "properties": {"layer": "vista", "dxf_type": "LINE"}, "geometry": {"type": "LineString", "coordinates": [[-54.980273784728595, -10.240961318140585], [-54.97999434017441, -10.24119394043396]]}}, {"type": "Feature", "properties": {"layer": "vista", "dxf_type": "LINE"}, "geometry": {"type": "LineString", "coordinates": [[-54.97999434017441, -10.24119394043396], [-54.97971489431361, -10.241426562400259]]}}, {"type": "Feature", "properties": {"layer": "vista", "dxf_type": "LINE"}, "geometry": {"type": "LineString", "coordinates": [[-54.98036185630177, -10.241065113786735], [-54.98008241077877, -10.241297736143697]]}}, {"type": "Feature", "properties": {"layer": "vista", "dxf_type": "LINE"}, "geometry": {"type": "LineString", "coordinates": [[-54.98008241077877, -10.241297736143697], [-54.97980296486745, -10.24153035727534]]}}, {"type": "Feature", "properties": {"layer": "vista", "dxf_type": "LINE"}, "geometry": {"type": "LineString", "coordinates": [[-54.9804499270178, -10.241168909413712], [-54.98017048144428, -10.241401530936018]]}}, {"type": "Feature", "properties": {"layer": "vista", "dxf_type": "LINE"}, "geometry": {"type": "LineString", "coordinates": [[-54.98017048144428, -10.241401530936018], [-54.97989103547098, -10.241634153040778]]}}, {"type": "Feature", "properties": {"layer": "vista", "dxf_type": "LINE"}, "geometry": {"type": "LineString", "coordinates": [[-54.98053799779497, -10.241272704123274], [-54.98025855215948, -10.241505326618698]]}}, {"type": "Feature", "properties": {"layer": "vista", "dxf_type": "LINE"}, "geometry": {"type": "LineString", "coordinates": [[-54.98025855215948, -10.241505326618698], [-54.979979106129925, -10.241737948792714]]}}, {"type": "Feature", "properties": {"layer": "vista", "dxf_type": "LINE"}, "geometry": {"type": "LineString", "coordinates": [[-54.98062606862183, -10.241376499723195], [-54.98034662293009, -10.241609122287855]]}}, {"type": "Feature", "properties": {"layer": "vista", "dxf_type": "LINE"}, "geometry": {"type": "LineString", "coordinates": [[-54.98034662293009, -10.241609122287855], [-54.98006717775685, -10.241841744536783]]}}, {"type": "Feature", "properties": {"layer": "vista", "dxf_type": "LINE"}, "geometry": {"type": "LineString", "coordinates": [[-54.9807141395041, -10.241480295309591], [-54.98043469466867, -10.241712917949176]]}}, {"type": "Feature", "properties": {"layer": "vista", "dxf_type": "LINE"}, "geometry": {"type": "LineString", "coordinates": [[-54.98043469466867, -10.241712917949176], [-54.98015524853235, -10.241945539357781]]}}, {"type": "Feature", "properties": {"layer": "vista", "dxf_type": "LINE"}, "geometry": {"type": "LineString", "coordinates": [[-54.98080221044179, -10.241584090882462], [-54.98052276555585, -10.241816712687415]]}}, {"type": "Feature", "properties": {"layer": "vista", "dxf_type": "LINE"}, "geometry": {"type": "LineString", "coordinates": [[-54.98052276555585, -10.241816712687415], [-54.980243319357555, -10.24204933506914]]}}, {"type": "Feature", "properties": {"layer": "vista", "dxf_type": "LINE"}, "geometry": {"type": "LineString", "coordinates": [[-54.98089028235317, -10.241687885543598], [-54.9806108364927, -10.241920508316003]]}}, {"type": "Feature", "properties": {"layer": "vista", "dxf_type": "LINE"}, "geometry": {"type": "LineString", "coordinates": [[-54.9806108364927, -10.241920508316003], [-54.98033139023816, -10.242153130766974]]}}, {"type": "Feature", "properties": {"layer": "vista", "dxf_type": "LINE"}, "geometry": {"type": "LineString", "coordinates": [[-54.98097835340169, -10.241791681089438], [-54.980698907484985, -10.242024303931068]]}}, {"type": "Feature", "properties": {"layer": "vista", "dxf_type": "LINE"}, "geometry": {"type": "LineString", "coordinates": [[-54.980698907484985, -10.242024303931068], [-54.98041946117419, -10.2422569264513]]}}, {"type": "Feature", "properties": {"layer": "vista", "dxf_type": "LINE"}, "geometry": {"type": "LineString", "coordinates": [[-54.97954024056887, -10.241571950288751], [-54.97898134808511, -10.242037192860833]]}}, {"type": "Feature", "properties": {"layer": "vista", "dxf_type": "LINE"}, "geometry": {"type": "LineString", "coordinates": [[-54.9794284618332, -10.241664998903769], [-54.979193606852625, -10.241388210202054]]}}, {"type": "Feature", "properties": {"layer": "vista", "dxf_type": "LINE"}, "geometry": {"type": "LineString", "coordinates": [[-54.979316683947026, -10.241758047473033], [-54.97908182902647, -10.24148125869745]]}}, {"type": "Feature", "properties": {"layer": "vista", "dxf_type": "LINE"}, "geometry": {"type": "LineString", "coordinates": [[-54.979204905085254, -10.24185109598518], [-54.97897005022471, -10.241574307135739]]}}, {"type": "Feature", "properties": {"layer": "vista", "dxf_type": "LINE"}, "geometry": {"type": "LineString", "coordinates": [[-54.97909312616043, -10.241944144445892], [-54.978858271359904, -10.241667355522614]]}}, {"type": "Feature", "properties": {"layer": "vista", "dxf_type": "LINE"}, "geometry": {"type": "LineString", "coordinates": [[-54.97954024056887, -10.241571950288751], [-54.97926079406774, -10.241804571732702]]}}, {"type": "Feature", "properties": {"layer": "vista", "dxf_type": "LINE"}, "geometry": {"type": "LineString", "coordinates": [[-54.97926079406774, -10.241804571732702], [-54.97898134808511, -10.242037192860833]]}}, {"type": "Feature", "properties": {"layer": "vista", "dxf_type": "LINE"}, "geometry": {"type": "LineString", "coordinates": [[-54.97962831108183, -10.241675746110984], [-54.97934886452444, -10.241908367624172]]}}, {"type": "Feature", "properties": {"layer": "vista", "dxf_type": "LINE"}, "geometry": {"type": "LineString", "coordinates": [[-54.97934886452444, -10.241908367624172], [-54.97906941848554, -10.242140988821546]]}}, {"type": "Feature", "properties": {"layer": "vista", "dxf_type": "LINE"}, "geometry": {"type": "LineString", "coordinates": [[-54.9797163816502, -10.241779541919714], [-54.97943693594911, -10.242012163507795]]}}, {"type": "Feature", "properties": {"layer": "vista", "dxf_type": "LINE"}, "geometry": {"type": "LineString", "coordinates": [[-54.97943693594911, -10.242012163507795], [-54.97915748894711, -10.242244783864864]]}}, {"type": "Feature", "properties": {"layer": "vista", "dxf_type": "LINE"}, "geometry": {"type": "LineString", "coordinates": [[-54.979804453186546, -10.241883337720578], [-54.97952500652236, -10.242115958468354]]}}, {"type": "Feature", "properties": {"layer": "vista", "dxf_type": "LINE"}, "geometry": {"type": "LineString", "coordinates": [[-54.97952500652236, -10.242115958468354], [-54.97924555945837, -10.242348579798561]]}}, {"type": "Feature", "properties": {"layer": "vista", "dxf_type": "LINE"}, "geometry": {"type": "LineString", "coordinates": [[-54.97989252387147, -10.241987132598375], [-54.97961307714531, -10.242219754319274]]}}, {"type": "Feature", "properties": {"layer": "vista", "dxf_type": "LINE"}, "geometry": {"type": "LineString", "coordinates": [[-54.97961307714531, -10.242219754319274], [-54.97933363002505, -10.24245237571872]]}}, {"type": "Feature", "properties": {"layer": "vista", "dxf_type": "LINE"}, "geometry": {"type": "LineString", "coordinates": [[-54.9799805946061, -10.24209092836653], [-54.97970114782367, -10.242323550156687]]}}, {"type": "Feature", "properties": {"layer": "vista", "dxf_type": "LINE"}, "geometry": {"type": "LineString", "coordinates": [[-54.97970114782367, -10.242323550156687], [-54.97942170064715, -10.242556171625363]]}}, {"type": "Feature", "properties": {"layer": "vista", "dxf_type": "LINE"}, "geometry": {"type": "LineString", "coordinates": [[-54.98006866539613, -10.242194724121182], [-54.97978921855744, -10.242427345980563]]}}, {"type": "Feature", "properties": {"layer": "vista", "dxf_type": "LINE"}, "geometry": {"type": "LineString", "coordinates": [[-54.97978921855744, -10.242427345980563], [-54.97950977223723, -10.242659967524158]]}}, {"type": "Feature", "properties": {"layer": "vista", "dxf_type": "LINE"}, "geometry": {"type": "LineString", "coordinates": [[-54.98015673624159, -10.242298519862294], [-54.97987729026493, -10.242531140892716]]}}, {"type": "Feature", "properties": {"layer": "vista", "dxf_type": "LINE"}, "geometry": {"type": "LineString", "coordinates": [[-54.97987729026493, -10.242531140892716], [-54.97959784297589, -10.242763762499886]]}}, {"type": "Feature", "properties": {"layer": "vista", "dxf_type": "LINE"}, "geometry": {"type": "LineString", "coordinates": [[-54.98039159271641, -10.242575307237761], [-54.97857518125386, -10.244087344332291]]}}, {"type": "Feature", "properties": {"layer": "vista", "dxf_type": "LINE"}, "geometry": {"type": "LineString", "coordinates": [[-54.97996536110956, -10.242634936689553], [-54.97968591376426, -10.242867558365985]]}}, {"type": "Feature", "properties": {"layer": "vista", "dxf_type": "LINE"}, "geometry": {"type": "LineString", "coordinates": [[-54.978876555285176, -10.242124425472198], [-54.978317660017005, -10.242589666511542]]}}, {"type": "Feature", "properties": {"layer": "vista", "dxf_type": "LINE"}, "geometry": {"type": "LineString", "coordinates": [[-54.97876477617513, -10.242217473781814], [-54.97852992155093, -10.241940684641586]]}}, {"type": "Feature", "properties": {"layer": "vista", "dxf_type": "LINE"}, "geometry": {"type": "LineString", "coordinates": [[-54.978652997002044, -10.242310522039984], [-54.978418143350424, -10.242033732831572]]}}, {"type": "Feature", "properties": {"layer": "vista", "dxf_type": "LINE"}, "geometry": {"type": "LineString", "coordinates": [[-54.97854121867846, -10.242403570252405], [-54.97830636417431, -10.242126780964448]]}}, {"type": "Feature", "properties": {"layer": "vista", "dxf_type": "LINE"}, "geometry": {"type": "LineString", "coordinates": [[-54.978429439379255, -10.242496618407694], [-54.97819458493514, -10.2422198290459]]}}, {"type": "Feature", "properties": {"layer": "vista", "dxf_type": "LINE"}, "geometry": {"type": "LineString", "coordinates": [[-54.978876555285176, -10.242124425472198], [-54.97859710784813, -10.242357046152634]]}}, {"type": "Feature", "properties": {"layer": "vista", "dxf_type": "LINE"}, "geometry": {"type": "LineString", "coordinates": [[-54.97859710784813, -10.242357046152634], [-54.978317660017005, -10.242589666511542]]}}, {"type": "Feature", "properties": {"layer": "vista", "dxf_type": "LINE"}, "geometry": {"type": "LineString", "coordinates": [[-54.9789646256645, -10.242228221458875], [-54.97868517817118, -10.242460842208551]]}}, {"type": "Feature", "properties": {"layer": "vista", "dxf_type": "LINE"}, "geometry": {"type": "LineString", "coordinates": [[-54.97868517817118, -10.242460842208551], [-54.97840573119633, -10.242693462642377]]}}, {"type": "Feature", "properties": {"layer": "vista", "dxf_type": "LINE"}, "geometry": {"type": "LineString", "coordinates": [[-54.979052696099245, -10.242332017432059], [-54.97877324855538, -10.24256463734708]]}}, {"type": "Feature", "properties": {"layer": "vista", "dxf_type": "LINE"}, "geometry": {"type": "LineString", "coordinates": [[-54.97877324855538, -10.24256463734708], [-54.97849380152426, -10.242797257850148]]}}, {"type": "Feature", "properties": {"layer": "vista", "dxf_type": "LINE"}, "geometry": {"type": "LineString", "coordinates": [[-54.97914076659513, -10.242435812487821], [-54.97886131990183, -10.24266843338164]]}}, {"type": "Feature", "properties": {"layer": "vista", "dxf_type": "LINE"}, "geometry": {"type": "LineString", "coordinates": [[-54.97886131990183, -10.24266843338164], [-54.97858187190187, -10.242901053948298]]}}, {"type": "Feature", "properties": {"layer": "vista", "dxf_type": "LINE"}, "geometry": {"type": "LineString", "coordinates": [[-54.979228838053274, -10.242539608439621], [-54.97894939039114, -10.242772229397012]]}}, {"type": "Feature", "properties": {"layer": "vista", "dxf_type": "LINE"}, "geometry": {"type": "LineString", "coordinates": [[-54.97894939039114, -10.242772229397012], [-54.9786699423349, -10.243004850032916]]}}, {"type": "Feature", "properties": {"layer": "vista", "dxf_type": "LINE"}, "geometry": {"type": "LineString", "coordinates": [[-54.979316908654276, -10.242643404372231], [-54.97903746093588, -10.242876025398882]]}}, {"type": "Feature", "properties": {"layer": "vista", "dxf_type": "LINE"}, "geometry": {"type": "LineString", "coordinates": [[-54.97903746093588, -10.242876025398882], [-54.97875801282336, -10.243108646104016]]}}, {"type": "Feature", "properties": {"layer": "vista", "dxf_type": "LINE"}, "geometry": {"type": "LineString", "coordinates": [[-54.979404979310694, -10.242747200291324], [-54.97912553153603, -10.242979821387221]]}}, {"type": "Feature", "properties": {"layer": "vista", "dxf_type": "LINE"}, "geometry": {"type": "LineString", "coordinates": [[-54.97912553153603, -10.242979821387221], [-54.97884608337297, -10.243212441257727]]}}, {"type": "Feature", "properties": {"layer": "vista", "dxf_type": "LINE"}, "geometry": {"type": "LineString", "coordinates": [[-54.97949305002826, -10.242850995293034], [-54.979213602197326, -10.243083616458167]]}}, {"type": "Feature", "properties": {"layer": "vista", "dxf_type": "LINE"}, "geometry": {"type": "LineString", "coordinates": [[-54.979213602197326, -10.243083616458167], [-54.97893415488483, -10.24331623730747]]}}, {"type": "Feature", "properties": {"layer": "vista", "dxf_type": "LINE"}, "geometry": {"type": "LineString", "coordinates": [[-54.97958112079553, -10.242954791185086], [-54.979301673820885, -10.243187412425138]]}}, {"type": "Feature", "properties": {"layer": "vista", "dxf_type": "LINE"}, "geometry": {"type": "LineString", "coordinates": [[-54.979301673820885, -10.243187412425138], [-54.97902222553956, -10.243420033338033]]}}, {"type": "Feature", "properties": {"layer": "vista", "dxf_type": "LINE"}, "geometry": {"type": "LineString", "coordinates": [[-54.97821286777865, -10.242676898842237], [-54.97765397063854, -10.243142138354324]]}}, {"type": "Feature", "properties": {"layer": "vista", "dxf_type": "LINE"}, "geometry": {"type": "LineString", "coordinates": [[-54.978101088294224, -10.24276994684641], [-54.97786623402647, -10.242493157267655]]}}, {"type": "Feature", "properties": {"layer": "vista", "dxf_type": "LINE"}, "geometry": {"type": "LineString", "coordinates": [[-54.97798930874675, -10.242862994799138], [-54.97775445453904, -10.242586205146523]]}}, {"type": "Feature", "properties": {"layer": "vista", "dxf_type": "LINE"}, "geometry": {"type": "LineString", "coordinates": [[-54.97787753004878, -10.242956042706092], [-54.9776426759011, -10.242679252979618]]}}, {"type": "Feature", "properties": {"layer": "vista", "dxf_type": "LINE"}, "geometry": {"type": "LineString", "coordinates": [[-54.9777657503752, -10.24304909055594], [-54.97753089628756, -10.24277230075559]]}}, {"type": "Feature", "properties": {"layer": "vista", "dxf_type": "LINE"}, "geometry": {"type": "LineString", "coordinates": [[-54.97821286777865, -10.242676898842237], [-54.977933419405645, -10.242909518759044]]}}, {"type": "Feature", "properties": {"layer": "vista", "dxf_type": "LINE"}, "geometry": {"type": "LineString", "coordinates": [[-54.977933419405645, -10.242909518759044], [-54.97765397063854, -10.243142138354324]]}}, {"type": "Feature", "properties": {"layer": "vista", "dxf_type": "LINE"}, "geometry": {"type": "LineString", "coordinates": [[-54.97830093802432, -10.242780694993364], [-54.97802148959504, -10.243013314979432]]}}, {"type": "Feature", "properties": {"layer": "vista", "dxf_type": "LINE"}, "geometry": {"type": "LineString", "coordinates": [[-54.97802148959504, -10.243013314979432], [-54.97774204077737, -10.243245933740061]]}}, {"type": "Feature", "properties": {"layer": "vista", "dxf_type": "LINE"}, "geometry": {"type": "LineString", "coordinates": [[-54.97838900833114, -10.242884490227102], [-54.978109559845564, -10.243117110282418]]}}, {"type": "Feature", "properties": {"layer": "vista", "dxf_type": "LINE"}, "geometry": {"type": "LineString", "coordinates": [[-54.978109559845564, -10.243117110282418], [-54.97783011187845, -10.24334973002184]]}}, {"type": "Feature", "properties": {"layer": "vista", "dxf_type": "LINE"}, "geometry": {"type": "LineString", "coordinates": [[-54.978477078687646, -10.24298828635122], [-54.97819763014579, -10.243220906475763]]}}, {"type": "Feature", "properties": {"layer": "vista", "dxf_type": "LINE"}, "geometry": {"type": "LineString", "coordinates": [[-54.97819763014579, -10.243220906475763], [-54.97791818212238, -10.243453526284437]]}}, {"type": "Feature", "properties": {"layer": "vista", "dxf_type": "LINE"}, "geometry": {"type": "LineString", "coordinates": [[-54.97856514909957, -10.243092082461805], [-54.978285701413995, -10.243324702661269]]}}, {"type": "Feature", "properties": {"layer": "vista", "dxf_type": "LINE"}, "geometry": {"type": "LineString", "coordinates": [[-54.978285701413995, -10.243324702661269], [-54.97800625242174, -10.243557322533533]]}}, {"type": "Feature", "properties": {"layer": "vista", "dxf_type": "LINE"}, "geometry": {"type": "LineString", "coordinates": [[-54.97865321956693, -10.243195878558875], [-54.97837377182507, -10.243428498827585]]}}, {"type": "Feature", "properties": {"layer": "vista", "dxf_type": "LINE"}, "geometry": {"type": "LineString", "coordinates": [[-54.97837377182507, -10.243428498827585], [-54.978094322782255, -10.243661117865225]]}}, {"type": "Feature", "properties": {"layer": "vista", "dxf_type": "LINE"}, "geometry": {"type": "LineString", "coordinates": [[-54.978741291002265, -10.243299674648101], [-54.97846184229729, -10.243532294076532]]}}, {"type": "Feature", "properties": {"layer": "vista", "dxf_type": "LINE"}, "geometry": {"type": "LineString", "coordinates": [[-54.97846184229729, -10.243532294076532], [-54.97818239319247, -10.243764914087278]]}}, {"type": "Feature", "properties": {"layer": "vista", "dxf_type": "LINE"}, "geometry": {"type": "LineString", "coordinates": [[-54.97882936158619, -10.243403469814261], [-54.97854991281921, -10.243636090215817]]}}, {"type": "Feature", "properties": {"layer": "vista", "dxf_type": "LINE"}, "geometry": {"type": "LineString", "coordinates": [[-54.97854991281921, -10.243636090215817], [-54.9782704636581, -10.243868710295816]]}}, {"type": "Feature", "properties": {"layer": "vista", "dxf_type": "LINE"}, "geometry": {"type": "LineString", "coordinates": [[-54.978917432219816, -10.243507265870798], [-54.97863798339655, -10.243739886341588]]}}, {"type": "Feature", "properties": {"layer": "vista", "dxf_type": "LINE"}, "geometry": {"type": "LineString", "coordinates": [[-54.97863798339655, -10.243739886341588], [-54.97835853509172, -10.243972506496513]]}}, {"type": "Feature", "properties": {"layer": "vista", "dxf_type": "LINE"}, "geometry": {"type": "LineString", "coordinates": [[-54.98065802171463, -10.24064146219687], [-54.98136259009379, -10.2414718243784]]}}, {"type": "Feature", "properties": {"layer": "vista", "dxf_type": "LINE"}, "geometry": {"type": "LineString", "coordinates": [[-54.97999434017441, -10.24119394043396], [-54.98078697853268, -10.242128099532609]]}}, {"type": "Feature", "properties": {"layer": "vista", "dxf_type": "LINE"}, "geometry": {"type": "LineString", "coordinates": [[-54.97926079406774, -10.241804571732702], [-54.97996536110956, -10.242634936689553]]}}, {"type": "Feature", "properties": {"layer": "vista", "dxf_type": "LINE"}, "geometry": {"type": "LineString", "coordinates": [[-54.97859710784813, -10.242357046152634], [-54.979301673820885, -10.243187412425138]]}}, {"type": "Feature", "properties": {"layer": "vista", "dxf_type": "LINE"}, "geometry": {"type": "LineString", "coordinates": [[-54.977933419405645, -10.242909518759044], [-54.97863798339655, -10.243739886341588]]}}, {"type": "Feature", "properties": {"layer": "vista", "dxf_type": "LINE"}, "geometry": {"type": "LineString", "coordinates": [[-54.98106642450563, -10.241895476621734], [-54.98078697853268, -10.242128099532609]]}}, {"type": "Feature", "properties": {"layer": "vista", "dxf_type": "LINE"}, "geometry": {"type": "LineString", "coordinates": [[-54.98078697853268, -10.242128099532609], [-54.9805075330782, -10.242360722127756]]}}, {"type": "Feature", "properties": {"layer": "vista", "dxf_type": "LINE"}, "geometry": {"type": "LineString", "coordinates": [[-54.98211434270717, -10.241023138291284], [-54.9805075330782, -10.242360722127756]]}}, {"type": "Feature", "properties": {"layer": "vista", "dxf_type": "LINE"}, "geometry": {"type": "LineString", "coordinates": [[-54.9805075330782, -10.242360722127756], [-54.98121210392899, -10.243191085205025]]}}, {"type": "Feature", "properties": {"layer": "vista", "dxf_type": "LINE"}, "geometry": {"type": "LineString", "coordinates": [[-54.98070261045498, -10.240132051441101], [-54.98014372129906, -10.240597296852535]]}}, {"type": "Feature", "properties": {"layer": "vista", "dxf_type": "LINE"}, "geometry": {"type": "LineString", "coordinates": [[-54.98003893020678, -10.240684530003044], [-54.97948003917926, -10.241149773887793]]}}, {"type": "Feature", "properties": {"layer": "vista", "dxf_type": "LINE"}, "geometry": {"type": "LineString", "coordinates": [[-54.979305385522565, -10.241295162564771], [-54.97874649334461, -10.241760403863704]]}}, {"type": "Feature", "properties": {"layer": "vista", "dxf_type": "LINE"}, "geometry": {"type": "LineString", "coordinates": [[-54.978641700600946, -10.241847636405831], [-54.97808280654548, -10.24231287708156]]}}, {"type": "Feature", "properties": {"layer": "vista", "dxf_type": "LINE"}, "geometry": {"type": "LineString", "coordinates": [[-54.97797801345086, -10.242400109337343], [-54.97741911661097, -10.24286534848013]]}}, {"type": "Feature", "properties": {"layer": "vista", "dxf_type": "LINE"}, "geometry": {"type": "LineString", "coordinates": [[-54.977314324077916, -10.242952580455205], [-54.976755425366065, -10.243417818070519]]}}, {"type": "Feature", "properties": {"layer": "vista", "dxf_type": "LINE"}, "geometry": {"type": "LineString", "coordinates": [[-54.97665063156946, -10.2435050497535], [-54.97609173189814, -10.243970285846865]]}}, {"type": "Feature", "properties": {"layer": "vista", "dxf_type": "LINE"}, "geometry": {"type": "LineString", "coordinates": [[-54.97598693775051, -10.244057517243402], [-54.975428036212804, -10.244522750905059]]}}, {"type": "Feature", "properties": {"layer": "vista", "dxf_type": "LINE"}, "geometry": {"type": "LineString", "coordinates": [[-54.98024480714818, -10.242402314686005], [-54.97996536110956, -10.242634936689553]]}}, {"type": "Feature", "properties": {"layer": "vista", "dxf_type": "LINE"}, "geometry": {"type": "LineString", "coordinates": [[-54.98097873561627, -10.243267277063397], [-54.9791623217157, -10.244779317158978]]}}, {"type": "Feature", "properties": {"layer": "vista", "dxf_type": "LINE"}, "geometry": {"type": "LineString", "coordinates": [[-54.9791623217157, -10.244779317158978], [-54.97857518125386, -10.244087344332291]]}}, {"type": "Feature", "properties": {"layer": "vista", "dxf_type": "LINE"}, "geometry": {"type": "LineString", "coordinates": [[-54.98097873561627, -10.243267277063397], [-54.98039159271641, -10.242575307237761]]}}, {"type": "Feature", "properties": {"layer": "vista", "dxf_type": "LINE"}, "geometry": {"type": "LineString", "coordinates": [[-54.975428036212804, -10.244522750905059], [-54.97671973145381, -10.246045099899483]]}}, {"type": "Feature", "properties": {"layer": "vista", "dxf_type": "LINE"}, "geometry": {"type": "LineString", "coordinates": [[-54.97598693775051, -10.244057517243402], [-54.97701442344705, -10.245268474678053]]}}, {"type": "Feature", "properties": {"layer": "vista", "dxf_type": "LINE"}, "geometry": {"type": "LineString", "coordinates": [[-54.97609173189814, -10.243970285846865], [-54.97703114661941, -10.245077446462389]]}}, {"type": "Feature", "properties": {"layer": "vista", "dxf_type": "LINE"}, "geometry": {"type": "LineString", "coordinates": [[-54.97665063156946, -10.2435050497535], [-54.977590048398824, -10.244612209801213]]}}, {"type": "Feature", "properties": {"layer": "vista", "dxf_type": "LINE"}, "geometry": {"type": "LineString", "coordinates": [[-54.976755425366065, -10.243417818070519], [-54.97778291286918, -10.244628773283338]]}}, {"type": "Feature", "properties": {"layer": "vista", "dxf_type": "LINE"}, "geometry": {"type": "LineString", "coordinates": [[-54.977314324077916, -10.242952580455205], [-54.97834181197633, -10.244163534950395]]}}, {"type": "Feature", "properties": {"layer": "vista", "dxf_type": "LINE"}, "geometry": {"type": "LineString", "coordinates": [[-54.975428036212804, -10.244522750905059], [-54.97598693775051, -10.244057517243402]]}}, {"type": "Feature", "properties": {"layer": "vista", "dxf_type": "LINE"}, "geometry": {"type": "LineString", "coordinates": [[-54.975662889170444, -10.244799542094947], [-54.9762217910143, -10.244334307160084]]}}, {"type": "Feature", "properties": {"layer": "vista", "dxf_type": "LINE"}, "geometry": {"type": "LineString", "coordinates": [[-54.975662889170444, -10.244799542094947], [-54.975428036212804, -10.244522750905059]]}}, {"type": "Feature", "properties": {"layer": "vista", "dxf_type": "LINE"}, "geometry": {"type": "LineString", "coordinates": [[-54.975774669117804, -10.244706495207504], [-54.97553981610008, -10.244429704091482]]}}, {"type": "Feature", "properties": {"layer": "vista", "dxf_type": "LINE"}, "geometry": {"type": "LineString", "coordinates": [[-54.97588644991466, -10.244613448274272], [-54.975651596836855, -10.244336657232116]]}}, {"type": "Feature", "properties": {"layer": "vista", "dxf_type": "LINE"}, "geometry": {"type": "LineString", "coordinates": [[-54.975998230648464, -10.244520401289574], [-54.97576337750483, -10.244243611225162]]}}, {"type": "Feature", "properties": {"layer": "vista", "dxf_type": "LINE"}, "geometry": {"type": "LineString", "coordinates": [[-54.97611001040662, -10.24442735424773], [-54.97587515720292, -10.24415056425716]]}}, {"type": "Feature", "properties": {"layer": "vista", "dxf_type": "LINE"}, "geometry": {"type": "LineString", "coordinates": [[-54.97594233983317, -10.244566924785516], [-54.97699918279237, -10.245812481758945]]}}, {"type": "Feature", "properties": {"layer": "vista", "dxf_type": "LINE"}, "geometry": {"type": "LineString", "coordinates": [[-54.975662889170444, -10.244799542094947], [-54.97594233983317, -10.244566924785516]]}}, {"type": "Feature", "properties": {"layer": "vista", "dxf_type": "LINE"}, "geometry": {"type": "LineString", "coordinates": [[-54.97594233983317, -10.244566924785516], [-54.9762217910143, -10.244334307160084]]}}, {"type": "Feature", "properties": {"layer": "vista", "dxf_type": "LINE"}, "geometry": {"type": "LineString", "coordinates": [[-54.975750958902324, -10.24490333887798], [-54.976030409621366, -10.244670721499283]]}}, {"type": "Feature", "properties": {"layer": "vista", "dxf_type": "LINE"}, "geometry": {"type": "LineString", "coordinates": [[-54.976030409621366, -10.244670721499283], [-54.97630986085881, -10.244438103804612]]}}, {"type": "Feature", "properties": {"layer": "vista", "dxf_type": "LINE"}, "geometry": {"type": "LineString", "coordinates": [[-54.97583902868963, -10.245007135647494], [-54.976118480377565, -10.244774518205219]]}}, {"type": "Feature", "properties": {"layer": "vista", "dxf_type": "LINE"}, "geometry": {"type": "LineString", "coordinates": [[-54.976118480377565, -10.244774518205219], [-54.976397930758765, -10.244541900435621]]}}, {"type": "Feature", "properties": {"layer": "vista", "dxf_type": "LINE"}, "geometry": {"type": "LineString", "coordinates": [[-54.97592709853811, -10.245110931499621], [-54.97620655027662, -10.244878314891988]]}}, {"type": "Feature", "properties": {"layer": "vista", "dxf_type": "LINE"}, "geometry": {"type": "LineString", "coordinates": [[-54.97620655027662, -10.244878314891988], [-54.97648600162672, -10.244645697058798]]}}, {"type": "Feature", "properties": {"layer": "vista", "dxf_type": "LINE"}, "geometry": {"type": "LineString", "coordinates": [[-54.97601516843627, -10.245214728242125], [-54.97629462023685, -10.24498211066136]]}}, {"type": "Feature", "properties": {"layer": "vista", "dxf_type": "LINE"}, "geometry": {"type": "LineString", "coordinates": [[-54.97629462023685, -10.24498211066136], [-54.976574071643256, -10.244749492758917]]}}, {"type": "Feature", "properties": {"layer": "vista", "dxf_type": "LINE"}, "geometry": {"type": "LineString", "coordinates": [[-54.97610323838987, -10.245318524971117], [-54.97638269024677, -10.245085907321098]]}}, {"type": "Feature", "properties": {"layer": "vista", "dxf_type": "LINE"}, "geometry": {"type": "LineString", "coordinates": [[-54.97638269024677, -10.245085907321098], [-54.9766621417095, -10.244853289349399]]}}, {"type": "Feature", "properties": {"layer": "vista", "dxf_type": "LINE"}, "geometry": {"type": "LineString", "coordinates": [[-54.97619130931147, -10.245422321692303], [-54.97647076031212, -10.245189703967327]]}}, {"type": "Feature", "properties": {"layer": "vista", "dxf_type": "LINE"}, "geometry": {"type": "LineString", "coordinates": [[-54.97647076031212, -10.245189703967327], [-54.97675021183117, -10.244957085926389]]}}, {"type": "Feature", "properties": {"layer": "vista", "dxf_type": "LINE"}, "geometry": {"type": "LineString", "coordinates": [[-54.976279379381666, -10.245526117490405], [-54.97655883134547, -10.24529350060573]]}}, {"type": "Feature", "properties": {"layer": "vista", "dxf_type": "LINE"}, "geometry": {"type": "LineString", "coordinates": [[-54.97655883134547, -10.24529350060573], [-54.976838282008266, -10.245060882489854]]}}, {"type": "Feature", "properties": {"layer": "vista", "dxf_type": "LINE"}, "geometry": {"type": "LineString", "coordinates": [[-54.97636744950156, -10.24562991417888], [-54.976646901527424, -10.245397296321084]]}}, {"type": "Feature", "properties": {"layer": "vista", "dxf_type": "LINE"}, "geometry": {"type": "LineString", "coordinates": [[-54.976646901527424, -10.245397296321084], [-54.976926352240795, -10.24516467903981]]}}, {"type": "Feature", "properties": {"layer": "vista", "dxf_type": "LINE"}, "geometry": {"type": "LineString", "coordinates": [[-54.9764555196769, -10.245733710853843], [-54.97673497175907, -10.245501092926785]]}}, {"type": "Feature", "properties": {"layer": "vista", "dxf_type": "LINE"}, "geometry": {"type": "LineString", "coordinates": [[-54.97673497175907, -10.245501092926785], [-54.97701442344705, -10.245268474678053]]}}, {"type": "Feature", "properties": {"layer": "vista", "dxf_type": "LINE"}, "geometry": {"type": "LineString", "coordinates": [[-54.97654358990766, -10.245837507515292], [-54.97682304204616, -10.245604889518974]]}}, {"type": "Feature", "properties": {"layer": "vista", "dxf_type": "LINE"}, "geometry": {"type": "LineString", "coordinates": [[-54.97663166110643, -10.24594130416893], [-54.97691111238868, -10.245708686097652]]}}, {"type": "Feature", "properties": {"layer": "vista", "dxf_type": "LINE"}, "geometry": {"type": "LineString", "coordinates": [[-54.97671973145381, -10.246045099899483], [-54.97699918279237, -10.245812481758945]]}}, {"type": "Feature", "properties": {"layer": "vista", "dxf_type": "LINE"}, "geometry": {"type": "LineString", "coordinates": [[-54.97632658521824, -10.244247075694302], [-54.97688548518416, -10.243781840135512]]}}, {"type": "Feature", "properties": {"layer": "vista", "dxf_type": "LINE"}, "geometry": {"type": "LineString", "coordinates": [[-54.97643836479116, -10.244154028501283], [-54.97620351232354, -10.243877238733393]]}}, {"type": "Feature", "properties": {"layer": "vista", "dxf_type": "LINE"}, "geometry": {"type": "LineString", "coordinates": [[-54.97655014521357, -10.244060981262479], [-54.97631529177333, -10.243784191562773]]}}, {"type": "Feature", "properties": {"layer": "vista", "dxf_type": "LINE"}, "geometry": {"type": "LineString", "coordinates": [[-54.976661925572934, -10.24396793397222], [-54.976427072072624, -10.243691144346375]]}}, {"type": "Feature", "properties": {"layer": "vista", "dxf_type": "LINE"}, "geometry": {"type": "LineString", "coordinates": [[-54.97677370495093, -10.24387488752869], [-54.97653885230885, -10.243598097078518]]}}, {"type": "Feature", "properties": {"layer": "vista", "dxf_type": "LINE"}, "geometry": {"type": "LineString", "coordinates": [[-54.97632658521824, -10.244247075694302], [-54.97660603494485, -10.244014457620944]]}}, {"type": "Feature", "properties": {"layer": "vista", "dxf_type": "LINE"}, "geometry": {"type": "LineString", "coordinates": [[-54.97660603494485, -10.244014457620944], [-54.97688548518416, -10.243781840135512]]}}, {"type": "Feature", "properties": {"layer": "vista", "dxf_type": "LINE"}, "geometry": {"type": "LineString", "coordinates": [[-54.97641465508388, -10.244350872312863], [-54.97669410577937, -10.244118254175916]]}}, {"type": "Feature", "properties": {"layer": "vista", "dxf_type": "LINE"}, "geometry": {"type": "LineString", "coordinates": [[-54.97669410577937, -10.244118254175916], [-54.976973555168165, -10.24388563571168]]}}, {"type": "Feature", "properties": {"layer": "vista", "dxf_type": "LINE"}, "geometry": {"type": "LineString", "coordinates": [[-54.976502725004956, -10.244454668917902], [-54.97678217575676, -10.244222050711704]]}}, {"type": "Feature", "properties": {"layer": "vista", "dxf_type": "LINE"}, "geometry": {"type": "LineString", "coordinates": [[-54.97678217575676, -10.244222050711704], [-54.97706162611442, -10.243989432183893]]}}, {"type": "Feature", "properties": {"layer": "vista", "dxf_type": "LINE"}, "geometry": {"type": "LineString", "coordinates": [[-54.97659079498145, -10.24455846550943], [-54.97687024578957, -10.244325847233998]]}}, {"type": "Feature", "properties": {"layer": "vista", "dxf_type": "LINE"}, "geometry": {"type": "LineString", "coordinates": [[-54.97687024578957, -10.244325847233998], [-54.97714969620353, -10.244093228636924]]}}, {"type": "Feature", "properties": {"layer": "vista", "dxf_type": "LINE"}, "geometry": {"type": "LineString", "coordinates": [[-54.97667886501911, -10.244662261183576], [-54.97695831588354, -10.244429642838892]]}}, {"type": "Feature", "properties": {"layer": "vista", "dxf_type": "LINE"}, "geometry": {"type": "LineString", "coordinates": [[-54.97695831588354, -10.244429642838892], [-54.97723776634808, -10.24419702507644]]}}, {"type": "Feature", "properties": {"layer": "vista", "dxf_type": "LINE"}, "geometry": {"type": "LineString", "coordinates": [[-54.976766936019025, -10.24476605775377], [-54.977046386027205, -10.244533439334148]]}}, {"type": "Feature", "properties": {"layer": "vista", "dxf_type": "LINE"}, "geometry": {"type": "LineString", "coordinates": [[-54.977046386027205, -10.244533439334148], [-54.97732583655378, -10.244300820598589]]}}, {"type": "Feature", "properties": {"layer": "vista", "dxf_type": "LINE"}, "geometry": {"type": "LineString", "coordinates": [[-54.97685500616181, -10.244869854304788], [-54.97713445713887, -10.24463723582158]]}}, {"type": "Feature", "properties": {"layer": "vista", "dxf_type": "LINE"}, "geometry": {"type": "LineString", "coordinates": [[-54.97713445713887, -10.24463723582158], [-54.97741390680918, -10.244404617011083]]}}, {"type": "Feature", "properties": {"layer": "vista", "dxf_type": "LINE"}, "geometry": {"type": "LineString", "coordinates": [[-54.97694307636003, -10.244973650842281], [-54.97722252739339, -10.244741032289832]]}}, {"type": "Feature", "properties": {"layer": "vista", "dxf_type": "LINE"}, "geometry": {"type": "LineString", "coordinates": [[-54.97722252739339, -10.244741032289832], [-54.977501977120006, -10.244508413410067]]}}, {"type": "Feature", "properties": {"layer": "vista", "dxf_type": "LINE"}, "geometry": {"type": "LineString", "coordinates": [[-54.97703114661941, -10.245077446462389], [-54.977310597703344, -10.244844828744556]]}}, {"type": "Feature", "properties": {"layer": "vista", "dxf_type": "LINE"}, "geometry": {"type": "LineString", "coordinates": [[-54.977310597703344, -10.244844828744556], [-54.977590048398824, -10.244612209801213]]}}, {"type": "Feature", "properties": {"layer": "vista", "dxf_type": "LINE"}, "geometry": {"type": "LineString", "coordinates": [[-54.97699027904281, -10.243694607479407], [-54.97754917713664, -10.243229370392966]]}}, {"type": "Feature", "properties": {"layer": "vista", "dxf_type": "LINE"}, "geometry": {"type": "LineString", "coordinates": [[-54.977102059153864, -10.243601559986507], [-54.976867205417065, -10.243324770651503]]}}, {"type": "Feature", "properties": {"layer": "vista", "dxf_type": "LINE"}, "geometry": {"type": "LineString", "coordinates": [[-54.97721383828357, -10.24350851334037], [-54.97697898449244, -10.24323172317535]]}}, {"type": "Feature", "properties": {"layer": "vista", "dxf_type": "LINE"}, "geometry": {"type": "LineString", "coordinates": [[-54.97732561826851, -10.243415465744581], [-54.97709076441732, -10.243138675653423]]}}, {"type": "Feature", "properties": {"layer": "vista", "dxf_type": "LINE"}, "geometry": {"type": "LineString", "coordinates": [[-54.97743739819038, -10.243322418097339], [-54.977202544279145, -10.24304562808004]]}}, {"type": "Feature", "properties": {"layer": "vista", "dxf_type": "LINE"}, "geometry": {"type": "LineString", "coordinates": [[-54.97699027904281, -10.243694607479407], [-54.977269728740204, -10.243461989551745]]}}, {"type": "Feature", "properties": {"layer": "vista", "dxf_type": "LINE"}, "geometry": {"type": "LineString", "coordinates": [[-54.977269728740204, -10.243461989551745], [-54.97754917713664, -10.243229370392966]]}}, {"type": "Feature", "properties": {"layer": "vista", "dxf_type": "LINE"}, "geometry": {"type": "LineString", "coordinates": [[-54.977078349042195, -10.243798403933482], [-54.97735779880162, -10.243565785032702]]}}, {"type": "Feature", "properties": {"layer": "vista", "dxf_type": "LINE"}, "geometry": {"type": "LineString", "coordinates": [[-54.97735779880162, -10.243565785032702], [-54.97763724816119, -10.243333166714224]]}}, {"type": "Feature", "properties": {"layer": "vista", "dxf_type": "LINE"}, "geometry": {"type": "LineString", "coordinates": [[-54.977166419097, -10.24390220037405], [-54.977445868912724, -10.243669581404038]]}}, {"type": "Feature", "properties": {"layer": "vista", "dxf_type": "LINE"}, "geometry": {"type": "LineString", "coordinates": [[-54.977445868912724, -10.243669581404038], [-54.977725318334315, -10.24343696211242]]}}, {"type": "Feature", "properties": {"layer": "vista", "dxf_type": "LINE"}, "geometry": {"type": "LineString", "coordinates": [[-54.9772544901198, -10.244005996806786], [-54.97753393907926, -10.243773377761846]]}}, {"type": "Feature", "properties": {"layer": "vista", "dxf_type": "LINE"}, "geometry": {"type": "LineString", "coordinates": [[-54.97753393907926, -10.243773377761846], [-54.977813388557145, -10.243540758400982]]}}, {"type": "Feature", "properties": {"layer": "vista", "dxf_type": "LINE"}, "geometry": {"type": "LineString", "coordinates": [[-54.977342560291184, -10.244109792316463], [-54.977622009301214, -10.243877174106146]]}}, {"type": "Feature", "properties": {"layer": "vista", "dxf_type": "LINE"}, "geometry": {"type": "LineString", "coordinates": [[-54.977622009301214, -10.243877174106146], [-54.9779014588354, -10.243644554676049]]}}, {"type": "Feature", "properties": {"layer": "vista", "dxf_type": "LINE"}, "geometry": {"type": "LineString", "coordinates": [[-54.977430630512266, -10.244213588716514], [-54.977710080496884, -10.24398096953873]]}}, {"type": "Feature", "properties": {"layer": "vista", "dxf_type": "LINE"}, "geometry": {"type": "LineString", "coordinates": [[-54.977710080496884, -10.24398096953873], [-54.97798952916907, -10.243748350937585]]}}, {"type": "Feature", "properties": {"layer": "vista", "dxf_type": "LINE"}, "geometry": {"type": "LineString", "coordinates": [[-54.97751870078878, -10.244317385103038], [-54.9777981508297, -10.244084765856005]]}}, {"type": "Feature", "properties": {"layer": "vista", "dxf_type": "LINE"}, "geometry": {"type": "LineString", "coordinates": [[-54.9777981508297, -10.244084765856005], [-54.9780775995639, -10.243852146281732]]}}, {"type": "Feature", "properties": {"layer": "vista", "dxf_type": "LINE"}, "geometry": {"type": "LineString", "coordinates": [[-54.97760677112072, -10.244421181476051], [-54.977886221217936, -10.244188562159781]]}}, {"type": "Feature", "properties": {"layer": "vista", "dxf_type": "LINE"}, "geometry": {"type": "LineString", "coordinates": [[-54.977886221217936, -10.244188562159781], [-54.978165670920994, -10.24395594252191]]}}, {"type": "Feature", "properties": {"layer": "vista", "dxf_type": "LINE"}, "geometry": {"type": "LineString", "coordinates": [[-54.97769484150809, -10.244524977835553], [-54.977974291661596, -10.244292358450023]]}}, {"type": "Feature", "properties": {"layer": "vista", "dxf_type": "LINE"}, "geometry": {"type": "LineString", "coordinates": [[-54.977974291661596, -10.244292358450023], [-54.97825374142095, -10.244059738742903]]}}, {"type": "Feature", "properties": {"layer": "vista", "dxf_type": "LINE"}, "geometry": {"type": "LineString", "coordinates": [[-54.97660603494485, -10.244014457620944], [-54.977310597703344, -10.244844828744556]]}}, {"type": "Feature", "properties": {"layer": "vista", "dxf_type": "LINE"}, "geometry": {"type": "LineString", "coordinates": [[-54.977269728740204, -10.243461989551745], [-54.97806236216642, -10.24439615382288]]}}, {"type": "Feature", "properties": {"layer": "vista", "dxf_type": "LINE"}, "geometry": {"type": "LineString", "coordinates": [[-54.97778291286918, -10.244628773283338], [-54.97806236216642, -10.24439615382288]]}}, {"type": "Feature", "properties": {"layer": "vista", "dxf_type": "LINE"}, "geometry": {"type": "LineString", "coordinates": [[-54.97806236216642, -10.24439615382288], [-54.97834181197633, -10.244163534950395]]}}, {"type": "Feature", "properties": {"layer": "vista", "dxf_type": "LINE"}, "geometry": {"type": "LineString", "coordinates": [[-54.97673497175907, -10.245501092926785], [-54.97834181197633, -10.244163534950395]]}}, {"type": "Feature", "properties": {"layer": "vista", "dxf_type": "LINE"}, "geometry": {"type": "LineString", "coordinates": [[-54.97609173189814, -10.243970285846865], [-54.97665063156946, -10.2435050497535]]}}, {"type": "Feature", "properties": {"layer": "vista", "dxf_type": "LINE"}, "geometry": {"type": "LineString", "coordinates": [[-54.976755425366065, -10.243417818070519], [-54.977314324077916, -10.242952580455205]]}}, {"type": "Feature", "properties": {"layer": "vista", "dxf_type": "LINE"}, "geometry": {"type": "LineString", "coordinates": [[-54.98412587082501, -10.242831812868188], [-54.98283414450025, -10.24130948876402]]}}, {"type": "Feature", "properties": {"layer": "vista", "dxf_type": "LINE"}, "geometry": {"type": "LineString", "coordinates": [[-54.98356698093043, -10.243297064151173], [-54.98253947119954, -10.242086122853157]]}}, {"type": "Feature", "properties": {"layer": "vista", "dxf_type": "LINE"}, "geometry": {"type": "LineString", "coordinates": [[-54.98346218861593, -10.2433842983959], [-54.98252275177976, -10.242277152046604]]}}, {"type": "Feature", "properties": {"layer": "vista", "dxf_type": "LINE"}, "geometry": {"type": "LineString", "coordinates": [[-54.98290329685482, -10.243849547248653], [-54.98196386029961, -10.242742400320068]]}}, {"type": "Feature", "properties": {"layer": "vista", "dxf_type": "LINE"}, "geometry": {"type": "LineString", "coordinates": [[-54.98279850418354, -10.243936782111053], [-54.98177099625621, -10.242725838591019]]}}, {"type": "Feature", "properties": {"layer": "vista", "dxf_type": "LINE"}, "geometry": {"type": "LineString", "coordinates": [[-54.982239610550074, -10.244402029437246], [-54.98121210392899, -10.243191085205025]]}}, {"type": "Feature", "properties": {"layer": "vista", "dxf_type": "LINE"}, "geometry": {"type": "LineString", "coordinates": [[-54.982134447197986, -10.244489522946417], [-54.98119501321127, -10.24338237308702]]}}, {"type": "Feature", "properties": {"layer": "vista", "dxf_type": "LINE"}, "geometry": {"type": "LineString", "coordinates": [[-54.98157555077285, -10.244954769643284], [-54.980636117985895, -10.243847618306274]]}}, {"type": "Feature", "properties": {"layer": "vista", "dxf_type": "LINE"}, "geometry": {"type": "LineString", "coordinates": [[-54.98147075831752, -10.24504200303479], [-54.98053132484298, -10.243934851415059]]}}, {"type": "Feature", "properties": {"layer": "vista", "dxf_type": "LINE"}, "geometry": {"type": "LineString", "coordinates": [[-54.98091186001987, -10.245507248204735], [-54.9799724286579, -10.244400095113017]]}}, {"type": "Feature", "properties": {"layer": "vista", "dxf_type": "LINE"}, "geometry": {"type": "LineString", "coordinates": [[-54.98080706630086, -10.24559448130426], [-54.97986763516392, -10.244487327935477]]}}, {"type": "Feature", "properties": {"layer": "vista", "dxf_type": "LINE"}, "geometry": {"type": "LineString", "coordinates": [[-54.98024816704318, -10.246059724952753], [-54.97930873710649, -10.244952570106284]]}}, {"type": "Feature", "properties": {"layer": "vista", "dxf_type": "LINE"}, "geometry": {"type": "LineString", "coordinates": [[-54.98007388087388, -10.246204852816382], [-54.97913445130569, -10.245097698412952]]}}, {"type": "Feature", "properties": {"layer": "vista", "dxf_type": "LINE"}, "geometry": {"type": "LineString", "coordinates": [[-54.979514979547325, -10.246670094777654], [-54.97857555027283, -10.245562937986902]]}}, {"type": "Feature", "properties": {"layer": "vista", "dxf_type": "LINE"}, "geometry": {"type": "LineString", "coordinates": [[-54.97941018508927, -10.246757327274453], [-54.97847075603991, -10.245650170206616]]}}, {"type": "Feature", "properties": {"layer": "vista", "dxf_type": "LINE"}, "geometry": {"type": "LineString", "coordinates": [[-54.97885128097735, -10.247222567702554], [-54.97791185404136, -10.246115409162583]]}}, {"type": "Feature", "properties": {"layer": "vista", "dxf_type": "LINE"}, "geometry": {"type": "LineString", "coordinates": [[-54.97874648708072, -10.2473097999186], [-54.97780705945733, -10.246202641095861]]}}, {"type": "Feature", "properties": {"layer": "vista", "dxf_type": "LINE"}, "geometry": {"type": "LineString", "coordinates": [[-54.97818758109593, -10.247775038819011], [-54.97724815558616, -10.246667878524088]]}}, {"type": "Feature", "properties": {"layer": "vista", "dxf_type": "LINE"}, "geometry": {"type": "LineString", "coordinates": [[-54.977160084911894, -10.246564081970746], [-54.9768958723034, -10.246252693127802]]}}, {"type": "Feature", "properties": {"layer": "vista", "dxf_type": "LINE"}, "geometry": {"type": "LineString", "coordinates": [[-54.98412587082501, -10.242831812868188], [-54.98356698093043, -10.243297064151173]]}}, {"type": "Feature", "properties": {"layer": "vista", "dxf_type": "LINE"}, "geometry": {"type": "LineString", "coordinates": [[-54.98389101135468, -10.242555026642226], [-54.983332120847265, -10.243020277550158]]}}, {"type": "Feature", "properties": {"layer": "vista", "dxf_type": "LINE"}, "geometry": {"type": "LineString", "coordinates": [[-54.98389101135468, -10.242555026642226], [-54.98412587082501, -10.242831812868188]]}}, {"type": "Feature", "properties": {"layer": "vista", "dxf_type": "LINE"}, "geometry": {"type": "LineString", "coordinates": [[-54.983779233196806, -10.242648076925496], [-54.98401409351976, -10.242924863230998]]}}, {"type": "Feature", "properties": {"layer": "vista", "dxf_type": "LINE"}, "geometry": {"type": "LineString", "coordinates": [[-54.98366745497587, -10.24274112715736], [-54.983902315238886, -10.24301791353674]]}}, {"type": "Feature", "properties": {"layer": "vista", "dxf_type": "LINE"}, "geometry": {"type": "LineString", "coordinates": [[-54.983555676691886, -10.242834177337816], [-54.983790536894944, -10.243110963791066]]}}, {"type": "Feature", "properties": {"layer": "vista", "dxf_type": "LINE"}, "geometry": {"type": "LineString", "coordinates": [[-54.98344389925739, -10.242927227472514], [-54.983678759400505, -10.243204013999662]]}}, {"type": "Feature", "properties": {"layer": "vista", "dxf_type": "LINE"}, "geometry": {"type": "LineString", "coordinates": [[-54.98361156629804, -10.242787652256846], [-54.982554701030615, -10.241542113553292]]}}, {"type": "Feature", "properties": {"layer": "vista", "dxf_type": "LINE"}, "geometry": {"type": "LineString", "coordinates": [[-54.98389101135468, -10.242555026642226], [-54.98361156629804, -10.242787652256846]]}}, {"type": "Feature", "properties": {"layer": "vista", "dxf_type": "LINE"}, "geometry": {"type": "LineString", "coordinates": [[-54.98361156629804, -10.242787652256846], [-54.983332120847265, -10.243020277550158]]}}, {"type": "Feature", "properties": {"layer": "vista", "dxf_type": "LINE"}, "geometry": {"type": "LineString", "coordinates": [[-54.98380293812328, -10.242451232567184], [-54.98352349404112, -10.242683857214328]]}}, {"type": "Feature", "properties": {"layer": "vista", "dxf_type": "LINE"}, "geometry": {"type": "LineString", "coordinates": [[-54.98352349404112, -10.242683857214328], [-54.983244048646554, -10.242916482438368]]}}, {"type": "Feature", "properties": {"layer": "vista", "dxf_type": "LINE"}, "geometry": {"type": "LineString", "coordinates": [[-54.983714865865586, -10.242347437580367], [-54.983435420921346, -10.242580063056486]]}}, {"type": "Feature", "properties": {"layer": "vista", "dxf_type": "LINE"}, "geometry": {"type": "LineString", "coordinates": [[-54.983435420921346, -10.242580063056486], [-54.98315597650126, -10.242812687313052]]}}, {"type": "Feature", "properties": {"layer": "vista", "dxf_type": "LINE"}, "geometry": {"type": "LineString", "coordinates": [[-54.98362679366331, -10.242243642580018], [-54.983347348775276, -10.242476267986886]]}}, {"type": "Feature", "properties": {"layer": "vista", "dxf_type": "LINE"}, "geometry": {"type": "LineString", "coordinates": [[-54.983347348775276, -10.242476267986886], [-54.98306790440568, -10.242708893078074]]}}, {"type": "Feature", "properties": {"layer": "vista", "dxf_type": "LINE"}, "geometry": {"type": "LineString", "coordinates": [[-54.98353872151647, -10.242139847566131], [-54.98325927668463, -10.242372472903728]]}}, {"type": "Feature", "properties": {"layer": "vista", "dxf_type": "LINE"}, "geometry": {"type": "LineString", "coordinates": [[-54.98325927668463, -10.242372472903728], [-54.98297983145867, -10.242605097920018]]}}, {"type": "Feature", "properties": {"layer": "vista", "dxf_type": "LINE"}, "geometry": {"type": "LineString", "coordinates": [[-54.98345064942504, -10.242036052538703], [-54.9831712046494, -10.242268677807047]]}}, {"type": "Feature", "properties": {"layer": "vista", "dxf_type": "LINE"}, "geometry": {"type": "LineString", "coordinates": [[-54.9831712046494, -10.242268677807047], [-54.98289175947966, -10.24250130275408]]}}, {"type": "Feature", "properties": {"layer": "vista", "dxf_type": "LINE"}, "geometry": {"type": "LineString", "coordinates": [[-54.98336257647076, -10.241932258395956], [-54.983083132663886, -10.242164883600703]]}}, {"type": "Feature", "properties": {"layer": "vista", "dxf_type": "LINE"}, "geometry": {"type": "LineString", "coordinates": [[-54.983083132663886, -10.242164883600703], [-54.982803687556064, -10.242397507574587]]}}, {"type": "Feature", "properties": {"layer": "vista", "dxf_type": "LINE"}, "geometry": {"type": "LineString", "coordinates": [[-54.983274504490176, -10.241828463341431], [-54.982995060739505, -10.242061088476946]]}}, {"type": "Feature", "properties": {"layer": "vista", "dxf_type": "LINE"}, "geometry": {"type": "LineString", "coordinates": [[-54.982995060739505, -10.242061088476946], [-54.982715615682174, -10.242293713285457]]}}, {"type": "Feature", "properties": {"layer": "vista", "dxf_type": "LINE"}, "geometry": {"type": "LineString", "coordinates": [[-54.983186432565006, -10.241724668273383], [-54.98290698795798, -10.241957293333988]]}}, {"type": "Feature", "properties": {"layer": "vista", "dxf_type": "LINE"}, "geometry": {"type": "LineString", "coordinates": [[-54.98290698795798, -10.241957293333988], [-54.98262754386943, -10.242189918078909]]}}, {"type": "Feature", "properties": {"layer": "vista", "dxf_type": "LINE"}, "geometry": {"type": "LineString", "coordinates": [[-54.98309836069526, -10.241620873191797], [-54.982818916144446, -10.241853498183136]]}}, {"type": "Feature", "properties": {"layer": "vista", "dxf_type": "LINE"}, "geometry": {"type": "LineString", "coordinates": [[-54.982818916144446, -10.241853498183136], [-54.98253947119954, -10.242086122853157]]}}, {"type": "Feature", "properties": {"layer": "vista", "dxf_type": "LINE"}, "geometry": {"type": "LineString", "coordinates": [[-54.983010288875214, -10.241517079000552], [-54.982730844386325, -10.241749703018764]]}}, {"type": "Feature", "properties": {"layer": "vista", "dxf_type": "LINE"}, "geometry": {"type": "LineString", "coordinates": [[-54.982922217116304, -10.241413283891875], [-54.982642772677906, -10.241645908744733]]}}, {"type": "Feature", "properties": {"layer": "vista", "dxf_type": "LINE"}, "geometry": {"type": "LineString", "coordinates": [[-54.98283414450025, -10.24130948876402], [-54.982554701030615, -10.241542113553292]]}}, {"type": "Feature", "properties": {"layer": "vista", "dxf_type": "LINE"}, "geometry": {"type": "LineString", "coordinates": [[-54.983227328588974, -10.24310751172563], [-54.98266843712192, -10.243572761112842]]}}, {"type": "Feature", "properties": {"layer": "vista", "dxf_type": "LINE"}, "geometry": {"type": "LineString", "coordinates": [[-54.98311555096923, -10.243200561709301], [-54.98335041002368, -10.243477348447792]]}}, {"type": "Feature", "properties": {"layer": "vista", "dxf_type": "LINE"}, "geometry": {"type": "LineString", "coordinates": [[-54.983003772373856, -10.243293611635899], [-54.983238632280916, -10.24357039845393]]}}, {"type": "Feature", "properties": {"layer": "vista", "dxf_type": "LINE"}, "geometry": {"type": "LineString", "coordinates": [[-54.98289199371542, -10.24338666151108], [-54.983126853562524, -10.24366344840299]]}}, {"type": "Feature", "properties": {"layer": "vista", "dxf_type": "LINE"}, "geometry": {"type": "LineString", "coordinates": [[-54.98278021590649, -10.243479711340502], [-54.983015074781065, -10.243756498300648]]}}, {"type": "Feature", "properties": {"layer": "vista", "dxf_type": "LINE"}, "geometry": {"type": "LineString", "coordinates": [[-54.983227328588974, -10.24310751172563], [-54.98294788350881, -10.243340136582747]]}}, {"type": "Feature", "properties": {"layer": "vista", "dxf_type": "LINE"}, "geometry": {"type": "LineString", "coordinates": [[-54.98294788350881, -10.243340136582747], [-54.98266843712192, -10.243572761112842]]}}, {"type": "Feature", "properties": {"layer": "vista", "dxf_type": "LINE"}, "geometry": {"type": "LineString", "coordinates": [[-54.98313925640933, -10.243003716587864], [-54.98285981047281, -10.243236341370078]]}}, {"type": "Feature", "properties": {"layer": "vista", "dxf_type": "LINE"}, "geometry": {"type": "LineString", "coordinates": [[-54.98285981047281, -10.243236341370078], [-54.98258036505471, -10.243468965836577]]}}, {"type": "Feature", "properties": {"layer": "vista", "dxf_type": "LINE"}, "geometry": {"type": "LineString", "coordinates": [[-54.983051184279404, -10.242899922340454], [-54.982771738404814, -10.243132546149532]]}}, {"type": "Feature", "properties": {"layer": "vista", "dxf_type": "LINE"}, "geometry": {"type": "LineString", "coordinates": [[-54.982771738404814, -10.243132546149532], [-54.982492293042924, -10.243365170546769]]}}, {"type": "Feature", "properties": {"layer": "vista", "dxf_type": "LINE"}, "geometry": {"type": "LineString", "coordinates": [[-54.98296311221061, -10.242796127175627], [-54.982683666386514, -10.243028751819308]]}}, {"type": "Feature", "properties": {"layer": "vista", "dxf_type": "LINE"}, "geometry": {"type": "LineString", "coordinates": [[-54.982683666386514, -10.243028751819308], [-54.982404220174, -10.243261375237761]]}}, {"type": "Feature", "properties": {"layer": "vista", "dxf_type": "LINE"}, "geometry": {"type": "LineString", "coordinates": [[-54.98287504019725, -10.242692331997258], [-54.98259559442937, -10.242924956571683]]}}, {"type": "Feature", "properties": {"layer": "vista", "dxf_type": "LINE"}, "geometry": {"type": "LineString", "coordinates": [[-54.98259559442937, -10.242924956571683], [-54.98231614826735, -10.24315758082476]]}}, {"type": "Feature", "properties": {"layer": "vista", "dxf_type": "LINE"}, "geometry": {"type": "LineString", "coordinates": [[-54.98278696732675, -10.24258853679969], [-54.98250752252765, -10.242821161310522]]}}, {"type": "Feature", "properties": {"layer": "vista", "dxf_type": "LINE"}, "geometry": {"type": "LineString", "coordinates": [[-54.98250752252765, -10.242821161310522], [-54.98222807642185, -10.243053785494322]]}}, {"type": "Feature", "properties": {"layer": "vista", "dxf_type": "LINE"}, "geometry": {"type": "LineString", "coordinates": [[-54.98269889541852, -10.24248474249811], [-54.98241945068135, -10.242717366035821]]}}, {"type": "Feature", "properties": {"layer": "vista", "dxf_type": "LINE"}, "geometry": {"type": "LineString", "coordinates": [[-54.98241945068135, -10.242717366035821], [-54.982140004631766, -10.242949990150368]]}}, {"type": "Feature", "properties": {"layer": "vista", "dxf_type": "LINE"}, "geometry": {"type": "LineString", "coordinates": [[-54.98261082357143, -10.242380947279127], [-54.98233137797219, -10.2426135716458]]}}, {"type": "Feature", "properties": {"layer": "vista", "dxf_type": "LINE"}, "geometry": {"type": "LineString", "coordinates": [[-54.98233137797219, -10.2426135716458], [-54.982051932897114, -10.242846194792877]]}}, {"type": "Feature", "properties": {"layer": "vista", "dxf_type": "LINE"}, "geometry": {"type": "LineString", "coordinates": [[-54.98252275177976, -10.242277152046604], [-54.98224330623674, -10.242509776344013]]}}, {"type": "Feature", "properties": {"layer": "vista", "dxf_type": "LINE"}, "geometry": {"type": "LineString", "coordinates": [[-54.98224330623674, -10.242509776344013], [-54.98196386029961, -10.242742400320068]]}}, {"type": "Feature", "properties": {"layer": "vista", "dxf_type": "LINE"}, "geometry": {"type": "LineString", "coordinates": [[-54.98256364451258, -10.243659995002103], [-54.98200475117325, -10.244125242862781]]}}, {"type": "Feature", "properties": {"layer": "vista", "dxf_type": "LINE"}, "geometry": {"type": "LineString", "coordinates": [[-54.982451865605825, -10.243753044674833], [-54.982686725216816, -10.244029831857647]]}}, {"type": "Feature", "properties": {"layer": "vista", "dxf_type": "LINE"}, "geometry": {"type": "LineString", "coordinates": [[-54.982340087548565, -10.243846094301789], [-54.98257494709959, -10.244122881558484]]}}, {"type": "Feature", "properties": {"layer": "vista", "dxf_type": "LINE"}, "geometry": {"type": "LineString", "coordinates": [[-54.98222830851567, -10.243939143871657], [-54.982463168012444, -10.244215930298356]]}}, {"type": "Feature", "properties": {"layer": "vista", "dxf_type": "LINE"}, "geometry": {"type": "LineString", "coordinates": [[-54.98211652941971, -10.2440321933901], [-54.98235138885651, -10.244308979890684]]}}, {"type": "Feature", "properties": {"layer": "vista", "dxf_type": "LINE"}, "geometry": {"type": "LineString", "coordinates": [[-54.98256364451258, -10.243659995002103], [-54.982284197583716, -10.243892619090316]]}}, {"type": "Feature", "properties": {"layer": "vista", "dxf_type": "LINE"}, "geometry": {"type": "LineString", "coordinates": [[-54.982284197583716, -10.243892619090316], [-54.98200475117325, -10.244125242862781]]}}, {"type": "Feature", "properties": {"layer": "vista", "dxf_type": "LINE"}, "geometry": {"type": "LineString", "coordinates": [[-54.98247557246645, -10.243556199699862], [-54.98219612559381, -10.243788823718814]]}}, {"type": "Feature", "properties": {"layer": "vista", "dxf_type": "LINE"}, "geometry": {"type": "LineString", "coordinates": [[-54.98219612559381, -10.243788823718814], [-54.98191667923957, -10.244021447422016]]}}, {"type": "Feature", "properties": {"layer": "vista", "dxf_type": "LINE"}, "geometry": {"type": "LineString", "coordinates": [[-54.982387500475745, -10.243452404384081], [-54.982108053659324, -10.243685028333758]]}}, {"type": "Feature", "properties": {"layer": "vista", "dxf_type": "LINE"}, "geometry": {"type": "LineString", "coordinates": [[-54.982108053659324, -10.243685028333758], [-54.981828606448744, -10.24391765196205]]}}, {"type": "Feature", "properties": {"layer": "vista", "dxf_type": "LINE"}, "geometry": {"type": "LineString", "coordinates": [[-54.98229942853475, -10.243348609958643], [-54.982019981780276, -10.243581232935181]]}}, {"type": "Feature", "properties": {"layer": "vista", "dxf_type": "LINE"}, "geometry": {"type": "LineString", "coordinates": [[-54.982019981780276, -10.243581232935181], [-54.98174053462593, -10.24381385649421]]}}, {"type": "Feature", "properties": {"layer": "vista", "dxf_type": "LINE"}, "geometry": {"type": "LineString", "coordinates": [[-54.982211355742336, -10.243244814610126], [-54.98193190995094, -10.243477438426947]]}}, {"type": "Feature", "properties": {"layer": "vista", "dxf_type": "LINE"}, "geometry": {"type": "LineString", "coordinates": [[-54.98193190995094, -10.243477438426947], [-54.98165246285281, -10.2437100619167]]}}, {"type": "Feature", "properties": {"layer": "vista", "dxf_type": "LINE"}, "geometry": {"type": "LineString", "coordinates": [[-54.98212328391792, -10.243141019253716], [-54.981843837270176, -10.243373642995634]]}}, {"type": "Feature", "properties": {"layer": "vista", "dxf_type": "LINE"}, "geometry": {"type": "LineString", "coordinates": [[-54.981843837270176, -10.243373642995634], [-54.98156439114085, -10.243606266421793]]}}, {"type": "Feature", "properties": {"layer": "vista", "dxf_type": "LINE"}, "geometry": {"type": "LineString", "coordinates": [[-54.98203521214892, -10.24303722388379], [-54.98175576555741, -10.24326984755645]]}}, {"type": "Feature", "properties": {"layer": "vista", "dxf_type": "LINE"}, "geometry": {"type": "LineString", "coordinates": [[-54.98175576555741, -10.24326984755645], [-54.981476319484315, -10.24350247091335]]}}, {"type": "Feature", "properties": {"layer": "vista", "dxf_type": "LINE"}, "geometry": {"type": "LineString", "coordinates": [[-54.98194714042963, -10.24293342940421], [-54.981667693900064, -10.243166052103717]]}}, {"type": "Feature", "properties": {"layer": "vista", "dxf_type": "LINE"}, "geometry": {"type": "LineString", "coordinates": [[-54.981667693900064, -10.243166052103717], [-54.981388246970646, -10.24339867538571]]}}, {"type": "Feature", "properties": {"layer": "vista", "dxf_type": "LINE"}, "geometry": {"type": "LineString", "coordinates": [[-54.98185906877149, -10.24282963400721], [-54.981579622292436, -10.243062257541343]]}}, {"type": "Feature", "properties": {"layer": "vista", "dxf_type": "LINE"}, "geometry": {"type": "LineString", "coordinates": [[-54.981579622292436, -10.243062257541343], [-54.98130017542496, -10.243294879850206]]}}, {"type": "Feature", "properties": {"layer": "vista", "dxf_type": "LINE"}, "geometry": {"type": "LineString", "coordinates": [[-54.981899587877614, -10.244212736302446], [-54.981340692670685, -10.244677981731675]]}}, {"type": "Feature", "properties": {"layer": "vista", "dxf_type": "LINE"}, "geometry": {"type": "LineString", "coordinates": [[-54.981787808601915, -10.24430578476578], [-54.98202266785659, -10.244582572387513]]}}, {"type": "Feature", "properties": {"layer": "vista", "dxf_type": "LINE"}, "geometry": {"type": "LineString", "coordinates": [[-54.98167603017, -10.244398834087228], [-54.981910889364684, -10.244675621782845]]}}, {"type": "Feature", "properties": {"layer": "vista", "dxf_type": "LINE"}, "geometry": {"type": "LineString", "coordinates": [[-54.98156425076244, -10.244491883351579], [-54.98179910989715, -10.244768671121081]]}}, {"type": "Feature", "properties": {"layer": "vista", "dxf_type": "LINE"}, "geometry": {"type": "LineString", "coordinates": [[-54.98145247129181, -10.244584932564502], [-54.98168733036653, -10.244861720407908]]}}, {"type": "Feature", "properties": {"layer": "vista", "dxf_type": "LINE"}, "geometry": {"type": "LineString", "coordinates": [[-54.981899587877614, -10.244212736302446], [-54.981620140017824, -10.244445358723]]}}, {"type": "Feature", "properties": {"layer": "vista", "dxf_type": "LINE"}, "geometry": {"type": "LineString", "coordinates": [[-54.981620140017824, -10.244445358723], [-54.981340692670685, -10.244677981731675]]}}, {"type": "Feature", "properties": {"layer": "vista", "dxf_type": "LINE"}, "geometry": {"type": "LineString", "coordinates": [[-54.9818115159651, -10.244108940835616], [-54.981532068155815, -10.244341564090787]]}}, {"type": "Feature", "properties": {"layer": "vista", "dxf_type": "LINE"}, "geometry": {"type": "LineString", "coordinates": [[-54.981532068155815, -10.244341564090787], [-54.98125261995808, -10.244574186120635]]}}, {"type": "Feature", "properties": {"layer": "vista", "dxf_type": "LINE"}, "geometry": {"type": "LineString", "coordinates": [[-54.98172344410801, -10.244005145355239], [-54.981443996354976, -10.244237768541154]]}}, {"type": "Feature", "properties": {"layer": "vista", "dxf_type": "LINE"}, "geometry": {"type": "LineString", "coordinates": [[-54.981443996354976, -10.244237768541154], [-54.98116454820775, -10.24447039140562]]}}, {"type": "Feature", "properties": {"layer": "vista", "dxf_type": "LINE"}, "geometry": {"type": "LineString", "coordinates": [[-54.981635372306364, -10.243901349861334], [-54.981355924609566, -10.244133972977991]]}}, {"type": "Feature", "properties": {"layer": "vista", "dxf_type": "LINE"}, "geometry": {"type": "LineString", "coordinates": [[-54.981355924609566, -10.244133972977991], [-54.98107647651858, -10.244366595773196]]}}, {"type": "Feature", "properties": {"layer": "vista", "dxf_type": "LINE"}, "geometry": {"type": "LineString", "coordinates": [[-54.98154729964758, -10.243797554348234], [-54.98126785291958, -10.24403017740128]]}}, {"type": "Feature", "properties": {"layer": "vista", "dxf_type": "LINE"}, "geometry": {"type": "LineString", "coordinates": [[-54.98126785291958, -10.24403017740128], [-54.98098840488484, -10.244262800127231]]}}, {"type": "Feature", "properties": {"layer": "vista", "dxf_type": "LINE"}, "geometry": {"type": "LineString", "coordinates": [[-54.98145922795108, -10.243693759731142], [-54.98117978036674, -10.243926382709258]]}}, {"type": "Feature", "properties": {"layer": "vista", "dxf_type": "LINE"}, "geometry": {"type": "LineString", "coordinates": [[-54.98117978036674, -10.243926382709258], [-54.98090033330653, -10.244159004467726]]}}, {"type": "Feature", "properties": {"layer": "vista", "dxf_type": "LINE"}, "geometry": {"type": "LineString", "coordinates": [[-54.98137115631571, -10.243589964196625], [-54.981091708787616, -10.243822587105496]]}}, {"type": "Feature", "properties": {"layer": "vista", "dxf_type": "LINE"}, "geometry": {"type": "LineString", "coordinates": [[-54.981091708787616, -10.243822587105496], [-54.98081226177793, -10.24405520969858]]}}, {"type": "Feature", "properties": {"layer": "vista", "dxf_type": "LINE"}, "geometry": {"type": "LineString", "coordinates": [[-54.98128308473578, -10.243486168648586], [-54.981003637263925, -10.243718791488206]]}}, {"type": "Feature", "properties": {"layer": "vista", "dxf_type": "LINE"}, "geometry": {"type": "LineString", "coordinates": [[-54.981003637263925, -10.243718791488206], [-54.98072418939791, -10.243951414006359]]}}, {"type": "Feature", "properties": {"layer": "vista", "dxf_type": "LINE"}, "geometry": {"type": "LineString", "coordinates": [[-54.98097873561627, -10.243267277063397], [-54.9791623217157, -10.244779317158978]]}}, {"type": "Feature", "properties": {"layer": "vista", "dxf_type": "LINE"}, "geometry": {"type": "LineString", "coordinates": [[-54.98091556579566, -10.243614995857362], [-54.980636117985895, -10.243847618306274]]}}, {"type": "Feature", "properties": {"layer": "vista", "dxf_type": "LINE"}, "geometry": {"type": "LineString", "coordinates": [[-54.98123589935902, -10.244765215048249], [-54.98067700136136, -10.24523045984874]]}}, {"type": "Feature", "properties": {"layer": "vista", "dxf_type": "LINE"}, "geometry": {"type": "LineString", "coordinates": [[-54.98112411970312, -10.244858264110086], [-54.98135897860163, -10.245135052170513]]}}, {"type": "Feature", "properties": {"layer": "vista", "dxf_type": "LINE"}, "geometry": {"type": "LineString", "coordinates": [[-54.98101233998415, -10.244951313120486], [-54.98124719882266, -10.245228101254803]]}}, {"type": "Feature", "properties": {"layer": "vista", "dxf_type": "LINE"}, "geometry": {"type": "LineString", "coordinates": [[-54.98090056111467, -10.24504436208512], [-54.98113541989319, -10.245321150293321]]}}, {"type": "Feature", "properties": {"layer": "vista", "dxf_type": "LINE"}, "geometry": {"type": "LineString", "coordinates": [[-54.98078878126955, -10.24513741099265], [-54.98102363998807, -10.245414199274737]]}}, {"type": "Feature", "properties": {"layer": "vista", "dxf_type": "LINE"}, "geometry": {"type": "LineString", "coordinates": [[-54.98123589935902, -10.244765215048249], [-54.980956450557294, -10.244997837609233]]}}, {"type": "Feature", "properties": {"layer": "vista", "dxf_type": "LINE"}, "geometry": {"type": "LineString", "coordinates": [[-54.980956450557294, -10.244997837609233], [-54.98067700136136, -10.24523045984874]]}}, {"type": "Feature", "properties": {"layer": "vista", "dxf_type": "LINE"}, "geometry": {"type": "LineString", "coordinates": [[-54.981147827574354, -10.244661420320776], [-54.980868378834586, -10.244894041908633]]}}, {"type": "Feature", "properties": {"layer": "vista", "dxf_type": "LINE"}, "geometry": {"type": "LineString", "coordinates": [[-54.980868378834586, -10.244894041908633], [-54.9805889296949, -10.245126664078875]]}}, {"type": "Feature", "properties": {"layer": "vista", "dxf_type": "LINE"}, "geometry": {"type": "LineString", "coordinates": [[-54.98105975493827, -10.244557624670241], [-54.9807803071616, -10.244790247098377]]}}, {"type": "Feature", "properties": {"layer": "vista", "dxf_type": "LINE"}, "geometry": {"type": "LineString", "coordinates": [[-54.9807803071616, -10.244790247098377], [-54.980500858083886, -10.245022868295475]]}}, {"type": "Feature", "properties": {"layer": "vista", "dxf_type": "LINE"}, "geometry": {"type": "LineString", "coordinates": [[-54.98097168327019, -10.244453829011842], [-54.98069223554977, -10.244686451370697]]}}, {"type": "Feature", "properties": {"layer": "vista", "dxf_type": "LINE"}, "geometry": {"type": "LineString", "coordinates": [[-54.98069223554977, -10.244686451370697], [-54.980412786522585, -10.244919073402418]]}}, {"type": "Feature", "properties": {"layer": "vista", "dxf_type": "LINE"}, "geometry": {"type": "LineString", "coordinates": [[-54.98088361165754, -10.244350033339908], [-54.980604163080805, -10.244582655623832]]}}, {"type": "Feature", "properties": {"layer": "vista", "dxf_type": "LINE"}, "geometry": {"type": "LineString", "coordinates": [[-54.980604163080805, -10.244582655623832], [-54.980324715022434, -10.24481527759196]]}}, {"type": "Feature", "properties": {"layer": "vista", "dxf_type": "LINE"}, "geometry": {"type": "LineString", "coordinates": [[-54.980795540094604, -10.244246238558322], [-54.98051609157984, -10.244478859869105]]}}, {"type": "Feature", "properties": {"layer": "vista", "dxf_type": "LINE"}, "geometry": {"type": "LineString", "coordinates": [[-54.98051609157984, -10.244478859869105], [-54.980236643577726, -10.244711481767956]]}}, {"type": "Feature", "properties": {"layer": "vista", "dxf_type": "LINE"}, "geometry": {"type": "LineString", "coordinates": [[-54.98070746859282, -10.24414244285931], [-54.980428020128585, -10.244375065004725]]}}, {"type": "Feature", "properties": {"layer": "vista", "dxf_type": "LINE"}, "geometry": {"type": "LineString", "coordinates": [[-54.980428020128585, -10.244375065004725], [-54.980148571275876, -10.24460768592476]]}}, {"type": "Feature", "properties": {"layer": "vista", "dxf_type": "LINE"}, "geometry": {"type": "LineString", "coordinates": [[-54.98061939714646, -10.244038647146782], [-54.980339948738475, -10.244271269222939]]}}, {"type": "Feature", "properties": {"layer": "vista", "dxf_type": "LINE"}, "geometry": {"type": "LineString", "coordinates": [[-54.980339948738475, -10.244271269222939], [-54.980060499936314, -10.244503890977592]]}}, {"type": "Feature", "properties": {"layer": "vista", "dxf_type": "LINE"}, "geometry": {"type": "LineString", "coordinates": [[-54.98053132484298, -10.243934851415059], [-54.9802518774038, -10.24416747342761]]}}, {"type": "Feature", "properties": {"layer": "vista", "dxf_type": "LINE"}, "geometry": {"type": "LineString", "coordinates": [[-54.9802518774038, -10.24416747342761], [-54.9799724286579, -10.244400095113017]]}}, {"type": "Feature", "properties": {"layer": "vista", "dxf_type": "LINE"}, "geometry": {"type": "LineString", "coordinates": [[-54.98057220861117, -10.245317692884663], [-54.98001330874096, -10.245782936158056]]}}, {"type": "Feature", "properties": {"layer": "vista", "dxf_type": "LINE"}, "geometry": {"type": "LineString", "coordinates": [[-54.98046042858076, -10.245410741641104], [-54.98069528712303, -10.245687530140241]]}}, {"type": "Feature", "properties": {"layer": "vista", "dxf_type": "LINE"}, "geometry": {"type": "LineString", "coordinates": [[-54.980348648487286, -10.245503790346092], [-54.980583506969545, -10.245780578919117]]}}, {"type": "Feature", "properties": {"layer": "vista", "dxf_type": "LINE"}, "geometry": {"type": "LineString", "coordinates": [[-54.9802368692433, -10.245596839005303], [-54.980471726752974, -10.245873627646548]]}}, {"type": "Feature", "properties": {"layer": "vista", "dxf_type": "LINE"}, "geometry": {"type": "LineString", "coordinates": [[-54.980125089023666, -10.245689887607403], [-54.98035994738591, -10.245966676328205]]}}, {"type": "Feature", "properties": {"layer": "vista", "dxf_type": "LINE"}, "geometry": {"type": "LineString", "coordinates": [[-54.98057220861117, -10.245317692884663], [-54.980292758873176, -10.245550314682127]]}}, {"type": "Feature", "properties": {"layer": "vista", "dxf_type": "LINE"}, "geometry": {"type": "LineString", "coordinates": [[-54.980292758873176, -10.245550314682127], [-54.98001330874096, -10.245782936158056]]}}, {"type": "Feature", "properties": {"layer": "vista", "dxf_type": "LINE"}, "geometry": {"type": "LineString", "coordinates": [[-54.98048413605325, -10.245213897083152], [-54.98020468728408, -10.245446518817015]]}}, {"type": "Feature", "properties": {"layer": "vista", "dxf_type": "LINE"}, "geometry": {"type": "LineString", "coordinates": [[-54.98020468728408, -10.245446518817015], [-54.97992523720812, -10.245679140223674]]}}, {"type": "Feature", "properties": {"layer": "vista", "dxf_type": "LINE"}, "geometry": {"type": "LineString", "coordinates": [[-54.9803960644576, -10.245110102177655], [-54.98011661575042, -10.245342722938357]]}}, {"type": "Feature", "properties": {"layer": "vista", "dxf_type": "LINE"}, "geometry": {"type": "LineString", "coordinates": [[-54.98011661575042, -10.245342722938357], [-54.97983716573072, -10.245575344275762]]}}, {"type": "Feature", "properties": {"layer": "vista", "dxf_type": "LINE"}, "geometry": {"type": "LineString", "coordinates": [[-54.980307992923116, -10.24500630635475], [-54.9800285433539, -10.24523892794439]]}}, {"type": "Feature", "properties": {"layer": "vista", "dxf_type": "LINE"}, "geometry": {"type": "LineString", "coordinates": [[-54.9800285433539, -10.24523892794439], [-54.97974909430304, -10.245471549218196]]}}, {"type": "Feature", "properties": {"layer": "vista", "dxf_type": "LINE"}, "geometry": {"type": "LineString", "coordinates": [[-54.98021992144407, -10.244902510518315], [-54.97994047193111, -10.24513513203869]]}}, {"type": "Feature", "properties": {"layer": "vista", "dxf_type": "LINE"}, "geometry": {"type": "LineString", "coordinates": [[-54.97994047193111, -10.24513513203869], [-54.97966102202395, -10.245367753237543]]}}, {"type": "Feature", "properties": {"layer": "vista", "dxf_type": "LINE"}, "geometry": {"type": "LineString", "coordinates": [[-54.980131850020456, -10.244798714668333], [-54.97985240056376, -10.245031336119462]]}}, {"type": "Feature", "properties": {"layer": "vista", "dxf_type": "LINE"}, "geometry": {"type": "LineString", "coordinates": [[-54.97985240056376, -10.245031336119462], [-54.979572950712864, -10.245263957249048]]}}, {"type": "Feature", "properties": {"layer": "vista", "dxf_type": "LINE"}, "geometry": {"type": "LineString", "coordinates": [[-54.98004377864655, -10.244694919708715], [-54.97976432925184, -10.244927540186703]]}}, {"type": "Feature", "properties": {"layer": "vista", "dxf_type": "LINE"}, "geometry": {"type": "LineString", "coordinates": [[-54.97976432925184, -10.244927540186703], [-54.97948487945722, -10.245160161247025]]}}, {"type": "Feature", "properties": {"layer": "vista", "dxf_type": "LINE"}, "geometry": {"type": "LineString", "coordinates": [[-54.97995570642124, -10.244591123826025], [-54.97967625798964, -10.244823745144277]]}}, {"type": "Feature", "properties": {"layer": "vista", "dxf_type": "LINE"}, "geometry": {"type": "LineString", "coordinates": [[-54.97967625798964, -10.244823745144277], [-54.979396808257, -10.245056365231477]]}}, {"type": "Feature", "properties": {"layer": "vista", "dxf_type": "LINE"}, "geometry": {"type": "LineString", "coordinates": [[-54.97986763516392, -10.244487327935477], [-54.97958818587602, -10.244719949178801]]}}, {"type": "Feature", "properties": {"layer": "vista", "dxf_type": "LINE"}, "geometry": {"type": "LineString", "coordinates": [[-54.97958818587602, -10.244719949178801], [-54.97930873710649, -10.244952570106284]]}}, {"type": "Feature", "properties": {"layer": "vista", "dxf_type": "LINE"}, "geometry": {"type": "LineString", "coordinates": [[-54.98294788350881, -10.243340136582747], [-54.98224330623674, -10.242509776344013]]}}, {"type": "Feature", "properties": {"layer": "vista", "dxf_type": "LINE"}, "geometry": {"type": "LineString", "coordinates": [[-54.982284197583716, -10.243892619090316], [-54.98149155074594, -10.24295846206156]]}}, {"type": "Feature", "properties": {"layer": "vista", "dxf_type": "LINE"}, "geometry": {"type": "LineString", "coordinates": [[-54.981620140017824, -10.244445358723], [-54.98091556579566, -10.243614995857362]]}}, {"type": "Feature", "properties": {"layer": "vista", "dxf_type": "LINE"}, "geometry": {"type": "LineString", "coordinates": [[-54.980956450557294, -10.244997837609233], [-54.9802518774038, -10.24416747342761]]}}, {"type": "Feature", "properties": {"layer": "vista", "dxf_type": "LINE"}, "geometry": {"type": "LineString", "coordinates": [[-54.980292758873176, -10.245550314682127], [-54.97958818587602, -10.244719949178801]]}}, {"type": "Feature", "properties": {"layer": "vista", "dxf_type": "LINE"}, "geometry": {"type": "LineString", "coordinates": [[-54.98177099625621, -10.242725838591019], [-54.98149155074594, -10.24295846206156]]}}, {"type": "Feature", "properties": {"layer": "vista", "dxf_type": "LINE"}, "geometry": {"type": "LineString", "coordinates": [[-54.98149155074594, -10.24295846206156], [-54.98121210392899, -10.243191085205025]]}}, {"type": "Feature", "properties": {"layer": "vista", "dxf_type": "LINE"}, "geometry": {"type": "LineString", "coordinates": [[-54.98346218861593, -10.2433842983959], [-54.98290329685482, -10.243849547248653]]}}, {"type": "Feature", "properties": {"layer": "vista", "dxf_type": "LINE"}, "geometry": {"type": "LineString", "coordinates": [[-54.98279850418354, -10.243936782111053], [-54.982239610550074, -10.244402029437246]]}}, {"type": "Feature", "properties": {"layer": "vista", "dxf_type": "LINE"}, "geometry": {"type": "LineString", "coordinates": [[-54.982134447197986, -10.244489522946417], [-54.98157555077285, -10.244954769643284]]}}, {"type": "Feature", "properties": {"layer": "vista", "dxf_type": "LINE"}, "geometry": {"type": "LineString", "coordinates": [[-54.98147075831752, -10.24504200303479], [-54.98091186001987, -10.245507248204735]]}}, {"type": "Feature", "properties": {"layer": "vista", "dxf_type": "LINE"}, "geometry": {"type": "LineString", "coordinates": [[-54.98080706630086, -10.24559448130426], [-54.98024816704318, -10.246059724952753]]}}, {"type": "Feature", "properties": {"layer": "vista", "dxf_type": "LINE"}, "geometry": {"type": "LineString", "coordinates": [[-54.98007388087388, -10.246204852816382], [-54.979514979547325, -10.246670094777654]]}}, {"type": "Feature", "properties": {"layer": "vista", "dxf_type": "LINE"}, "geometry": {"type": "LineString", "coordinates": [[-54.97941018508927, -10.246757327274453], [-54.97885128097735, -10.247222567702554]]}}, {"type": "Feature", "properties": {"layer": "vista", "dxf_type": "LINE"}, "geometry": {"type": "LineString", "coordinates": [[-54.97874648708072, -10.2473097999186], [-54.97818758109593, -10.247775038819011]]}}, {"type": "Feature", "properties": {"layer": "vista", "dxf_type": "LINE"}, "geometry": {"type": "LineString", "coordinates": [[-54.98119501321127, -10.24338237308702], [-54.98091556579566, -10.243614995857362]]}}, {"type": "Feature", "properties": {"layer": "vista", "dxf_type": "LINE"}, "geometry": {"type": "LineString", "coordinates": [[-54.97818758109593, -10.247775038819011], [-54.97724815558616, -10.246667878524088]]}}, {"type": "Feature", "properties": {"layer": "vista", "dxf_type": "LINE"}, "geometry": {"type": "LineString", "coordinates": [[-54.977160084911894, -10.246564081970746], [-54.9768958723034, -10.246252693127802]]}}, {"type": "Feature", "properties": {"layer": "vista", "dxf_type": "LINE"}, "geometry": {"type": "LineString", "coordinates": [[-54.97885128097735, -10.247222567702554], [-54.97791185404136, -10.246115409162583]]}}, {"type": "Feature", "properties": {"layer": "vista", "dxf_type": "LINE"}, "geometry": {"type": "LineString", "coordinates": [[-54.97941018508927, -10.246757327274453], [-54.97847075603991, -10.245650170206616]]}}, {"type": "Feature", "properties": {"layer": "vista", "dxf_type": "LINE"}, "geometry": {"type": "LineString", "coordinates": [[-54.979514979547325, -10.246670094777654], [-54.97857555027283, -10.245562937986902]]}}, {"type": "Feature", "properties": {"layer": "vista", "dxf_type": "LINE"}, "geometry": {"type": "LineString", "coordinates": [[-54.98007388087388, -10.246204852816382], [-54.97913445130569, -10.245097698412952]]}}, {"type": "Feature", "properties": {"layer": "vista", "dxf_type": "LINE"}, "geometry": {"type": "LineString", "coordinates": [[-54.97818758109593, -10.247775038819011], [-54.97874648708072, -10.2473097999186]]}}, {"type": "Feature", "properties": {"layer": "vista", "dxf_type": "LINE"}, "geometry": {"type": "LineString", "coordinates": [[-54.97795272390035, -10.247498248662128], [-54.97851162958491, -10.247033010131203]]}}, {"type": "Feature", "properties": {"layer": "vista", "dxf_type": "LINE"}, "geometry": {"type": "LineString", "coordinates": [[-54.97795272390035, -10.247498248662128], [-54.97818758109593, -10.247775038819011]]}}, {"type": "Feature", "properties": {"layer": "vista", "dxf_type": "LINE"}, "geometry": {"type": "LineString", "coordinates": [[-54.978064505345955, -10.247405201060007], [-54.97829936260158, -10.247681991142993]]}}, {"type": "Feature", "properties": {"layer": "vista", "dxf_type": "LINE"}, "geometry": {"type": "LineString", "coordinates": [[-54.97817628672846, -10.247312153406405], [-54.97841114404414, -10.247588943415513]]}}, {"type": "Feature", "properties": {"layer": "vista", "dxf_type": "LINE"}, "geometry": {"type": "LineString", "coordinates": [[-54.97828806713532, -10.247219105695683], [-54.97852292451104, -10.247495895630877]]}}, {"type": "Feature", "properties": {"layer": "vista", "dxf_type": "LINE"}, "geometry": {"type": "LineString", "coordinates": [[-54.97839984839165, -10.247126057939175], [-54.978634705827425, -10.247402847800469]]}}, {"type": "Feature", "properties": {"layer": "vista", "dxf_type": "LINE"}, "geometry": {"type": "LineString", "coordinates": [[-54.97823217693978, -10.247265629557479], [-54.97752760817515, -10.246435259973646]]}}, {"type": "Feature", "properties": {"layer": "vista", "dxf_type": "LINE"}, "geometry": {"type": "LineString", "coordinates": [[-54.977439536532, -10.246331463483877], [-54.97717532466716, -10.246020074854428]]}}, {"type": "Feature", "properties": {"layer": "vista", "dxf_type": "LINE"}, "geometry": {"type": "LineString", "coordinates": [[-54.97795272390035, -10.247498248662128], [-54.97823217693978, -10.247265629557479]]}}, {"type": "Feature", "properties": {"layer": "vista", "dxf_type": "LINE"}, "geometry": {"type": "LineString", "coordinates": [[-54.97823217693978, -10.247265629557479], [-54.97851162958491, -10.247033010131203]]}}, {"type": "Feature", "properties": {"layer": "vista", "dxf_type": "LINE"}, "geometry": {"type": "LineString", "coordinates": [[-54.97786465278253, -10.247394452216922], [-54.97814410576565, -10.247161833181565]]}}, {"type": "Feature", "properties": {"layer": "vista", "dxf_type": "LINE"}, "geometry": {"type": "LineString", "coordinates": [[-54.97814410576565, -10.247161833181565], [-54.97842355834875, -10.246929214728446]]}}, {"type": "Feature", "properties": {"layer": "vista", "dxf_type": "LINE"}, "geometry": {"type": "LineString", "coordinates": [[-54.977776581714416, -10.24729065666209], [-54.978056034641234, -10.247058037696007]]}}, {"type": "Feature", "properties": {"layer": "vista", "dxf_type": "LINE"}, "geometry": {"type": "LineString", "coordinates": [[-54.978056034641234, -10.247058037696007], [-54.9783354862612, -10.246825418402592]]}}, {"type": "Feature", "properties": {"layer": "vista", "dxf_type": "LINE"}, "geometry": {"type": "LineString", "coordinates": [[-54.97768851070748, -10.24718686018986], [-54.977967962665424, -10.246954241287378]]}}, {"type": "Feature", "properties": {"layer": "vista", "dxf_type": "LINE"}, "geometry": {"type": "LineString", "coordinates": [[-54.977967962665424, -10.246954241287378], [-54.97824741514167, -10.246721622068911]]}}, {"type": "Feature", "properties": {"layer": "vista", "dxf_type": "LINE"}, "geometry": {"type": "LineString", "coordinates": [[-54.977600439755996, -10.247083063704107], [-54.977879891657636, -10.246850444870882]]}}, {"type": "Feature", "properties": {"layer": "vista", "dxf_type": "LINE"}, "geometry": {"type": "LineString", "coordinates": [[-54.977879891657636, -10.246850444870882], [-54.978159344077575, -10.246617825721707]]}}, {"type": "Feature", "properties": {"layer": "vista", "dxf_type": "LINE"}, "geometry": {"type": "LineString", "coordinates": [[-54.97751236794738, -10.246979267199158], [-54.97779182070528, -10.246746648440883]]}}, {"type": "Feature", "properties": {"layer": "vista", "dxf_type": "LINE"}, "geometry": {"type": "LineString", "coordinates": [[-54.97779182070528, -10.246746648440883], [-54.9780712730632, -10.246514030264855]]}}, {"type": "Feature", "properties": {"layer": "vista", "dxf_type": "LINE"}, "geometry": {"type": "LineString", "coordinates": [[-54.97742429710677, -10.246875470686348], [-54.97770374980264, -10.246642852901243]]}}, {"type": "Feature", "properties": {"layer": "vista", "dxf_type": "LINE"}, "geometry": {"type": "LineString", "coordinates": [[-54.97770374980264, -10.246642852901243], [-54.97798320210999, -10.246410233890613]]}}, {"type": "Feature", "properties": {"layer": "vista", "dxf_type": "LINE"}, "geometry": {"type": "LineString", "coordinates": [[-54.977336226315884, -10.246771675063915], [-54.97761567896118, -10.246539056444204]]}}, {"type": "Feature", "properties": {"layer": "vista", "dxf_type": "LINE"}, "geometry": {"type": "LineString", "coordinates": [[-54.97761567896118, -10.246539056444204], [-54.97789513029966, -10.24630643749715]]}}, {"type": "Feature", "properties": {"layer": "vista", "dxf_type": "LINE"}, "geometry": {"type": "LineString", "coordinates": [[-54.97724815558616, -10.246667878524088], [-54.97752760817515, -10.246435259973646]]}}, {"type": "Feature", "properties": {"layer": "vista", "dxf_type": "LINE"}, "geometry": {"type": "LineString", "coordinates": [[-54.97752760817515, -10.246435259973646], [-54.97780705945733, -10.246202641095861]]}}, {"type": "Feature", "properties": {"layer": "vista", "dxf_type": "LINE"}, "geometry": {"type": "LineString", "coordinates": [[-54.977160084911894, -10.246564081970746], [-54.977439536532, -10.246331463483877]]}}, {"type": "Feature", "properties": {"layer": "vista", "dxf_type": "LINE"}, "geometry": {"type": "LineString", "coordinates": [[-54.977439536532, -10.246331463483877], [-54.97771898867044, -10.246098844681056]]}}, {"type": "Feature", "properties": {"layer": "vista", "dxf_type": "LINE"}, "geometry": {"type": "LineString", "coordinates": [[-54.977072013380486, -10.24646028539821], [-54.97735146585112, -10.24622766789016]]}}, {"type": "Feature", "properties": {"layer": "vista", "dxf_type": "LINE"}, "geometry": {"type": "LineString", "coordinates": [[-54.97698394281136, -10.24635648972169], [-54.977263395231425, -10.246123871379053]]}}, {"type": "Feature", "properties": {"layer": "vista", "dxf_type": "LINE"}, "geometry": {"type": "LineString", "coordinates": [[-54.9768958723034, -10.246252693127802], [-54.97717532466716, -10.246020074854428]]}}, {"type": "Feature", "properties": {"layer": "vista", "dxf_type": "LINE"}, "geometry": {"type": "LineString", "coordinates": [[-54.97861642433782, -10.246945777990106], [-54.97917532723126, -10.246480538829681]]}}, {"type": "Feature", "properties": {"layer": "vista", "dxf_type": "LINE"}, "geometry": {"type": "LineString", "coordinates": [[-54.97872820449627, -10.246852730076762], [-54.97896306210842, -10.247129519720986]]}}, {"type": "Feature", "properties": {"layer": "vista", "dxf_type": "LINE"}, "geometry": {"type": "LineString", "coordinates": [[-54.97883998550422, -10.24675968211761], [-54.979074843176406, -10.24703647168796]]}}, {"type": "Feature", "properties": {"layer": "vista", "dxf_type": "LINE"}, "geometry": {"type": "LineString", "coordinates": [[-54.978951766449086, -10.246666634107022], [-54.97918662326873, -10.2469434235978]]}}, {"type": "Feature", "properties": {"layer": "vista", "dxf_type": "LINE"}, "geometry": {"type": "LineString", "coordinates": [[-54.97906354641829, -10.246573586039304], [-54.979298404210546, -10.246850375461847]]}}, {"type": "Feature", "properties": {"layer": "vista", "dxf_type": "LINE"}, "geometry": {"type": "LineString", "coordinates": [[-54.97861642433782, -10.246945777990106], [-54.97889587552825, -10.246713158115911]]}}, {"type": "Feature", "properties": {"layer": "vista", "dxf_type": "LINE"}, "geometry": {"type": "LineString", "coordinates": [[-54.97889587552825, -10.246713158115911], [-54.97917532723126, -10.246480538829681]]}}, {"type": "Feature", "properties": {"layer": "vista", "dxf_type": "LINE"}, "geometry": {"type": "LineString", "coordinates": [[-54.97852835217371, -10.246841981703774], [-54.9788078042147, -10.246609362808405]]}}, {"type": "Feature", "properties": {"layer": "vista", "dxf_type": "LINE"}, "geometry": {"type": "LineString", "coordinates": [[-54.9788078042147, -10.246609362808405], [-54.97908725586716, -10.246376742687577]]}}, {"type": "Feature", "properties": {"layer": "vista", "dxf_type": "LINE"}, "geometry": {"type": "LineString", "coordinates": [[-54.978440280971896, -10.246738186313452], [-54.978719732962325, -10.246505566583497]]}}, {"type": "Feature", "properties": {"layer": "vista", "dxf_type": "LINE"}, "geometry": {"type": "LineString", "coordinates": [[-54.978719732962325, -10.246505566583497], [-54.978999184558496, -10.24627294653194]]}}, {"type": "Feature", "properties": {"layer": "vista", "dxf_type": "LINE"}, "geometry": {"type": "LineString", "coordinates": [[-54.97835220983126, -10.24663439000575], [-54.9786316617654, -10.24640177034507]]}}, {"type": "Feature", "properties": {"layer": "vista", "dxf_type": "LINE"}, "geometry": {"type": "LineString", "coordinates": [[-54.9786316617654, -10.24640177034507], [-54.97891111239271, -10.24616915035709]]}}, {"type": "Feature", "properties": {"layer": "vista", "dxf_type": "LINE"}, "geometry": {"type": "LineString", "coordinates": [[-54.97826413874605, -10.24653059368452], [-54.9785435906239, -10.246297974093112]]}}, {"type": "Feature", "properties": {"layer": "vista", "dxf_type": "LINE"}, "geometry": {"type": "LineString", "coordinates": [[-54.9785435906239, -10.246297974093112], [-54.97882304119493, -10.246065354174405]]}}, {"type": "Feature", "properties": {"layer": "vista", "dxf_type": "LINE"}, "geometry": {"type": "LineString", "coordinates": [[-54.9781760677163, -10.246426797349773], [-54.97845551861955, -10.246194178725817]]}}, {"type": "Feature", "properties": {"layer": "vista", "dxf_type": "LINE"}, "geometry": {"type": "LineString", "coordinates": [[-54.97845551861955, -10.246194178725817], [-54.978734970046865, -10.245961558882072]]}}, {"type": "Feature", "properties": {"layer": "vista", "dxf_type": "LINE"}, "geometry": {"type": "LineString", "coordinates": [[-54.97808799582368, -10.2463230018997], [-54.97836744758894, -10.246090382446818]]}}, {"type": "Feature", "properties": {"layer": "vista", "dxf_type": "LINE"}, "geometry": {"type": "LineString", "coordinates": [[-54.97836744758894, -10.246090382446818], [-54.978646898959965, -10.24585776267234]]}}, {"type": "Feature", "properties": {"layer": "vista", "dxf_type": "LINE"}, "geometry": {"type": "LineString", "coordinates": [[-54.97799992490479, -10.246219205537894], [-54.97827937661376, -10.245986586154293]]}}, {"type": "Feature", "properties": {"layer": "vista", "dxf_type": "LINE"}, "geometry": {"type": "LineString", "coordinates": [[-54.97827937661376, -10.245986586154293], [-54.9785588279285, -10.245753966449085]]}}, {"type": "Feature", "properties": {"layer": "vista", "dxf_type": "LINE"}, "geometry": {"type": "LineString", "coordinates": [[-54.97791185404136, -10.246115409162583], [-54.97819130569403, -10.24588278984825]]}}, {"type": "Feature", "properties": {"layer": "vista", "dxf_type": "LINE"}, "geometry": {"type": "LineString", "coordinates": [[-54.97819130569403, -10.24588278984825], [-54.97847075603991, -10.245650170206616]]}}, {"type": "Feature", "properties": {"layer": "vista", "dxf_type": "LINE"}, "geometry": {"type": "LineString", "coordinates": [[-54.97928012163876, -10.246393305498282], [-54.97983902265948, -10.245928064810348]]}}, {"type": "Feature", "properties": {"layer": "vista", "dxf_type": "LINE"}, "geometry": {"type": "LineString", "coordinates": [[-54.979391901422666, -10.246300257279422], [-54.97962675939125, -10.246577046484902]]}}, {"type": "Feature", "properties": {"layer": "vista", "dxf_type": "LINE"}, "geometry": {"type": "LineString", "coordinates": [[-54.979503682050336, -10.246207209918659], [-54.979738540084675, -10.246483998146369]]}}, {"type": "Feature", "properties": {"layer": "vista", "dxf_type": "LINE"}, "geometry": {"type": "LineString", "coordinates": [[-54.97961546262066, -10.246114161602566], [-54.979850320715016, -10.246390949756384]]}}, {"type": "Feature", "properties": {"layer": "vista", "dxf_type": "LINE"}, "geometry": {"type": "LineString", "coordinates": [[-54.979727242215326, -10.246021113229336], [-54.979962100369704, -10.24629790130928]]}}, {"type": "Feature", "properties": {"layer": "vista", "dxf_type": "LINE"}, "geometry": {"type": "LineString", "coordinates": [[-54.97928012163876, -10.246393305498282], [-54.979559571887094, -10.246160685764204]]}}, {"type": "Feature", "properties": {"layer": "vista", "dxf_type": "LINE"}, "geometry": {"type": "LineString", "coordinates": [[-54.979559571887094, -10.246160685764204], [-54.97983902265948, -10.245928064810348]]}}, {"type": "Feature", "properties": {"layer": "vista", "dxf_type": "LINE"}, "geometry": {"type": "LineString", "coordinates": [[-54.979192050247825, -10.24628951028603], [-54.97947150044561, -10.246056889717332]]}}, {"type": "Feature", "properties": {"layer": "vista", "dxf_type": "LINE"}, "geometry": {"type": "LineString", "coordinates": [[-54.97947150044561, -10.246056889717332], [-54.979750951161726, -10.24582426883276]]}}, {"type": "Feature", "properties": {"layer": "vista", "dxf_type": "LINE"}, "geometry": {"type": "LineString", "coordinates": [[-54.97910397800549, -10.246185714150702], [-54.97938342905957, -10.245953093656944]]}}, {"type": "Feature", "properties": {"layer": "vista", "dxf_type": "LINE"}, "geometry": {"type": "LineString", "coordinates": [[-54.97938342905957, -10.245953093656944], [-54.97966287971941, -10.245720472841647]]}}, {"type": "Feature", "properties": {"layer": "vista", "dxf_type": "LINE"}, "geometry": {"type": "LineString", "coordinates": [[-54.97901590673117, -10.2460819180075], [-54.97929535772897, -10.245849297583035]]}}, {"type": "Feature", "properties": {"layer": "vista", "dxf_type": "LINE"}, "geometry": {"type": "LineString", "coordinates": [[-54.97929535772897, -10.245849297583035], [-54.979574808332536, -10.245616676837003]]}}, {"type": "Feature", "properties": {"layer": "vista", "dxf_type": "LINE"}, "geometry": {"type": "LineString", "coordinates": [[-54.97892783551228, -10.245978121850792], [-54.97920728645381, -10.245745501495593]]}}, {"type": "Feature", "properties": {"layer": "vista", "dxf_type": "LINE"}, "geometry": {"type": "LineString", "coordinates": [[-54.97920728645381, -10.245745501495593], [-54.979486736082805, -10.24551288171702]]}}, {"type": "Feature", "properties": {"layer": "vista", "dxf_type": "LINE"}, "geometry": {"type": "LineString", "coordinates": [[-54.97883976434311, -10.245874326584435], [-54.97911921522835, -10.245641706298507]]}}, {"type": "Feature", "properties": {"layer": "vista", "dxf_type": "LINE"}, "geometry": {"type": "LineString", "coordinates": [[-54.97911921522835, -10.245641706298507], [-54.97939866480681, -10.245409085685322]]}}, {"type": "Feature", "properties": {"layer": "vista", "dxf_type": "LINE"}, "geometry": {"type": "LineString", "coordinates": [[-54.9787516932351, -10.245770530400677], [-54.979031143151495, -10.24553791017833]]}}, {"type": "Feature", "properties": {"layer": "vista", "dxf_type": "LINE"}, "geometry": {"type": "LineString", "coordinates": [[-54.979031143151495, -10.24553791017833], [-54.97931059358624, -10.245305289640099]]}}, {"type": "Feature", "properties": {"layer": "vista", "dxf_type": "LINE"}, "geometry": {"type": "LineString", "coordinates": [[-54.97866362126996, -10.245666734197725], [-54.97894307204265, -10.245434114050312]]}}, {"type": "Feature", "properties": {"layer": "vista", "dxf_type": "LINE"}, "geometry": {"type": "LineString", "coordinates": [[-54.97894307204265, -10.245434114050312], [-54.97922252242111, -10.245201493581352]]}}, {"type": "Feature", "properties": {"layer": "vista", "dxf_type": "LINE"}, "geometry": {"type": "LineString", "coordinates": [[-54.97857555027283, -10.245562937986902], [-54.97885500098923, -10.245330317908776]]}}, {"type": "Feature", "properties": {"layer": "vista", "dxf_type": "LINE"}, "geometry": {"type": "LineString", "coordinates": [[-54.97885500098923, -10.245330317908776], [-54.97913445130569, -10.245097698412952]]}}, {"type": "Feature", "properties": {"layer": "vista", "dxf_type": "LINE"}, "geometry": {"type": "LineString", "coordinates": [[-54.97889587552825, -10.246713158115911], [-54.97819130569403, -10.24588278984825]]}}, {"type": "Feature", "properties": {"layer": "vista", "dxf_type": "LINE"}, "geometry": {"type": "LineString", "coordinates": [[-54.979559571887094, -10.246160685764204], [-54.97885500098923, -10.245330317908776]]}}, {"type": "Feature", "properties": {"layer": "vista", "dxf_type": "LINE"}, "geometry": {"type": "LineString", "coordinates": [[-54.978487479331136, -10.24545914176258], [-54.97876692998552, -10.24522652265759]]}}, {"type": "Feature", "properties": {"layer": "vista", "dxf_type": "LINE"}, "geometry": {"type": "LineString", "coordinates": [[-54.97876692998552, -10.24522652265759], [-54.97904638025143, -10.244993902327142]]}}, {"type": "Feature", "properties": {"layer": "vista", "dxf_type": "LINE"}, "geometry": {"type": "LineString", "coordinates": [[-54.977439536532, -10.246331463483877], [-54.97904638025143, -10.244993902327142]]}}, {"type": "Feature", "properties": {"layer": "vista", "dxf_type": "LINE"}, "geometry": {"type": "LineString", "coordinates": [[-54.97885128097735, -10.247222567702554], [-54.97941018508927, -10.246757327274453]]}}, {"type": "Feature", "properties": {"layer": "vista", "dxf_type": "LINE"}, "geometry": {"type": "LineString", "coordinates": [[-54.979514979547325, -10.246670094777654], [-54.98007388087388, -10.246204852816382]]}}, {"type": "Feature", "properties": {"layer": "vista", "dxf_type": "LINE"}, "geometry": {"type": "LineString", "coordinates": [[-54.97834181197633, -10.244163534950395], [-54.97904638025143, -10.244993902327142]]}}, {"type": "Feature", "properties": {"layer": "vista", "dxf_type": "LINE"}, "geometry": {"type": "LineString", "coordinates": [[-54.98265800125379, -10.241101899382903], [-54.98283414450025, -10.24130948876402]]}}, {"type": "Feature", "properties": {"layer": "vista", "dxf_type": "LINE"}, "geometry": {"type": "LineString", "coordinates": [[-54.97671973145381, -10.246045099899483], [-54.9768958723034, -10.246252693127802]]}}, {"type": "Feature", "properties": {"layer": "vista", "dxf_type": "LINE"}, "geometry": {"type": "LineString", "coordinates": [[-54.984594100373926, -10.243032403640413], [-54.981540940315575, -10.239434181811934]]}}, {"type": "Feature", "properties": {"layer": "vista", "dxf_type": "LINE"}, "geometry": {"type": "LineString", "coordinates": [[-54.984755020099236, -10.243784003359751], [-54.984167866939316, -10.243092038631477]]}}, {"type": "Feature", "properties": {"layer": "vista", "dxf_type": "LINE"}, "geometry": {"type": "LineString", "coordinates": [[-54.984167866939316, -10.243092038631477], [-54.983958283571866, -10.243266508463481]]}}, {"type": "Feature", "properties": {"layer": "vista", "dxf_type": "LINE"}, "geometry": {"type": "LineString", "coordinates": [[-54.98381856029878, -10.24338282037358], [-54.983608976561804, -10.243557289904345]]}}, {"type": "Feature", "properties": {"layer": "vista", "dxf_type": "LINE"}, "geometry": {"type": "LineString", "coordinates": [[-54.984545435543986, -10.24395847262855], [-54.983958283571866, -10.243266508463481]]}}, {"type": "Feature", "properties": {"layer": "vista", "dxf_type": "LINE"}, "geometry": {"type": "LineString", "coordinates": [[-54.98440571299044, -10.244074785679073], [-54.98381856029878, -10.24338282037358]]}}, {"type": "Feature", "properties": {"layer": "vista", "dxf_type": "LINE"}, "geometry": {"type": "LineString", "coordinates": [[-54.984196128059914, -10.244249255550514], [-54.983608976561804, -10.243557289904345]]}}, {"type": "Feature", "properties": {"layer": "vista", "dxf_type": "LINE"}, "geometry": {"type": "LineString", "coordinates": [[-54.98422658260188, -10.243161234953458], [-54.98401699829376, -10.243335704814436]]}}, {"type": "Feature", "properties": {"layer": "vista", "dxf_type": "LINE"}, "geometry": {"type": "LineString", "coordinates": [[-54.983877275908796, -10.243452017657162], [-54.98366769123687, -10.243626486313023]]}}, {"type": "Feature", "properties": {"layer": "vista", "dxf_type": "LINE"}, "geometry": {"type": "LineString", "coordinates": [[-54.98428529737079, -10.243230432167643], [-54.984075713952855, -10.243404901165029]]}}, {"type": "Feature", "properties": {"layer": "vista", "dxf_type": "LINE"}, "geometry": {"type": "LineString", "coordinates": [[-54.983935990636596, -10.243521214025165], [-54.98372640684914, -10.243695682721317]]}}, {"type": "Feature", "properties": {"layer": "vista", "dxf_type": "LINE"}, "geometry": {"type": "LineString", "coordinates": [[-54.98434401308262, -10.243299628477564], [-54.984134428724026, -10.243474097503928]]}}, {"type": "Feature", "properties": {"layer": "vista", "dxf_type": "LINE"}, "geometry": {"type": "LineString", "coordinates": [[-54.983994706301594, -10.243590410392825], [-54.98378512157347, -10.243764879117949]]}}, {"type": "Feature", "properties": {"layer": "vista", "dxf_type": "LINE"}, "geometry": {"type": "LineString", "coordinates": [[-54.98440272790651, -10.243368824775825], [-54.984193144432396, -10.243543293842476]]}}, {"type": "Feature", "properties": {"layer": "vista", "dxf_type": "LINE"}, "geometry": {"type": "LineString", "coordinates": [[-54.98405342107866, -10.243659606748809], [-54.983843837229294, -10.243834076418102]]}}, {"type": "Feature", "properties": {"layer": "vista", "dxf_type": "LINE"}, "geometry": {"type": "LineString", "coordinates": [[-54.98446144275505, -10.243438021068064], [-54.98425185925283, -10.243612490169347]]}}, {"type": "Feature", "properties": {"layer": "vista", "dxf_type": "LINE"}, "geometry": {"type": "LineString", "coordinates": [[-54.98411213679294, -10.243728803104425], [-54.9839025520029, -10.243903272802694]]}}, {"type": "Feature", "properties": {"layer": "vista", "dxf_type": "LINE"}, "geometry": {"type": "LineString", "coordinates": [[-54.98452015854078, -10.243507217359936], [-54.9843105740922, -10.243681687394076]]}}, {"type": "Feature", "properties": {"layer": "vista", "dxf_type": "LINE"}, "geometry": {"type": "LineString", "coordinates": [[-54.98417085161928, -10.243797999448363], [-54.98396126771371, -10.243972469186925]]}}, {"type": "Feature", "properties": {"layer": "vista", "dxf_type": "LINE"}, "geometry": {"type": "LineString", "coordinates": [[-54.984578873438586, -10.24357641364013], [-54.98436928987447, -10.24375088371456]]}}, {"type": "Feature", "properties": {"layer": "vista", "dxf_type": "LINE"}, "geometry": {"type": "LineString", "coordinates": [[-54.98422956737711, -10.243867196695803], [-54.984019982536594, -10.244041665559457]]}}, {"type": "Feature", "properties": {"layer": "vista", "dxf_type": "LINE"}, "geometry": {"type": "LineString", "coordinates": [[-54.984637589267884, -10.243645610823837], [-54.984428004768816, -10.243820080023363]]}}, {"type": "Feature", "properties": {"layer": "vista", "dxf_type": "LINE"}, "geometry": {"type": "LineString", "coordinates": [[-54.98428828225273, -10.243936393027695], [-54.984078697384106, -10.244110861925991]]}}, {"type": "Feature", "properties": {"layer": "vista", "dxf_type": "LINE"}, "geometry": {"type": "LineString", "coordinates": [[-54.984696304214964, -10.24371480709197], [-54.984486720600366, -10.24388927633179]]}}, {"type": "Feature", "properties": {"layer": "vista", "dxf_type": "LINE"}, "geometry": {"type": "LineString", "coordinates": [[-54.98434699715298, -10.244005589353568], [-54.98413741316883, -10.244180058292153]]}}, {"type": "Feature", "properties": {"layer": "vista", "dxf_type": "LINE"}, "geometry": {"type": "LineString", "coordinates": [[-54.984755020099236, -10.243784003359751], [-54.984545435543986, -10.24395847262855]]}}, {"type": "Feature", "properties": {"layer": "vista", "dxf_type": "LINE"}, "geometry": {"type": "LineString", "coordinates": [[-54.98440571299044, -10.244074785679073], [-54.984196128059914, -10.244249255550514]]}}, {"type": "Feature", "properties": {"layer": "vista", "dxf_type": "LINE"}, "geometry": {"type": "LineString", "coordinates": [[-54.98391668236723, -10.244481880265681], [-54.98332953032551, -10.243789915055943]]}}, {"type": "Feature", "properties": {"layer": "vista", "dxf_type": "LINE"}, "geometry": {"type": "LineString", "coordinates": [[-54.98332953032551, -10.243789915055943], [-54.9831199460769, -10.243964383261057]]}}, {"type": "Feature", "properties": {"layer": "vista", "dxf_type": "LINE"}, "geometry": {"type": "LineString", "coordinates": [[-54.982980222206834, -10.244080695593015], [-54.98277063758867, -10.244255163496845]]}}, {"type": "Feature", "properties": {"layer": "vista", "dxf_type": "LINE"}, "geometry": {"type": "LineString", "coordinates": [[-54.983707096919304, -10.244656349715363], [-54.9831199460769, -10.243964383261057]]}}, {"type": "Feature", "properties": {"layer": "vista", "dxf_type": "LINE"}, "geometry": {"type": "LineString", "coordinates": [[-54.98356737377445, -10.244772662283879], [-54.982980222206834, -10.244080695593015]]}}, {"type": "Feature", "properties": {"layer": "vista", "dxf_type": "LINE"}, "geometry": {"type": "LineString", "coordinates": [[-54.98335778796265, -10.244947130528399], [-54.98277063758867, -10.244255163496845]]}}, {"type": "Feature", "properties": {"layer": "vista", "dxf_type": "LINE"}, "geometry": {"type": "LineString", "coordinates": [[-54.98338824587567, -10.243859111516452], [-54.983178660686384, -10.244033579750543]]}}, {"type": "Feature", "properties": {"layer": "vista", "dxf_type": "LINE"}, "geometry": {"type": "LineString", "coordinates": [[-54.983038937710155, -10.244149892111249], [-54.98282935215131, -10.244324360044052]]}}, {"type": "Feature", "properties": {"layer": "vista", "dxf_type": "LINE"}, "geometry": {"type": "LineString", "coordinates": [[-54.983446960537904, -10.243928307965282], [-54.98323737532051, -10.244102776234007]]}}, {"type": "Feature", "properties": {"layer": "vista", "dxf_type": "LINE"}, "geometry": {"type": "LineString", "coordinates": [[-54.98309765232554, -10.244219088617804], [-54.98288806764545, -10.244393557494782]]}}, {"type": "Feature", "properties": {"layer": "vista", "dxf_type": "LINE"}, "geometry": {"type": "LineString", "coordinates": [[-54.98350567522477, -10.243997504408096], [-54.98329609088613, -10.244171973620993]]}}, {"type": "Feature", "properties": {"layer": "vista", "dxf_type": "LINE"}, "geometry": {"type": "LineString", "coordinates": [[-54.98315636787813, -10.24428828512398], [-54.98294678225737, -10.244462754029948]]}}, {"type": "Feature", "properties": {"layer": "vista", "dxf_type": "LINE"}, "geometry": {"type": "LineString", "coordinates": [[-54.98356439084884, -10.24406670085053], [-54.98335480556953, -10.244241170092417]]}}, {"type": "Feature", "properties": {"layer": "vista", "dxf_type": "LINE"}, "geometry": {"type": "LineString", "coordinates": [[-54.983215082537086, -10.244357482522371], [-54.983005496893924, -10.24453195055908]]}}, {"type": "Feature", "properties": {"layer": "vista", "dxf_type": "LINE"}, "geometry": {"type": "LineString", "coordinates": [[-54.98362310557926, -10.24413589818518], [-54.98341352119013, -10.244310366563463]]}}, {"type": "Feature", "properties": {"layer": "vista", "dxf_type": "LINE"}, "geometry": {"type": "LineString", "coordinates": [[-54.98327379722639, -10.244426679010868], [-54.98306421246769, -10.24460114708787]]}}, {"type": "Feature", "properties": {"layer": "vista", "dxf_type": "LINE"}, "geometry": {"type": "LineString", "coordinates": [[-54.98368182125261, -10.244205094615587], [-54.983472235922804, -10.244379563022848]]}}, {"type": "Feature", "properties": {"layer": "vista", "dxf_type": "LINE"}, "geometry": {"type": "LineString", "coordinates": [[-54.98333251285289, -10.244495875499004], [-54.98312292715352, -10.244670343604982]]}}, {"type": "Feature", "properties": {"layer": "vista", "dxf_type": "LINE"}, "geometry": {"type": "LineString", "coordinates": [[-54.98374053603802, -10.24427429103432], [-54.983530951592684, -10.244448759481875]]}}, {"type": "Feature", "properties": {"layer": "vista", "dxf_type": "LINE"}, "geometry": {"type": "LineString", "coordinates": [[-54.98339122759147, -10.244565071975456], [-54.983181642770845, -10.24473954102561]]}}, {"type": "Feature", "properties": {"layer": "vista", "dxf_type": "LINE"}, "geometry": {"type": "LineString", "coordinates": [[-54.983799251760644, -10.244343487452685], [-54.983589666374634, -10.244517955929217]]}}, {"type": "Feature", "properties": {"layer": "vista", "dxf_type": "LINE"}, "geometry": {"type": "LineString", "coordinates": [[-54.983449943267246, -10.244634268451533], [-54.98324035750595, -10.244808737530677]]}}, {"type": "Feature", "properties": {"layer": "vista", "dxf_type": "LINE"}, "geometry": {"type": "LineString", "coordinates": [[-54.98385796659533, -10.244412683859355], [-54.98364838208808, -10.244587153280076]]}}, {"type": "Feature", "properties": {"layer": "vista", "dxf_type": "LINE"}, "geometry": {"type": "LineString", "coordinates": [[-54.98350865804938, -10.244703465819827], [-54.983299073178266, -10.244877934035372]]}}, {"type": "Feature", "properties": {"layer": "vista", "dxf_type": "LINE"}, "geometry": {"type": "LineString", "coordinates": [[-54.98391668236723, -10.244481880265681], [-54.983707096919304, -10.244656349715363]]}}, {"type": "Feature", "properties": {"layer": "vista", "dxf_type": "LINE"}, "geometry": {"type": "LineString", "coordinates": [[-54.98356737377445, -10.244772662283879], [-54.98335778796265, -10.244947130528399]]}}, {"type": "Feature", "properties": {"layer": "vista", "dxf_type": "LINE"}, "geometry": {"type": "LineString", "coordinates": [[-54.98307834016903, -10.2451797551777], [-54.982491190169824, -10.244487787684324]]}}, {"type": "Feature", "properties": {"layer": "vista", "dxf_type": "LINE"}, "geometry": {"type": "LineString", "coordinates": [[-54.982491190169824, -10.244487787684324], [-54.98228160412171, -10.244662255160657]]}}, {"type": "Feature", "properties": {"layer": "vista", "dxf_type": "LINE"}, "geometry": {"type": "LineString", "coordinates": [[-54.98214188057292, -10.244778567016184], [-54.98193229414951, -10.244953035095065]]}}, {"type": "Feature", "properties": {"layer": "vista", "dxf_type": "LINE"}, "geometry": {"type": "LineString", "coordinates": [[-54.98286875475238, -10.24535422300606], [-54.98228160412171, -10.244662255160657]]}}, {"type": "Feature", "properties": {"layer": "vista", "dxf_type": "LINE"}, "geometry": {"type": "LineString", "coordinates": [[-54.98272903101618, -10.245470535092473], [-54.98214188057292, -10.244778567016184]]}}, {"type": "Feature", "properties": {"layer": "vista", "dxf_type": "LINE"}, "geometry": {"type": "LineString", "coordinates": [[-54.98251944431164, -10.24564500351772], [-54.98193229414951, -10.244953035095065]]}}, {"type": "Feature", "properties": {"layer": "vista", "dxf_type": "LINE"}, "geometry": {"type": "LineString", "coordinates": [[-54.982549904694984, -10.24455698427771], [-54.98234031952561, -10.244731452698222]]}}, {"type": "Feature", "properties": {"layer": "vista", "dxf_type": "LINE"}, "geometry": {"type": "LineString", "coordinates": [[-54.98220059504551, -10.244847764571169], [-54.98199100951228, -10.245022231786468]]}}, {"type": "Feature", "properties": {"layer": "vista", "dxf_type": "LINE"}, "geometry": {"type": "LineString", "coordinates": [[-54.98260862015736, -10.244626180870737], [-54.9823990340473, -10.244800649320224]]}}, {"type": "Feature", "properties": {"layer": "vista", "dxf_type": "LINE"}, "geometry": {"type": "LineString", "coordinates": [[-54.982259310461025, -10.244916961221923], [-54.98204972398711, -10.245091428466194]]}}, {"type": "Feature", "properties": {"layer": "vista", "dxf_type": "LINE"}, "geometry": {"type": "LineString", "coordinates": [[-54.98266733472608, -10.244695378355962], [-54.9824577495062, -10.244869845941865]]}}, {"type": "Feature", "properties": {"layer": "vista", "dxf_type": "LINE"}, "geometry": {"type": "LineString", "coordinates": [[-54.982318024988615, -10.244986157860996], [-54.982108439399155, -10.24516062514557]]}}, {"type": "Feature", "properties": {"layer": "vista", "dxf_type": "LINE"}, "geometry": {"type": "LineString", "coordinates": [[-54.98272605023772, -10.244764574936953], [-54.982516464077165, -10.244939042551831]]}}, {"type": "Feature", "properties": {"layer": "vista", "dxf_type": "LINE"}, "geometry": {"type": "LineString", "coordinates": [[-54.982376740453404, -10.245055354499694], [-54.982167153923264, -10.24522982181324]]}}, {"type": "Feature", "properties": {"layer": "vista", "dxf_type": "LINE"}, "geometry": {"type": "LineString", "coordinates": [[-54.98278476486144, -10.244833771506263], [-54.982575179585346, -10.245008239161438]]}}, {"type": "Feature", "properties": {"layer": "vista", "dxf_type": "LINE"}, "geometry": {"type": "LineString", "coordinates": [[-54.98243545503027, -10.24512455112673], [-54.982225869378865, -10.245299019384454]]}}, {"type": "Feature", "properties": {"layer": "vista", "dxf_type": "LINE"}, "geometry": {"type": "LineString", "coordinates": [[-54.98284348042237, -10.2449029680752], [-54.98263389419987, -10.245077436663227]]}}, {"type": "Feature", "properties": {"layer": "vista", "dxf_type": "LINE"}, "geometry": {"type": "LineString", "coordinates": [[-54.98249417054434, -10.245193747753412], [-54.98228458395226, -10.245368216040104]]}}, {"type": "Feature", "properties": {"layer": "vista", "dxf_type": "LINE"}, "geometry": {"type": "LineString", "coordinates": [[-54.982902195095356, -10.24497216463247], [-54.98269260975732, -10.245146633260793]]}}, {"type": "Feature", "properties": {"layer": "vista", "dxf_type": "LINE"}, "geometry": {"type": "LineString", "coordinates": [[-54.98255288516477, -10.245262945272286], [-54.98234329946286, -10.245437412695406]]}}, {"type": "Feature", "properties": {"layer": "vista", "dxf_type": "LINE"}, "geometry": {"type": "LineString", "coordinates": [[-54.982960910699845, -10.245041362093259], [-54.98275132442685, -10.245215829846684]]}}, {"type": "Feature", "properties": {"layer": "vista", "dxf_type": "LINE"}, "geometry": {"type": "LineString", "coordinates": [[-54.98261160072813, -10.245332141886928], [-54.98240201408553, -10.245506609339019]]}}, {"type": "Feature", "properties": {"layer": "vista", "dxf_type": "LINE"}, "geometry": {"type": "LineString", "coordinates": [[-54.983019625422116, -10.245110558638489], [-54.982810039121006, -10.245285026426549]]}}, {"type": "Feature", "properties": {"layer": "vista", "dxf_type": "LINE"}, "geometry": {"type": "LineString", "coordinates": [[-54.982670315403546, -10.24540133848987], [-54.98246072964541, -10.24557580598228]]}}, {"type": "Feature", "properties": {"layer": "vista", "dxf_type": "LINE"}, "geometry": {"type": "LineString", "coordinates": [[-54.98307834016903, -10.2451797551777], [-54.98286875475238, -10.24535422300606]]}}, {"type": "Feature", "properties": {"layer": "vista", "dxf_type": "LINE"}, "geometry": {"type": "LineString", "coordinates": [[-54.98272903101618, -10.245470535092473], [-54.98251944431164, -10.24564500351772]]}}, {"type": "Feature", "properties": {"layer": "vista", "dxf_type": "LINE"}, "geometry": {"type": "LineString", "coordinates": [[-54.982239995341004, -10.245877626298894], [-54.981652846460605, -10.245185658323955]]}}, {"type": "Feature", "properties": {"layer": "vista", "dxf_type": "LINE"}, "geometry": {"type": "LineString", "coordinates": [[-54.98210027116127, -10.245993938023693], [-54.98151312156147, -10.245301968908297]]}}, {"type": "Feature", "properties": {"layer": "vista", "dxf_type": "LINE"}, "geometry": {"type": "LineString", "coordinates": [[-54.98196054688297, -10.246110249668147], [-54.98137339747063, -10.245418280321832]]}}, {"type": "Feature", "properties": {"layer": "vista", "dxf_type": "LINE"}, "geometry": {"type": "LineString", "coordinates": [[-54.98152724712938, -10.245880576516], [-54.98123367328123, -10.245534591654998]]}}, {"type": "Feature", "properties": {"layer": "vista", "dxf_type": "LINE"}, "geometry": {"type": "LineString", "coordinates": [[-54.98153256494876, -10.246448804908834], [-54.98096303125312, -10.245777593288228]]}}, {"type": "Feature", "properties": {"layer": "vista", "dxf_type": "LINE"}, "geometry": {"type": "LineString", "coordinates": [[-54.981652846460605, -10.245185658323955], [-54.980964702709336, -10.245758490398456]]}}, {"type": "Feature", "properties": {"layer": "vista", "dxf_type": "LINE"}, "geometry": {"type": "LineString", "coordinates": [[-54.98194642059567, -10.24553164193471], [-54.98147350163412, -10.245925315597171]]}}, {"type": "Feature", "properties": {"layer": "vista", "dxf_type": "LINE"}, "geometry": {"type": "LineString", "coordinates": [[-54.982239995341004, -10.245877626298894], [-54.981551851573315, -10.246450460420226]]}}, {"type": "Feature", "properties": {"layer": "vista", "dxf_type": "LINE"}, "geometry": {"type": "LineString", "coordinates": [[-54.987002941156554, -10.246222433437525], [-54.986772415289295, -10.246414336582509]]}}, {"type": "Feature", "properties": {"layer": "vista", "dxf_type": "LINE"}, "geometry": {"type": "LineString", "coordinates": [[-54.98691486597209, -10.24611863893763], [-54.986635419899216, -10.246351266936376]]}}, {"type": "Feature", "properties": {"layer": "vista", "dxf_type": "LINE"}, "geometry": {"type": "LineString", "coordinates": [[-54.986826791755654, -10.246014844429817], [-54.98654734573894, -10.246247472359254]]}}, {"type": "Feature", "properties": {"layer": "vista", "dxf_type": "LINE"}, "geometry": {"type": "LineString", "coordinates": [[-54.98654734573894, -10.246247472359254], [-54.98626789841534, -10.246480099961767]]}}, {"type": "Feature", "properties": {"layer": "vista", "dxf_type": "LINE"}, "geometry": {"type": "LineString", "coordinates": [[-54.98673871759467, -10.245911049908432], [-54.98645927072154, -10.246143677762927]]}}, {"type": "Feature", "properties": {"layer": "vista", "dxf_type": "LINE"}, "geometry": {"type": "LineString", "coordinates": [[-54.98645927072154, -10.246143677762927], [-54.98617982436669, -10.246376305301805]]}}, {"type": "Feature", "properties": {"layer": "vista", "dxf_type": "LINE"}, "geometry": {"type": "LineString", "coordinates": [[-54.98665064348342, -10.245807256277363], [-54.98637119666646, -10.246039884062565]]}}, {"type": "Feature", "properties": {"layer": "vista", "dxf_type": "LINE"}, "geometry": {"type": "LineString", "coordinates": [[-54.98656256943333, -10.245703461728828], [-54.98628312267253, -10.245936089444758]]}}, {"type": "Feature", "properties": {"layer": "vista", "dxf_type": "LINE"}, "geometry": {"type": "LineString", "coordinates": [[-54.98647449543869, -10.245599667166742], [-54.98619504873405, -10.245832294813384]]}}, {"type": "Feature", "properties": {"layer": "vista", "dxf_type": "LINE"}, "geometry": {"type": "LineString", "coordinates": [[-54.98645927072154, -10.246143677762927], [-54.98617982436669, -10.246376305301805]]}}, {"type": "Feature", "properties": {"layer": "vista", "dxf_type": "LINE"}, "geometry": {"type": "LineString", "coordinates": [[-54.98475071006471, -10.247361385953813], [-54.98414785596675, -10.246650922649735]]}}, {"type": "Feature", "properties": {"layer": "vista", "dxf_type": "LINE"}, "geometry": {"type": "LineString", "coordinates": [[-54.98414785596675, -10.246650922649735], [-54.98568248815654, -10.245373418510983]]}}, {"type": "Feature", "properties": {"layer": "vista", "dxf_type": "LINE"}, "geometry": {"type": "LineString", "coordinates": [[-54.98500660031933, -10.243869759698011], [-54.98594605079858, -10.244976901305801]]}}, {"type": "Feature", "properties": {"layer": "vista", "dxf_type": "LINE"}, "geometry": {"type": "LineString", "coordinates": [[-54.98603412537884, -10.245080695051046], [-54.98629834669745, -10.2453920789001]]}}, {"type": "Feature", "properties": {"layer": "vista", "dxf_type": "LINE"}, "geometry": {"type": "LineString", "coordinates": [[-54.984447709306636, -10.244335011462438], [-54.98538715858736, -10.24544215454813]]}}, {"type": "Feature", "properties": {"layer": "vista", "dxf_type": "LINE"}, "geometry": {"type": "LineString", "coordinates": [[-54.98434291677568, -10.244422246870803], [-54.98528236583737, -10.245529389329727]]}}, {"type": "Feature", "properties": {"layer": "vista", "dxf_type": "LINE"}, "geometry": {"type": "LineString", "coordinates": [[-54.983784023890486, -10.244887497108927], [-54.98472347174769, -10.245994641949679]]}}, {"type": "Feature", "properties": {"layer": "vista", "dxf_type": "LINE"}, "geometry": {"type": "LineString", "coordinates": [[-54.983679231014136, -10.244974731327208], [-54.98461867864655, -10.246081876445086]]}}, {"type": "Feature", "properties": {"layer": "vista", "dxf_type": "LINE"}, "geometry": {"type": "LineString", "coordinates": [[-54.98312033533808, -10.245439980937055], [-54.98405978268402, -10.246547127538573]]}}, {"type": "Feature", "properties": {"layer": "vista", "dxf_type": "LINE"}, "geometry": {"type": "LineString", "coordinates": [[-54.98294568022855, -10.245585371403157], [-54.983885127199756, -10.24669251846658]]}}, {"type": "Feature", "properties": {"layer": "vista", "dxf_type": "LINE"}, "geometry": {"type": "LineString", "coordinates": [[-54.98500660031933, -10.243869759698011], [-54.984447709306636, -10.244335011462438]]}}, {"type": "Feature", "properties": {"layer": "vista", "dxf_type": "LINE"}, "geometry": {"type": "LineString", "coordinates": [[-54.98524146258024, -10.244146544568064], [-54.984682571262184, -10.244611797605828]]}}, {"type": "Feature", "properties": {"layer": "vista", "dxf_type": "LINE"}, "geometry": {"type": "LineString", "coordinates": [[-54.98524146258024, -10.244146544568064], [-54.98500660031933, -10.243869759698011]]}}, {"type": "Feature", "properties": {"layer": "vista", "dxf_type": "LINE"}, "geometry": {"type": "LineString", "coordinates": [[-54.98512968407775, -10.244239595276165], [-54.984894821876765, -10.243962810332224]]}}, {"type": "Feature", "properties": {"layer": "vista", "dxf_type": "LINE"}, "geometry": {"type": "LineString", "coordinates": [[-54.98501790642476, -10.24433264593854], [-54.9847830442837, -10.244055860920685]]}}, {"type": "Feature", "properties": {"layer": "vista", "dxf_type": "LINE"}, "geometry": {"type": "LineString", "coordinates": [[-54.984906127796116, -10.244425696543827], [-54.9846712657207, -10.24414891054822]]}}, {"type": "Feature", "properties": {"layer": "vista", "dxf_type": "LINE"}, "geometry": {"type": "LineString", "coordinates": [[-54.9847943491044, -10.244518747097702], [-54.98455948708892, -10.244241961028205]]}}, {"type": "Feature", "properties": {"layer": "vista", "dxf_type": "LINE"}, "geometry": {"type": "LineString", "coordinates": [[-54.98496201666203, -10.24437917124478], [-54.98566660534924, -10.245209527638494]]}}, {"type": "Feature", "properties": {"layer": "vista", "dxf_type": "LINE"}, "geometry": {"type": "LineString", "coordinates": [[-54.98575467895505, -10.245313322351265], [-54.98601890011086, -10.245624705504273]]}}, {"type": "Feature", "properties": {"layer": "vista", "dxf_type": "LINE"}, "geometry": {"type": "LineString", "coordinates": [[-54.98524146258024, -10.244146544568064], [-54.98496201666203, -10.24437917124478]]}}, {"type": "Feature", "properties": {"layer": "vista", "dxf_type": "LINE"}, "geometry": {"type": "LineString", "coordinates": [[-54.98496201666203, -10.24437917124478], [-54.984682571262184, -10.244611797605828]]}}, {"type": "Feature", "properties": {"layer": "vista", "dxf_type": "LINE"}, "geometry": {"type": "LineString", "coordinates": [[-54.98532953579871, -10.24425033932001], [-54.985050089824334, -10.244482966065997]]}}, {"type": "Feature", "properties": {"layer": "vista", "dxf_type": "LINE"}, "geometry": {"type": "LineString", "coordinates": [[-54.985050089824334, -10.244482966065997], [-54.9847706443683, -10.24471559249632]]}}, {"type": "Feature", "properties": {"layer": "vista", "dxf_type": "LINE"}, "geometry": {"type": "LineString", "coordinates": [[-54.985417609072634, -10.244354134058414], [-54.98513816395463, -10.244586760879315]]}}, {"type": "Feature", "properties": {"layer": "vista", "dxf_type": "LINE"}, "geometry": {"type": "LineString", "coordinates": [[-54.98513816395463, -10.244586760879315], [-54.98485871752984, -10.244819387373274]]}}, {"type": "Feature", "properties": {"layer": "vista", "dxf_type": "LINE"}, "geometry": {"type": "LineString", "coordinates": [[-54.98550568331455, -10.244457928788895], [-54.9852262372278, -10.244690555673422]]}}, {"type": "Feature", "properties": {"layer": "vista", "dxf_type": "LINE"}, "geometry": {"type": "LineString", "coordinates": [[-54.9852262372278, -10.244690555673422], [-54.98494679075254, -10.244923181332776]]}}, {"type": "Feature", "properties": {"layer": "vista", "dxf_type": "LINE"}, "geometry": {"type": "LineString", "coordinates": [[-54.98559375670504, -10.244561722596291], [-54.985314310562124, -10.24479434955009]]}}, {"type": "Feature", "properties": {"layer": "vista", "dxf_type": "LINE"}, "geometry": {"type": "LineString", "coordinates": [[-54.985314310562124, -10.24479434955009], [-54.98503486402497, -10.245026976182606]]}}, {"type": "Feature", "properties": {"layer": "vista", "dxf_type": "LINE"}, "geometry": {"type": "LineString", "coordinates": [[-54.98568183014527, -10.244665517294003], [-54.985402383946166, -10.2448981443171]]}}, {"type": "Feature", "properties": {"layer": "vista", "dxf_type": "LINE"}, "geometry": {"type": "LineString", "coordinates": [[-54.985402383946166, -10.2448981443171], [-54.98512293735283, -10.245130771018875]]}}, {"type": "Feature", "properties": {"layer": "vista", "dxf_type": "LINE"}, "geometry": {"type": "LineString", "coordinates": [[-54.98576990364093, -10.244769311978175], [-54.98549045738566, -10.245001939070532]]}}, {"type": "Feature", "properties": {"layer": "vista", "dxf_type": "LINE"}, "geometry": {"type": "LineString", "coordinates": [[-54.98549045738566, -10.245001939070532], [-54.98521101164871, -10.245234565847243]]}}, {"type": "Feature", "properties": {"layer": "vista", "dxf_type": "LINE"}, "geometry": {"type": "LineString", "coordinates": [[-54.98585797719203, -10.244873106648768], [-54.98557853179316, -10.24510573381606]]}}, {"type": "Feature", "properties": {"layer": "vista", "dxf_type": "LINE"}, "geometry": {"type": "LineString", "coordinates": [[-54.98557853179316, -10.24510573381606], [-54.985299085093175, -10.245338359752536]]}}, {"type": "Feature", "properties": {"layer": "vista", "dxf_type": "LINE"}, "geometry": {"type": "LineString", "coordinates": [[-54.98594605079858, -10.244976901305801], [-54.98566660534924, -10.245209527638494]]}}, {"type": "Feature", "properties": {"layer": "vista", "dxf_type": "LINE"}, "geometry": {"type": "LineString", "coordinates": [[-54.98566660534924, -10.245209527638494], [-54.98538715858736, -10.24544215454813]]}}, {"type": "Feature", "properties": {"layer": "vista", "dxf_type": "LINE"}, "geometry": {"type": "LineString", "coordinates": [[-54.98603412537884, -10.245080695051046], [-54.98575467895505, -10.245313322351265]]}}, {"type": "Feature", "properties": {"layer": "vista", "dxf_type": "LINE"}, "geometry": {"type": "LineString", "coordinates": [[-54.98575467895505, -10.245313322351265], [-54.985475232137, -10.245545949330166]]}}, {"type": "Feature", "properties": {"layer": "vista", "dxf_type": "LINE"}, "geometry": {"type": "LineString", "coordinates": [[-54.98612219909627, -10.245184489680954], [-54.98584275261631, -10.245417117050456]]}}, {"type": "Feature", "properties": {"layer": "vista", "dxf_type": "LINE"}, "geometry": {"type": "LineString", "coordinates": [[-54.98621027286914, -10.245288284297315], [-54.985930826333, -10.245520911736087]]}}, {"type": "Feature", "properties": {"layer": "vista", "dxf_type": "LINE"}, "geometry": {"type": "LineString", "coordinates": [[-54.98629834669745, -10.2453920789001], [-54.98601890011086, -10.245624705504273]]}}, {"type": "Feature", "properties": {"layer": "vista", "dxf_type": "LINE"}, "geometry": {"type": "LineString", "coordinates": [[-54.984577778680745, -10.244699032179584], [-54.98401888457756, -10.245164283685398]]}}, {"type": "Feature", "properties": {"layer": "vista", "dxf_type": "LINE"}, "geometry": {"type": "LineString", "coordinates": [[-54.98446599980375, -10.244792082582439], [-54.984231137964336, -10.244515296295885]]}}, {"type": "Feature", "properties": {"layer": "vista", "dxf_type": "LINE"}, "geometry": {"type": "LineString", "coordinates": [[-54.98435422086368, -10.244885132933884], [-54.98411935999677, -10.244608346579092]]}}, {"type": "Feature", "properties": {"layer": "vista", "dxf_type": "LINE"}, "geometry": {"type": "LineString", "coordinates": [[-54.984242442773095, -10.244978183239589], [-54.98400758105356, -10.244701396805231]]}}, {"type": "Feature", "properties": {"layer": "vista", "dxf_type": "LINE"}, "geometry": {"type": "LineString", "coordinates": [[-54.984130663706864, -10.245071233488202], [-54.98389580204728, -10.244794446979963]]}}, {"type": "Feature", "properties": {"layer": "vista", "dxf_type": "LINE"}, "geometry": {"type": "LineString", "coordinates": [[-54.984577778680745, -10.244699032179584], [-54.984298331826274, -10.24493165809317]]}}, {"type": "Feature", "properties": {"layer": "vista", "dxf_type": "LINE"}, "geometry": {"type": "LineString", "coordinates": [[-54.984298331826274, -10.24493165809317], [-54.98401888457756, -10.245164283685398]]}}, {"type": "Feature", "properties": {"layer": "vista", "dxf_type": "LINE"}, "geometry": {"type": "LineString", "coordinates": [[-54.98466585176579, -10.244802827096056], [-54.984386404855115, -10.245035453078916]]}}, {"type": "Feature", "properties": {"layer": "vista", "dxf_type": "LINE"}, "geometry": {"type": "LineString", "coordinates": [[-54.984386404855115, -10.245035453078916], [-54.984106958462775, -10.245268078746076]]}}, {"type": "Feature", "properties": {"layer": "vista", "dxf_type": "LINE"}, "geometry": {"type": "LineString", "coordinates": [[-54.98475392490626, -10.24490662199899], [-54.9844744779394, -10.245139248051112]]}}, {"type": "Feature", "properties": {"layer": "vista", "dxf_type": "LINE"}, "geometry": {"type": "LineString", "coordinates": [[-54.9844744779394, -10.245139248051112], [-54.984195031496576, -10.245371872883673]]}}, {"type": "Feature", "properties": {"layer": "vista", "dxf_type": "LINE"}, "geometry": {"type": "LineString", "coordinates": [[-54.984841998102176, -10.245010416888352], [-54.984562551997406, -10.24524304211153]]}}, {"type": "Feature", "properties": {"layer": "vista", "dxf_type": "LINE"}, "geometry": {"type": "LineString", "coordinates": [[-54.984562551997406, -10.24524304211153], [-54.98428310458011, -10.245475667911606]]}}, {"type": "Feature", "properties": {"layer": "vista", "dxf_type": "LINE"}, "geometry": {"type": "LineString", "coordinates": [[-54.98493007227182, -10.245114210865935], [-54.98465062519257, -10.245346837056617]]}}, {"type": "Feature", "properties": {"layer": "vista", "dxf_type": "LINE"}, "geometry": {"type": "LineString", "coordinates": [[-54.98465062519257, -10.245346837056617], [-54.98437117771908, -10.24557946292597]]}}, {"type": "Feature", "properties": {"layer": "vista", "dxf_type": "LINE"}, "geometry": {"type": "LineString", "coordinates": [[-54.985018145578614, -10.245218005728184], [-54.98473869844318, -10.245450631988165]]}}, {"type": "Feature", "properties": {"layer": "vista", "dxf_type": "LINE"}, "geometry": {"type": "LineString", "coordinates": [[-54.98473869844318, -10.245450631988165], [-54.984459250913496, -10.245683257926784]]}}, {"type": "Feature", "properties": {"layer": "vista", "dxf_type": "LINE"}, "geometry": {"type": "LineString", "coordinates": [[-54.98510621894086, -10.245321800576878], [-54.98482677174923, -10.245554426906137]]}}, {"type": "Feature", "properties": {"layer": "vista", "dxf_type": "LINE"}, "geometry": {"type": "LineString", "coordinates": [[-54.98482677174923, -10.245554426906137], [-54.984547324169064, -10.24578705201016]]}}, {"type": "Feature", "properties": {"layer": "vista", "dxf_type": "LINE"}, "geometry": {"type": "LineString", "coordinates": [[-54.985194292358536, -10.245425595412028], [-54.98491484511644, -10.245658220906675]]}}, {"type": "Feature", "properties": {"layer": "vista", "dxf_type": "LINE"}, "geometry": {"type": "LineString", "coordinates": [[-54.98491484511644, -10.245658220906675], [-54.984635398386935, -10.245890846989518]]}}, {"type": "Feature", "properties": {"layer": "vista", "dxf_type": "LINE"}, "geometry": {"type": "LineString", "coordinates": [[-54.98528236583737, -10.245529389329727], [-54.985002919445954, -10.24576201580319]]}}, {"type": "Feature", "properties": {"layer": "vista", "dxf_type": "LINE"}, "geometry": {"type": "LineString", "coordinates": [[-54.985002919445954, -10.24576201580319], [-54.98472347174769, -10.245994641949679]]}}, {"type": "Feature", "properties": {"layer": "vista", "dxf_type": "LINE"}, "geometry": {"type": "LineString", "coordinates": [[-54.983914092557576, -10.245251517978614], [-54.98335519658174, -10.245716767957942]]}}, {"type": "Feature", "properties": {"layer": "vista", "dxf_type": "LINE"}, "geometry": {"type": "LineString", "coordinates": [[-54.98380231330605, -10.245344568076185], [-54.983567451822566, -10.245067781350885]]}}, {"type": "Feature", "properties": {"layer": "vista", "dxf_type": "LINE"}, "geometry": {"type": "LineString", "coordinates": [[-54.98369053399146, -10.24543761812234], [-54.98345567256792, -10.245160831323142]]}}, {"type": "Feature", "properties": {"layer": "vista", "dxf_type": "LINE"}, "geometry": {"type": "LineString", "coordinates": [[-54.98357875552634, -10.24553066812273], [-54.983343894162765, -10.245253881249637]]}}, {"type": "Feature", "properties": {"layer": "vista", "dxf_type": "LINE"}, "geometry": {"type": "LineString", "coordinates": [[-54.98346697608558, -10.245623718066057], [-54.983232114781956, -10.245346931119048]]}}, {"type": "Feature", "properties": {"layer": "vista", "dxf_type": "LINE"}, "geometry": {"type": "LineString", "coordinates": [[-54.983914092557576, -10.245251517978614], [-54.98363464476678, -10.24548414312896]]}}, {"type": "Feature", "properties": {"layer": "vista", "dxf_type": "LINE"}, "geometry": {"type": "LineString", "coordinates": [[-54.98363464476678, -10.24548414312896], [-54.98335519658174, -10.245716767957942]]}}, {"type": "Feature", "properties": {"layer": "vista", "dxf_type": "LINE"}, "geometry": {"type": "LineString", "coordinates": [[-54.98400216550915, -10.245355313059617], [-54.983722717662154, -10.245587938279261]]}}, {"type": "Feature", "properties": {"layer": "vista", "dxf_type": "LINE"}, "geometry": {"type": "LineString", "coordinates": [[-54.983722717662154, -10.245587938279261], [-54.98344326942661, -10.245820562273622]]}}, {"type": "Feature", "properties": {"layer": "vista", "dxf_type": "LINE"}, "geometry": {"type": "LineString", "coordinates": [[-54.98409023851616, -10.245459108127069], [-54.983810790618676, -10.24569173251211]]}}, {"type": "Feature", "properties": {"layer": "vista", "dxf_type": "LINE"}, "geometry": {"type": "LineString", "coordinates": [[-54.983810790618676, -10.24569173251211], [-54.98353134323378, -10.245924357485295]]}}, {"type": "Feature", "properties": {"layer": "vista", "dxf_type": "LINE"}, "geometry": {"type": "LineString", "coordinates": [[-54.98417831158433, -10.245562902277106], [-54.98389886362493, -10.24579552763529]]}}, {"type": "Feature", "properties": {"layer": "vista", "dxf_type": "LINE"}, "geometry": {"type": "LineString", "coordinates": [[-54.98389886362493, -10.24579552763529], [-54.98361941618382, -10.24602815267776]]}}, {"type": "Feature", "properties": {"layer": "vista", "dxf_type": "LINE"}, "geometry": {"type": "LineString", "coordinates": [[-54.98426638470223, -10.245666697317452], [-54.98398693759919, -10.24589932275058]]}}, {"type": "Feature", "properties": {"layer": "vista", "dxf_type": "LINE"}, "geometry": {"type": "LineString", "coordinates": [[-54.98398693759919, -10.24589932275058], [-54.983707489189314, -10.246131947856682]]}}, {"type": "Feature", "properties": {"layer": "vista", "dxf_type": "LINE"}, "geometry": {"type": "LineString", "coordinates": [[-54.98435445878814, -10.245770492349903], [-54.98407501071633, -10.246003117846653]]}}, {"type": "Feature", "properties": {"layer": "vista", "dxf_type": "LINE"}, "geometry": {"type": "LineString", "coordinates": [[-54.98407501071633, -10.246003117846653], [-54.98379556225025, -10.246235743022039]]}}, {"type": "Feature", "properties": {"layer": "vista", "dxf_type": "LINE"}, "geometry": {"type": "LineString", "coordinates": [[-54.98444253201693, -10.24587428736314], [-54.98416308388892, -10.246106912929191]]}}, {"type": "Feature", "properties": {"layer": "vista", "dxf_type": "LINE"}, "geometry": {"type": "LineString", "coordinates": [[-54.98416308388892, -10.246106912929191], [-54.98388363537235, -10.246339537269966]]}}, {"type": "Feature", "properties": {"layer": "vista", "dxf_type": "LINE"}, "geometry": {"type": "LineString", "coordinates": [[-54.98453060530687, -10.245978081458942], [-54.984251157122664, -10.246210707094278]]}}, {"type": "Feature", "properties": {"layer": "vista", "dxf_type": "LINE"}, "geometry": {"type": "LineString", "coordinates": [[-54.984251157122664, -10.246210707094278], [-54.983971708544175, -10.246443332408218]]}}, {"type": "Feature", "properties": {"layer": "vista", "dxf_type": "LINE"}, "geometry": {"type": "LineString", "coordinates": [[-54.98461867864655, -10.246081876445086], [-54.98433923040614, -10.246314502149689]]}}, {"type": "Feature", "properties": {"layer": "vista", "dxf_type": "LINE"}, "geometry": {"type": "LineString", "coordinates": [[-54.98433923040614, -10.246314502149689], [-54.98405978268402, -10.246547127538573]]}}, {"type": "Feature", "properties": {"layer": "vista", "dxf_type": "LINE"}, "geometry": {"type": "LineString", "coordinates": [[-54.98318054138423, -10.245862157635628], [-54.98290971739196, -10.246087603232716]]}}, {"type": "Feature", "properties": {"layer": "vista", "dxf_type": "LINE"}, "geometry": {"type": "LineString", "coordinates": [[-54.98306876263131, -10.2459552074014], [-54.98283390153559, -10.245678421095029]]}}, {"type": "Feature", "properties": {"layer": "vista", "dxf_type": "LINE"}, "geometry": {"type": "LineString", "coordinates": [[-54.982956982902735, -10.24604825711008], [-54.982722121872705, -10.245771469825938]]}}, {"type": "Feature", "properties": {"layer": "vista", "dxf_type": "LINE"}, "geometry": {"type": "LineString", "coordinates": [[-54.98318054138423, -10.245862157635628], [-54.98290109347108, -10.246094781947985]]}}, {"type": "Feature", "properties": {"layer": "vista", "dxf_type": "LINE"}, "geometry": {"type": "LineString", "coordinates": [[-54.98290109347108, -10.246094781947985], [-54.98290971739196, -10.246087603232716]]}}, {"type": "Feature", "properties": {"layer": "vista", "dxf_type": "LINE"}, "geometry": {"type": "LineString", "coordinates": [[-54.983268614188255, -10.24596595289849], [-54.982989166218886, -10.246198577280126]]}}, {"type": "Feature", "properties": {"layer": "vista", "dxf_type": "LINE"}, "geometry": {"type": "LineString", "coordinates": [[-54.98335668796029, -10.246069748153479], [-54.98307723902214, -10.24630237259872]]}}, {"type": "Feature", "properties": {"layer": "vista", "dxf_type": "LINE"}, "geometry": {"type": "LineString", "coordinates": [[-54.9834447608752, -10.246173543389244], [-54.98316531188655, -10.246406166999886]]}}, {"type": "Feature", "properties": {"layer": "vista", "dxf_type": "LINE"}, "geometry": {"type": "LineString", "coordinates": [[-54.98353283385128, -10.246277337707575], [-54.9832533848007, -10.246509962291382]]}}, {"type": "Feature", "properties": {"layer": "vista", "dxf_type": "LINE"}, "geometry": {"type": "LineString", "coordinates": [[-54.98362090687708, -10.246381132916236], [-54.98338825084581, -10.246574805277536]]}}, {"type": "Feature", "properties": {"layer": "vista", "dxf_type": "LINE"}, "geometry": {"type": "LineString", "coordinates": [[-54.98370897995833, -10.246484928111343], [-54.9834295317079, -10.2467175528394]]}}, {"type": "Feature", "properties": {"layer": "vista", "dxf_type": "LINE"}, "geometry": {"type": "LineString", "coordinates": [[-54.98379705400761, -10.246588723298576], [-54.98351760478838, -10.246821348090245]]}}, {"type": "Feature", "properties": {"layer": "vista", "dxf_type": "LINE"}, "geometry": {"type": "LineString", "coordinates": [[-54.984298331826274, -10.24493165809317], [-54.985002919445954, -10.24576201580319]]}}, {"type": "Feature", "properties": {"layer": "vista", "dxf_type": "LINE"}, "geometry": {"type": "LineString", "coordinates": [[-54.98363464476678, -10.24548414312896], [-54.98433923040614, -10.246314502149689]]}}, {"type": "Feature", "properties": {"layer": "vista", "dxf_type": "LINE"}, "geometry": {"type": "LineString", "coordinates": [[-54.98290109347108, -10.246094781947985], [-54.98325325435615, -10.246509808720337]]}}, {"type": "Feature", "properties": {"layer": "vista", "dxf_type": "LINE"}, "geometry": {"type": "LineString", "coordinates": [[-54.98334145777029, -10.246613757569342], [-54.983605677930036, -10.246925142423652]]}}, {"type": "Feature", "properties": {"layer": "vista", "dxf_type": "LINE"}, "geometry": {"type": "LineString", "coordinates": [[-54.98470675204167, -10.246185671417654], [-54.98442730465764, -10.2464182971972]]}}, {"type": "Feature", "properties": {"layer": "vista", "dxf_type": "LINE"}, "geometry": {"type": "LineString", "coordinates": [[-54.98442730465764, -10.2464182971972], [-54.98414785596675, -10.246650922649735]]}}, {"type": "Feature", "properties": {"layer": "vista", "dxf_type": "LINE"}, "geometry": {"type": "LineString", "coordinates": [[-54.98575467895505, -10.245313322351265], [-54.98414785596675, -10.246650922649735]]}}, {"type": "Feature", "properties": {"layer": "vista", "dxf_type": "LINE"}, "geometry": {"type": "LineString", "coordinates": [[-54.98434291677568, -10.244422246870803], [-54.983784023890486, -10.244887497108927]]}}, {"type": "Feature", "properties": {"layer": "vista", "dxf_type": "LINE"}, "geometry": {"type": "LineString", "coordinates": [[-54.983679231014136, -10.244974731327208], [-54.98312033533808, -10.245439980937055]]}}, {"type": "Feature", "properties": {"layer": "vista", "dxf_type": "LINE"}, "geometry": {"type": "LineString", "coordinates": [[-54.98294568022855, -10.245585371403157], [-54.982716079627075, -10.245776499680417]]}}, {"type": "Feature", "properties": {"layer": "vista", "dxf_type": "LINE"}, "geometry": {"type": "LineString", "coordinates": [[-54.983885127199756, -10.24669251846658], [-54.983605677930036, -10.246925142423652]]}}, {"type": "Feature", "properties": {"layer": "vista", "dxf_type": "LINE"}, "geometry": {"type": "LineString", "coordinates": [[-54.98647449543869, -10.245599667166742], [-54.98629834669745, -10.2453920789001]]}}, {"type": "Feature", "properties": {"layer": "vista", "dxf_type": "LINE"}, "geometry": {"type": "LineString", "coordinates": [[-54.98529271014358, -10.242450837552687], [-54.982650545010415, -10.239336997693565]]}}, {"type": "Feature", "properties": {"layer": "vista", "dxf_type": "LINE"}, "geometry": {"type": "LineString", "coordinates": [[-54.98599131836814, -10.241869268558965], [-54.982938148569986, -10.238271058732652]]}}, {"type": "Feature", "properties": {"layer": "vista", "dxf_type": "LINE"}, "geometry": {"type": "LineString", "coordinates": [[-54.981540940315575, -10.239434181811934], [-54.982938148569986, -10.238271058732652]]}}, {"type": "Feature", "properties": {"layer": "vista", "dxf_type": "LINE"}, "geometry": {"type": "LineString", "coordinates": [[-54.981951938542835, -10.239918558582108], [-54.98334914902129, -10.238755433893157]]}}, {"type": "Feature", "properties": {"layer": "vista", "dxf_type": "LINE"}, "geometry": {"type": "LineString", "coordinates": [[-54.982650545010415, -10.239336997693565], [-54.98223954613305, -10.23885262082717]]}}, {"type": "Feature", "properties": {"layer": "vista", "dxf_type": "LINE"}, "geometry": {"type": "LineString", "coordinates": [[-54.9829998473265, -10.239046215592401], [-54.98258884811557, -10.238561840033713]]}}, {"type": "Feature", "properties": {"layer": "vista", "dxf_type": "LINE"}, "geometry": {"type": "LineString", "coordinates": [[-54.98230124208443, -10.239627778388854], [-54.98189024352924, -10.239143402022508]]}}, {"type": "Feature", "properties": {"layer": "vista", "dxf_type": "LINE"}, "geometry": {"type": "LineString", "coordinates": [[-54.982245509311916, -10.240264542066472], [-54.9836427207271, -10.23910141622365]]}}, {"type": "Feature", "properties": {"layer": "vista", "dxf_type": "LINE"}, "geometry": {"type": "LineString", "coordinates": [[-54.98253908160922, -10.240610525406169], [-54.983936293048494, -10.239447398403762]]}}, {"type": "Feature", "properties": {"layer": "vista", "dxf_type": "LINE"}, "geometry": {"type": "LineString", "coordinates": [[-54.98283265360965, -10.240956508589852], [-54.98422986598552, -10.239793380433465]]}}, {"type": "Feature", "properties": {"layer": "vista", "dxf_type": "LINE"}, "geometry": {"type": "LineString", "coordinates": [[-54.98312622622579, -10.241302491623166], [-54.98452344045076, -10.240139362318386]]}}, {"type": "Feature", "properties": {"layer": "vista", "dxf_type": "LINE"}, "geometry": {"type": "LineString", "coordinates": [[-54.98341979945767, -10.241648474506059], [-54.98481701461912, -10.240485344047203]]}}, {"type": "Feature", "properties": {"layer": "vista", "dxf_type": "LINE"}, "geometry": {"type": "LineString", "coordinates": [[-54.98371337421788, -10.241994457244171], [-54.9851105894089, -10.240831324721613]]}}, {"type": "Feature", "properties": {"layer": "vista", "dxf_type": "LINE"}, "geometry": {"type": "LineString", "coordinates": [[-54.98400694868702, -10.242340438922284], [-54.98540416572125, -10.241177306155068]]}}, {"type": "Feature", "properties": {"layer": "vista", "dxf_type": "LINE"}, "geometry": {"type": "LineString", "coordinates": [[-54.98430052376627, -10.242686421353783], [-54.98569774173681, -10.241523287432306]]}}, {"type": "Feature", "properties": {"layer": "vista", "dxf_type": "LINE"}, "geometry": {"type": "LineString", "coordinates": [[-54.984594100373926, -10.243032403640413], [-54.98599131836814, -10.241869268558965]]}}, {"type": "Feature", "properties": {"layer": "vista", "dxf_type": "LINE"}, "geometry": {"type": "LineString", "coordinates": [[-54.98488767668489, -10.243378385770841], [-54.986361440222126, -10.245115213869228]]}}, {"type": "Feature", "properties": {"layer": "vista", "dxf_type": "LINE"}, "geometry": {"type": "LineString", "coordinates": [[-54.98628489561529, -10.242215249535022], [-54.98775866476955, -10.243952070939386]]}}, {"type": "Feature", "properties": {"layer": "vista", "dxf_type": "LINE"}, "geometry": {"type": "LineString", "coordinates": [[-54.98488767668489, -10.243378385770841], [-54.98628489561529, -10.242215249535022]]}}, {"type": "Feature", "properties": {"layer": "vista", "dxf_type": "LINE"}, "geometry": {"type": "LineString", "coordinates": [[-54.988340429385126, -10.246027934454121], [-54.98715225796746, -10.244633999556402]]}}, {"type": "Feature", "properties": {"layer": "vista", "dxf_type": "LINE"}, "geometry": {"type": "LineString", "coordinates": [[-54.98518125361175, -10.243724367750696], [-54.98657847439084, -10.242561230366102]]}}, {"type": "Feature", "properties": {"layer": "vista", "dxf_type": "LINE"}, "geometry": {"type": "LineString", "coordinates": [[-54.985298684739746, -10.243862760140038], [-54.98669590589327, -10.242699622293657]]}}, {"type": "Feature", "properties": {"layer": "vista", "dxf_type": "LINE"}, "geometry": {"type": "LineString", "coordinates": [[-54.98547483115453, -10.244070349579946], [-54.986872052869685, -10.242907211040867]]}}, {"type": "Feature", "properties": {"layer": "vista", "dxf_type": "LINE"}, "geometry": {"type": "LineString", "coordinates": [[-54.985709693996114, -10.244347135117925], [-54.987106916460085, -10.243183995655219]]}}, {"type": "Feature", "properties": {"layer": "vista", "dxf_type": "LINE"}, "geometry": {"type": "LineString", "coordinates": [[-54.98594455723763, -10.244623919655606], [-54.98734178045037, -10.243460779269236]]}}, {"type": "Feature", "properties": {"layer": "vista", "dxf_type": "LINE"}, "geometry": {"type": "LineString", "coordinates": [[-54.98617942086768, -10.244900705000735], [-54.98757664391658, -10.243737563685016]]}}, {"type": "Feature", "properties": {"layer": "vista", "dxf_type": "LINE"}, "geometry": {"type": "LineString", "coordinates": [[-54.98664914931051, -10.245454275401656], [-54.988046373862474, -10.244291131334554]]}}, {"type": "Feature", "properties": {"layer": "vista", "dxf_type": "LINE"}, "geometry": {"type": "LineString", "coordinates": [[-54.986942729938995, -10.245800255573592], [-54.98833995542103, -10.244637111255606]]}}, {"type": "Feature", "properties": {"layer": "vista", "dxf_type": "LINE"}, "geometry": {"type": "LineString", "coordinates": [[-54.98717759524468, -10.246077040508721], [-54.98857482147528, -10.244913895266889]]}}, {"type": "Feature", "properties": {"layer": "vista", "dxf_type": "LINE"}, "geometry": {"type": "LineString", "coordinates": [[-54.987541770059316, -10.246246180184135], [-54.98880968792381, -10.245190679181626]]}}, {"type": "Feature", "properties": {"layer": "vista", "dxf_type": "LINE"}, "geometry": {"type": "LineString", "coordinates": [[-54.98834079267649, -10.246028357024302], [-54.98904455477231, -10.245467462095927]]}}, {"type": "Feature", "properties": {"layer": "vista", "dxf_type": "LINE"}, "geometry": {"type": "LineString", "coordinates": [[-54.988340429385126, -10.246027934454121], [-54.98904455477231, -10.245467462095927]]}}, {"type": "Feature", "properties": {"layer": "vista", "dxf_type": "LINE"}, "geometry": {"type": "LineString", "coordinates": [[-54.98479960381933, -10.2432745909673], [-54.986196822468884, -10.2421114550778]]}}, {"type": "Feature", "properties": {"layer": "vista", "dxf_type": "LINE"}, "geometry": {"type": "LineString", "coordinates": [[-54.98468217311015, -10.243136198475558], [-54.98607939138523, -10.241973063047805]]}}, {"type": "Feature", "properties": {"layer": "vista", "dxf_type": "LINE"}, "geometry": {"type": "LineString", "coordinates": [[-54.986196822468884, -10.2421114550778], [-54.98607939138523, -10.241973063047805]]}}, {"type": "Feature", "properties": {"layer": "vista", "dxf_type": "LINE"}, "geometry": {"type": "LineString", "coordinates": [[-54.98479960381933, -10.2432745909673], [-54.98468217311015, -10.243136198475558]]}}, {"type": "Feature", "properties": {"layer": "vista", "dxf_type": "LINE"}, "geometry": {"type": "LineString", "coordinates": [[-54.977269728740204, -10.243461989551745], [-54.97806236216642, -10.24439615382288]]}}, {"type": "Feature", "properties": {"layer": "vista", "dxf_type": "LINE"}, "geometry": {"type": "LineString", "coordinates": [[-54.97673497175907, -10.245501092926785], [-54.97834181197633, -10.244163534950395]]}}, {"type": "Feature", "properties": {"layer": "vista", "dxf_type": "LINE"}, "geometry": {"type": "LineString", "coordinates": [[-54.97926079406774, -10.241804571732702], [-54.97996536110956, -10.242634936689553]]}}, {"type": "Feature", "properties": {"layer": "vista", "dxf_type": "LINE"}, "geometry": {"type": "LineString", "coordinates": [[-54.9813217010323, -10.24008898214695], [-54.982378556989744, -10.241334523124127]]}}, {"type": "Feature", "properties": {"layer": "vista", "dxf_type": "LINE"}, "geometry": {"type": "LineString", "coordinates": [[-54.98007053029138, -10.244023298806226], [-54.97948338952291, -10.243331327485757]]}}, {"type": "Feature", "properties": {"layer": "vista", "dxf_type": "LINE"}, "geometry": {"type": "LineString", "coordinates": [[-54.979511633407895, -10.244488541550773], [-54.9789244924771, -10.243796569301233]]}}, {"type": "Feature", "properties": {"layer": "vista", "dxf_type": "LINE"}, "geometry": {"type": "LineString", "coordinates": [[-54.98062942651077, -10.243558054781376], [-54.98004228407393, -10.242866085282518]]}}, {"type": "Feature", "properties": {"layer": "vista", "dxf_type": "LINE"}, "geometry": {"type": "LineString", "coordinates": [[-54.98039159271641, -10.242575307237761], [-54.98004228407393, -10.242866085282518]]}}, {"type": "Feature", "properties": {"layer": "vista", "dxf_type": "LINE"}, "geometry": {"type": "LineString", "coordinates": [[-54.98050902109589, -10.242713701793315], [-54.98015971236538, -10.243004479049594]]}}, {"type": "Feature", "properties": {"layer": "vista", "dxf_type": "LINE"}, "geometry": {"type": "LineString", "coordinates": [[-54.980626449579624, -10.24285209542093], [-54.980277140755355, -10.243142872792642]]}}, {"type": "Feature", "properties": {"layer": "vista", "dxf_type": "LINE"}, "geometry": {"type": "LineString", "coordinates": [[-54.98074387816188, -10.242990489024514], [-54.98039456923815, -10.243281267415524]]}}, {"type": "Feature", "properties": {"layer": "vista", "dxf_type": "LINE"}, "geometry": {"type": "LineString", "coordinates": [[-54.98086130683695, -10.243128883507914], [-54.98051199782519, -10.243419661110465]]}}, {"type": "Feature", "properties": {"layer": "vista", "dxf_type": "LINE"}, "geometry": {"type": "LineString", "coordinates": [[-54.97904192046847, -10.243934963437676], [-54.9786926091457, -10.244225739488032]]}}, {"type": "Feature", "properties": {"layer": "vista", "dxf_type": "LINE"}, "geometry": {"type": "LineString", "coordinates": [[-54.97915934855265, -10.244073358453953], [-54.97881003714182, -10.244364133715845]]}}, {"type": "Feature", "properties": {"layer": "vista", "dxf_type": "LINE"}, "geometry": {"type": "LineString", "coordinates": [[-54.979276776741095, -10.2442117525423], [-54.97892746523648, -10.24450252791964]]}}, {"type": "Feature", "properties": {"layer": "vista", "dxf_type": "LINE"}, "geometry": {"type": "LineString", "coordinates": [[-54.979394205028086, -10.244350146606628], [-54.97904489342395, -10.24464092300327]]}}, {"type": "Feature", "properties": {"layer": "vista", "dxf_type": "LINE"}, "geometry": {"type": "LineString", "coordinates": [[-54.98033585452529, -10.243212070556192], [-54.97921806309084, -10.244142555503961]]}}, {"type": "Feature", "properties": {"layer": "vista", "dxf_type": "LINE"}, "geometry": {"type": "LineString", "coordinates": [[-54.97513595269768, -10.244529741431094], [-54.97431191787917, -10.245215668052369]]}}, {"type": "Feature", "properties": {"layer": "vista", "dxf_type": "LINE"}, "geometry": {"type": "LineString", "coordinates": [[-54.975429518137766, -10.24487573037893], [-54.97460548368376, -10.245561656782707]]}}, {"type": "Feature", "properties": {"layer": "vista", "dxf_type": "LINE"}, "geometry": {"type": "LineString", "coordinates": [[-54.975723084199466, -10.245221718272866], [-54.974899049185964, -10.245907646261234]]}}, {"type": "Feature", "properties": {"layer": "vista", "dxf_type": "LINE"}, "geometry": {"type": "LineString", "coordinates": [[-54.9760166517839, -10.245567706926304], [-54.9751926153041, -10.24625363558974]]}}, {"type": "Feature", "properties": {"layer": "vista", "dxf_type": "LINE"}, "geometry": {"type": "LineString", "coordinates": [[-54.97631021907169, -10.24591369542398], [-54.97548618203821, -10.246599624768203]]}}, {"type": "Feature", "properties": {"layer": "vista", "dxf_type": "LINE"}, "geometry": {"type": "LineString", "coordinates": [[-54.97660378697545, -10.246259683771548], [-54.97577975030088, -10.246945613802273]]}}, {"type": "Feature", "properties": {"layer": "vista", "dxf_type": "LINE"}, "geometry": {"type": "LineString", "coordinates": [[-54.97689735640776, -10.246605671974658], [-54.976073318267, -10.247291602680555]]}}, {"type": "Feature", "properties": {"layer": "vista", "dxf_type": "LINE"}, "geometry": {"type": "LineString", "coordinates": [[-54.97719092554351, -10.246951660021926], [-54.976366886849156, -10.247637591408703]]}}, {"type": "Feature", "properties": {"layer": "vista", "dxf_type": "LINE"}, "geometry": {"type": "LineString", "coordinates": [[-54.97748449529529, -10.247297647919002], [-54.976660456959955, -10.247983579992377]]}}, {"type": "Feature", "properties": {"layer": "vista", "dxf_type": "LINE"}, "geometry": {"type": "LineString", "coordinates": [[-54.97777806566313, -10.247643635665858], [-54.97695402677429, -10.248329568420202]]}}, {"type": "Feature", "properties": {"layer": "vista", "dxf_type": "LINE"}, "geometry": {"type": "LineString", "coordinates": [[-54.978071637559644, -10.247989623268145], [-54.97724759721047, -10.2486755557939]]}}, {"type": "Feature", "properties": {"layer": "vista", "dxf_type": "LINE"}, "geometry": {"type": "LineString", "coordinates": [[-54.97835346581023, -10.248321771071936], [-54.977529425836586, -10.249007705161036]]}}, {"type": "Feature", "properties": {"layer": "vista", "dxf_type": "CIRCLE", "radius_m": 9.01}, "geometry": {"type": "Polygon", "coordinates": [[[-54.98409797825785, -10.243668509983179], [-54.98409965927829, -10.243652624135379], [-54.98410443733576, -10.243637368536438], [-54.98411212803457, -10.24362332868456], [-54.98412243592614, -10.243611045097422], [-54.98413496560826, -10.24360098987935], [-54.98414923552786, -10.243593548728516], [-54.98416469631791, -10.243589007491986], [-54.98418075459269, -10.243587541466253], [-54.984196793081225, -10.243589206482916], [-54.98421219526647, -10.243593939061409], [-54.98422636911198, -10.243601556556104], [-54.984238770731366, -10.24361176634214], [-54.98424892348366, -10.243624176780811], [-54.984256436138956, -10.24363831089082], [-54.9842610201029, -10.243653624533415], [-54.984262500219096, -10.24366952998106], [-54.984260819206334, -10.243685415831234], [-54.98425604206732, -10.243700671439363], [-54.98424835137737, -10.243714710391579], [-54.984238042573175, -10.243726993977248], [-54.984225512882084, -10.243737050102796], [-54.98421124386911, -10.243744491261694], [-54.98419578307703, -10.243749031595192], [-54.98417972478818, -10.243750498523992], [-54.98416368629766, -10.24374883260109], [-54.98414828410083, -10.24374410092294], [-54.984134109339614, -10.243736483418392], [-54.984121707726, -10.24372627272425], [-54.984111555889505, -10.243713862287676], [-54.98410404323445, -10.24369972907913], [-54.984099458365684, -10.243684415430028], [-54.98409797825785, -10.243668509983179]]]}}, {"type": "Feature", "properties": {"layer": "vista", "dxf_type": "CIRCLE", "radius_m": 9.01}, "geometry": {"type": "Polygon", "coordinates": [[[-54.98325963976996, -10.244366384981657], [-54.983261320841805, -10.2443504991475], [-54.98326609895395, -10.24433524357117], [-54.98327378970293, -10.244321204653826], [-54.983284097649445, -10.24430892110428], [-54.983296627389166, -10.244298865025328], [-54.983310896443015, -10.244291423915655], [-54.98332635817989, -10.2442868836375], [-54.98334241648625, -10.244285417660713], [-54.98335845499676, -10.244287082724561], [-54.98337385719925, -10.244291814442777], [-54.98338803104539, -10.24429943197584], [-54.983400432648786, -10.244309642697425], [-54.98341058446772, -10.24432205315413], [-54.98341809801078, -10.2443361863808], [-54.98342268193565, -10.244351500028824], [-54.98342416200573, -10.244367405472296], [-54.983422480941584, -10.244383291308802], [-54.98341770374788, -10.24439854689435], [-54.98341001208376, -10.244412586714096], [-54.98339970413719, -10.24442487026787], [-54.98338717439994, -10.2444349254465], [-54.98337290534014, -10.244442366558582], [-54.983357444502374, -10.244446907747152], [-54.98334138618766, -10.244448373723127], [-54.98332534766945, -10.24444670865692], [-54.983309944554236, -10.244441976025598], [-54.98329577070495, -10.244434358488334], [-54.98328336909589, -10.244424148666443], [-54.9832732172802, -10.244411738206136], [-54.983265704661385, -10.244397604078866], [-54.98326111983168, -10.244382290424305], [-54.98325963976996, -10.244366384981657]]]}}, {"type": "Feature", "properties": {"layer": "vista", "dxf_type": "CIRCLE", "radius_m": 9.01}, "geometry": {"type": "Polygon", "coordinates": [[[-54.98242129772854, -10.245064257991649], [-54.98242297885178, -10.24504837217115], [-54.98242775610605, -10.24503311661176], [-54.98243544782922, -10.245019076826884], [-54.98244575583067, -10.245006793314902], [-54.98245828561655, -10.244996738182863], [-54.982472554717226, -10.244989297120032], [-54.98248801558722, -10.244984755981147], [-54.98250407392516, -10.24498329005331], [-54.98252011245765, -10.244984955164352], [-54.98253551557852, -10.244989687835748], [-54.9825496894253, -10.244997305407168], [-54.98256209102412, -10.245007515256521], [-54.98257224282226, -10.245019925736946], [-54.9825797554165, -10.245034059876689], [-54.98258434021487, -10.245049373535819], [-54.98258582023883, -10.245065278975103], [-54.98258413912329, -10.245081164797968], [-54.982579360962326, -10.245096420355237], [-54.98257167016059, -10.245110459246087], [-54.98256136215908, -10.245122742762291], [-54.98254883236423, -10.245132798801766], [-54.98253456325761, -10.245140239867021], [-54.98251910147302, -10.245144780097224], [-54.98250304312672, -10.245146246024248], [-54.98248700458654, -10.245144580910846], [-54.982471602366644, -10.245139849145442], [-54.982457428516724, -10.245132231569807], [-54.98244502692367, -10.245122020812381], [-54.98243487512878, -10.245109610328367], [-54.9824273616222, -10.245095477084446], [-54.98242277774415, -10.245080163430124], [-54.98242129772854, -10.245064257991649]]]}}, {"type": "Feature", "properties": {"layer": "vista", "dxf_type": "CIRCLE", "radius_m": 9.01}, "geometry": {"type": "Polygon", "coordinates": [[[-54.98150961523438, -10.245805362568209], [-54.98151129641325, -10.245789476762528], [-54.981516074644865, -10.24577422032945], [-54.98152376550995, -10.245760181476074], [-54.981534073570444, -10.245747898004828], [-54.98154660341194, -10.245737842919462], [-54.98156087256266, -10.24573040190738], [-54.98157633438778, -10.245725860827097], [-54.981592391846576, -10.245724394946661], [-54.981608430402076, -10.245726060108858], [-54.98162383353467, -10.245730792827542], [-54.98163800738142, -10.245738410440568], [-54.981650408968484, -10.245748620324203], [-54.981660560743556, -10.245761030830336], [-54.98166807331005, -10.245775164082284], [-54.98167265806011, -10.245790478651172], [-54.981674138034, -10.245806384085903], [-54.98167245686283, -10.24582226989394], [-54.981667678642815, -10.24583752542669], [-54.98165998778088, -10.24585156428427], [-54.98164967972033, -10.245863847759725], [-54.98163714986986, -10.245873903752566], [-54.98162288071319, -10.245881344767032], [-54.98160741888604, -10.245885884944299], [-54.98159136050632, -10.245887350818254], [-54.98157532285569, -10.245885685659362], [-54.9815599197115, -10.245880953841006], [-54.98154574586161, -10.245873336223799], [-54.98153334428032, -10.245863125432056], [-54.9815231925085, -10.24585071492235], [-54.981515679947954, -10.245836581667996], [-54.98151109519991, -10.245821268002127], [-54.98150961523438, -10.245805362568209]]]}}, {"type": "Feature", "properties": {"layer": "vista", "dxf_type": "CIRCLE", "radius_m": 9.01}, "geometry": {"type": "Polygon", "coordinates": [[[-54.97975576727358, -10.243748774239275], [-54.979757448507286, -10.243732888455432], [-54.97976222676209, -10.243717632960378], [-54.97976991763478, -10.243703593248249], [-54.97978022567007, -10.243691309831425], [-54.979792755460224, -10.243681254807617], [-54.97980702453545, -10.243673813861939], [-54.9798224862638, -10.243669272850306], [-54.979838544520874, -10.243667807043794], [-54.979854582036374, -10.243669472265575], [-54.979869985033275, -10.243674205043998], [-54.9798841587413, -10.243681822708936], [-54.97989656019194, -10.243692032634717], [-54.97990671183813, -10.243704443171529], [-54.979914225195074, -10.243718577351144], [-54.979918808938855, -10.243733891015284], [-54.97992028883411, -10.24374979644133], [-54.979918607608106, -10.243765682227536], [-54.979913830271734, -10.24378093773181], [-54.979906138495345, -10.243794976538577], [-54.979895830459995, -10.243807259959627], [-54.97988330066087, -10.243817315890865], [-54.9798690315797, -10.243824756838963], [-54.979853569849325, -10.243829296947585], [-54.97983751249646, -10.243830762758948], [-54.9798214740607, -10.243829097529137], [-54.97980607105221, -10.24382436565104], [-54.97979189734103, -10.243816747981883], [-54.979779495896175, -10.243806537148032], [-54.979769344253235, -10.243794126607627], [-54.979761831809085, -10.243779993335176], [-54.97975724716047, -10.243764679664508], [-54.97975576727358, -10.243748774239275]]]}}, {"type": "Feature", "properties": {"layer": "vista", "dxf_type": "CIRCLE", "radius_m": 9.01}, "geometry": {"type": "Polygon", "coordinates": [[[-54.98021980508541, -10.241556098375856], [-54.98022148626359, -10.241540212580974], [-54.98022626444419, -10.241524957066638], [-54.98023395522685, -10.241510917327746], [-54.98024426407231, -10.241498633883323], [-54.98025679283908, -10.241488578815401], [-54.980271062711864, -10.241481137833233], [-54.98028652341292, -10.241476596771669], [-54.980302581559904, -10.241475130920504], [-54.98031861988676, -10.241476796104626], [-54.980334021882676, -10.241481528837033], [-54.98034819643102, -10.241489146471833], [-54.98036059782836, -10.241499356367719], [-54.980370749442244, -10.241511766881715], [-54.98037826187657, -10.241525901040745], [-54.98038284654549, -10.24154121470417], [-54.98038432647545, -10.241557120132589], [-54.98038264530497, -10.241573005929833], [-54.98037786713024, -10.24158826144772], [-54.98037017635072, -10.241602301190813], [-54.98035986841776, -10.241614584645115], [-54.98034733873518, -10.24162463971092], [-54.98033306885644, -10.241632080695512], [-54.98031760814765, -10.241636621757934], [-54.98030154999231, -10.241638087608282], [-54.980285511657755, -10.2416364224218], [-54.980270109655976, -10.24163168968584], [-54.98025593510449, -10.241624072046827], [-54.98024353461977, -10.241613862152418], [-54.980233382096564, -10.24160145162918], [-54.980225869668196, -10.241587317467744], [-54.98022128500702, -10.24157200380346], [-54.98021980508541, -10.241556098375856]]]}}, {"type": "Feature", "properties": {"layer": "vista", "dxf_type": "CIRCLE", "radius_m": 9.01}, "geometry": {"type": "Polygon", "coordinates": [[[-54.98088348811349, -10.2410036197649], [-54.980885169250996, -10.2409877339592], [-54.98088994647575, -10.240972478421295], [-54.98089763720846, -10.240958439561993], [-54.980907946010426, -10.240946156087814], [-54.98092047565442, -10.240936100087639], [-54.9809347445776, -10.240928659062712], [-54.98095020524131, -10.240924118866376], [-54.98096626336903, -10.240922652072587], [-54.98098230167279, -10.24092431812323], [-54.98099770366532, -10.240929049917236], [-54.98101187821317, -10.24093666752168], [-54.98102427961293, -10.240946878296375], [-54.9810344312433, -10.24095928879161], [-54.98104194370752, -10.240973422035005], [-54.98104652840737, -10.240988735694131], [-54.98104800837383, -10.241004641125873], [-54.98104632724403, -10.241020526933937], [-54.98104154911259, -10.241035782469721], [-54.9810338583773, -10.2410498222371], [-54.981023550487826, -10.241062105721152], [-54.9810110208463, -10.241072160821043], [-54.980996751004625, -10.241079601842689], [-54.980981290327456, -10.24108414294376], [-54.9809652321971, -10.241085608832858], [-54.98094919387992, -10.241083943683732], [-54.98093379188725, -10.241079210982303], [-54.98091961824881, -10.241071593379342], [-54.980907216843384, -10.241061383504297], [-54.98089706430371, -10.241048972999822], [-54.98088955185116, -10.241034838850148], [-54.980884968071614, -10.24101952519583], [-54.98088348811349, -10.2410036197649]]]}}, {"type": "Feature", "properties": {"layer": "vista", "dxf_type": "CIRCLE", "radius_m": 9.01}, "geometry": {"type": "Polygon", "coordinates": [[[-54.98154716800638, -10.240451139335462], [-54.9815488491032, -10.240435253518948], [-54.981553626284665, -10.240419997963148], [-54.98156131788569, -10.240405959085221], [-54.98157162573163, -10.240393675575636], [-54.98158415533457, -10.240383619541397], [-54.98159842422071, -10.240376178479407], [-54.98161388485279, -10.240371638244422], [-54.98162994294981, -10.240370172315766], [-54.981645981241904, -10.240371837425183], [-54.98166138413787, -10.240376569190321], [-54.981675557772675, -10.240384186758735], [-54.98168795918059, -10.240394397508386], [-54.98169811082743, -10.240406807984858], [-54.98170562331581, -10.240420941216492], [-54.98171020804659, -10.24043625487132], [-54.98171168804956, -10.240452160306383], [-54.981710006960434, -10.24046804612526], [-54.981705228872286, -10.240483301678944], [-54.98169753818123, -10.240497341470629], [-54.98168723033523, -10.240509624984401], [-54.981674700734764, -10.240519680118357], [-54.981660431842684, -10.24052712118273], [-54.98164497028459, -10.24053166231679], [-54.98162891217922, -10.240533128244632], [-54.98161287387942, -10.240531463132857], [-54.98159747189587, -10.24052673046595], [-54.98158329825792, -10.240519112893361], [-54.98157089684434, -10.240508903043363], [-54.98156074520075, -10.240496492563334], [-54.98155323181148, -10.240482358419735], [-54.981548648000995, -10.240467044769716], [-54.98154716800638, -10.240451139335462]]]}}, {"type": "Feature", "properties": {"layer": "vista", "dxf_type": "CIRCLE", "radius_m": 9.01}, "geometry": {"type": "Polygon", "coordinates": [[[-54.97948625925533, -10.242166730099717], [-54.97948794047848, -10.242150844316793], [-54.97949271870693, -10.242135588822245], [-54.97950040953277, -10.242121550014081], [-54.979510717513726, -10.242109266596877], [-54.97952324724416, -10.242099210668423], [-54.979537517157894, -10.24209176972721], [-54.979552977888176, -10.242087229612249], [-54.97956903606277, -10.242085763803917], [-54.979585074408845, -10.24208742902933], [-54.97960047642054, -10.242092160896025], [-54.97961465005687, -10.242099778558744], [-54.97962705143947, -10.242109989386176], [-54.97963720394771, -10.24212239992658], [-54.97964471636104, -10.24213653319473], [-54.9796493000832, -10.242151846857235], [-54.979650779972815, -10.24216775228198], [-54.97964909875736, -10.242183638067264], [-54.97964432144734, -10.242198893571034], [-54.97963663061892, -10.24221293328729], [-54.97962632172534, -10.242225216703016], [-54.97961379199739, -10.24223527173119], [-54.979599522990256, -10.242242712680454], [-54.97958406224651, -10.242247253700151], [-54.97956800406355, -10.242248719507668], [-54.97955196570979, -10.242247054279892], [-54.97953656369794, -10.242242321505769], [-54.97952238914592, -10.242234703833201], [-54.97950998775765, -10.242224493905416], [-54.979499836165225, -10.242212083367125], [-54.979492323763566, -10.24219794919268], [-54.97948773913659, -10.242182635523644], [-54.97948625925533, -10.242166730099717]]]}}, {"type": "Feature", "properties": {"layer": "vista", "dxf_type": "CIRCLE", "radius_m": 9.01}, "geometry": {"type": "Polygon", "coordinates": [[[-54.97882257246022, -10.242719204899167], [-54.97882425372405, -10.242703319127068], [-54.97882903108324, -10.242688063644758], [-54.97883672286588, -10.242674024866565], [-54.978847030890314, -10.242661741479113], [-54.97885956066181, -10.242651685584718], [-54.97887382970005, -10.24264424467493], [-54.97888929046768, -10.242639703694753], [-54.978905348667254, -10.242638237925176], [-54.9789213870307, -10.242639903187952], [-54.97893678995835, -10.242644635998728], [-54.97895096359515, -10.242652253691801], [-54.9789633649696, -10.242662464544301], [-54.97897351654879, -10.242674875097803], [-54.978981028937945, -10.24268900837771], [-54.97898561354173, -10.242704322050184], [-54.97898709339482, -10.2427202274716], [-54.978985412138684, -10.242736113246059], [-54.9789806338728, -10.242751368726255], [-54.978972943000144, -10.242765408418196], [-54.978962634975645, -10.242777691809852], [-54.97895010520662, -10.24278774680395], [-54.978935836162435, -10.24279518771614], [-54.9789203744745, -10.242799728691502], [-54.978904316266565, -10.24280119446026], [-54.97888827789543, -10.242799529195125], [-54.97887287587448, -10.242794796386471], [-54.978858702234525, -10.242787178689195], [-54.978846300854414, -10.24277696873636], [-54.978836149278465, -10.242764558179285], [-54.978828635988435, -10.24275042398743], [-54.97882405230495, -10.242735110319767], [-54.97882257246022, -10.242719204899167]]]}}, {"type": "Feature", "properties": {"layer": "vista", "dxf_type": "CIRCLE", "radius_m": 9.01}, "geometry": {"type": "Polygon", "coordinates": [[[-54.978158883442134, -10.243271677885117], [-54.97816056474666, -10.243255792123845], [-54.97816534214915, -10.243240536659439], [-54.9781730330692, -10.243226496995984], [-54.9781833420497, -10.243214213643986], [-54.978195871856514, -10.243204158687544], [-54.97821014093181, -10.24319671781484], [-54.97822560173107, -10.243192176873327], [-54.97824165995562, -10.24319071114251], [-54.97825769833645, -10.24319237644265], [-54.97827310036063, -10.24319710928229], [-54.978287274910485, -10.243204727011415], [-54.9782996762825, -10.243214936985094], [-54.97830982784521, -10.24322734755734], [-54.97831734020445, -10.243241481752895], [-54.9783219247773, -10.24325679542967], [-54.978323404593866, -10.243272700847754], [-54.978321723297036, -10.243288586611387], [-54.97831694498785, -10.243303842073674], [-54.97830925407095, -10.243317881741312], [-54.978298946008685, -10.243330164199332], [-54.97828641619288, -10.243340220063214], [-54.978272146199075, -10.24334766093266], [-54.978256685392076, -10.243352201875028], [-54.97824062715916, -10.24335366760503], [-54.97822458877064, -10.243352002302528], [-54.978209186740585, -10.243347269459335], [-54.978195013100155, -10.243339651731668], [-54.97818261173393, -10.243329440849921], [-54.97817245925618, -10.243317031172284], [-54.978164946902886, -10.243302896974345], [-54.978160363250346, -10.243287583302385], [-54.978158883442134, -10.243271677885117]]]}}, {"type": "Feature", "properties": {"layer": "vista", "dxf_type": "CIRCLE", "radius_m": 9.01}, "geometry": {"type": "Polygon", "coordinates": [[[-54.977495191288426, -10.24382414905166], [-54.97749687263365, -10.243808263301222], [-54.97750165099201, -10.2437930078604], [-54.9775093419563, -10.243778968221253], [-54.977519650980284, -10.24376668489902], [-54.977532179915606, -10.243756629970983], [-54.97754644994052, -10.243749189141028], [-54.977561910771406, -10.243744648238199], [-54.97757796902094, -10.243743182546146], [-54.97759400741914, -10.243744847883654], [-54.977609409452434, -10.243749580757813], [-54.977623584002764, -10.243757198517336], [-54.97763598536662, -10.243767408516073], [-54.97764613691284, -10.24377981910708], [-54.9776536492479, -10.243793953314396], [-54.97765823378979, -10.243809266995465], [-54.977659713569835, -10.24382517241022], [-54.97765803223231, -10.243841058163023], [-54.97765325387982, -10.243856313607397], [-54.9776455629244, -10.243870352346853], [-54.97763525481292, -10.243882635678986], [-54.97762272495605, -10.243892691508783], [-54.97760845492518, -10.243900132341139], [-54.977592994092284, -10.243904672340967], [-54.97757693583439, -10.243906138032203], [-54.977560897428496, -10.24390447269233], [-54.97754549538361, -10.243899740718476], [-54.97753132083014, -10.243892122954753], [-54.97751892038464, -10.243881912053627], [-54.97750876792911, -10.243869501453347], [-54.97750125559427, -10.243855368147527], [-54.977496671060116, -10.243840054465599], [-54.977495191288426, -10.24382414905166]]]}}, {"type": "Feature", "properties": {"layer": "vista", "dxf_type": "CIRCLE", "radius_m": 9.01}, "geometry": {"type": "Polygon", "coordinates": [[[-54.976831497824115, -10.244376618409929], [-54.97683317921005, -10.24436073267032], [-54.976837957617434, -10.244345476343529], [-54.97684564862025, -10.244331437632582], [-54.97685595677517, -10.244319154334425], [-54.97686848666412, -10.244309099446165], [-54.976882756726084, -10.2443016586533], [-54.9768982175886, -10.244297117789129], [-54.97691427586312, -10.24429565213586], [-54.9769303142787, -10.244297317510723], [-54.97694571632108, -10.24430205041944], [-54.976959889959325, -10.244309668203671], [-54.976972291315015, -10.244319878227444], [-54.9769824437573, -10.244332288842916], [-54.97698995607391, -10.24434642215809], [-54.976994539666556, -10.244361736741672], [-54.97699602032264, -10.244377642158769], [-54.976994338031844, -10.244393527895046], [-54.976989560548624, -10.244408783327199], [-54.97698186954895, -10.244422822042349], [-54.97697156048141, -10.244435105339035], [-54.97695903058347, -10.244445161134747], [-54.97694476142811, -10.244452601935686], [-54.97692930056358, -10.244457141896843], [-54.97691324228071, -10.24445860754931], [-54.97689720385744, -10.244456942172066], [-54.97688180180345, -10.244452210163669], [-54.9768676272495, -10.244444592369563], [-54.9768552258996, -10.244434381437703], [-54.97684507437313, -10.244421970824334], [-54.97683756206248, -10.244407837506756], [-54.976832977559276, -10.244392523820515], [-54.976831497824115, -10.244376618409929]]]}}, {"type": "Feature", "properties": {"layer": "vista", "dxf_type": "CIRCLE", "radius_m": 9.01}, "geometry": {"type": "Polygon", "coordinates": [[[-54.9762558720929, -10.245032881733868], [-54.97625755351678, -10.245016996003997], [-54.97626233196032, -10.245001740597301], [-54.97627002300731, -10.244987701908384], [-54.976280331207015, -10.244975418637273], [-54.97629286114537, -10.244965362876142], [-54.97630713124821, -10.244957922117047], [-54.976322592141514, -10.244953382192003], [-54.97633865044678, -10.24495191657407], [-54.976354688886154, -10.244953581983054], [-54.97637009095021, -10.24495831401943], [-54.97638426459592, -10.244965931831445], [-54.97639666594457, -10.24497614278204], [-54.97640681837685, -10.244988553414744], [-54.97641433067512, -10.245002686740792], [-54.97641891424753, -10.245018000424528], [-54.97642039487103, -10.245033905838733], [-54.976418712542284, -10.245049791565274], [-54.97641393501718, -10.245065046981223], [-54.97640624396759, -10.245079086578198], [-54.97639593485527, -10.245091369847838], [-54.976383404919396, -10.245101424708672], [-54.976369135723154, -10.245108865475846], [-54.97635367481638, -10.245113406305638], [-54.976337616502754, -10.245114871922757], [-54.97632157805568, -10.245113206511403], [-54.97630617599149, -10.245108473567585], [-54.976292001430075, -10.24510085574569], [-54.97627960007574, -10.24509064569476], [-54.97626944855929, -10.245078235064161], [-54.97626193627271, -10.245064100831856], [-54.976257351795475, -10.245048787141561], [-54.9762558720929, -10.245032881733868]]]}}, {"type": "Feature", "properties": {"layer": "vista", "dxf_type": "CIRCLE", "radius_m": 9.01}, "geometry": {"type": "Polygon", "coordinates": [[[-54.981894206334886, -10.243529440760897], [-54.98189588746087, -10.243513554945206], [-54.98190066561984, -10.243498298494421], [-54.9819083563953, -10.243484259616368], [-54.98191866526522, -10.243471976120077], [-54.98193119408145, -10.243461920993482], [-54.98194546402679, -10.243454479948017], [-54.9819609248207, -10.243449938821033], [-54.98197698307728, -10.243448472904813], [-54.98199302152627, -10.243450138026743], [-54.98200842365215, -10.243454870702223], [-54.982022598333295, -10.243462488287548], [-54.98203499986117, -10.243472698143274], [-54.98204515159832, -10.243485108628022], [-54.982052664149606, -10.243499241865939], [-54.98205724890776, -10.243514556428693], [-54.98205872891274, -10.243530461865385], [-54.98205704779444, -10.243546347683449], [-54.98205226964707, -10.243561603233893], [-54.98204457887475, -10.243575642116156], [-54.98203427091734, -10.243587925622322], [-54.98202174118531, -10.243597980746825], [-54.98200747122829, -10.243605422698577], [-54.98199201043236, -10.243609962922527], [-54.98197595216741, -10.243611428837932], [-54.98195991371073, -10.243609763713641], [-54.98194451157327, -10.24360503193851], [-54.98193033689469, -10.243597413445105], [-54.98191793627944, -10.243587203590835], [-54.98190778363297, -10.243574793096844], [-54.98190027108763, -10.243560659856513], [-54.981895686331505, -10.24354534619679], [-54.981894206334886, -10.243529440760897]]]}}, {"type": "Feature", "properties": {"layer": "vista", "dxf_type": "CIRCLE", "radius_m": 9.01}, "geometry": {"type": "Polygon", "coordinates": [[[-54.98255789190206, -10.242976959023151], [-54.98255957298737, -10.24296107319663], [-54.98256435018476, -10.242945817626179], [-54.982572040921696, -10.242931777819951], [-54.98258234974813, -10.242919494293913], [-54.98259487943585, -10.24290943913892], [-54.98260914843157, -10.242901998050716], [-54.98262460919384, -10.24289745688508], [-54.982640667425436, -10.242895990930128], [-54.98265670585703, -10.242897656014685], [-54.982672107973784, -10.242902388655631], [-54.982686282654434, -10.242910006210582], [-54.982698684190446, -10.242920216041256], [-54.982708835944074, -10.242932626507233], [-54.982716348513804, -10.24294676063728], [-54.98272093330861, -10.242962074291837], [-54.98272241335009, -10.242977979731862], [-54.98272073227249, -10.242993865560726], [-54.982715954168405, -10.243009121129077], [-54.98270826344033, -10.243023160035614], [-54.98269795552641, -10.243035443571523], [-54.982685425829715, -10.243045499633974], [-54.98267115591549, -10.243052940718911], [-54.982655695151195, -10.243057480981532], [-54.982639636911244, -10.243058946935689], [-54.98262359847195, -10.243057281848754], [-54.982608196343605, -10.243052550108136], [-54.98259402257238, -10.243044932554652], [-54.98258162104214, -10.24303472181589], [-54.9825714683792, -10.243022311340672], [-54.982563955809695, -10.243008178112117], [-54.98255937193519, -10.242992864462348], [-54.98255789190206, -10.242976959023151]]]}}, {"type": "Feature", "properties": {"layer": "vista", "dxf_type": "CIRCLE", "radius_m": 9.01}, "geometry": {"type": "Polygon", "coordinates": [[[-54.9832215743335, -10.242424475467017], [-54.98322325537813, -10.242408589629687], [-54.98322803253222, -10.242393334041349], [-54.98323572413749, -10.242379294216489], [-54.983246032007855, -10.242367010655066], [-54.98325856165452, -10.242356955465997], [-54.98327283061318, -10.242349514340733], [-54.98328829134381, -10.242344973136467], [-54.98330434955041, -10.24234350714275], [-54.98332038796461, -10.242345172189971], [-54.98333579098481, -10.242349904802031], [-54.9833499647524, -10.242357522320948], [-54.983362366296554, -10.242367732126587], [-54.983372518066645, -10.24238014257378], [-54.98338003066054, -10.242394276692064], [-54.98338461548627, -10.242409590342312], [-54.98338609556426, -10.242425495785652], [-54.983384414527336, -10.242441381625344], [-54.983379636466545, -10.24245663721157], [-54.98337194577699, -10.24247067704627], [-54.983361637912274, -10.242482959708042], [-54.98334910825665, -10.242493015804548], [-54.98333483929205, -10.242500456932213], [-54.98331937764111, -10.242504998131702], [-54.983303319426156, -10.242506464124606], [-54.98328728100425, -10.242504799075025], [-54.98327187889075, -10.242500066465055], [-54.98325770512002, -10.242492448941942], [-54.983245303581626, -10.242482238228236], [-54.98323515180907, -10.242469828681328], [-54.98322763830856, -10.242455694554996], [-54.98322305440313, -10.242440380909548], [-54.9832215743335, -10.242424475467017]]]}}, {"type": "Feature", "properties": {"layer": "vista", "dxf_type": "CIRCLE", "radius_m": 9.01}, "geometry": {"type": "Polygon", "coordinates": [[[-54.98123014912724, -10.24408217962333], [-54.981231830293936, -10.244066293818445], [-54.981236608490505, -10.244051038289461], [-54.981244299310234, -10.244036999435702], [-54.98125460731111, -10.244024715963526], [-54.981267137086704, -10.24401465997279], [-54.981281407069126, -10.244007218964418], [-54.98129686788897, -10.244002678780005], [-54.98131292617628, -10.244001211998683], [-54.98132896463695, -10.24400287806187], [-54.98134436677766, -10.244007609868005], [-54.98135854145931, -10.244015227483727], [-54.98137094206075, -10.244025438262751], [-54.98138109469398, -10.244037848771928], [-54.98138860722108, -10.24405198202163], [-54.981393191954005, -10.244067295684795], [-54.981394671922445, -10.244083201118181], [-54.98139299076344, -10.24409908692541], [-54.98138821257274, -10.244114342457959], [-54.98138052175044, -10.244128382219781], [-54.98137021283695, -10.244140665690514], [-54.98135768397639, -10.2441507207866], [-54.98134341398801, -10.244158161797376], [-54.981327953154704, -10.244162702886543], [-54.98131189486476, -10.244164168763175], [-54.98129585639067, -10.244162503601505], [-54.98128045424981, -10.244157770887925], [-54.98126627956502, -10.244150153268002], [-54.98125387804535, -10.244139943382997], [-54.98124372632794, -10.244127532875895], [-54.9812362138125, -10.24411339871993], [-54.98123162908732, -10.244098085055885], [-54.98123014912724, -10.24408217962333]]]}}, {"type": "Feature", "properties": {"layer": "vista", "dxf_type": "CIRCLE", "radius_m": 9.01}, "geometry": {"type": "Polygon", "coordinates": [[[-54.98056646002482, -10.244634657739663], [-54.98056814123222, -10.244618771945612], [-54.98057291947209, -10.244603516434516], [-54.98058061034179, -10.244589476701188], [-54.98059091838043, -10.24457719416263], [-54.980603448197094, -10.24456713820598], [-54.980617718216585, -10.244559697234687], [-54.980633179073784, -10.24455515618504], [-54.98064923738037, -10.24455369034635], [-54.98066527586414, -10.244555355543028], [-54.98068067800825, -10.244560088287592], [-54.98069485177782, -10.244567705928027], [-54.98070725328368, -10.244577916737757], [-54.98071740590616, -10.244590326361841], [-54.98072491840337, -10.244604460527167], [-54.98072950219279, -10.24461977418899], [-54.98073098212471, -10.244635679619035], [-54.98072930092502, -10.244651565415463], [-54.980724523603584, -10.244666820935782], [-54.98071683273703, -10.244680860673311], [-54.980706523780036, -10.244693144114285], [-54.98069399396584, -10.244703199170633], [-54.98067972485297, -10.244710640149998], [-54.980664263988025, -10.244715181200506], [-54.98064820567309, -10.244716647038377], [-54.98063216718161, -10.24471498183934], [-54.980616765031634, -10.244710249091225], [-54.980602590346344, -10.244702631440921], [-54.980590188834825, -10.24469242153086], [-54.98058003713389, -10.244680011004991], [-54.980572524642625, -10.244665876837264], [-54.980567939948386, -10.244650563168914], [-54.98056646002482, -10.244634657739663]]]}}, {"type": "Feature", "properties": {"layer": "vista", "dxf_type": "CIRCLE", "radius_m": 9.01}, "geometry": {"type": "Polygon", "coordinates": [[[-54.97990276869892, -10.245187134042636], [-54.97990444994701, -10.24517124825941], [-54.97990922823018, -10.245155992766216], [-54.97991691914414, -10.245141953057189], [-54.979927227232, -10.24512966964451], [-54.979939757084004, -10.245119614625814], [-54.979954026228, -10.24511217368593], [-54.9799694880294, -10.24510763268062], [-54.979985546360986, -10.245106166880692], [-54.980001584862144, -10.245107832114737], [-54.98001698701537, -10.245112564893837], [-54.98003116078543, -10.245120182564653], [-54.980043562288856, -10.245130392495565], [-54.98005371397657, -10.245142803036629], [-54.980061227362164, -10.245156937219388], [-54.98006581112064, -10.245172250885508], [-54.98006729101604, -10.245188156312233], [-54.98006560977566, -10.245204042097837], [-54.98006083241091, -10.245219297600235], [-54.98005314059326, -10.245233336403937], [-54.98004283250534, -10.245245619820803], [-54.98003030264436, -10.245255675746975], [-54.980016033494415, -10.245263116689255], [-54.98000057260356, -10.245267656797207], [-54.9799845142579, -10.245269123500197], [-54.97996847575477, -10.245267457359912], [-54.979953072677375, -10.245262725475483], [-54.97993889890417, -10.245255107800466], [-54.979926497406524, -10.24524489696145], [-54.97991634572207, -10.245232486416826], [-54.97990883324926, -10.2452183531412], [-54.97990424858596, -10.245203039468562], [-54.97990276869892, -10.245187134042636]]]}}, {"type": "Feature", "properties": {"layer": "vista", "dxf_type": "CIRCLE", "radius_m": 9.01}, "geometry": {"type": "Polygon", "coordinates": [[[-54.97916958211435, -10.24579750337025], [-54.9791712634074, -10.245781617598965], [-54.97917604173842, -10.245766362125572], [-54.97918373269554, -10.245752323347263], [-54.97919404174402, -10.245740039973139], [-54.97920657073457, -10.24572998408254], [-54.97922084083208, -10.245722543189304], [-54.97923630175014, -10.24571800312491], [-54.97925236010933, -10.245716537367812], [-54.9792683986297, -10.24571820264314], [-54.97928380079872, -10.245722934556522], [-54.97929797548189, -10.245730552266572], [-54.97931037697059, -10.245740763129048], [-54.97932052864009, -10.245753173690847], [-54.97932804109214, -10.24576730697705], [-54.979332625728986, -10.245782620653582], [-54.979334105584044, -10.245798526076648], [-54.9793324242987, -10.245814411850292], [-54.97932764597354, -10.245829667327238], [-54.97931995501384, -10.245843707013623], [-54.97930964687787, -10.245855990397635], [-54.979297116977236, -10.245866045382275], [-54.97928284687377, -10.245873486277898], [-54.97926738594224, -10.245878027247024], [-54.97925132757469, -10.245879493003313], [-54.97923528904661, -10.24587782772562], [-54.97921988687745, -10.245873094904807], [-54.97920571219114, -10.24586547719057], [-54.97919331160934, -10.24585526723342], [-54.979183159030526, -10.245842856662371], [-54.97917564659016, -10.24582872246989], [-54.97917106196105, -10.245813408792499], [-54.97916958211435, -10.24579750337025]]]}}, {"type": "Feature", "properties": {"layer": "vista", "dxf_type": "CIRCLE", "radius_m": 9.01}, "geometry": {"type": "Polygon", "coordinates": [[[-54.97850588610821, -10.246349975855846], [-54.97850756744196, -10.246334090095393], [-54.97851234581629, -10.246318834639911], [-54.97852003681766, -10.246304795885907], [-54.97853034499708, -10.246292512535875], [-54.978542874941276, -10.246282456685018], [-54.978557145075854, -10.246275015828889], [-54.97857260602555, -10.246270475803172], [-54.978588664409735, -10.246269010084838], [-54.97860470294749, -10.246270675397541], [-54.97862010512562, -10.246275407345468], [-54.97863427889671, -10.246283025080219], [-54.97864668037725, -10.246293235967768], [-54.97865683294283, -10.246305646554013], [-54.978664345370696, -10.246319779851982], [-54.978668929064035, -10.246335093527136], [-54.97867040979512, -10.24635099895255], [-54.9786687275565, -10.246366884709692], [-54.97866395010061, -10.246382140174404], [-54.97865625909665, -10.246396179836482], [-54.978645950004605, -10.246408463185048], [-54.97863342006289, -10.246418518135593], [-54.97861915083493, -10.246425958999811], [-54.978603689871754, -10.246430499930263], [-54.978587631479215, -10.246431965647785], [-54.978571592933754, -10.246430300332715], [-54.978556190755484, -10.24642556747736], [-54.97854201606869, -10.24641794973272], [-54.97852961458248, -10.246407739744852], [-54.97851946293272, -10.246395329160702], [-54.978511950516534, -10.246381194956458], [-54.978507365918375, -10.24636588127477], [-54.97850588610821, -10.246349975855846]]]}}, {"type": "Feature", "properties": {"layer": "vista", "dxf_type": "CIRCLE", "radius_m": 9.01}, "geometry": {"type": "Polygon", "coordinates": [[[-54.97775411692912, -10.246798650087062], [-54.977755798306326, -10.246782764338535], [-54.97776057581284, -10.246767508897003], [-54.97776826777112, -10.246753470175237], [-54.97777857599275, -10.246741186857705], [-54.97779110597541, -10.246731131044038], [-54.97780537523068, -10.246723690222643], [-54.9778208371197, -10.24671915024474], [-54.977836894610526, -10.246717684562922], [-54.97785293315924, -10.246719349916274], [-54.977868336252214, -10.246724081907404], [-54.977882510016805, -10.24673169967516], [-54.97789491148231, -10.246741910589865], [-54.97790506311234, -10.246754321190743], [-54.97791257551017, -10.246768454501392], [-54.97791716008012, -10.246783768186765], [-54.97791863985817, -10.246799673602736], [-54.97791695848866, -10.246815559353612], [-54.97791218007544, -10.246830814793036], [-54.977904489027146, -10.246844854428542], [-54.97789418080546, -10.246857137750284], [-54.977881650825275, -10.24686719266365], [-54.97786738156405, -10.246874633487447], [-54.97785191966156, -10.246879174370106], [-54.9778358612498, -10.246880640045429], [-54.977819823605955, -10.246878974695386], [-54.97780442051284, -10.246874241796812], [-54.977790246745116, -10.246866624024857], [-54.977777845273934, -10.246856414009816], [-54.97776769364715, -10.246844003405357], [-54.97776018034844, -10.246829869182768], [-54.977755596698806, -10.246814555502205], [-54.97775411692912, -10.246798650087062]]]}}, {"type": "Feature", "properties": {"layer": "vista", "dxf_type": "CIRCLE", "radius_m": 9.01}, "geometry": {"type": "Polygon", "coordinates": [[[-54.983738426038606, -10.24071552968652], [-54.98374010703242, -10.240699643838335], [-54.98374488504, -10.240684387333046], [-54.98375257565073, -10.240670348380595], [-54.98376288343631, -10.240658064787196], [-54.98377541299289, -10.24064800956129], [-54.98378968277221, -10.240640568401352], [-54.98380514341265, -10.240636027154794], [-54.983821201534234, -10.240634561118506], [-54.98383723987187, -10.240636226124476], [-54.98385264191432, -10.240640958692566], [-54.9838668156306, -10.240648576177534], [-54.98387921713932, -10.240658785954901], [-54.98388936980376, -10.240671196386293], [-54.98389688240308, -10.240685329586805], [-54.98390146632819, -10.240700644129555], [-54.983902946441084, -10.240716549575499], [-54.98390126546069, -10.240732434522181], [-54.98389648837153, -10.240747691036656], [-54.98388879776394, -10.240761729993322], [-54.983878489065745, -10.240774013585252], [-54.98386595950592, -10.240784068814753], [-54.983851690633216, -10.240791509982756], [-54.98383622998503, -10.240796051230154], [-54.9838201718551, -10.240797517265632], [-54.98380413350977, -10.240795852257301], [-54.98378873146145, -10.240791119685682], [-54.98377455682946, -10.240783502190856], [-54.9837621553208, -10.240773292409267], [-54.983752003572164, -10.240760881979973], [-54.983744490978786, -10.240746748777038], [-54.98373990614886, -10.240731434227792], [-54.983738426038606, -10.24071552968652]]]}}, {"type": "Feature", "properties": {"layer": "vista", "dxf_type": "CIRCLE", "radius_m": 9.01}, "geometry": {"type": "Polygon", "coordinates": [[[-54.98691818128361, -10.244462884019924], [-54.98691986217822, -10.244446998132235], [-54.986924640128045, -10.244431742469056], [-54.98693233074157, -10.244417702531022], [-54.98694263948605, -10.244405418844789], [-54.986955168223886, -10.244395363501743], [-54.98696943814089, -10.244387922221597], [-54.98698489895758, -10.244383380850744], [-54.98700095728722, -10.24438191469084], [-54.98701699585671, -10.244383579578628], [-54.98703239814592, -10.244388312038508], [-54.98704657302695, -10.24439592943505], [-54.987058974783565, -10.244406139136085], [-54.98706912676953, -10.24441854950617], [-54.98707663957445, -10.244432683577733], [-54.98708122459821, -10.244447997213486], [-54.98708270485362, -10.244463902675113], [-54.98708102396671, -10.244479788565156], [-54.98707624602276, -10.244495044231885], [-54.98706855541238, -10.244509084174133], [-54.98705824758611, -10.244521366966325], [-54.98704571792677, -10.244531423211196], [-54.987031448003826, -10.244538864493734], [-54.98701598717939, -10.244543405865448], [-54.9869999288414, -10.244544872024546], [-54.9869838902642, -10.2445432071344], [-54.98696848796912, -10.244538474670973], [-54.986954313084944, -10.244530857270247], [-54.98694191224665, -10.244520646666759], [-54.98693175934565, -10.244508237191342], [-54.98692424654669, -10.244494103117358], [-54.98691966153068, -10.24447878948074], [-54.98691818128361, -10.244462884019924]]]}}, {"type": "Feature", "properties": {"layer": "vista", "dxf_type": "CIRCLE", "radius_m": 9.01}, "geometry": {"type": "Polygon", "coordinates": [[[-54.98386011730414, -10.24584629983089], [-54.98386179836882, -10.24583041399075], [-54.98386657557733, -10.24581515839998], [-54.98387426635674, -10.245801118567503], [-54.98388457524964, -10.2457888359142], [-54.983897105042196, -10.245778779820437], [-54.98391137416014, -10.245771338695004], [-54.983926835063066, -10.24576679749117], [-54.98394289344834, -10.245765331498534], [-54.98395893204073, -10.245766996547404], [-54.98397433431921, -10.245771729155997], [-54.98398850915631, -10.245779346683154], [-54.984000910831774, -10.245789557395605], [-54.98401106271939, -10.245801966942071], [-54.98401857539561, -10.245816101063609], [-54.984023160271015, -10.245831414717086], [-54.9840246403641, -10.245847320163502], [-54.984022959307126, -10.245863206006], [-54.984018181191914, -10.24587846159466], [-54.98401049041565, -10.245892501431317], [-54.984000182429554, -10.245904784998384], [-54.98398765263947, -10.24591484019183], [-54.983973382603, -10.245922281314023], [-54.98395792169233, -10.24592682251872], [-54.9839418632987, -10.24592828851055], [-54.983925824698616, -10.245926623459313], [-54.983910422414255, -10.245921890847177], [-54.98389624848658, -10.245914273321459], [-54.983883846805455, -10.245904063508696], [-54.98387369401423, -10.245891653049094], [-54.983866181343956, -10.24587751892517], [-54.98386159738887, -10.245862205276493], [-54.98386011730414, -10.24584629983089]]]}}, {"type": "Feature", "properties": {"layer": "vista", "dxf_type": "CIRCLE", "radius_m": 9.01}, "geometry": {"type": "Polygon", "coordinates": [[[-54.984523804938696, -10.245293814415243], [-54.984525485962685, -10.245277928564297], [-54.98453026404047, -10.245262672961294], [-54.98453795476992, -10.245248634008432], [-54.98454826271246, -10.245236350415833], [-54.984560792463924, -10.245226294288008], [-54.984575061544795, -10.245218853125506], [-54.984590523322936, -10.245214312792559], [-54.984606580770624, -10.245212846755509], [-54.984622619345615, -10.24521451176702], [-54.98463802253325, -10.245219243442856], [-54.98465219645726, -10.245226860933979], [-54.98466459814086, -10.245237071621368], [-54.98467475003923, -10.245249482052959], [-54.98468226274533, -10.245263615258827], [-54.98468684765166, -10.24527892890799], [-54.98468832778126, -10.245294834357718], [-54.98468664676497, -10.245310720211025], [-54.98468186869306, -10.245325975817574], [-54.98467417796105, -10.245340015678517], [-54.98466387001845, -10.245352299275323], [-54.984651340269444, -10.245362354502845], [-54.984637071182625, -10.245369795667747], [-54.984621609391034, -10.24537433690544], [-54.98460555102241, -10.245375802936023], [-54.9845895133523, -10.245374137927808], [-54.98457411016451, -10.245369405344546], [-54.98455993623734, -10.245361787849225], [-54.984547534548085, -10.245351578061506], [-54.98453738265297, -10.24533916762634], [-54.98452986995853, -10.245325033514186], [-54.98452528505994, -10.24530971986416], [-54.984523804938696, -10.245293814415243]]]}}, {"type": "Feature", "properties": {"layer": "vista", "dxf_type": "CIRCLE", "radius_m": 9.01}, "geometry": {"type": "Polygon", "coordinates": [[[-54.98518749034943, -10.24474132718701], [-54.985189171332735, -10.24472544132526], [-54.98519394936722, -10.24471018570437], [-54.98520164005242, -10.244696146727227], [-54.98521194795146, -10.244683863104889], [-54.98522447765615, -10.244673807846908], [-54.985238747618226, -10.244666365749103], [-54.98525420845214, -10.244661825371846], [-54.9852702667874, -10.244660359301706], [-54.98528630534498, -10.244662024275863], [-54.98530170761091, -10.244666755911508], [-54.985315881528706, -10.24467437427615], [-54.985328283226146, -10.244684584034585], [-54.985338436053546, -10.244696994453054], [-54.985345948783795, -10.244711127647156], [-54.98535053280848, -10.244726441286348], [-54.98535201297459, -10.244742346739384], [-54.98535033199899, -10.244758232603496], [-54.985345554877235, -10.244773489137467], [-54.98533786419518, -10.244787528118826], [-54.98532755538351, -10.244799811739702], [-54.98531502567558, -10.24480986700128], [-54.98530075662583, -10.244817308203247], [-54.98528529577847, -10.244821849485243], [-54.985269237434856, -10.244823315554575], [-54.98525319886958, -10.24482165057806], [-54.985237796603485, -10.244816918034985], [-54.985223621764256, -10.24480930056439], [-54.98521122006687, -10.244799090801727], [-54.985201068155284, -10.244786680385351], [-54.98519355543098, -10.24477254718883], [-54.98518897050718, -10.244757232639243], [-54.98518749034943, -10.24474132718701]]]}}, {"type": "Feature", "properties": {"layer": "vista", "dxf_type": "CIRCLE", "radius_m": 9.01}, "geometry": {"type": "Polygon", "coordinates": [[[-54.98312656446016, -10.246456939064055], [-54.9831282455698, -10.246441053235865], [-54.98313302373876, -10.24642579767053], [-54.983140714561365, -10.246411758768794], [-54.983151022595486, -10.246399475238816], [-54.983163552433446, -10.246389419182702], [-54.98317782250494, -10.246381978103907], [-54.98319328343713, -10.24637743784668], [-54.98320934185004, -10.246375971896873], [-54.983225380461676, -10.246377636987043], [-54.983240782755956, -10.246382368729927], [-54.983254957593616, -10.246389986290668], [-54.98326735834751, -10.246400197025157], [-54.98327751112379, -10.246412607501933], [-54.98328502377902, -10.246426740732582], [-54.98328960862023, -10.246442054390824], [-54.983291088672964, -10.246457959833577], [-54.98328940757101, -10.246473845664127], [-54.983284629407926, -10.246489101233008], [-54.983276938582755, -10.246503141042828], [-54.983266629636006, -10.246515424571355], [-54.98325410071309, -10.246525479732826], [-54.98323983063565, -10.246532920814026], [-54.983224369689985, -10.246537461975993], [-54.98320831126872, -10.246538927924991], [-54.9831922726494, -10.24653726283246], [-54.98317687035495, -10.246532530182145], [-54.983162695514146, -10.246524912617206], [-54.98315029384201, -10.246514702776727], [-54.98314014198156, -10.246502292302033], [-54.983132629337995, -10.2464881581651], [-54.983128044504525, -10.246472844506], [-54.98312656446016, -10.246456939064055]]]}}, {"type": "Feature", "properties": {"layer": "vista", "dxf_type": "CIRCLE", "radius_m": 9.01}, "geometry": {"type": "Polygon", "coordinates": [[[-54.97623930088896, -10.246870675644539], [-54.97624098234124, -10.24685478991845], [-54.97624576083025, -10.246839534519038], [-54.9762534519438, -10.246825494936761], [-54.97626376021732, -10.246813211678997], [-54.976276290233926, -10.24680315683737], [-54.9762905604277, -10.246795716095644], [-54.97630602142109, -10.246791175285097], [-54.976322079820534, -10.246789709685892], [-54.97633811835029, -10.24679137511322], [-54.97635352049171, -10.246796108070741], [-54.976367695122626, -10.246803725903915], [-54.97638009562382, -10.246813935958121], [-54.97639024809992, -10.246826346601111], [-54.97639776041906, -10.246840480838078], [-54.976402344912394, -10.246855794531026], [-54.97640382461311, -10.24687169993942], [-54.976402143168535, -10.246887585667874], [-54.97639736468538, -10.246902841070838], [-54.97638967358072, -10.246916879753432], [-54.97637936439457, -10.246929163009735], [-54.97636683528154, -10.246939218764481], [-54.97635256508182, -10.246946659508627], [-54.97633710408642, -10.246951199416149], [-54.9763210456786, -10.246952665014541], [-54.97630500714115, -10.246950999584847], [-54.97628960498812, -10.24694626752765], [-54.97627543035407, -10.246938649690254], [-54.97626302894611, -10.246928438722296], [-54.97625287738582, -10.246916028081401], [-54.97624536506691, -10.246901894745923], [-54.976240780581314, -10.246886581052118], [-54.97623930088896, -10.246870675644539]]]}}, {"type": "Feature", "properties": {"layer": "vista", "dxf_type": "LINE"}, "geometry": {"type": "LineString", "coordinates": [[-54.983958283571866, -10.243266508463481], [-54.98381856029878, -10.24338282037358]]}}, {"type": "Feature", "properties": {"layer": "vista", "dxf_type": "LINE"}, "geometry": {"type": "LineString", "coordinates": [[-54.984545435543986, -10.24395847262855], [-54.98440571299044, -10.244074785679073]]}}, {"type": "Feature", "properties": {"layer": "vista", "dxf_type": "LINE"}, "geometry": {"type": "LineString", "coordinates": [[-54.9831199460769, -10.243964383261057], [-54.982980222206834, -10.244080695593015]]}}, {"type": "Feature", "properties": {"layer": "vista", "dxf_type": "LINE"}, "geometry": {"type": "LineString", "coordinates": [[-54.983707096919304, -10.244656349715363], [-54.98356737377445, -10.244772662283879]]}}, {"type": "Feature", "properties": {"layer": "vista", "dxf_type": "LINE"}, "geometry": {"type": "LineString", "coordinates": [[-54.98228160412171, -10.244662255160657], [-54.98214188057292, -10.244778567016184]]}}, {"type": "Feature", "properties": {"layer": "vista", "dxf_type": "LINE"}, "geometry": {"type": "LineString", "coordinates": [[-54.98286875475238, -10.24535422300606], [-54.98272903101618, -10.245470535092473]]}}, {"type": "Feature", "properties": {"layer": "vista", "dxf_type": "LINE"}, "geometry": {"type": "LineString", "coordinates": [[-54.98160044555111, -10.239856940635466], [-54.981591449328455, -10.239864429788323]]}}, {"type": "Feature", "properties": {"layer": "vista", "dxf_type": "LINE"}, "geometry": {"type": "LineString", "coordinates": [[-54.98132228801019, -10.240089674573177], [-54.98132798935212, -10.240096392601416]]}}, {"type": "Feature", "properties": {"layer": "vista", "dxf_type": "LINE"}, "geometry": {"type": "LineString", "coordinates": [[-54.98132228801019, -10.240089674573177], [-54.98132798935212, -10.240096392601416]]}}, {"type": "Feature", "properties": {"layer": "vista", "dxf_type": "LINE"}, "geometry": {"type": "LineString", "coordinates": [[-54.98160173160571, -10.239857050758468], [-54.98160743203301, -10.239863769680422]]}}, {"type": "Feature", "properties": {"layer": "vista", "dxf_type": "LINE"}, "geometry": {"type": "LineString", "coordinates": [[-54.97566358734944, -10.244798960707472], [-54.975672584759515, -10.244791470875983]]}}, {"type": "Feature", "properties": {"layer": "vista", "dxf_type": "LINE"}, "geometry": {"type": "LineString", "coordinates": [[-54.975663476140724, -10.244800234530535], [-54.975669176496346, -10.244806952643847]]}}, {"type": "Feature", "properties": {"layer": "vista", "dxf_type": "LINE"}, "geometry": {"type": "LineString", "coordinates": [[-54.98251944431164, -10.24564500351772], [-54.98193229414951, -10.244953035095065]]}}, {"type": "Feature", "properties": {"layer": "vista", "dxf_type": "LINE"}, "geometry": {"type": "LineString", "coordinates": [[-54.98335589566482, -10.245716186557324], [-54.98336489205317, -10.245708696477864]]}}, {"type": "Feature", "properties": {"layer": "vista", "dxf_type": "LINE"}, "geometry": {"type": "LineString", "coordinates": [[-54.98335578357845, -10.245717459479213], [-54.98336148504204, -10.245724178400891]]}}, {"type": "Feature", "properties": {"layer": "vista", "dxf_type": "LINE"}, "geometry": {"type": "LineString", "coordinates": [[-54.9840195836583, -10.245163702282868], [-54.98402858092907, -10.24515621218451]]}}, {"type": "Feature", "properties": {"layer": "vista", "dxf_type": "LINE"}, "geometry": {"type": "LineString", "coordinates": [[-54.98401947248774, -10.245164975211232], [-54.9840251730474, -10.245171694116598]]}}, {"type": "Feature", "properties": {"layer": "vista", "dxf_type": "LINE"}, "geometry": {"type": "LineString", "coordinates": [[-54.980936767172594, -10.2404094205428], [-54.98092777000154, -10.240416910569317]]}}, {"type": "Feature", "properties": {"layer": "vista", "dxf_type": "LINE"}, "geometry": {"type": "LineString", "coordinates": [[-54.98093805322292, -10.240409531572702], [-54.9809437536473, -10.240416249601425]]}}, {"type": "Feature", "properties": {"layer": "vista", "dxf_type": "LINE"}, "geometry": {"type": "LineString", "coordinates": [[-54.98027308656586, -10.240961899541317], [-54.980264089364674, -10.240969389543242]]}}, {"type": "Feature", "properties": {"layer": "vista", "dxf_type": "LINE"}, "geometry": {"type": "LineString", "coordinates": [[-54.980274372623356, -10.240962009670332], [-54.98028007303336, -10.240968728613586]]}}, {"type": "Feature", "properties": {"layer": "vista", "dxf_type": "LINE"}, "geometry": {"type": "LineString", "coordinates": [[-54.97953954149099, -10.241572531681706], [-54.979530545169055, -10.24158002166215]]}}, {"type": "Feature", "properties": {"layer": "vista", "dxf_type": "LINE"}, "geometry": {"type": "LineString", "coordinates": [[-54.97954082754436, -10.241572642717935], [-54.9795465288631, -10.241579360774729]]}}, {"type": "Feature", "properties": {"layer": "vista", "dxf_type": "LINE"}, "geometry": {"type": "LineString", "coordinates": [[-54.97887585620495, -10.242125006863244], [-54.978866859852886, -10.242132496819108]]}}, {"type": "Feature", "properties": {"layer": "vista", "dxf_type": "LINE"}, "geometry": {"type": "LineString", "coordinates": [[-54.978877142259776, -10.242125117902479], [-54.9788828426573, -10.24213183596425]]}}, {"type": "Feature", "properties": {"layer": "vista", "dxf_type": "LINE"}, "geometry": {"type": "LineString", "coordinates": [[-54.97821216869609, -10.242677480231366], [-54.978203171401326, -10.242684970156963]]}}, {"type": "Feature", "properties": {"layer": "vista", "dxf_type": "LINE"}, "geometry": {"type": "LineString", "coordinates": [[-54.978213454758084, -10.242677590369722], [-54.97821915514123, -10.242684309346028]]}}, {"type": "Feature", "properties": {"layer": "vista", "dxf_type": "LINE"}, "geometry": {"type": "LineString", "coordinates": [[-54.9775484789643, -10.243229951785862], [-54.97753948164513, -10.24323744078299]]}}, {"type": "Feature", "properties": {"layer": "vista", "dxf_type": "LINE"}, "geometry": {"type": "LineString", "coordinates": [[-54.977549765027746, -10.24323006192722], [-54.97755546540224, -10.243236780914172]]}}, {"type": "Feature", "properties": {"layer": "vista", "dxf_type": "LINE"}, "geometry": {"type": "LineString", "coordinates": [[-54.97688478700948, -10.243782421526497], [-54.976875789660184, -10.243789910499038]]}}, {"type": "Feature", "properties": {"layer": "vista", "dxf_type": "LINE"}, "geometry": {"type": "LineString", "coordinates": [[-54.976886072161825, -10.243782531665184], [-54.97689177344022, -10.24378925066844]]}}, {"type": "Feature", "properties": {"layer": "vista", "dxf_type": "LINE"}, "geometry": {"type": "LineString", "coordinates": [[-54.97847005785697, -10.245650752504613], [-54.97846106047504, -10.245658241517285]]}}, {"type": "Feature", "properties": {"layer": "vista", "dxf_type": "LINE"}, "geometry": {"type": "LineString", "coordinates": [[-54.978471343931055, -10.245650862644236], [-54.97847704436147, -10.24565758162607]]}}, {"type": "Feature", "properties": {"layer": "vista", "dxf_type": "LINE"}, "geometry": {"type": "LineString", "coordinates": [[-54.979866936991634, -10.244487909333602], [-54.979857939667426, -10.244495399301899]]}}, {"type": "Feature", "properties": {"layer": "vista", "dxf_type": "LINE"}, "geometry": {"type": "LineString", "coordinates": [[-54.979868222144376, -10.244488020365099], [-54.97987392351129, -10.244494738426317]]}}, {"type": "Feature", "properties": {"layer": "vista", "dxf_type": "LINE"}, "geometry": {"type": "LineString", "coordinates": [[-54.98053062667303, -10.24393543281509], [-54.980521629378956, -10.243942922807973]]}}, {"type": "Feature", "properties": {"layer": "vista", "dxf_type": "LINE"}, "geometry": {"type": "LineString", "coordinates": [[-54.980531912736886, -10.243935543849256], [-54.980537613199886, -10.243942261894171]]}}, {"type": "Feature", "properties": {"layer": "vista", "dxf_type": "LINE"}, "geometry": {"type": "LineString", "coordinates": [[-54.981194314125375, -10.24338295538717], [-54.98118531686717, -10.243390444500758]]}}, {"type": "Feature", "properties": {"layer": "vista", "dxf_type": "LINE"}, "geometry": {"type": "LineString", "coordinates": [[-54.98119560019351, -10.243383065514468], [-54.98120130065943, -10.2433897844526]]}}, {"type": "Feature", "properties": {"layer": "vista", "dxf_type": "LINE"}, "geometry": {"type": "LineString", "coordinates": [[-54.98252205270427, -10.242277733446697], [-54.98251305641319, -10.24228522351899]]}}, {"type": "Feature", "properties": {"layer": "vista", "dxf_type": "LINE"}, "geometry": {"type": "LineString", "coordinates": [[-54.9825233387695, -10.242277843567965], [-54.98252903925272, -10.24228456248482]]}}, {"type": "Feature", "properties": {"layer": "vista", "dxf_type": "CIRCLE", "radius_m": 9.01}, "geometry": {"type": "Polygon", "coordinates": [[[-54.9861348535168, -10.247254209281085], [-54.986136534491436, -10.247238323410247], [-54.986141312550046, -10.24722306687229], [-54.986149003280026, -10.24720902787835], [-54.986159312161085, -10.24719674424191], [-54.986171841957194, -10.247186688961976], [-54.98618611111088, -10.247179247739087], [-54.986201572074656, -10.247174706434187], [-54.986217630543536, -10.247173240340734], [-54.98623366923908, -10.247174905292926], [-54.98624907163631, -10.247179637812682], [-54.98626324660317, -10.247187255262281], [-54.98627564842014, -10.2471974650075], [-54.986285800438665, -10.247209875411206], [-54.98629331325278, -10.247224008600657], [-54.98629789824515, -10.24723932314937], [-54.986299378446674, -10.24725522860703], [-54.98629769747975, -10.247271114480224], [-54.98629291943272, -10.24728637011785], [-54.98628522870589, -10.24730040911599], [-54.98627492073736, -10.247312692762291], [-54.986262390937995, -10.247322748045821], [-54.98624812086008, -10.247330190169324], [-54.98623265989427, -10.24733473057121], [-54.98621660141704, -10.247336196663856], [-54.98620056271378, -10.247334531709301], [-54.98618516030498, -10.247329800089881], [-54.98617098625325, -10.247322181737873], [-54.986158584436325, -10.24731197198843], [-54.98614843150848, -10.247299561575488], [-54.986140918700315, -10.247285428383634], [-54.98613633370998, -10.247270114737939], [-54.9861348535168, -10.247254209281085]]]}}, {"type": "Feature", "properties": {"layer": "vista", "dxf_type": "CIRCLE", "radius_m": 9.01}, "geometry": {"type": "Polygon", "coordinates": [[[-54.98692655344576, -10.246857870896983], [-54.98692823437579, -10.246841985013768], [-54.98693301238341, -10.246826729359334], [-54.9869407030749, -10.246812689433979], [-54.98695101100195, -10.246800405758222], [-54.98696354076099, -10.246790350439781], [-54.98697780988339, -10.246782909175039], [-54.98699327173545, -10.246778367832182], [-54.98700933018795, -10.246776901695053], [-54.987025368875685, -10.24677856660517], [-54.987040771273946, -10.246783299086083], [-54.98705494533808, -10.246790916495897], [-54.98706734717334, -10.246801126213011], [-54.98707750013045, -10.246813536601374], [-54.987085012971605, -10.246827670681625], [-54.98708959709531, -10.246842984316142], [-54.987091077339066, -10.246858889777736], [-54.98708939641674, -10.24687477566331], [-54.987084619327575, -10.246890031326938], [-54.98707692864494, -10.246904070352613], [-54.98706661980527, -10.24691635402693], [-54.98705409003727, -10.246926410252843], [-54.98703982090892, -10.246933851519978], [-54.9870243599674, -10.246938391965468], [-54.98700830150083, -10.246939859005671], [-54.98699226281111, -10.246938193189314], [-54.986976859488685, -10.246933461603085], [-54.986962685421396, -10.246925844189091], [-54.9869502835919, -10.246915633563866], [-54.98694013155062, -10.246903223177576], [-54.9869326187097, -10.246889089998803], [-54.98692803368116, -10.24687377635777], [-54.98692655344576, -10.246857870896983]]]}}, {"type": "Feature", "properties": {"layer": "vista", "dxf_type": "LINE"}, "geometry": {"type": "LineString", "coordinates": [[-54.98706395095265, -10.244530398971], [-54.985586287835254, -10.242796819111575]]}}, {"type": "Feature", "properties": {"layer": "vista", "dxf_type": "LINE"}, "geometry": {"type": "LineString", "coordinates": [[-54.98644951407646, -10.245219007528442], [-54.98733211629928, -10.24625914147169]]}}, {"type": "Feature", "properties": {"layer": "vista", "dxf_type": "LINE"}, "geometry": {"type": "LineString", "coordinates": [[-54.98784673889894, -10.244055865156078], [-54.98904455477231, -10.245467462095927]]}}, {"type": "Feature", "properties": {"layer": "vista", "dxf_type": "LINE"}, "geometry": {"type": "LineString", "coordinates": [[-54.98153256494876, -10.246448804908834], [-54.98096303125312, -10.245777593288228]]}}, {"type": "Feature", "properties": {"layer": "vista", "dxf_type": "LINE"}, "geometry": {"type": "LineString", "coordinates": [[-54.981652846460605, -10.245185658323955], [-54.980964702709336, -10.245758490398456]]}}, {"type": "Feature", "properties": {"layer": "vista", "dxf_type": "LINE"}, "geometry": {"type": "LineString", "coordinates": [[-54.982239995341004, -10.245877626298894], [-54.981551851573315, -10.246450460420226]]}}]}